time error_arcsec
0.000000000000000000e+00 0.000000000000000000e+00
1.000000000000000048e-04 6.543216058186016038e-03
2.000000000000000096e-04 4.647054886804202062e-02
3.000000000000000279e-04 1.379741759647354071e-01
4.000000000000000192e-04 2.895958052510398950e-01
5.000000000000000104e-04 5.050670455271647485e-01
6.000000000000000559e-04 7.857475162772727950e-01
6.999999999999999929e-04 1.131850445888849199e+00
8.000000000000000383e-04 1.543056518759079232e+00
9.000000000000000838e-04 2.018819297536672774e+00
1.000000000000000021e-03 2.558515347211229418e+00
1.100000000000000066e-03 3.161516342970632110e+00
1.200000000000000112e-03 3.827222147192606005e+00
1.300000000000000157e-03 4.534811514637450358e+00
1.399999999999999986e-03 4.936379151957166478e+00
1.500000000000000031e-03 4.822467571668322073e+00
1.600000000000000077e-03 4.513568915850258101e+00
1.700000000000000122e-03 4.221374752025658594e+00
1.800000000000000168e-03 3.763188684981827237e+00
1.899999999999999996e-03 3.240560376636660855e+00
2.000000000000000042e-03 2.914218976048760013e+00
2.100000000000000304e-03 2.844395751378304471e+00
2.200000000000000133e-03 2.971204670066660114e+00
2.299999999999999961e-03 3.265884174037966048e+00
2.400000000000000223e-03 3.694691110867988737e+00
2.500000000000000052e-03 4.223655816201777213e+00
2.600000000000000314e-03 4.836011147934282661e+00
2.700000000000000143e-03 5.520814315890938850e+00
2.799999999999999972e-03 6.266635461919140226e+00
2.900000000000000234e-03 7.064969962929206204e+00
3.000000000000000062e-03 7.917024995561435574e+00
3.100000000000000325e-03 8.809801251049208304e+00
3.200000000000000153e-03 9.728079709575261802e+00
3.299999999999999982e-03 1.069801394915481296e+01
3.400000000000000244e-03 1.173970878475603286e+01
3.500000000000000073e-03 1.280418161746072947e+01
3.600000000000000335e-03 1.385249158863361174e+01
3.700000000000000164e-03 1.486646252750448305e+01
3.799999999999999992e-03 1.584050253335200154e+01
3.900000000000000255e-03 1.674234753214043181e+01
4.000000000000000083e-03 1.761064882638002871e+01
4.100000000000000346e-03 1.842458013864575506e+01
4.200000000000000608e-03 1.915498936355496085e+01
4.300000000000000003e-03 1.981313300718250048e+01
4.400000000000000265e-03 2.041878872198502748e+01
4.500000000000000527e-03 2.098858261437787576e+01
4.599999999999999922e-03 2.153341168825474128e+01
4.700000000000000185e-03 2.205954501596282213e+01
4.800000000000000447e-03 2.255332241993350095e+01
4.899999999999999842e-03 2.298933681805300111e+01
5.000000000000000104e-03 2.335223074445377023e+01
5.100000000000000366e-03 2.365216071487542138e+01
5.200000000000000629e-03 2.390208088573874790e+01
5.300000000000000024e-03 2.409813500722054158e+01
5.400000000000000286e-03 2.424985966191658804e+01
5.500000000000000548e-03 2.436736416097115310e+01
5.599999999999999943e-03 2.445759800758329305e+01
5.700000000000000205e-03 2.452504451035814981e+01
5.800000000000000468e-03 2.457522325875910951e+01
5.899999999999999863e-03 2.461317701767860910e+01
6.000000000000000125e-03 2.464303978617060764e+01
6.100000000000000387e-03 2.466802713161449745e+01
6.200000000000000649e-03 2.469216052515790238e+01
6.300000000000000044e-03 2.471618666437177225e+01
6.400000000000000307e-03 2.474004246070957436e+01
6.500000000000000569e-03 2.476758373959605208e+01
6.599999999999999964e-03 2.480225750197673662e+01
6.700000000000000226e-03 2.484095041945463578e+01
6.800000000000000488e-03 2.488485749588800289e+01
6.900000000000000751e-03 2.493458616498108427e+01
7.000000000000000146e-03 2.498488757737401400e+01
7.100000000000000408e-03 2.503136368749686369e+01
7.200000000000000670e-03 2.507271681090053761e+01
7.300000000000000065e-03 2.510876809355410444e+01
7.400000000000000328e-03 2.514507719536471342e+01
7.500000000000000590e-03 2.518120047892747948e+01
7.599999999999999985e-03 2.521697276890949979e+01
7.700000000000000247e-03 2.525269805065970274e+01
7.800000000000000509e-03 2.528805975368769410e+01
7.900000000000000772e-03 2.532508783259530460e+01
8.000000000000000167e-03 2.536357856404676525e+01
8.099999999999999561e-03 2.540327127688937381e+01
8.200000000000000691e-03 2.544398016708403887e+01
8.300000000000000086e-03 2.548651196882670078e+01
8.400000000000001216e-03 2.553036806043411744e+01
8.500000000000000611e-03 2.557376724203318830e+01
8.600000000000000006e-03 2.561636184568320118e+01
8.700000000000001135e-03 2.565796020679236022e+01
8.800000000000000530e-03 2.569838362096249895e+01
8.899999999999999925e-03 2.573746454384806981e+01
9.000000000000001055e-03 2.577505305112325473e+01
9.100000000000000450e-03 2.581102024232364300e+01
9.199999999999999845e-03 2.584493707476607227e+01
9.300000000000000974e-03 2.587484967921525225e+01
9.400000000000000369e-03 2.589885383771496308e+01
9.499999999999999764e-03 2.591725754289053896e+01
9.600000000000000894e-03 2.593094479780319261e+01
9.700000000000000289e-03 2.593676683644472547e+01
9.799999999999999684e-03 2.594217655422560753e+01
9.900000000000000813e-03 2.594680532361484282e+01
1.000000000000000021e-02 2.594901352909707981e+01
1.010000000000000134e-02 2.593555947792557603e+01
1.020000000000000073e-02 2.587672356760760195e+01
1.030000000000000013e-02 2.577434957102838098e+01
1.040000000000000126e-02 2.563830946976484881e+01
1.050000000000000065e-02 2.547734853123742482e+01
1.060000000000000005e-02 2.529794068051433342e+01
1.070000000000000118e-02 2.510468092502580006e+01
1.080000000000000057e-02 2.490069591326556520e+01
1.089999999999999997e-02 2.468715899373077605e+01
1.100000000000000110e-02 2.446695387870610006e+01
1.110000000000000049e-02 2.424229458232629852e+01
1.119999999999999989e-02 2.401382622054742555e+01
1.130000000000000102e-02 2.378165814427810432e+01
1.140000000000000041e-02 2.354617849329866175e+01
1.149999999999999981e-02 2.330761837472477893e+01
1.160000000000000094e-02 2.306502155955144673e+01
1.170000000000000033e-02 2.281641715647735325e+01
1.179999999999999973e-02 2.256143306465590115e+01
1.190000000000000085e-02 2.230511572561997369e+01
1.200000000000000025e-02 2.204614585563261642e+01
1.210000000000000138e-02 2.178444378683254001e+01
1.220000000000000077e-02 2.152032164600385045e+01
1.230000000000000017e-02 2.125411586307670930e+01
1.240000000000000130e-02 2.098610558091590050e+01
1.250000000000000069e-02 2.071624838329066876e+01
1.260000000000000009e-02 2.044497752170321547e+01
1.270000000000000122e-02 2.017323687673295041e+01
1.280000000000000061e-02 1.990037012333090871e+01
1.290000000000000001e-02 1.962605379682412376e+01
1.300000000000000114e-02 1.935151583084855886e+01
1.310000000000000053e-02 1.907538268711743967e+01
1.319999999999999993e-02 1.879631489741776562e+01
1.330000000000000106e-02 1.851510008373575999e+01
1.340000000000000045e-02 1.823167352302641575e+01
1.349999999999999985e-02 1.794579944491621504e+01
1.360000000000000098e-02 1.765747817736854586e+01
1.370000000000000037e-02 1.736688233290039207e+01
1.380000000000000150e-02 1.707413527476695947e+01
1.390000000000000090e-02 1.677929606105739424e+01
1.400000000000000029e-02 1.648237956150171613e+01
1.410000000000000142e-02 1.618337749529861469e+01
1.420000000000000082e-02 1.588227267310588964e+01
1.430000000000000021e-02 1.557904596227505678e+01
1.440000000000000134e-02 1.527367765666116028e+01
1.450000000000000074e-02 1.496614513643230637e+01
1.460000000000000013e-02 1.465641820543995344e+01
1.470000000000000126e-02 1.434445280327987327e+01
1.480000000000000066e-02 1.403018302853664245e+01
1.490000000000000005e-02 1.371351043086541388e+01
1.500000000000000118e-02 1.339428777148690131e+01
1.510000000000000057e-02 1.307228997380943802e+01
1.519999999999999997e-02 1.274714805066097689e+01
1.530000000000000110e-02 1.241792540238421516e+01
1.540000000000000049e-02 1.208113222274407939e+01
1.549999999999999989e-02 1.173061038162073366e+01
1.560000000000000102e-02 1.136312103799654594e+01
1.570000000000000215e-02 1.097887474598561397e+01
1.580000000000000154e-02 1.057894198021453036e+01
1.590000000000000094e-02 1.016416038502124231e+01
1.600000000000000033e-02 9.734744553155293190e+00
1.609999999999999973e-02 9.290030438972355142e+00
1.619999999999999912e-02 8.825502697370447791e+00
1.630000000000000199e-02 8.333620357460526762e+00
1.640000000000000138e-02 7.811323138593408544e+00
1.650000000000000078e-02 7.257988573966605017e+00
1.660000000000000017e-02 6.673670457766633923e+00
1.669999999999999957e-02 6.058278615807513923e+00
1.680000000000000243e-02 5.411286457502567870e+00
1.690000000000000183e-02 4.731696355212783978e+00
1.700000000000000122e-02 4.018081494303229029e+00
1.710000000000000062e-02 3.268567155344347164e+00
1.720000000000000001e-02 2.480469089710561459e+00
1.729999999999999941e-02 1.648197673816736764e+00
1.740000000000000227e-02 7.585621533839254083e-01
1.750000000000000167e-02 -2.029942817076642037e-01
1.760000000000000106e-02 -1.243786078686747620e+00
1.770000000000000046e-02 -2.359142380065428313e+00
1.779999999999999985e-02 -3.553112472519457832e+00
1.789999999999999925e-02 -4.863310797550242093e+00
1.800000000000000211e-02 -6.306715719379710983e+00
1.810000000000000150e-02 -7.918508109634398551e+00
1.820000000000000090e-02 -9.760854070827630125e+00
1.830000000000000029e-02 -1.190787808294092542e+01
1.839999999999999969e-02 -1.439079968675539334e+01
1.850000000000000255e-02 -1.717187384208480694e+01
1.860000000000000195e-02 -2.013590919359532094e+01
1.870000000000000134e-02 -2.326111874776158928e+01
1.880000000000000074e-02 -2.652744787715248975e+01
1.890000000000000013e-02 -2.990836805702342360e+01
1.899999999999999953e-02 -3.332629665730297575e+01
1.910000000000000239e-02 -3.688331025367367744e+01
1.920000000000000179e-02 -4.057323833836063898e+01
1.930000000000000118e-02 -4.432788296983575549e+01
1.940000000000000058e-02 -4.785228812480406191e+01
1.949999999999999997e-02 -5.034791700655456737e+01
1.959999999999999937e-02 -5.139517193032998676e+01
1.970000000000000223e-02 -5.178604670365115936e+01
1.980000000000000163e-02 -5.193175630426455314e+01
1.990000000000000102e-02 -5.194968578332773035e+01
2.000000000000000042e-02 -5.193995921558494189e+01
2.009999999999999981e-02 -5.197854012874601892e+01
2.020000000000000268e-02 -5.212326203549073966e+01
2.030000000000000207e-02 -5.239158232966725848e+01
2.040000000000000147e-02 -5.275712169936654306e+01
2.050000000000000086e-02 -5.317376536998093428e+01
2.060000000000000026e-02 -5.359779680406836633e+01
2.069999999999999965e-02 -5.400667495825049258e+01
2.080000000000000251e-02 -5.439423635836814697e+01
2.090000000000000191e-02 -5.476225356083013907e+01
2.100000000000000130e-02 -5.511697824302670057e+01
2.110000000000000070e-02 -5.546429659628221032e+01
2.120000000000000009e-02 -5.580596903966446831e+01
2.129999999999999949e-02 -5.614418086549418518e+01
2.140000000000000235e-02 -5.648082332911696568e+01
2.150000000000000175e-02 -5.682115864978403152e+01
2.160000000000000114e-02 -5.717164765561449968e+01
2.170000000000000054e-02 -5.753658192276026995e+01
2.179999999999999993e-02 -5.792339412515426744e+01
2.189999999999999933e-02 -5.831983511908806150e+01
2.200000000000000219e-02 -5.872520297849293769e+01
2.210000000000000159e-02 -5.913934898304641763e+01
2.220000000000000098e-02 -5.956060835722607294e+01
2.230000000000000038e-02 -5.998250283044740883e+01
2.239999999999999977e-02 -6.040143456851318859e+01
2.250000000000000264e-02 -6.081992642290333606e+01
2.260000000000000203e-02 -6.123896222220791685e+01
2.270000000000000143e-02 -6.165843454330644846e+01
2.280000000000000082e-02 -6.207799540203939870e+01
2.290000000000000022e-02 -6.249716652851484611e+01
2.299999999999999961e-02 -6.291563919508696046e+01
2.310000000000000248e-02 -6.333377915215618259e+01
2.320000000000000187e-02 -6.375275665931943792e+01
2.330000000000000127e-02 -6.417344337035133606e+01
2.340000000000000066e-02 -6.459644390766926847e+01
2.350000000000000006e-02 -6.502228429921346731e+01
2.359999999999999945e-02 -6.545148242613203138e+01
2.370000000000000231e-02 -6.588455925346822539e+01
2.380000000000000171e-02 -6.632202953608661744e+01
2.390000000000000110e-02 -6.676438725131437479e+01
2.400000000000000050e-02 -6.721170896568963826e+01
2.409999999999999989e-02 -6.766383787402013184e+01
2.420000000000000276e-02 -6.812179493981157918e+01
2.430000000000000215e-02 -6.858682814209511491e+01
2.440000000000000155e-02 -6.905975590135182074e+01
2.450000000000000094e-02 -6.954065806938174887e+01
2.460000000000000034e-02 -7.002768450390996691e+01
2.469999999999999973e-02 -7.051636223823598471e+01
2.480000000000000260e-02 -7.100526992393618286e+01
2.490000000000000199e-02 -7.149508368353838250e+01
2.500000000000000139e-02 -7.198710301632256403e+01
2.510000000000000078e-02 -7.247730474354069941e+01
2.520000000000000018e-02 -7.295880599109651143e+01
2.529999999999999957e-02 -7.343600503486013054e+01
2.540000000000000244e-02 -7.391236659089926775e+01
2.550000000000000183e-02 -7.435923238504844335e+01
2.560000000000000123e-02 -7.477881522719472684e+01
2.570000000000000062e-02 -7.518168314080503478e+01
2.580000000000000002e-02 -7.556938152880685777e+01
2.590000000000000288e-02 -7.594587344727203515e+01
2.600000000000000228e-02 -7.631318372461764454e+01
2.610000000000000167e-02 -7.667124194872337739e+01
2.620000000000000107e-02 -7.702414565946783398e+01
2.630000000000000046e-02 -7.737900699248608305e+01
2.639999999999999986e-02 -7.773936625299151615e+01
2.650000000000000272e-02 -7.810594582209621706e+01
2.660000000000000211e-02 -7.847814656525093824e+01
2.670000000000000151e-02 -7.885353740166647185e+01
2.680000000000000090e-02 -7.922946759842567133e+01
2.690000000000000030e-02 -7.960634953183186724e+01
2.699999999999999969e-02 -7.998503616619754553e+01
2.710000000000000256e-02 -8.036619924563370887e+01
2.720000000000000195e-02 -8.075025425985614902e+01
2.730000000000000135e-02 -8.113738139298175156e+01
2.740000000000000074e-02 -8.152756685506868450e+01
2.750000000000000014e-02 -8.192064683007747306e+01
2.760000000000000300e-02 -8.231634993963157854e+01
2.770000000000000240e-02 -8.271433719967220100e+01
2.780000000000000179e-02 -8.311423856771253327e+01
2.790000000000000119e-02 -8.351568476363084415e+01
2.800000000000000058e-02 -8.391833294688261446e+01
2.809999999999999998e-02 -8.432188522749331128e+01
2.820000000000000284e-02 -8.472609974086441298e+01
2.830000000000000224e-02 -8.513079476471324369e+01
2.840000000000000163e-02 -8.553567680050902311e+01
2.850000000000000103e-02 -8.593881553070752943e+01
2.860000000000000042e-02 -8.633813810050186532e+01
2.869999999999999982e-02 -8.673447009892485937e+01
2.880000000000000268e-02 -8.712964651958174045e+01
2.890000000000000208e-02 -8.752514503009932412e+01
2.900000000000000147e-02 -8.792193729235206945e+01
2.910000000000000087e-02 -8.832059094615433992e+01
2.920000000000000026e-02 -8.872138115551435078e+01
2.930000000000000313e-02 -8.912437678120710416e+01
2.940000000000000252e-02 -8.952950562513383659e+01
2.950000000000000192e-02 -8.993660388880053347e+01
2.960000000000000131e-02 -9.034545351890923826e+01
2.970000000000000070e-02 -9.075581127166599060e+01
2.980000000000000010e-02 -9.116743280919196479e+01
2.990000000000000296e-02 -9.158009349868768822e+01
3.000000000000000236e-02 -9.199360568077733546e+01
3.010000000000000175e-02 -9.239524418393625638e+01
3.020000000000000115e-02 -9.275821103935768974e+01
3.030000000000000054e-02 -9.308568238052082222e+01
3.039999999999999994e-02 -9.338658587795875121e+01
3.050000000000000280e-02 -9.366826169119106282e+01
3.060000000000000220e-02 -9.393603769164344897e+01
3.070000000000000159e-02 -9.419370276386959517e+01
3.080000000000000099e-02 -9.444396123732148851e+01
3.090000000000000038e-02 -9.468876503465719452e+01
3.099999999999999978e-02 -9.492954500176026045e+01
3.110000000000000264e-02 -9.516737009409582981e+01
3.120000000000000204e-02 -9.540305726915819662e+01
3.130000000000000143e-02 -9.563725324140209239e+01
3.140000000000000430e-02 -9.587048332084100366e+01
3.150000000000000022e-02 -9.610318196251327549e+01
3.160000000000000309e-02 -9.633571164869147196e+01
3.169999999999999901e-02 -9.656837375463362605e+01
3.180000000000000188e-02 -9.680141408517575030e+01
3.190000000000000474e-02 -9.703502443249145415e+01
3.200000000000000067e-02 -9.726933770561456072e+01
3.210000000000000353e-02 -9.750430530554451991e+01
3.219999999999999946e-02 -9.773959402486487136e+01
3.230000000000000232e-02 -9.797502630849554350e+01
3.239999999999999825e-02 -9.821069609380850807e+01
3.250000000000000111e-02 -9.844671531472933168e+01
3.260000000000000397e-02 -9.868316237971785654e+01
3.269999999999999990e-02 -9.892009049774642904e+01
3.280000000000000276e-02 -9.915753894839673421e+01
3.289999999999999869e-02 -9.939554138373185310e+01
3.300000000000000155e-02 -9.963413082124591824e+01
3.310000000000000442e-02 -9.987334211271742390e+01
3.320000000000000034e-02 -1.001132127277970199e+02
3.330000000000000321e-02 -1.003537824850071445e+02
3.339999999999999913e-02 -1.005950926505912690e+02
3.350000000000000200e-02 -1.008371846755751022e+02
3.360000000000000486e-02 -1.010800987528535586e+02
3.370000000000000079e-02 -1.013238723286965239e+02
3.380000000000000365e-02 -1.015685386766439962e+02
3.389999999999999958e-02 -1.018141256228740872e+02
3.400000000000000244e-02 -1.020606544930007118e+02
3.409999999999999837e-02 -1.023081393274563169e+02
3.420000000000000123e-02 -1.025565863851150681e+02
3.430000000000000410e-02 -1.028059939228930517e+02
3.440000000000000002e-02 -1.030563522016771856e+02
3.450000000000000289e-02 -1.033076436202290438e+02
3.459999999999999881e-02 -1.035598427984028120e+02
3.470000000000000168e-02 -1.038129162472407359e+02
3.480000000000000454e-02 -1.040668206639513187e+02
3.490000000000000047e-02 -1.043214953845874788e+02
3.500000000000000333e-02 -1.045767244471622917e+02
3.509999999999999926e-02 -1.048321720732024289e+02
3.520000000000000212e-02 -1.050878131817644032e+02
3.530000000000000498e-02 -1.053437234816294108e+02
3.540000000000000091e-02 -1.055999721895927621e+02
3.550000000000000377e-02 -1.058565380543968502e+02
3.559999999999999970e-02 -1.061147089674997943e+02
3.570000000000000256e-02 -1.063748852158841061e+02
3.579999999999999849e-02 -1.066314092968139846e+02
3.590000000000000135e-02 -1.068864942661586639e+02
3.600000000000000422e-02 -1.071410692609044730e+02
3.610000000000000014e-02 -1.073955229054996323e+02
3.620000000000000301e-02 -1.076499990895812431e+02
3.629999999999999893e-02 -1.079044230900931751e+02
3.640000000000000180e-02 -1.081577619242608961e+02
3.650000000000000466e-02 -1.084084918576121765e+02
3.660000000000000059e-02 -1.086564454948799465e+02
3.670000000000000345e-02 -1.089016823749785772e+02
3.679999999999999938e-02 -1.091441807992895008e+02
3.690000000000000224e-02 -1.093837282287106660e+02
3.700000000000000511e-02 -1.096193220541660054e+02
3.710000000000000103e-02 -1.098485535421892365e+02
3.720000000000000390e-02 -1.100691227468806659e+02
3.729999999999999982e-02 -1.102795808732695804e+02
3.740000000000000269e-02 -1.104798110645664195e+02
3.749999999999999861e-02 -1.106704980657011959e+02
3.760000000000000148e-02 -1.108523613047027965e+02
3.770000000000000434e-02 -1.110259739618274750e+02
3.780000000000000027e-02 -1.111919402069366214e+02
3.790000000000000313e-02 -1.113515697777417728e+02
3.799999999999999906e-02 -1.115121913092894204e+02
3.810000000000000192e-02 -1.116613409855776098e+02
3.820000000000000479e-02 -1.117996094433528071e+02
3.830000000000000071e-02 -1.119288977290660370e+02
3.840000000000000357e-02 -1.120508891604767285e+02
3.849999999999999950e-02 -1.121681342716131837e+02
3.860000000000000236e-02 -1.122765750067351433e+02
3.870000000000000523e-02 -1.123762906365453489e+02
3.880000000000000115e-02 -1.124771773336920546e+02
3.890000000000000402e-02 -1.125814200321326126e+02
3.899999999999999994e-02 -1.126921804490931294e+02
3.910000000000000281e-02 -1.128084140991841053e+02
3.919999999999999873e-02 -1.129419014415634877e+02
3.930000000000000160e-02 -1.131110116666104091e+02
3.940000000000000446e-02 -1.133127315512134601e+02
3.950000000000000039e-02 -1.135734762460901948e+02
3.960000000000000325e-02 -1.139161534821189719e+02
3.969999999999999918e-02 -1.142772316206547600e+02
3.980000000000000204e-02 -1.145961582428565038e+02
3.990000000000000491e-02 -1.148664620778763776e+02
4.000000000000000083e-02 -1.151036473853889817e+02
4.010000000000000370e-02 -1.153222546223071845e+02
4.019999999999999962e-02 -1.155378228883394058e+02
4.030000000000000249e-02 -1.157622129579637260e+02
4.040000000000000535e-02 -1.159971106969134667e+02
4.050000000000000128e-02 -1.162549829343806209e+02
4.060000000000000414e-02 -1.165359824362238470e+02
4.070000000000000007e-02 -1.168104396462554604e+02
4.080000000000000293e-02 -1.170774126032049622e+02
4.089999999999999886e-02 -1.173549026702589657e+02
4.100000000000000172e-02 -1.176524667856912032e+02
4.110000000000000459e-02 -1.179637308437885821e+02
4.120000000000000051e-02 -1.182757780761158557e+02
4.130000000000000338e-02 -1.185765293178062194e+02
4.139999999999999930e-02 -1.188593702359846134e+02
4.150000000000000216e-02 -1.191254186070977426e+02
4.160000000000000503e-02 -1.193754801022929257e+02
4.170000000000000095e-02 -1.196103007630117361e+02
4.180000000000000382e-02 -1.198338933755364053e+02
4.189999999999999974e-02 -1.200493504001135392e+02
4.200000000000000261e-02 -1.202608524939459613e+02
4.210000000000000547e-02 -1.204719145895252268e+02
4.220000000000000140e-02 -1.206622571343194750e+02
4.230000000000000426e-02 -1.208067759442422471e+02
4.240000000000000019e-02 -1.209003095680043032e+02
4.250000000000000305e-02 -1.209525666563715163e+02
4.259999999999999898e-02 -1.209713518104099705e+02
4.270000000000000184e-02 -1.209535078900830882e+02
4.280000000000000471e-02 -1.208969406914398661e+02
4.290000000000000063e-02 -1.207860391561818005e+02
4.300000000000000350e-02 -1.205967176954803506e+02
4.309999999999999942e-02 -1.203063866466326175e+02
4.320000000000000229e-02 -1.198941939076171934e+02
4.330000000000000515e-02 -1.193379569823982820e+02
4.340000000000000108e-02 -1.186171808916617749e+02
4.350000000000000394e-02 -1.177134518178993687e+02
4.359999999999999987e-02 -1.166078823047063793e+02
4.370000000000000273e-02 -1.152944551030044238e+02
4.379999999999999866e-02 -1.137482608045074670e+02
4.390000000000000152e-02 -1.119494162901113015e+02
4.400000000000000439e-02 -1.099072268269355277e+02
4.410000000000000031e-02 -1.076505544941973795e+02
4.420000000000000318e-02 -1.051780245591965155e+02
4.429999999999999910e-02 -1.025100714531208865e+02
4.440000000000000197e-02 -9.962327129170981266e+01
4.450000000000000483e-02 -9.661902917354991871e+01
4.460000000000000075e-02 -9.368048770212882914e+01
4.470000000000000362e-02 -9.108228865119573925e+01
4.479999999999999954e-02 -8.887707524144485660e+01
4.490000000000000241e-02 -8.715623267032161436e+01
4.500000000000000527e-02 -8.587835852131826186e+01
4.510000000000000120e-02 -8.493547076699741183e+01
4.520000000000000406e-02 -8.433452517550904304e+01
4.529999999999999999e-02 -8.412598045149006509e+01
4.540000000000000285e-02 -8.429698919593636219e+01
4.549999999999999878e-02 -8.466668565048711059e+01
4.560000000000000164e-02 -8.509019197470374252e+01
4.570000000000000451e-02 -8.551374405016032654e+01
4.580000000000000043e-02 -8.591870594923237547e+01
4.590000000000000330e-02 -8.626087779658116972e+01
4.599999999999999922e-02 -8.662275550086084763e+01
4.610000000000000209e-02 -8.702159681665226287e+01
4.620000000000000495e-02 -8.748418185880369435e+01
4.630000000000000088e-02 -8.801090420689132543e+01
4.640000000000000374e-02 -8.855183296434159956e+01
4.649999999999999967e-02 -8.907237057774013067e+01
4.660000000000000253e-02 -8.955380555521863073e+01
4.670000000000000540e-02 -8.999096843097227350e+01
4.680000000000000132e-02 -9.039201609698230300e+01
4.690000000000000419e-02 -9.077198722919560225e+01
4.700000000000000011e-02 -9.114157712050825921e+01
4.710000000000000298e-02 -9.150844850764993055e+01
4.719999999999999890e-02 -9.188096008054171193e+01
4.730000000000000177e-02 -9.226074055557357667e+01
4.740000000000000463e-02 -9.265189942467290507e+01
4.750000000000000056e-02 -9.305143983913767158e+01
4.760000000000000342e-02 -9.347190281357222830e+01
4.769999999999999934e-02 -9.390154575345970045e+01
4.780000000000000221e-02 -9.433670577003390179e+01
4.790000000000000507e-02 -9.477745347499667616e+01
4.800000000000000100e-02 -9.520827485206275753e+01
4.810000000000000386e-02 -9.563952465677577663e+01
4.819999999999999979e-02 -9.605735113350738175e+01
4.830000000000000265e-02 -9.646759072316844197e+01
4.840000000000000552e-02 -9.687508887444370487e+01
4.850000000000000144e-02 -9.726979674995399705e+01
4.860000000000000431e-02 -9.766668363622716242e+01
4.870000000000000023e-02 -9.805777322849192501e+01
4.880000000000000310e-02 -9.843740115437707061e+01
4.889999999999999902e-02 -9.881835564750851120e+01
4.900000000000000189e-02 -9.920571646089909734e+01
4.910000000000000475e-02 -9.958524904401171796e+01
4.920000000000000068e-02 -9.996425668581468926e+01
4.930000000000000354e-02 -1.003442147070335011e+02
4.939999999999999947e-02 -1.007272963195185724e+02
4.950000000000000233e-02 -1.011140159636622116e+02
4.960000000000000520e-02 -1.015041735604168878e+02
4.970000000000000112e-02 -1.018985180687722760e+02
4.980000000000000399e-02 -1.022971758141210756e+02
4.989999999999999991e-02 -1.026990514167840161e+02
5.000000000000000278e-02 -1.031054594459869094e+02
5.010000000000000564e-02 -1.052735621873571432e+02
5.020000000000000157e-02 -1.084576948156250040e+02
5.030000000000000443e-02 -1.118804521568500547e+02
5.040000000000000036e-02 -1.156660689817054362e+02
5.050000000000000322e-02 -1.201478487444138921e+02
5.059999999999999915e-02 -1.254481584934472806e+02
5.070000000000000201e-02 -1.315343404723543017e+02
5.080000000000000487e-02 -1.383262717934284751e+02
5.090000000000000080e-02 -1.454155294378279279e+02
5.100000000000000366e-02 -1.530555048856618328e+02
5.109999999999999959e-02 -1.607324449380928684e+02
5.120000000000000245e-02 -1.662039072965368973e+02
5.130000000000000532e-02 -1.690175572789129035e+02
5.140000000000000124e-02 -1.705586242428271078e+02
5.150000000000000411e-02 -1.712895895863080682e+02
5.160000000000000003e-02 -1.714542765226131564e+02
5.170000000000000290e-02 -1.713836951061661011e+02
5.180000000000000576e-02 -1.710175582753717833e+02
5.190000000000000169e-02 -1.705584586101272180e+02
5.200000000000000455e-02 -1.698826049691172955e+02
5.210000000000000048e-02 -1.697457850805904513e+02
5.220000000000000334e-02 -1.711068157430576946e+02
5.229999999999999927e-02 -1.728139654038523361e+02
5.240000000000000213e-02 -1.737506012618111129e+02
5.250000000000000500e-02 -1.740177249925067997e+02
5.260000000000000092e-02 -1.738936067923305018e+02
5.270000000000000379e-02 -1.735441458150734491e+02
5.279999999999999971e-02 -1.730364950337485936e+02
5.290000000000000258e-02 -1.724167395979295065e+02
5.300000000000000544e-02 -1.717086726629975715e+02
5.310000000000000137e-02 -1.709279278876511796e+02
5.320000000000000423e-02 -1.700792944047838660e+02
5.330000000000000016e-02 -1.691504042560548271e+02
5.340000000000000302e-02 -1.681157361186267281e+02
5.350000000000000588e-02 -1.669472168822553328e+02
5.360000000000000181e-02 -1.656187044272759294e+02
5.370000000000000467e-02 -1.641108970746286957e+02
5.380000000000000060e-02 -1.624199988242521613e+02
5.390000000000000346e-02 -1.605405393114459116e+02
5.399999999999999939e-02 -1.585015125631006185e+02
5.410000000000000225e-02 -1.562975398738739443e+02
5.420000000000000512e-02 -1.539455384369339299e+02
5.430000000000000104e-02 -1.514294540667961257e+02
5.440000000000000391e-02 -1.488180027109858372e+02
5.449999999999999983e-02 -1.462613292340707574e+02
5.460000000000000270e-02 -1.440758477552886916e+02
5.470000000000000556e-02 -1.422278553376760897e+02
5.480000000000000149e-02 -1.407699543871272283e+02
5.490000000000000435e-02 -1.397097924035118695e+02
5.500000000000000028e-02 -1.389422378574548986e+02
5.510000000000000314e-02 -1.384132165423988852e+02
5.520000000000000601e-02 -1.381223055237379072e+02
5.530000000000000193e-02 -1.381086150337805805e+02
5.540000000000000480e-02 -1.383807131720510313e+02
5.550000000000000072e-02 -1.388182248937134204e+02
5.560000000000000359e-02 -1.393202590141914357e+02
5.569999999999999951e-02 -1.398377552246936659e+02
5.580000000000000238e-02 -1.403505110599362808e+02
5.590000000000000524e-02 -1.408544534923605340e+02
5.600000000000000117e-02 -1.413510304813344760e+02
5.610000000000000403e-02 -1.419133980315795327e+02
5.619999999999999996e-02 -1.425304239965697661e+02
5.630000000000000282e-02 -1.431538733083702652e+02
5.640000000000000568e-02 -1.437565992668659760e+02
5.650000000000000161e-02 -1.443280861929444541e+02
5.660000000000000447e-02 -1.448649722908452304e+02
5.670000000000000040e-02 -1.453747948407249453e+02
5.680000000000000326e-02 -1.458679243259079215e+02
5.690000000000000613e-02 -1.463543459919579846e+02
5.700000000000000205e-02 -1.468383588342394432e+02
5.710000000000000492e-02 -1.473234997163217486e+02
5.720000000000000084e-02 -1.478130305814015912e+02
5.730000000000000371e-02 -1.483141331707015240e+02
5.739999999999999963e-02 -1.488325051866482340e+02
5.750000000000000250e-02 -1.493636664211336438e+02
5.760000000000000536e-02 -1.499008460670562783e+02
5.770000000000000129e-02 -1.504385837904031291e+02
5.780000000000000415e-02 -1.509730423969410822e+02
5.790000000000000008e-02 -1.515019899496159610e+02
5.800000000000000294e-02 -1.520244944560992337e+02
5.810000000000000581e-02 -1.525423495380826751e+02
5.820000000000000173e-02 -1.530533021133281295e+02
5.830000000000000460e-02 -1.535569808337148174e+02
5.840000000000000052e-02 -1.540561879949685249e+02
5.850000000000000339e-02 -1.545615479787573747e+02
5.860000000000000625e-02 -1.550514856125511471e+02
5.870000000000000218e-02 -1.555364159810072238e+02
5.880000000000000504e-02 -1.560207999656994389e+02
5.890000000000000097e-02 -1.565062052171977030e+02
5.900000000000000383e-02 -1.569934325360692355e+02
5.909999999999999976e-02 -1.574830472766000469e+02
5.920000000000000262e-02 -1.579774758970672224e+02
5.930000000000000548e-02 -1.584753182889583343e+02
5.940000000000000141e-02 -1.589737785625236199e+02
5.950000000000000427e-02 -1.594753758458903121e+02
5.960000000000000020e-02 -1.599806560557881596e+02
5.970000000000000306e-02 -1.604896190458243268e+02
5.980000000000000593e-02 -1.610021236656155850e+02
5.990000000000000185e-02 -1.615182177446587843e+02
6.000000000000000472e-02 -1.620411843499714166e+02
6.010000000000000064e-02 -1.625767998295967516e+02
6.020000000000000351e-02 -1.631557896851597889e+02
6.029999999999999943e-02 -1.637825017142544084e+02
6.040000000000000230e-02 -1.644473509998264547e+02
6.050000000000000516e-02 -1.651404379897906551e+02
6.060000000000000109e-02 -1.658550826981283990e+02
6.070000000000000395e-02 -1.665865552507504788e+02
6.079999999999999988e-02 -1.673313784413163035e+02
6.090000000000000274e-02 -1.680869220228999836e+02
6.100000000000000561e-02 -1.688511469296111898e+02
6.110000000000000153e-02 -1.696224382414212073e+02
6.120000000000000440e-02 -1.703994945326173251e+02
6.130000000000000032e-02 -1.711812539712746855e+02
6.140000000000000319e-02 -1.719668442788826042e+02
6.150000000000000605e-02 -1.727553021570602709e+02
6.160000000000000198e-02 -1.735461549028285333e+02
6.170000000000000484e-02 -1.743412825692503532e+02
6.180000000000000077e-02 -1.751416657758238102e+02
6.190000000000000363e-02 -1.759387432528401405e+02
6.199999999999999956e-02 -1.767356504911660124e+02
6.210000000000000242e-02 -1.775334273041885069e+02
6.220000000000000528e-02 -1.783321559106282166e+02
6.230000000000000121e-02 -1.791317419280747458e+02
6.240000000000000407e-02 -1.799321008234504404e+02
6.250000000000000000e-02 -1.807331950449113833e+02
6.260000000000000286e-02 -1.815350442832423710e+02
6.270000000000000573e-02 -1.823377000953546769e+02
6.280000000000000859e-02 -1.831412261024163115e+02
6.289999999999999758e-02 -1.839456997758870216e+02
6.300000000000000044e-02 -1.847512104469738006e+02
6.310000000000000331e-02 -1.855578557878146739e+02
6.320000000000000617e-02 -1.863657393593167910e+02
6.330000000000000904e-02 -1.871750251762834978e+02
6.339999999999999802e-02 -1.879859075345256940e+02
6.350000000000000089e-02 -1.887984882184948106e+02
6.360000000000000375e-02 -1.896128480744692411e+02
6.370000000000000662e-02 -1.904290758211908496e+02
6.380000000000000948e-02 -1.912470101615256226e+02
6.389999999999999847e-02 -1.920664521652637973e+02
6.400000000000000133e-02 -1.928890496946249016e+02
6.410000000000000420e-02 -1.937144952853791722e+02
6.420000000000000706e-02 -1.945427706483857833e+02
6.430000000000000993e-02 -1.953755301414035159e+02
6.439999999999999891e-02 -1.962161379554466123e+02
6.450000000000000178e-02 -1.970656912152378197e+02
6.460000000000000464e-02 -1.979243734800866150e+02
6.470000000000000751e-02 -1.987921874581617487e+02
6.479999999999999649e-02 -1.996675647797680426e+02
6.489999999999999936e-02 -2.005502741613457545e+02
6.500000000000000222e-02 -2.014404984729342232e+02
6.510000000000000508e-02 -2.023397058640078683e+02
6.520000000000000795e-02 -2.032510172939223878e+02
6.529999999999999694e-02 -2.041752627027410085e+02
6.539999999999999980e-02 -2.051111981917321430e+02
6.550000000000000266e-02 -2.060589306985249607e+02
6.560000000000000553e-02 -2.070207653330677715e+02
6.570000000000000839e-02 -2.080023695433665978e+02
6.579999999999999738e-02 -2.090060614010792790e+02
6.590000000000000024e-02 -2.100359663568186193e+02
6.600000000000000311e-02 -2.110934671833303753e+02
6.610000000000000597e-02 -2.121788041119312425e+02
6.620000000000000884e-02 -2.132920689866336659e+02
6.629999999999999782e-02 -2.144323473270107172e+02
6.640000000000000069e-02 -2.156005320917455492e+02
6.650000000000000355e-02 -2.167986869577361517e+02
6.660000000000000642e-02 -2.180285723639715627e+02
6.670000000000000928e-02 -2.192903839122011505e+02
6.679999999999999827e-02 -2.205841280092199099e+02
6.690000000000000113e-02 -2.219122205801977259e+02
6.700000000000000400e-02 -2.232836685418232321e+02
6.710000000000000686e-02 -2.247148960103292836e+02
6.720000000000000973e-02 -2.262141684735693445e+02
6.729999999999999871e-02 -2.277806368320324850e+02
6.740000000000000158e-02 -2.294117803476715096e+02
6.750000000000000444e-02 -2.311085906140220914e+02
6.760000000000000731e-02 -2.328933743416252469e+02
6.770000000000001017e-02 -2.347732876048630999e+02
6.779999999999999916e-02 -2.367424801548199014e+02
6.790000000000000202e-02 -2.389438986237503286e+02
6.800000000000000488e-02 -2.414635333898635281e+02
6.810000000000000775e-02 -2.442534503717421330e+02
6.819999999999999674e-02 -2.472295546362372818e+02
6.829999999999999960e-02 -2.503885298051689858e+02
6.840000000000000246e-02 -2.537511896429996057e+02
6.850000000000000533e-02 -2.573452016475428081e+02
6.860000000000000819e-02 -2.611450669669063700e+02
6.869999999999999718e-02 -2.651750048746874313e+02
6.880000000000000004e-02 -2.694716844512921625e+02
6.890000000000000291e-02 -2.741328080490874868e+02
6.900000000000000577e-02 -2.788749620340371962e+02
6.910000000000000864e-02 -2.822794741659337205e+02
6.919999999999999762e-02 -2.835848725704933599e+02
6.930000000000000049e-02 -2.842206044623851540e+02
6.940000000000000335e-02 -2.847799827729875801e+02
6.950000000000000622e-02 -2.852931893831930665e+02
6.960000000000000908e-02 -2.857406419377029465e+02
6.969999999999999807e-02 -2.862171948128920462e+02
6.980000000000000093e-02 -2.867846554183282706e+02
6.990000000000000380e-02 -2.874621854484616961e+02
7.000000000000000666e-02 -2.882377450119292348e+02
7.010000000000000953e-02 -2.890838801765123094e+02
7.019999999999999851e-02 -2.899682592173386979e+02
7.030000000000000138e-02 -2.908620423171640255e+02
7.040000000000000424e-02 -2.917568689786613731e+02
7.050000000000000711e-02 -2.926373286427455582e+02
7.060000000000000997e-02 -2.934891504239617461e+02
7.069999999999999896e-02 -2.943226103248088634e+02
7.080000000000000182e-02 -2.951657389157650755e+02
7.090000000000000469e-02 -2.960384961386641862e+02
7.100000000000000755e-02 -2.969375613151825632e+02
7.109999999999999654e-02 -2.978451184503406353e+02
7.119999999999999940e-02 -2.987493214006713060e+02
7.130000000000000226e-02 -2.996521977785898798e+02
7.140000000000000513e-02 -3.005545625101703422e+02
7.150000000000000799e-02 -3.014573354571093660e+02
7.159999999999999698e-02 -3.023624572117828393e+02
7.169999999999999984e-02 -3.032735056135080072e+02
7.180000000000000271e-02 -3.041903533434686437e+02
7.190000000000000557e-02 -3.051111344242982000e+02
7.200000000000000844e-02 -3.060339703411281107e+02
7.209999999999999742e-02 -3.069575631922793377e+02
7.220000000000000029e-02 -3.078812256621941970e+02
7.230000000000000315e-02 -3.088047173618738839e+02
7.240000000000000602e-02 -3.097280673556400643e+02
7.250000000000000888e-02 -3.106514424530965925e+02
7.259999999999999787e-02 -3.115750647580768486e+02
7.270000000000000073e-02 -3.124991647916288002e+02
7.280000000000000360e-02 -3.134239564100806774e+02
7.290000000000000646e-02 -3.143496241937306763e+02
7.300000000000000933e-02 -3.152763180783910570e+02
7.309999999999999831e-02 -3.162041525224091174e+02
7.320000000000000118e-02 -3.171332087118173604e+02
7.330000000000000404e-02 -3.180635388336598908e+02
7.340000000000000691e-02 -3.189951716857952988e+02
7.350000000000000977e-02 -3.199281190663531902e+02
7.359999999999999876e-02 -3.208623830680796800e+02
7.370000000000000162e-02 -3.217979108801240500e+02
7.380000000000000449e-02 -3.227332637978379921e+02
7.390000000000000735e-02 -3.236660853279764751e+02
7.400000000000001021e-02 -3.245960209605527780e+02
7.409999999999999920e-02 -3.255242634234820116e+02
7.420000000000000207e-02 -3.264516138505024969e+02
7.430000000000000493e-02 -3.273790704785235448e+02
7.440000000000000779e-02 -3.283076672017368196e+02
7.449999999999999678e-02 -3.292382234745035703e+02
7.459999999999999964e-02 -3.301713295814951721e+02
7.470000000000000251e-02 -3.311072905865074176e+02
7.480000000000000537e-02 -3.320455406854715648e+02
7.490000000000000824e-02 -3.329869034534593766e+02
7.499999999999999722e-02 -3.339319212689306937e+02
7.510000000000000009e-02 -3.348786159989797966e+02
7.520000000000000295e-02 -3.358246154310326119e+02
7.530000000000000582e-02 -3.367694671320225552e+02
7.540000000000000868e-02 -3.377135822531610074e+02
7.549999999999999767e-02 -3.386568713042042873e+02
7.560000000000000053e-02 -3.395996716746597031e+02
7.570000000000000340e-02 -3.405424058208844826e+02
7.580000000000000626e-02 -3.414853735949174052e+02
7.590000000000000913e-02 -3.424287543866433907e+02
7.599999999999999811e-02 -3.433726688927046098e+02
7.610000000000000098e-02 -3.443171775914454429e+02
7.620000000000000384e-02 -3.452622871289235036e+02
7.630000000000000671e-02 -3.462079885897875329e+02
7.640000000000000957e-02 -3.471542704273931008e+02
7.649999999999999856e-02 -3.481011214071776863e+02
7.660000000000000142e-02 -3.490487494232969539e+02
7.670000000000000429e-02 -3.499969661781534569e+02
7.680000000000000715e-02 -3.509445173677971752e+02
7.690000000000001001e-02 -3.518858646430199997e+02
7.699999999999999900e-02 -3.528180683338827635e+02
7.710000000000000187e-02 -3.537423432426874115e+02
7.720000000000000473e-02 -3.546611305133152428e+02
7.730000000000000759e-02 -3.555761312100283931e+02
7.740000000000001046e-02 -3.564883861952562256e+02
7.749999999999999944e-02 -3.573986707071798037e+02
7.760000000000000231e-02 -3.583079401312627965e+02
7.770000000000000517e-02 -3.592168706715922326e+02
7.780000000000000804e-02 -3.601259749480443588e+02
7.789999999999999702e-02 -3.610356696809499795e+02
7.799999999999999989e-02 -3.619462934001201688e+02
7.810000000000000275e-02 -3.628581127455263982e+02
7.820000000000000562e-02 -3.637723678322830665e+02
7.830000000000000848e-02 -3.646882733279526860e+02
7.839999999999999747e-02 -3.656043157457487496e+02
7.850000000000000033e-02 -3.665219053536846445e+02
7.860000000000000320e-02 -3.674413068284899850e+02
7.870000000000000606e-02 -3.683625131465728373e+02
7.880000000000000893e-02 -3.692855079188046261e+02
7.889999999999999791e-02 -3.702101704080189393e+02
7.900000000000000078e-02 -3.711363332627668683e+02
7.910000000000000364e-02 -3.720639594746497210e+02
7.920000000000000651e-02 -3.729930203947388918e+02
7.930000000000000937e-02 -3.739234256656882849e+02
7.939999999999999836e-02 -3.748550456988675705e+02
7.950000000000000122e-02 -3.757877480785533066e+02
7.960000000000000409e-02 -3.767214163535971920e+02
7.970000000000000695e-02 -3.776559539719322629e+02
7.980000000000000981e-02 -3.785912837740159489e+02
7.989999999999999880e-02 -3.795273478594041308e+02
8.000000000000000167e-02 -3.804641077093124863e+02
8.010000000000000453e-02 -3.813887380566707179e+02
8.020000000000000739e-02 -3.822735084490092277e+02
8.030000000000001026e-02 -3.831214024392289161e+02
8.039999999999999925e-02 -3.839417260275852755e+02
8.050000000000000211e-02 -3.847421882701490290e+02
8.060000000000000497e-02 -3.855283892343646812e+02
8.070000000000000784e-02 -3.863043201089848253e+02
8.080000000000001070e-02 -3.870728448891340463e+02
8.089999999999999969e-02 -3.878360482226394197e+02
8.100000000000000255e-02 -3.885954698414395239e+02
8.110000000000000542e-02 -3.893522284661103185e+02
8.120000000000000828e-02 -3.901072162369135867e+02
8.129999999999999727e-02 -3.908611839825617267e+02
8.140000000000000013e-02 -3.916147282555288598e+02
8.150000000000000300e-02 -3.923683117385247101e+02
8.160000000000000586e-02 -3.931222926216192377e+02
8.170000000000000873e-02 -3.938769469279115469e+02
8.179999999999999771e-02 -3.946324753831566454e+02
8.190000000000000058e-02 -3.953889922368761063e+02
8.200000000000000344e-02 -3.961466272201309948e+02
8.210000000000000631e-02 -3.969083895461187126e+02
8.220000000000000917e-02 -3.976689044372939179e+02
8.229999999999999816e-02 -3.984292290621074812e+02
8.240000000000000102e-02 -3.991922963369932518e+02
8.250000000000000389e-02 -3.999567574196930764e+02
8.260000000000000675e-02 -4.007214663379403419e+02
8.270000000000000961e-02 -4.014872805591184033e+02
8.279999999999999860e-02 -4.022538496820122305e+02
8.290000000000000147e-02 -4.030206031206390662e+02
8.300000000000000433e-02 -4.037874089508029556e+02
8.310000000000000719e-02 -4.045543643468135997e+02
8.320000000000001006e-02 -4.053215867424250973e+02
8.329999999999999905e-02 -4.060891576437674075e+02
8.340000000000000191e-02 -4.068571180856413321e+02
8.350000000000000477e-02 -4.076254767315712684e+02
8.360000000000000764e-02 -4.083942177155978470e+02
8.370000000000001050e-02 -4.091633029494735183e+02
8.379999999999999949e-02 -4.099326637842476657e+02
8.390000000000000235e-02 -4.107021641864165531e+02
8.400000000000000522e-02 -4.114711342358858701e+02
8.410000000000000808e-02 -4.122372519920195373e+02
8.420000000000001095e-02 -4.129992675442708219e+02
8.429999999999999993e-02 -4.137576728303342861e+02
8.440000000000000280e-02 -4.145132216806478596e+02
8.450000000000000566e-02 -4.152669271558982018e+02
8.460000000000000853e-02 -4.160186292373936112e+02
8.469999999999999751e-02 -4.167686027601486103e+02
8.480000000000000038e-02 -4.175172868050307216e+02
8.490000000000000324e-02 -4.182649267066258290e+02
8.500000000000000611e-02 -4.190116950892228260e+02
8.510000000000000897e-02 -4.197577330637525392e+02
8.519999999999999796e-02 -4.205031651137130666e+02
8.530000000000000082e-02 -4.212481057615767099e+02
8.540000000000000369e-02 -4.219926632052577133e+02
8.550000000000000655e-02 -4.227369415546212394e+02
8.560000000000000941e-02 -4.234810422179609191e+02
8.569999999999999840e-02 -4.242250646401283802e+02
8.580000000000000127e-02 -4.249691064810884882e+02
8.590000000000000413e-02 -4.257132816282421572e+02
8.600000000000000699e-02 -4.264594001741438660e+02
8.610000000000000986e-02 -4.272045531430109691e+02
8.619999999999999885e-02 -4.279487116215422589e+02
8.630000000000000171e-02 -4.286930099136168337e+02
8.640000000000000457e-02 -4.294377046295687137e+02
8.650000000000000744e-02 -4.301828361231459894e+02
8.660000000000001030e-02 -4.309289155706192673e+02
8.669999999999999929e-02 -4.316773899010752302e+02
8.680000000000000215e-02 -4.324266194926700564e+02
8.690000000000000502e-02 -4.331780690455646550e+02
8.700000000000000788e-02 -4.339330506728441037e+02
8.710000000000001075e-02 -4.346913960191532169e+02
8.719999999999999973e-02 -4.354537035581412852e+02
8.730000000000000260e-02 -4.362203908091414064e+02
8.740000000000000546e-02 -4.369914409259829426e+02
8.750000000000000833e-02 -4.377703450455069856e+02
8.759999999999999731e-02 -4.385567416741988609e+02
8.770000000000000018e-02 -4.393363994178861844e+02
8.780000000000000304e-02 -4.401132290573393675e+02
8.790000000000000591e-02 -4.408885479392209845e+02
8.800000000000000877e-02 -4.416626246978901236e+02
8.809999999999999776e-02 -4.424353097076235599e+02
8.820000000000000062e-02 -4.432063358620325744e+02
8.830000000000000349e-02 -4.439758743456982870e+02
8.840000000000000635e-02 -4.447451322929896378e+02
8.850000000000000921e-02 -4.455123827193080501e+02
8.859999999999999820e-02 -4.462774883680899620e+02
8.870000000000000107e-02 -4.470415180731018268e+02
8.880000000000000393e-02 -4.478094547957405780e+02
8.890000000000000679e-02 -4.485813656286329092e+02
8.900000000000000966e-02 -4.493714293249900606e+02
8.909999999999999865e-02 -4.501768251988648899e+02
8.920000000000000151e-02 -4.509807972800838911e+02
8.930000000000000437e-02 -4.517847341423644139e+02
8.940000000000000724e-02 -4.525908519601738931e+02
8.950000000000001010e-02 -4.533938731718782265e+02
8.959999999999999909e-02 -4.541958949355271784e+02
8.970000000000000195e-02 -4.550051026662202389e+02
8.980000000000000482e-02 -4.558232572129971913e+02
8.990000000000000768e-02 -4.566580878903174039e+02
9.000000000000001055e-02 -4.575035746503835981e+02
9.009999999999999953e-02 -4.583356487288125436e+02
9.020000000000000240e-02 -4.591429704364207396e+02
9.030000000000000526e-02 -4.599325958248790585e+02
9.040000000000000813e-02 -4.607191554447262547e+02
9.050000000000001099e-02 -4.615121359572438564e+02
9.059999999999999998e-02 -4.623159492607117045e+02
9.070000000000000284e-02 -4.631200730633282205e+02
9.080000000000000571e-02 -4.639162733527267051e+02
9.090000000000000857e-02 -4.647140629960550200e+02
9.099999999999999756e-02 -4.655129852864535565e+02
9.110000000000000042e-02 -4.663076737154783018e+02
9.120000000000000329e-02 -4.670979249761866186e+02
9.130000000000000615e-02 -4.678859944914464677e+02
9.140000000000000902e-02 -4.686735577415100806e+02
9.149999999999999800e-02 -4.694606604370814011e+02
9.160000000000000087e-02 -4.702476027695536231e+02
9.170000000000000373e-02 -4.710350592336026239e+02
9.180000000000000659e-02 -4.718236532225613473e+02
9.190000000000000946e-02 -4.726136158878222204e+02
9.199999999999999845e-02 -4.734046929177452512e+02
9.210000000000000131e-02 -4.741962395948053199e+02
9.220000000000000417e-02 -4.749873818943901256e+02
9.230000000000000704e-02 -4.757771330305313882e+02
9.240000000000000990e-02 -4.765644012882586935e+02
9.249999999999999889e-02 -4.773474728629681749e+02
9.260000000000000175e-02 -4.781205694219062821e+02
9.270000000000000462e-02 -4.788777753678122622e+02
9.280000000000000748e-02 -4.796125189888447267e+02
9.290000000000001035e-02 -4.803109394819799149e+02
9.299999999999999933e-02 -4.809544194531847552e+02
9.310000000000000220e-02 -4.815286937921659387e+02
9.320000000000000506e-02 -4.820216071803449722e+02
9.330000000000000793e-02 -4.824201581958184875e+02
9.340000000000001079e-02 -4.827100452565740625e+02
9.349999999999999978e-02 -4.828750281959698896e+02
9.360000000000000264e-02 -4.828965296501243643e+02
9.370000000000000551e-02 -4.827559706556745027e+02
9.380000000000000837e-02 -4.824378526387785655e+02
9.390000000000001124e-02 -4.819489292442137298e+02
9.400000000000000022e-02 -4.812975056286028916e+02
9.410000000000000309e-02 -4.804806753220272526e+02
9.420000000000000595e-02 -4.794816829633363682e+02
9.430000000000000882e-02 -4.782873432449616189e+02
9.439999999999999780e-02 -4.769217207158074530e+02
9.450000000000000067e-02 -4.754185905680403152e+02
9.460000000000000353e-02 -4.737639304127541209e+02
9.470000000000000639e-02 -4.720649789918785473e+02
9.480000000000000926e-02 -4.704413992393537001e+02
9.489999999999999825e-02 -4.690381820085910363e+02
9.500000000000000111e-02 -4.678451337646783372e+02
9.510000000000000397e-02 -4.668725461029904409e+02
9.520000000000000684e-02 -4.661645892641100772e+02
9.530000000000000970e-02 -4.657502346745300770e+02
9.539999999999999869e-02 -4.655943081190449107e+02
9.550000000000000155e-02 -4.656324177150783044e+02
9.560000000000000442e-02 -4.658161847642764997e+02
9.570000000000000728e-02 -4.661428872384751116e+02
9.580000000000001015e-02 -4.666359663318067419e+02
9.589999999999999913e-02 -4.672818403658965849e+02
9.600000000000000200e-02 -4.680440192554345344e+02
9.610000000000000486e-02 -4.688775287373801461e+02
9.620000000000000773e-02 -4.697482453351604477e+02
9.630000000000001059e-02 -4.706417104741483399e+02
9.639999999999999958e-02 -4.715434156252571825e+02
9.650000000000000244e-02 -4.724925523833047691e+02
9.660000000000000531e-02 -4.734683562886115737e+02
9.670000000000000817e-02 -4.744561961209277570e+02
9.680000000000001104e-02 -4.754798065296445202e+02
9.690000000000000002e-02 -4.764817942227891763e+02
9.700000000000000289e-02 -4.774727429293151886e+02
9.710000000000000575e-02 -4.784512795840526564e+02
9.720000000000000862e-02 -4.794126996276745558e+02
9.730000000000001148e-02 -4.803617174700485180e+02
9.740000000000000047e-02 -4.813023093405645909e+02
9.750000000000000333e-02 -4.822372734318136622e+02
9.760000000000000620e-02 -4.831683353490097375e+02
9.770000000000000906e-02 -4.840963461989014718e+02
9.779999999999999805e-02 -4.850214032819386603e+02
9.790000000000000091e-02 -4.859432849553963365e+02
9.800000000000000377e-02 -4.868620707437370356e+02
9.810000000000000664e-02 -4.877779607782352400e+02
9.820000000000000950e-02 -4.886915852162302372e+02
9.829999999999999849e-02 -4.896049926812070225e+02
9.840000000000000135e-02 -4.905211717102264970e+02
9.850000000000000422e-02 -4.914409011405305137e+02
9.860000000000000708e-02 -4.923633386032630597e+02
9.870000000000000995e-02 -4.932877344736258465e+02
9.879999999999999893e-02 -4.942136840130949622e+02
9.890000000000000180e-02 -4.951410037701316469e+02
9.900000000000000466e-02 -4.960696337085548748e+02
9.910000000000000753e-02 -4.969995958019867999e+02
9.920000000000001039e-02 -4.979309716830030084e+02
9.929999999999999938e-02 -4.988638826495100602e+02
9.940000000000000224e-02 -4.997984577003167601e+02
9.950000000000000511e-02 -5.007345721668034457e+02
9.960000000000000797e-02 -5.016733467161354838e+02
9.970000000000001084e-02 -5.026144490660375368e+02
9.979999999999999982e-02 -5.035576496636210209e+02
9.990000000000000269e-02 -5.045080408121266373e+02
1.000000000000000056e-01 -5.054572940549962254e+02
1.001000000000000084e-01 -5.082255027051880347e+02
1.002000000000000113e-01 -5.121426713998838522e+02
1.003000000000000003e-01 -5.163193279039554682e+02
1.004000000000000031e-01 -5.208294922689321993e+02
1.005000000000000060e-01 -5.260509445640653894e+02
1.006000000000000089e-01 -5.321511829997145924e+02
1.007000000000000117e-01 -5.389173118081462235e+02
1.008000000000000007e-01 -5.460763820971892528e+02
1.009000000000000036e-01 -5.535688734131092588e+02
1.010000000000000064e-01 -5.595817374409763261e+02
1.011000000000000093e-01 -5.633774042548476473e+02
1.011999999999999983e-01 -5.661578346035205414e+02
1.013000000000000012e-01 -5.683902630301677164e+02
1.014000000000000040e-01 -5.702396238714027277e+02
1.015000000000000069e-01 -5.718056353848023718e+02
1.016000000000000097e-01 -5.730107228408950277e+02
1.016999999999999987e-01 -5.738347882413835350e+02
1.018000000000000016e-01 -5.744968653417517999e+02
1.019000000000000045e-01 -5.752857953154015149e+02
1.020000000000000073e-01 -5.771645007295772984e+02
1.021000000000000102e-01 -5.791710968246535458e+02
1.021999999999999992e-01 -5.805038459699458144e+02
1.023000000000000020e-01 -5.812952030006235873e+02
1.024000000000000049e-01 -5.817612904468194301e+02
1.025000000000000078e-01 -5.820449192889220740e+02
1.026000000000000106e-01 -5.822319620373370981e+02
1.026999999999999996e-01 -5.823749919421979939e+02
1.028000000000000025e-01 -5.824922794327537758e+02
1.029000000000000054e-01 -5.825814287976362493e+02
1.030000000000000082e-01 -5.826487057978730491e+02
1.031000000000000111e-01 -5.827011847575224692e+02
1.032000000000000001e-01 -5.827342540572298049e+02
1.033000000000000029e-01 -5.827356173256115426e+02
1.034000000000000058e-01 -5.827003921581424493e+02
1.035000000000000087e-01 -5.826120590388120490e+02
1.036000000000000115e-01 -5.824471990005600901e+02
1.037000000000000005e-01 -5.821893714247438538e+02
1.038000000000000034e-01 -5.818192375583961393e+02
1.039000000000000062e-01 -5.813294692209849472e+02
1.040000000000000091e-01 -5.807273558825148712e+02
1.040999999999999981e-01 -5.800026218607772535e+02
1.042000000000000010e-01 -5.791560960667757172e+02
1.043000000000000038e-01 -5.781905003531651346e+02
1.044000000000000067e-01 -5.771761122361518801e+02
1.045000000000000095e-01 -5.761585974207425807e+02
1.045999999999999985e-01 -5.751845853267939219e+02
1.047000000000000014e-01 -5.743484490029115932e+02
1.048000000000000043e-01 -5.736692313888787567e+02
1.049000000000000071e-01 -5.731563481865706535e+02
1.050000000000000100e-01 -5.727885797517801620e+02
1.050999999999999990e-01 -5.726056667632238941e+02
1.052000000000000018e-01 -5.726329489018922914e+02
1.053000000000000047e-01 -5.728366587494545001e+02
1.054000000000000076e-01 -5.731663968192933680e+02
1.055000000000000104e-01 -5.736052990318887623e+02
1.055999999999999994e-01 -5.741207217409514669e+02
1.057000000000000023e-01 -5.747068062654288951e+02
1.058000000000000052e-01 -5.753775668185560335e+02
1.059000000000000080e-01 -5.761408791333433328e+02
1.060000000000000109e-01 -5.769912112741344572e+02
1.060999999999999999e-01 -5.779108042811279802e+02
1.062000000000000027e-01 -5.788752693921844639e+02
1.063000000000000056e-01 -5.798659515988306339e+02
1.064000000000000085e-01 -5.808418278476755177e+02
1.065000000000000113e-01 -5.818750158469202916e+02
1.066000000000000003e-01 -5.829426172668777326e+02
1.067000000000000032e-01 -5.840199667587456815e+02
1.068000000000000060e-01 -5.850937392916625868e+02
1.069000000000000089e-01 -5.861572347428085550e+02
1.070000000000000118e-01 -5.872091285295675789e+02
1.071000000000000008e-01 -5.882507269968743913e+02
1.072000000000000036e-01 -5.892836138635594807e+02
1.073000000000000065e-01 -5.903089833335973253e+02
1.074000000000000093e-01 -5.913185463662100574e+02
1.074999999999999983e-01 -5.923325479700783944e+02
1.076000000000000012e-01 -5.933509684144727316e+02
1.077000000000000041e-01 -5.943683062788534244e+02
1.078000000000000069e-01 -5.953823944453715740e+02
1.079000000000000098e-01 -5.963931064623014890e+02
1.079999999999999988e-01 -5.974008198031953043e+02
1.081000000000000016e-01 -5.984061278705601126e+02
1.082000000000000045e-01 -5.994095630254258822e+02
1.083000000000000074e-01 -6.004097249154501696e+02
1.084000000000000102e-01 -6.014075509138340294e+02
1.084999999999999992e-01 -6.024074508698749923e+02
1.086000000000000021e-01 -6.034099741740731133e+02
1.087000000000000050e-01 -6.044161077548355934e+02
1.088000000000000078e-01 -6.054275353616682196e+02
1.089000000000000107e-01 -6.064458156319595901e+02
1.089999999999999997e-01 -6.074699798762145520e+02
1.091000000000000025e-01 -6.084987170769040858e+02
1.092000000000000054e-01 -6.095310652218857967e+02
1.093000000000000083e-01 -6.105668587431862306e+02
1.094000000000000111e-01 -6.116056713955839541e+02
1.095000000000000001e-01 -6.126468454548984255e+02
1.096000000000000030e-01 -6.136901622492511024e+02
1.097000000000000058e-01 -6.147355390121011851e+02
1.098000000000000087e-01 -6.157838960557068049e+02
1.099000000000000116e-01 -6.168362674295742636e+02
1.100000000000000006e-01 -6.178925166731863783e+02
1.101000000000000034e-01 -6.189659095573470040e+02
1.102000000000000063e-01 -6.200894503585057009e+02
1.103000000000000091e-01 -6.212619345130624424e+02
1.104000000000000120e-01 -6.224741472247994807e+02
1.105000000000000010e-01 -6.237157976750518174e+02
1.106000000000000039e-01 -6.249786932098837724e+02
1.107000000000000067e-01 -6.262574342031633705e+02
1.108000000000000096e-01 -6.275483657156745494e+02
1.108999999999999986e-01 -6.288489321349607053e+02
1.110000000000000014e-01 -6.301572850271708148e+02
1.111000000000000043e-01 -6.314720419365395401e+02
1.112000000000000072e-01 -6.327921377199809285e+02
1.113000000000000100e-01 -6.341168244018073210e+02
1.113999999999999990e-01 -6.354483325921196410e+02
1.115000000000000019e-01 -6.367813591943166784e+02
1.116000000000000048e-01 -6.381160280100409636e+02
1.117000000000000076e-01 -6.394529870956642981e+02
1.118000000000000105e-01 -6.407923328541230603e+02
1.118999999999999995e-01 -6.421345764656675783e+02
1.120000000000000023e-01 -6.434814447363809222e+02
1.121000000000000052e-01 -6.448351568293262517e+02
1.122000000000000081e-01 -6.461946391719981193e+02
1.123000000000000109e-01 -6.475586731950553485e+02
1.123999999999999999e-01 -6.489265156839601332e+02
1.125000000000000028e-01 -6.502976716883778181e+02
1.126000000000000056e-01 -6.516717761864265412e+02
1.127000000000000085e-01 -6.530485333954123917e+02
1.128000000000000114e-01 -6.544277056497231797e+02
1.129000000000000004e-01 -6.558090922680826225e+02
1.130000000000000032e-01 -6.571924816952299579e+02
1.131000000000000061e-01 -6.585776747433359333e+02
1.132000000000000089e-01 -6.599645499960122379e+02
1.133000000000000118e-01 -6.613531577998362536e+02
1.134000000000000008e-01 -6.627436873708555822e+02
1.135000000000000037e-01 -6.641366969402223503e+02
1.136000000000000065e-01 -6.655314819883909649e+02
1.137000000000000094e-01 -6.669274833741559405e+02
1.138000000000000123e-01 -6.683229370697511058e+02
1.139000000000000012e-01 -6.697206909423813386e+02
1.140000000000000041e-01 -6.711205928139833077e+02
1.141000000000000070e-01 -6.725221760596316471e+02
1.142000000000000098e-01 -6.739254963380237768e+02
1.142999999999999988e-01 -6.753308322113214217e+02
1.144000000000000017e-01 -6.767385654763104412e+02
1.145000000000000046e-01 -6.781491603640778294e+02
1.146000000000000074e-01 -6.795632590102661652e+02
1.147000000000000103e-01 -6.809829466848561879e+02
1.147999999999999993e-01 -6.824125687960028017e+02
1.149000000000000021e-01 -6.838564502384076604e+02
1.150000000000000050e-01 -6.853155628800781187e+02
1.151000000000000079e-01 -6.867893299443645674e+02
1.152000000000000107e-01 -6.882770617852864916e+02
1.152999999999999997e-01 -6.897783836810824596e+02
1.154000000000000026e-01 -6.912932921360564933e+02
1.155000000000000054e-01 -6.928221899396470462e+02
1.156000000000000083e-01 -6.943672534472206053e+02
1.157000000000000112e-01 -6.959311625454289469e+02
1.158000000000000002e-01 -6.975147669330008284e+02
1.159000000000000030e-01 -6.991182113186550851e+02
1.160000000000000059e-01 -7.007415198709330753e+02
1.161000000000000087e-01 -7.023847997948653301e+02
1.162000000000000116e-01 -7.040480586811074772e+02
1.163000000000000006e-01 -7.057318679325092035e+02
1.164000000000000035e-01 -7.074347716415957166e+02
1.165000000000000063e-01 -7.091454493899848330e+02
1.166000000000000092e-01 -7.108871062860209804e+02
1.167000000000000121e-01 -7.126590222517399980e+02
1.168000000000000010e-01 -7.144598180877059121e+02
1.169000000000000039e-01 -7.162986072268917042e+02
1.170000000000000068e-01 -7.181851092738617126e+02
1.171000000000000096e-01 -7.201255451403671941e+02
1.172000000000000125e-01 -7.221215509215485326e+02
1.173000000000000015e-01 -7.241727743539786388e+02
1.174000000000000044e-01 -7.262800679885373256e+02
1.175000000000000072e-01 -7.284364109067073514e+02
1.176000000000000101e-01 -7.306368120454193331e+02
1.176999999999999991e-01 -7.328910381396190132e+02
1.178000000000000019e-01 -7.352224479143222879e+02
1.179000000000000048e-01 -7.376592319236141293e+02
1.180000000000000077e-01 -7.402205739284593164e+02
1.181000000000000105e-01 -7.429577531980851290e+02
1.181999999999999995e-01 -7.459435366027935288e+02
1.183000000000000024e-01 -7.491914098679327481e+02
1.184000000000000052e-01 -7.527026421617343885e+02
1.185000000000000081e-01 -7.564897036630741241e+02
1.186000000000000110e-01 -7.605309687050602179e+02
1.187000000000000000e-01 -7.648266380338700401e+02
1.188000000000000028e-01 -7.692993497024897351e+02
1.189000000000000057e-01 -7.735112283395272925e+02
1.190000000000000085e-01 -7.763296437521286180e+02
1.191000000000000114e-01 -7.778968054601082258e+02
1.192000000000000004e-01 -7.792425228777894972e+02
1.193000000000000033e-01 -7.807048240569554309e+02
1.194000000000000061e-01 -7.820839876418215226e+02
1.195000000000000090e-01 -7.832899433753481162e+02
1.196000000000000119e-01 -7.843744816699316971e+02
1.197000000000000008e-01 -7.854099834153651045e+02
1.198000000000000037e-01 -7.864560316812866176e+02
1.199000000000000066e-01 -7.875585127154940892e+02
1.200000000000000094e-01 -7.887406675270943879e+02
1.201000000000000123e-01 -7.900003120998970871e+02
1.202000000000000013e-01 -7.913237170216120830e+02
1.203000000000000042e-01 -7.926978096558698326e+02
1.204000000000000070e-01 -7.941070225045150437e+02
1.205000000000000099e-01 -7.955398990911685360e+02
1.205999999999999989e-01 -7.969931766849115320e+02
1.207000000000000017e-01 -7.984545418631030316e+02
1.208000000000000046e-01 -7.999122773650576619e+02
1.209000000000000075e-01 -8.013628706055418434e+02
1.210000000000000103e-01 -8.028080109648476537e+02
1.210999999999999993e-01 -8.042481425215790978e+02
1.212000000000000022e-01 -8.056838796322870166e+02
1.213000000000000050e-01 -8.071118510864597511e+02
1.214000000000000079e-01 -8.085288640201085855e+02
1.215000000000000108e-01 -8.099358999169035087e+02
1.215999999999999998e-01 -8.113378544816207523e+02
1.217000000000000026e-01 -8.127405479207554890e+02
1.218000000000000055e-01 -8.141484623255242923e+02
1.219000000000000083e-01 -8.155623135998363296e+02
1.220000000000000112e-01 -8.169814103538562904e+02
1.221000000000000002e-01 -8.184048845789586721e+02
1.222000000000000031e-01 -8.198320401521945087e+02
1.223000000000000059e-01 -8.212623413952400142e+02
1.224000000000000088e-01 -8.226953248415063626e+02
1.225000000000000117e-01 -8.241305430324549661e+02
1.226000000000000006e-01 -8.255675487412580651e+02
1.227000000000000035e-01 -8.270051049003615162e+02
1.228000000000000064e-01 -8.284407856865715303e+02
1.229000000000000092e-01 -8.298731701799096072e+02
1.230000000000000121e-01 -8.313027310900379234e+02
1.231000000000000011e-01 -8.327305051131947948e+02
1.232000000000000040e-01 -8.341573736878704040e+02
1.233000000000000068e-01 -8.355839235905039004e+02
1.234000000000000097e-01 -8.370105271869477974e+02
1.235000000000000125e-01 -8.384374402831867883e+02
1.236000000000000015e-01 -8.398648615824636181e+02
1.237000000000000044e-01 -8.412929577836843009e+02
1.238000000000000073e-01 -8.427218735655869750e+02
1.239000000000000101e-01 -8.441518149184780668e+02
1.239999999999999991e-01 -8.455829476303928232e+02
1.241000000000000020e-01 -8.470153540039403879e+02
1.242000000000000048e-01 -8.484492363143135663e+02
1.243000000000000077e-01 -8.498849332740023783e+02
1.244000000000000106e-01 -8.513232988965256709e+02
1.244999999999999996e-01 -8.527642007772950592e+02
1.246000000000000024e-01 -8.542073193056659193e+02
1.247000000000000053e-01 -8.556522555444549880e+02
1.248000000000000081e-01 -8.570988785313477365e+02
1.249000000000000110e-01 -8.585473349167344850e+02
1.250000000000000000e-01 -8.599976806245048238e+02
1.251000000000000167e-01 -8.614503787647349782e+02
1.252000000000000057e-01 -8.629060916677041178e+02
1.252999999999999947e-01 -8.643638997526239791e+02
1.254000000000000115e-01 -8.658210386767132150e+02
1.255000000000000004e-01 -8.672735832457034348e+02
1.256000000000000172e-01 -8.687210110481745460e+02
1.257000000000000062e-01 -8.701645894030756381e+02
1.257999999999999952e-01 -8.716056655448400079e+02
1.259000000000000119e-01 -8.730452965952350723e+02
1.260000000000000009e-01 -8.744842966795970369e+02
1.261000000000000176e-01 -8.759232921971290580e+02
1.262000000000000066e-01 -8.773627505903742758e+02
1.262999999999999956e-01 -8.788030055406345582e+02
1.264000000000000123e-01 -8.802442839313415561e+02
1.265000000000000013e-01 -8.816867325424859700e+02
1.266000000000000181e-01 -8.831304415321785655e+02
1.267000000000000071e-01 -8.845754629062548702e+02
1.267999999999999960e-01 -8.860218235120365762e+02
1.269000000000000128e-01 -8.874695331027691054e+02
1.270000000000000018e-01 -8.889185893001362047e+02
1.271000000000000185e-01 -8.903690950064532217e+02
1.272000000000000075e-01 -8.918208734237095996e+02
1.272999999999999965e-01 -8.932738085154760483e+02
1.274000000000000132e-01 -8.947279598417761690e+02
1.275000000000000022e-01 -8.961832985388391535e+02
1.276000000000000190e-01 -8.976397711195025977e+02
1.277000000000000079e-01 -8.990973189657462399e+02
1.277999999999999969e-01 -9.005558852399317402e+02
1.279000000000000137e-01 -9.020154184923094363e+02
1.280000000000000027e-01 -9.034758750511637118e+02
1.281000000000000194e-01 -9.049372205373457518e+02
1.282000000000000084e-01 -9.063994305331650594e+02
1.282999999999999974e-01 -9.078624904645155311e+02
1.284000000000000141e-01 -9.093263948284214848e+02
1.285000000000000031e-01 -9.107911459473273226e+02
1.286000000000000199e-01 -9.122567524377998325e+02
1.287000000000000088e-01 -9.137232382662845112e+02
1.287999999999999978e-01 -9.151906623882559870e+02
1.289000000000000146e-01 -9.166590752781501124e+02
1.290000000000000036e-01 -9.181284849448727527e+02
1.290999999999999925e-01 -9.195988888744121823e+02
1.292000000000000093e-01 -9.210703513262250226e+02
1.292999999999999983e-01 -9.225440566227529189e+02
1.294000000000000150e-01 -9.240176856207859828e+02
1.295000000000000040e-01 -9.254917715787528323e+02
1.295999999999999930e-01 -9.269668577468701187e+02
1.297000000000000097e-01 -9.284105263131444872e+02
1.297999999999999987e-01 -9.298351342167743496e+02
1.299000000000000155e-01 -9.312791393994842792e+02
1.300000000000000044e-01 -9.327345330972855209e+02
1.300999999999999934e-01 -9.341848604515339503e+02
1.302000000000000102e-01 -9.355987345041379513e+02
1.302999999999999992e-01 -9.369762120048515044e+02
1.304000000000000159e-01 -9.382979859966052345e+02
1.305000000000000049e-01 -9.395984328424956402e+02
1.305999999999999939e-01 -9.408902132054539607e+02
1.307000000000000106e-01 -9.421731437295218257e+02
1.307999999999999996e-01 -9.434491735211622654e+02
1.309000000000000163e-01 -9.447205594570357334e+02
1.310000000000000053e-01 -9.459902712856425069e+02
1.310999999999999943e-01 -9.472586421810709680e+02
1.312000000000000111e-01 -9.485254949681816470e+02
1.313000000000000000e-01 -9.497923716949550226e+02
1.314000000000000168e-01 -9.510598196473083590e+02
1.315000000000000058e-01 -9.523280782533413458e+02
1.315999999999999948e-01 -9.535972646042143879e+02
1.317000000000000115e-01 -9.548674314949456630e+02
1.318000000000000005e-01 -9.561229966415934314e+02
1.319000000000000172e-01 -9.574537143837275153e+02
1.320000000000000062e-01 -9.588317559079293915e+02
1.320999999999999952e-01 -9.601975737186179458e+02
1.322000000000000119e-01 -9.615483558280174066e+02
1.323000000000000009e-01 -9.628890038127696016e+02
1.324000000000000177e-01 -9.642231316876184337e+02
1.325000000000000067e-01 -9.655518392426940864e+02
1.325999999999999956e-01 -9.669038356388621196e+02
1.327000000000000124e-01 -9.683560132990104421e+02
1.328000000000000014e-01 -9.697937950260054549e+02
1.329000000000000181e-01 -9.711944538962595743e+02
1.330000000000000071e-01 -9.725639506120993474e+02
1.330999999999999961e-01 -9.739110035968914190e+02
1.332000000000000128e-01 -9.752421423861258063e+02
1.333000000000000018e-01 -9.765618927005368732e+02
1.334000000000000186e-01 -9.778734239925712473e+02
1.335000000000000075e-01 -9.791783939674302246e+02
1.335999999999999965e-01 -9.804786236635283103e+02
1.337000000000000133e-01 -9.817752250631774587e+02
1.338000000000000023e-01 -9.830716973728117409e+02
1.339000000000000190e-01 -9.843668929929278875e+02
1.340000000000000080e-01 -9.856560226368887925e+02
1.340999999999999970e-01 -9.869438579335721897e+02
1.342000000000000137e-01 -9.882319490061439637e+02
1.343000000000000027e-01 -9.895190492818375105e+02
1.344000000000000195e-01 -9.908065082136813544e+02
1.345000000000000084e-01 -9.920949407438952221e+02
1.345999999999999974e-01 -9.933846874817281787e+02
1.347000000000000142e-01 -9.946759814892809572e+02
1.348000000000000032e-01 -9.959689754492603697e+02
1.349000000000000199e-01 -9.972637423884140162e+02
1.350000000000000089e-01 -9.985602742730892487e+02
1.350999999999999979e-01 -9.998584793403721278e+02
1.352000000000000146e-01 -1.001158160461568514e+03
1.353000000000000036e-01 -1.002458540601504751e+03
1.354000000000000203e-01 -1.003757743400494633e+03
1.355000000000000093e-01 -1.005055474528034665e+03
1.355999999999999983e-01 -1.006352007375589210e+03
1.357000000000000151e-01 -1.007647553781188094e+03
1.358000000000000040e-01 -1.008943009240687047e+03
1.358999999999999930e-01 -1.010237827707518250e+03
1.360000000000000098e-01 -1.011533868951837690e+03
1.360999999999999988e-01 -1.012832084629148653e+03
1.362000000000000155e-01 -1.014126845294847158e+03
1.363000000000000045e-01 -1.015419524394062478e+03
1.363999999999999935e-01 -1.016710735670264739e+03
1.365000000000000102e-01 -1.018001440674378273e+03
1.365999999999999992e-01 -1.019291981042502584e+03
1.367000000000000159e-01 -1.020582454894652983e+03
1.368000000000000049e-01 -1.021872860082512489e+03
1.368999999999999939e-01 -1.023163259958161461e+03
1.370000000000000107e-01 -1.024453735631655945e+03
1.370999999999999996e-01 -1.025744370840609008e+03
1.372000000000000164e-01 -1.027035248277901246e+03
1.373000000000000054e-01 -1.028326447013741472e+03
1.373999999999999944e-01 -1.029618039735251614e+03
1.375000000000000111e-01 -1.030910090181652549e+03
1.376000000000000001e-01 -1.032202651090926793e+03
1.377000000000000168e-01 -1.033495762580133942e+03
1.378000000000000058e-01 -1.034789450542254372e+03
1.378999999999999948e-01 -1.036083724354258948e+03
1.380000000000000115e-01 -1.037378766430461383e+03
1.381000000000000005e-01 -1.038675596050956301e+03
1.382000000000000173e-01 -1.039972996641549798e+03
1.383000000000000063e-01 -1.041270143471397660e+03
1.383999999999999952e-01 -1.042565909535169112e+03
1.385000000000000120e-01 -1.043860469584346447e+03
1.386000000000000010e-01 -1.045156731142655417e+03
1.387000000000000177e-01 -1.046455223231259197e+03
1.388000000000000067e-01 -1.047759778905113762e+03
1.388999999999999957e-01 -1.049077802587595897e+03
1.390000000000000124e-01 -1.050384196709226444e+03
1.391000000000000014e-01 -1.051692014906261193e+03
1.392000000000000182e-01 -1.053007318495212985e+03
1.393000000000000071e-01 -1.054330387440483264e+03
1.393999999999999961e-01 -1.055647516650525404e+03
1.395000000000000129e-01 -1.056961125273805692e+03
1.396000000000000019e-01 -1.058262395593433439e+03
1.397000000000000186e-01 -1.059555393926860233e+03
1.398000000000000076e-01 -1.060845608652245573e+03
1.398999999999999966e-01 -1.062127575340634849e+03
1.400000000000000133e-01 -1.063401758736913280e+03
1.401000000000000023e-01 -1.064683868164653404e+03
1.402000000000000191e-01 -1.065970947173369268e+03
1.403000000000000080e-01 -1.067258727208078199e+03
1.403999999999999970e-01 -1.068547395487549693e+03
1.405000000000000138e-01 -1.069835023160855371e+03
1.406000000000000028e-01 -1.071125686556410983e+03
1.407000000000000195e-01 -1.072430685167063302e+03
1.408000000000000085e-01 -1.073745699677444918e+03
1.408999999999999975e-01 -1.075062579683313515e+03
1.410000000000000142e-01 -1.076371597637083141e+03
1.411000000000000032e-01 -1.077667608197745722e+03
1.412000000000000199e-01 -1.078954334744500557e+03
1.413000000000000089e-01 -1.080240636195976094e+03
1.413999999999999979e-01 -1.081533867803799012e+03
1.415000000000000147e-01 -1.082837421665661623e+03
1.416000000000000036e-01 -1.084151028544228666e+03
1.417000000000000204e-01 -1.085470709951272056e+03
1.418000000000000094e-01 -1.086791555549819577e+03
1.418999999999999984e-01 -1.088110754234016440e+03
1.420000000000000151e-01 -1.089427988146174357e+03
1.421000000000000041e-01 -1.090743624654237010e+03
1.421999999999999931e-01 -1.092056000322806085e+03
1.423000000000000098e-01 -1.093358752631367679e+03
1.423999999999999988e-01 -1.094638228643744242e+03
1.425000000000000155e-01 -1.095882871238915868e+03
1.426000000000000045e-01 -1.097082495118085717e+03
1.426999999999999935e-01 -1.098224451080729523e+03
1.428000000000000103e-01 -1.099298260029166386e+03
1.428999999999999992e-01 -1.100288213239681909e+03
1.430000000000000160e-01 -1.101176249463250088e+03
1.431000000000000050e-01 -1.101942198500327777e+03
1.431999999999999940e-01 -1.102566933809877355e+03
1.433000000000000107e-01 -1.103042667900657761e+03
1.433999999999999997e-01 -1.103375367122384660e+03
1.435000000000000164e-01 -1.103559498075600686e+03
1.436000000000000054e-01 -1.103584098514025527e+03
1.436999999999999944e-01 -1.103429292554837957e+03
1.438000000000000111e-01 -1.103095714391810134e+03
1.439000000000000001e-01 -1.102569228655161851e+03
1.440000000000000169e-01 -1.101856865528008257e+03
1.441000000000000059e-01 -1.100966571371451437e+03
1.441999999999999948e-01 -1.099916590086937504e+03
1.443000000000000116e-01 -1.098837569029174574e+03
1.444000000000000006e-01 -1.097804127781862690e+03
1.445000000000000173e-01 -1.096962836473063362e+03
1.446000000000000063e-01 -1.096329065952281098e+03
1.446999999999999953e-01 -1.095881446056644336e+03
1.448000000000000120e-01 -1.095706919331629933e+03
1.449000000000000010e-01 -1.095623390951388956e+03
1.450000000000000178e-01 -1.095467487550336728e+03
1.451000000000000068e-01 -1.095255351413115022e+03
1.451999999999999957e-01 -1.094260670583933688e+03
1.453000000000000125e-01 -1.092843398192994982e+03
1.454000000000000015e-01 -1.091789279731640818e+03
1.455000000000000182e-01 -1.091548299933978114e+03
1.456000000000000072e-01 -1.091880065082730880e+03
1.456999999999999962e-01 -1.092464437191766365e+03
1.458000000000000129e-01 -1.093149568222124572e+03
1.459000000000000019e-01 -1.093925294739642595e+03
1.460000000000000187e-01 -1.094805031270562722e+03
1.461000000000000076e-01 -1.095792687759185810e+03
1.461999999999999966e-01 -1.096889581022249558e+03
1.463000000000000134e-01 -1.098072573791332161e+03
1.464000000000000024e-01 -1.099304825674840231e+03
1.465000000000000191e-01 -1.100627772078469661e+03
1.466000000000000081e-01 -1.102012253259873660e+03
1.466999999999999971e-01 -1.103423185411706072e+03
1.468000000000000138e-01 -1.104834238617227129e+03
1.469000000000000028e-01 -1.106233758949435014e+03
1.470000000000000195e-01 -1.107633450808149746e+03
1.471000000000000085e-01 -1.109039426842551848e+03
1.471999999999999975e-01 -1.110436011980479634e+03
1.473000000000000143e-01 -1.111836167295531595e+03
1.474000000000000032e-01 -1.113243742389370709e+03
1.475000000000000200e-01 -1.114659699891066339e+03
1.476000000000000090e-01 -1.116098398961565863e+03
1.476999999999999980e-01 -1.117539032122195977e+03
1.478000000000000147e-01 -1.118978674667017458e+03
1.479000000000000037e-01 -1.120421044143297877e+03
1.480000000000000204e-01 -1.121866411436548560e+03
1.481000000000000094e-01 -1.123317060204935387e+03
1.481999999999999984e-01 -1.124785857391048694e+03
1.483000000000000151e-01 -1.126243081093215096e+03
1.484000000000000041e-01 -1.127694461275789081e+03
1.485000000000000209e-01 -1.129144993938719153e+03
1.486000000000000099e-01 -1.130596624960200188e+03
1.486999999999999988e-01 -1.132053490709487733e+03
1.488000000000000156e-01 -1.133526132057540281e+03
1.489000000000000046e-01 -1.135001740259687040e+03
1.489999999999999936e-01 -1.136463549057791624e+03
1.491000000000000103e-01 -1.137920355187278119e+03
1.491999999999999993e-01 -1.139380052538198015e+03
1.493000000000000160e-01 -1.140847095582984821e+03
1.494000000000000050e-01 -1.142313608449103640e+03
1.494999999999999940e-01 -1.143780887968328670e+03
1.496000000000000107e-01 -1.145246960041202556e+03
1.496999999999999997e-01 -1.146715379695772981e+03
1.498000000000000165e-01 -1.148188490562350353e+03
1.499000000000000055e-01 -1.149663244968184472e+03
1.499999999999999944e-01 -1.151140706845041450e+03
1.501000000000000112e-01 -1.154375943264229818e+03
1.502000000000000002e-01 -1.158888971999174601e+03
1.503000000000000169e-01 -1.163949688728691854e+03
1.504000000000000059e-01 -1.169531015547935567e+03
1.504999999999999949e-01 -1.175876033947197129e+03
1.506000000000000116e-01 -1.182947008050586192e+03
1.507000000000000006e-01 -1.190766085606620209e+03
1.508000000000000174e-01 -1.199115193278531706e+03
1.509000000000000064e-01 -1.207898489698403182e+03
1.509999999999999953e-01 -1.217221425955301584e+03
1.511000000000000121e-01 -1.225458462197178960e+03
1.512000000000000011e-01 -1.231341819965054583e+03
1.513000000000000178e-01 -1.235646012292848582e+03
1.514000000000000068e-01 -1.239090080832449075e+03
1.514999999999999958e-01 -1.241863123986641995e+03
1.516000000000000125e-01 -1.244053567839279140e+03
1.517000000000000015e-01 -1.245715184316345358e+03
1.518000000000000183e-01 -1.246923465045995044e+03
1.519000000000000072e-01 -1.247839995039810674e+03
1.519999999999999962e-01 -1.248687481696941859e+03
1.521000000000000130e-01 -1.249383378558635059e+03
1.522000000000000020e-01 -1.249906844401550870e+03
1.523000000000000187e-01 -1.250267162911244213e+03
1.524000000000000077e-01 -1.250373555336459276e+03
1.524999999999999967e-01 -1.250346228196189259e+03
1.526000000000000134e-01 -1.250588667587219334e+03
1.527000000000000024e-01 -1.251670481492740237e+03
1.528000000000000191e-01 -1.253115666735228615e+03
1.529000000000000081e-01 -1.255033349906771036e+03
1.529999999999999971e-01 -1.256914160529955325e+03
1.531000000000000139e-01 -1.258461158651130518e+03
1.532000000000000028e-01 -1.259582328137885042e+03
1.533000000000000196e-01 -1.260220892623279042e+03
1.534000000000000086e-01 -1.260409547852888409e+03
1.534999999999999976e-01 -1.260258219345924317e+03
1.536000000000000143e-01 -1.259868746374415423e+03
1.537000000000000033e-01 -1.259234371412165046e+03
1.538000000000000200e-01 -1.258317261165719401e+03
1.539000000000000090e-01 -1.257064494389935362e+03
1.539999999999999980e-01 -1.255519561163491517e+03
1.541000000000000147e-01 -1.253759914592490532e+03
1.542000000000000037e-01 -1.251777275234564058e+03
1.543000000000000205e-01 -1.249532665462920704e+03
1.544000000000000095e-01 -1.247074373383242801e+03
1.544999999999999984e-01 -1.244698069089573664e+03
1.546000000000000152e-01 -1.242681641012655973e+03
1.547000000000000042e-01 -1.241187444319033375e+03
1.548000000000000209e-01 -1.240215866189580765e+03
1.549000000000000099e-01 -1.239872262069855196e+03
1.549999999999999989e-01 -1.240524155505677982e+03
1.551000000000000156e-01 -1.241965636528005462e+03
1.552000000000000046e-01 -1.243795660264516982e+03
1.552999999999999936e-01 -1.245754956370696164e+03
1.554000000000000103e-01 -1.247685862525570656e+03
1.554999999999999993e-01 -1.249520732392839818e+03
1.556000000000000161e-01 -1.251231911191015570e+03
1.557000000000000051e-01 -1.252766381569447276e+03
1.557999999999999940e-01 -1.254202244881102615e+03
1.559000000000000108e-01 -1.255554058353041455e+03
1.559999999999999998e-01 -1.256836719392139457e+03
1.561000000000000165e-01 -1.258101343690776275e+03
1.562000000000000055e-01 -1.259388456958386314e+03
1.562999999999999945e-01 -1.260736215675470930e+03
1.564000000000000112e-01 -1.262130300280383381e+03
1.565000000000000002e-01 -1.263586589322230566e+03
1.566000000000000170e-01 -1.265120829881354211e+03
1.567000000000000060e-01 -1.266693661446588521e+03
1.567999999999999949e-01 -1.268275113763365653e+03
1.569000000000000117e-01 -1.269855423175365104e+03
1.570000000000000007e-01 -1.271403279581566267e+03
1.571000000000000174e-01 -1.272923514592662059e+03
1.572000000000000064e-01 -1.274434896273656477e+03
1.572999999999999954e-01 -1.275949665894476084e+03
1.574000000000000121e-01 -1.277486937793323477e+03
1.575000000000000011e-01 -1.279035454118697771e+03
1.576000000000000179e-01 -1.280586672646115403e+03
1.577000000000000068e-01 -1.282136863837137980e+03
1.577999999999999958e-01 -1.283688521671011358e+03
1.579000000000000126e-01 -1.285231759575510978e+03
1.580000000000000016e-01 -1.286765005023336244e+03
1.581000000000000183e-01 -1.288291784013812958e+03
1.582000000000000073e-01 -1.289811966557543201e+03
1.582999999999999963e-01 -1.291331703496305181e+03
1.584000000000000130e-01 -1.292856839830981244e+03
1.585000000000000020e-01 -1.294402743927228585e+03
1.586000000000000187e-01 -1.295937774300057981e+03
1.587000000000000077e-01 -1.297476475058864025e+03
1.587999999999999967e-01 -1.299024531695852147e+03
1.589000000000000135e-01 -1.300580108372882023e+03
1.590000000000000024e-01 -1.302148196975346764e+03
1.591000000000000192e-01 -1.303734645627719829e+03
1.592000000000000082e-01 -1.305315735062258909e+03
1.592999999999999972e-01 -1.306896626700467095e+03
1.594000000000000139e-01 -1.308477094096323299e+03
1.595000000000000029e-01 -1.310059377783696164e+03
1.596000000000000196e-01 -1.311649546782706693e+03
1.597000000000000086e-01 -1.313237276833687247e+03
1.597999999999999976e-01 -1.314822628486350823e+03
1.599000000000000143e-01 -1.316407801833343910e+03
1.600000000000000033e-01 -1.317995656513270205e+03
1.601000000000000201e-01 -1.319600349397989021e+03
1.602000000000000091e-01 -1.321260033481246637e+03
1.602999999999999980e-01 -1.322981131700075593e+03
1.604000000000000148e-01 -1.324755840194634629e+03
1.605000000000000038e-01 -1.326573131959576358e+03
1.606000000000000205e-01 -1.328417340770742385e+03
1.607000000000000095e-01 -1.330279293607479303e+03
1.607999999999999985e-01 -1.332154620174692354e+03
1.609000000000000152e-01 -1.334036628801682582e+03
1.610000000000000042e-01 -1.335924086140309100e+03
1.611000000000000210e-01 -1.337813094929650106e+03
1.612000000000000099e-01 -1.339703694449197656e+03
1.612999999999999989e-01 -1.341596120523844093e+03
1.614000000000000157e-01 -1.343490440170648753e+03
1.615000000000000047e-01 -1.345385869466914528e+03
1.616000000000000214e-01 -1.347283550211841430e+03
1.617000000000000104e-01 -1.349184329025932811e+03
1.617999999999999994e-01 -1.351093423509433705e+03
1.619000000000000161e-01 -1.353005456896768010e+03
1.620000000000000051e-01 -1.354915633425804344e+03
1.620999999999999941e-01 -1.356823603242758509e+03
1.622000000000000108e-01 -1.358731834221649706e+03
1.622999999999999998e-01 -1.360638736936164378e+03
1.624000000000000166e-01 -1.362545277570892722e+03
1.625000000000000056e-01 -1.364452801528166901e+03
1.625999999999999945e-01 -1.366362786589552115e+03
1.627000000000000113e-01 -1.368280037933841413e+03
1.628000000000000003e-01 -1.370192755443105852e+03
1.629000000000000170e-01 -1.372103453136639018e+03
1.630000000000000060e-01 -1.374015823031787477e+03
1.630999999999999950e-01 -1.375931681590250946e+03
1.632000000000000117e-01 -1.377853525356930049e+03
1.633000000000000007e-01 -1.379784328581135014e+03
1.634000000000000175e-01 -1.381724260851021882e+03
1.635000000000000064e-01 -1.383672259477048783e+03
1.635999999999999954e-01 -1.385626900271770182e+03
1.637000000000000122e-01 -1.387586824422767904e+03
1.638000000000000012e-01 -1.389550925462914620e+03
1.639000000000000179e-01 -1.391518392069302081e+03
1.640000000000000069e-01 -1.393488675397818952e+03
1.640999999999999959e-01 -1.395461427121362249e+03
1.642000000000000126e-01 -1.397436435776430471e+03
1.643000000000000016e-01 -1.399413575329904234e+03
1.644000000000000183e-01 -1.401394050518061022e+03
1.645000000000000073e-01 -1.403380111756398264e+03
1.645999999999999963e-01 -1.405367499884528115e+03
1.647000000000000131e-01 -1.407353338439364734e+03
1.648000000000000020e-01 -1.409336929485486735e+03
1.649000000000000188e-01 -1.411318870427484171e+03
1.650000000000000078e-01 -1.413300357869997015e+03
1.650999999999999968e-01 -1.415282759212329438e+03
1.652000000000000135e-01 -1.417267431876607816e+03
1.653000000000000025e-01 -1.419255825433078826e+03
1.654000000000000192e-01 -1.421251979901020377e+03
1.655000000000000082e-01 -1.423264245866711462e+03
1.655999999999999972e-01 -1.425296052588111024e+03
1.657000000000000139e-01 -1.427348009345777200e+03
1.658000000000000029e-01 -1.429422328418839470e+03
1.659000000000000197e-01 -1.431520887609024612e+03
1.660000000000000087e-01 -1.433643636204694758e+03
1.660999999999999976e-01 -1.435790167452716332e+03
1.662000000000000144e-01 -1.437960301558477340e+03
1.663000000000000034e-01 -1.440154258948564802e+03
1.664000000000000201e-01 -1.442372639364285305e+03
1.665000000000000091e-01 -1.444616320118478825e+03
1.665999999999999981e-01 -1.446886401911852317e+03
1.667000000000000148e-01 -1.449185535711410239e+03
1.668000000000000038e-01 -1.451518402681260795e+03
1.669000000000000206e-01 -1.453884764357223958e+03
1.670000000000000095e-01 -1.456282595692901623e+03
1.670999999999999985e-01 -1.458713850369463898e+03
1.672000000000000153e-01 -1.461177915188201496e+03
1.673000000000000043e-01 -1.463686476912064791e+03
1.674000000000000210e-01 -1.466263519315445137e+03
1.675000000000000100e-01 -1.468943682216773823e+03
1.675999999999999990e-01 -1.471729939285992486e+03
1.677000000000000157e-01 -1.474597816470024554e+03
1.678000000000000047e-01 -1.477537453311611671e+03
1.679000000000000214e-01 -1.480547668166567519e+03
1.680000000000000104e-01 -1.483644310366741820e+03
1.680999999999999994e-01 -1.486858455384585341e+03
1.682000000000000162e-01 -1.490214567534671460e+03
1.683000000000000052e-01 -1.493729620086358182e+03
1.684000000000000219e-01 -1.497417399288081697e+03
1.685000000000000109e-01 -1.501296130949121334e+03
1.685999999999999999e-01 -1.505411869136615451e+03
1.687000000000000166e-01 -1.509799242254135834e+03
1.688000000000000056e-01 -1.514502598387782655e+03
1.688999999999999946e-01 -1.519509925463356240e+03
1.690000000000000113e-01 -1.524980704343173329e+03
1.691000000000000003e-01 -1.530956741512883582e+03
1.692000000000000171e-01 -1.537509720616007826e+03
1.693000000000000060e-01 -1.544059783791146629e+03
1.693999999999999950e-01 -1.548268049326585697e+03
1.695000000000000118e-01 -1.549981901627104662e+03
1.696000000000000008e-01 -1.551100145260415729e+03
1.697000000000000175e-01 -1.552299239810501604e+03
1.698000000000000065e-01 -1.553692690745082018e+03
1.698999999999999955e-01 -1.555307399141221140e+03
1.700000000000000122e-01 -1.557094745576732748e+03
1.701000000000000012e-01 -1.558908625011005142e+03
1.702000000000000179e-01 -1.560722067486675542e+03
1.703000000000000069e-01 -1.562563254221262241e+03
1.703999999999999959e-01 -1.564456096769039959e+03
1.705000000000000127e-01 -1.566403139058472561e+03
1.706000000000000016e-01 -1.568384974814628094e+03
1.707000000000000184e-01 -1.570377240811715637e+03
1.708000000000000074e-01 -1.572363138834651181e+03
1.708999999999999964e-01 -1.574335302819449225e+03
1.710000000000000131e-01 -1.576291626046660440e+03
1.711000000000000021e-01 -1.578233108496641307e+03
1.712000000000000188e-01 -1.580163202570048952e+03
1.713000000000000078e-01 -1.582089077990011674e+03
1.713999999999999968e-01 -1.584014789295020819e+03
1.715000000000000135e-01 -1.585944194501211769e+03
1.716000000000000025e-01 -1.587882179465768104e+03
1.717000000000000193e-01 -1.589822934057170869e+03
1.718000000000000083e-01 -1.591770195075826223e+03
1.718999999999999972e-01 -1.593731376848990067e+03
1.720000000000000140e-01 -1.595700601905277836e+03
1.721000000000000030e-01 -1.597674005010778274e+03
1.722000000000000197e-01 -1.599654298013620291e+03
1.723000000000000087e-01 -1.601641198106198544e+03
1.723999999999999977e-01 -1.603632854041009750e+03
1.725000000000000144e-01 -1.605627466291925884e+03
1.726000000000000034e-01 -1.607623514026843168e+03
1.727000000000000202e-01 -1.609619487654647628e+03
1.728000000000000091e-01 -1.611611547268724735e+03
1.728999999999999981e-01 -1.613594924895945724e+03
1.730000000000000149e-01 -1.615568840832232127e+03
1.731000000000000039e-01 -1.617535611617757240e+03
1.732000000000000206e-01 -1.619497610058879900e+03
1.733000000000000096e-01 -1.621456637087753734e+03
1.733999999999999986e-01 -1.623413992853186528e+03
1.735000000000000153e-01 -1.625370758383684688e+03
1.736000000000000043e-01 -1.627327779880607068e+03
1.737000000000000210e-01 -1.629285704232362605e+03
1.738000000000000100e-01 -1.631245080684264622e+03
1.738999999999999990e-01 -1.633206365434924237e+03
1.740000000000000158e-01 -1.635169953947457088e+03
1.741000000000000048e-01 -1.637136216057536558e+03
1.742000000000000215e-01 -1.639105302542376876e+03
1.743000000000000105e-01 -1.641077227281585920e+03
1.743999999999999995e-01 -1.643052195744835217e+03
1.745000000000000162e-01 -1.645030358640764007e+03
1.746000000000000052e-01 -1.647011707328732882e+03
1.747000000000000219e-01 -1.648996162566068051e+03
1.748000000000000109e-01 -1.650983610691883086e+03
1.748999999999999999e-01 -1.652973937378180381e+03
1.750000000000000167e-01 -1.654967141853752537e+03
1.751000000000000056e-01 -1.656963244139132030e+03
1.751999999999999946e-01 -1.658962388982939046e+03
1.753000000000000114e-01 -1.660965992439522552e+03
1.754000000000000004e-01 -1.662973665098920719e+03
1.755000000000000171e-01 -1.664985072854718737e+03
1.756000000000000061e-01 -1.667001404921355970e+03
1.756999999999999951e-01 -1.669020737972339248e+03
1.758000000000000118e-01 -1.671040486957743497e+03
1.759000000000000008e-01 -1.673060433973727186e+03
1.760000000000000175e-01 -1.675080899009433551e+03
1.761000000000000065e-01 -1.677102004773703129e+03
1.761999999999999955e-01 -1.679123696010555705e+03
1.763000000000000123e-01 -1.681145846720226018e+03
1.764000000000000012e-01 -1.683168331565155768e+03
1.765000000000000180e-01 -1.685191057928185273e+03
1.766000000000000070e-01 -1.687213998360467713e+03
1.766999999999999960e-01 -1.689237243276557820e+03
1.768000000000000127e-01 -1.691261135463022811e+03
1.769000000000000017e-01 -1.693285981710542956e+03
1.770000000000000184e-01 -1.695311975528414450e+03
1.771000000000000074e-01 -1.697335088242539086e+03
1.771999999999999964e-01 -1.699347448463212004e+03
1.773000000000000131e-01 -1.701363028159836176e+03
1.774000000000000021e-01 -1.703378634148023139e+03
1.775000000000000189e-01 -1.705393391451524622e+03
1.776000000000000079e-01 -1.707405441969132198e+03
1.776999999999999968e-01 -1.709414477820695993e+03
1.778000000000000136e-01 -1.711430566489774719e+03
1.779000000000000026e-01 -1.713448529931103849e+03
1.780000000000000193e-01 -1.715466023191191425e+03
1.781000000000000083e-01 -1.717482434767219047e+03
1.781999999999999973e-01 -1.719497893583008135e+03
1.783000000000000140e-01 -1.721512776606157786e+03
1.784000000000000030e-01 -1.723527421555139199e+03
1.785000000000000198e-01 -1.725542168911676754e+03
1.786000000000000087e-01 -1.727557485034525371e+03
1.786999999999999977e-01 -1.729574323037638351e+03
1.788000000000000145e-01 -1.731592177538078204e+03
1.789000000000000035e-01 -1.733610307327306600e+03
1.790000000000000202e-01 -1.735628728422857876e+03
1.791000000000000092e-01 -1.737647787907291786e+03
1.791999999999999982e-01 -1.739667926160768275e+03
1.793000000000000149e-01 -1.741691496199531684e+03
1.794000000000000039e-01 -1.743718699947745790e+03
1.795000000000000207e-01 -1.745747733198475089e+03
1.796000000000000096e-01 -1.747777208798101128e+03
1.796999999999999986e-01 -1.749806767495738768e+03
1.798000000000000154e-01 -1.751836925855030131e+03
1.799000000000000044e-01 -1.753868300708945526e+03
1.800000000000000211e-01 -1.755901321419059968e+03
1.801000000000000101e-01 -1.757923185545369506e+03
1.801999999999999991e-01 -1.759904104080126899e+03
1.803000000000000158e-01 -1.761844474588097910e+03
1.804000000000000048e-01 -1.763753138133259199e+03
1.805000000000000215e-01 -1.765638656902206321e+03
1.806000000000000105e-01 -1.767507627632375943e+03
1.806999999999999995e-01 -1.769364739033995647e+03
1.808000000000000163e-01 -1.771213221496275992e+03
1.809000000000000052e-01 -1.773055316645780749e+03
1.810000000000000220e-01 -1.774893608512684523e+03
1.811000000000000110e-01 -1.776727883397878713e+03
1.812000000000000000e-01 -1.778559859659501626e+03
1.813000000000000167e-01 -1.780388679145040896e+03
1.814000000000000057e-01 -1.782214502210109913e+03
1.815000000000000224e-01 -1.784038013331445654e+03
1.816000000000000114e-01 -1.785859997187929366e+03
1.817000000000000004e-01 -1.787681187889332705e+03
1.818000000000000171e-01 -1.789502177159961775e+03
1.819000000000000061e-01 -1.791323400691115012e+03
1.819999999999999951e-01 -1.793145143944401752e+03
1.821000000000000119e-01 -1.794967538106934171e+03
1.822000000000000008e-01 -1.796790210112199247e+03
1.823000000000000176e-01 -1.798611729402050059e+03
1.824000000000000066e-01 -1.800431372011396888e+03
1.824999999999999956e-01 -1.802249776718673274e+03
1.826000000000000123e-01 -1.804067637602221794e+03
1.827000000000000013e-01 -1.805885433995137191e+03
1.828000000000000180e-01 -1.807703522556794724e+03
1.829000000000000070e-01 -1.809522199111719601e+03
1.829999999999999960e-01 -1.811341669806055052e+03
1.831000000000000127e-01 -1.813162057935103348e+03
1.832000000000000017e-01 -1.814983417727640244e+03
1.833000000000000185e-01 -1.816805744299182152e+03
1.834000000000000075e-01 -1.818628971786559759e+03
1.834999999999999964e-01 -1.820452871120383406e+03
1.836000000000000132e-01 -1.822276288398313227e+03
1.837000000000000022e-01 -1.824098573874264503e+03
1.838000000000000189e-01 -1.825920168671782903e+03
1.839000000000000079e-01 -1.827741422982115637e+03
1.839999999999999969e-01 -1.829562749925501976e+03
1.841000000000000136e-01 -1.831383547753836410e+03
1.842000000000000026e-01 -1.833203986674510588e+03
1.843000000000000194e-01 -1.835024330717120847e+03
1.844000000000000083e-01 -1.836845385941647919e+03
1.844999999999999973e-01 -1.838666395157757279e+03
1.846000000000000141e-01 -1.840488899928910769e+03
1.847000000000000031e-01 -1.842312734788299622e+03
1.848000000000000198e-01 -1.844137440892900031e+03
1.849000000000000088e-01 -1.845962507912144019e+03
1.849999999999999978e-01 -1.847787099567836094e+03
1.851000000000000145e-01 -1.849611647106179589e+03
1.852000000000000035e-01 -1.851436370618757792e+03
1.853000000000000203e-01 -1.853261468259852563e+03
1.854000000000000092e-01 -1.855087099607337450e+03
1.854999999999999982e-01 -1.856913365552759160e+03
1.856000000000000150e-01 -1.858740695273521169e+03
1.857000000000000040e-01 -1.860569776156877197e+03
1.858000000000000207e-01 -1.862402828901554130e+03
1.859000000000000097e-01 -1.864239546783761398e+03
1.859999999999999987e-01 -1.866078571064410198e+03
1.861000000000000154e-01 -1.867921234135462328e+03
1.862000000000000044e-01 -1.869765954338034817e+03
1.863000000000000211e-01 -1.871607925116301431e+03
1.864000000000000101e-01 -1.873451296589858202e+03
1.864999999999999991e-01 -1.875301987512046708e+03
1.866000000000000159e-01 -1.877161705846481937e+03
1.867000000000000048e-01 -1.879029821727672470e+03
1.868000000000000216e-01 -1.880904809012291253e+03
1.869000000000000106e-01 -1.882784648968241527e+03
1.869999999999999996e-01 -1.884667764674532009e+03
1.871000000000000163e-01 -1.886552676423396861e+03
1.872000000000000053e-01 -1.888438123679087312e+03
1.873000000000000220e-01 -1.890323067830438731e+03
1.874000000000000110e-01 -1.892206847642997218e+03
1.875000000000000000e-01 -1.894089229764209449e+03
1.876000000000000167e-01 -1.895970101675017531e+03
1.877000000000000057e-01 -1.897849475143383415e+03
1.878000000000000225e-01 -1.899727544430783837e+03
1.879000000000000115e-01 -1.901604648627620463e+03
1.880000000000000004e-01 -1.903481162535830435e+03
1.881000000000000172e-01 -1.905358351548993824e+03
1.882000000000000062e-01 -1.907243045068049696e+03
1.882999999999999952e-01 -1.909134744337608709e+03
1.884000000000000119e-01 -1.911020918626104731e+03
1.885000000000000009e-01 -1.912896827694696185e+03
1.886000000000000176e-01 -1.914766005204639669e+03
1.887000000000000066e-01 -1.916633748591806807e+03
1.887999999999999956e-01 -1.918505159187705885e+03
1.889000000000000123e-01 -1.920388582348360160e+03
1.890000000000000013e-01 -1.922288965863519024e+03
1.891000000000000181e-01 -1.924202829964145394e+03
1.892000000000000071e-01 -1.926107986897056890e+03
1.892999999999999960e-01 -1.927992443190724089e+03
1.894000000000000128e-01 -1.929859818057941538e+03
1.895000000000000018e-01 -1.931725046134738477e+03
1.896000000000000185e-01 -1.933594415591594270e+03
1.897000000000000075e-01 -1.935467778173187753e+03
1.897999999999999965e-01 -1.937344455743903609e+03
1.899000000000000132e-01 -1.939227378514967313e+03
1.900000000000000022e-01 -1.941107107767167463e+03
1.901000000000000190e-01 -1.942972851592149482e+03
1.902000000000000079e-01 -1.944907693674816073e+03
1.902999999999999969e-01 -1.947109029705699641e+03
1.904000000000000137e-01 -1.949451335762941653e+03
1.905000000000000027e-01 -1.951798912105791032e+03
1.906000000000000194e-01 -1.954069350749617570e+03
1.907000000000000084e-01 -1.956257287472431244e+03
1.907999999999999974e-01 -1.958415822664331699e+03
1.909000000000000141e-01 -1.960614250640361433e+03
1.910000000000000031e-01 -1.962840195448190798e+03
1.911000000000000199e-01 -1.965010316531328726e+03
1.912000000000000088e-01 -1.967072108399314175e+03
1.912999999999999978e-01 -1.969022940679916928e+03
1.914000000000000146e-01 -1.970886828917684397e+03
1.915000000000000036e-01 -1.972694627323528493e+03
1.916000000000000203e-01 -1.974473667298687360e+03
1.917000000000000093e-01 -1.976244428019916313e+03
1.917999999999999983e-01 -1.978019152777755608e+03
1.919000000000000150e-01 -1.979798696528245500e+03
1.920000000000000040e-01 -1.981590223416401159e+03
1.921000000000000207e-01 -1.983411757125473969e+03
1.922000000000000097e-01 -1.985276514659225995e+03
1.922999999999999987e-01 -1.987183354861969519e+03
1.924000000000000155e-01 -1.989116497291677433e+03
1.925000000000000044e-01 -1.991053931743124167e+03
1.926000000000000212e-01 -1.992973644476595382e+03
1.927000000000000102e-01 -1.994857763036307688e+03
1.927999999999999992e-01 -1.996689747037028155e+03
1.929000000000000159e-01 -1.998453916949672248e+03
1.930000000000000049e-01 -2.000137540805604431e+03
1.931000000000000216e-01 -2.001724429574835995e+03
1.932000000000000106e-01 -2.003200874665447145e+03
1.932999999999999996e-01 -2.004553377623143888e+03
1.934000000000000163e-01 -2.005765767220125326e+03
1.935000000000000053e-01 -2.006820772603308114e+03
1.936000000000000221e-01 -2.007702048598861893e+03
1.937000000000000111e-01 -2.008391806602093766e+03
1.938000000000000000e-01 -2.008870247012373966e+03
1.939000000000000168e-01 -2.009126963412848227e+03
1.940000000000000058e-01 -2.009174786658700441e+03
1.941000000000000225e-01 -2.009017291544856334e+03
1.942000000000000115e-01 -2.008651934617263578e+03
1.943000000000000005e-01 -2.008092308703188110e+03
1.944000000000000172e-01 -2.007315221873701375e+03
1.945000000000000062e-01 -2.006305631070473282e+03
1.946000000000000230e-01 -2.005151803311561025e+03
1.947000000000000119e-01 -2.003925469209762923e+03
1.948000000000000009e-01 -2.002812342609104007e+03
1.949000000000000177e-01 -2.001995130106925671e+03
1.950000000000000067e-01 -2.001645455453768818e+03
1.950999999999999956e-01 -2.001816039172402952e+03
1.952000000000000124e-01 -2.002407006493921699e+03
1.953000000000000014e-01 -2.003334197403748476e+03
1.954000000000000181e-01 -2.004604825648969154e+03
1.955000000000000071e-01 -2.006240554490457043e+03
1.955999999999999961e-01 -2.008167629896205653e+03
1.957000000000000128e-01 -2.010262948039848879e+03
1.958000000000000018e-01 -2.012404770141891731e+03
1.959000000000000186e-01 -2.014497416021411254e+03
1.960000000000000075e-01 -2.016536115183125503e+03
1.960999999999999965e-01 -2.018533433294931228e+03
1.962000000000000133e-01 -2.020502533415493872e+03
1.963000000000000023e-01 -2.022454537241050502e+03
1.964000000000000190e-01 -2.024404626421131070e+03
1.965000000000000080e-01 -2.026386032010587314e+03
1.965999999999999970e-01 -2.028416654215135623e+03
1.967000000000000137e-01 -2.030480176754194417e+03
1.968000000000000027e-01 -2.032583561274247586e+03
1.969000000000000195e-01 -2.034662068331268301e+03
1.970000000000000084e-01 -2.036741608683151753e+03
1.970999999999999974e-01 -2.038708833936074370e+03
1.972000000000000142e-01 -2.040391497702548577e+03
1.973000000000000032e-01 -2.042019592410634459e+03
1.974000000000000199e-01 -2.043756353824799589e+03
1.975000000000000089e-01 -2.045392528417187805e+03
1.975999999999999979e-01 -2.047098121203333449e+03
1.977000000000000146e-01 -2.049030441837178842e+03
1.978000000000000036e-01 -2.051085994305740769e+03
1.979000000000000203e-01 -2.053180408570254713e+03
1.980000000000000093e-01 -2.055289125650746428e+03
1.980999999999999983e-01 -2.057428543196323517e+03
1.982000000000000151e-01 -2.059583804942642928e+03
1.983000000000000040e-01 -2.061745239177011172e+03
1.984000000000000208e-01 -2.063901318910448481e+03
1.985000000000000098e-01 -2.066084109201412502e+03
1.985999999999999988e-01 -2.068257293204766938e+03
1.987000000000000155e-01 -2.070445242294733816e+03
1.988000000000000045e-01 -2.072642105813151829e+03
1.989000000000000212e-01 -2.074748689236868358e+03
1.990000000000000102e-01 -2.076774203019042488e+03
1.990999999999999992e-01 -2.078734364893400198e+03
1.992000000000000159e-01 -2.080672966253353479e+03
1.993000000000000049e-01 -2.082616993490376444e+03
1.994000000000000217e-01 -2.084578801491770719e+03
1.995000000000000107e-01 -2.086562056465818841e+03
1.995999999999999996e-01 -2.088564489026215597e+03
1.997000000000000164e-01 -2.090581106204500429e+03
1.998000000000000054e-01 -2.092612197623082920e+03
1.999000000000000221e-01 -2.094648164083771917e+03
2.000000000000000111e-01 -2.096688099676355705e+03
2.001000000000000001e-01 -2.100437485030023254e+03
2.002000000000000168e-01 -2.105205547135068173e+03
2.003000000000000058e-01 -2.110337155194822117e+03
2.004000000000000226e-01 -2.115983312787809155e+03
2.005000000000000115e-01 -2.122372892112554837e+03
2.006000000000000005e-01 -2.129635978143111970e+03
2.007000000000000173e-01 -2.137677168832804909e+03
2.008000000000000063e-01 -2.146295113509407656e+03
2.009000000000000230e-01 -2.155411324432947367e+03
2.010000000000000120e-01 -2.164971485316382768e+03
2.011000000000000010e-01 -2.174720684193999659e+03
2.012000000000000177e-01 -2.184691993601682043e+03
2.013000000000000067e-01 -2.193236354603870495e+03
2.014000000000000234e-01 -2.197740053046180492e+03
2.015000000000000124e-01 -2.199921731643524254e+03
2.016000000000000014e-01 -2.201078241657686704e+03
2.017000000000000182e-01 -2.201860587088455759e+03
2.018000000000000071e-01 -2.202516583347428423e+03
2.018999999999999961e-01 -2.203230810576897056e+03
2.020000000000000129e-01 -2.203829151275272125e+03
2.021000000000000019e-01 -2.204305990394149376e+03
2.022000000000000186e-01 -2.204687890343524032e+03
2.023000000000000076e-01 -2.205332358515523538e+03
2.023999999999999966e-01 -2.207777496725208493e+03
2.025000000000000133e-01 -2.211111598785302704e+03
2.026000000000000023e-01 -2.214386908481681985e+03
2.027000000000000191e-01 -2.216952543279299334e+03
2.028000000000000080e-01 -2.218842396014252699e+03
2.028999999999999970e-01 -2.220266863895674760e+03
2.030000000000000138e-01 -2.221390134210364067e+03
2.031000000000000028e-01 -2.222273911902422242e+03
2.032000000000000195e-01 -2.222930648752478191e+03
2.033000000000000085e-01 -2.223352577102020405e+03
2.033999999999999975e-01 -2.223522926045971872e+03
2.035000000000000142e-01 -2.223425085077498352e+03
2.036000000000000032e-01 -2.223083044729756239e+03
2.037000000000000199e-01 -2.222528427759190890e+03
2.038000000000000089e-01 -2.221734562090889085e+03
2.038999999999999979e-01 -2.220672553226363107e+03
2.040000000000000147e-01 -2.219348556420596651e+03
2.041000000000000036e-01 -2.217770092856115298e+03
2.042000000000000204e-01 -2.215989859978358709e+03
2.043000000000000094e-01 -2.214078710351568589e+03
2.043999999999999984e-01 -2.211977633233209872e+03
2.045000000000000151e-01 -2.209816873173248950e+03
2.046000000000000041e-01 -2.207793932291115652e+03
2.047000000000000208e-01 -2.206595832530043026e+03
2.048000000000000098e-01 -2.206451603302832609e+03
2.048999999999999988e-01 -2.207273796907039923e+03
2.050000000000000155e-01 -2.208970986595023987e+03
2.051000000000000045e-01 -2.211240702417160719e+03
2.052000000000000213e-01 -2.213719426114995713e+03
2.053000000000000103e-01 -2.216185983392661910e+03
2.053999999999999992e-01 -2.218548182016263581e+03
2.055000000000000160e-01 -2.220726208567440153e+03
2.056000000000000050e-01 -2.222814050937433876e+03
2.057000000000000217e-01 -2.224821538726245308e+03
2.058000000000000107e-01 -2.226736095473866953e+03
2.058999999999999997e-01 -2.228592879213482775e+03
2.060000000000000164e-01 -2.230426013959515330e+03
2.061000000000000054e-01 -2.232262466090267480e+03
2.062000000000000222e-01 -2.234160720494744510e+03
2.063000000000000111e-01 -2.236179457287795231e+03
2.064000000000000001e-01 -2.238277962418767856e+03
2.065000000000000169e-01 -2.240441243020125512e+03
2.066000000000000059e-01 -2.242664937011390521e+03
2.067000000000000226e-01 -2.244889202386283159e+03
2.068000000000000116e-01 -2.247065214414448747e+03
2.069000000000000006e-01 -2.249171128616180340e+03
2.070000000000000173e-01 -2.251208408867360504e+03
2.071000000000000063e-01 -2.253197324131446749e+03
2.072000000000000230e-01 -2.255161203159064826e+03
2.073000000000000120e-01 -2.257144292104239867e+03
2.074000000000000010e-01 -2.259118963437714228e+03
2.075000000000000178e-01 -2.261117760173789975e+03
2.076000000000000068e-01 -2.263147696592583998e+03
2.077000000000000235e-01 -2.265218054729278265e+03
2.078000000000000125e-01 -2.267343537234482028e+03
2.079000000000000015e-01 -2.269478803102896109e+03
2.080000000000000182e-01 -2.271536049459613878e+03
2.081000000000000072e-01 -2.273539446754269647e+03
2.081999999999999962e-01 -2.275524941768460394e+03
2.083000000000000129e-01 -2.277510900392011081e+03
2.084000000000000019e-01 -2.279504083579355665e+03
2.085000000000000187e-01 -2.281505463753432650e+03
2.086000000000000076e-01 -2.283515057355481531e+03
2.086999999999999966e-01 -2.285534926656421248e+03
2.088000000000000134e-01 -2.287562499211252998e+03
2.089000000000000024e-01 -2.289597583255528207e+03
2.090000000000000191e-01 -2.291645755495266712e+03
2.091000000000000081e-01 -2.293686404169502111e+03
2.091999999999999971e-01 -2.295719117869673937e+03
2.093000000000000138e-01 -2.297749078404820466e+03
2.094000000000000028e-01 -2.299780636636930012e+03
2.095000000000000195e-01 -2.301814654321438411e+03
2.096000000000000085e-01 -2.303850805796510031e+03
2.096999999999999975e-01 -2.305890327618174069e+03
2.098000000000000143e-01 -2.307935466676385659e+03
2.099000000000000032e-01 -2.309985815127253318e+03
2.100000000000000200e-01 -2.312037517147151448e+03
2.101000000000000090e-01 -2.314100253064667413e+03
2.101999999999999980e-01 -2.316201136464035244e+03
2.103000000000000147e-01 -2.318337728593688098e+03
2.104000000000000037e-01 -2.320501093482019769e+03
2.105000000000000204e-01 -2.322684921097357801e+03
2.106000000000000094e-01 -2.324883104637998258e+03
2.106999999999999984e-01 -2.327093205890304944e+03
2.108000000000000151e-01 -2.329314375695524177e+03
2.109000000000000041e-01 -2.331544872946900341e+03
2.110000000000000209e-01 -2.333782476068535289e+03
2.111000000000000099e-01 -2.336025524117099394e+03
2.111999999999999988e-01 -2.338272254707134834e+03
2.113000000000000156e-01 -2.340524928432882007e+03
2.114000000000000046e-01 -2.342783007275935233e+03
2.115000000000000213e-01 -2.345044621918924349e+03
2.116000000000000103e-01 -2.347307925882477321e+03
2.116999999999999993e-01 -2.349571669300501071e+03
2.118000000000000160e-01 -2.351833923558023344e+03
2.119000000000000050e-01 -2.354093171562479711e+03
2.120000000000000218e-01 -2.356349035072681090e+03
2.121000000000000107e-01 -2.358602297312164410e+03
2.121999999999999997e-01 -2.360854452699717513e+03
2.123000000000000165e-01 -2.363106625388817520e+03
2.124000000000000055e-01 -2.365359691357080919e+03
2.125000000000000222e-01 -2.367614262293411684e+03
2.126000000000000112e-01 -2.369870770872598314e+03
2.127000000000000002e-01 -2.372129493012016155e+03
2.128000000000000169e-01 -2.374390598808924096e+03
2.129000000000000059e-01 -2.376654722694499924e+03
2.130000000000000226e-01 -2.378924527274287811e+03
2.131000000000000116e-01 -2.381200334579523314e+03
2.132000000000000006e-01 -2.383480758488953143e+03
2.133000000000000174e-01 -2.385764396298367956e+03
2.134000000000000064e-01 -2.388050379680313199e+03
2.135000000000000231e-01 -2.390338376522418912e+03
2.136000000000000121e-01 -2.392628384961264601e+03
2.137000000000000011e-01 -2.394920344660315095e+03
2.138000000000000178e-01 -2.397215362519359132e+03
2.139000000000000068e-01 -2.399512736906130613e+03
2.140000000000000235e-01 -2.401809606522862850e+03
2.141000000000000125e-01 -2.404107550841976263e+03
2.142000000000000015e-01 -2.406407186707000619e+03
2.143000000000000183e-01 -2.408709419345023434e+03
2.144000000000000072e-01 -2.411015507379301653e+03
2.145000000000000240e-01 -2.413325499728338400e+03
2.146000000000000130e-01 -2.415639280033404248e+03
2.147000000000000020e-01 -2.417957089347334204e+03
2.148000000000000187e-01 -2.420280143535249408e+03
2.149000000000000077e-01 -2.422613261662325385e+03
2.149999999999999967e-01 -2.424959487323326812e+03
2.151000000000000134e-01 -2.427319058006222349e+03
2.152000000000000024e-01 -2.429691598336899006e+03
2.153000000000000191e-01 -2.432076911154992104e+03
2.154000000000000081e-01 -2.434474385841594994e+03
2.154999999999999971e-01 -2.436885076781132739e+03
2.156000000000000139e-01 -2.439310730050564871e+03
2.157000000000000028e-01 -2.441755007301087517e+03
2.158000000000000196e-01 -2.444221980041447750e+03
2.159000000000000086e-01 -2.446712517983424732e+03
2.159999999999999976e-01 -2.449225200610519551e+03
2.161000000000000143e-01 -2.451757272515276782e+03
2.162000000000000033e-01 -2.454306422862837280e+03
2.163000000000000200e-01 -2.456870177238831729e+03
2.164000000000000090e-01 -2.459444617034276689e+03
2.164999999999999980e-01 -2.462030297546634301e+03
2.166000000000000147e-01 -2.464629394673821025e+03
2.167000000000000037e-01 -2.467247809608802527e+03
2.168000000000000205e-01 -2.469890171210958215e+03
2.169000000000000095e-01 -2.472556071778967180e+03
2.169999999999999984e-01 -2.475244168514131616e+03
2.171000000000000152e-01 -2.477954628434252299e+03
2.172000000000000042e-01 -2.480693055024134537e+03
2.173000000000000209e-01 -2.483476251392856284e+03
2.174000000000000099e-01 -2.486315083326029708e+03
2.174999999999999989e-01 -2.489214020018605424e+03
2.176000000000000156e-01 -2.492177115075989605e+03
2.177000000000000046e-01 -2.495216705098060174e+03
2.178000000000000214e-01 -2.498354846345324859e+03
2.179000000000000103e-01 -2.501606587359868172e+03
2.179999999999999993e-01 -2.504983027484530794e+03
2.181000000000000161e-01 -2.508502701274315314e+03
2.182000000000000051e-01 -2.512185139840632928e+03
2.183000000000000218e-01 -2.516047607223567866e+03
2.184000000000000108e-01 -2.520107571041255596e+03
2.184999999999999998e-01 -2.524385353407402818e+03
2.186000000000000165e-01 -2.528921541744206024e+03
2.187000000000000055e-01 -2.533760660862244549e+03
2.188000000000000222e-01 -2.538930856868959836e+03
2.189000000000000112e-01 -2.544461694031517709e+03
2.190000000000000002e-01 -2.550371420097956616e+03
2.191000000000000170e-01 -2.556807579588770750e+03
2.192000000000000060e-01 -2.563792138165545566e+03
2.193000000000000227e-01 -2.570739168642126060e+03
2.194000000000000117e-01 -2.575127917013033766e+03
2.195000000000000007e-01 -2.577134126616644608e+03
2.196000000000000174e-01 -2.578731332597686560e+03
2.197000000000000064e-01 -2.580368107548566513e+03
2.198000000000000231e-01 -2.582100175495537769e+03
2.199000000000000121e-01 -2.583985557488717859e+03
2.200000000000000011e-01 -2.585981066400428062e+03
2.201000000000000179e-01 -2.588043101021334223e+03
2.202000000000000068e-01 -2.590170209051940219e+03
2.203000000000000236e-01 -2.592371093050404397e+03
2.204000000000000126e-01 -2.594636697678473865e+03
2.205000000000000016e-01 -2.596935556043568795e+03
2.206000000000000183e-01 -2.599236844156010648e+03
2.207000000000000073e-01 -2.601524003658309539e+03
2.208000000000000240e-01 -2.603794782990744352e+03
2.209000000000000130e-01 -2.606055506550848804e+03
2.210000000000000020e-01 -2.608323833919229401e+03
2.211000000000000187e-01 -2.610609018286356786e+03
2.212000000000000077e-01 -2.612899184832561332e+03
2.213000000000000245e-01 -2.615183653979945120e+03
2.214000000000000135e-01 -2.617457184781952492e+03
2.215000000000000024e-01 -2.619717066365748451e+03
2.216000000000000192e-01 -2.621966500004293266e+03
2.217000000000000082e-01 -2.624210987262463277e+03
2.217999999999999972e-01 -2.626455991342030302e+03
2.219000000000000139e-01 -2.628704444245405739e+03
2.220000000000000029e-01 -2.630958587679559059e+03
2.221000000000000196e-01 -2.633219490188217605e+03
2.222000000000000086e-01 -2.635486181151088203e+03
2.222999999999999976e-01 -2.637756792590521854e+03
2.224000000000000143e-01 -2.640029590145490602e+03
2.225000000000000033e-01 -2.642305295659657077e+03
2.226000000000000201e-01 -2.644583901163556220e+03
2.227000000000000091e-01 -2.646864826955320950e+03
2.227999999999999980e-01 -2.649150456980134550e+03
2.229000000000000148e-01 -2.651435391899859951e+03
2.230000000000000038e-01 -2.653717760861753959e+03
2.231000000000000205e-01 -2.655997673802582995e+03
2.232000000000000095e-01 -2.658277218663989515e+03
2.232999999999999985e-01 -2.660554985396637221e+03
2.234000000000000152e-01 -2.662826315644680108e+03
2.235000000000000042e-01 -2.665090243134181492e+03
2.236000000000000210e-01 -2.667348269974505911e+03
2.237000000000000099e-01 -2.669601429147528961e+03
2.237999999999999989e-01 -2.671851085328334193e+03
2.239000000000000157e-01 -2.674098319484690819e+03
2.240000000000000047e-01 -2.676343928718642928e+03
2.241000000000000214e-01 -2.678588561322786973e+03
2.242000000000000104e-01 -2.680832579301007627e+03
2.242999999999999994e-01 -2.683075874734160607e+03
2.244000000000000161e-01 -2.685318723979085462e+03
2.245000000000000051e-01 -2.687560840635136628e+03
2.246000000000000218e-01 -2.689802320111316021e+03
2.247000000000000108e-01 -2.692043619210690849e+03
2.247999999999999998e-01 -2.694285151023218077e+03
2.249000000000000166e-01 -2.696527170069201020e+03
2.250000000000000056e-01 -2.698769691253590281e+03
2.251000000000000223e-01 -2.701012610825700449e+03
2.252000000000000113e-01 -2.703255782307068330e+03
2.253000000000000003e-01 -2.705499055435616356e+03
2.254000000000000170e-01 -2.707742300548237836e+03
2.255000000000000060e-01 -2.709985420658452313e+03
2.256000000000000227e-01 -2.712228388273823839e+03
2.257000000000000117e-01 -2.714471119731751969e+03
2.258000000000000007e-01 -2.716713705626408228e+03
2.259000000000000175e-01 -2.718955850854971231e+03
2.260000000000000064e-01 -2.721197840418691612e+03
2.261000000000000232e-01 -2.723441314257750037e+03
2.262000000000000122e-01 -2.725687035733352786e+03
2.263000000000000012e-01 -2.727934764614791220e+03
2.264000000000000179e-01 -2.730184468733711128e+03
2.265000000000000069e-01 -2.732437374890060710e+03
2.266000000000000236e-01 -2.734693816200689071e+03
2.267000000000000126e-01 -2.736953184322342167e+03
2.268000000000000016e-01 -2.739214991945590555e+03
2.269000000000000183e-01 -2.741478822880706502e+03
2.270000000000000073e-01 -2.743744352768406316e+03
2.271000000000000241e-01 -2.746011556232436760e+03
2.272000000000000131e-01 -2.748280559903508674e+03
2.273000000000000020e-01 -2.750551628820441692e+03
2.274000000000000188e-01 -2.752824916508261595e+03
2.275000000000000078e-01 -2.755100647230721279e+03
2.276000000000000245e-01 -2.757375945312194290e+03
2.277000000000000135e-01 -2.759649427103242033e+03
2.278000000000000025e-01 -2.761921388435718654e+03
2.279000000000000192e-01 -2.764192441266816786e+03
2.280000000000000082e-01 -2.766463286281325509e+03
2.280999999999999972e-01 -2.768733814792403791e+03
2.282000000000000139e-01 -2.771002825875254075e+03
2.283000000000000029e-01 -2.773268688373279474e+03
2.284000000000000197e-01 -2.775530819285897906e+03
2.285000000000000087e-01 -2.777789908974205446e+03
2.285999999999999976e-01 -2.780046732128796066e+03
2.287000000000000144e-01 -2.782302052661675134e+03
2.288000000000000034e-01 -2.784556213922065581e+03
2.289000000000000201e-01 -2.786808685024181614e+03
2.290000000000000091e-01 -2.789059143409999251e+03
2.290999999999999981e-01 -2.791307825855654301e+03
2.292000000000000148e-01 -2.793553783697520430e+03
2.293000000000000038e-01 -2.795798205807518571e+03
2.294000000000000206e-01 -2.798043339074999039e+03
2.295000000000000095e-01 -2.800283859593032957e+03
2.295999999999999985e-01 -2.802523355988077583e+03
2.297000000000000153e-01 -2.804761581113567900e+03
2.298000000000000043e-01 -2.806999595717148168e+03
2.299000000000000210e-01 -2.809237443441223149e+03
2.300000000000000100e-01 -2.811474538224605567e+03
2.300999999999999990e-01 -2.813696914243364063e+03
2.302000000000000157e-01 -2.815875162058542628e+03
2.303000000000000047e-01 -2.818012753190624153e+03
2.304000000000000214e-01 -2.820113904380372333e+03
2.305000000000000104e-01 -2.822191174709038478e+03
2.305999999999999994e-01 -2.824251196819834149e+03
2.307000000000000162e-01 -2.826297659453766755e+03
2.308000000000000052e-01 -2.828332635208828378e+03
2.309000000000000219e-01 -2.830357578278975780e+03
2.310000000000000109e-01 -2.832374412301735902e+03
2.310999999999999999e-01 -2.834384669951528394e+03
2.312000000000000166e-01 -2.836389539280785812e+03
2.313000000000000056e-01 -2.838389921730047718e+03
2.314000000000000223e-01 -2.840385864615894207e+03
2.315000000000000113e-01 -2.842376536287767067e+03
2.316000000000000003e-01 -2.844362249009928291e+03
2.317000000000000171e-01 -2.846343522374707845e+03
2.318000000000000060e-01 -2.848320827090475632e+03
2.319000000000000228e-01 -2.850294529534266530e+03
2.320000000000000118e-01 -2.852264965025525271e+03
2.321000000000000008e-01 -2.854232301528397329e+03
2.322000000000000175e-01 -2.856196628625084941e+03
2.323000000000000065e-01 -2.858158184048274506e+03
2.324000000000000232e-01 -2.860117141393608563e+03
2.325000000000000122e-01 -2.862073689208986707e+03
2.326000000000000012e-01 -2.864028677419802079e+03
2.327000000000000179e-01 -2.865979512447751404e+03
2.328000000000000069e-01 -2.867927865030278099e+03
2.329000000000000237e-01 -2.869874091234417392e+03
2.330000000000000127e-01 -2.871819935117970999e+03
2.331000000000000016e-01 -2.873766124383007082e+03
2.332000000000000184e-01 -2.875712640218530396e+03
2.333000000000000074e-01 -2.877660691140035851e+03
2.334000000000000241e-01 -2.879610717117711374e+03
2.335000000000000131e-01 -2.881567862254766169e+03
2.336000000000000021e-01 -2.883529194259150245e+03
2.337000000000000188e-01 -2.885491398965282769e+03
2.338000000000000078e-01 -2.887467379637179420e+03
2.339000000000000246e-01 -2.889460268072040435e+03
2.340000000000000135e-01 -2.891464372613905198e+03
2.341000000000000025e-01 -2.893474743489567572e+03
2.342000000000000193e-01 -2.895488043459125947e+03
2.343000000000000083e-01 -2.897501874870741176e+03
2.344000000000000250e-01 -2.899513499660748494e+03
2.345000000000000140e-01 -2.901520076190069631e+03
2.346000000000000030e-01 -2.903520853656495547e+03
2.347000000000000197e-01 -2.905516298950167311e+03
2.348000000000000087e-01 -2.907506434253767111e+03
2.348999999999999977e-01 -2.909491641087853168e+03
2.350000000000000144e-01 -2.911472797523096688e+03
2.351000000000000034e-01 -2.913450722427103301e+03
2.352000000000000202e-01 -2.915426437673143027e+03
2.353000000000000091e-01 -2.917400999693973063e+03
2.353999999999999981e-01 -2.919375299048488159e+03
2.355000000000000149e-01 -2.921350008786466788e+03
2.356000000000000039e-01 -2.923325491969195355e+03
2.357000000000000206e-01 -2.925301976809658754e+03
2.358000000000000096e-01 -2.927279495903337647e+03
2.358999999999999986e-01 -2.929257897010694705e+03
2.360000000000000153e-01 -2.931237813152865328e+03
2.361000000000000043e-01 -2.933219954196179515e+03
2.362000000000000210e-01 -2.935199129408351837e+03
2.363000000000000100e-01 -2.937177150330205677e+03
2.363999999999999990e-01 -2.939154582543726065e+03
2.365000000000000158e-01 -2.941131420637701012e+03
2.366000000000000048e-01 -2.943107648852188049e+03
2.367000000000000215e-01 -2.945083837209665489e+03
2.368000000000000105e-01 -2.947060245422786011e+03
2.368999999999999995e-01 -2.949037576252685994e+03
2.370000000000000162e-01 -2.951015763848214647e+03
2.371000000000000052e-01 -2.952994960595388875e+03
2.372000000000000219e-01 -2.954975330934657904e+03
2.373000000000000109e-01 -2.956956484432640536e+03
2.373999999999999999e-01 -2.958938028638646301e+03
2.375000000000000167e-01 -2.960920227327782413e+03
2.376000000000000056e-01 -2.962901836760997867e+03
2.377000000000000224e-01 -2.964882489108428217e+03
2.378000000000000114e-01 -2.966862258801076223e+03
2.379000000000000004e-01 -2.968841288261117825e+03
2.380000000000000171e-01 -2.970819716308176339e+03
2.381000000000000061e-01 -2.972797596135707408e+03
2.382000000000000228e-01 -2.974774883313605187e+03
2.383000000000000118e-01 -2.976753550404031557e+03
2.384000000000000008e-01 -2.978734910978965672e+03
2.385000000000000175e-01 -2.980709461744880628e+03
2.386000000000000065e-01 -2.982680988457696913e+03
2.387000000000000233e-01 -2.984648876819038378e+03
2.388000000000000123e-01 -2.986611686464511877e+03
2.389000000000000012e-01 -2.988570663847853211e+03
2.390000000000000180e-01 -2.990526806505909917e+03
2.391000000000000070e-01 -2.992476177052934418e+03
2.392000000000000237e-01 -2.994429821920561608e+03
2.393000000000000127e-01 -2.996382753330911328e+03
2.394000000000000017e-01 -2.998330753734470363e+03
2.395000000000000184e-01 -3.000277269104099560e+03
2.396000000000000074e-01 -3.002234544829168044e+03
2.397000000000000242e-01 -3.004200798213430517e+03
2.398000000000000131e-01 -3.006166698224555148e+03
2.399000000000000021e-01 -3.008128990575516127e+03
2.400000000000000189e-01 -3.010080438081919056e+03
2.401000000000000079e-01 -3.012016155346597770e+03
2.402000000000000246e-01 -3.013938728013663876e+03
2.403000000000000136e-01 -3.015853507650433585e+03
2.404000000000000026e-01 -3.017764312000035716e+03
2.405000000000000193e-01 -3.019672719076259909e+03
2.406000000000000083e-01 -3.021579120432415039e+03
2.407000000000000250e-01 -3.023483705502746034e+03
2.408000000000000140e-01 -3.025386904952888017e+03
2.409000000000000030e-01 -3.027289355418140985e+03
2.410000000000000198e-01 -3.029191642855086229e+03
2.411000000000000087e-01 -3.031094093975509168e+03
2.411999999999999977e-01 -3.032996731061148239e+03
2.413000000000000145e-01 -3.034899351336894597e+03
2.414000000000000035e-01 -3.036801639754678945e+03
2.415000000000000202e-01 -3.038703251622538573e+03
2.416000000000000092e-01 -3.040603848592478698e+03
2.416999999999999982e-01 -3.042503101256831997e+03
2.418000000000000149e-01 -3.044400677554959202e+03
2.419000000000000039e-01 -3.046296228010492086e+03
2.420000000000000207e-01 -3.048189367178898465e+03
2.421000000000000096e-01 -3.050079640853388810e+03
2.421999999999999986e-01 -3.051966455957430298e+03
2.423000000000000154e-01 -3.053848903987317499e+03
2.424000000000000044e-01 -3.055724730635684864e+03
2.425000000000000211e-01 -3.057583876341370797e+03
2.426000000000000101e-01 -3.059414081890967736e+03
2.426999999999999991e-01 -3.061208642115315797e+03
2.428000000000000158e-01 -3.062964058119068341e+03
2.429000000000000048e-01 -3.064676935952609256e+03
2.430000000000000215e-01 -3.066342394938456891e+03
2.431000000000000105e-01 -3.067953989007412929e+03
2.431999999999999995e-01 -3.069497555468663450e+03
2.433000000000000163e-01 -3.070959949408834746e+03
2.434000000000000052e-01 -3.072331609138040221e+03
2.435000000000000220e-01 -3.073608233897298305e+03
2.436000000000000110e-01 -3.074787860574423576e+03
2.437000000000000000e-01 -3.075872536348570065e+03
2.438000000000000167e-01 -3.076853486136021274e+03
2.439000000000000057e-01 -3.077714529642891193e+03
2.440000000000000224e-01 -3.078439139770352540e+03
2.441000000000000114e-01 -3.079014054969910831e+03
2.442000000000000004e-01 -3.079433180556797652e+03
2.443000000000000171e-01 -3.079726112288781223e+03
2.444000000000000061e-01 -3.079929951548609097e+03
2.445000000000000229e-01 -3.080044378756516380e+03
2.446000000000000119e-01 -3.080084254149344360e+03
2.447000000000000008e-01 -3.080091787986630607e+03
2.448000000000000176e-01 -3.080165522501044961e+03
2.449000000000000066e-01 -3.080388111769561874e+03
2.450000000000000233e-01 -3.080796140565582846e+03
2.451000000000000123e-01 -3.081397823940407307e+03
2.452000000000000013e-01 -3.082247911010303596e+03
2.453000000000000180e-01 -3.083338663178845763e+03
2.454000000000000070e-01 -3.084610596827043082e+03
2.455000000000000238e-01 -3.086035779442928742e+03
2.456000000000000127e-01 -3.087592126896101490e+03
2.457000000000000017e-01 -3.089242872700132466e+03
2.458000000000000185e-01 -3.090981385316414617e+03
2.459000000000000075e-01 -3.092796595437261203e+03
2.460000000000000242e-01 -3.094673844878267573e+03
2.461000000000000132e-01 -3.096601459106527273e+03
2.462000000000000022e-01 -3.098568338105939347e+03
2.463000000000000189e-01 -3.100573281228930682e+03
2.464000000000000079e-01 -3.102596277242413180e+03
2.465000000000000246e-01 -3.104633796120978786e+03
2.466000000000000136e-01 -3.106668143378889454e+03
2.467000000000000026e-01 -3.108733111494673267e+03
2.468000000000000194e-01 -3.110809440613226343e+03
2.469000000000000083e-01 -3.112887903842176456e+03
2.470000000000000251e-01 -3.114964865166462914e+03
2.471000000000000141e-01 -3.117031490716400185e+03
2.472000000000000031e-01 -3.119083435684342476e+03
2.473000000000000198e-01 -3.121119521800899747e+03
2.474000000000000088e-01 -3.123140100896910099e+03
2.475000000000000255e-01 -3.125146294761981608e+03
2.476000000000000145e-01 -3.127139914919167040e+03
2.477000000000000035e-01 -3.129123739830245086e+03
2.478000000000000203e-01 -3.131098992111278221e+03
2.479000000000000092e-01 -3.133066840646088622e+03
2.479999999999999982e-01 -3.135032026432672410e+03
2.481000000000000150e-01 -3.136998839947231772e+03
2.482000000000000040e-01 -3.138969661784403797e+03
2.483000000000000207e-01 -3.140946919680354313e+03
2.484000000000000097e-01 -3.142926062379518498e+03
2.484999999999999987e-01 -3.144905882885989286e+03
2.486000000000000154e-01 -3.146886266126272403e+03
2.487000000000000044e-01 -3.148867157299581322e+03
2.488000000000000211e-01 -3.150848438919717864e+03
2.489000000000000101e-01 -3.152829960816362018e+03
2.489999999999999991e-01 -3.154811514285530393e+03
2.491000000000000159e-01 -3.156792857611201271e+03
2.492000000000000048e-01 -3.158773792270201739e+03
2.493000000000000216e-01 -3.160754209220089706e+03
2.494000000000000106e-01 -3.162734044556581921e+03
2.494999999999999996e-01 -3.164713286094246541e+03
2.496000000000000163e-01 -3.166692011537690178e+03
2.497000000000000053e-01 -3.168670350195114679e+03
2.498000000000000220e-01 -3.170646458028124925e+03
2.499000000000000110e-01 -3.172620708784490034e+03
2.500000000000000000e-01 -3.174592385657989780e+03
2.500999999999999890e-01 -3.178451301914315081e+03
2.502000000000000335e-01 -3.183515652785545171e+03
2.503000000000000225e-01 -3.188836038702648693e+03
2.504000000000000115e-01 -3.194386257749405559e+03
2.505000000000000004e-01 -3.200499864188996526e+03
2.505999999999999894e-01 -3.207438439270688377e+03
2.507000000000000339e-01 -3.214819657621769693e+03
2.508000000000000229e-01 -3.221700713635385455e+03
2.509000000000000119e-01 -3.227165806375620377e+03
2.510000000000000009e-01 -3.231631001762165397e+03
2.510999999999999899e-01 -3.235584226500441673e+03
2.512000000000000344e-01 -3.239180756133232535e+03
2.513000000000000234e-01 -3.242378536365820310e+03
2.514000000000000123e-01 -3.245100502162813427e+03
2.515000000000000013e-01 -3.247495932558934328e+03
2.515999999999999903e-01 -3.249940238776814567e+03
2.517000000000000348e-01 -3.253277909395901133e+03
2.518000000000000238e-01 -3.256767662392443981e+03
2.519000000000000128e-01 -3.259466740369186027e+03
2.520000000000000018e-01 -3.261507150165416078e+03
2.520999999999999908e-01 -3.263140358486479272e+03
2.522000000000000353e-01 -3.264543602229658518e+03
2.523000000000000242e-01 -3.265832390374523584e+03
2.524000000000000132e-01 -3.267082375359661455e+03
2.525000000000000022e-01 -3.268332470328811269e+03
2.525999999999999912e-01 -3.269606684500962729e+03
2.527000000000000357e-01 -3.270934730435142683e+03
2.528000000000000247e-01 -3.272329597703248510e+03
2.529000000000000137e-01 -3.273779236291148663e+03
2.530000000000000027e-01 -3.275258705151653885e+03
2.530999999999999917e-01 -3.276753702152479491e+03
2.532000000000000361e-01 -3.278257051744534692e+03
2.533000000000000251e-01 -3.279762021869334603e+03
2.534000000000000141e-01 -3.281257264840225162e+03
2.535000000000000031e-01 -3.282726578330924895e+03
2.535999999999999921e-01 -3.284151747676705327e+03
2.537000000000000366e-01 -3.285514898954271757e+03
2.538000000000000256e-01 -3.286800704695058357e+03
2.539000000000000146e-01 -3.287994532708552015e+03
2.540000000000000036e-01 -3.289092205597103202e+03
2.540999999999999925e-01 -3.290104062775661987e+03
2.542000000000000370e-01 -3.291029244538022340e+03
2.543000000000000260e-01 -3.291866478190697308e+03
2.544000000000000150e-01 -3.292620374184887623e+03
2.545000000000000040e-01 -3.293299141469805818e+03
2.545999999999999930e-01 -3.293907031139510309e+03
2.547000000000000375e-01 -3.294448232494474269e+03
2.548000000000000265e-01 -3.294959052153486937e+03
2.549000000000000155e-01 -3.295510038244193311e+03
2.550000000000000044e-01 -3.296149064205894319e+03
2.550999999999999934e-01 -3.296884349623911476e+03
2.552000000000000379e-01 -3.297711639320675658e+03
2.553000000000000269e-01 -3.298551870617532586e+03
2.554000000000000159e-01 -3.299323117883175655e+03
2.555000000000000049e-01 -3.300144174495148945e+03
2.555999999999999939e-01 -3.300884432855112664e+03
2.557000000000000384e-01 -3.301717471843840030e+03
2.558000000000000274e-01 -3.302724505199403666e+03
2.559000000000000163e-01 -3.303908099020951795e+03
2.560000000000000053e-01 -3.305242210955037535e+03
2.560999999999999943e-01 -3.306703877204031414e+03
2.562000000000000388e-01 -3.308279529896351960e+03
2.563000000000000278e-01 -3.309959184330661628e+03
2.564000000000000168e-01 -3.311718799538381518e+03
2.565000000000000058e-01 -3.313530665598049382e+03
2.565999999999999948e-01 -3.315384808905123464e+03
2.567000000000000393e-01 -3.317275018372059549e+03
2.568000000000000282e-01 -3.319193574896702557e+03
2.569000000000000172e-01 -3.321134108859306252e+03
2.570000000000000062e-01 -3.323087081452879374e+03
2.570999999999999952e-01 -3.325057521633543274e+03
2.572000000000000397e-01 -3.327043327874718671e+03
2.573000000000000287e-01 -3.329039334806207989e+03
2.574000000000000177e-01 -3.331041777900342368e+03
2.575000000000000067e-01 -3.333044146851242658e+03
2.575999999999999956e-01 -3.335042666046560043e+03
2.576999999999999846e-01 -3.337039479657390530e+03
2.578000000000000291e-01 -3.339044688289151964e+03
2.579000000000000181e-01 -3.341058094445832467e+03
2.580000000000000071e-01 -3.343054550641828882e+03
2.580999999999999961e-01 -3.345045287857514268e+03
2.581999999999999851e-01 -3.347034806631549145e+03
2.583000000000000296e-01 -3.349018522835356180e+03
2.584000000000000186e-01 -3.350993939488887918e+03
2.585000000000000075e-01 -3.352963079601470326e+03
2.585999999999999965e-01 -3.354927809108580732e+03
2.586999999999999855e-01 -3.356889122507384855e+03
2.588000000000000300e-01 -3.358848763094357764e+03
2.589000000000000190e-01 -3.360809675533152131e+03
2.590000000000000080e-01 -3.362774358027853395e+03
2.590999999999999970e-01 -3.364743476434457534e+03
2.591999999999999860e-01 -3.366716889540807642e+03
2.593000000000000305e-01 -3.368694173186539956e+03
2.594000000000000195e-01 -3.370674820048761831e+03
2.595000000000000084e-01 -3.372658350458477344e+03
2.595999999999999974e-01 -3.374644340521018876e+03
2.596999999999999864e-01 -3.376632404800861423e+03
2.598000000000000309e-01 -3.378622639332942526e+03
2.599000000000000199e-01 -3.380616873080664845e+03
2.600000000000000089e-01 -3.382616110669565842e+03
2.600999999999999979e-01 -3.384633911300220461e+03
2.601999999999999869e-01 -3.386704380913047316e+03
2.603000000000000314e-01 -3.388828056055519028e+03
2.604000000000000203e-01 -3.390993842311094795e+03
2.605000000000000093e-01 -3.393190703343767836e+03
2.605999999999999983e-01 -3.395410324757813214e+03
2.606999999999999873e-01 -3.397647185870413978e+03
2.608000000000000318e-01 -3.399893753497605303e+03
2.609000000000000208e-01 -3.402044427703406654e+03
2.610000000000000098e-01 -3.403710107188440361e+03
2.610999999999999988e-01 -3.405297259179838875e+03
2.611999999999999877e-01 -3.406992486675012060e+03
2.613000000000000322e-01 -3.408819551229403260e+03
2.614000000000000212e-01 -3.410750293119411253e+03
2.615000000000000102e-01 -3.412758686543348631e+03
2.615999999999999992e-01 -3.414505498497765075e+03
2.616999999999999882e-01 -3.415766541943467928e+03
2.618000000000000327e-01 -3.416979020138719989e+03
2.619000000000000217e-01 -3.418281024685684315e+03
2.620000000000000107e-01 -3.419686985955055206e+03
2.620999999999999996e-01 -3.421238472065386304e+03
2.621999999999999886e-01 -3.423006644385786785e+03
2.623000000000000331e-01 -3.425022129677726753e+03
2.624000000000000221e-01 -3.427225346789821288e+03
2.625000000000000111e-01 -3.429532291715032898e+03
2.626000000000000001e-01 -3.431885060528414215e+03
2.626999999999999891e-01 -3.434253279614293660e+03
2.628000000000000336e-01 -3.436623442995811729e+03
2.629000000000000226e-01 -3.438992160346059336e+03
2.630000000000000115e-01 -3.441354431000935620e+03
2.631000000000000005e-01 -3.443707901610721365e+03
2.631999999999999895e-01 -3.446053213557773688e+03
2.633000000000000340e-01 -3.448392680289730833e+03
2.634000000000000230e-01 -3.450729364478463594e+03
2.635000000000000120e-01 -3.453066131802701875e+03
2.636000000000000010e-01 -3.455401395493081054e+03
2.636999999999999900e-01 -3.457735669494195463e+03
2.638000000000000345e-01 -3.460073545121465486e+03
2.639000000000000234e-01 -3.462417155833630659e+03
2.640000000000000124e-01 -3.464768419496836941e+03
2.641000000000000014e-01 -3.467128125508078483e+03
2.641999999999999904e-01 -3.469495726788528827e+03
2.643000000000000349e-01 -3.471870259322080983e+03
2.644000000000000239e-01 -3.474250452831687653e+03
2.645000000000000129e-01 -3.476636384089971671e+03
2.646000000000000019e-01 -3.479028142221165581e+03
2.646999999999999909e-01 -3.481425494759465437e+03
2.648000000000000353e-01 -3.483828166109434278e+03
2.649000000000000243e-01 -3.486236099978012135e+03
2.650000000000000133e-01 -3.488645702949012048e+03
2.651000000000000023e-01 -3.491061122566030917e+03
2.651999999999999913e-01 -3.493492283706110356e+03
2.653000000000000358e-01 -3.495937175363964343e+03
2.654000000000000248e-01 -3.498398892562766378e+03
2.655000000000000138e-01 -3.500880011187190576e+03
2.656000000000000028e-01 -3.503381048176004697e+03
2.656999999999999917e-01 -3.505900698275700051e+03
2.658000000000000362e-01 -3.508436469859176214e+03
2.659000000000000252e-01 -3.510988102282813543e+03
2.660000000000000142e-01 -3.513556819319549049e+03
2.661000000000000032e-01 -3.516144135074503993e+03
2.661999999999999922e-01 -3.518754001851708836e+03
2.663000000000000367e-01 -3.521393973394859131e+03
2.664000000000000257e-01 -3.524066743233272518e+03
2.665000000000000147e-01 -3.526770487966110522e+03
2.666000000000000036e-01 -3.529500544522004475e+03
2.666999999999999926e-01 -3.532251417250289705e+03
2.668000000000000371e-01 -3.535020048492984188e+03
2.669000000000000261e-01 -3.537812893135610466e+03
2.670000000000000151e-01 -3.540643461316115918e+03
2.671000000000000041e-01 -3.543522598944648962e+03
2.671999999999999931e-01 -3.546457379839300756e+03
2.673000000000000376e-01 -3.549446721919792708e+03
2.674000000000000266e-01 -3.552494045720514350e+03
2.675000000000000155e-01 -3.555615735920257521e+03
2.676000000000000045e-01 -3.558823449173363315e+03
2.676999999999999935e-01 -3.562125462006536509e+03
2.678000000000000380e-01 -3.565529794801704611e+03
2.679000000000000270e-01 -3.569046676121039582e+03
2.680000000000000160e-01 -3.572691654001725510e+03
2.681000000000000050e-01 -3.576492093638571987e+03
2.681999999999999940e-01 -3.580473878133614562e+03
2.683000000000000385e-01 -3.584655550749344911e+03
2.684000000000000274e-01 -3.589015012172938896e+03
2.685000000000000164e-01 -3.593601272534036525e+03
2.686000000000000054e-01 -3.598403434607836061e+03
2.686999999999999944e-01 -3.603536171914127863e+03
2.688000000000000389e-01 -3.609042235435808379e+03
2.689000000000000279e-01 -3.614920731725102996e+03
2.690000000000000169e-01 -3.620866947592625365e+03
2.691000000000000059e-01 -3.625430043963212484e+03
2.691999999999999948e-01 -3.628141958066011284e+03
2.693000000000000393e-01 -3.630116753237468856e+03
2.694000000000000283e-01 -3.631993706206107618e+03
2.695000000000000173e-01 -3.633893997911628958e+03
2.696000000000000063e-01 -3.635781105398486488e+03
2.696999999999999953e-01 -3.637675114123760977e+03
2.698000000000000398e-01 -3.639619098509888317e+03
2.699000000000000288e-01 -3.641640513947451836e+03
2.700000000000000178e-01 -3.643741347822720854e+03
2.701000000000000068e-01 -3.645914247782283837e+03
2.701999999999999957e-01 -3.648150093112785271e+03
2.703000000000000402e-01 -3.650432353996662641e+03
2.704000000000000292e-01 -3.652738520660725044e+03
2.705000000000000182e-01 -3.655047690884752228e+03
2.706000000000000072e-01 -3.657347152214609196e+03
2.706999999999999962e-01 -3.659631276424130192e+03
2.708000000000000407e-01 -3.661897337993942983e+03
2.709000000000000297e-01 -3.664151170487723448e+03
2.710000000000000187e-01 -3.666399312036509855e+03
2.711000000000000076e-01 -3.668645182923450193e+03
2.711999999999999966e-01 -3.670884986366531393e+03
2.712999999999999856e-01 -3.673120203296048203e+03
2.714000000000000301e-01 -3.675358180074384109e+03
2.715000000000000191e-01 -3.677602915918625058e+03
2.716000000000000081e-01 -3.679854872911737857e+03
2.716999999999999971e-01 -3.682113042557226890e+03
2.717999999999999861e-01 -3.684376040058796661e+03
2.719000000000000306e-01 -3.686641648394844651e+03
2.720000000000000195e-01 -3.688905095212320703e+03
2.721000000000000085e-01 -3.691161718454549828e+03
2.721999999999999975e-01 -3.693411373508573888e+03
2.722999999999999865e-01 -3.695655763223430313e+03
2.724000000000000310e-01 -3.697896433061335756e+03
2.725000000000000200e-01 -3.700134388432788001e+03
2.726000000000000090e-01 -3.702370259822389016e+03
2.726999999999999980e-01 -3.704604509832816802e+03
2.727999999999999869e-01 -3.706837806284184353e+03
2.729000000000000314e-01 -3.709070773734255908e+03
2.730000000000000204e-01 -3.711303363886072020e+03
2.731000000000000094e-01 -3.713535515314058557e+03
2.731999999999999984e-01 -3.715767185764813348e+03
2.732999999999999874e-01 -3.717998590092121503e+03
2.734000000000000319e-01 -3.720230632596601936e+03
2.735000000000000209e-01 -3.722463736004807743e+03
2.736000000000000099e-01 -3.724697814662297787e+03
2.736999999999999988e-01 -3.726932608169665855e+03
2.737999999999999878e-01 -3.729144458710752133e+03
2.739000000000000323e-01 -3.731303725123597815e+03
2.740000000000000213e-01 -3.733410533902109819e+03
2.741000000000000103e-01 -3.735534612226324498e+03
2.741999999999999993e-01 -3.737686180346144738e+03
2.742999999999999883e-01 -3.739855824893327735e+03
2.744000000000000328e-01 -3.742042762126334310e+03
2.745000000000000218e-01 -3.744245966949007652e+03
2.746000000000000107e-01 -3.746462064678459683e+03
2.746999999999999997e-01 -3.748687069028590031e+03
2.747999999999999887e-01 -3.750919300734242825e+03
2.749000000000000332e-01 -3.753155584739519782e+03
2.750000000000000222e-01 -3.755395806763158816e+03
2.751000000000000112e-01 -3.757640116801436307e+03
2.752000000000000002e-01 -3.759887930511155901e+03
2.752999999999999892e-01 -3.762136741256023470e+03
2.754000000000000337e-01 -3.764384919600757257e+03
2.755000000000000226e-01 -3.766631868070889595e+03
2.756000000000000116e-01 -3.768877862770481897e+03
2.757000000000000006e-01 -3.771122260163982901e+03
2.757999999999999896e-01 -3.773365577436572494e+03
2.759000000000000341e-01 -3.775608197403785653e+03
2.760000000000000231e-01 -3.777850914342554006e+03
2.761000000000000121e-01 -3.780094176302722644e+03
2.762000000000000011e-01 -3.782336832079729447e+03
2.762999999999999901e-01 -3.784578903872987212e+03
2.764000000000000346e-01 -3.786820715949272653e+03
2.765000000000000235e-01 -3.789062730194288633e+03
2.766000000000000125e-01 -3.791305976926478252e+03
2.767000000000000015e-01 -3.793549455761222362e+03
2.767999999999999905e-01 -3.795792887994160992e+03
2.769000000000000350e-01 -3.798036335500090900e+03
2.770000000000000240e-01 -3.800279939184484647e+03
2.771000000000000130e-01 -3.802524187149928366e+03
2.772000000000000020e-01 -3.804769397235360429e+03
2.772999999999999909e-01 -3.807015601179660734e+03
2.774000000000000354e-01 -3.809262722238342121e+03
2.775000000000000244e-01 -3.811510639831316894e+03
2.776000000000000134e-01 -3.813759213542563884e+03
2.777000000000000024e-01 -3.816008295283056668e+03
2.777999999999999914e-01 -3.818257546067293788e+03
2.779000000000000359e-01 -3.820506161305657770e+03
2.780000000000000249e-01 -3.822753893288660038e+03
2.781000000000000139e-01 -3.824999935806240956e+03
2.782000000000000028e-01 -3.827244125454357800e+03
2.782999999999999918e-01 -3.829486669192708177e+03
2.784000000000000363e-01 -3.831727905431665476e+03
2.785000000000000253e-01 -3.833968135791816621e+03
2.786000000000000143e-01 -3.836207562524768036e+03
2.787000000000000033e-01 -3.838446235356565012e+03
2.787999999999999923e-01 -3.840684051498246845e+03
2.789000000000000368e-01 -3.842921230571895649e+03
2.790000000000000258e-01 -3.845157868304750991e+03
2.791000000000000147e-01 -3.847394140631095070e+03
2.792000000000000037e-01 -3.849630029344202740e+03
2.792999999999999927e-01 -3.851864363311823126e+03
2.794000000000000372e-01 -3.854096083065432595e+03
2.795000000000000262e-01 -3.856324502849544842e+03
2.796000000000000152e-01 -3.858550174247026462e+03
2.797000000000000042e-01 -3.860773804594246030e+03
2.797999999999999932e-01 -3.862995974334280163e+03
2.799000000000000377e-01 -3.865217125088980993e+03
2.800000000000000266e-01 -3.867437588675688403e+03
2.801000000000000156e-01 -3.869644375664698600e+03
2.802000000000000046e-01 -3.871809603563391192e+03
2.802999999999999936e-01 -3.873936797104751804e+03
2.804000000000000381e-01 -3.876035723923162095e+03
2.805000000000000271e-01 -3.878114282442646982e+03
2.806000000000000161e-01 -3.880178005214207587e+03
2.807000000000000051e-01 -3.882230844479008283e+03
2.807999999999999940e-01 -3.884275653757007149e+03
2.809000000000000385e-01 -3.886314225687751332e+03
2.810000000000000275e-01 -3.888347834682031134e+03
2.811000000000000165e-01 -3.890377424320457521e+03
2.812000000000000055e-01 -3.892403855146081696e+03
2.812999999999999945e-01 -3.894427804974552146e+03
2.814000000000000390e-01 -3.896449888336187996e+03
2.815000000000000280e-01 -3.898470709805601018e+03
2.816000000000000170e-01 -3.900490766790349426e+03
2.817000000000000060e-01 -3.902510364969885813e+03
2.817999999999999949e-01 -3.904529623897234160e+03
2.819000000000000394e-01 -3.906548303077230685e+03
2.820000000000000284e-01 -3.908566057210206054e+03
2.821000000000000174e-01 -3.910582293236107489e+03
2.822000000000000064e-01 -3.912595678867868628e+03
2.822999999999999954e-01 -3.914605763543441753e+03
2.824000000000000399e-01 -3.916612908212843195e+03
2.825000000000000289e-01 -3.918705725894200896e+03
2.826000000000000179e-01 -3.920914647108579629e+03
2.827000000000000068e-01 -3.923100735351928051e+03
2.827999999999999958e-01 -3.925303555474576569e+03
2.829000000000000403e-01 -3.927467249769071259e+03
2.830000000000000293e-01 -3.929603278429635793e+03
2.831000000000000183e-01 -3.931725964643417228e+03
2.832000000000000073e-01 -3.933846813011597078e+03
2.832999999999999963e-01 -3.935976713962344093e+03
2.834000000000000408e-01 -3.938116716862932208e+03
2.835000000000000298e-01 -3.940262073565399078e+03
2.836000000000000187e-01 -3.942409643077103283e+03
2.837000000000000077e-01 -3.944557298998841816e+03
2.837999999999999967e-01 -3.946703423698183087e+03
2.839000000000000412e-01 -3.948846479103699949e+03
2.840000000000000302e-01 -3.950977797902431121e+03
2.841000000000000192e-01 -3.953095488338742598e+03
2.842000000000000082e-01 -3.955198675199613263e+03
2.842999999999999972e-01 -3.957287355475157256e+03
2.843999999999999861e-01 -3.959363122106952233e+03
2.845000000000000306e-01 -3.961425143128955369e+03
2.846000000000000196e-01 -3.963473532126332884e+03
2.847000000000000086e-01 -3.965515227106205202e+03
2.847999999999999976e-01 -3.967554810391634874e+03
2.848999999999999866e-01 -3.969590637566181613e+03
2.850000000000000311e-01 -3.971609008161411566e+03
2.851000000000000201e-01 -3.973608175095484512e+03
2.852000000000000091e-01 -3.975586604199419980e+03
2.852999999999999980e-01 -3.977550920451801176e+03
2.853999999999999870e-01 -3.979531290829234422e+03
2.855000000000000315e-01 -3.981526696035111854e+03
2.856000000000000205e-01 -3.983528591071196843e+03
2.857000000000000095e-01 -3.985533339091129619e+03
2.857999999999999985e-01 -3.987540074904537960e+03
2.858999999999999875e-01 -3.989548079212041557e+03
2.860000000000000320e-01 -3.991554642154443172e+03
2.861000000000000210e-01 -3.993555863952231448e+03
2.862000000000000099e-01 -3.995551932508031769e+03
2.862999999999999989e-01 -3.997543854397241375e+03
2.863999999999999879e-01 -3.999532479149940627e+03
2.865000000000000324e-01 -4.001518373453877757e+03
2.866000000000000214e-01 -4.003501869095712664e+03
2.867000000000000104e-01 -4.005483113608415351e+03
2.867999999999999994e-01 -4.007462134572308059e+03
2.868999999999999884e-01 -4.009438824082627434e+03
2.870000000000000329e-01 -4.011412006489201758e+03
2.871000000000000218e-01 -4.013379489440116686e+03
2.872000000000000108e-01 -4.015343751787371730e+03
2.872999999999999998e-01 -4.017301769839512417e+03
2.873999999999999888e-01 -4.019252578617394647e+03
2.875000000000000333e-01 -4.021198617238743282e+03
2.876000000000000223e-01 -4.023141241849832568e+03
2.877000000000000113e-01 -4.025081280442484513e+03
2.878000000000000003e-01 -4.027019243456459208e+03
2.878999999999999893e-01 -4.028955430156427155e+03
2.880000000000000338e-01 -4.030889978648127908e+03
2.881000000000000227e-01 -4.032822951984047904e+03
2.882000000000000117e-01 -4.034754374650571208e+03
2.883000000000000007e-01 -4.036684236401522412e+03
2.883999999999999897e-01 -4.038612496232321973e+03
2.885000000000000342e-01 -4.040539086160902571e+03
2.886000000000000232e-01 -4.042463912941592298e+03
2.887000000000000122e-01 -4.044386861549523928e+03
2.888000000000000012e-01 -4.046308713743515909e+03
2.888999999999999901e-01 -4.048228692368970314e+03
2.890000000000000346e-01 -4.050145806444835671e+03
2.891000000000000236e-01 -4.052058681187615093e+03
2.892000000000000126e-01 -4.053963372656439333e+03
2.893000000000000016e-01 -4.055858381109987477e+03
2.893999999999999906e-01 -4.057744516384304461e+03
2.895000000000000351e-01 -4.059627268158673814e+03
2.896000000000000241e-01 -4.061514881100102684e+03
2.897000000000000131e-01 -4.063410064833919023e+03
2.898000000000000020e-01 -4.065386236024584832e+03
2.898999999999999910e-01 -4.067456147911493645e+03
2.900000000000000355e-01 -4.069522013919107394e+03
2.901000000000000245e-01 -4.071526680387441047e+03
2.902000000000000135e-01 -4.073471345832813313e+03
2.903000000000000025e-01 -4.075374021375411758e+03
2.903999999999999915e-01 -4.077253287650000402e+03
2.905000000000000360e-01 -4.079122220162289068e+03
2.906000000000000250e-01 -4.080988351257997238e+03
2.907000000000000139e-01 -4.082858645865597282e+03
2.908000000000000029e-01 -4.084738034935576707e+03
2.908999999999999919e-01 -4.086635040232705705e+03
2.910000000000000364e-01 -4.088555324406291675e+03
2.911000000000000254e-01 -4.090482522930322830e+03
2.912000000000000144e-01 -4.092415859641619591e+03
2.913000000000000034e-01 -4.094335913411702222e+03
2.913999999999999924e-01 -4.096262380703245981e+03
2.915000000000000369e-01 -4.098228997100098240e+03
2.916000000000000258e-01 -4.100222820435575159e+03
2.917000000000000148e-01 -4.102212369876240700e+03
2.918000000000000038e-01 -4.104169011554890858e+03
2.918999999999999928e-01 -4.106075449400300386e+03
2.920000000000000373e-01 -4.107925252485625606e+03
2.921000000000000263e-01 -4.109718407001103515e+03
2.922000000000000153e-01 -4.111461899849345173e+03
2.923000000000000043e-01 -4.113164222927410265e+03
2.923999999999999932e-01 -4.114825485130189008e+03
2.925000000000000377e-01 -4.116438458871837611e+03
2.926000000000000267e-01 -4.117993964112142748e+03
2.927000000000000157e-01 -4.119473229127041122e+03
2.928000000000000047e-01 -4.120846849134712102e+03
2.928999999999999937e-01 -4.122085364500934702e+03
2.930000000000000382e-01 -4.123164892087203043e+03
2.931000000000000272e-01 -4.124067561113048214e+03
2.932000000000000162e-01 -4.124779847193770365e+03
2.933000000000000052e-01 -4.125291918806456124e+03
2.933999999999999941e-01 -4.125563611021665565e+03
2.935000000000000386e-01 -4.125587691601098413e+03
2.936000000000000276e-01 -4.125411036950544258e+03
2.937000000000000166e-01 -4.125075360162047218e+03
2.938000000000000056e-01 -4.124579926151866857e+03
2.938999999999999946e-01 -4.123897326941153551e+03
2.940000000000000391e-01 -4.123029666104077478e+03
2.941000000000000281e-01 -4.122034461048227058e+03
2.942000000000000171e-01 -4.121002401840048151e+03
2.943000000000000060e-01 -4.119922241732956536e+03
2.943999999999999950e-01 -4.118913910399329325e+03
2.945000000000000395e-01 -4.118401825226440451e+03
2.946000000000000285e-01 -4.118534518153753197e+03
2.947000000000000175e-01 -4.119231972124366621e+03
2.948000000000000065e-01 -4.120403771661948667e+03
2.948999999999999955e-01 -4.121950995183377017e+03
2.950000000000000400e-01 -4.123812552967508964e+03
2.951000000000000290e-01 -4.125962973018719822e+03
2.952000000000000179e-01 -4.128325308638408387e+03
2.953000000000000069e-01 -4.130778484511843089e+03
2.953999999999999959e-01 -4.133160890246666895e+03
2.955000000000000404e-01 -4.135414272472872653e+03
2.956000000000000294e-01 -4.137568116247257421e+03
2.957000000000000184e-01 -4.139598029117350961e+03
2.958000000000000074e-01 -4.141480280587793459e+03
2.958999999999999964e-01 -4.143301555777731664e+03
2.960000000000000409e-01 -4.145103007433399398e+03
2.961000000000000298e-01 -4.146911855886919511e+03
2.962000000000000188e-01 -4.148741975886073305e+03
2.963000000000000078e-01 -4.150595066262194450e+03
2.963999999999999968e-01 -4.152489162123643837e+03
2.965000000000000413e-01 -4.154466393004904603e+03
2.966000000000000303e-01 -4.156500561097731406e+03
2.967000000000000193e-01 -4.158545796325527590e+03
2.968000000000000083e-01 -4.160588228605628501e+03
2.968999999999999972e-01 -4.162614216045090870e+03
2.970000000000000417e-01 -4.164610547240044980e+03
2.971000000000000307e-01 -4.166572711064106443e+03
2.972000000000000197e-01 -4.168500061314934101e+03
2.973000000000000087e-01 -4.170398594882293764e+03
2.973999999999999977e-01 -4.172283252661786719e+03
2.974999999999999867e-01 -4.174184874198175748e+03
2.976000000000000312e-01 -4.176091277685875866e+03
2.977000000000000202e-01 -4.178018487660327082e+03
2.978000000000000091e-01 -4.179982799629200599e+03
2.978999999999999981e-01 -4.181964192941693909e+03
2.979999999999999871e-01 -4.184001930268196702e+03
2.981000000000000316e-01 -4.186095406481950704e+03
2.982000000000000206e-01 -4.188217103098996631e+03
2.983000000000000096e-01 -4.190313007142676724e+03
2.983999999999999986e-01 -4.192369833175972417e+03
2.984999999999999876e-01 -4.194381327182639325e+03
2.986000000000000321e-01 -4.196356218626126065e+03
2.987000000000000210e-01 -4.198311197060873383e+03
2.988000000000000100e-01 -4.200261384998177164e+03
2.988999999999999990e-01 -4.202219409891940813e+03
2.989999999999999880e-01 -4.204190295405251163e+03
2.991000000000000325e-01 -4.206173571047096630e+03
2.992000000000000215e-01 -4.208167210814715872e+03
2.993000000000000105e-01 -4.210181926173308057e+03
2.993999999999999995e-01 -4.212201546145803150e+03
2.994999999999999885e-01 -4.214223835071763460e+03
2.996000000000000330e-01 -4.216255001947737583e+03
2.997000000000000219e-01 -4.218297032897571626e+03
2.998000000000000109e-01 -4.220351897759437634e+03
2.998999999999999999e-01 -4.222418098507268951e+03
2.999999999999999889e-01 -4.224492148688786983e+03
3.001000000000000334e-01 -4.228397317786198073e+03
3.002000000000000224e-01 -4.233678620763473191e+03
3.003000000000000114e-01 -4.239383914360620111e+03
3.004000000000000004e-01 -4.245393616375706188e+03
3.004999999999999893e-01 -4.252032030692225817e+03
3.006000000000000338e-01 -4.259532838014142726e+03
3.007000000000000228e-01 -4.267786343880874483e+03
3.008000000000000118e-01 -4.276379657454232074e+03
3.009000000000000008e-01 -4.284319499180653111e+03
3.009999999999999898e-01 -4.291232730128075673e+03
3.011000000000000343e-01 -4.297542744981671603e+03
3.012000000000000233e-01 -4.302709467210158437e+03
3.013000000000000123e-01 -4.306956560493866164e+03
3.014000000000000012e-01 -4.310428649749923352e+03
3.014999999999999902e-01 -4.313227656153636417e+03
3.016000000000000347e-01 -4.315515439232516655e+03
3.017000000000000237e-01 -4.317393024609243184e+03
3.018000000000000127e-01 -4.318976216381166523e+03
3.019000000000000017e-01 -4.320388310615265254e+03
3.019999999999999907e-01 -4.321875290808899081e+03
3.021000000000000352e-01 -4.323485209784112158e+03
3.022000000000000242e-01 -4.325541758504031350e+03
3.023000000000000131e-01 -4.328365118385740971e+03
3.024000000000000021e-01 -4.331398455351699340e+03
3.024999999999999911e-01 -4.333932416495577854e+03
3.026000000000000356e-01 -4.335907067510080196e+03
3.027000000000000246e-01 -4.337465239358955841e+03
3.028000000000000136e-01 -4.338736654853076288e+03
3.029000000000000026e-01 -4.339784742402835946e+03
3.029999999999999916e-01 -4.340602047496790874e+03
3.031000000000000361e-01 -4.341177188863523952e+03
3.032000000000000250e-01 -4.341522289528447800e+03
3.033000000000000140e-01 -4.341652323966110089e+03
3.034000000000000030e-01 -4.341575642718547897e+03
3.034999999999999920e-01 -4.341345368156329641e+03
3.036000000000000365e-01 -4.340992785439692852e+03
3.037000000000000255e-01 -4.340498065152847630e+03
3.038000000000000145e-01 -4.339846798851086533e+03
3.039000000000000035e-01 -4.338986321458575731e+03
3.039999999999999925e-01 -4.337970513453385138e+03
3.041000000000000369e-01 -4.336897469169744909e+03
3.042000000000000259e-01 -4.335771965448197989e+03
3.043000000000000149e-01 -4.334703397989490441e+03
3.044000000000000039e-01 -4.333952998354438023e+03
3.044999999999999929e-01 -4.333851969858301345e+03
3.046000000000000374e-01 -4.334361034114712311e+03
3.047000000000000264e-01 -4.335413509511292432e+03
3.048000000000000154e-01 -4.336944013483675917e+03
3.049000000000000044e-01 -4.338809790975808028e+03
3.049999999999999933e-01 -4.340913866731000780e+03
3.051000000000000378e-01 -4.343186492495347920e+03
3.052000000000000268e-01 -4.345535505085676959e+03
3.053000000000000158e-01 -4.347854369895822856e+03
3.054000000000000048e-01 -4.350136698378459187e+03
3.054999999999999938e-01 -4.352320901656122260e+03
3.056000000000000383e-01 -4.354384756329814991e+03
3.057000000000000273e-01 -4.356345894008558389e+03
3.058000000000000163e-01 -4.358237737392608324e+03
3.059000000000000052e-01 -4.360071826243200121e+03
3.059999999999999942e-01 -4.361939911641142317e+03
3.061000000000000387e-01 -4.363837971879157521e+03
3.062000000000000277e-01 -4.365762994534885365e+03
3.063000000000000167e-01 -4.367742394987544685e+03
3.064000000000000057e-01 -4.369810725881815415e+03
3.064999999999999947e-01 -4.371939010636690000e+03
3.066000000000000392e-01 -4.374088185595665891e+03
3.067000000000000282e-01 -4.376229317120144515e+03
3.068000000000000171e-01 -4.378344171460231337e+03
3.069000000000000061e-01 -4.380423271414736519e+03
3.069999999999999951e-01 -4.382463733358140416e+03
3.071000000000000396e-01 -4.384467723656305679e+03
3.072000000000000286e-01 -4.386439688741641476e+03
3.073000000000000176e-01 -4.388386879301172485e+03
3.074000000000000066e-01 -4.390317495973815312e+03
3.074999999999999956e-01 -4.392239873339060978e+03
3.076000000000000401e-01 -4.394171700939361472e+03
3.077000000000000290e-01 -4.396126010397854770e+03
3.078000000000000180e-01 -4.398105378349838247e+03
3.079000000000000070e-01 -4.400114436176339041e+03
3.079999999999999960e-01 -4.402151155554569414e+03
3.081000000000000405e-01 -4.404202118049492128e+03
3.082000000000000295e-01 -4.406302085828251620e+03
3.083000000000000185e-01 -4.408437441208359814e+03
3.084000000000000075e-01 -4.410562917154718889e+03
3.084999999999999964e-01 -4.412661853446460555e+03
3.086000000000000409e-01 -4.414727592054045090e+03
3.087000000000000299e-01 -4.416763845850124198e+03
3.088000000000000189e-01 -4.418779333015837437e+03
3.089000000000000079e-01 -4.420782821487233377e+03
3.089999999999999969e-01 -4.422780895717794010e+03
3.091000000000000414e-01 -4.424777794842833828e+03
3.092000000000000304e-01 -4.426776746490046207e+03
3.093000000000000194e-01 -4.428782323187162547e+03
3.094000000000000083e-01 -4.430794981412169363e+03
3.094999999999999973e-01 -4.432813161623000269e+03
3.096000000000000418e-01 -4.434835930963748979e+03
3.097000000000000308e-01 -4.436862649221929132e+03
3.098000000000000198e-01 -4.438894199388200832e+03
3.099000000000000088e-01 -4.440930180360700433e+03
3.099999999999999978e-01 -4.442966695454550063e+03
3.101000000000000423e-01 -4.445016147808418282e+03
3.102000000000000313e-01 -4.447115219469967997e+03
3.103000000000000203e-01 -4.449269565864419747e+03
3.104000000000000092e-01 -4.451470280285006993e+03
3.104999999999999982e-01 -4.453707831046244792e+03
3.105999999999999872e-01 -4.455970485960087899e+03
3.107000000000000317e-01 -4.458198475041230267e+03
3.108000000000000207e-01 -4.460235322670044297e+03
3.109000000000000097e-01 -4.462250149156260704e+03
3.109999999999999987e-01 -4.464322744409879306e+03
3.110999999999999877e-01 -4.466462876649319696e+03
3.112000000000000322e-01 -4.468659701242883784e+03
3.113000000000000211e-01 -4.470836821764888555e+03
3.114000000000000101e-01 -4.472880462039736813e+03
3.114999999999999991e-01 -4.474923839783848052e+03
3.115999999999999881e-01 -4.477020952515965291e+03
3.117000000000000326e-01 -4.479176599135650576e+03
3.118000000000000216e-01 -4.481380497883546013e+03
3.119000000000000106e-01 -4.483618437231481039e+03
3.119999999999999996e-01 -4.485887113089005652e+03
3.120999999999999885e-01 -4.488196368858647475e+03
3.122000000000000330e-01 -4.490540586949374301e+03
3.123000000000000220e-01 -4.492905048377822823e+03
3.124000000000000110e-01 -4.495275642320912993e+03
3.125000000000000000e-01 -4.497643831886114640e+03
3.125999999999999890e-01 -4.500003715593120432e+03
3.127000000000000335e-01 -4.502346023288379001e+03
3.128000000000000225e-01 -4.504671646548017634e+03
3.129000000000000115e-01 -4.506986437647194180e+03
3.130000000000000004e-01 -4.509294776749670746e+03
3.130999999999999894e-01 -4.511600449667113025e+03
3.132000000000000339e-01 -4.513906344122069640e+03
3.133000000000000229e-01 -4.516214370607596720e+03
3.134000000000000119e-01 -4.518522652430879134e+03
3.135000000000000009e-01 -4.520829943915753574e+03
3.135999999999999899e-01 -4.523138704728521589e+03
3.137000000000000344e-01 -4.525451348375535417e+03
3.138000000000000234e-01 -4.527769446345711913e+03
3.139000000000000123e-01 -4.530094203145502433e+03
3.140000000000000013e-01 -4.532428783047454090e+03
3.140999999999999903e-01 -4.534774481983421538e+03
3.142000000000000348e-01 -4.537130397396089393e+03
3.143000000000000238e-01 -4.539495061850237107e+03
3.144000000000000128e-01 -4.541867209754783289e+03
3.145000000000000018e-01 -4.544246354155612607e+03
3.145999999999999908e-01 -4.546631090467113609e+03
3.147000000000000353e-01 -4.549020161520304100e+03
3.148000000000000242e-01 -4.551412824130969057e+03
3.149000000000000132e-01 -4.553808463683590162e+03
3.150000000000000022e-01 -4.556206589785034339e+03
3.150999999999999912e-01 -4.558606927855805225e+03
3.152000000000000357e-01 -4.561009441369989872e+03
3.153000000000000247e-01 -4.563414288443200348e+03
3.154000000000000137e-01 -4.565821753789535251e+03
3.155000000000000027e-01 -4.568232198041908305e+03
3.155999999999999917e-01 -4.570646067038210276e+03
3.157000000000000361e-01 -4.573064306405541174e+03
3.158000000000000251e-01 -4.575490328024413429e+03
3.159000000000000141e-01 -4.577926951525363620e+03
3.160000000000000031e-01 -4.580377994731591571e+03
3.160999999999999921e-01 -4.582849462039233913e+03
3.162000000000000366e-01 -4.585342692646531759e+03
3.163000000000000256e-01 -4.587856891358748726e+03
3.164000000000000146e-01 -4.590391103520780234e+03
3.165000000000000036e-01 -4.592944899479568448e+03
3.165999999999999925e-01 -4.595518435481626511e+03
3.167000000000000370e-01 -4.598112283639617090e+03
3.168000000000000260e-01 -4.600727250799471221e+03
3.169000000000000150e-01 -4.603364301420478114e+03
3.170000000000000040e-01 -4.606024655322010403e+03
3.170999999999999930e-01 -4.608710222020243236e+03
3.172000000000000375e-01 -4.611428850323229199e+03
3.173000000000000265e-01 -4.614205149745469498e+03
3.174000000000000155e-01 -4.617058059477626557e+03
3.175000000000000044e-01 -4.619998694518295451e+03
3.175999999999999934e-01 -4.623037621602788022e+03
3.177000000000000379e-01 -4.626188083901028222e+03
3.178000000000000269e-01 -4.629455770586916515e+03
3.179000000000000159e-01 -4.632842043077469498e+03
3.180000000000000049e-01 -4.636348534508689227e+03
3.180999999999999939e-01 -4.639977310936479626e+03
3.182000000000000384e-01 -4.643734656177194665e+03
3.183000000000000274e-01 -4.647650391318215043e+03
3.184000000000000163e-01 -4.651766786912183306e+03
3.185000000000000053e-01 -4.656112132050046057e+03
3.185999999999999943e-01 -4.660669764527499865e+03
3.187000000000000388e-01 -4.665519103831836219e+03
3.188000000000000278e-01 -4.670698959898685644e+03
3.189000000000000168e-01 -4.676292218708447763e+03
3.190000000000000058e-01 -4.682365278861565457e+03
3.190999999999999948e-01 -4.688780672807080919e+03
3.192000000000000393e-01 -4.695341650855244552e+03
3.193000000000000282e-01 -4.700227919187371299e+03
3.194000000000000172e-01 -4.702853778540624262e+03
3.195000000000000062e-01 -4.704797415424005521e+03
3.195999999999999952e-01 -4.706532674197348570e+03
3.197000000000000397e-01 -4.708263653063630045e+03
3.198000000000000287e-01 -4.710107360255791718e+03
3.199000000000000177e-01 -4.712064882372801549e+03
3.200000000000000067e-01 -4.714087039264066334e+03
3.200999999999999956e-01 -4.716167956462233633e+03
3.202000000000000401e-01 -4.718311078719847501e+03
3.203000000000000291e-01 -4.720513180755185203e+03
3.204000000000000181e-01 -4.722767119899204772e+03
3.205000000000000071e-01 -4.725060238400430535e+03
3.205999999999999961e-01 -4.727383564483929149e+03
3.207000000000000406e-01 -4.729733372986398535e+03
3.208000000000000296e-01 -4.732199469108501944e+03
3.209000000000000186e-01 -4.734957558742954461e+03
3.210000000000000075e-01 -4.738449869351540656e+03
3.210999999999999965e-01 -4.742738837502954084e+03
3.212000000000000410e-01 -4.747060263483013841e+03
3.213000000000000300e-01 -4.750719103097564584e+03
3.214000000000000190e-01 -4.753790858860290427e+03
3.215000000000000080e-01 -4.756504494132690525e+03
3.215999999999999970e-01 -4.759016854749472259e+03
3.217000000000000415e-01 -4.761421862706776665e+03
3.218000000000000305e-01 -4.763774295940669617e+03
3.219000000000000195e-01 -4.766101191215816471e+03
3.220000000000000084e-01 -4.768414557445205901e+03
3.220999999999999974e-01 -4.770719666855360629e+03
3.222000000000000419e-01 -4.773018722231327956e+03
3.223000000000000309e-01 -4.775311753549410241e+03
3.224000000000000199e-01 -4.777598755477671148e+03
3.225000000000000089e-01 -4.779881629658625570e+03
3.225999999999999979e-01 -4.782163637932117126e+03
3.227000000000000424e-01 -4.784446059686802073e+03
3.228000000000000314e-01 -4.786728905996475987e+03
3.229000000000000203e-01 -4.789013761267606242e+03
3.230000000000000093e-01 -4.791302599831125917e+03
3.230999999999999983e-01 -4.793594793639860654e+03
3.232000000000000428e-01 -4.795889140311068331e+03
3.233000000000000318e-01 -4.798182091701948593e+03
3.234000000000000208e-01 -4.800472387516727395e+03
3.235000000000000098e-01 -4.802762630562549020e+03
3.235999999999999988e-01 -4.805050756682660904e+03
3.237000000000000433e-01 -4.807334912266069296e+03
3.238000000000000322e-01 -4.809615257451519938e+03
3.239000000000000212e-01 -4.811892599071157747e+03
3.240000000000000102e-01 -4.814167756163306876e+03
3.240999999999999992e-01 -4.816441400740107383e+03
3.241999999999999882e-01 -4.818714062271592411e+03
3.243000000000000327e-01 -4.820986165111126866e+03
3.244000000000000217e-01 -4.823258057794984779e+03
3.245000000000000107e-01 -4.825530027429903384e+03
3.245999999999999996e-01 -4.827802303049414149e+03
3.246999999999999886e-01 -4.830075053731316984e+03
3.248000000000000331e-01 -4.832348386201542780e+03
3.249000000000000221e-01 -4.834623024988727593e+03
3.250000000000000111e-01 -4.836898691400268035e+03
3.251000000000000001e-01 -4.839173143526388230e+03
3.251999999999999891e-01 -4.841447609717292835e+03
3.253000000000000336e-01 -4.843722530734929933e+03
3.254000000000000226e-01 -4.845997832276968438e+03
3.255000000000000115e-01 -4.848275124389533630e+03
3.256000000000000005e-01 -4.850553738760843771e+03
3.256999999999999895e-01 -4.852828510421733881e+03
3.258000000000000340e-01 -4.855102236866746352e+03
3.259000000000000230e-01 -4.857375595794880610e+03
3.260000000000000120e-01 -4.859648580994285112e+03
3.261000000000000010e-01 -4.861921062474461905e+03
3.261999999999999900e-01 -4.864192659008695045e+03
3.263000000000000345e-01 -4.866463731954715513e+03
3.264000000000000234e-01 -4.868734341938262332e+03
3.265000000000000124e-01 -4.871004246640623933e+03
3.266000000000000014e-01 -4.873273415620754349e+03
3.266999999999999904e-01 -4.875541897469419382e+03
3.268000000000000349e-01 -4.877809797714232445e+03
3.269000000000000239e-01 -4.880077195441732329e+03
3.270000000000000129e-01 -4.882342980206363791e+03
3.271000000000000019e-01 -4.884605383966599220e+03
3.271999999999999909e-01 -4.886864270005752587e+03
3.273000000000000353e-01 -4.889120441289790506e+03
3.274000000000000243e-01 -4.891374718179494266e+03
3.275000000000000133e-01 -4.893627680959358258e+03
3.276000000000000023e-01 -4.895879722622465124e+03
3.276999999999999913e-01 -4.898131097724535721e+03
3.278000000000000358e-01 -4.900381967146530769e+03
3.279000000000000248e-01 -4.902632435508427989e+03
3.280000000000000138e-01 -4.904882569027225145e+03
3.281000000000000028e-01 -4.907132413850480589e+03
3.281999999999999917e-01 -4.909382005218521954e+03
3.283000000000000362e-01 -4.911631372324695803e+03
3.284000000000000252e-01 -4.913880541034803173e+03
3.285000000000000142e-01 -4.916129535415766441e+03
3.286000000000000032e-01 -4.918378076279957895e+03
3.286999999999999922e-01 -4.920624929214424810e+03
3.288000000000000367e-01 -4.922868698496494289e+03
3.289000000000000257e-01 -4.925109280251605014e+03
3.290000000000000147e-01 -4.927346512057947621e+03
3.291000000000000036e-01 -4.929578560542181549e+03
3.291999999999999926e-01 -4.931803896996856565e+03
3.293000000000000371e-01 -4.934022197095581760e+03
3.294000000000000261e-01 -4.936234849211584333e+03
3.295000000000000151e-01 -4.938443397695497879e+03
3.296000000000000041e-01 -4.940649056647053840e+03
3.296999999999999931e-01 -4.942852686296742831e+03
3.298000000000000376e-01 -4.945054420897827185e+03
3.299000000000000266e-01 -4.947255515919711797e+03
3.300000000000000155e-01 -4.949456036717496318e+03
3.301000000000000045e-01 -4.951643363470934673e+03
3.301999999999999935e-01 -4.953791990494794845e+03
3.303000000000000380e-01 -4.955905279710669674e+03
3.304000000000000270e-01 -4.957992065074419770e+03
3.305000000000000160e-01 -4.960059565588120677e+03
3.306000000000000050e-01 -4.962112940186349988e+03
3.306999999999999940e-01 -4.964155780673295340e+03
3.308000000000000385e-01 -4.966190567403725254e+03
3.309000000000000274e-01 -4.968218888336174132e+03
3.310000000000000164e-01 -4.970241337486723751e+03
3.311000000000000054e-01 -4.972258408336148022e+03
3.311999999999999944e-01 -4.974271050130536423e+03
3.313000000000000389e-01 -4.976280147727283293e+03
3.314000000000000279e-01 -4.978286306549839537e+03
3.315000000000000169e-01 -4.980289848857291872e+03
3.316000000000000059e-01 -4.982290518040854295e+03
3.316999999999999948e-01 -4.984288034067912122e+03
3.318000000000000393e-01 -4.986282551275308833e+03
3.319000000000000283e-01 -4.988274253986987787e+03
3.320000000000000173e-01 -4.990262907341115351e+03
3.321000000000000063e-01 -4.992247982405181574e+03
3.321999999999999953e-01 -4.994229547843459841e+03
3.323000000000000398e-01 -4.996207898114170348e+03
3.324000000000000288e-01 -4.998183247565493730e+03
3.325000000000000178e-01 -5.000155479535462291e+03
3.326000000000000068e-01 -5.002122755056033384e+03
3.326999999999999957e-01 -5.004084092143993075e+03
3.328000000000000402e-01 -5.006040319503413230e+03
3.329000000000000292e-01 -5.007992442032829786e+03
3.330000000000000182e-01 -5.009941290889058109e+03
3.331000000000000072e-01 -5.011887395482198372e+03
3.331999999999999962e-01 -5.013831413436948424e+03
3.333000000000000407e-01 -5.015774760506305029e+03
3.334000000000000297e-01 -5.017716661519373702e+03
3.335000000000000187e-01 -5.019657897410212172e+03
3.336000000000000076e-01 -5.021598504339321153e+03
3.336999999999999966e-01 -5.023538335793136866e+03
3.338000000000000411e-01 -5.025477321804327403e+03
3.339000000000000301e-01 -5.027416161727194776e+03
3.340000000000000191e-01 -5.029353640105236082e+03
3.341000000000000081e-01 -5.031289666851606853e+03
3.341999999999999971e-01 -5.033226195335228113e+03
3.343000000000000416e-01 -5.035160721687280784e+03
3.344000000000000306e-01 -5.037093864746828331e+03
3.345000000000000195e-01 -5.039027358334980818e+03
3.346000000000000085e-01 -5.040964000575289901e+03
3.346999999999999975e-01 -5.042903182233205371e+03
3.348000000000000420e-01 -5.044857210347264299e+03
3.349000000000000310e-01 -5.046826153075858201e+03
3.350000000000000200e-01 -5.048809250794678519e+03
3.351000000000000090e-01 -5.050800996061493606e+03
3.351999999999999980e-01 -5.052796078747096544e+03
3.353000000000000425e-01 -5.054798240196209008e+03
3.354000000000000314e-01 -5.056804922241785789e+03
3.355000000000000204e-01 -5.058816185686248900e+03
3.356000000000000094e-01 -5.060824506595905405e+03
3.356999999999999984e-01 -5.062823203541990551e+03
3.358000000000000429e-01 -5.064811959171020135e+03
3.359000000000000319e-01 -5.066793339734751498e+03
3.360000000000000209e-01 -5.068770987178499126e+03
3.361000000000000099e-01 -5.070746916409251753e+03
3.361999999999999988e-01 -5.072722448455268022e+03
3.363000000000000433e-01 -5.074700106075060830e+03
3.364000000000000323e-01 -5.076681877398239521e+03
3.365000000000000213e-01 -5.078671408729799623e+03
3.366000000000000103e-01 -5.080670910552496025e+03
3.366999999999999993e-01 -5.082675484283562582e+03
3.368000000000000438e-01 -5.084678431778464073e+03
3.369000000000000328e-01 -5.086675730546846353e+03
3.370000000000000218e-01 -5.088666360434718626e+03
3.371000000000000107e-01 -5.090651269774717548e+03
3.371999999999999997e-01 -5.092632375212645456e+03
3.372999999999999887e-01 -5.094610880030236331e+03
3.374000000000000332e-01 -5.096584708843654880e+03
3.375000000000000222e-01 -5.098551427281871838e+03
3.376000000000000112e-01 -5.100511688545358084e+03
3.377000000000000002e-01 -5.102466836536405026e+03
3.377999999999999892e-01 -5.104417552202349725e+03
3.379000000000000337e-01 -5.106363899418908659e+03
3.380000000000000226e-01 -5.108305720320469845e+03
3.381000000000000116e-01 -5.110242892669762114e+03
3.382000000000000006e-01 -5.112175249839760909e+03
3.382999999999999896e-01 -5.114102888300079940e+03
3.384000000000000341e-01 -5.116027632740032459e+03
3.385000000000000231e-01 -5.117950944498174977e+03
3.386000000000000121e-01 -5.119871489379898776e+03
3.387000000000000011e-01 -5.121789359634582070e+03
3.387999999999999901e-01 -5.123704852798171487e+03
3.389000000000000346e-01 -5.125618189895345495e+03
3.390000000000000235e-01 -5.127529486571656889e+03
3.391000000000000125e-01 -5.129438793755411098e+03
3.392000000000000015e-01 -5.131346156777782198e+03
3.392999999999999905e-01 -5.133251662626449615e+03
3.394000000000000350e-01 -5.135155456283755484e+03
3.395000000000000240e-01 -5.137069392854195939e+03
3.396000000000000130e-01 -5.138977983595396836e+03
3.397000000000000020e-01 -5.140876316832803241e+03
3.397999999999999909e-01 -5.142774810152691316e+03
3.399000000000000354e-01 -5.144693634308889159e+03
3.400000000000000244e-01 -5.146644649144183859e+03
3.401000000000000134e-01 -5.148629026636343042e+03
3.402000000000000024e-01 -5.150629181284201877e+03
3.402999999999999914e-01 -5.152626891146581329e+03
3.404000000000000359e-01 -5.154611511441243238e+03
3.405000000000000249e-01 -5.156581690079367036e+03
3.406000000000000139e-01 -5.158541765611125811e+03
3.407000000000000028e-01 -5.160497471396719448e+03
3.407999999999999918e-01 -5.162454176235892191e+03
3.409000000000000363e-01 -5.164415187079703173e+03
3.410000000000000253e-01 -5.166380720055116399e+03
3.411000000000000143e-01 -5.168348825808512629e+03
3.412000000000000033e-01 -5.170316915898382831e+03
3.412999999999999923e-01 -5.172282552026913436e+03
3.414000000000000368e-01 -5.174244400165149273e+03
3.415000000000000258e-01 -5.176202417098023943e+03
3.416000000000000147e-01 -5.178155798676340964e+03
3.417000000000000037e-01 -5.180099958854733813e+03
3.417999999999999927e-01 -5.182028913384886437e+03
3.419000000000000372e-01 -5.183939153735898799e+03
3.420000000000000262e-01 -5.185829830400024548e+03
3.421000000000000152e-01 -5.187704290990061054e+03
3.422000000000000042e-01 -5.189568712781164322e+03
3.422999999999999932e-01 -5.191417974799346666e+03
3.424000000000000377e-01 -5.193242827184857560e+03
3.425000000000000266e-01 -5.195044002631398143e+03
3.426000000000000156e-01 -5.196829277409944552e+03
3.427000000000000046e-01 -5.198603301835676575e+03
3.427999999999999936e-01 -5.200365875413483991e+03
3.429000000000000381e-01 -5.202105165704809224e+03
3.430000000000000271e-01 -5.203803538414736977e+03
3.431000000000000161e-01 -5.205436674773123741e+03
3.432000000000000051e-01 -5.206981984551487585e+03
3.432999999999999940e-01 -5.208419275742618993e+03
3.434000000000000385e-01 -5.209729318196883469e+03
3.435000000000000275e-01 -5.210893401188331154e+03
3.436000000000000165e-01 -5.211893117829530638e+03
3.437000000000000055e-01 -5.212708459074920938e+03
3.437999999999999945e-01 -5.213320872377425076e+03
3.439000000000000390e-01 -5.213722817558940733e+03
3.440000000000000280e-01 -5.213947359919019618e+03
3.441000000000000170e-01 -5.214011288884537862e+03
3.442000000000000060e-01 -5.213926330168400455e+03
3.442999999999999949e-01 -5.213676665902466993e+03
3.444000000000000394e-01 -5.213265685195076003e+03
3.445000000000000284e-01 -5.212713601160625331e+03
3.446000000000000174e-01 -5.212115723572626848e+03
3.447000000000000064e-01 -5.211506076694927287e+03
3.447999999999999954e-01 -5.210868357863063466e+03
3.449000000000000399e-01 -5.210204962223794610e+03
3.450000000000000289e-01 -5.209628090715900726e+03
3.451000000000000179e-01 -5.209227378209810922e+03
3.452000000000000068e-01 -5.209170907229610748e+03
3.452999999999999958e-01 -5.209623576004883034e+03
3.454000000000000403e-01 -5.210514863257482830e+03
3.455000000000000293e-01 -5.211823594655606939e+03
3.456000000000000183e-01 -5.213412835855110643e+03
3.457000000000000073e-01 -5.215167622260844837e+03
3.457999999999999963e-01 -5.217014673592245344e+03
3.459000000000000408e-01 -5.218932844113467581e+03
3.460000000000000298e-01 -5.220900355519909681e+03
3.461000000000000187e-01 -5.222889275622070272e+03
3.462000000000000077e-01 -5.224875161243027833e+03
3.462999999999999967e-01 -5.226897769654369768e+03
3.464000000000000412e-01 -5.229045831726653887e+03
3.465000000000000302e-01 -5.231245018649395206e+03
3.466000000000000192e-01 -5.233447366617948319e+03
3.467000000000000082e-01 -5.235631301923622232e+03
3.467999999999999972e-01 -5.237769557795426408e+03
3.469000000000000417e-01 -5.239909361531229479e+03
3.470000000000000306e-01 -5.242051588993146652e+03
3.471000000000000196e-01 -5.244180097764437960e+03
3.472000000000000086e-01 -5.246291256842855546e+03
3.472999999999999976e-01 -5.248383394758006034e+03
3.474000000000000421e-01 -5.250456172519822758e+03
3.475000000000000311e-01 -5.252509311629023614e+03
3.476000000000000201e-01 -5.254542799506151823e+03
3.477000000000000091e-01 -5.256557061428885390e+03
3.477999999999999980e-01 -5.258552627047550232e+03
3.479000000000000425e-01 -5.260531618039008208e+03
3.480000000000000315e-01 -5.262496305306639442e+03
3.481000000000000205e-01 -5.264448141001250406e+03
3.482000000000000095e-01 -5.266388414255301541e+03
3.482999999999999985e-01 -5.268318527578250723e+03
3.484000000000000430e-01 -5.270240055361954546e+03
3.485000000000000320e-01 -5.272154490211746634e+03
3.486000000000000210e-01 -5.274064351571873885e+03
3.487000000000000099e-01 -5.275971463469545597e+03
3.487999999999999989e-01 -5.277879726828872663e+03
3.489000000000000434e-01 -5.279788573456594349e+03
3.490000000000000324e-01 -5.281700172439281232e+03
3.491000000000000214e-01 -5.283619932410566435e+03
3.492000000000000104e-01 -5.285543984301300043e+03
3.492999999999999994e-01 -5.287480389679905784e+03
3.494000000000000439e-01 -5.289431673559762203e+03
3.495000000000000329e-01 -5.291399299196819811e+03
3.496000000000000218e-01 -5.293378198033920853e+03
3.497000000000000108e-01 -5.295366429730038362e+03
3.497999999999999998e-01 -5.297366317768347471e+03
3.499000000000000443e-01 -5.299379240369104082e+03
3.500000000000000333e-01 -5.301402412595941314e+03
3.501000000000000223e-01 -5.305219336152729738e+03
3.502000000000000113e-01 -5.310169828430067355e+03
3.503000000000000003e-01 -5.315361983347210298e+03
3.503999999999999893e-01 -5.320845100809660835e+03
3.505000000000000338e-01 -5.327019846565588523e+03
3.506000000000000227e-01 -5.334068185892877409e+03
3.507000000000000117e-01 -5.341917261048255568e+03
3.508000000000000007e-01 -5.350360348159641035e+03
3.508999999999999897e-01 -5.359240639490922149e+03
3.510000000000000342e-01 -5.368368857777460107e+03
3.511000000000000232e-01 -5.376750025953567274e+03
3.512000000000000122e-01 -5.382198355859545700e+03
3.513000000000000012e-01 -5.385400271826366406e+03
3.513999999999999901e-01 -5.387469223085234262e+03
3.515000000000000346e-01 -5.388985443793137165e+03
3.516000000000000236e-01 -5.390238283725576366e+03
3.517000000000000126e-01 -5.391331597444061117e+03
3.518000000000000016e-01 -5.392610440958496838e+03
3.518999999999999906e-01 -5.395125545726997188e+03
3.520000000000000351e-01 -5.398540960927344713e+03
3.521000000000000241e-01 -5.401303663421942474e+03
3.522000000000000131e-01 -5.403296149500323736e+03
3.523000000000000020e-01 -5.404857028347778396e+03
3.523999999999999910e-01 -5.406208110111867427e+03
3.525000000000000355e-01 -5.407463339725920378e+03
3.526000000000000245e-01 -5.408690474007930789e+03
3.527000000000000135e-01 -5.409924203881886569e+03
3.528000000000000025e-01 -5.411166562949215404e+03
3.528999999999999915e-01 -5.412403783521274818e+03
3.530000000000000360e-01 -5.413625732462085580e+03
3.531000000000000250e-01 -5.414826592813957177e+03
3.532000000000000139e-01 -5.415995125353475487e+03
3.533000000000000029e-01 -5.417112464081251346e+03
3.533999999999999919e-01 -5.418155587063507483e+03
3.535000000000000364e-01 -5.419106718138601536e+03
3.536000000000000254e-01 -5.419975840826517015e+03
3.537000000000000144e-01 -5.420762545655547001e+03
3.538000000000000034e-01 -5.421452686044110123e+03
3.538999999999999924e-01 -5.422034253363614880e+03
3.540000000000000369e-01 -5.422503330853271109e+03
3.541000000000000258e-01 -5.422859995180813712e+03
3.542000000000000148e-01 -5.423097480791483576e+03
3.543000000000000038e-01 -5.423217628976612104e+03
3.543999999999999928e-01 -5.423282798280125462e+03
3.545000000000000373e-01 -5.423333621292345015e+03
3.546000000000000263e-01 -5.423350549944275372e+03
3.547000000000000153e-01 -5.423322630642318472e+03
3.548000000000000043e-01 -5.423252306102355760e+03
3.548999999999999932e-01 -5.423167948285227794e+03
3.550000000000000377e-01 -5.423170181248829977e+03
3.551000000000000267e-01 -5.423350324401747457e+03
3.552000000000000157e-01 -5.423737033933912244e+03
3.553000000000000047e-01 -5.424440916488751100e+03
3.553999999999999937e-01 -5.425429558737232583e+03
3.555000000000000382e-01 -5.426693611886971667e+03
3.556000000000000272e-01 -5.428209332166944478e+03
3.557000000000000162e-01 -5.429905522864443810e+03
3.558000000000000052e-01 -5.431715806197235906e+03
3.558999999999999941e-01 -5.433599354914346804e+03
3.560000000000000386e-01 -5.435539371947938889e+03
3.561000000000000276e-01 -5.437519151805724505e+03
3.562000000000000166e-01 -5.439531660281275435e+03
3.563000000000000056e-01 -5.441597693752115447e+03
3.563999999999999946e-01 -5.443711303762497664e+03
3.565000000000000391e-01 -5.445844337968424952e+03
3.566000000000000281e-01 -5.447945844329044121e+03
3.567000000000000171e-01 -5.450059935354153822e+03
3.568000000000000060e-01 -5.452179725908776163e+03
3.568999999999999950e-01 -5.454290357130035773e+03
3.570000000000000395e-01 -5.456386689516101796e+03
3.571000000000000285e-01 -5.458468880389984406e+03
3.572000000000000175e-01 -5.460537644793625077e+03
3.573000000000000065e-01 -5.462593214825262294e+03
3.573999999999999955e-01 -5.464635520934235501e+03
3.575000000000000400e-01 -5.466664077920023374e+03
3.576000000000000290e-01 -5.468675877962144114e+03
3.577000000000000179e-01 -5.470674905128116734e+03
3.578000000000000069e-01 -5.472665197047495894e+03
3.578999999999999959e-01 -5.474650940023647308e+03
3.580000000000000404e-01 -5.476632936114117001e+03
3.581000000000000294e-01 -5.478611012651693272e+03
3.582000000000000184e-01 -5.480585095756863666e+03
3.583000000000000074e-01 -5.482555416746222363e+03
3.583999999999999964e-01 -5.484522479900953840e+03
3.585000000000000409e-01 -5.486486984449430565e+03
3.586000000000000298e-01 -5.488449515396042443e+03
3.587000000000000188e-01 -5.490411064013741452e+03
3.588000000000000078e-01 -5.492372659926225424e+03
3.588999999999999968e-01 -5.494334936285365984e+03
3.590000000000000413e-01 -5.496298888248804360e+03
3.591000000000000303e-01 -5.498261427675732193e+03
3.592000000000000193e-01 -5.500225677117138730e+03
3.593000000000000083e-01 -5.502194157215612904e+03
3.593999999999999972e-01 -5.504170479876686841e+03
3.595000000000000417e-01 -5.506147013172248080e+03
3.596000000000000307e-01 -5.508136130825932923e+03
3.597000000000000197e-01 -5.510130891446750866e+03
3.598000000000000087e-01 -5.512124804632241649e+03
3.598999999999999977e-01 -5.514117465997698673e+03
3.600000000000000422e-01 -5.516115264494655094e+03
3.601000000000000312e-01 -5.518136793458050306e+03
3.602000000000000202e-01 -5.520210937918659511e+03
3.603000000000000091e-01 -5.522339077833504234e+03
3.603999999999999981e-01 -5.524510840902676136e+03
3.605000000000000426e-01 -5.526714352293229240e+03
3.606000000000000316e-01 -5.528942066925563267e+03
3.607000000000000206e-01 -5.531188760190338144e+03
3.608000000000000096e-01 -5.533450818397311195e+03
3.608999999999999986e-01 -5.535726648594564722e+03
3.610000000000000431e-01 -5.538014595975261727e+03
3.611000000000000321e-01 -5.540312678005889211e+03
3.612000000000000210e-01 -5.542619088860637021e+03
3.613000000000000100e-01 -5.544933511802531939e+03
3.613999999999999990e-01 -5.547250711190615220e+03
3.615000000000000435e-01 -5.549571965168795941e+03
3.616000000000000325e-01 -5.551897204624168808e+03
3.617000000000000215e-01 -5.554225908729703406e+03
3.618000000000000105e-01 -5.556557652267255435e+03
3.618999999999999995e-01 -5.558892168684011267e+03
3.620000000000000440e-01 -5.561229312823796135e+03
3.621000000000000330e-01 -5.563569012058303088e+03
3.622000000000000219e-01 -5.565911225440569069e+03
3.623000000000000109e-01 -5.568255914231914176e+03
3.623999999999999999e-01 -5.570603119478046210e+03
3.625000000000000444e-01 -5.572952981995420487e+03
3.626000000000000334e-01 -5.575305417214492081e+03
3.627000000000000224e-01 -5.577660257758780972e+03
3.628000000000000114e-01 -5.580017343841920592e+03
3.629000000000000004e-01 -5.582376559285502481e+03
3.630000000000000449e-01 -5.584737721357475493e+03
3.631000000000000338e-01 -5.587100630714815452e+03
3.632000000000000228e-01 -5.589465100868009358e+03
3.633000000000000118e-01 -5.591830967453671292e+03
3.634000000000000008e-01 -5.594198092574873954e+03
3.634999999999999898e-01 -5.596566367929983244e+03
3.636000000000000343e-01 -5.598935717584870872e+03
3.637000000000000233e-01 -5.601306100689032974e+03
3.638000000000000123e-01 -5.603677514531524139e+03
3.639000000000000012e-01 -5.606049998698310446e+03
3.639999999999999902e-01 -5.608423641814117218e+03
3.641000000000000347e-01 -5.610798594013668662e+03
3.642000000000000237e-01 -5.613175093140753233e+03
3.643000000000000127e-01 -5.615553532846010967e+03
3.644000000000000017e-01 -5.617934976209488013e+03
3.644999999999999907e-01 -5.620323884201282453e+03
3.646000000000000352e-01 -5.622723239010540965e+03
3.647000000000000242e-01 -5.625133170321225407e+03
3.648000000000000131e-01 -5.627553226751063448e+03
3.649000000000000021e-01 -5.629983063743818093e+03
3.649999999999999911e-01 -5.632422536605286950e+03
3.651000000000000356e-01 -5.634871651110207495e+03
3.652000000000000246e-01 -5.637330328062276749e+03
3.653000000000000136e-01 -5.639795653933391804e+03
3.654000000000000026e-01 -5.642274765077654592e+03
3.654999999999999916e-01 -5.644774342791005438e+03
3.656000000000000361e-01 -5.647294768301968361e+03
3.657000000000000250e-01 -5.649834717902750526e+03
3.658000000000000140e-01 -5.652393006916283412e+03
3.659000000000000030e-01 -5.654969128358799935e+03
3.659999999999999920e-01 -5.657563359754109115e+03
3.661000000000000365e-01 -5.660177487789710540e+03
3.662000000000000255e-01 -5.662819112994359784e+03
3.663000000000000145e-01 -5.665494813796416565e+03
3.664000000000000035e-01 -5.668205202236616060e+03
3.664999999999999925e-01 -5.670944666387384132e+03
3.666000000000000369e-01 -5.673730153088195038e+03
3.667000000000000259e-01 -5.676566764213521310e+03
3.668000000000000149e-01 -5.679459777870138169e+03
3.669000000000000039e-01 -5.682412368202031757e+03
3.669999999999999929e-01 -5.685428580717858495e+03
3.671000000000000374e-01 -5.688519956471611295e+03
3.672000000000000264e-01 -5.691698205544942539e+03
3.673000000000000154e-01 -5.694971037237109158e+03
3.674000000000000044e-01 -5.698344401931331049e+03
3.674999999999999933e-01 -5.701811091729363397e+03
3.676000000000000378e-01 -5.705384053584534740e+03
3.677000000000000268e-01 -5.709072860615220634e+03
3.678000000000000158e-01 -5.712870048290107661e+03
3.679000000000000048e-01 -5.716834483875790283e+03
3.679999999999999938e-01 -5.721007235635583129e+03
3.681000000000000383e-01 -5.725396939456368273e+03
3.682000000000000273e-01 -5.730054036406689193e+03
3.683000000000000163e-01 -5.734962588295199566e+03
3.684000000000000052e-01 -5.740042607058639078e+03
3.684999999999999942e-01 -5.745130496112864421e+03
3.686000000000000387e-01 -5.749348853794603201e+03
3.687000000000000277e-01 -5.752296678641887411e+03
3.688000000000000167e-01 -5.754722000220714108e+03
3.689000000000000057e-01 -5.756909519888367868e+03
3.689999999999999947e-01 -5.758896884491589844e+03
3.691000000000000392e-01 -5.760758375561638786e+03
3.692000000000000282e-01 -5.762573962703400866e+03
3.693000000000000171e-01 -5.764403783729171664e+03
3.694000000000000061e-01 -5.766287920710639810e+03
3.694999999999999951e-01 -5.768250611615080743e+03
3.696000000000000396e-01 -5.770305915934150107e+03
3.697000000000000286e-01 -5.772457249860111915e+03
3.698000000000000176e-01 -5.774690078893035206e+03
3.699000000000000066e-01 -5.776981184630909411e+03
3.699999999999999956e-01 -5.779303803451145541e+03
3.701000000000000401e-01 -5.781628596301912694e+03
3.702000000000000290e-01 -5.783941058635473382e+03
3.703000000000000180e-01 -5.786237443068046559e+03
3.704000000000000070e-01 -5.788519729363868464e+03
3.704999999999999960e-01 -5.790791679537896016e+03
3.706000000000000405e-01 -5.793052368440857208e+03
3.707000000000000295e-01 -5.795301224318232926e+03
3.708000000000000185e-01 -5.797539810878683966e+03
3.709000000000000075e-01 -5.799771707553048145e+03
3.709999999999999964e-01 -5.802001819814734517e+03
3.711000000000000409e-01 -5.804233121412949004e+03
3.712000000000000299e-01 -5.806466445426204700e+03
3.713000000000000189e-01 -5.808701707510486813e+03
3.714000000000000079e-01 -5.810938539254304487e+03
3.714999999999999969e-01 -5.813176635927005009e+03
3.716000000000000414e-01 -5.815415702816847443e+03
3.717000000000000304e-01 -5.817655365123317097e+03
3.718000000000000194e-01 -5.819895437786297407e+03
3.719000000000000083e-01 -5.822135809589192831e+03
3.719999999999999973e-01 -5.824376354367016575e+03
3.721000000000000418e-01 -5.826617007812558768e+03
3.722000000000000308e-01 -5.828858014889113292e+03
3.723000000000000198e-01 -5.831100514612793631e+03
3.724000000000000088e-01 -5.833344862514794841e+03
3.724999999999999978e-01 -5.835589830987204550e+03
3.726000000000000423e-01 -5.837833579097693473e+03
3.727000000000000313e-01 -5.840074625007529903e+03
3.728000000000000203e-01 -5.842312571179157203e+03
3.729000000000000092e-01 -5.844547878215914352e+03
3.729999999999999982e-01 -5.846780360323175955e+03
3.731000000000000427e-01 -5.849010366915872510e+03
3.732000000000000317e-01 -5.851238518547068452e+03
3.733000000000000207e-01 -5.853465451273679719e+03
3.734000000000000097e-01 -5.855691771308211173e+03
3.734999999999999987e-01 -5.857917923211198286e+03
3.736000000000000432e-01 -5.860144080801579548e+03
3.737000000000000322e-01 -5.862369209629704528e+03
3.738000000000000211e-01 -5.864594183671981227e+03
3.739000000000000101e-01 -5.866820034771989413e+03
3.739999999999999991e-01 -5.869046820979505355e+03
3.741000000000000436e-01 -5.871272838734784273e+03
3.742000000000000326e-01 -5.873497979163855234e+03
3.743000000000000216e-01 -5.875722987204800120e+03
3.744000000000000106e-01 -5.877948161427638297e+03
3.744999999999999996e-01 -5.880173770000977129e+03
3.746000000000000441e-01 -5.882400020772437529e+03
3.747000000000000330e-01 -5.884626989416777178e+03
3.748000000000000220e-01 -5.886854604694745831e+03
3.749000000000000110e-01 -5.889082684834276733e+03
3.750000000000000000e-01 -5.891310997999549727e+03
3.751000000000000445e-01 -5.893539321828390712e+03
3.752000000000000335e-01 -5.895767485752834546e+03
3.753000000000000225e-01 -5.897995390314812539e+03
3.754000000000000115e-01 -5.900223023980709513e+03
3.755000000000000004e-01 -5.902450427858389048e+03
3.756000000000000449e-01 -5.904677648901133580e+03
3.757000000000000339e-01 -5.906904743576880719e+03
3.758000000000000229e-01 -5.909131767306473193e+03
3.759000000000000119e-01 -5.911358764597486697e+03
3.760000000000000009e-01 -5.913585467092597355e+03
3.761000000000000454e-01 -5.915810498955620460e+03
3.762000000000000344e-01 -5.918032422658919131e+03
3.763000000000000234e-01 -5.920251462456973059e+03
3.764000000000000123e-01 -5.922468454161889895e+03
3.765000000000000013e-01 -5.924684114160036188e+03
3.765999999999999903e-01 -5.926898957571995197e+03
3.767000000000000348e-01 -5.929113357672747043e+03
3.768000000000000238e-01 -5.931327627204938835e+03
3.769000000000000128e-01 -5.933543285021347401e+03
3.770000000000000018e-01 -5.935760409237101157e+03
3.770999999999999908e-01 -5.937978145201328516e+03
3.772000000000000353e-01 -5.940196264952477577e+03
3.773000000000000242e-01 -5.942414730103710099e+03
3.774000000000000132e-01 -5.944633557216297049e+03
3.775000000000000022e-01 -5.946852737208280814e+03
3.775999999999999912e-01 -5.949072603142830303e+03
3.777000000000000357e-01 -5.951291911263109796e+03
3.778000000000000247e-01 -5.953565509529403244e+03
3.779000000000000137e-01 -5.955919075444272494e+03
3.780000000000000027e-01 -5.958237845764236226e+03
3.780999999999999917e-01 -5.960581069140574982e+03
3.782000000000000361e-01 -5.962896781067236589e+03
3.783000000000000251e-01 -5.965150916159115695e+03
3.784000000000000141e-01 -5.967406944735679645e+03
3.785000000000000031e-01 -5.969652330812566106e+03
3.785999999999999921e-01 -5.971850741112738433e+03
3.787000000000000366e-01 -5.973958562646305836e+03
3.788000000000000256e-01 -5.976081363364936806e+03
3.789000000000000146e-01 -5.978217253408176475e+03
3.790000000000000036e-01 -5.980362505584686005e+03
3.790999999999999925e-01 -5.982514973779027059e+03
3.792000000000000370e-01 -5.984672146974586212e+03
3.793000000000000260e-01 -5.986832114119261860e+03
3.794000000000000150e-01 -5.988994999923374053e+03
3.795000000000000040e-01 -5.991161501147204945e+03
3.795999999999999930e-01 -5.993332141823590064e+03
3.797000000000000375e-01 -5.995507408208545712e+03
3.798000000000000265e-01 -5.997687393417958447e+03
3.799000000000000155e-01 -5.999871848115777539e+03
3.800000000000000044e-01 -6.002060522367445628e+03
3.800999999999999934e-01 -6.004240597530547348e+03
3.802000000000000379e-01 -6.006385564525548034e+03
3.803000000000000269e-01 -6.008498299362920079e+03
3.804000000000000159e-01 -6.010586772480986838e+03
3.805000000000000049e-01 -6.012657245828317173e+03
3.805999999999999939e-01 -6.014714590397231404e+03
3.807000000000000384e-01 -6.016762605487460860e+03
3.808000000000000274e-01 -6.018804579215693593e+03
3.809000000000000163e-01 -6.020843182828391036e+03
3.810000000000000053e-01 -6.022879644506600016e+03
3.810999999999999943e-01 -6.024914601436328667e+03
3.812000000000000388e-01 -6.026948304058380018e+03
3.813000000000000278e-01 -6.028980850438656489e+03
3.814000000000000168e-01 -6.031012259802992958e+03
3.815000000000000058e-01 -6.033043426585956695e+03
3.815999999999999948e-01 -6.035073340764415661e+03
3.817000000000000393e-01 -6.037100418876047115e+03
3.818000000000000282e-01 -6.039125703443874954e+03
3.819000000000000172e-01 -6.041149687342942343e+03
3.820000000000000062e-01 -6.043172687959518043e+03
3.820999999999999952e-01 -6.045194891740732601e+03
3.822000000000000397e-01 -6.047216395071676743e+03
3.823000000000000287e-01 -6.049237238826308385e+03
3.824000000000000177e-01 -6.051257434071883836e+03
3.825000000000000067e-01 -6.053276978246401086e+03
3.825999999999999956e-01 -6.055295860745466598e+03
3.827000000000000401e-01 -6.057314059565012940e+03
3.828000000000000291e-01 -6.059331543895918912e+03
3.829000000000000181e-01 -6.061348252961594881e+03
3.830000000000000071e-01 -6.063364044239384384e+03
3.830999999999999961e-01 -6.065378499202322018e+03
3.832000000000000406e-01 -6.067389540834359650e+03
3.833000000000000296e-01 -6.069395429314798093e+03
3.834000000000000186e-01 -6.071396369722981035e+03
3.835000000000000075e-01 -6.073393205730050795e+03
3.835999999999999965e-01 -6.075386660083754577e+03
3.837000000000000410e-01 -6.077377231967328953e+03
3.838000000000000300e-01 -6.079365405433573869e+03
3.839000000000000190e-01 -6.081351681318533338e+03
3.840000000000000080e-01 -6.083336490617825802e+03
3.840999999999999970e-01 -6.085320144491333849e+03
3.842000000000000415e-01 -6.087302811212731285e+03
3.843000000000000305e-01 -6.089284336938584602e+03
3.844000000000000195e-01 -6.091264443910273258e+03
3.845000000000000084e-01 -6.093243060225330737e+03
3.845999999999999974e-01 -6.095220280044418359e+03
3.847000000000000419e-01 -6.097196323332779684e+03
3.848000000000000309e-01 -6.099171457176897093e+03
3.849000000000000199e-01 -6.101145916578007927e+03
3.850000000000000089e-01 -6.103119867026343854e+03
3.850999999999999979e-01 -6.105093454371073676e+03
3.852000000000000424e-01 -6.107066593227808880e+03
3.853000000000000314e-01 -6.109039105233474402e+03
3.854000000000000203e-01 -6.111010871166370634e+03
3.855000000000000093e-01 -6.112981827655708912e+03
3.855999999999999983e-01 -6.114951978540831988e+03
3.857000000000000428e-01 -6.116921508536784131e+03
3.858000000000000318e-01 -6.118890438929514858e+03
3.859000000000000208e-01 -6.120858705101777559e+03
3.860000000000000098e-01 -6.122826353227147592e+03
3.860999999999999988e-01 -6.124793557782396419e+03
3.862000000000000433e-01 -6.126760700485730922e+03
3.863000000000000322e-01 -6.128727953635058839e+03
3.864000000000000212e-01 -6.130695212127194281e+03
3.865000000000000102e-01 -6.132662391651877442e+03
3.865999999999999992e-01 -6.134698824548239827e+03
3.867000000000000437e-01 -6.136915883398989536e+03
3.868000000000000327e-01 -6.139154544893936873e+03
3.869000000000000217e-01 -6.141380417629969998e+03
3.870000000000000107e-01 -6.143730953861249873e+03
3.870999999999999996e-01 -6.146064553290760159e+03
3.872000000000000441e-01 -6.148304270211531730e+03
3.873000000000000331e-01 -6.150462951086465182e+03
3.874000000000000221e-01 -6.152576791828319074e+03
3.875000000000000111e-01 -6.154663855092077029e+03
3.876000000000000001e-01 -6.156737454233514654e+03
3.877000000000000446e-01 -6.158804666919629199e+03
3.878000000000000336e-01 -6.160869864029976270e+03
3.879000000000000226e-01 -6.162933667490141488e+03
3.880000000000000115e-01 -6.164994680296831575e+03
3.881000000000000005e-01 -6.167051316182306437e+03
3.882000000000000450e-01 -6.169102457862588381e+03
3.883000000000000340e-01 -6.171147482328797196e+03
3.884000000000000230e-01 -6.173185911988119187e+03
3.885000000000000120e-01 -6.175216381446564810e+03
3.886000000000000010e-01 -6.177238541613021880e+03
3.887000000000000455e-01 -6.179252872797005693e+03
3.888000000000000345e-01 -6.181258193198984372e+03
3.889000000000000234e-01 -6.183253822070802016e+03
3.890000000000000124e-01 -6.185239465003063742e+03
3.891000000000000014e-01 -6.187219291317880561e+03
3.892000000000000459e-01 -6.189195174708114791e+03
3.893000000000000349e-01 -6.191166232790766117e+03
3.894000000000000239e-01 -6.193131187680100084e+03
3.895000000000000129e-01 -6.195090519072362440e+03
3.896000000000000019e-01 -6.197044920085396370e+03
3.897000000000000464e-01 -6.198994838117546351e+03
3.898000000000000353e-01 -6.200940378141648580e+03
3.899000000000000243e-01 -6.202880857299494892e+03
3.900000000000000133e-01 -6.204814362394631644e+03
3.901000000000000023e-01 -6.206734699780748997e+03
3.901999999999999913e-01 -6.208638846608066160e+03
3.903000000000000358e-01 -6.210528439720828828e+03
3.904000000000000248e-01 -6.212406735114402181e+03
3.905000000000000138e-01 -6.214276764092771373e+03
3.906000000000000028e-01 -6.216140111615649403e+03
3.906999999999999917e-01 -6.217993959267691025e+03
3.908000000000000362e-01 -6.219834388472992941e+03
3.909000000000000252e-01 -6.221660702522775864e+03
3.910000000000000142e-01 -6.223474121890588322e+03
3.911000000000000032e-01 -6.225275627449119384e+03
3.911999999999999922e-01 -6.227063143335662971e+03
3.913000000000000367e-01 -6.228835354826062030e+03
3.914000000000000257e-01 -6.230592456562349071e+03
3.915000000000000147e-01 -6.232335265141004129e+03
3.916000000000000036e-01 -6.234065076008734650e+03
3.916999999999999926e-01 -6.235780098218792773e+03
3.918000000000000371e-01 -6.237470811617215077e+03
3.919000000000000261e-01 -6.239118711382382571e+03
3.920000000000000151e-01 -6.240697877140962191e+03
3.921000000000000041e-01 -6.242172343644399007e+03
3.921999999999999931e-01 -6.243542917484684040e+03
3.923000000000000376e-01 -6.244866628240308273e+03
3.924000000000000266e-01 -6.246368079239542567e+03
3.925000000000000155e-01 -6.247961053720068776e+03
3.926000000000000045e-01 -6.249451847260213981e+03
3.926999999999999935e-01 -6.250706776698349131e+03
3.928000000000000380e-01 -6.251636786461718657e+03
3.929000000000000270e-01 -6.252196172842136548e+03
3.930000000000000160e-01 -6.252404231384011837e+03
3.931000000000000050e-01 -6.252581546557782531e+03
3.931999999999999940e-01 -6.253020061868289304e+03
3.933000000000000385e-01 -6.253349665816173911e+03
3.934000000000000274e-01 -6.253325374244584964e+03
3.935000000000000164e-01 -6.252908060830784052e+03
3.936000000000000054e-01 -6.252174604771752456e+03
3.936999999999999944e-01 -6.251212644487154648e+03
3.938000000000000389e-01 -6.250061083570698429e+03
3.939000000000000279e-01 -6.248756503377459012e+03
3.940000000000000169e-01 -6.247423241881568174e+03
3.941000000000000059e-01 -6.246116857506746783e+03
3.941999999999999948e-01 -6.244885091878472849e+03
3.943000000000000393e-01 -6.243803599269763254e+03
3.944000000000000283e-01 -6.243091947850898578e+03
3.945000000000000173e-01 -6.243035244588068053e+03
3.946000000000000063e-01 -6.243769325231295625e+03
3.946999999999999953e-01 -6.245069957993925527e+03
3.948000000000000398e-01 -6.246772734701061381e+03
3.949000000000000288e-01 -6.248743861750807810e+03
3.950000000000000178e-01 -6.250903664994436440e+03
3.951000000000000068e-01 -6.253202039444448928e+03
3.951999999999999957e-01 -6.255567354848068135e+03
3.953000000000000402e-01 -6.257933377897566061e+03
3.954000000000000292e-01 -6.260164599015954082e+03
3.955000000000000182e-01 -6.262291027216651855e+03
3.956000000000000072e-01 -6.264317432752210152e+03
3.956999999999999962e-01 -6.266219400789796055e+03
3.958000000000000407e-01 -6.268008294645352180e+03
3.959000000000000297e-01 -6.269715016741589352e+03
3.960000000000000187e-01 -6.271390799389568201e+03
3.961000000000000076e-01 -6.273065874039778464e+03
3.961999999999999966e-01 -6.274756631762696998e+03
3.963000000000000411e-01 -6.276467399984664553e+03
3.964000000000000301e-01 -6.278194809468353014e+03
3.965000000000000191e-01 -6.279950395904630568e+03
3.966000000000000081e-01 -6.281752632484547576e+03
3.966999999999999971e-01 -6.283668675257246832e+03
3.968000000000000416e-01 -6.285824175163931613e+03
3.969000000000000306e-01 -6.288056642511295649e+03
3.970000000000000195e-01 -6.290275945657794182e+03
3.971000000000000085e-01 -6.292443764893088883e+03
3.971999999999999975e-01 -6.294542968019916771e+03
3.973000000000000420e-01 -6.296584499816756761e+03
3.974000000000000310e-01 -6.298584604223269707e+03
3.975000000000000200e-01 -6.300557768315893554e+03
3.976000000000000090e-01 -6.302519566556618884e+03
3.976999999999999980e-01 -6.304485752520999995e+03
3.978000000000000425e-01 -6.306459631341817840e+03
3.979000000000000314e-01 -6.308439632485885340e+03
3.980000000000000204e-01 -6.310452432659873011e+03
3.981000000000000094e-01 -6.312503865220956868e+03
3.981999999999999984e-01 -6.314581650486796207e+03
3.983000000000000429e-01 -6.316674139973364618e+03
3.984000000000000319e-01 -6.318775383749556568e+03
3.985000000000000209e-01 -6.320878016708301402e+03
3.986000000000000099e-01 -6.322977996842620087e+03
3.986999999999999988e-01 -6.325076219451195357e+03
3.988000000000000433e-01 -6.327172505577344054e+03
3.989000000000000323e-01 -6.329263499230745765e+03
3.990000000000000213e-01 -6.331346907616545650e+03
3.991000000000000103e-01 -6.333432440283966571e+03
3.991999999999999993e-01 -6.335510967155547405e+03
3.993000000000000438e-01 -6.337581340913739041e+03
3.994000000000000328e-01 -6.339650808953501837e+03
3.995000000000000218e-01 -6.341725149388516911e+03
3.996000000000000107e-01 -6.343804551550294491e+03
3.996999999999999997e-01 -6.345886427691395511e+03
3.998000000000000442e-01 -6.347969567782436570e+03
3.999000000000000332e-01 -6.350053642687455977e+03
4.000000000000000222e-01 -6.352139600178647015e+03
4.001000000000000112e-01 -6.355984005726088981e+03
4.002000000000000002e-01 -6.361077036532100465e+03
4.003000000000000447e-01 -6.366637146591768214e+03
4.004000000000000337e-01 -6.372500336801222147e+03
4.005000000000000226e-01 -6.379012596058453710e+03
4.006000000000000116e-01 -6.386341443196152795e+03
4.007000000000000006e-01 -6.394376738894157825e+03
4.008000000000000451e-01 -6.402876419813124812e+03
4.009000000000000341e-01 -6.411749592312307868e+03
4.010000000000000231e-01 -6.420155580451732931e+03
4.011000000000000121e-01 -6.427565811508289698e+03
4.012000000000000011e-01 -6.433546714537656953e+03
4.013000000000000456e-01 -6.438365103141773943e+03
4.014000000000000346e-01 -6.442073081131100480e+03
4.015000000000000235e-01 -6.444938163507933496e+03
4.016000000000000125e-01 -6.447256307783672128e+03
4.017000000000000015e-01 -6.449196709990874297e+03
4.018000000000000460e-01 -6.450852374477050034e+03
4.019000000000000350e-01 -6.452313813592048064e+03
4.020000000000000240e-01 -6.453787030822882116e+03
4.021000000000000130e-01 -6.455141412988696175e+03
4.022000000000000020e-01 -6.456377225182457551e+03
4.023000000000000465e-01 -6.457542525411719907e+03
4.024000000000000354e-01 -6.458860319958876971e+03
4.025000000000000244e-01 -6.461451276470459561e+03
4.026000000000000134e-01 -6.464739560795569560e+03
4.027000000000000024e-01 -6.467720108366551358e+03
4.028000000000000469e-01 -6.470013775569376776e+03
4.029000000000000359e-01 -6.471770345070216536e+03
4.030000000000000249e-01 -6.473138658171320458e+03
4.031000000000000139e-01 -6.474206234395479441e+03
4.032000000000000028e-01 -6.475006375559881235e+03
4.032999999999999918e-01 -6.475545495092244892e+03
4.034000000000000363e-01 -6.475835185755723614e+03
4.035000000000000253e-01 -6.475891813501469187e+03
4.036000000000000143e-01 -6.475719191306026914e+03
4.037000000000000033e-01 -6.475298805562873895e+03
4.037999999999999923e-01 -6.474648857860355747e+03
4.039000000000000368e-01 -6.473832333875897348e+03
4.040000000000000258e-01 -6.472881842489048722e+03
4.041000000000000147e-01 -6.471761204311390429e+03
4.042000000000000037e-01 -6.470624931162408757e+03
4.042999999999999927e-01 -6.469553497271107517e+03
4.044000000000000372e-01 -6.468549017823878785e+03
4.045000000000000262e-01 -6.467612139760888567e+03
4.046000000000000152e-01 -6.466915108112459166e+03
4.047000000000000042e-01 -6.466566736545312779e+03
4.047999999999999932e-01 -6.466784572150190797e+03
4.049000000000000377e-01 -6.467708677333771448e+03
4.050000000000000266e-01 -6.469167833280531340e+03
4.051000000000000156e-01 -6.470944916603464662e+03
4.052000000000000046e-01 -6.472885158720434447e+03
4.052999999999999936e-01 -6.474893866976861318e+03
4.054000000000000381e-01 -6.476943929213365664e+03
4.055000000000000271e-01 -6.479018459047940269e+03
4.056000000000000161e-01 -6.481091593234614265e+03
4.057000000000000051e-01 -6.483135426972549794e+03
4.057999999999999940e-01 -6.485134649717900174e+03
4.059000000000000385e-01 -6.487149010293628635e+03
4.060000000000000275e-01 -6.489133900033894861e+03
4.061000000000000165e-01 -6.491099705542868833e+03
4.062000000000000055e-01 -6.493037506737738113e+03
4.062999999999999945e-01 -6.494988897956358414e+03
4.064000000000000390e-01 -6.497041898187747393e+03
4.065000000000000280e-01 -6.499220119353079099e+03
4.066000000000000170e-01 -6.501469062806178954e+03
4.067000000000000060e-01 -6.503737585471434613e+03
4.067999999999999949e-01 -6.505980353801219280e+03
4.069000000000000394e-01 -6.508185786490226747e+03
4.070000000000000284e-01 -6.510355660583978533e+03
4.071000000000000174e-01 -6.512492460488478173e+03
4.072000000000000064e-01 -6.514600178319618863e+03
4.072999999999999954e-01 -6.516682725128084712e+03
4.074000000000000399e-01 -6.518746292865279429e+03
4.075000000000000289e-01 -6.520790159928781577e+03
4.076000000000000179e-01 -6.522817215478626167e+03
4.077000000000000068e-01 -6.524830814588186513e+03
4.077999999999999958e-01 -6.526834066725512457e+03
4.079000000000000403e-01 -6.528829841306928756e+03
4.080000000000000293e-01 -6.530821414508478483e+03
4.081000000000000183e-01 -6.532808286895969104e+03
4.082000000000000073e-01 -6.534798085959526361e+03
4.082999999999999963e-01 -6.536786156105149530e+03
4.084000000000000408e-01 -6.538764856099041936e+03
4.085000000000000298e-01 -6.540741162289144995e+03
4.086000000000000187e-01 -6.542726401141049791e+03
4.087000000000000077e-01 -6.544733650545085766e+03
4.087999999999999967e-01 -6.546746820404660866e+03
4.089000000000000412e-01 -6.548778249360664631e+03
4.090000000000000302e-01 -6.550816257211161428e+03
4.091000000000000192e-01 -6.552854085705372199e+03
4.092000000000000082e-01 -6.554897706795775775e+03
4.092999999999999972e-01 -6.556956424715217508e+03
4.094000000000000417e-01 -6.559024379040736676e+03
4.095000000000000306e-01 -6.561096977451276871e+03
4.096000000000000196e-01 -6.563175988373579457e+03
4.097000000000000086e-01 -6.565254784276693499e+03
4.097999999999999976e-01 -6.567332128842895145e+03
4.099000000000000421e-01 -6.569408854541118671e+03
4.100000000000000311e-01 -6.571484902484923623e+03
4.101000000000000201e-01 -6.573573987031654724e+03
4.102000000000000091e-01 -6.575710631312232181e+03
4.102999999999999980e-01 -6.577895435770799850e+03
4.104000000000000425e-01 -6.580120272941704570e+03
4.105000000000000315e-01 -6.582372685219613231e+03
4.106000000000000205e-01 -6.584641881972459487e+03
4.107000000000000095e-01 -6.586929702937815819e+03
4.107999999999999985e-01 -6.589230414557840049e+03
4.109000000000000430e-01 -6.591542733305007459e+03
4.110000000000000320e-01 -6.593860037220659251e+03
4.111000000000000210e-01 -6.596182183830872418e+03
4.112000000000000099e-01 -6.598508881769907930e+03
4.112999999999999989e-01 -6.600838598571370312e+03
4.114000000000000434e-01 -6.603170581599644720e+03
4.115000000000000324e-01 -6.605505240623779173e+03
4.116000000000000214e-01 -6.607846806467952774e+03
4.117000000000000104e-01 -6.610193047127397222e+03
4.117999999999999994e-01 -6.612545233277223815e+03
4.119000000000000439e-01 -6.614903633073527089e+03
4.120000000000000329e-01 -6.617267528399967887e+03
4.121000000000000218e-01 -6.619636047780186345e+03
4.122000000000000108e-01 -6.622008940563340730e+03
4.122999999999999998e-01 -6.624386476420068902e+03
4.124000000000000443e-01 -6.626767285199901380e+03
4.125000000000000333e-01 -6.629149735930367569e+03
4.126000000000000223e-01 -6.631527011122511794e+03
4.127000000000000113e-01 -6.633904435394326356e+03
4.128000000000000003e-01 -6.636293612375018711e+03
4.129000000000000448e-01 -6.638686576956845784e+03
4.130000000000000338e-01 -6.641080354798305052e+03
4.131000000000000227e-01 -6.643474441055007446e+03
4.132000000000000117e-01 -6.645869599392020973e+03
4.133000000000000007e-01 -6.648266682476365531e+03
4.134000000000000452e-01 -6.650666469309951026e+03
4.135000000000000342e-01 -6.653069329422675764e+03
4.136000000000000232e-01 -6.655475109650620652e+03
4.137000000000000122e-01 -6.657883500138267664e+03
4.138000000000000012e-01 -6.660294724834957378e+03
4.139000000000000457e-01 -6.662709075456945357e+03
4.140000000000000346e-01 -6.665127304559656295e+03
4.141000000000000236e-01 -6.667549822730068627e+03
4.142000000000000126e-01 -6.669975946606666184e+03
4.143000000000000016e-01 -6.672404759390916297e+03
4.144000000000000461e-01 -6.674837160788868459e+03
4.145000000000000351e-01 -6.677273128837257900e+03
4.146000000000000241e-01 -6.679712101186706604e+03
4.147000000000000131e-01 -6.682153827716013438e+03
4.148000000000000020e-01 -6.684597446567372572e+03
4.149000000000000465e-01 -6.687044196919710885e+03
4.150000000000000355e-01 -6.689495349776098010e+03
4.151000000000000245e-01 -6.691950813768857188e+03
4.152000000000000135e-01 -6.694414015539265165e+03
4.153000000000000025e-01 -6.696886653488787488e+03
4.154000000000000470e-01 -6.699371997983850633e+03
4.155000000000000360e-01 -6.701871157846810092e+03
4.156000000000000250e-01 -6.704381175895204251e+03
4.157000000000000139e-01 -6.706899877049156203e+03
4.158000000000000029e-01 -6.709425932894454490e+03
4.159000000000000474e-01 -6.711956024259417973e+03
4.160000000000000364e-01 -6.714485679499515754e+03
4.161000000000000254e-01 -6.717015791768968484e+03
4.162000000000000144e-01 -6.719550034552521538e+03
4.163000000000000034e-01 -6.722095237998952143e+03
4.163999999999999924e-01 -6.724660842287057676e+03
4.165000000000000369e-01 -6.727252371441348259e+03
4.166000000000000258e-01 -6.729876453472384128e+03
4.167000000000000148e-01 -6.732540041396672677e+03
4.168000000000000038e-01 -6.735239267331799965e+03
4.168999999999999928e-01 -6.737986213086131102e+03
4.170000000000000373e-01 -6.740795357958363638e+03
4.171000000000000263e-01 -6.743669096693811298e+03
4.172000000000000153e-01 -6.746610896515460809e+03
4.173000000000000043e-01 -6.749612260595146836e+03
4.173999999999999932e-01 -6.752696611527147070e+03
4.175000000000000377e-01 -6.755876273622398912e+03
4.176000000000000267e-01 -6.759178160596334237e+03
4.177000000000000157e-01 -6.762612510015463158e+03
4.178000000000000047e-01 -6.766167854767304561e+03
4.178999999999999937e-01 -6.769799237023732530e+03
4.180000000000000382e-01 -6.773527604576153863e+03
4.181000000000000272e-01 -6.777363373810027042e+03
4.182000000000000162e-01 -6.781341304973387196e+03
4.183000000000000052e-01 -6.785489716113987924e+03
4.183999999999999941e-01 -6.789837951782671553e+03
4.185000000000000386e-01 -6.794458787920280884e+03
4.186000000000000276e-01 -6.799383189719997063e+03
4.187000000000000166e-01 -6.804610752099627462e+03
4.188000000000000056e-01 -6.809926727215259234e+03
4.188999999999999946e-01 -6.814285543395187233e+03
4.190000000000000391e-01 -6.817174526254470948e+03
4.191000000000000281e-01 -6.819454859891405249e+03
4.192000000000000171e-01 -6.821655760241293137e+03
4.193000000000000060e-01 -6.823734684724083309e+03
4.193999999999999950e-01 -6.825676966538867418e+03
4.195000000000000395e-01 -6.827563362012584548e+03
4.196000000000000285e-01 -6.829457572327151865e+03
4.197000000000000175e-01 -6.831396699705587707e+03
4.198000000000000065e-01 -6.833413787469719864e+03
4.198999999999999955e-01 -6.835530107040615803e+03
4.200000000000000400e-01 -6.837749868974976380e+03
4.201000000000000290e-01 -6.840052887930226461e+03
4.202000000000000179e-01 -6.842406036183750984e+03
4.203000000000000069e-01 -6.844778659960658842e+03
4.203999999999999959e-01 -6.847154840999057342e+03
4.205000000000000404e-01 -6.849523096698123481e+03
4.206000000000000294e-01 -6.851873264339441448e+03
4.207000000000000184e-01 -6.854200445482876603e+03
4.208000000000000074e-01 -6.856505862692617484e+03
4.208999999999999964e-01 -6.858795984097712790e+03
4.210000000000000409e-01 -6.861080397927723425e+03
4.211000000000000298e-01 -6.863355710387140789e+03
4.212000000000000188e-01 -6.865637022670725855e+03
4.213000000000000078e-01 -6.867921425300458395e+03
4.213999999999999968e-01 -6.870212184819335562e+03
4.215000000000000413e-01 -6.872513072256762825e+03
4.216000000000000303e-01 -6.874824760639891792e+03
4.217000000000000193e-01 -6.877145889815017654e+03
4.218000000000000083e-01 -6.879472305989824235e+03
4.218999999999999972e-01 -6.881797135195987721e+03
4.220000000000000417e-01 -6.884116529742355851e+03
4.221000000000000307e-01 -6.886457558622714714e+03
4.222000000000000197e-01 -6.888932275621483313e+03
4.223000000000000087e-01 -6.891635224789795757e+03
4.223999999999999977e-01 -6.894457708088167237e+03
4.225000000000000422e-01 -6.897215677168443108e+03
4.226000000000000312e-01 -6.899848499102108690e+03
4.227000000000000202e-01 -6.902370546763027960e+03
4.228000000000000091e-01 -6.904817058231082228e+03
4.228999999999999981e-01 -6.907232493587774115e+03
4.230000000000000426e-01 -6.909634530459006783e+03
4.231000000000000316e-01 -6.912010092672045175e+03
4.232000000000000206e-01 -6.914353145674282132e+03
4.233000000000000096e-01 -6.916666442933003054e+03
4.233999999999999986e-01 -6.918957365491985001e+03
4.235000000000000431e-01 -6.921234377780719115e+03
4.236000000000000321e-01 -6.923505626131482131e+03
4.237000000000000210e-01 -6.925778693565928734e+03
4.238000000000000100e-01 -6.928057493928835356e+03
4.238999999999999990e-01 -6.930342937686960795e+03
4.240000000000000435e-01 -6.932634526258436381e+03
4.241000000000000325e-01 -6.934930958641703000e+03
4.242000000000000215e-01 -6.937230813516083799e+03
4.243000000000000105e-01 -6.939531963230841029e+03
4.243999999999999995e-01 -6.941832986704156610e+03
4.245000000000000440e-01 -6.944133626087770608e+03
4.246000000000000330e-01 -6.946433484868797677e+03
4.247000000000000219e-01 -6.948732008509357001e+03
4.248000000000000109e-01 -6.951029089738031871e+03
4.248999999999999999e-01 -6.953324728025242621e+03
4.250000000000000444e-01 -6.955618980029222257e+03
4.251000000000000334e-01 -6.957911974196887968e+03
4.252000000000000224e-01 -6.960203894093295276e+03
4.253000000000000114e-01 -6.962494955524258330e+03
4.254000000000000004e-01 -6.964785382827528338e+03
4.255000000000000449e-01 -6.967075386904580228e+03
4.256000000000000338e-01 -6.969365147325561338e+03
4.257000000000000228e-01 -6.971654800482803694e+03
4.258000000000000118e-01 -6.973944434846869626e+03
4.259000000000000008e-01 -6.976234093139149991e+03
4.260000000000000453e-01 -6.978523780088974490e+03
4.261000000000000343e-01 -6.980813473731722297e+03
4.262000000000000233e-01 -6.983102839722189856e+03
4.263000000000000123e-01 -6.985389770359839531e+03
4.264000000000000012e-01 -6.987672511912772279e+03
4.265000000000000457e-01 -6.989951200747365874e+03
4.266000000000000347e-01 -6.992225520437234081e+03
4.267000000000000237e-01 -6.994494829755125465e+03
4.268000000000000127e-01 -6.996760285977471540e+03
4.269000000000000017e-01 -6.999023342066948317e+03
4.270000000000000462e-01 -7.001284816852355107e+03
4.271000000000000352e-01 -7.003545187410026301e+03
4.272000000000000242e-01 -7.005804773478079369e+03
4.273000000000000131e-01 -7.008063809284536546e+03
4.274000000000000021e-01 -7.010322494410224863e+03
4.275000000000000466e-01 -7.012580981748268641e+03
4.276000000000000356e-01 -7.014839383562871262e+03
4.277000000000000246e-01 -7.017097767489373837e+03
4.278000000000000136e-01 -7.019356161539354616e+03
4.279000000000000026e-01 -7.021614575511851399e+03
4.280000000000000471e-01 -7.023872987763585115e+03
4.281000000000000361e-01 -7.026131351982256092e+03
4.282000000000000250e-01 -7.028389608652897550e+03
4.283000000000000140e-01 -7.030647694344453157e+03
4.284000000000000030e-01 -7.032905549257151506e+03
4.285000000000000475e-01 -7.035163123084111248e+03
4.286000000000000365e-01 -7.037420378936178167e+03
4.287000000000000255e-01 -7.039677295217883511e+03
4.288000000000000145e-01 -7.041933865424934083e+03
4.289000000000000035e-01 -7.044189987955148354e+03
4.290000000000000480e-01 -7.046445482176458427e+03
4.291000000000000369e-01 -7.048700405837643302e+03
4.292000000000000259e-01 -7.050954707321092428e+03
4.293000000000000149e-01 -7.053208311232851884e+03
4.294000000000000039e-01 -7.055461379642732027e+03
4.294999999999999929e-01 -7.057714132659403731e+03
4.296000000000000374e-01 -7.059966767425389662e+03
4.297000000000000264e-01 -7.062219410514558149e+03
4.298000000000000154e-01 -7.064472224331983853e+03
4.299000000000000044e-01 -7.066725384033417868e+03
4.299999999999999933e-01 -7.068979002390026835e+03
4.301000000000000378e-01 -7.071220215682092203e+03
4.302000000000000268e-01 -7.073420998575345948e+03
4.303000000000000158e-01 -7.075582578877349079e+03
4.304000000000000048e-01 -7.077713427780586244e+03
4.304999999999999938e-01 -7.079821336073187013e+03
4.306000000000000383e-01 -7.081912256641798194e+03
4.307000000000000273e-01 -7.083991221064611636e+03
4.308000000000000163e-01 -7.086060440298027061e+03
4.309000000000000052e-01 -7.088121656252800676e+03
4.309999999999999942e-01 -7.090176987789223858e+03
4.311000000000000387e-01 -7.092229552196006807e+03
4.312000000000000277e-01 -7.094277522393243999e+03
4.313000000000000167e-01 -7.096320701981864659e+03
4.314000000000000057e-01 -7.098361145021252014e+03
4.314999999999999947e-01 -7.100400150997481433e+03
4.316000000000000392e-01 -7.102438249490994167e+03
4.317000000000000282e-01 -7.104474923181544000e+03
4.318000000000000171e-01 -7.106510165556419452e+03
4.319000000000000061e-01 -7.108544664814437965e+03
4.319999999999999951e-01 -7.110578679360398382e+03
4.321000000000000396e-01 -7.112612498802876871e+03
4.322000000000000286e-01 -7.114646144898135390e+03
4.323000000000000176e-01 -7.116680348375775793e+03
4.324000000000000066e-01 -7.118715396117889213e+03
4.324999999999999956e-01 -7.120752285207150635e+03
4.326000000000000401e-01 -7.122790361319131989e+03
4.327000000000000290e-01 -7.124828614500833282e+03
4.328000000000000180e-01 -7.126867381160140212e+03
4.329000000000000070e-01 -7.128906565823906021e+03
4.329999999999999960e-01 -7.130946433338257521e+03
4.331000000000000405e-01 -7.132987775488069019e+03
4.332000000000000295e-01 -7.135026528535871876e+03
4.333000000000000185e-01 -7.137064134775553612e+03
4.334000000000000075e-01 -7.139100988858079290e+03
4.334999999999999964e-01 -7.141327137973675235e+03
4.336000000000000409e-01 -7.143925381820135044e+03
4.337000000000000299e-01 -7.146542212958034725e+03
4.338000000000000189e-01 -7.149037585475431115e+03
4.339000000000000079e-01 -7.151400856387863314e+03
4.339999999999999969e-01 -7.154055818339888901e+03
4.341000000000000414e-01 -7.157182543308354070e+03
4.342000000000000304e-01 -7.160118933540062244e+03
4.343000000000000194e-01 -7.162755434733722723e+03
4.344000000000000083e-01 -7.165196310846858069e+03
4.344999999999999973e-01 -7.167521011452435232e+03
4.346000000000000418e-01 -7.169770621542841582e+03
4.347000000000000308e-01 -7.171966621488042620e+03
4.348000000000000198e-01 -7.174122492909525135e+03
4.349000000000000088e-01 -7.176398781365581272e+03
4.349999999999999978e-01 -7.178804212667108914e+03
4.351000000000000423e-01 -7.181196131676552795e+03
4.352000000000000313e-01 -7.183694217074189510e+03
4.353000000000000203e-01 -7.186511627515831606e+03
4.354000000000000092e-01 -7.189287532764361458e+03
4.354999999999999982e-01 -7.191919410137397790e+03
4.356000000000000427e-01 -7.194409433796736266e+03
4.357000000000000317e-01 -7.196783138325374239e+03
4.358000000000000207e-01 -7.199067516393263759e+03
4.359000000000000097e-01 -7.201284654242366742e+03
4.359999999999999987e-01 -7.203450921736275632e+03
4.361000000000000432e-01 -7.205578422348496133e+03
4.362000000000000322e-01 -7.207675959832808076e+03
4.363000000000000211e-01 -7.209747822672619805e+03
4.364000000000000101e-01 -7.211797878615548143e+03
4.364999999999999991e-01 -7.213830337332016825e+03
4.366000000000000436e-01 -7.215849228164264787e+03
4.367000000000000326e-01 -7.217857644146961320e+03
4.368000000000000216e-01 -7.219857442780981728e+03
4.369000000000000106e-01 -7.221847986903880155e+03
4.369999999999999996e-01 -7.223828902595510954e+03
4.371000000000000441e-01 -7.225801036465432844e+03
4.372000000000000330e-01 -7.227766034914136071e+03
4.373000000000000220e-01 -7.229725082515856229e+03
4.374000000000000110e-01 -7.231678285710250748e+03
4.375000000000000000e-01 -7.233625567124030567e+03
4.376000000000000445e-01 -7.235566534134898575e+03
4.377000000000000335e-01 -7.237501571902500473e+03
4.378000000000000225e-01 -7.239431464574533493e+03
4.379000000000000115e-01 -7.241356861762435074e+03
4.380000000000000004e-01 -7.243278149464942544e+03
4.381000000000000449e-01 -7.245195391412841673e+03
4.382000000000000339e-01 -7.247108521034241676e+03
4.383000000000000229e-01 -7.249017309483092504e+03
4.384000000000000119e-01 -7.250922689410629573e+03
4.385000000000000009e-01 -7.252817727340474448e+03
4.386000000000000454e-01 -7.254699686544980068e+03
4.387000000000000344e-01 -7.256569851989299423e+03
4.388000000000000234e-01 -7.258430002065304507e+03
4.389000000000000123e-01 -7.260281368898193250e+03
4.390000000000000013e-01 -7.262124490834228709e+03
4.391000000000000458e-01 -7.263954942973271500e+03
4.392000000000000348e-01 -7.265785563613751037e+03
4.393000000000000238e-01 -7.267612534778428198e+03
4.394000000000000128e-01 -7.269437215486875175e+03
4.395000000000000018e-01 -7.271261526709179634e+03
4.396000000000000463e-01 -7.273077173676350867e+03
4.397000000000000353e-01 -7.274888161814595151e+03
4.398000000000000242e-01 -7.276707008715990014e+03
4.399000000000000132e-01 -7.278536274279991630e+03
4.400000000000000022e-01 -7.280351700767564580e+03
4.401000000000000467e-01 -7.282144749595402573e+03
4.402000000000000357e-01 -7.283969328854252126e+03
4.403000000000000247e-01 -7.285817246304204673e+03
4.404000000000000137e-01 -7.287629963069411133e+03
4.405000000000000027e-01 -7.289396627961828926e+03
4.406000000000000472e-01 -7.291162440541820615e+03
4.407000000000000361e-01 -7.292969657902255676e+03
4.408000000000000251e-01 -7.294886158889382386e+03
4.409000000000000141e-01 -7.296883815198042612e+03
4.410000000000000031e-01 -7.298890542178840406e+03
4.411000000000000476e-01 -7.300852199798840047e+03
4.412000000000000366e-01 -7.302758691223722053e+03
4.413000000000000256e-01 -7.304650758884357856e+03
4.414000000000000146e-01 -7.306568552069955331e+03
4.415000000000000036e-01 -7.308512308492109696e+03
4.416000000000000481e-01 -7.310463624729600269e+03
4.417000000000000370e-01 -7.312414212255501297e+03
4.418000000000000260e-01 -7.314379141585747675e+03
4.419000000000000150e-01 -7.316365064323413208e+03
4.420000000000000040e-01 -7.318354394643602973e+03
4.421000000000000485e-01 -7.320325711033456173e+03
4.422000000000000375e-01 -7.322270361508126371e+03
4.423000000000000265e-01 -7.324192122350713362e+03
4.424000000000000155e-01 -7.326094357331709944e+03
4.425000000000000044e-01 -7.327963417974817276e+03
4.426000000000000489e-01 -7.329779531291820604e+03
4.427000000000000379e-01 -7.331525271974253883e+03
4.428000000000000269e-01 -7.333183810585304855e+03
4.429000000000000159e-01 -7.334734419620778681e+03
4.430000000000000049e-01 -7.336151635666337825e+03
4.430999999999999939e-01 -7.337408169996564538e+03
4.432000000000000384e-01 -7.338478188209889595e+03
4.433000000000000274e-01 -7.339338410484871019e+03
4.434000000000000163e-01 -7.339968464680774559e+03
4.435000000000000053e-01 -7.340349753874495036e+03
4.435999999999999943e-01 -7.340477070989610183e+03
4.437000000000000388e-01 -7.340331443298015074e+03
4.438000000000000278e-01 -7.339908957275481953e+03
4.439000000000000168e-01 -7.339214256085827401e+03
4.440000000000000058e-01 -7.338238456346848579e+03
4.440999999999999948e-01 -7.336984464315260084e+03
4.442000000000000393e-01 -7.335459718310084099e+03
4.443000000000000282e-01 -7.333755141280626049e+03
4.444000000000000172e-01 -7.332084070299889390e+03
4.445000000000000062e-01 -7.330496663722799894e+03
4.445999999999999952e-01 -7.329107200814076350e+03
4.447000000000000397e-01 -7.328080828287101212e+03
4.448000000000000287e-01 -7.327426152222919882e+03
4.449000000000000177e-01 -7.327314631065422873e+03
4.450000000000000067e-01 -7.328103415470914115e+03
4.450999999999999956e-01 -7.329624578106427180e+03
4.452000000000000401e-01 -7.331519221360062147e+03
4.453000000000000291e-01 -7.333542636483369279e+03
4.454000000000000181e-01 -7.335611405141091382e+03
4.455000000000000071e-01 -7.337686306300883189e+03
4.455999999999999961e-01 -7.339767367466095493e+03
4.457000000000000406e-01 -7.341757114637674931e+03
4.458000000000000296e-01 -7.343746730689952528e+03
4.459000000000000186e-01 -7.345736195272694204e+03
4.460000000000000075e-01 -7.347779588140967462e+03
4.460999999999999965e-01 -7.349941668108939666e+03
4.462000000000000410e-01 -7.352210059655274563e+03
4.463000000000000300e-01 -7.354466958197288477e+03
4.464000000000000190e-01 -7.356648483693491471e+03
4.465000000000000080e-01 -7.358750007837116755e+03
4.465999999999999970e-01 -7.360790816291780175e+03
4.467000000000000415e-01 -7.362818816580343992e+03
4.468000000000000305e-01 -7.364842804288265143e+03
4.469000000000000195e-01 -7.366891668787667186e+03
4.470000000000000084e-01 -7.368985667560847105e+03
4.470999999999999974e-01 -7.371110533522735750e+03
4.472000000000000419e-01 -7.373246968114140145e+03
4.473000000000000309e-01 -7.375376085829245312e+03
4.474000000000000199e-01 -7.377492547517396815e+03
4.475000000000000089e-01 -7.379593791103739022e+03
4.475999999999999979e-01 -7.381678180963503110e+03
4.477000000000000424e-01 -7.383744705829071791e+03
4.478000000000000314e-01 -7.385800376437129671e+03
4.479000000000000203e-01 -7.387837050347611694e+03
4.480000000000000093e-01 -7.389848930886569178e+03
4.480999999999999983e-01 -7.391845847658234561e+03
4.482000000000000428e-01 -7.393855018301017481e+03
4.483000000000000318e-01 -7.395831995142547385e+03
4.484000000000000208e-01 -7.397797815217661991e+03
4.485000000000000098e-01 -7.399762836858576520e+03
4.485999999999999988e-01 -7.401729586305747034e+03
4.487000000000000433e-01 -7.403698490753359692e+03
4.488000000000000322e-01 -7.405677539881938173e+03
4.489000000000000212e-01 -7.407669151888266242e+03
4.490000000000000102e-01 -7.409668887193024602e+03
4.490999999999999992e-01 -7.411677043480613065e+03
4.492000000000000437e-01 -7.413694075245152817e+03
4.493000000000000327e-01 -7.415722546746119406e+03
4.494000000000000217e-01 -7.417752969933068925e+03
4.495000000000000107e-01 -7.419786540995188261e+03
4.495999999999999996e-01 -7.421827176206401418e+03
4.497000000000000441e-01 -7.423871208636721349e+03
4.498000000000000331e-01 -7.425917833959163545e+03
4.499000000000000221e-01 -7.427968262622523980e+03
4.500000000000000111e-01 -7.430020592234275682e+03
4.501000000000000001e-01 -7.433780142058743877e+03
4.502000000000000446e-01 -7.438480752950966234e+03
4.503000000000000336e-01 -7.443425403142559844e+03
4.504000000000000226e-01 -7.448728247701434157e+03
4.505000000000000115e-01 -7.454810544438320903e+03
4.506000000000000005e-01 -7.461726999125417933e+03
4.507000000000000450e-01 -7.469326881654737917e+03
4.508000000000000340e-01 -7.477359872100810207e+03
4.509000000000000230e-01 -7.485983365938895076e+03
4.510000000000000120e-01 -7.495155090194229160e+03
4.511000000000000010e-01 -7.504682806683067611e+03
4.512000000000000455e-01 -7.514091464337215257e+03
4.513000000000000345e-01 -7.521053784790184181e+03
4.514000000000000234e-01 -7.524600875216397071e+03
4.515000000000000124e-01 -7.526653308219223618e+03
4.516000000000000014e-01 -7.528029367020548307e+03
4.517000000000000459e-01 -7.529080844705573327e+03
4.518000000000000349e-01 -7.530073724667407987e+03
4.519000000000000239e-01 -7.530962534557161234e+03
4.520000000000000129e-01 -7.531746490002454266e+03
4.521000000000000019e-01 -7.532381210604885382e+03
4.522000000000000464e-01 -7.534071801036054239e+03
4.523000000000000353e-01 -7.537286563021935763e+03
4.524000000000000243e-01 -7.540318144004519127e+03
4.525000000000000133e-01 -7.542606376960266971e+03
4.526000000000000023e-01 -7.544348591805249271e+03
4.527000000000000468e-01 -7.545764109436998297e+03
4.528000000000000358e-01 -7.546978813166087093e+03
4.529000000000000248e-01 -7.548047651333147769e+03
4.530000000000000138e-01 -7.548998971277696000e+03
4.531000000000000028e-01 -7.549850576974142314e+03
4.532000000000000473e-01 -7.550605255263417348e+03
4.533000000000000362e-01 -7.551263577670903942e+03
4.534000000000000252e-01 -7.551814777252481690e+03
4.535000000000000142e-01 -7.552234232688027078e+03
4.536000000000000032e-01 -7.552492850209617245e+03
4.537000000000000477e-01 -7.552579288661888313e+03
4.538000000000000367e-01 -7.552481846672335450e+03
4.539000000000000257e-01 -7.552181066564168759e+03
4.540000000000000147e-01 -7.551672254345656256e+03
4.541000000000000036e-01 -7.550969597641567816e+03
4.542000000000000481e-01 -7.550120079520815125e+03
4.543000000000000371e-01 -7.549148116918559026e+03
4.544000000000000261e-01 -7.548214658810284163e+03
4.545000000000000151e-01 -7.547418516354267922e+03
4.546000000000000041e-01 -7.546737096367118284e+03
4.547000000000000486e-01 -7.546298408933966130e+03
4.548000000000000376e-01 -7.546107834782374084e+03
4.549000000000000266e-01 -7.546124674639805562e+03
4.550000000000000155e-01 -7.546353849593593623e+03
4.551000000000000045e-01 -7.547039076616139937e+03
4.552000000000000490e-01 -7.548281668620086748e+03
4.553000000000000380e-01 -7.549882389459404294e+03
4.554000000000000270e-01 -7.551669710759773807e+03
4.555000000000000160e-01 -7.553554907943722355e+03
4.556000000000000050e-01 -7.555491701982875384e+03
4.557000000000000495e-01 -7.557461529587977566e+03
4.558000000000000385e-01 -7.559473156202020618e+03
4.559000000000000274e-01 -7.561510109582045516e+03
4.560000000000000164e-01 -7.563640190825199170e+03
4.561000000000000054e-01 -7.565848070006362832e+03
4.561999999999999944e-01 -7.568045875950743721e+03
4.563000000000000389e-01 -7.570206625350545437e+03
4.564000000000000279e-01 -7.572326391720151150e+03
4.565000000000000169e-01 -7.574410596282587903e+03
4.566000000000000059e-01 -7.576484693402825542e+03
4.566999999999999948e-01 -7.578569400941174536e+03
4.568000000000000393e-01 -7.580668052120141510e+03
4.569000000000000283e-01 -7.582779051382285616e+03
4.570000000000000173e-01 -7.584900919180391611e+03
4.571000000000000063e-01 -7.587027822185565128e+03
4.571999999999999953e-01 -7.589155945842967412e+03
4.573000000000000398e-01 -7.591268167176871430e+03
4.574000000000000288e-01 -7.593365612787641112e+03
4.575000000000000178e-01 -7.595448913527024160e+03
4.576000000000000068e-01 -7.597519323180207721e+03
4.576999999999999957e-01 -7.599569787965897376e+03
4.578000000000000402e-01 -7.601612049425582882e+03
4.579000000000000292e-01 -7.603636896518112735e+03
4.580000000000000182e-01 -7.605645718922532978e+03
4.581000000000000072e-01 -7.607643034754742985e+03
4.581999999999999962e-01 -7.609631594098411369e+03
4.583000000000000407e-01 -7.611614113321721561e+03
4.584000000000000297e-01 -7.613616170939142648e+03
4.585000000000000187e-01 -7.615594208968796920e+03
4.586000000000000076e-01 -7.617566791262201150e+03
4.586999999999999966e-01 -7.619546227255878875e+03
4.588000000000000411e-01 -7.621537096240369465e+03
4.589000000000000301e-01 -7.623533255439904678e+03
4.590000000000000191e-01 -7.625532750437321738e+03
4.591000000000000081e-01 -7.627535888979378797e+03
4.591999999999999971e-01 -7.629542956047127518e+03
4.593000000000000416e-01 -7.631555496474727988e+03
4.594000000000000306e-01 -7.633573992608130538e+03
4.595000000000000195e-01 -7.635598037469786505e+03
4.596000000000000085e-01 -7.637626948927306330e+03
4.596999999999999975e-01 -7.639660917847592827e+03
4.598000000000000420e-01 -7.641699960435130379e+03
4.599000000000000310e-01 -7.643738240753642458e+03
4.600000000000000200e-01 -7.645777904850307095e+03
4.601000000000000090e-01 -7.647832868935640363e+03
4.601999999999999980e-01 -7.649932728340441827e+03
4.603000000000000425e-01 -7.652075908343113952e+03
4.604000000000000314e-01 -7.654253019407025022e+03
4.605000000000000204e-01 -7.656455860514653068e+03
4.606000000000000094e-01 -7.658678307239888454e+03
4.606999999999999984e-01 -7.660915849454816453e+03
4.608000000000000429e-01 -7.663165128002485289e+03
4.609000000000000319e-01 -7.665423636620493198e+03
4.610000000000000209e-01 -7.667689991122606443e+03
4.611000000000000099e-01 -7.669961760899866931e+03
4.611999999999999988e-01 -7.672236960092541267e+03
4.613000000000000433e-01 -7.674515133155739932e+03
4.614000000000000323e-01 -7.676796548179113415e+03
4.615000000000000213e-01 -7.679079638846923444e+03
4.616000000000000103e-01 -7.681362933742425412e+03
4.616999999999999993e-01 -7.683646920404087723e+03
4.618000000000000438e-01 -7.685933827655945606e+03
4.619000000000000328e-01 -7.688220174515462531e+03
4.620000000000000218e-01 -7.690505131987280038e+03
4.621000000000000107e-01 -7.692790360879517721e+03
4.621999999999999997e-01 -7.695076213693878344e+03
4.623000000000000442e-01 -7.697362845934452707e+03
4.624000000000000332e-01 -7.699650055738450646e+03
4.625000000000000222e-01 -7.701935232983875721e+03
4.626000000000000112e-01 -7.704221206720962073e+03
4.627000000000000002e-01 -7.706509557221703290e+03
4.628000000000000447e-01 -7.708800736952852276e+03
4.629000000000000337e-01 -7.711096192166649416e+03
4.630000000000000226e-01 -7.713397019612672011e+03
4.631000000000000116e-01 -7.715704886770996382e+03
4.632000000000000006e-01 -7.718022527836499648e+03
4.633000000000000451e-01 -7.720350197445583035e+03
4.634000000000000341e-01 -7.722687896326593545e+03
4.635000000000000231e-01 -7.725036765785221178e+03
4.636000000000000121e-01 -7.727395490709601290e+03
4.637000000000000011e-01 -7.729761305095252283e+03
4.638000000000000456e-01 -7.732134282519295994e+03
4.639000000000000346e-01 -7.734513782561177322e+03
4.640000000000000235e-01 -7.736898877981774604e+03
4.641000000000000125e-01 -7.739288675939719724e+03
4.642000000000000015e-01 -7.741682419781971475e+03
4.643000000000000460e-01 -7.744079525450573783e+03
4.644000000000000350e-01 -7.746479607772500458e+03
4.645000000000000240e-01 -7.748882515500430600e+03
4.646000000000000130e-01 -7.751288011365032617e+03
4.647000000000000020e-01 -7.753694385156980388e+03
4.648000000000000465e-01 -7.756100546622265938e+03
4.649000000000000354e-01 -7.758507593802272822e+03
4.650000000000000244e-01 -7.760914408276398717e+03
4.651000000000000134e-01 -7.763319980760103135e+03
4.652000000000000024e-01 -7.765730931241228973e+03
4.653000000000000469e-01 -7.768153240501287655e+03
4.654000000000000359e-01 -7.770591639695906451e+03
4.655000000000000249e-01 -7.773047146531474027e+03
4.656000000000000139e-01 -7.775519674081946505e+03
4.657000000000000028e-01 -7.778009310399125752e+03
4.658000000000000473e-01 -7.780516950049967818e+03
4.659000000000000363e-01 -7.783047551367010783e+03
4.660000000000000253e-01 -7.785607805532242310e+03
4.661000000000000143e-01 -7.788203565566528596e+03
4.662000000000000033e-01 -7.790843108102077167e+03
4.663000000000000478e-01 -7.793532846684101060e+03
4.664000000000000368e-01 -7.796277558980899812e+03
4.665000000000000258e-01 -7.799081230987910203e+03
4.666000000000000147e-01 -7.801946043975439352e+03
4.667000000000000037e-01 -7.804873073744731300e+03
4.668000000000000482e-01 -7.807863648034348444e+03
4.669000000000000372e-01 -7.810918439782190035e+03
4.670000000000000262e-01 -7.814037208697487586e+03
4.671000000000000152e-01 -7.817214557513495492e+03
4.672000000000000042e-01 -7.820472704482172958e+03
4.673000000000000487e-01 -7.823834112936455313e+03
4.674000000000000377e-01 -7.827309198084694799e+03
4.675000000000000266e-01 -7.830891541280288948e+03
4.676000000000000156e-01 -7.834550687384548837e+03
4.677000000000000046e-01 -7.838339548920929701e+03
4.678000000000000491e-01 -7.842270930691572175e+03
4.679000000000000381e-01 -7.846357772782056600e+03
4.680000000000000271e-01 -7.850673340417545660e+03
4.681000000000000161e-01 -7.855308888866932648e+03
4.682000000000000051e-01 -7.860267684017399006e+03
4.683000000000000496e-01 -7.865525045720067283e+03
4.684000000000000385e-01 -7.871005115278892845e+03
4.685000000000000275e-01 -7.876716474119516533e+03
4.686000000000000165e-01 -7.882633032621569328e+03
4.687000000000000055e-01 -7.887479253412808248e+03
4.688000000000000500e-01 -7.890349242850869814e+03
4.689000000000000390e-01 -7.892456923436940997e+03
4.690000000000000280e-01 -7.894439387445064312e+03
4.691000000000000170e-01 -7.896305972879526053e+03
4.692000000000000060e-01 -7.898091632337158444e+03
4.692999999999999949e-01 -7.899881843584301350e+03
4.694000000000000394e-01 -7.901742428007230046e+03
4.695000000000000284e-01 -7.903707459033907980e+03
4.696000000000000174e-01 -7.905774438620200272e+03
4.697000000000000064e-01 -7.907926344963661904e+03
4.697999999999999954e-01 -7.910145193992932036e+03
4.699000000000000399e-01 -7.912414480643527895e+03
4.700000000000000289e-01 -7.914715228835074413e+03
4.701000000000000179e-01 -7.917025187859020662e+03
4.702000000000000068e-01 -7.919328348830458708e+03
4.702999999999999958e-01 -7.921616833039650373e+03
4.704000000000000403e-01 -7.923886173060287547e+03
4.705000000000000293e-01 -7.926134811310500481e+03
4.706000000000000183e-01 -7.928366759972461296e+03
4.707000000000000073e-01 -7.930589869891986382e+03
4.707999999999999963e-01 -7.932809964850825963e+03
4.709000000000000408e-01 -7.935030182133386006e+03
4.710000000000000298e-01 -7.937251804920722861e+03
4.711000000000000187e-01 -7.939478624672222395e+03
4.712000000000000077e-01 -7.941714399946101366e+03
4.712999999999999967e-01 -7.943959409540110755e+03
4.714000000000000412e-01 -7.946212355000490788e+03
4.715000000000000302e-01 -7.948471596444892384e+03
4.716000000000000192e-01 -7.950735405519018968e+03
4.717000000000000082e-01 -7.953002288777009198e+03
4.717999999999999972e-01 -7.955271368744927713e+03
4.719000000000000417e-01 -7.957541804772339674e+03
4.720000000000000306e-01 -7.959813005186619193e+03
4.721000000000000196e-01 -7.962085080372036828e+03
4.722000000000000086e-01 -7.964358637940931658e+03
4.722999999999999976e-01 -7.966633496180677867e+03
4.724000000000000421e-01 -7.968906395583916492e+03
4.725000000000000311e-01 -7.971172477920551501e+03
4.726000000000000201e-01 -7.973430696431752040e+03
4.727000000000000091e-01 -7.975681577674863547e+03
4.727999999999999980e-01 -7.977925889462835585e+03
4.729000000000000425e-01 -7.980165073072950690e+03
4.730000000000000315e-01 -7.982400576045961316e+03
4.731000000000000205e-01 -7.984633319548813233e+03
4.732000000000000095e-01 -7.986863802023784046e+03
4.732999999999999985e-01 -7.989092332334998900e+03
4.734000000000000430e-01 -7.991319162876428891e+03
4.735000000000000320e-01 -7.993544552360845046e+03
4.736000000000000210e-01 -7.995768785362408380e+03
4.737000000000000099e-01 -7.997992168203277288e+03
4.737999999999999989e-01 -8.000215013806684510e+03
4.739000000000000434e-01 -8.002437623278006868e+03
4.740000000000000324e-01 -8.004660301485226228e+03
4.741000000000000214e-01 -8.006883374071557228e+03
4.742000000000000104e-01 -8.009107022193267767e+03
4.742999999999999994e-01 -8.011331336356752217e+03
4.744000000000000439e-01 -8.013556364716675489e+03
4.745000000000000329e-01 -8.015782179170739255e+03
4.746000000000000218e-01 -8.018009167387747766e+03
4.747000000000000108e-01 -8.020237425083777453e+03
4.747999999999999998e-01 -8.022466622090497367e+03
4.749000000000000443e-01 -8.024696374606985955e+03
4.750000000000000333e-01 -8.026926368997522331e+03
4.751000000000000223e-01 -8.029156381560173031e+03
4.752000000000000113e-01 -8.031386265416827882e+03
4.753000000000000003e-01 -8.033615929703396432e+03
4.754000000000000448e-01 -8.035845320082949002e+03
4.755000000000000338e-01 -8.038074403550228453e+03
4.756000000000000227e-01 -8.040303158147708928e+03
4.757000000000000117e-01 -8.042531567168041875e+03
4.758000000000000007e-01 -8.044759616933522921e+03
4.759000000000000452e-01 -8.046987297033425421e+03
4.760000000000000342e-01 -8.049214601872608000e+03
4.761000000000000232e-01 -8.051441532535021906e+03
4.762000000000000122e-01 -8.053668098223218294e+03
4.763000000000000012e-01 -8.055894316837266160e+03
4.764000000000000457e-01 -8.058120214563903573e+03
4.765000000000000346e-01 -8.060345824584666843e+03
4.766000000000000236e-01 -8.062570732302762735e+03
4.767000000000000126e-01 -8.064792548329416604e+03
4.768000000000000016e-01 -8.067009895300493554e+03
4.769000000000000461e-01 -8.069223508164872328e+03
4.770000000000000351e-01 -8.071434475086864950e+03
4.771000000000000241e-01 -8.073643725082124547e+03
4.772000000000000131e-01 -8.075851973918442127e+03
4.773000000000000020e-01 -8.078059753598903626e+03
4.774000000000000465e-01 -8.080267495442094514e+03
4.775000000000000355e-01 -8.082475603181999759e+03
4.776000000000000245e-01 -8.084684238786506285e+03
4.777000000000000135e-01 -8.086893420118460199e+03
4.778000000000000025e-01 -8.089103102260989544e+03
4.779000000000000470e-01 -8.091313203214325767e+03
4.780000000000000360e-01 -8.093523615958131813e+03
4.781000000000000250e-01 -8.095734218794272238e+03
4.782000000000000139e-01 -8.097944886216288069e+03
4.783000000000000029e-01 -8.100155500868167110e+03
4.784000000000000474e-01 -8.102365978147768146e+03
4.785000000000000364e-01 -8.104576244333121394e+03
4.786000000000000254e-01 -8.106786238625322767e+03
4.787000000000000144e-01 -8.108995926939741366e+03
4.788000000000000034e-01 -8.111205300898143832e+03
4.789000000000000479e-01 -8.113414372628295496e+03
4.790000000000000369e-01 -8.115623168438453831e+03
4.791000000000000258e-01 -8.117831488239799910e+03
4.792000000000000148e-01 -8.120038848732662700e+03
4.793000000000000038e-01 -8.122245158895103486e+03
4.794000000000000483e-01 -8.124449902123377797e+03
4.795000000000000373e-01 -8.126653113398860114e+03
4.796000000000000263e-01 -8.128855114583685463e+03
4.797000000000000153e-01 -8.131056214605518107e+03
4.798000000000000043e-01 -8.133256644867040450e+03
4.799000000000000488e-01 -8.135456565742792009e+03
4.800000000000000377e-01 -8.137656085098279618e+03
4.801000000000000267e-01 -8.139842329681977390e+03
4.802000000000000157e-01 -8.141987437367703933e+03
4.803000000000000047e-01 -8.144093593632464035e+03
4.804000000000000492e-01 -8.146170070075287185e+03
4.805000000000000382e-01 -8.148224914923921460e+03
4.806000000000000272e-01 -8.150264064284243432e+03
4.807000000000000162e-01 -8.152291734944485142e+03
4.808000000000000052e-01 -8.154310882766350005e+03
4.809000000000000496e-01 -8.156323444973411824e+03
4.810000000000000386e-01 -8.158329789795834586e+03
4.811000000000000276e-01 -8.160330117311504182e+03
4.812000000000000166e-01 -8.162324848639495031e+03
4.813000000000000056e-01 -8.164315696461867446e+03
4.814000000000000501e-01 -8.166304760015347711e+03
4.815000000000000391e-01 -8.168292877496742221e+03
4.816000000000000281e-01 -8.170279491083203538e+03
4.817000000000000171e-01 -8.172264881951478856e+03
4.818000000000000060e-01 -8.174249255069012179e+03
4.819000000000000505e-01 -8.176232685406165729e+03
4.820000000000000395e-01 -8.178215272234311669e+03
4.821000000000000285e-01 -8.180197148196124544e+03
4.822000000000000175e-01 -8.182178462240849512e+03
4.823000000000000065e-01 -8.184159349450745140e+03
4.823999999999999955e-01 -8.186139905171290593e+03
4.825000000000000400e-01 -8.188120222111142539e+03
4.826000000000000290e-01 -8.190100368369149692e+03
4.827000000000000179e-01 -8.192080381377551021e+03
4.828000000000000069e-01 -8.194060273401359154e+03
4.828999999999999959e-01 -8.196040039758212515e+03
4.830000000000000404e-01 -8.198019666679105285e+03
4.831000000000000294e-01 -8.199999137454276934e+03
4.832000000000000184e-01 -8.201978436672499811e+03
4.833000000000000074e-01 -8.203958640510516489e+03
4.833999999999999964e-01 -8.205940205797915041e+03
4.835000000000000409e-01 -8.207920886499521657e+03
4.836000000000000298e-01 -8.209902043573345509e+03
4.837000000000000188e-01 -8.211883431036707407e+03
4.838000000000000078e-01 -8.213864625035215795e+03
4.838999999999999968e-01 -8.215845439511105724e+03
4.840000000000000413e-01 -8.217825870048562138e+03
4.841000000000000303e-01 -8.219805969002025449e+03
4.842000000000000193e-01 -8.221785677811356436e+03
4.843000000000000083e-01 -8.223764802429564952e+03
4.843999999999999972e-01 -8.225743060714927196e+03
4.845000000000000417e-01 -8.227720268225320979e+03
4.846000000000000307e-01 -8.229696361508595146e+03
4.847000000000000197e-01 -8.231671415161688856e+03
4.848000000000000087e-01 -8.233645624640063033e+03
4.848999999999999977e-01 -8.235618925327491525e+03
4.850000000000000422e-01 -8.237591282275367121e+03
4.851000000000000312e-01 -8.239562874460725652e+03
4.852000000000000202e-01 -8.241534011173871477e+03
4.853000000000000091e-01 -8.243505201831883824e+03
4.853999999999999981e-01 -8.245476967919588787e+03
4.855000000000000426e-01 -8.247448975894971227e+03
4.856000000000000316e-01 -8.249420851890838094e+03
4.857000000000000206e-01 -8.251392304313052591e+03
4.858000000000000096e-01 -8.253363064856755955e+03
4.858999999999999986e-01 -8.255332919993326868e+03
4.860000000000000431e-01 -8.257301753347164777e+03
4.861000000000000321e-01 -8.259269538480481060e+03
4.862000000000000210e-01 -8.261236287142070069e+03
4.863000000000000100e-01 -8.263201890879452549e+03
4.863999999999999990e-01 -8.265166023623798537e+03
4.865000000000000435e-01 -8.267128084359812419e+03
4.866000000000000325e-01 -8.269085039366480487e+03
4.867000000000000215e-01 -8.271033497662534501e+03
4.868000000000000105e-01 -8.272972831973564098e+03
4.868999999999999995e-01 -8.274903114761893448e+03
4.870000000000000440e-01 -8.276825126252122573e+03
4.871000000000000330e-01 -8.278739917537626752e+03
4.872000000000000219e-01 -8.280648543799352410e+03
4.873000000000000109e-01 -8.282552033398709682e+03
4.873999999999999999e-01 -8.284451397973029088e+03
4.875000000000000444e-01 -8.286347610289978547e+03
4.876000000000000334e-01 -8.288241728725937719e+03
4.877000000000000224e-01 -8.290134606150348191e+03
4.878000000000000114e-01 -8.292029578224282886e+03
4.879000000000000004e-01 -8.293928124628688238e+03
4.880000000000000449e-01 -8.295831041435423685e+03
4.881000000000000338e-01 -8.297739293717235341e+03
4.882000000000000228e-01 -8.299654218945599496e+03
4.883000000000000118e-01 -8.301576610980129772e+03
4.884000000000000008e-01 -8.303506815332339102e+03
4.885000000000000453e-01 -8.305445152996007891e+03
4.886000000000000343e-01 -8.307389535009628162e+03
4.887000000000000233e-01 -8.309338279241133932e+03
4.888000000000000123e-01 -8.311300650104853048e+03
4.889000000000000012e-01 -8.313273002265728792e+03
4.890000000000000457e-01 -8.315268652799823030e+03
4.891000000000000347e-01 -8.317272776703222917e+03
4.892000000000000237e-01 -8.319278799925863495e+03
4.893000000000000127e-01 -8.321284648225922865e+03
4.894000000000000017e-01 -8.323287644713152986e+03
4.895000000000000462e-01 -8.325285734081349801e+03
4.896000000000000352e-01 -8.327278072255876396e+03
4.897000000000000242e-01 -8.329264903408544342e+03
4.898000000000000131e-01 -8.331247212791875427e+03
4.899000000000000021e-01 -8.333226374179012055e+03
4.900000000000000466e-01 -8.335204527106754540e+03
4.901000000000000356e-01 -8.337186484136202125e+03
4.902000000000000246e-01 -8.339171794803743978e+03
4.903000000000000136e-01 -8.341157540575462917e+03
4.904000000000000026e-01 -8.343141774764799266e+03
4.905000000000000471e-01 -8.345123586434616300e+03
4.906000000000000361e-01 -8.347102953601290210e+03
4.907000000000000250e-01 -8.349052481248070762e+03
4.908000000000000140e-01 -8.350991436725003950e+03
4.909000000000000030e-01 -8.352952216604389832e+03
4.910000000000000475e-01 -8.354934890649255976e+03
4.911000000000000365e-01 -8.356942148385833207e+03
4.912000000000000255e-01 -8.358978174605839740e+03
4.913000000000000145e-01 -8.361021575739123364e+03
4.914000000000000035e-01 -8.363051612042097986e+03
4.915000000000000480e-01 -8.365055890892730531e+03
4.916000000000000369e-01 -8.367031029825413498e+03
4.917000000000000259e-01 -8.368979547452503539e+03
4.918000000000000149e-01 -8.370906006834504296e+03
4.919000000000000039e-01 -8.372807342519903614e+03
4.920000000000000484e-01 -8.374682792569265075e+03
4.921000000000000374e-01 -8.376531198878474243e+03
4.922000000000000264e-01 -8.378347627478276991e+03
4.923000000000000154e-01 -8.380128102270287854e+03
4.924000000000000044e-01 -8.381875142538094224e+03
4.925000000000000488e-01 -8.383593840559960881e+03
4.926000000000000378e-01 -8.385289824046685681e+03
4.927000000000000268e-01 -8.386965297746461147e+03
4.928000000000000158e-01 -8.388613609627132973e+03
4.929000000000000048e-01 -8.390214028405860518e+03
4.930000000000000493e-01 -8.391748821051134655e+03
4.931000000000000383e-01 -8.393203834832604116e+03
4.932000000000000273e-01 -8.394565954007231994e+03
4.933000000000000163e-01 -8.395822838060466893e+03
4.934000000000000052e-01 -8.396963945621093444e+03
4.935000000000000497e-01 -8.397983059415297248e+03
4.936000000000000387e-01 -8.398874868262542805e+03
4.937000000000000277e-01 -8.399632569308645543e+03
4.938000000000000167e-01 -8.400252475075829352e+03
4.939000000000000057e-01 -8.400765598375252011e+03
4.940000000000000502e-01 -8.401227947392406350e+03
4.941000000000000392e-01 -8.401651406414128360e+03
4.942000000000000282e-01 -8.402032198781773332e+03
4.943000000000000171e-01 -8.402377376777349127e+03
4.944000000000000061e-01 -8.402690609090055659e+03
4.945000000000000506e-01 -8.403010939477051579e+03
4.946000000000000396e-01 -8.403410228080238085e+03
4.947000000000000286e-01 -8.403875724711206203e+03
4.948000000000000176e-01 -8.403815388831764722e+03
4.949000000000000066e-01 -8.402900597777805160e+03
4.950000000000000511e-01 -8.401771651838032994e+03
4.951000000000000401e-01 -8.401075361712537415e+03
4.952000000000000290e-01 -8.401012953894967723e+03
4.953000000000000180e-01 -8.401499961430874464e+03
4.954000000000000070e-01 -8.402467997942805596e+03
4.954999999999999960e-01 -8.403789649548611123e+03
4.956000000000000405e-01 -8.405325479030534552e+03
4.957000000000000295e-01 -8.406986052055337495e+03
4.958000000000000185e-01 -8.408719188020522779e+03
4.959000000000000075e-01 -8.410501978763504667e+03
4.959999999999999964e-01 -8.412332731360271282e+03
4.961000000000000409e-01 -8.414221819465374210e+03
4.962000000000000299e-01 -8.416166300913188024e+03
4.963000000000000189e-01 -8.418158186043308888e+03
4.964000000000000079e-01 -8.420181143810597860e+03
4.964999999999999969e-01 -8.422226939373955247e+03
4.966000000000000414e-01 -8.424266843733892529e+03
4.967000000000000304e-01 -8.426326093821802715e+03
4.968000000000000194e-01 -8.428413419581267590e+03
4.969000000000000083e-01 -8.430506278584387474e+03
4.969999999999999973e-01 -8.432598870314197484e+03
4.971000000000000418e-01 -8.434691668538727754e+03
4.972000000000000308e-01 -8.436781850708557613e+03
4.973000000000000198e-01 -8.438864439212387879e+03
4.974000000000000088e-01 -8.440937802290605759e+03
4.974999999999999978e-01 -8.443001489314228820e+03
4.976000000000000423e-01 -8.445059663373309377e+03
4.977000000000000313e-01 -8.447113039626672617e+03
4.978000000000000203e-01 -8.449161697910356452e+03
4.979000000000000092e-01 -8.451207373412426023e+03
4.979999999999999982e-01 -8.453247013961668927e+03
4.981000000000000427e-01 -8.455285548879217458e+03
4.982000000000000317e-01 -8.457318576718120312e+03
4.983000000000000207e-01 -8.459347090255780131e+03
4.984000000000000097e-01 -8.461379405996241985e+03
4.984999999999999987e-01 -8.463408778011815230e+03
4.986000000000000432e-01 -8.465436416884998835e+03
4.987000000000000322e-01 -8.467469950190679810e+03
4.988000000000000211e-01 -8.469498976407432565e+03
4.989000000000000101e-01 -8.471528654289386395e+03
4.989999999999999991e-01 -8.473566300595190114e+03
4.991000000000000436e-01 -8.475600300125703143e+03
4.992000000000000326e-01 -8.477636174166806086e+03
4.993000000000000216e-01 -8.479678116681536267e+03
4.994000000000000106e-01 -8.481717334477514669e+03
4.994999999999999996e-01 -8.483756983174349443e+03
4.996000000000000441e-01 -8.485798894478302827e+03
4.997000000000000330e-01 -8.487843861896939416e+03
4.998000000000000220e-01 -8.489891469968750243e+03
4.999000000000000110e-01 -8.491940378693036109e+03
5.000000000000000000e-01 -8.493990709087318464e+03
5.000999999999999890e-01 -8.497855364595436185e+03
5.001999999999999780e-01 -8.502912716288230513e+03
5.003000000000000780e-01 -8.508250076028831245e+03
5.004000000000000670e-01 -8.513878340456374644e+03
5.005000000000000560e-01 -8.520135309706545740e+03
5.006000000000000449e-01 -8.527215127429652057e+03
5.007000000000000339e-01 -8.535027816913519928e+03
5.008000000000000229e-01 -8.543287158238108532e+03
5.009000000000000119e-01 -8.552057614453558926e+03
5.010000000000000009e-01 -8.560483059692816823e+03
5.010999999999999899e-01 -8.566637350510136457e+03
5.011999999999999789e-01 -8.570668654870127284e+03
5.013000000000000789e-01 -8.573715051831604796e+03
5.014000000000000679e-01 -8.576284010938084975e+03
5.015000000000000568e-01 -8.578595314373960719e+03
5.016000000000000458e-01 -8.580707983251739279e+03
5.017000000000000348e-01 -8.582598689192307575e+03
5.018000000000000238e-01 -8.584251500841453890e+03
5.019000000000000128e-01 -8.585840896924077242e+03
5.020000000000000018e-01 -8.588200345958537582e+03
5.020999999999999908e-01 -8.591514925103894711e+03
5.021999999999999797e-01 -8.594293909323860134e+03
5.022999999999999687e-01 -8.596343961259817661e+03
5.024000000000000687e-01 -8.597951090343969554e+03
5.025000000000000577e-01 -8.599320662261059624e+03
5.026000000000000467e-01 -8.600558660342880103e+03
5.027000000000000357e-01 -8.601725903712849686e+03
5.028000000000000247e-01 -8.602847079417362693e+03
5.029000000000000137e-01 -8.603903849791990069e+03
5.030000000000000027e-01 -8.604894267934658274e+03
5.030999999999999917e-01 -8.605832213789533853e+03
5.031999999999999806e-01 -8.606722423743363834e+03
5.032999999999999696e-01 -8.607553722974154880e+03
5.034000000000000696e-01 -8.608303247779751473e+03
5.035000000000000586e-01 -8.608959774169690718e+03
5.036000000000000476e-01 -8.609522854133048895e+03
5.037000000000000366e-01 -8.609996504829054174e+03
5.038000000000000256e-01 -8.610381034809084667e+03
5.039000000000000146e-01 -8.610664740113588778e+03
5.040000000000000036e-01 -8.610841286759074137e+03
5.040999999999999925e-01 -8.610968550666208102e+03
5.041999999999999815e-01 -8.611111434921420368e+03
5.042999999999999705e-01 -8.611279754203678749e+03
5.044000000000000705e-01 -8.611471198481462125e+03
5.045000000000000595e-01 -8.611691236478482097e+03
5.046000000000000485e-01 -8.612017247999177926e+03
5.047000000000000375e-01 -8.612487441979148571e+03
5.048000000000000265e-01 -8.613074637614352469e+03
5.049000000000000155e-01 -8.613758497481443555e+03
5.050000000000000044e-01 -8.614519097598024018e+03
5.050999999999999934e-01 -8.615349077583116014e+03
5.051999999999999824e-01 -8.616315594680268987e+03
5.052999999999999714e-01 -8.617474300964786380e+03
5.054000000000000714e-01 -8.618828918951312517e+03
5.055000000000000604e-01 -8.620363295865663531e+03
5.056000000000000494e-01 -8.622054467973443025e+03
5.057000000000000384e-01 -8.623852967454751706e+03
5.058000000000000274e-01 -8.625717989300495901e+03
5.059000000000000163e-01 -8.627625851998982398e+03
5.060000000000000053e-01 -8.629566002740735712e+03
5.060999999999999943e-01 -8.631534328057015955e+03
5.061999999999999833e-01 -8.633529208082727564e+03
5.062999999999999723e-01 -8.635542596503337336e+03
5.064000000000000723e-01 -8.637562894068207243e+03
5.065000000000000613e-01 -8.639627176447269449e+03
5.066000000000000503e-01 -8.641706319067379809e+03
5.067000000000000393e-01 -8.643790851435791410e+03
5.068000000000000282e-01 -8.645875902828980543e+03
5.069000000000000172e-01 -8.647957503132247439e+03
5.070000000000000062e-01 -8.650033667837706162e+03
5.070999999999999952e-01 -8.652103267538377622e+03
5.071999999999999842e-01 -8.654165508554558983e+03
5.072999999999999732e-01 -8.656219650126498891e+03
5.074000000000000732e-01 -8.658265556645992547e+03
5.075000000000000622e-01 -8.660303232326141369e+03
5.076000000000000512e-01 -8.662332325864288578e+03
5.077000000000000401e-01 -8.664352435265303939e+03
5.078000000000000291e-01 -8.666348073214941905e+03
5.079000000000000181e-01 -8.668345960019814811e+03
5.080000000000000071e-01 -8.670343600411992156e+03
5.080999999999999961e-01 -8.672335101753886192e+03
5.081999999999999851e-01 -8.674319360747305836e+03
5.082999999999999741e-01 -8.676298523387005844e+03
5.084000000000000741e-01 -8.678273729013057164e+03
5.085000000000000631e-01 -8.680246380563319690e+03
5.086000000000000520e-01 -8.682217271959261780e+03
5.087000000000000410e-01 -8.684186137002079704e+03
5.088000000000000300e-01 -8.686153830762557845e+03
5.089000000000000190e-01 -8.688121883830837760e+03
5.090000000000000080e-01 -8.689945871141428142e+03
5.090999999999999970e-01 -8.691234086838381700e+03
5.091999999999999860e-01 -8.692414390206819007e+03
5.092999999999999750e-01 -8.693704467058681985e+03
5.094000000000000750e-01 -8.695120369012707670e+03
5.095000000000000639e-01 -8.696240683690148217e+03
5.096000000000000529e-01 -8.697047205994602336e+03
5.097000000000000419e-01 -8.697794574513191037e+03
5.098000000000000309e-01 -8.698571467994581326e+03
5.099000000000000199e-01 -8.699410976545101221e+03
5.100000000000000089e-01 -8.700353600900827587e+03
5.100999999999999979e-01 -8.701440737982335122e+03
5.101999999999999869e-01 -8.702758795864760032e+03
5.102999999999999758e-01 -8.704365996062280828e+03
5.104000000000000759e-01 -8.706273934303068017e+03
5.105000000000000648e-01 -8.708127477790876583e+03
5.106000000000000538e-01 -8.709917206326246742e+03
5.107000000000000428e-01 -8.711824362248875332e+03
5.108000000000000318e-01 -8.713872314222047862e+03
5.109000000000000208e-01 -8.716031609138924978e+03
5.110000000000000098e-01 -8.717993107874892303e+03
5.110999999999999988e-01 -8.719767630762937188e+03
5.111999999999999877e-01 -8.721586347235011999e+03
5.112999999999999767e-01 -8.723515710661544290e+03
5.114000000000000767e-01 -8.725561627851551748e+03
5.115000000000000657e-01 -8.727700799960053700e+03
5.116000000000000547e-01 -8.729906617731050574e+03
5.117000000000000437e-01 -8.732156422130046849e+03
5.118000000000000327e-01 -8.734433032597311467e+03
5.119000000000000217e-01 -8.736724985913235287e+03
5.120000000000000107e-01 -8.739025262533226851e+03
5.120999999999999996e-01 -8.741329882874171744e+03
5.121999999999999886e-01 -8.743637006272410872e+03
5.122999999999999776e-01 -8.745948867129074642e+03
5.124000000000000776e-01 -8.748260906751740549e+03
5.125000000000000666e-01 -8.750575899308945736e+03
5.126000000000000556e-01 -8.752896595575710307e+03
5.127000000000000446e-01 -8.755224887726044471e+03
5.128000000000000336e-01 -8.757560245841894357e+03
5.129000000000000226e-01 -8.759898737162395264e+03
5.130000000000000115e-01 -8.762241234566767162e+03
5.131000000000000005e-01 -8.764588211956795931e+03
5.131999999999999895e-01 -8.766938976850529798e+03
5.132999999999999785e-01 -8.769292925942736474e+03
5.134000000000000785e-01 -8.771649613714158477e+03
5.135000000000000675e-01 -8.774008767661867751e+03
5.136000000000000565e-01 -8.776370213690344826e+03
5.137000000000000455e-01 -8.778733550067347096e+03
5.138000000000000345e-01 -8.781098412608513172e+03
5.139000000000000234e-01 -8.783465088891496634e+03
5.140000000000000124e-01 -8.785833865040469391e+03
5.141000000000000014e-01 -8.788205040197710332e+03
5.141999999999999904e-01 -8.790579647356255009e+03
5.142999999999999794e-01 -8.792958779277960275e+03
5.144000000000000794e-01 -8.795343974591049118e+03
5.145000000000000684e-01 -8.797733549168004174e+03
5.146000000000000574e-01 -8.800125707638295353e+03
5.147000000000000464e-01 -8.802520527730664980e+03
5.148000000000000353e-01 -8.804919512002057672e+03
5.149000000000000243e-01 -8.807322468179849238e+03
5.150000000000000133e-01 -8.809729236395030966e+03
5.151000000000000023e-01 -8.812139688427147121e+03
5.151999999999999913e-01 -8.814553709691061158e+03
5.152999999999999803e-01 -8.816971207453278112e+03
5.153999999999999693e-01 -8.819392137250813903e+03
5.155000000000000693e-01 -8.821816546996516990e+03
5.156000000000000583e-01 -8.824244684381237676e+03
5.157000000000000473e-01 -8.826677989758873082e+03
5.158000000000000362e-01 -8.829122090297103568e+03
5.159000000000000252e-01 -8.831580007247726826e+03
5.160000000000000142e-01 -8.834052750811453734e+03
5.161000000000000032e-01 -8.836540632150272359e+03
5.161999999999999922e-01 -8.839042888921994745e+03
5.162999999999999812e-01 -8.841558852876527453e+03
5.163999999999999702e-01 -8.844088087890972020e+03
5.165000000000000702e-01 -8.846630633273443891e+03
5.166000000000000592e-01 -8.849186837496717999e+03
5.167000000000000481e-01 -8.851759599428047295e+03
5.168000000000000371e-01 -8.854358912934550972e+03
5.169000000000000261e-01 -8.856992740239145860e+03
5.170000000000000151e-01 -8.859666078661370193e+03
5.171000000000000041e-01 -8.862382216716445328e+03
5.171999999999999931e-01 -8.865149157188914614e+03
5.172999999999999821e-01 -8.867975387539721851e+03
5.173999999999999710e-01 -8.870864802334110209e+03
5.175000000000000711e-01 -8.873818817707011476e+03
5.176000000000000600e-01 -8.876836162091894948e+03
5.177000000000000490e-01 -8.879914982316377063e+03
5.178000000000000380e-01 -8.883056855425940739e+03
5.179000000000000270e-01 -8.886267607179177503e+03
5.180000000000000160e-01 -8.889559960915401462e+03
5.181000000000000050e-01 -8.892957995971562923e+03
5.181999999999999940e-01 -8.896483600203748210e+03
5.182999999999999829e-01 -8.900152014551114917e+03
5.183999999999999719e-01 -8.903980223228843897e+03
5.185000000000000719e-01 -8.908009238884507795e+03
5.186000000000000609e-01 -8.912294167914311402e+03
5.187000000000000499e-01 -8.916957283452715274e+03
5.188000000000000389e-01 -8.922105648231590749e+03
5.189000000000000279e-01 -8.927790227994843008e+03
5.190000000000000169e-01 -8.933937151639545846e+03
5.191000000000000059e-01 -8.940505133081407621e+03
5.191999999999999948e-01 -8.947593247362347029e+03
5.192999999999999838e-01 -8.955217635316239466e+03
5.193999999999999728e-01 -8.962164581518041814e+03
5.195000000000000728e-01 -8.965720974209707492e+03
5.196000000000000618e-01 -8.967376418188796379e+03
5.197000000000000508e-01 -8.968681860965940359e+03
5.198000000000000398e-01 -8.970097221628764601e+03
5.199000000000000288e-01 -8.971703184701351347e+03
5.200000000000000178e-01 -8.973588964766797289e+03
5.201000000000000068e-01 -8.975755441997524031e+03
5.201999999999999957e-01 -8.978009491228218394e+03
5.202999999999999847e-01 -8.980261658238756354e+03
5.203999999999999737e-01 -8.982506916282507518e+03
5.205000000000000737e-01 -8.984766009607841625e+03
5.206000000000000627e-01 -8.987050171960561784e+03
5.207000000000000517e-01 -8.989353714669427063e+03
5.208000000000000407e-01 -8.991664935724966199e+03
5.209000000000000297e-01 -8.993969813890013029e+03
5.210000000000000187e-01 -8.996263480522316968e+03
5.211000000000000076e-01 -8.998558891303007840e+03
5.211999999999999966e-01 -9.000854886458211695e+03
5.212999999999999856e-01 -9.003141055731051893e+03
5.213999999999999746e-01 -9.005422317396616563e+03
5.215000000000000746e-01 -9.007704466051553027e+03
5.216000000000000636e-01 -9.009989169870246769e+03
5.217000000000000526e-01 -9.012302559060737622e+03
5.218000000000000416e-01 -9.014689135131362491e+03
5.219000000000000306e-01 -9.017156025894662889e+03
5.220000000000000195e-01 -9.019628050252042158e+03
5.221000000000000085e-01 -9.022062622368155644e+03
5.221999999999999975e-01 -9.024449746655904164e+03
5.222999999999999865e-01 -9.026800599993021024e+03
5.223999999999999755e-01 -9.029116131064041838e+03
5.225000000000000755e-01 -9.031401177363050010e+03
5.226000000000000645e-01 -9.033669966025965550e+03
5.227000000000000535e-01 -9.035937784975578325e+03
5.228000000000000425e-01 -9.038213618235437025e+03
5.229000000000000314e-01 -9.040502014576090005e+03
5.230000000000000204e-01 -9.042789545901132442e+03
5.231000000000000094e-01 -9.045080560061827782e+03
5.231999999999999984e-01 -9.047378202618290743e+03
5.232999999999999874e-01 -9.049683971989074053e+03
5.233999999999999764e-01 -9.051998642983917307e+03
5.235000000000000764e-01 -9.054322374781626422e+03
5.236000000000000654e-01 -9.056655130298884615e+03
5.237000000000000544e-01 -9.058996785698991516e+03
5.238000000000000433e-01 -9.061347184566271608e+03
5.239000000000000323e-01 -9.063706153759960216e+03
5.240000000000000213e-01 -9.066073504561929440e+03
5.241000000000000103e-01 -9.068448587402788689e+03
5.241999999999999993e-01 -9.070827418626849976e+03
5.242999999999999883e-01 -9.073210656887171353e+03
5.243999999999999773e-01 -9.075601360392969582e+03
5.245000000000000773e-01 -9.077992481989522275e+03
5.246000000000000663e-01 -9.080372100283935652e+03
5.247000000000000552e-01 -9.082740433278910132e+03
5.248000000000000442e-01 -9.085103085070230009e+03
5.249000000000000332e-01 -9.087454626239752542e+03
5.250000000000000222e-01 -9.089786677625426819e+03
5.251000000000000112e-01 -9.092083428724767145e+03
5.252000000000000002e-01 -9.094352269852093741e+03
5.252999999999999892e-01 -9.096605847223076125e+03
5.253999999999999782e-01 -9.098851473870034170e+03
5.255000000000000782e-01 -9.101092690628043783e+03
5.256000000000000671e-01 -9.103330967616160706e+03
5.257000000000000561e-01 -9.105566716221563183e+03
5.258000000000000451e-01 -9.107799920735107662e+03
5.259000000000000341e-01 -9.110030527865368640e+03
5.260000000000000231e-01 -9.112258647119289890e+03
5.261000000000000121e-01 -9.114484649436248219e+03
5.262000000000000011e-01 -9.116708981365769432e+03
5.262999999999999901e-01 -9.118932361008861335e+03
5.263999999999999790e-01 -9.121155547645417755e+03
5.265000000000000790e-01 -9.123379171262544332e+03
5.266000000000000680e-01 -9.125603802411222205e+03
5.267000000000000570e-01 -9.127829905840206266e+03
5.268000000000000460e-01 -9.130057857026644342e+03
5.269000000000000350e-01 -9.132287935596994430e+03
5.270000000000000240e-01 -9.134520122772913965e+03
5.271000000000000130e-01 -9.136753648718349723e+03
5.272000000000000020e-01 -9.138990980962928006e+03
5.272999999999999909e-01 -9.141228598161060290e+03
5.273999999999999799e-01 -9.143466697311434473e+03
5.275000000000000799e-01 -9.145705498495408392e+03
5.276000000000000689e-01 -9.147944880172075500e+03
5.277000000000000579e-01 -9.150184524245656576e+03
5.278000000000000469e-01 -9.152424285265666185e+03
5.279000000000000359e-01 -9.154664036802992996e+03
5.280000000000000249e-01 -9.156902481647197419e+03
5.281000000000000139e-01 -9.159141290721921905e+03
5.282000000000000028e-01 -9.161380268464921755e+03
5.282999999999999918e-01 -9.163618869834279394e+03
5.283999999999999808e-01 -9.165856816017114397e+03
5.285000000000000808e-01 -9.168094121160645955e+03
5.286000000000000698e-01 -9.170329985888904048e+03
5.287000000000000588e-01 -9.172566339716417133e+03
5.288000000000000478e-01 -9.174802518047608828e+03
5.289000000000000368e-01 -9.177038148709043526e+03
5.290000000000000258e-01 -9.179272664932983389e+03
5.291000000000000147e-01 -9.181507060837051540e+03
5.292000000000000037e-01 -9.183741763465830445e+03
5.292999999999999927e-01 -9.185975773368558293e+03
5.293999999999999817e-01 -9.188209110156547467e+03
5.294999999999999707e-01 -9.190442937758070912e+03
5.296000000000000707e-01 -9.192675260687959963e+03
5.297000000000000597e-01 -9.194907296802553901e+03
5.298000000000000487e-01 -9.197137859588496212e+03
5.299000000000000377e-01 -9.199366997563840414e+03
5.300000000000000266e-01 -9.201594783452303091e+03
5.301000000000000156e-01 -9.203809093025683978e+03
5.302000000000000046e-01 -9.205982703934249002e+03
5.302999999999999936e-01 -9.208116674124659767e+03
5.303999999999999826e-01 -9.210219186234806330e+03
5.304999999999999716e-01 -9.212298125066554348e+03
5.306000000000000716e-01 -9.214359675497038552e+03
5.307000000000000606e-01 -9.216407848764461960e+03
5.308000000000000496e-01 -9.218445119212812642e+03
5.309000000000000385e-01 -9.220473994683470664e+03
5.310000000000000275e-01 -9.222496334974535785e+03
5.311000000000000165e-01 -9.224512314047964537e+03
5.312000000000000055e-01 -9.226523754920972351e+03
5.312999999999999945e-01 -9.228531984567198378e+03
5.313999999999999835e-01 -9.230537890209125180e+03
5.314999999999999725e-01 -9.232542078577480424e+03
5.316000000000000725e-01 -9.234544984673841100e+03
5.317000000000000615e-01 -9.236546940265574449e+03
5.318000000000000504e-01 -9.238548200549228568e+03
5.319000000000000394e-01 -9.240548961735828925e+03
5.320000000000000284e-01 -9.242549349114711731e+03
5.321000000000000174e-01 -9.244549412898708397e+03
5.322000000000000064e-01 -9.246549224994596443e+03
5.322999999999999954e-01 -9.248548861176019273e+03
5.323999999999999844e-01 -9.250548380669675680e+03
5.324999999999999734e-01 -9.252547822629421717e+03
5.326000000000000734e-01 -9.254547208449877871e+03
5.327000000000000624e-01 -9.256546545360693926e+03
5.328000000000000513e-01 -9.258545829867176508e+03
5.329000000000000403e-01 -9.260545050681341309e+03
5.330000000000000293e-01 -9.262544191105593200e+03
5.331000000000000183e-01 -9.264543230934948951e+03
5.332000000000000073e-01 -9.266542147708249104e+03
5.332999999999999963e-01 -9.268540864425960535e+03
5.333999999999999853e-01 -9.270539299758873312e+03
5.334999999999999742e-01 -9.272537395988871140e+03
5.336000000000000743e-01 -9.274535144458623108e+03
5.337000000000000632e-01 -9.276532569290046013e+03
5.338000000000000522e-01 -9.278529679931467399e+03
5.339000000000000412e-01 -9.280526476225952138e+03
5.340000000000000302e-01 -9.282522951758546697e+03
5.341000000000000192e-01 -9.284519095589561402e+03
5.342000000000000082e-01 -9.286514893013454639e+03
5.342999999999999972e-01 -9.288510325462706533e+03
5.343999999999999861e-01 -9.290505334083140042e+03
5.344999999999999751e-01 -9.292499891814804869e+03
5.346000000000000751e-01 -9.294494014579124268e+03
5.347000000000000641e-01 -9.296487625205931181e+03
5.348000000000000531e-01 -9.298480356398804361e+03
5.349000000000000421e-01 -9.300472476882690898e+03
5.350000000000000311e-01 -9.302463806441272027e+03
5.351000000000000201e-01 -9.304453567339833171e+03
5.352000000000000091e-01 -9.306439429364352691e+03
5.352999999999999980e-01 -9.308420302430493393e+03
5.353999999999999870e-01 -9.310396576068846116e+03
5.354999999999999760e-01 -9.312370215525686945e+03
5.356000000000000760e-01 -9.314341519812980550e+03
5.357000000000000650e-01 -9.316313360351850861e+03
5.358000000000000540e-01 -9.318281719765920570e+03
5.359000000000000430e-01 -9.320249039637363239e+03
5.360000000000000320e-01 -9.322215896443207384e+03
5.361000000000000210e-01 -9.324182191520556444e+03
5.362000000000000099e-01 -9.326147766934022002e+03
5.362999999999999989e-01 -9.328112646270927144e+03
5.363999999999999879e-01 -9.330077009432094201e+03
5.364999999999999769e-01 -9.332040920704634118e+03
5.366000000000000769e-01 -9.334004396547452416e+03
5.367000000000000659e-01 -9.335967671330025041e+03
5.368000000000000549e-01 -9.337931867997534937e+03
5.369000000000000439e-01 -9.339896168089042476e+03
5.370000000000000329e-01 -9.341859411347262721e+03
5.371000000000000218e-01 -9.343822292076140002e+03
5.372000000000000108e-01 -9.345786495367985481e+03
5.372999999999999998e-01 -9.347751789422340153e+03
5.373999999999999888e-01 -9.349717436429345980e+03
5.374999999999999778e-01 -9.351681256299345478e+03
5.376000000000000778e-01 -9.353641723622435165e+03
5.377000000000000668e-01 -9.355599833356685849e+03
5.378000000000000558e-01 -9.357557432291496298e+03
5.379000000000000448e-01 -9.359515090866088940e+03
5.380000000000000338e-01 -9.361475443835759506e+03
5.381000000000000227e-01 -9.363436973414874956e+03
5.382000000000000117e-01 -9.365398024007199638e+03
5.383000000000000007e-01 -9.367357608060054190e+03
5.383999999999999897e-01 -9.369315228756484430e+03
5.384999999999999787e-01 -9.371270715531423775e+03
5.386000000000000787e-01 -9.373224041470270095e+03
5.387000000000000677e-01 -9.375179996532893711e+03
5.388000000000000567e-01 -9.377132608754327521e+03
5.389000000000000457e-01 -9.379078005685156313e+03
5.390000000000000346e-01 -9.381022094078569353e+03
5.391000000000000236e-01 -9.382970385004620766e+03
5.392000000000000126e-01 -9.384925127808333855e+03
5.393000000000000016e-01 -9.386882438983629982e+03
5.393999999999999906e-01 -9.388845886710028935e+03
5.394999999999999796e-01 -9.390805334868562568e+03
5.396000000000000796e-01 -9.392754547138760245e+03
5.397000000000000686e-01 -9.394695753382138719e+03
5.398000000000000576e-01 -9.396625491953280289e+03
5.399000000000000465e-01 -9.398538134164185976e+03
5.400000000000000355e-01 -9.400436298327034820e+03
5.401000000000000245e-01 -9.402319678449173807e+03
5.402000000000000135e-01 -9.404200749629766506e+03
5.403000000000000025e-01 -9.406093054468094124e+03
5.403999999999999915e-01 -9.407990892766078105e+03
5.404999999999999805e-01 -9.409883896141451260e+03
5.406000000000000805e-01 -9.411782558305047132e+03
5.407000000000000695e-01 -9.413661888289425406e+03
5.408000000000000584e-01 -9.415546660451693242e+03
5.409000000000000474e-01 -9.417484613259435719e+03
5.410000000000000364e-01 -9.419471667059686297e+03
5.411000000000000254e-01 -9.421467408109734606e+03
5.412000000000000144e-01 -9.423437781987884591e+03
5.413000000000000034e-01 -9.425375570002579479e+03
5.413999999999999924e-01 -9.427291756112639632e+03
5.414999999999999813e-01 -9.429202148969088739e+03
5.416000000000000814e-01 -9.431119935120628725e+03
5.417000000000000703e-01 -9.433052972862049501e+03
5.418000000000000593e-01 -9.435003557877053026e+03
5.419000000000000483e-01 -9.436968621292026000e+03
5.420000000000000373e-01 -9.438940950245516433e+03
5.421000000000000263e-01 -9.440911796436581426e+03
5.422000000000000153e-01 -9.442873375182731252e+03
5.423000000000000043e-01 -9.444817272930800755e+03
5.423999999999999932e-01 -9.446735692095408012e+03
5.424999999999999822e-01 -9.448618168876155323e+03
5.425999999999999712e-01 -9.450445144794246517e+03
5.427000000000000712e-01 -9.452176202051497967e+03
5.428000000000000602e-01 -9.453776206243514025e+03
5.429000000000000492e-01 -9.455228269344604996e+03
5.430000000000000382e-01 -9.456523494811752244e+03
5.431000000000000272e-01 -9.457651036457782538e+03
5.432000000000000162e-01 -9.458594521097535107e+03
5.433000000000000052e-01 -9.459333905296958619e+03
5.433999999999999941e-01 -9.459849143558876676e+03
5.434999999999999831e-01 -9.460133397083291129e+03
5.435999999999999721e-01 -9.460222114890804733e+03
5.437000000000000721e-01 -9.460145672495013059e+03
5.438000000000000611e-01 -9.459899177427792893e+03
5.439000000000000501e-01 -9.459492525117233527e+03
5.440000000000000391e-01 -9.459033302937299595e+03
5.441000000000000281e-01 -9.458565318416127411e+03
5.442000000000000171e-01 -9.458121360852857833e+03
5.443000000000000060e-01 -9.457801556711541707e+03
5.443999999999999950e-01 -9.457701388366700485e+03
5.444999999999999840e-01 -9.457795107574213034e+03
5.445999999999999730e-01 -9.458040381366083238e+03
5.447000000000000730e-01 -9.458338131086082285e+03
5.448000000000000620e-01 -9.458594131159679819e+03
5.449000000000000510e-01 -9.459089485541189788e+03
5.450000000000000400e-01 -9.460097937132839434e+03
5.451000000000000290e-01 -9.461605343354543947e+03
5.452000000000000179e-01 -9.463466593815148372e+03
5.453000000000000069e-01 -9.465529080220723699e+03
5.453999999999999959e-01 -9.467662552101584879e+03
5.454999999999999849e-01 -9.469789902654540128e+03
5.455999999999999739e-01 -9.471871938177260745e+03
5.457000000000000739e-01 -9.473861622913140309e+03
5.458000000000000629e-01 -9.475838151040292360e+03
5.459000000000000519e-01 -9.477799318062499879e+03
5.460000000000000409e-01 -9.479716995729460905e+03
5.461000000000000298e-01 -9.481695388968528277e+03
5.462000000000000188e-01 -9.483771819736353791e+03
5.463000000000000078e-01 -9.485923705366221839e+03
5.463999999999999968e-01 -9.488086953996889861e+03
5.464999999999999858e-01 -9.490227201143210550e+03
5.465999999999999748e-01 -9.492335524324704238e+03
5.467000000000000748e-01 -9.494415636887009896e+03
5.468000000000000638e-01 -9.496468922775447936e+03
5.469000000000000528e-01 -9.498505700049749066e+03
5.470000000000000417e-01 -9.500538056571022025e+03
5.471000000000000307e-01 -9.502575246332549796e+03
5.472000000000000197e-01 -9.504618251060908733e+03
5.473000000000000087e-01 -9.506675047902299411e+03
5.473999999999999977e-01 -9.508746406434291202e+03
5.474999999999999867e-01 -9.510822596863279614e+03
5.475999999999999757e-01 -9.512895592958189809e+03
5.477000000000000757e-01 -9.514960173726232824e+03
5.478000000000000647e-01 -9.517013300073534992e+03
5.479000000000000536e-01 -9.519056516511522204e+03
5.480000000000000426e-01 -9.521091605737112332e+03
5.481000000000000316e-01 -9.523119020601881857e+03
5.482000000000000206e-01 -9.525140618151051967e+03
5.483000000000000096e-01 -9.527156073066431418e+03
5.483999999999999986e-01 -9.529166594406919103e+03
5.484999999999999876e-01 -9.531187088308630337e+03
5.485999999999999766e-01 -9.533201162756287886e+03
5.487000000000000766e-01 -9.535200141633154999e+03
5.488000000000000655e-01 -9.537195829738240718e+03
5.489000000000000545e-01 -9.539192549939789387e+03
5.490000000000000435e-01 -9.541193161333751050e+03
5.491000000000000325e-01 -9.543197805456169590e+03
5.492000000000000215e-01 -9.545206753689550169e+03
5.493000000000000105e-01 -9.547215597375115976e+03
5.493999999999999995e-01 -9.549225920489327109e+03
5.494999999999999885e-01 -9.551240362508169710e+03
5.495999999999999774e-01 -9.553256245866901736e+03
5.497000000000000774e-01 -9.555274947183334007e+03
5.498000000000000664e-01 -9.557296744607059736e+03
5.499000000000000554e-01 -9.559320141873728062e+03
5.500000000000000444e-01 -9.561348648784711258e+03
5.501000000000000334e-01 -9.565156992572685340e+03
5.502000000000000224e-01 -9.570072738985329124e+03
5.503000000000000114e-01 -9.575273785845116436e+03
5.504000000000000004e-01 -9.580822547291527371e+03
5.504999999999999893e-01 -9.587041902436983946e+03
5.505999999999999783e-01 -9.594130707315394829e+03
5.507000000000000783e-01 -9.601981130221596686e+03
5.508000000000000673e-01 -9.610080857385622949e+03
5.509000000000000563e-01 -9.618718487884720162e+03
5.510000000000000453e-01 -9.627756095733198890e+03
5.511000000000000343e-01 -9.635341880066653175e+03
5.512000000000000233e-01 -9.640266050943602750e+03
5.513000000000000123e-01 -9.643854477743036114e+03
5.514000000000000012e-01 -9.646797697898044134e+03
5.514999999999999902e-01 -9.649328332919241802e+03
5.515999999999999792e-01 -9.651575213995656668e+03
5.517000000000000792e-01 -9.653598328406718792e+03
5.518000000000000682e-01 -9.655425786002046152e+03
5.519000000000000572e-01 -9.657073145456484781e+03
5.520000000000000462e-01 -9.658585340911567982e+03
5.521000000000000352e-01 -9.659890807585445145e+03
5.522000000000000242e-01 -9.661656316276899815e+03
5.523000000000000131e-01 -9.664878355176237164e+03
5.524000000000000021e-01 -9.667939141011187530e+03
5.524999999999999911e-01 -9.670251328740794634e+03
5.525999999999999801e-01 -9.671987123917397184e+03
5.527000000000000801e-01 -9.673386979740189417e+03
5.528000000000000691e-01 -9.674576329584950145e+03
5.529000000000000581e-01 -9.675607095444949664e+03
5.530000000000000471e-01 -9.676491213864695965e+03
5.531000000000000361e-01 -9.677239800026291050e+03
5.532000000000000250e-01 -9.677866928560084489e+03
5.533000000000000140e-01 -9.678374055006741401e+03
5.534000000000000030e-01 -9.678753307710985609e+03
5.534999999999999920e-01 -9.678982499400326560e+03
5.535999999999999810e-01 -9.679011003685996911e+03
5.537000000000000810e-01 -9.678612634217026425e+03
5.538000000000000700e-01 -9.677719957461107697e+03
5.539000000000000590e-01 -9.676498763503235750e+03
5.540000000000000480e-01 -9.675177689118088892e+03
5.541000000000000369e-01 -9.673816951867194803e+03
5.542000000000000259e-01 -9.672441584101285116e+03
5.543000000000000149e-01 -9.671190495415514306e+03
5.544000000000000039e-01 -9.670298149887270483e+03
5.544999999999999929e-01 -9.669739700470867319e+03
5.545999999999999819e-01 -9.669617310527888549e+03
5.547000000000000819e-01 -9.669974912113528262e+03
5.548000000000000709e-01 -9.670877720461334320e+03
5.549000000000000599e-01 -9.672343682089041977e+03
5.550000000000000488e-01 -9.674220984275334558e+03
5.551000000000000378e-01 -9.676315732405391827e+03
5.552000000000000268e-01 -9.678490966737210329e+03
5.553000000000000158e-01 -9.680658206229587449e+03
5.554000000000000048e-01 -9.682789403413537002e+03
5.554999999999999938e-01 -9.684868582461218466e+03
5.555999999999999828e-01 -9.686813155851756164e+03
5.556999999999999718e-01 -9.688770336973821031e+03
5.558000000000000718e-01 -9.690715293367838967e+03
5.559000000000000608e-01 -9.692704355585419762e+03
5.560000000000000497e-01 -9.694822528229993623e+03
5.561000000000000387e-01 -9.697014836957119769e+03
5.562000000000000277e-01 -9.699212820104401544e+03
5.563000000000000167e-01 -9.701394002201057447e+03
5.564000000000000057e-01 -9.703543963310108666e+03
5.564999999999999947e-01 -9.705642655795714745e+03
5.565999999999999837e-01 -9.707691540722849822e+03
5.566999999999999726e-01 -9.709706585608088062e+03
5.568000000000000727e-01 -9.711706138344632564e+03
5.569000000000000616e-01 -9.713703614193849717e+03
5.570000000000000506e-01 -9.715718701255513224e+03
5.571000000000000396e-01 -9.717765869622560786e+03
5.572000000000000286e-01 -9.719852484914075831e+03
5.573000000000000176e-01 -9.721940951083359323e+03
5.574000000000000066e-01 -9.724024642649274028e+03
5.574999999999999956e-01 -9.726099433024823156e+03
5.575999999999999845e-01 -9.728162425472080940e+03
5.576999999999999735e-01 -9.730212513337504788e+03
5.578000000000000735e-01 -9.732249962127232720e+03
5.579000000000000625e-01 -9.734275935479727195e+03
5.580000000000000515e-01 -9.736303497323158808e+03
5.581000000000000405e-01 -9.738336663837826563e+03
5.582000000000000295e-01 -9.740336716590150900e+03
5.583000000000000185e-01 -9.742326990546445813e+03
5.584000000000000075e-01 -9.744321485267601020e+03
5.584999999999999964e-01 -9.746316793590203815e+03
5.585999999999999854e-01 -9.748313016101265021e+03
5.586999999999999744e-01 -9.750310447833380749e+03
5.588000000000000744e-01 -9.752311211108128191e+03
5.589000000000000634e-01 -9.754311197543838716e+03
5.590000000000000524e-01 -9.756313911991086570e+03
5.591000000000000414e-01 -9.758319899328020256e+03
5.592000000000000304e-01 -9.760338606637125849e+03
5.593000000000000194e-01 -9.762359724729521986e+03
5.594000000000000083e-01 -9.764384852085831881e+03
5.594999999999999973e-01 -9.766415292397234225e+03
5.595999999999999863e-01 -9.768454033047812118e+03
5.596999999999999753e-01 -9.770497581213996455e+03
5.598000000000000753e-01 -9.772545567534454676e+03
5.599000000000000643e-01 -9.774597431524905915e+03
5.600000000000000533e-01 -9.776651525699480771e+03
5.601000000000000423e-01 -9.778719253320743519e+03
5.602000000000000313e-01 -9.780831136416622030e+03
5.603000000000000203e-01 -9.782985142181467381e+03
5.604000000000000092e-01 -9.785171300285788675e+03
5.604999999999999982e-01 -9.787380917552442043e+03
5.605999999999999872e-01 -9.789607597402518877e+03
5.606999999999999762e-01 -9.791846764298265043e+03
5.608000000000000762e-01 -9.794094771158206640e+03
5.609000000000000652e-01 -9.796346651221339926e+03
5.610000000000000542e-01 -9.798605525614406361e+03
5.611000000000000432e-01 -9.800869354340926293e+03
5.612000000000000322e-01 -9.803135926538554486e+03
5.613000000000000211e-01 -9.805403257125717573e+03
5.614000000000000101e-01 -9.807672931481207343e+03
5.614999999999999991e-01 -9.809946634437919784e+03
5.615999999999999881e-01 -9.812224123104069804e+03
5.616999999999999771e-01 -9.814505812190836878e+03
5.618000000000000771e-01 -9.816791521982751874e+03
5.619000000000000661e-01 -9.819081191334560572e+03
5.620000000000000551e-01 -9.821374148267446799e+03
5.621000000000000441e-01 -9.823669546722698215e+03
5.622000000000000330e-01 -9.825966627093186617e+03
5.623000000000000220e-01 -9.828265329136214859e+03
5.624000000000000110e-01 -9.830564522304015554e+03
5.625000000000000000e-01 -9.832863304834971132e+03
5.625999999999999890e-01 -9.835162244772465783e+03
5.626999999999999780e-01 -9.837462341047541486e+03
5.628000000000000780e-01 -9.839761489445536427e+03
5.629000000000000670e-01 -9.842060520392007675e+03
5.630000000000000560e-01 -9.844359713024148732e+03
5.631000000000000449e-01 -9.846659141378344430e+03
5.632000000000000339e-01 -9.848958930309767311e+03
5.633000000000000229e-01 -9.851259533533315334e+03
5.634000000000000119e-01 -9.853561643817749427e+03
5.635000000000000009e-01 -9.855864446322979347e+03
5.635999999999999899e-01 -9.858168095660124891e+03
5.636999999999999789e-01 -9.860472421475404190e+03
5.638000000000000789e-01 -9.862777992336097668e+03
5.639000000000000679e-01 -9.865086146055671634e+03
5.640000000000000568e-01 -9.867395758761353136e+03
5.641000000000000458e-01 -9.869705778106881553e+03
5.642000000000000348e-01 -9.872018419529680614e+03
5.643000000000000238e-01 -9.874334165221967851e+03
5.644000000000000128e-01 -9.876650098006357439e+03
5.645000000000000018e-01 -9.878967409228678662e+03
5.645999999999999908e-01 -9.881286766313791304e+03
5.646999999999999797e-01 -9.883609689676142807e+03
5.648000000000000798e-01 -9.885938680162451419e+03
5.649000000000000687e-01 -9.888275148903185254e+03
5.650000000000000577e-01 -9.890622454829612252e+03
5.651000000000000467e-01 -9.892982983242756745e+03
5.652000000000000357e-01 -9.895357737740514494e+03
5.653000000000000247e-01 -9.897746492763615606e+03
5.654000000000000137e-01 -9.900148484686300435e+03
5.655000000000000027e-01 -9.902563751004106962e+03
5.655999999999999917e-01 -9.904993389564333484e+03
5.656999999999999806e-01 -9.907438772571840673e+03
5.658000000000000806e-01 -9.909908443574129706e+03
5.659000000000000696e-01 -9.912408461922779679e+03
5.660000000000000586e-01 -9.914940140575243277e+03
5.661000000000000476e-01 -9.917503072443591009e+03
5.662000000000000366e-01 -9.920096604801539797e+03
5.663000000000000256e-01 -9.922720406725455177e+03
5.664000000000000146e-01 -9.925373127685792497e+03
5.665000000000000036e-01 -9.928054363751130950e+03
5.665999999999999925e-01 -9.930766679358119291e+03
5.666999999999999815e-01 -9.933513114344450514e+03
5.668000000000000815e-01 -9.936301168610432796e+03
5.669000000000000705e-01 -9.939148576081905048e+03
5.670000000000000595e-01 -9.942067714390837864e+03
5.671000000000000485e-01 -9.945061532822988738e+03
5.672000000000000375e-01 -9.948127607806154629e+03
5.673000000000000265e-01 -9.951261644471820546e+03
5.674000000000000155e-01 -9.954475493189453118e+03
5.675000000000000044e-01 -9.957762729551746816e+03
5.675999999999999934e-01 -9.961157844755518454e+03
5.676999999999999824e-01 -9.964761489101132611e+03
5.678000000000000824e-01 -9.968623818780866713e+03
5.679000000000000714e-01 -9.972651775523752804e+03
5.680000000000000604e-01 -9.976750743017486457e+03
5.681000000000000494e-01 -9.980993497225259489e+03
5.682000000000000384e-01 -9.985406621056070435e+03
5.683000000000000274e-01 -9.990013310386346348e+03
5.684000000000000163e-01 -9.994843164626214275e+03
5.685000000000000053e-01 -9.999922709361686429e+03
5.685999999999999943e-01 -1.000522206965363875e+04
5.686999999999999833e-01 -1.001080055411131070e+04
5.687999999999999723e-01 -1.001667376451114069e+04
5.689000000000000723e-01 -1.002289139811306450e+04
5.690000000000000613e-01 -1.002874290814683809e+04
5.691000000000000503e-01 -1.003256787006813283e+04
5.692000000000000393e-01 -1.003489420549167880e+04
5.693000000000000282e-01 -1.003694620164993285e+04
5.694000000000000172e-01 -1.003888053826203031e+04
5.695000000000000062e-01 -1.004071487771088141e+04
5.695999999999999952e-01 -1.004253831593723407e+04
5.696999999999999842e-01 -1.004441621126334212e+04
5.697999999999999732e-01 -1.004638629059659797e+04
5.699000000000000732e-01 -1.004845977958411459e+04
5.700000000000000622e-01 -1.005062346542717751e+04
5.701000000000000512e-01 -1.005284499267753381e+04
5.702000000000000401e-01 -1.005509093975863107e+04
5.703000000000000291e-01 -1.005733741409773393e+04
5.704000000000000181e-01 -1.005958481356634911e+04
5.705000000000000071e-01 -1.006184097631048826e+04
5.705999999999999961e-01 -1.006410011173392923e+04
5.706999999999999851e-01 -1.006637018305219863e+04
5.707999999999999741e-01 -1.006864760887178636e+04
5.709000000000000741e-01 -1.007092113007029184e+04
5.710000000000000631e-01 -1.007318404650247976e+04
5.711000000000000520e-01 -1.007543454802819906e+04
5.712000000000000410e-01 -1.007767457175132949e+04
5.713000000000000300e-01 -1.007991063423747255e+04
5.714000000000000190e-01 -1.008215207349354205e+04
5.715000000000000080e-01 -1.008440946637483285e+04
5.715999999999999970e-01 -1.008667736574392984e+04
5.716999999999999860e-01 -1.008894520385869691e+04
5.717999999999999750e-01 -1.009121024933541230e+04
5.719000000000000750e-01 -1.009347556658526446e+04
5.720000000000000639e-01 -1.009574250469687468e+04
5.721000000000000529e-01 -1.009801130796276811e+04
5.722000000000000419e-01 -1.010028180719975353e+04
5.723000000000000309e-01 -1.010255372868796803e+04
5.724000000000000199e-01 -1.010482681621541997e+04
5.725000000000000089e-01 -1.010710086543648868e+04
5.725999999999999979e-01 -1.010937568533678495e+04
5.726999999999999869e-01 -1.011165111147529205e+04
5.727999999999999758e-01 -1.011392697209308062e+04
5.729000000000000759e-01 -1.011620308769812436e+04
5.730000000000000648e-01 -1.011847928747748301e+04
5.731000000000000538e-01 -1.012075541887820145e+04
5.732000000000000428e-01 -1.012303135308224773e+04
5.733000000000000318e-01 -1.012530698793080228e+04
5.734000000000000208e-01 -1.012758224903920382e+04
5.735000000000000098e-01 -1.012985710720900170e+04
5.735999999999999988e-01 -1.013213168795889760e+04
5.736999999999999877e-01 -1.013440604632987197e+04
5.737999999999999767e-01 -1.013667964652378760e+04
5.739000000000000767e-01 -1.013895132531850322e+04
5.740000000000000657e-01 -1.014121993939641288e+04
5.741000000000000547e-01 -1.014348553105030805e+04
5.742000000000000437e-01 -1.014574803989462271e+04
5.743000000000000327e-01 -1.014800652159163292e+04
5.744000000000000217e-01 -1.015026051368768276e+04
5.745000000000000107e-01 -1.015251107036014400e+04
5.745999999999999996e-01 -1.015475977600682199e+04
5.746999999999999886e-01 -1.015700812518778002e+04
5.747999999999999776e-01 -1.015925724285273100e+04
5.749000000000000776e-01 -1.016150800078084285e+04
5.750000000000000666e-01 -1.016376110138957847e+04
5.751000000000000556e-01 -1.016601697026315924e+04
5.752000000000000446e-01 -1.016827588057300090e+04
5.753000000000000336e-01 -1.017053800878381298e+04
5.754000000000000226e-01 -1.017280345604367903e+04
5.755000000000000115e-01 -1.017507226147870279e+04
5.756000000000000005e-01 -1.017734441389587118e+04
5.756999999999999895e-01 -1.017961962034058160e+04
5.757999999999999785e-01 -1.018189599555968744e+04
5.759000000000000785e-01 -1.018417061141643171e+04
5.760000000000000675e-01 -1.018644383026736068e+04
5.761000000000000565e-01 -1.018871640755638145e+04
5.762000000000000455e-01 -1.019098855557700881e+04
5.763000000000000345e-01 -1.019326017083529950e+04
5.764000000000000234e-01 -1.019553028143793745e+04
5.765000000000000124e-01 -1.019779806127958182e+04
5.766000000000000014e-01 -1.020006528466153941e+04
5.766999999999999904e-01 -1.020233160578216484e+04
5.767999999999999794e-01 -1.020459692462247222e+04
5.769000000000000794e-01 -1.020686106864626163e+04
5.770000000000000684e-01 -1.020911857428433541e+04
5.771000000000000574e-01 -1.021135914066148871e+04
5.772000000000000464e-01 -1.021358552546438477e+04
5.773000000000000353e-01 -1.021580334895103442e+04
5.774000000000000243e-01 -1.021801586616167515e+04
5.775000000000000133e-01 -1.022022492808851166e+04
5.776000000000000023e-01 -1.022243163551232828e+04
5.776999999999999913e-01 -1.022463671231173248e+04
5.777999999999999803e-01 -1.022684075836590091e+04
5.779000000000000803e-01 -1.022904413699680117e+04
5.780000000000000693e-01 -1.023124712757707312e+04
5.781000000000000583e-01 -1.023345001597007649e+04
5.782000000000000473e-01 -1.023565309170486944e+04
5.783000000000000362e-01 -1.023785663395100710e+04
5.784000000000000252e-01 -1.024006089658555175e+04
5.785000000000000142e-01 -1.024226609435959290e+04
5.786000000000000032e-01 -1.024447239125313718e+04
5.786999999999999922e-01 -1.024667989204656442e+04
5.787999999999999812e-01 -1.024888863801651678e+04
5.789000000000000812e-01 -1.025109860730609580e+04
5.790000000000000702e-01 -1.025330971999317808e+04
5.791000000000000592e-01 -1.025552184729246983e+04
5.792000000000000481e-01 -1.025773482380634596e+04
5.793000000000000371e-01 -1.025994846140004483e+04
5.794000000000000261e-01 -1.026216275226333346e+04
5.795000000000000151e-01 -1.026437703076829530e+04
5.796000000000000041e-01 -1.026658994187039025e+04
5.796999999999999931e-01 -1.026880128776134188e+04
5.797999999999999821e-01 -1.027101122576425223e+04
5.799000000000000821e-01 -1.027322003356222376e+04
5.800000000000000711e-01 -1.027542821278613155e+04
5.801000000000000600e-01 -1.027762127470123960e+04
5.802000000000000490e-01 -1.027977090239669451e+04
5.803000000000000380e-01 -1.028187961689786243e+04
5.804000000000000270e-01 -1.028395702262678969e+04
5.805000000000000160e-01 -1.028601144843917791e+04
5.806000000000000050e-01 -1.028804908648431228e+04
5.806999999999999940e-01 -1.029007440711922391e+04
5.807999999999999829e-01 -1.029209064253956421e+04
5.809000000000000830e-01 -1.029410015263808964e+04
5.810000000000000719e-01 -1.029610467867953412e+04
5.811000000000000609e-01 -1.029810549774701394e+04
5.812000000000000499e-01 -1.030010361315829687e+04
5.813000000000000389e-01 -1.030209978789808702e+04
5.814000000000000279e-01 -1.030409458996389549e+04
5.815000000000000169e-01 -1.030608844799834151e+04
5.816000000000000059e-01 -1.030808198074568827e+04
5.816999999999999948e-01 -1.031007605503715422e+04
5.817999999999999838e-01 -1.031207085370654750e+04
5.818999999999999728e-01 -1.031406632249021095e+04
5.820000000000000728e-01 -1.031606239947592439e+04
5.821000000000000618e-01 -1.031805885420440973e+04
5.822000000000000508e-01 -1.032005589716589748e+04
5.823000000000000398e-01 -1.032205330758825039e+04
5.824000000000000288e-01 -1.032405075716714055e+04
5.825000000000000178e-01 -1.032604800910114682e+04
5.826000000000000068e-01 -1.032804571769445465e+04
5.826999999999999957e-01 -1.033004345737018957e+04
5.827999999999999847e-01 -1.033204132132095401e+04
5.828999999999999737e-01 -1.033403910567769890e+04
5.830000000000000737e-01 -1.033603543264593100e+04
5.831000000000000627e-01 -1.033803035181081214e+04
5.832000000000000517e-01 -1.034002420983457887e+04
5.833000000000000407e-01 -1.034201730778825186e+04
5.834000000000000297e-01 -1.034400978622724324e+04
5.835000000000000187e-01 -1.034600173540441756e+04
5.836000000000000076e-01 -1.034799321640535527e+04
5.836999999999999966e-01 -1.034998421175535441e+04
5.837999999999999856e-01 -1.035197459693669953e+04
5.838999999999999746e-01 -1.035396365433458595e+04
5.840000000000000746e-01 -1.035594990656080154e+04
5.841000000000000636e-01 -1.035793225175326552e+04
5.842000000000000526e-01 -1.035990869880833998e+04
5.843000000000000416e-01 -1.036188056567221247e+04
5.844000000000000306e-01 -1.036384881167683488e+04
5.845000000000000195e-01 -1.036581475657685405e+04
5.846000000000000085e-01 -1.036777853752558258e+04
5.846999999999999975e-01 -1.036973887908584402e+04
5.847999999999999865e-01 -1.037169695444623721e+04
5.848999999999999755e-01 -1.037365322007238501e+04
5.850000000000000755e-01 -1.037560787453710327e+04
5.851000000000000645e-01 -1.037756103789204462e+04
5.852000000000000535e-01 -1.037951280475659405e+04
5.853000000000000425e-01 -1.038146326102832791e+04
5.854000000000000314e-01 -1.038341248958504184e+04
5.855000000000000204e-01 -1.038536057236266424e+04
5.856000000000000094e-01 -1.038730759104638310e+04
5.856999999999999984e-01 -1.038925362274293002e+04
5.857999999999999874e-01 -1.039119870711915792e+04
5.858999999999999764e-01 -1.039314290815024106e+04
5.860000000000000764e-01 -1.039508631411148599e+04
5.861000000000000654e-01 -1.039702901147801458e+04
5.862000000000000544e-01 -1.039897107750279611e+04
5.863000000000000433e-01 -1.040091257758888241e+04
5.864000000000000323e-01 -1.040285341902336768e+04
5.865000000000000213e-01 -1.040479260936821993e+04
5.866000000000000103e-01 -1.040673220740722354e+04
5.866999999999999993e-01 -1.040867343194972818e+04
5.867999999999999883e-01 -1.041061733651197028e+04
5.868999999999999773e-01 -1.041256270653435604e+04
5.870000000000000773e-01 -1.041450952278324803e+04
5.871000000000000663e-01 -1.041645946957334854e+04
5.872000000000000552e-01 -1.041841806659231406e+04
5.873000000000000442e-01 -1.042037699916650672e+04
5.874000000000000332e-01 -1.042233920679752555e+04
5.875000000000000222e-01 -1.042430813713280986e+04
5.876000000000000112e-01 -1.042628497585090008e+04
5.877000000000000002e-01 -1.042825824495506458e+04
5.877999999999999892e-01 -1.043023391444680601e+04
5.878999999999999782e-01 -1.043221144956864373e+04
5.880000000000000782e-01 -1.043419056509562688e+04
5.881000000000000671e-01 -1.043617310895780065e+04
5.882000000000000561e-01 -1.043816003773971897e+04
5.883000000000000451e-01 -1.044014937025299332e+04
5.884000000000000341e-01 -1.044213590869060499e+04
5.885000000000000231e-01 -1.044411840547223437e+04
5.886000000000000121e-01 -1.044610027099697254e+04
5.887000000000000011e-01 -1.044808034266861250e+04
5.887999999999999901e-01 -1.045005750690544301e+04
5.888999999999999790e-01 -1.045203403136583074e+04
5.890000000000000790e-01 -1.045401135246586455e+04
5.891000000000000680e-01 -1.045599529138508115e+04
5.892000000000000570e-01 -1.045798004023437716e+04
5.893000000000000460e-01 -1.045995654586932505e+04
5.894000000000000350e-01 -1.046192557130328532e+04
5.895000000000000240e-01 -1.046389906823302044e+04
5.896000000000000130e-01 -1.046588610259579036e+04
5.897000000000000020e-01 -1.046788429036415801e+04
5.897999999999999909e-01 -1.046988613308037202e+04
5.898999999999999799e-01 -1.047188479369038032e+04
5.900000000000000799e-01 -1.047387758640067477e+04
5.901000000000000689e-01 -1.047586669554593391e+04
5.902000000000000579e-01 -1.047784943202987779e+04
5.903000000000000469e-01 -1.047982320743240598e+04
5.904000000000000359e-01 -1.048178772479882718e+04
5.905000000000000249e-01 -1.048374470655309960e+04
5.906000000000000139e-01 -1.048569492082750367e+04
5.907000000000000028e-01 -1.048763822275191887e+04
5.907999999999999918e-01 -1.048957618087383344e+04
5.908999999999999808e-01 -1.049151266238743119e+04
5.910000000000000808e-01 -1.049345322645283159e+04
5.911000000000000698e-01 -1.049539641569758896e+04
5.912000000000000588e-01 -1.049733797338430122e+04
5.913000000000000478e-01 -1.049927505010822279e+04
5.914000000000000368e-01 -1.050120721900146236e+04
5.915000000000000258e-01 -1.050313569399299195e+04
5.916000000000000147e-01 -1.050506217009329339e+04
5.917000000000000037e-01 -1.050698802065842028e+04
5.917999999999999927e-01 -1.050891399754510712e+04
5.918999999999999817e-01 -1.051084027953239820e+04
5.920000000000000817e-01 -1.051276665757637966e+04
5.921000000000000707e-01 -1.051469271266046053e+04
5.922000000000000597e-01 -1.051661792956417594e+04
5.923000000000000487e-01 -1.051854174439775670e+04
5.924000000000000377e-01 -1.052046355903136646e+04
5.925000000000000266e-01 -1.052238272087182304e+04
5.926000000000000156e-01 -1.052429846247214846e+04
5.927000000000000046e-01 -1.052620978476636446e+04
5.927999999999999936e-01 -1.052811484248351371e+04
5.928999999999999826e-01 -1.053000703368721042e+04
5.930000000000000826e-01 -1.053187453751288194e+04
5.931000000000000716e-01 -1.053369860614865320e+04
5.932000000000000606e-01 -1.053546076468287174e+04
5.933000000000000496e-01 -1.053715071092341714e+04
5.934000000000000385e-01 -1.053876083913733601e+04
5.935000000000000275e-01 -1.054028087038792182e+04
5.936000000000000165e-01 -1.054169605156443686e+04
5.937000000000000055e-01 -1.054298753543982457e+04
5.937999999999999945e-01 -1.054413544476551397e+04
5.938999999999999835e-01 -1.054512007280661965e+04
5.940000000000000835e-01 -1.054593349346843752e+04
5.941000000000000725e-01 -1.054659002524877360e+04
5.942000000000000615e-01 -1.054709777911541823e+04
5.943000000000000504e-01 -1.054745763768235884e+04
5.944000000000000394e-01 -1.054767015424927740e+04
5.945000000000000284e-01 -1.054773182500672374e+04
5.946000000000000174e-01 -1.054765884122813986e+04
5.947000000000000064e-01 -1.054752436360443062e+04
5.947999999999999954e-01 -1.054735653647745312e+04
5.948999999999999844e-01 -1.054717868352176083e+04
5.949999999999999734e-01 -1.054709067322020019e+04
5.951000000000000734e-01 -1.054721024143620343e+04
5.952000000000000624e-01 -1.054752151173163838e+04
5.953000000000000513e-01 -1.054801676230925477e+04
5.954000000000000403e-01 -1.054867776432382561e+04
5.955000000000000293e-01 -1.054952822355387798e+04
5.956000000000000183e-01 -1.055058730752821248e+04
5.957000000000000073e-01 -1.055182077716699678e+04
5.957999999999999963e-01 -1.055320121348199245e+04
5.958999999999999853e-01 -1.055469299052150745e+04
5.959999999999999742e-01 -1.055627078926885770e+04
5.961000000000000743e-01 -1.055792813548353661e+04
5.962000000000000632e-01 -1.055967522596552772e+04
5.963000000000000522e-01 -1.056148846378876806e+04
5.964000000000000412e-01 -1.056336211913934858e+04
5.965000000000000302e-01 -1.056529058255298150e+04
5.966000000000000192e-01 -1.056725223056789946e+04
5.967000000000000082e-01 -1.056923934640359039e+04
5.967999999999999972e-01 -1.057126045381129734e+04
5.968999999999999861e-01 -1.057329070106636755e+04
5.969999999999999751e-01 -1.057532488311245470e+04
5.971000000000000751e-01 -1.057738846696484688e+04
5.972000000000000641e-01 -1.057945719951344108e+04
5.973000000000000531e-01 -1.058152164540804552e+04
5.974000000000000421e-01 -1.058357850730212340e+04
5.975000000000000311e-01 -1.058562800172251627e+04
5.976000000000000201e-01 -1.058766591033080294e+04
5.977000000000000091e-01 -1.058969518443627567e+04
5.977999999999999980e-01 -1.059172606707042723e+04
5.978999999999999870e-01 -1.059375311938741652e+04
5.979999999999999760e-01 -1.059577522296680581e+04
5.981000000000000760e-01 -1.059779273008347991e+04
5.982000000000000650e-01 -1.059980630438805929e+04
5.983000000000000540e-01 -1.060181659598469560e+04
5.984000000000000430e-01 -1.060382418135627813e+04
5.985000000000000320e-01 -1.060582956934555841e+04
5.986000000000000210e-01 -1.060783321488139518e+04
5.987000000000000099e-01 -1.060983552764105843e+04
5.987999999999999989e-01 -1.061183687585483676e+04
5.988999999999999879e-01 -1.061383758788536761e+04
5.989999999999999769e-01 -1.061583795352163361e+04
5.991000000000000769e-01 -1.061783822582165703e+04
5.992000000000000659e-01 -1.061983862353947734e+04
5.993000000000000549e-01 -1.062183933379377049e+04
5.994000000000000439e-01 -1.062384051460074443e+04
5.995000000000000329e-01 -1.062584229702774246e+04
5.996000000000000218e-01 -1.062784478690183460e+04
5.997000000000000108e-01 -1.062984806613971887e+04
5.997999999999999998e-01 -1.063185222663016248e+04
5.998999999999999888e-01 -1.063385826203193210e+04
5.999999999999999778e-01 -1.063586866709456262e+04
6.001000000000000778e-01 -1.063971719833231509e+04
6.002000000000000668e-01 -1.064470554302846176e+04
6.003000000000000558e-01 -1.064997424479627443e+04
6.004000000000000448e-01 -1.065554361059707117e+04
6.005000000000000338e-01 -1.066172987344614558e+04
6.006000000000000227e-01 -1.066877119334019517e+04
6.007000000000000117e-01 -1.067634874021051837e+04
6.008000000000000007e-01 -1.068447982680049972e+04
6.008999999999999897e-01 -1.069308125055387063e+04
6.009999999999999787e-01 -1.070044799177741334e+04
6.011000000000000787e-01 -1.070533213537823212e+04
6.012000000000000677e-01 -1.070890029561730444e+04
6.013000000000000567e-01 -1.071174436943758519e+04
6.014000000000000457e-01 -1.071401167694436481e+04
6.015000000000000346e-01 -1.071574153037157885e+04
6.016000000000000236e-01 -1.071753883518762268e+04
6.017000000000000126e-01 -1.072004536074000680e+04
6.018000000000000016e-01 -1.072293795825407506e+04
6.018999999999999906e-01 -1.072548634106185818e+04
6.019999999999999796e-01 -1.072749625095872398e+04
6.021000000000000796e-01 -1.072914581397029542e+04
6.022000000000000686e-01 -1.073059777048780597e+04
6.023000000000000576e-01 -1.073195446581723809e+04
6.024000000000000465e-01 -1.073328150657514198e+04
6.025000000000000355e-01 -1.073462791398182708e+04
6.026000000000000245e-01 -1.073603445775502223e+04
6.027000000000000135e-01 -1.073752214051973897e+04
6.028000000000000025e-01 -1.073909966321118554e+04
6.028999999999999915e-01 -1.074076238151793950e+04
6.029999999999999805e-01 -1.074249209869099832e+04
6.031000000000000805e-01 -1.074426898391650502e+04
6.032000000000000695e-01 -1.074607036357796460e+04
6.033000000000000584e-01 -1.074787213351356513e+04
6.034000000000000474e-01 -1.074965256335392951e+04
6.035000000000000364e-01 -1.075139158483032588e+04
6.036000000000000254e-01 -1.075306947921202300e+04
6.037000000000000144e-01 -1.075466582743635081e+04
6.038000000000000034e-01 -1.075616642589404910e+04
6.038999999999999924e-01 -1.075755876824157713e+04
6.039999999999999813e-01 -1.075883044373476150e+04
6.041000000000000814e-01 -1.075997094897012539e+04
6.042000000000000703e-01 -1.076097233053732089e+04
6.043000000000000593e-01 -1.076182892041068226e+04
6.044000000000000483e-01 -1.076253696335879977e+04
6.045000000000000373e-01 -1.076309489963102533e+04
6.046000000000000263e-01 -1.076350914491915137e+04
6.047000000000000153e-01 -1.076382308571338399e+04
6.048000000000000043e-01 -1.076406807492794178e+04
6.048999999999999932e-01 -1.076426135046721720e+04
6.049999999999999822e-01 -1.076443762011743092e+04
6.051000000000000822e-01 -1.076464339875445694e+04
6.052000000000000712e-01 -1.076496666111185186e+04
6.053000000000000602e-01 -1.076544625354951313e+04
6.054000000000000492e-01 -1.076608618367062627e+04
6.055000000000000382e-01 -1.076684966970190726e+04
6.056000000000000272e-01 -1.076773169830017832e+04
6.057000000000000162e-01 -1.076876195390304929e+04
6.058000000000000052e-01 -1.076996504304309019e+04
6.058999999999999941e-01 -1.077132221549939277e+04
6.059999999999999831e-01 -1.077280446109865261e+04
6.061000000000000831e-01 -1.077438418759733213e+04
6.062000000000000721e-01 -1.077602499462432024e+04
6.063000000000000611e-01 -1.077773409067364628e+04
6.064000000000000501e-01 -1.077950301477004905e+04
6.065000000000000391e-01 -1.078131972962607506e+04
6.066000000000000281e-01 -1.078317947404924053e+04
6.067000000000000171e-01 -1.078505928541369030e+04
6.068000000000000060e-01 -1.078697163109534449e+04
6.068999999999999950e-01 -1.078893442878120186e+04
6.069999999999999840e-01 -1.079092700055625573e+04
6.071000000000000840e-01 -1.079293589331440126e+04
6.072000000000000730e-01 -1.079495324208142119e+04
6.073000000000000620e-01 -1.079697633008121375e+04
6.074000000000000510e-01 -1.079900235020138462e+04
6.075000000000000400e-01 -1.080102850370436681e+04
6.076000000000000290e-01 -1.080305997410503733e+04
6.077000000000000179e-01 -1.080509086510472298e+04
6.078000000000000069e-01 -1.080711878145357150e+04
6.078999999999999959e-01 -1.080914330335752675e+04
6.079999999999999849e-01 -1.081116464980939963e+04
6.080999999999999739e-01 -1.081318175847593739e+04
6.082000000000000739e-01 -1.081519508632305951e+04
6.083000000000000629e-01 -1.081720901773407786e+04
6.084000000000000519e-01 -1.081922320749002029e+04
6.085000000000000409e-01 -1.082123733905737572e+04
6.086000000000000298e-01 -1.082325147356622256e+04
6.087000000000000188e-01 -1.082526596736407555e+04
6.088000000000000078e-01 -1.082718322648745198e+04
6.088999999999999968e-01 -1.082844715719526721e+04
6.089999999999999858e-01 -1.082933875510572761e+04
6.090999999999999748e-01 -1.083029127629829418e+04
6.092000000000000748e-01 -1.083143972726853826e+04
6.093000000000000638e-01 -1.083278201122038990e+04
6.094000000000000528e-01 -1.083428009493111858e+04
6.095000000000000417e-01 -1.083590356667951528e+04
6.096000000000000307e-01 -1.083762943826791525e+04
6.097000000000000197e-01 -1.083943259228856004e+04
6.098000000000000087e-01 -1.084129168744418712e+04
6.098999999999999977e-01 -1.084319103123914283e+04
6.099999999999999867e-01 -1.084511956736845605e+04
6.100999999999999757e-01 -1.084708355379692330e+04
6.102000000000000757e-01 -1.084911206668434897e+04
6.103000000000000647e-01 -1.085120306415250343e+04
6.104000000000000536e-01 -1.085334359096065964e+04
6.105000000000000426e-01 -1.085552114337157764e+04
6.106000000000000316e-01 -1.085772597230048268e+04
6.107000000000000206e-01 -1.085995093518883368e+04
6.108000000000000096e-01 -1.086219088242886210e+04
6.108999999999999986e-01 -1.086444209842409327e+04
6.109999999999999876e-01 -1.086670188812075867e+04
6.110999999999999766e-01 -1.086896829041228375e+04
6.112000000000000766e-01 -1.087123988275816373e+04
6.113000000000000655e-01 -1.087351566936583004e+04
6.114000000000000545e-01 -1.087579503652566018e+04
6.115000000000000435e-01 -1.087807734416569474e+04
6.116000000000000325e-01 -1.088036261757829925e+04
6.117000000000000215e-01 -1.088265281921688984e+04
6.118000000000000105e-01 -1.088494951032997051e+04
6.118999999999999995e-01 -1.088725228895059081e+04
6.119999999999999885e-01 -1.088956028951763801e+04
6.120999999999999774e-01 -1.089187266400918998e+04
6.122000000000000774e-01 -1.089405226001178016e+04
6.123000000000000664e-01 -1.089579538411397698e+04
6.124000000000000554e-01 -1.089745684141177844e+04
6.125000000000000444e-01 -1.089920465579293705e+04
6.126000000000000334e-01 -1.090107203134845440e+04
6.127000000000000224e-01 -1.090304608683167316e+04
6.128000000000000114e-01 -1.090510422220759392e+04
6.129000000000000004e-01 -1.090722733281098954e+04
6.129999999999999893e-01 -1.090939854946041487e+04
6.130999999999999783e-01 -1.091160524591245303e+04
6.132000000000000783e-01 -1.091383882882189027e+04
6.133000000000000673e-01 -1.091609310706086035e+04
6.134000000000000563e-01 -1.091836387825430575e+04
6.135000000000000453e-01 -1.092064816459314716e+04
6.136000000000000343e-01 -1.092294379433011454e+04
6.137000000000000233e-01 -1.092524913675899370e+04
6.138000000000000123e-01 -1.092756294847755817e+04
6.139000000000000012e-01 -1.092988448598418836e+04
6.139999999999999902e-01 -1.093221447928954331e+04
6.140999999999999792e-01 -1.093455345733763897e+04
6.142000000000000792e-01 -1.093690084353464226e+04
6.143000000000000682e-01 -1.093925585348959248e+04
6.144000000000000572e-01 -1.094161792482261626e+04
6.145000000000000462e-01 -1.094398667533048683e+04
6.146000000000000352e-01 -1.094636208611097209e+04
6.147000000000000242e-01 -1.094874500513990097e+04
6.148000000000000131e-01 -1.095114144742460303e+04
6.149000000000000021e-01 -1.095355458840663414e+04
6.149999999999999911e-01 -1.095598467512339994e+04
6.150999999999999801e-01 -1.095843157182328105e+04
6.152000000000000801e-01 -1.096089530080863733e+04
6.153000000000000691e-01 -1.096337612802077638e+04
6.154000000000000581e-01 -1.096587449310177726e+04
6.155000000000000471e-01 -1.096839058559310433e+04
6.156000000000000361e-01 -1.097092148668286791e+04
6.157000000000000250e-01 -1.097346551014090801e+04
6.158000000000000140e-01 -1.097602712136324590e+04
6.159000000000000030e-01 -1.097859983180148447e+04
6.159999999999999920e-01 -1.098119453478406103e+04
6.160999999999999810e-01 -1.098381079892925118e+04
6.162000000000000810e-01 -1.098644514749419250e+04
6.163000000000000700e-01 -1.098911120206285705e+04
6.164000000000000590e-01 -1.099180729161356430e+04
6.165000000000000480e-01 -1.099453287572629051e+04
6.166000000000000369e-01 -1.099729752284106507e+04
6.167000000000000259e-01 -1.100010878086474804e+04
6.168000000000000149e-01 -1.100284975044894054e+04
6.169000000000000039e-01 -1.100539304729404103e+04
6.169999999999999929e-01 -1.100787918493084726e+04
6.170999999999999819e-01 -1.101041598293339484e+04
6.172000000000000819e-01 -1.101306570009569077e+04
6.173000000000000709e-01 -1.101593929915091940e+04
6.174000000000000599e-01 -1.101890359198590704e+04
6.175000000000000488e-01 -1.102169901523275075e+04
6.176000000000000378e-01 -1.102455103033813430e+04
6.177000000000000268e-01 -1.102773081601990270e+04
6.178000000000000158e-01 -1.103107836316442445e+04
6.179000000000000048e-01 -1.103449389327468270e+04
6.179999999999999938e-01 -1.103800905263728964e+04
6.180999999999999828e-01 -1.104178675228271095e+04
6.182000000000000828e-01 -1.104562310232761411e+04
6.183000000000000718e-01 -1.104957958754223546e+04
6.184000000000000608e-01 -1.105377229123736106e+04
6.185000000000000497e-01 -1.105818882101778945e+04
6.186000000000000387e-01 -1.106283909070005757e+04
6.187000000000000277e-01 -1.106779881377972742e+04
6.188000000000000167e-01 -1.107314180545428280e+04
6.189000000000000057e-01 -1.107882815848971768e+04
6.189999999999999947e-01 -1.108443681934305641e+04
6.190999999999999837e-01 -1.108838863011775356e+04
6.192000000000000837e-01 -1.109065677580498777e+04
6.193000000000000727e-01 -1.109241012145497916e+04
6.194000000000000616e-01 -1.109417641091825135e+04
6.195000000000000506e-01 -1.109597742921923054e+04
6.196000000000000396e-01 -1.109784036261875190e+04
6.197000000000000286e-01 -1.109980427931590202e+04
6.198000000000000176e-01 -1.110190785672317543e+04
6.199000000000000066e-01 -1.110415803862367829e+04
6.199999999999999956e-01 -1.110652230190380760e+04
6.200999999999999845e-01 -1.110894831449591584e+04
6.202000000000000846e-01 -1.111138502354891898e+04
6.203000000000000735e-01 -1.111378776612620641e+04
6.204000000000000625e-01 -1.111614288328347902e+04
6.205000000000000515e-01 -1.111846016932591738e+04
6.206000000000000405e-01 -1.112075570760268783e+04
6.207000000000000295e-01 -1.112304241849685786e+04
6.208000000000000185e-01 -1.112532845518614704e+04
6.209000000000000075e-01 -1.112762016798060540e+04
6.209999999999999964e-01 -1.112991422412971588e+04
6.210999999999999854e-01 -1.113220670657289520e+04
6.211999999999999744e-01 -1.113449699315273028e+04
6.213000000000000744e-01 -1.113678456994602311e+04
6.214000000000000634e-01 -1.113907018305585007e+04
6.215000000000000524e-01 -1.114135495723943859e+04
6.216000000000000414e-01 -1.114364257037568495e+04
6.217000000000000304e-01 -1.114593680057488928e+04
6.218000000000000194e-01 -1.114824026406695157e+04
6.219000000000000083e-01 -1.115055350063978767e+04
6.219999999999999973e-01 -1.115287546110874973e+04
6.220999999999999863e-01 -1.115520560143022340e+04
6.221999999999999753e-01 -1.115754427420114189e+04
6.223000000000000753e-01 -1.115989203077222919e+04
6.224000000000000643e-01 -1.116224928417991578e+04
6.225000000000000533e-01 -1.116461625263194037e+04
6.226000000000000423e-01 -1.116699299167919344e+04
6.227000000000000313e-01 -1.116937910715213729e+04
6.228000000000000203e-01 -1.117177324991330715e+04
6.229000000000000092e-01 -1.117417600990171741e+04
6.229999999999999982e-01 -1.117658658192295661e+04
6.230999999999999872e-01 -1.117900325295161019e+04
6.231999999999999762e-01 -1.118142157155157111e+04
6.233000000000000762e-01 -1.118382653060996381e+04
6.234000000000000652e-01 -1.118621213752693075e+04
6.235000000000000542e-01 -1.118859598776047824e+04
6.236000000000000432e-01 -1.119097140076678443e+04
6.237000000000000322e-01 -1.119326880069340223e+04
6.238000000000000211e-01 -1.119544261676461974e+04
6.239000000000000101e-01 -1.119757706492553189e+04
6.239999999999999991e-01 -1.119972462532680220e+04
6.240999999999999881e-01 -1.120190063037279288e+04
6.241999999999999771e-01 -1.120410114753416019e+04
6.243000000000000771e-01 -1.120631646325460497e+04
6.244000000000000661e-01 -1.120853788842994800e+04
6.245000000000000551e-01 -1.121075994674088361e+04
6.246000000000000441e-01 -1.121298009865352651e+04
6.247000000000000330e-01 -1.121519781475876516e+04
6.248000000000000220e-01 -1.121741409586423470e+04
6.249000000000000110e-01 -1.121962975906603788e+04
6.250000000000000000e-01 -1.122184420467865311e+04
6.250999999999999890e-01 -1.122405763817367006e+04
6.251999999999999780e-01 -1.122627034574724712e+04
6.253000000000000780e-01 -1.122848218783931407e+04
6.254000000000000670e-01 -1.123069261741090304e+04
6.255000000000000560e-01 -1.123290099394911522e+04
6.256000000000000449e-01 -1.123510691460197813e+04
6.257000000000000339e-01 -1.123730993369033604e+04
6.258000000000000229e-01 -1.123951017173832588e+04
6.259000000000000119e-01 -1.124170883799463627e+04
6.260000000000000009e-01 -1.124390705980482380e+04
6.260999999999999899e-01 -1.124610558255949036e+04
6.261999999999999789e-01 -1.124830468319090869e+04
6.263000000000000789e-01 -1.125050415694266485e+04
6.264000000000000679e-01 -1.125270416933921479e+04
6.265000000000000568e-01 -1.125490499483717576e+04
6.266000000000000458e-01 -1.125710651707645229e+04
6.267000000000000348e-01 -1.125930724838046990e+04
6.268000000000000238e-01 -1.126150626724451467e+04
6.269000000000000128e-01 -1.126370352493024984e+04
6.270000000000000018e-01 -1.126589902539214017e+04
6.270999999999999908e-01 -1.126809393625168377e+04
6.271999999999999797e-01 -1.127028930435019174e+04
6.273000000000000798e-01 -1.127248548681958528e+04
6.274000000000000687e-01 -1.127468232489675756e+04
6.275000000000000577e-01 -1.127688019665259344e+04
6.276000000000000467e-01 -1.127907958168961159e+04
6.277000000000000357e-01 -1.128127772674107109e+04
6.278000000000000247e-01 -1.128347337225918636e+04
6.279000000000000137e-01 -1.128566731468790931e+04
6.280000000000000027e-01 -1.128786042548092519e+04
6.280999999999999917e-01 -1.129005324076303441e+04
6.281999999999999806e-01 -1.129224604009174254e+04
6.283000000000000806e-01 -1.129443894994322000e+04
6.284000000000000696e-01 -1.129663200187876282e+04
6.285000000000000586e-01 -1.129882516596970891e+04
6.286000000000000476e-01 -1.130101837807849552e+04
6.287000000000000366e-01 -1.130321156306728517e+04
6.288000000000000256e-01 -1.130540465112505262e+04
6.289000000000000146e-01 -1.130759796617714528e+04
6.290000000000000036e-01 -1.130979315059010150e+04
6.290999999999999925e-01 -1.131198827103508120e+04
6.291999999999999815e-01 -1.131418238533364820e+04
6.293000000000000815e-01 -1.131637544657255967e+04
6.294000000000000705e-01 -1.131856764408585514e+04
6.295000000000000595e-01 -1.132075911774517044e+04
6.296000000000000485e-01 -1.132295005703206698e+04
6.297000000000000375e-01 -1.132514026731351078e+04
6.298000000000000265e-01 -1.132732979186954617e+04
6.299000000000000155e-01 -1.132951905108050960e+04
6.300000000000000044e-01 -1.133170823258509881e+04
6.300999999999999934e-01 -1.133388501626185825e+04
6.301999999999999824e-01 -1.133602484235272277e+04
6.303000000000000824e-01 -1.133813186069835137e+04
6.304000000000000714e-01 -1.134021493932871999e+04
6.305000000000000604e-01 -1.134228096787732466e+04
6.306000000000000494e-01 -1.134433404309271100e+04
6.307000000000000384e-01 -1.134637585570254123e+04
6.308000000000000274e-01 -1.134840860748461273e+04
6.309000000000000163e-01 -1.135043441508670549e+04
6.310000000000000053e-01 -1.135245491998743273e+04
6.310999999999999943e-01 -1.135447132750449055e+04
6.311999999999999833e-01 -1.135648452058683324e+04
6.313000000000000833e-01 -1.135849515984152458e+04
6.314000000000000723e-01 -1.136050375529764278e+04
6.315000000000000613e-01 -1.136251071367185796e+04
6.316000000000000503e-01 -1.136451636779524961e+04
6.317000000000000393e-01 -1.136652099407229616e+04
6.318000000000000282e-01 -1.136852482246910768e+04
6.319000000000000172e-01 -1.137052804225543514e+04
6.320000000000000062e-01 -1.137253080567001234e+04
6.320999999999999952e-01 -1.137453323084722433e+04
6.321999999999999842e-01 -1.137653540473363682e+04
6.323000000000000842e-01 -1.137853738628889369e+04
6.324000000000000732e-01 -1.138053931725772964e+04
6.325000000000000622e-01 -1.138254165952150834e+04
6.326000000000000512e-01 -1.138454602656547468e+04
6.327000000000000401e-01 -1.138655292477239163e+04
6.328000000000000291e-01 -1.138856199221808311e+04
6.329000000000000181e-01 -1.139057270628460537e+04
6.330000000000000071e-01 -1.139258442545372418e+04
6.330999999999999961e-01 -1.139459800617603469e+04
6.331999999999999851e-01 -1.139661456908050241e+04
6.333000000000000851e-01 -1.139863342081391966e+04
6.334000000000000741e-01 -1.140065357928168123e+04
6.335000000000000631e-01 -1.140267424208325247e+04
6.336000000000000520e-01 -1.140469482632320251e+04
6.337000000000000410e-01 -1.140671504593838836e+04
6.338000000000000300e-01 -1.140873474331245234e+04
6.339000000000000190e-01 -1.141075370726669644e+04
6.340000000000000080e-01 -1.141277087481887247e+04
6.340999999999999970e-01 -1.141478500045868168e+04
6.341999999999999860e-01 -1.141679573885082027e+04
6.342999999999999750e-01 -1.141880315798557422e+04
6.344000000000000750e-01 -1.142080792577865759e+04
6.345000000000000639e-01 -1.142281072268982643e+04
6.346000000000000529e-01 -1.142481207260732481e+04
6.347000000000000419e-01 -1.142681235016948267e+04
6.348000000000000309e-01 -1.142881206525563175e+04
6.349000000000000199e-01 -1.143081093440590303e+04
6.350000000000000089e-01 -1.143280973252578042e+04
6.350999999999999979e-01 -1.143480891483116284e+04
6.351999999999999869e-01 -1.143680850209331220e+04
6.352999999999999758e-01 -1.143880761431696374e+04
6.354000000000000759e-01 -1.144080530543634450e+04
6.355000000000000648e-01 -1.144280169837985159e+04
6.356000000000000538e-01 -1.144479686648629649e+04
6.357000000000000428e-01 -1.144679072287813324e+04
6.358000000000000318e-01 -1.144878405191351703e+04
6.359000000000000208e-01 -1.145077731725614831e+04
6.360000000000000098e-01 -1.145277057354164390e+04
6.360999999999999988e-01 -1.145476377775320179e+04
6.361999999999999877e-01 -1.145675651294022646e+04
6.362999999999999767e-01 -1.145874877844868752e+04
6.364000000000000767e-01 -1.146074102202592076e+04
6.365000000000000657e-01 -1.146273296056592335e+04
6.366000000000000547e-01 -1.146472450473721437e+04
6.367000000000000437e-01 -1.146671580356633240e+04
6.368000000000000327e-01 -1.146870707365920498e+04
6.369000000000000217e-01 -1.147069846761145891e+04
6.370000000000000107e-01 -1.147269007681820221e+04
6.370999999999999996e-01 -1.147468171578850524e+04
6.371999999999999886e-01 -1.147667290745003993e+04
6.372999999999999776e-01 -1.147866430617390688e+04
6.374000000000000776e-01 -1.148065620022512485e+04
6.375000000000000666e-01 -1.148264963298745533e+04
6.376000000000000556e-01 -1.148464220084540466e+04
6.377000000000000446e-01 -1.148663242726834869e+04
6.378000000000000336e-01 -1.148862178098317781e+04
6.379000000000000226e-01 -1.149061050683785106e+04
6.380000000000000115e-01 -1.149259691226609175e+04
6.381000000000000005e-01 -1.149457970795091751e+04
6.381999999999999895e-01 -1.149655880065329620e+04
6.382999999999999785e-01 -1.149853409622492472e+04
6.384000000000000785e-01 -1.150050574699982099e+04
6.385000000000000675e-01 -1.150247393816521253e+04
6.386000000000000565e-01 -1.150443876771192845e+04
6.387000000000000455e-01 -1.150640023660040970e+04
6.388000000000000345e-01 -1.150835826771823304e+04
6.389000000000000234e-01 -1.151031272511970019e+04
6.390000000000000124e-01 -1.151226341967594090e+04
6.391000000000000014e-01 -1.151421009902198057e+04
6.391999999999999904e-01 -1.151615236808856389e+04
6.392999999999999794e-01 -1.151808848145378943e+04
6.394000000000000794e-01 -1.152001588925972828e+04
6.395000000000000684e-01 -1.152193400987544919e+04
6.396000000000000574e-01 -1.152384186097418205e+04
6.397000000000000464e-01 -1.152573997705162583e+04
6.398000000000000353e-01 -1.152762795762339556e+04
6.399000000000000243e-01 -1.152950597834540713e+04
6.400000000000000133e-01 -1.153137530591902396e+04
6.401000000000000023e-01 -1.153324408024700460e+04
6.401999999999999913e-01 -1.153509144341417050e+04
6.402999999999999803e-01 -1.153692944977576553e+04
6.404000000000000803e-01 -1.153876791388901620e+04
6.405000000000000693e-01 -1.154060369132719643e+04
6.406000000000000583e-01 -1.154243331037062126e+04
6.407000000000000473e-01 -1.154428273962913954e+04
6.408000000000000362e-01 -1.154624319889018261e+04
6.409000000000000252e-01 -1.154827202825977292e+04
6.410000000000000142e-01 -1.155031167569277022e+04
6.411000000000000032e-01 -1.155234623854963684e+04
6.411999999999999922e-01 -1.155432759139258269e+04
6.412999999999999812e-01 -1.155622979654921255e+04
6.414000000000000812e-01 -1.155806459655802428e+04
6.415000000000000702e-01 -1.155986596674997236e+04
6.416000000000000592e-01 -1.156168075345437137e+04
6.417000000000000481e-01 -1.156353455544274766e+04
6.418000000000000371e-01 -1.156542234877357805e+04
6.419000000000000261e-01 -1.156732687438136418e+04
6.420000000000000151e-01 -1.156923693828971591e+04
6.421000000000000041e-01 -1.157116268224750638e+04
6.421999999999999931e-01 -1.157311419697125530e+04
6.422999999999999821e-01 -1.157508523508382859e+04
6.424000000000000821e-01 -1.157705119879797712e+04
6.425000000000000711e-01 -1.157897800012456901e+04
6.426000000000000600e-01 -1.158084014589475373e+04
6.427000000000000490e-01 -1.158262392883203029e+04
6.428000000000000380e-01 -1.158432015235484323e+04
6.429000000000000270e-01 -1.158591686973000651e+04
6.430000000000000160e-01 -1.158739815202532554e+04
6.431000000000000050e-01 -1.158873871937284093e+04
6.431999999999999940e-01 -1.158991193513992948e+04
6.432999999999999829e-01 -1.159089728740544342e+04
6.434000000000000830e-01 -1.159168046064128976e+04
6.435000000000000719e-01 -1.159225244214896338e+04
6.436000000000000609e-01 -1.159264092752287252e+04
6.437000000000000499e-01 -1.159286459491160167e+04
6.438000000000000389e-01 -1.159289597520218922e+04
6.439000000000000279e-01 -1.159272867434207728e+04
6.440000000000000169e-01 -1.159237834848130296e+04
6.441000000000000059e-01 -1.159187648037319013e+04
6.441999999999999948e-01 -1.159122163697825818e+04
6.442999999999999838e-01 -1.159059388102043886e+04
6.444000000000000838e-01 -1.159016157515229679e+04
6.445000000000000728e-01 -1.159005418583300889e+04
6.446000000000000618e-01 -1.159019769221248862e+04
6.447000000000000508e-01 -1.159062279515245245e+04
6.448000000000000398e-01 -1.159139920745790005e+04
6.449000000000000288e-01 -1.159247880776638340e+04
6.450000000000000178e-01 -1.159375380031007444e+04
6.451000000000000068e-01 -1.159509753846994681e+04
6.451999999999999957e-01 -1.159643474608851102e+04
6.452999999999999847e-01 -1.159768260398133498e+04
6.454000000000000847e-01 -1.159902999332533909e+04
6.455000000000000737e-01 -1.160054199705921019e+04
6.456000000000000627e-01 -1.160219449837004322e+04
6.457000000000000517e-01 -1.160389684867384676e+04
6.458000000000000407e-01 -1.160568722020910718e+04
6.459000000000000297e-01 -1.160753701884604016e+04
6.460000000000000187e-01 -1.160941333993258741e+04
6.461000000000000076e-01 -1.161132707613770071e+04
6.461999999999999966e-01 -1.161327567797528536e+04
6.462999999999999856e-01 -1.161525086367848962e+04
6.464000000000000856e-01 -1.161723768399416986e+04
6.465000000000000746e-01 -1.161923883937774372e+04
6.466000000000000636e-01 -1.162124906574840861e+04
6.467000000000000526e-01 -1.162326422215484308e+04
6.468000000000000416e-01 -1.162529926676850300e+04
6.469000000000000306e-01 -1.162734757806702873e+04
6.470000000000000195e-01 -1.162939233057009187e+04
6.471000000000000085e-01 -1.163141672565026965e+04
6.471999999999999975e-01 -1.163341592479840256e+04
6.472999999999999865e-01 -1.163539622656768734e+04
6.474000000000000865e-01 -1.163736667483999008e+04
6.475000000000000755e-01 -1.163933853357249973e+04
6.476000000000000645e-01 -1.164131639488933251e+04
6.477000000000000535e-01 -1.164330316566855254e+04
6.478000000000000425e-01 -1.164529543141998329e+04
6.479000000000000314e-01 -1.164728987889616837e+04
6.480000000000000204e-01 -1.164929079290897425e+04
6.481000000000000094e-01 -1.165129720211381209e+04
6.481999999999999984e-01 -1.165330492926271472e+04
6.482999999999999874e-01 -1.165531325604979429e+04
6.483999999999999764e-01 -1.165732351100601045e+04
6.485000000000000764e-01 -1.165933575139358618e+04
6.486000000000000654e-01 -1.166134455464602615e+04
6.487000000000000544e-01 -1.166334511226251925e+04
6.488000000000000433e-01 -1.166534036828723947e+04
6.489000000000000323e-01 -1.166733245607479694e+04
6.490000000000000213e-01 -1.166932242709710772e+04
6.491000000000000103e-01 -1.167130960922101985e+04
6.491999999999999993e-01 -1.167329462842153043e+04
6.492999999999999883e-01 -1.167528024340315278e+04
6.493999999999999773e-01 -1.167726825103210467e+04
6.495000000000000773e-01 -1.167925830911113371e+04
6.496000000000000663e-01 -1.168124493426724985e+04
6.497000000000000552e-01 -1.168323238947361097e+04
6.498000000000000442e-01 -1.168522085347799657e+04
6.499000000000000332e-01 -1.168721099261552263e+04
6.500000000000000222e-01 -1.168920582889369689e+04
6.501000000000000112e-01 -1.169308794444455270e+04
6.502000000000000002e-01 -1.169854983619055565e+04
6.502999999999999892e-01 -1.170463335455203014e+04
6.503999999999999782e-01 -1.171110291960675568e+04
6.505000000000000782e-01 -1.171806383546548386e+04
6.506000000000000671e-01 -1.172584825281213489e+04
6.507000000000000561e-01 -1.173410111588342079e+04
6.508000000000000451e-01 -1.174194503847304077e+04
6.509000000000000341e-01 -1.174795475578136211e+04
6.510000000000000231e-01 -1.175280379404028281e+04
6.511000000000000121e-01 -1.175705162764417946e+04
6.512000000000000011e-01 -1.176091672283329899e+04
6.512999999999999901e-01 -1.176453374985722621e+04
6.513999999999999790e-01 -1.176799794989050679e+04
6.515000000000000790e-01 -1.177128424443487165e+04
6.516000000000000680e-01 -1.177428470007245960e+04
6.517000000000000570e-01 -1.177694711013382221e+04
6.518000000000000460e-01 -1.177935068059766490e+04
6.519000000000000350e-01 -1.178148575398447610e+04
6.520000000000000240e-01 -1.178329834634109466e+04
6.521000000000000130e-01 -1.178543072992446469e+04
6.522000000000000020e-01 -1.178842172288499387e+04
6.522999999999999909e-01 -1.179117971966142613e+04
6.523999999999999799e-01 -1.179335142145872669e+04
6.525000000000000799e-01 -1.179505968057123209e+04
6.526000000000000689e-01 -1.179646152763121790e+04
6.527000000000000579e-01 -1.179766120619919093e+04
6.528000000000000469e-01 -1.179870934681242761e+04
6.529000000000000359e-01 -1.179960453231806423e+04
6.530000000000000249e-01 -1.180032846081110620e+04
6.531000000000000139e-01 -1.180088899054446847e+04
6.532000000000000028e-01 -1.180132969128459990e+04
6.532999999999999918e-01 -1.180171839372397153e+04
6.533999999999999808e-01 -1.180206800946514522e+04
6.535000000000000808e-01 -1.180234480739364335e+04
6.536000000000000698e-01 -1.180245161325025038e+04
6.537000000000000588e-01 -1.180237781119239662e+04
6.538000000000000478e-01 -1.180219200691484184e+04
6.539000000000000368e-01 -1.180194305185055418e+04
6.540000000000000258e-01 -1.180168578074249126e+04
6.541000000000000147e-01 -1.180145360994655130e+04
6.542000000000000037e-01 -1.180128918598841301e+04
6.542999999999999927e-01 -1.180127364104502703e+04
6.543999999999999817e-01 -1.180143134929038388e+04
6.545000000000000817e-01 -1.180175170913659349e+04
6.546000000000000707e-01 -1.180226294212569337e+04
6.547000000000000597e-01 -1.180302709359711480e+04
6.548000000000000487e-01 -1.180401600343243081e+04
6.549000000000000377e-01 -1.180518088418014304e+04
6.550000000000000266e-01 -1.180650116266817167e+04
6.551000000000000156e-01 -1.180795905180806221e+04
6.552000000000000046e-01 -1.180954860233529507e+04
6.552999999999999936e-01 -1.181126544330330034e+04
6.553999999999999826e-01 -1.181309790978932506e+04
6.555000000000000826e-01 -1.181501143077305642e+04
6.556000000000000716e-01 -1.181696609642079056e+04
6.557000000000000606e-01 -1.181894273653254822e+04
6.558000000000000496e-01 -1.182092830344293907e+04
6.559000000000000385e-01 -1.182290972622018853e+04
6.560000000000000275e-01 -1.182488097742516948e+04
6.561000000000000165e-01 -1.182685140123514975e+04
6.562000000000000055e-01 -1.182885550344659350e+04
6.562999999999999945e-01 -1.183087791200488391e+04
6.563999999999999835e-01 -1.183290531258766168e+04
6.565000000000000835e-01 -1.183495596344083424e+04
6.566000000000000725e-01 -1.183703610272940386e+04
6.567000000000000615e-01 -1.183912839297151004e+04
6.568000000000000504e-01 -1.184121132512898293e+04
6.569000000000000394e-01 -1.184326605743736400e+04
6.570000000000000284e-01 -1.184528819118849060e+04
6.571000000000000174e-01 -1.184728063281520190e+04
6.572000000000000064e-01 -1.184924367387121674e+04
6.572999999999999954e-01 -1.185118208610475813e+04
6.573999999999999844e-01 -1.185310252304947244e+04
6.575000000000000844e-01 -1.185501264785069725e+04
6.576000000000000734e-01 -1.185692138293000608e+04
6.577000000000000624e-01 -1.185884226094044971e+04
6.578000000000000513e-01 -1.186077959590760656e+04
6.579000000000000403e-01 -1.186273910418085688e+04
6.580000000000000293e-01 -1.186471034907184003e+04
6.581000000000000183e-01 -1.186669217664711323e+04
6.582000000000000073e-01 -1.186868264421115600e+04
6.582999999999999963e-01 -1.187067984066252029e+04
6.583999999999999853e-01 -1.187268200532903757e+04
6.585000000000000853e-01 -1.187468653176995394e+04
6.586000000000000743e-01 -1.187669316329674621e+04
6.587000000000000632e-01 -1.187870104853558405e+04
6.588000000000000522e-01 -1.188070860967676708e+04
6.589000000000000412e-01 -1.188271463532586313e+04
6.590000000000000302e-01 -1.188471839217865272e+04
6.591000000000000192e-01 -1.188671960457730711e+04
6.592000000000000082e-01 -1.188871836625336255e+04
6.592999999999999972e-01 -1.189071501745127534e+04
6.593999999999999861e-01 -1.189270775978335041e+04
6.595000000000000862e-01 -1.189469543485159556e+04
6.596000000000000751e-01 -1.189668668221126245e+04
6.597000000000000641e-01 -1.189866362742607635e+04
6.598000000000000531e-01 -1.190062557225605269e+04
6.599000000000000421e-01 -1.190258171905566087e+04
6.600000000000000311e-01 -1.190453960533794634e+04
6.601000000000000201e-01 -1.190651671923018876e+04
6.602000000000000091e-01 -1.190855148735817602e+04
6.602999999999999980e-01 -1.191065702883065205e+04
6.603999999999999870e-01 -1.191282723976933084e+04
6.605000000000000870e-01 -1.191504903221083259e+04
6.606000000000000760e-01 -1.191730855965361843e+04
6.607000000000000650e-01 -1.191959380508394315e+04
6.608000000000000540e-01 -1.192189549976777016e+04
6.609000000000000430e-01 -1.192420666586857806e+04
6.610000000000000320e-01 -1.192651749169913091e+04
6.611000000000000210e-01 -1.192882252859861183e+04
6.612000000000000099e-01 -1.193112155546703252e+04
6.612999999999999989e-01 -1.193341622940931666e+04
6.613999999999999879e-01 -1.193570814441344191e+04
6.614999999999999769e-01 -1.193799758441539052e+04
6.616000000000000769e-01 -1.194028894166881582e+04
6.617000000000000659e-01 -1.194258243238063551e+04
6.618000000000000549e-01 -1.194487733406277221e+04
6.619000000000000439e-01 -1.194717286565782342e+04
6.620000000000000329e-01 -1.194946875182322401e+04
6.621000000000000218e-01 -1.195176587263202236e+04
6.622000000000000108e-01 -1.195406364731541180e+04
6.622999999999999998e-01 -1.195636088598876086e+04
6.623999999999999888e-01 -1.195865537523055900e+04
6.624999999999999778e-01 -1.196094789559198398e+04
6.626000000000000778e-01 -1.196323951477245464e+04
6.627000000000000668e-01 -1.196553461078315195e+04
6.628000000000000558e-01 -1.196782755902221288e+04
6.629000000000000448e-01 -1.197011829974285683e+04
6.630000000000000338e-01 -1.197240846489569412e+04
6.631000000000000227e-01 -1.197469815553980152e+04
6.632000000000000117e-01 -1.197698777928929121e+04
6.633000000000000007e-01 -1.197928182177668896e+04
6.633999999999999897e-01 -1.198157945694795490e+04
6.634999999999999787e-01 -1.198388139426069938e+04
6.636000000000000787e-01 -1.198618776786166200e+04
6.637000000000000677e-01 -1.198849840496748402e+04
6.638000000000000567e-01 -1.199081472694005060e+04
6.639000000000000457e-01 -1.199313485072838557e+04
6.640000000000000346e-01 -1.199545763403708770e+04
6.641000000000000236e-01 -1.199778376457251579e+04
6.642000000000000126e-01 -1.200011346987666366e+04
6.643000000000000016e-01 -1.200244675475774238e+04
6.643999999999999906e-01 -1.200478344018018470e+04
6.644999999999999796e-01 -1.200712191912739945e+04
6.646000000000000796e-01 -1.200946561840530194e+04
6.647000000000000686e-01 -1.201181372947117961e+04
6.648000000000000576e-01 -1.201416694789970643e+04
6.649000000000000465e-01 -1.201638514883996504e+04
6.650000000000000355e-01 -1.201845744344843843e+04
6.651000000000000245e-01 -1.202024473884496547e+04
6.652000000000000135e-01 -1.202179081107900856e+04
6.653000000000000025e-01 -1.202334154314266743e+04
6.653999999999999915e-01 -1.202504986378493049e+04
6.654999999999999805e-01 -1.202696191886408087e+04
6.656000000000000805e-01 -1.202906346586825566e+04
6.657000000000000695e-01 -1.203132339529398450e+04
6.658000000000000584e-01 -1.203369865372293134e+04
6.659000000000000474e-01 -1.203615322630342598e+04
6.660000000000000364e-01 -1.203865542751963949e+04
6.661000000000000254e-01 -1.204118576150290028e+04
6.662000000000000144e-01 -1.204374391834696507e+04
6.663000000000000034e-01 -1.204633905229231277e+04
6.663999999999999924e-01 -1.204897379506666584e+04
6.664999999999999813e-01 -1.205164671308789548e+04
6.666000000000000814e-01 -1.205435677128471980e+04
6.667000000000000703e-01 -1.205711555022986067e+04
6.668000000000000593e-01 -1.205990863895756775e+04
6.669000000000000483e-01 -1.206276881973614945e+04
6.670000000000000373e-01 -1.206571771902377077e+04
6.671000000000000263e-01 -1.206875056825684624e+04
6.672000000000000153e-01 -1.207179403446982542e+04
6.673000000000000043e-01 -1.207480197190592662e+04
6.673999999999999932e-01 -1.207778093544141484e+04
6.674999999999999822e-01 -1.208076245970942909e+04
6.676000000000000822e-01 -1.208377972805341051e+04
6.677000000000000712e-01 -1.208686257024030419e+04
6.678000000000000602e-01 -1.209004776469257013e+04
6.679000000000000492e-01 -1.209336403253573008e+04
6.680000000000000382e-01 -1.209683932048376846e+04
6.681000000000000272e-01 -1.210048987637457685e+04
6.682000000000000162e-01 -1.210431798520215671e+04
6.683000000000000052e-01 -1.210832185279084297e+04
6.683999999999999941e-01 -1.211250569183943844e+04
6.684999999999999831e-01 -1.211689621134977097e+04
6.686000000000000831e-01 -1.212153806764128240e+04
6.687000000000000721e-01 -1.212648449978334429e+04
6.688000000000000611e-01 -1.213177297332490707e+04
6.689000000000000501e-01 -1.213742625621586376e+04
6.690000000000000391e-01 -1.214345959135148041e+04
6.691000000000000281e-01 -1.215000460884164204e+04
6.692000000000000171e-01 -1.215703141156196762e+04
6.693000000000000060e-01 -1.216385936864112955e+04
6.693999999999999950e-01 -1.216799413399630066e+04
6.694999999999999840e-01 -1.216985616878213295e+04
6.696000000000000840e-01 -1.217126632738682929e+04
6.697000000000000730e-01 -1.217304411490139864e+04
6.698000000000000620e-01 -1.217508280260160973e+04
6.699000000000000510e-01 -1.217711620118075552e+04
6.700000000000000400e-01 -1.217913949822008544e+04
6.701000000000000290e-01 -1.218120975905780142e+04
6.702000000000000179e-01 -1.218338067707541450e+04
6.703000000000000069e-01 -1.218565726428862763e+04
6.703999999999999959e-01 -1.218800821571427332e+04
6.704999999999999849e-01 -1.219039005578998331e+04
6.706000000000000849e-01 -1.219276697967602922e+04
6.707000000000000739e-01 -1.219511986043073375e+04
6.708000000000000629e-01 -1.219744292275667249e+04
6.709000000000000519e-01 -1.219981246450211984e+04
6.710000000000000409e-01 -1.220275303618021462e+04
6.711000000000000298e-01 -1.220617727566770918e+04
6.712000000000000188e-01 -1.220967965645812001e+04
6.713000000000000078e-01 -1.221297396943779859e+04
6.713999999999999968e-01 -1.221595911943353167e+04
6.714999999999999858e-01 -1.221870050729499053e+04
6.716000000000000858e-01 -1.222127248529316785e+04
6.717000000000000748e-01 -1.222372122094625229e+04
6.718000000000000638e-01 -1.222609028160805792e+04
6.719000000000000528e-01 -1.222841792959742816e+04
6.720000000000000417e-01 -1.223072907406362901e+04
6.721000000000000307e-01 -1.223303750648473397e+04
6.722000000000000197e-01 -1.223534813582306560e+04
6.723000000000000087e-01 -1.223766296891333332e+04
6.723999999999999977e-01 -1.223998238984360250e+04
6.724999999999999867e-01 -1.224230649698195339e+04
6.726000000000000867e-01 -1.224463531432800301e+04
6.727000000000000757e-01 -1.224697178722798162e+04
6.728000000000000647e-01 -1.224931259104745368e+04
6.729000000000000536e-01 -1.225165463332357649e+04
6.730000000000000426e-01 -1.225400056418995337e+04
6.731000000000000316e-01 -1.225635076198062598e+04
6.732000000000000206e-01 -1.225870491911275531e+04
6.733000000000000096e-01 -1.226106272656955298e+04
6.733999999999999986e-01 -1.226342455103405882e+04
6.734999999999999876e-01 -1.226578895941906922e+04
6.736000000000000876e-01 -1.226815025156386946e+04
6.737000000000000766e-01 -1.227050135463471815e+04
6.738000000000000655e-01 -1.227284346583178922e+04
6.739000000000000545e-01 -1.227517792087579073e+04
6.740000000000000435e-01 -1.227750871231457131e+04
6.741000000000000325e-01 -1.227983760270373568e+04
6.742000000000000215e-01 -1.228216363768219526e+04
6.743000000000000105e-01 -1.228448762842746692e+04
6.743999999999999995e-01 -1.228679931298470365e+04
6.744999999999999885e-01 -1.228911413167427963e+04
6.745999999999999774e-01 -1.229143297409393017e+04
6.747000000000000774e-01 -1.229374176322634958e+04
6.748000000000000664e-01 -1.229603428376384363e+04
6.749000000000000554e-01 -1.229827666950420644e+04
6.750000000000000444e-01 -1.230045437928501815e+04
6.751000000000000334e-01 -1.230261354233771090e+04
6.752000000000000224e-01 -1.230478897340896947e+04
6.753000000000000114e-01 -1.230697253630764681e+04
6.754000000000000004e-01 -1.230916753099210291e+04
6.754999999999999893e-01 -1.231137264643832714e+04
6.755999999999999783e-01 -1.231358237909566378e+04
6.757000000000000783e-01 -1.231579404188200169e+04
6.758000000000000673e-01 -1.231800716361208288e+04
6.759000000000000563e-01 -1.232022142849430929e+04
6.760000000000000453e-01 -1.232243666581098842e+04
6.761000000000000343e-01 -1.232465347825569734e+04
6.762000000000000233e-01 -1.232687223196524792e+04
6.763000000000000123e-01 -1.232909220368278147e+04
6.764000000000000012e-01 -1.233131205944794601e+04
6.764999999999999902e-01 -1.233353107869157975e+04
6.765999999999999792e-01 -1.233574886684881676e+04
6.767000000000000792e-01 -1.233796497430909585e+04
6.768000000000000682e-01 -1.234017736645429250e+04
6.769000000000000572e-01 -1.234238418476299194e+04
6.770000000000000462e-01 -1.234458257553408657e+04
6.771000000000000352e-01 -1.234678843783602861e+04
6.772000000000000242e-01 -1.234899482764253662e+04
6.773000000000000131e-01 -1.235120059730422508e+04
6.774000000000000021e-01 -1.235340619899710146e+04
6.774999999999999911e-01 -1.235561212462446383e+04
6.775999999999999801e-01 -1.235781867031466936e+04
6.777000000000000801e-01 -1.236002595557432505e+04
6.778000000000000691e-01 -1.236223397673501859e+04
6.779000000000000581e-01 -1.236444265150629144e+04
6.780000000000000471e-01 -1.236665185065632795e+04
6.781000000000000361e-01 -1.236886142072142320e+04
6.782000000000000250e-01 -1.237107120166692039e+04
6.783000000000000140e-01 -1.237328104158918359e+04
6.784000000000000030e-01 -1.237549100636999538e+04
6.784999999999999920e-01 -1.237770042892916717e+04
6.785999999999999810e-01 -1.237990957951085693e+04
6.787000000000000810e-01 -1.238211836049380145e+04
6.788000000000000700e-01 -1.238432682974181080e+04
6.789000000000000590e-01 -1.238653508164973027e+04
6.790000000000000480e-01 -1.238874320427976636e+04
6.791000000000000369e-01 -1.239095142230805868e+04
6.792000000000000259e-01 -1.239315968940923085e+04
6.793000000000000149e-01 -1.239536704383554388e+04
6.794000000000000039e-01 -1.239757436669637536e+04
6.794999999999999929e-01 -1.239978191092544330e+04
6.795999999999999819e-01 -1.240198968388491994e+04
6.797000000000000819e-01 -1.240419763408946346e+04
6.798000000000000709e-01 -1.240640571725032714e+04
6.799000000000000599e-01 -1.240861388678200819e+04
6.800000000000000488e-01 -1.241082209945432442e+04
6.801000000000000378e-01 -1.241301806436109837e+04
6.802000000000000268e-01 -1.241517664246588538e+04
6.803000000000000158e-01 -1.241730164347308710e+04
6.804000000000000048e-01 -1.241940150518353403e+04
6.804999999999999938e-01 -1.242148288336056976e+04
6.805999999999999828e-01 -1.242355055319714302e+04
6.807000000000000828e-01 -1.242560791818371217e+04
6.808000000000000718e-01 -1.242765743053784354e+04
6.809000000000000608e-01 -1.242970088548351305e+04
6.810000000000000497e-01 -1.243173962247390591e+04
6.811000000000000387e-01 -1.243377466231327890e+04
6.812000000000000277e-01 -1.243580680011285040e+04
6.813000000000000167e-01 -1.243783666765042472e+04
6.814000000000000057e-01 -1.243986477463389565e+04
6.814999999999999947e-01 -1.244189153567597532e+04
6.815999999999999837e-01 -1.244391728791973401e+04
6.817000000000000837e-01 -1.244594230286228230e+04
6.818000000000000727e-01 -1.244796679484291781e+04
6.819000000000000616e-01 -1.244999092780736282e+04
6.820000000000000506e-01 -1.245201482133363606e+04
6.821000000000000396e-01 -1.245403855637548986e+04
6.822000000000000286e-01 -1.245606348742086266e+04
6.823000000000000176e-01 -1.245809015911495044e+04
6.824000000000000066e-01 -1.246011673276355214e+04
6.824999999999999956e-01 -1.246214301541202803e+04
6.825999999999999845e-01 -1.246416909954074617e+04
6.827000000000000846e-01 -1.246619503910314961e+04
6.828000000000000735e-01 -1.246822081993331267e+04
6.829000000000000625e-01 -1.247024647938560520e+04
6.830000000000000515e-01 -1.247227452026502760e+04
6.831000000000000405e-01 -1.247430255938863775e+04
6.832000000000000295e-01 -1.247632896710996283e+04
6.833000000000000185e-01 -1.247835334644561772e+04
6.834000000000000075e-01 -1.248037569275320129e+04
6.834999999999999964e-01 -1.248239660127567367e+04
6.835999999999999854e-01 -1.248441664131095604e+04
6.837000000000000854e-01 -1.248643622580332703e+04
6.838000000000000744e-01 -1.248845562023241837e+04
6.839000000000000634e-01 -1.249047497285723512e+04
6.840000000000000524e-01 -1.249249434270159691e+04
6.841000000000000414e-01 -1.249451372064759198e+04
6.842000000000000304e-01 -1.249653304026008664e+04
6.843000000000000194e-01 -1.249855215123787093e+04
6.844000000000000083e-01 -1.250057025952481308e+04
6.844999999999999973e-01 -1.250258657848885014e+04
6.845999999999999863e-01 -1.250460095599991837e+04
6.847000000000000863e-01 -1.250661397122015842e+04
6.848000000000000753e-01 -1.250862296331452671e+04
6.849000000000000643e-01 -1.251062785690376040e+04
6.850000000000000533e-01 -1.251262898974078598e+04
6.851000000000000423e-01 -1.251462631720402169e+04
6.852000000000000313e-01 -1.251661969026199222e+04
6.853000000000000203e-01 -1.251860892861558023e+04
6.854000000000000092e-01 -1.252059384284816042e+04
6.854999999999999982e-01 -1.252257396919872554e+04
6.855999999999999872e-01 -1.252454896991485293e+04
6.857000000000000872e-01 -1.252651873466662255e+04
6.858000000000000762e-01 -1.252848349675966165e+04
6.859000000000000652e-01 -1.253044347170668516e+04
6.860000000000000542e-01 -1.253239887744611406e+04
6.861000000000000432e-01 -1.253434996347731430e+04
6.862000000000000322e-01 -1.253629693398195013e+04
6.863000000000000211e-01 -1.253823994074801340e+04
6.864000000000000101e-01 -1.254017906366630996e+04
6.864999999999999991e-01 -1.254211436171939386e+04
6.865999999999999881e-01 -1.254404588770971532e+04
6.867000000000000881e-01 -1.254597366219943069e+04
6.868000000000000771e-01 -1.254789766097454049e+04
6.869000000000000661e-01 -1.254981779875013490e+04
6.870000000000000551e-01 -1.255173387123010252e+04
6.871000000000000441e-01 -1.255364533644442963e+04
6.872000000000000330e-01 -1.255555004289207500e+04
6.873000000000000220e-01 -1.255744645955499982e+04
6.874000000000000110e-01 -1.255933137746494504e+04
6.875000000000000000e-01 -1.256120599853801650e+04
6.875999999999999890e-01 -1.256306930178248695e+04
6.876999999999999780e-01 -1.256491956350753389e+04
6.878000000000000780e-01 -1.256676783792495735e+04
6.879000000000000670e-01 -1.256861067324509168e+04
6.880000000000000560e-01 -1.257044422713234599e+04
6.881000000000000449e-01 -1.257227182744614765e+04
6.882000000000000339e-01 -1.257409482730964919e+04
6.883000000000000229e-01 -1.257595905280695115e+04
6.884000000000000119e-01 -1.257789685243097483e+04
6.885000000000000009e-01 -1.257995875761137358e+04
6.885999999999999899e-01 -1.258205751788820635e+04
6.886999999999999789e-01 -1.258410930049410308e+04
6.888000000000000789e-01 -1.258610620863074473e+04
6.889000000000000679e-01 -1.258806296913692131e+04
6.890000000000000568e-01 -1.258999825646138197e+04
6.891000000000000458e-01 -1.259192383237217473e+04
6.892000000000000348e-01 -1.259384603487241839e+04
6.893000000000000238e-01 -1.259576664491479096e+04
6.894000000000000128e-01 -1.259768777425910957e+04
6.895000000000000018e-01 -1.259961886252604927e+04
6.895999999999999908e-01 -1.260156340947402896e+04
6.896999999999999797e-01 -1.260352401876579825e+04
6.898000000000000798e-01 -1.260549716013477700e+04
6.899000000000000687e-01 -1.260747465245851708e+04
6.900000000000000577e-01 -1.260944477525473303e+04
6.901000000000000467e-01 -1.261140253360364841e+04
6.902000000000000357e-01 -1.261335017116956078e+04
6.903000000000000247e-01 -1.261528612399997110e+04
6.904000000000000137e-01 -1.261724284119592630e+04
6.905000000000000027e-01 -1.261922907352374750e+04
6.905999999999999917e-01 -1.262123619973804125e+04
6.906999999999999806e-01 -1.262324262792024820e+04
6.908000000000000806e-01 -1.262523503433946462e+04
6.909000000000000696e-01 -1.262721254133944421e+04
6.910000000000000586e-01 -1.262917941590884402e+04
6.911000000000000476e-01 -1.263114050474029682e+04
6.912000000000000366e-01 -1.263309959846962192e+04
6.913000000000000256e-01 -1.263505927526081723e+04
6.914000000000000146e-01 -1.263702020108890429e+04
6.915000000000000036e-01 -1.263898122216593219e+04
6.915999999999999925e-01 -1.264094276623713449e+04
6.916999999999999815e-01 -1.264290869030340218e+04
6.918000000000000815e-01 -1.264487701342726359e+04
6.919000000000000705e-01 -1.264684313149038280e+04
6.920000000000000595e-01 -1.264880397486126458e+04
6.921000000000000485e-01 -1.265075877441306147e+04
6.922000000000000375e-01 -1.265270703819716255e+04
6.923000000000000265e-01 -1.265464121167973462e+04
6.924000000000000155e-01 -1.265655134009914400e+04
6.925000000000000044e-01 -1.265843196860344688e+04
6.925999999999999934e-01 -1.266028014602546136e+04
6.926999999999999824e-01 -1.266209363658610164e+04
6.928000000000000824e-01 -1.266386925711909134e+04
6.929000000000000714e-01 -1.266559449814609252e+04
6.930000000000000604e-01 -1.266724579731168888e+04
6.931000000000000494e-01 -1.266880331688821752e+04
6.932000000000000384e-01 -1.267025616445108790e+04
6.933000000000000274e-01 -1.267160849594715182e+04
6.934000000000000163e-01 -1.267285708689439707e+04
6.935000000000000053e-01 -1.267398340785620894e+04
6.935999999999999943e-01 -1.267496913931531344e+04
6.936999999999999833e-01 -1.267580129862738613e+04
6.938000000000000833e-01 -1.267646901750206416e+04
6.939000000000000723e-01 -1.267695866723142717e+04
6.940000000000000613e-01 -1.267725995512844929e+04
6.941000000000000503e-01 -1.267735279962490313e+04
6.942000000000000393e-01 -1.267721584027596691e+04
6.943000000000000282e-01 -1.267687614534294698e+04
6.944000000000000172e-01 -1.267639284235739251e+04
6.945000000000000062e-01 -1.267573410026167585e+04
6.945999999999999952e-01 -1.267489339823150476e+04
6.946999999999999842e-01 -1.267391501384056028e+04
6.948000000000000842e-01 -1.267281820327184505e+04
6.949000000000000732e-01 -1.267171340404498733e+04
6.950000000000000622e-01 -1.267072705888473320e+04
6.951000000000000512e-01 -1.267018621229768542e+04
6.952000000000000401e-01 -1.267023866102288412e+04
6.953000000000000291e-01 -1.267081861989840581e+04
6.954000000000000181e-01 -1.267181992134913162e+04
6.955000000000000071e-01 -1.267314708360459008e+04
6.955999999999999961e-01 -1.267472937250452560e+04
6.956999999999999851e-01 -1.267651672266287278e+04
6.958000000000000851e-01 -1.267846740997704364e+04
6.959000000000000741e-01 -1.268048020061057650e+04
6.960000000000000631e-01 -1.268254375596205682e+04
6.961000000000000520e-01 -1.268462748807820753e+04
6.962000000000000410e-01 -1.268669610861650472e+04
6.963000000000000300e-01 -1.268877813628900367e+04
6.964000000000000190e-01 -1.269087332426866487e+04
6.965000000000000080e-01 -1.269299520259955352e+04
6.965999999999999970e-01 -1.269513647290226618e+04
6.966999999999999860e-01 -1.269727964651833827e+04
6.968000000000000860e-01 -1.269944339023578323e+04
6.969000000000000750e-01 -1.270163988600033554e+04
6.970000000000000639e-01 -1.270387691052152513e+04
6.971000000000000529e-01 -1.270613330439684796e+04
6.972000000000000419e-01 -1.270838930642766536e+04
6.973000000000000309e-01 -1.271061635241101794e+04
6.974000000000000199e-01 -1.271284455192984933e+04
6.975000000000000089e-01 -1.271503380098574235e+04
6.975999999999999979e-01 -1.271713598193759208e+04
6.976999999999999869e-01 -1.271914607044341938e+04
6.978000000000000869e-01 -1.272107390602198575e+04
6.979000000000000759e-01 -1.272293695434900292e+04
6.980000000000000648e-01 -1.272476620405407812e+04
6.981000000000000538e-01 -1.272658169366082075e+04
6.982000000000000428e-01 -1.272841015699915806e+04
6.983000000000000318e-01 -1.273027797224115238e+04
6.984000000000000208e-01 -1.273219552269684391e+04
6.985000000000000098e-01 -1.273415750200150615e+04
6.985999999999999988e-01 -1.273614779625112533e+04
6.986999999999999877e-01 -1.273815993271304251e+04
6.988000000000000878e-01 -1.274019170273796772e+04
6.989000000000000767e-01 -1.274224081151297833e+04
6.990000000000000657e-01 -1.274430354855171754e+04
6.991000000000000547e-01 -1.274638411973481379e+04
6.992000000000000437e-01 -1.274844920966303653e+04
6.993000000000000327e-01 -1.275051683038916781e+04
6.994000000000000217e-01 -1.275257919824127930e+04
6.995000000000000107e-01 -1.275463626583461883e+04
6.995999999999999996e-01 -1.275668907568788563e+04
6.996999999999999886e-01 -1.275873448279148943e+04
6.998000000000000886e-01 -1.276077151591673100e+04
6.999000000000000776e-01 -1.276279934688171306e+04
7.000000000000000666e-01 -1.276482183237319441e+04
7.001000000000000556e-01 -1.276865279058396482e+04
7.002000000000000446e-01 -1.277381982957258151e+04
7.003000000000000336e-01 -1.277928198857078132e+04
7.004000000000000226e-01 -1.278500433674549822e+04
7.005000000000000115e-01 -1.279125877756460613e+04
7.006000000000000005e-01 -1.279834470976593184e+04
7.006999999999999895e-01 -1.280624581714111810e+04
7.007999999999999785e-01 -1.281463219575081166e+04
7.009000000000000785e-01 -1.282336710637673787e+04
7.010000000000000675e-01 -1.283261886447689540e+04
7.011000000000000565e-01 -1.284174028852015363e+04
7.012000000000000455e-01 -1.284756996556402555e+04
7.013000000000000345e-01 -1.285052034504921176e+04
7.014000000000000234e-01 -1.285208907896539313e+04
7.015000000000000124e-01 -1.285307020861550154e+04
7.016000000000000014e-01 -1.285373943501864051e+04
7.016999999999999904e-01 -1.285482616093541765e+04
7.017999999999999794e-01 -1.285698324574137041e+04
7.019000000000000794e-01 -1.285925717659206020e+04
7.020000000000000684e-01 -1.286136553480519979e+04
7.021000000000000574e-01 -1.286365799581973261e+04
7.022000000000000464e-01 -1.286564014740483071e+04
7.023000000000000353e-01 -1.286729089634819866e+04
7.024000000000000243e-01 -1.286874854984844023e+04
7.025000000000000133e-01 -1.287013272453477657e+04
7.026000000000000023e-01 -1.287153255216860271e+04
7.026999999999999913e-01 -1.287298443697954099e+04
7.027999999999999803e-01 -1.287449061262241048e+04
7.029000000000000803e-01 -1.287603183346225705e+04
7.030000000000000693e-01 -1.287758946362483221e+04
7.031000000000000583e-01 -1.287915311628314339e+04
7.032000000000000473e-01 -1.288071228734235592e+04
7.033000000000000362e-01 -1.288225047393297609e+04
7.034000000000000252e-01 -1.288374688360915025e+04
7.035000000000000142e-01 -1.288517987354295474e+04
7.036000000000000032e-01 -1.288652854640654914e+04
7.036999999999999922e-01 -1.288777487898316031e+04
7.037999999999999812e-01 -1.288890264453664167e+04
7.039000000000000812e-01 -1.288989449110480382e+04
7.040000000000000702e-01 -1.289073614527909922e+04
7.041000000000000592e-01 -1.289143904085962095e+04
7.042000000000000481e-01 -1.289201426429026651e+04
7.043000000000000371e-01 -1.289244379451747955e+04
7.044000000000000261e-01 -1.289272059574114792e+04
7.045000000000000151e-01 -1.289284568990885964e+04
7.046000000000000041e-01 -1.289281549037367768e+04
7.046999999999999931e-01 -1.289262848914956157e+04
7.047999999999999821e-01 -1.289227356234406034e+04
7.049000000000000821e-01 -1.289185087065436346e+04
7.050000000000000711e-01 -1.289140137498834883e+04
7.051000000000000600e-01 -1.289100308718993983e+04
7.052000000000000490e-01 -1.289082486827569119e+04
7.053000000000000380e-01 -1.289092019017137500e+04
7.054000000000000270e-01 -1.289135217095081316e+04
7.055000000000000160e-01 -1.289215516695596489e+04
7.056000000000000050e-01 -1.289325451067926952e+04
7.056999999999999940e-01 -1.289457224447435328e+04
7.057999999999999829e-01 -1.289605349171343369e+04
7.059000000000000830e-01 -1.289765326724219813e+04
7.060000000000000719e-01 -1.289935297016253935e+04
7.061000000000000609e-01 -1.290114116620132336e+04
7.062000000000000499e-01 -1.290299450701150272e+04
7.063000000000000389e-01 -1.290490930657069475e+04
7.064000000000000279e-01 -1.290687947540365349e+04
7.065000000000000169e-01 -1.290888599388447619e+04
7.066000000000000059e-01 -1.291091230993850331e+04
7.066999999999999948e-01 -1.291292860395113348e+04
7.067999999999999838e-01 -1.291499860523058487e+04
7.069000000000000838e-01 -1.291708877158049654e+04
7.070000000000000728e-01 -1.291918532941039302e+04
7.071000000000000618e-01 -1.292128230667864773e+04
7.072000000000000508e-01 -1.292337845766363716e+04
7.073000000000000398e-01 -1.292547575151716774e+04
7.074000000000000288e-01 -1.292758194456291494e+04
7.075000000000000178e-01 -1.292969212051434079e+04
7.076000000000000068e-01 -1.293180202067623213e+04
7.076999999999999957e-01 -1.293389547285718072e+04
7.077999999999999847e-01 -1.293595942791384005e+04
7.079000000000000847e-01 -1.293799094355271518e+04
7.080000000000000737e-01 -1.293998752886847069e+04
7.081000000000000627e-01 -1.294194306301593497e+04
7.082000000000000517e-01 -1.294386683075732981e+04
7.083000000000000407e-01 -1.294576735735395596e+04
7.084000000000000297e-01 -1.294767130001274745e+04
7.085000000000000187e-01 -1.294958208857539285e+04
7.086000000000000076e-01 -1.295150282928007437e+04
7.086999999999999966e-01 -1.295343774884497179e+04
7.087999999999999856e-01 -1.295538641178119542e+04
7.089000000000000856e-01 -1.295734830821600917e+04
7.090000000000000746e-01 -1.295932273914970028e+04
7.091000000000000636e-01 -1.296131137990966999e+04
7.092000000000000526e-01 -1.296331630873012000e+04
7.093000000000000416e-01 -1.296533332983235232e+04
7.094000000000000306e-01 -1.296735777225425591e+04
7.095000000000000195e-01 -1.296938659956754600e+04
7.096000000000000085e-01 -1.297141842481852291e+04
7.096999999999999975e-01 -1.297345219973179883e+04
7.097999999999999865e-01 -1.297548647615515983e+04
7.099000000000000865e-01 -1.297752188166056476e+04
7.100000000000000755e-01 -1.297955416372323998e+04
7.101000000000000645e-01 -1.298159836512058791e+04
7.102000000000000535e-01 -1.298368957213414978e+04
7.103000000000000425e-01 -1.298582274788100403e+04
7.104000000000000314e-01 -1.298799132086269856e+04
7.105000000000000204e-01 -1.299018878816565302e+04
7.106000000000000094e-01 -1.299240835339296427e+04
7.106999999999999984e-01 -1.299464434168884691e+04
7.107999999999999874e-01 -1.299689256199209740e+04
7.109000000000000874e-01 -1.299915000454652181e+04
7.110000000000000764e-01 -1.300141436633078774e+04
7.111000000000000654e-01 -1.300368366883535600e+04
7.112000000000000544e-01 -1.300595758044745889e+04
7.113000000000000433e-01 -1.300823697667443048e+04
7.114000000000000323e-01 -1.301052246380991528e+04
7.115000000000000213e-01 -1.301281403494657570e+04
7.116000000000000103e-01 -1.301511051558738654e+04
7.116999999999999993e-01 -1.301741087012201206e+04
7.117999999999999883e-01 -1.301971457391295371e+04
7.119000000000000883e-01 -1.302202104467177924e+04
7.120000000000000773e-01 -1.302432998428388782e+04
7.121000000000000663e-01 -1.302664140760164992e+04
7.122000000000000552e-01 -1.302895518577097391e+04
7.123000000000000442e-01 -1.303127098499759086e+04
7.124000000000000332e-01 -1.303358856067559645e+04
7.125000000000000222e-01 -1.303590761353346352e+04
7.126000000000000112e-01 -1.303822809676174074e+04
7.127000000000000002e-01 -1.304054941635479736e+04
7.127999999999999892e-01 -1.304287053500065485e+04
7.129000000000000892e-01 -1.304519223161410264e+04
7.130000000000000782e-01 -1.304751422242003537e+04
7.131000000000000671e-01 -1.304983688198589698e+04
7.132000000000000561e-01 -1.305216038683668376e+04
7.133000000000000451e-01 -1.305448490543761727e+04
7.134000000000000341e-01 -1.305681075834487274e+04
7.135000000000000231e-01 -1.305913975000246319e+04
7.136000000000000121e-01 -1.306147343606776303e+04
7.137000000000000011e-01 -1.306381204993256324e+04
7.137999999999999901e-01 -1.306615540070546740e+04
7.138999999999999790e-01 -1.306850327712379840e+04
7.140000000000000790e-01 -1.307085560493024786e+04
7.141000000000000680e-01 -1.307321258879855668e+04
7.142000000000000570e-01 -1.307557603120787644e+04
7.143000000000000460e-01 -1.307794951677237805e+04
7.144000000000000350e-01 -1.308033634566878936e+04
7.145000000000000240e-01 -1.308273636219136824e+04
7.146000000000000130e-01 -1.308514921076244173e+04
7.147000000000000020e-01 -1.308757449668911977e+04
7.147999999999999909e-01 -1.309001177657317930e+04
7.148999999999999799e-01 -1.309246070500754831e+04
7.150000000000000799e-01 -1.309492096187473180e+04
7.151000000000000689e-01 -1.309739304970975900e+04
7.152000000000000579e-01 -1.309987718049126124e+04
7.153000000000000469e-01 -1.310236988063490753e+04
7.154000000000000359e-01 -1.310487495416492675e+04
7.155000000000000249e-01 -1.310739556760252890e+04
7.156000000000000139e-01 -1.310993013036874800e+04
7.157000000000000028e-01 -1.311247938814898771e+04
7.157999999999999918e-01 -1.311504650470166416e+04
7.158999999999999808e-01 -1.311763082089275849e+04
7.160000000000000808e-01 -1.312023082807353967e+04
7.161000000000000698e-01 -1.312284668063421486e+04
7.162000000000000588e-01 -1.312547976112640208e+04
7.163000000000000478e-01 -1.312814837611849543e+04
7.164000000000000368e-01 -1.313085463348119811e+04
7.165000000000000258e-01 -1.313358828966610781e+04
7.166000000000000147e-01 -1.313635657298511251e+04
7.167000000000000037e-01 -1.313915683009579516e+04
7.167999999999999927e-01 -1.314198468610311829e+04
7.168999999999999817e-01 -1.314483705420660590e+04
7.170000000000000817e-01 -1.314771101211920541e+04
7.171000000000000707e-01 -1.315060627001626744e+04
7.172000000000000597e-01 -1.315352554056420377e+04
7.173000000000000487e-01 -1.315647417952706746e+04
7.174000000000000377e-01 -1.315946038482861513e+04
7.175000000000000266e-01 -1.316250139150560244e+04
7.176000000000000156e-01 -1.316561576569373756e+04
7.177000000000000046e-01 -1.316880954375512556e+04
7.177999999999999936e-01 -1.317207669191408240e+04
7.178999999999999826e-01 -1.317542076906456168e+04
7.180000000000000826e-01 -1.317889098520582047e+04
7.181000000000000716e-01 -1.318251803773762913e+04
7.182000000000000606e-01 -1.318629506039427361e+04
7.183000000000000496e-01 -1.319021017000245411e+04
7.184000000000000385e-01 -1.319432073457226761e+04
7.185000000000000275e-01 -1.319865345120361053e+04
7.186000000000000165e-01 -1.320323954413765932e+04
7.187000000000000055e-01 -1.320794390363682214e+04
7.187999999999999945e-01 -1.321241220419713500e+04
7.188999999999999835e-01 -1.321602154005233024e+04
7.190000000000000835e-01 -1.321885362432501461e+04
7.191000000000000725e-01 -1.322145987183529178e+04
7.192000000000000615e-01 -1.322398654153435746e+04
7.193000000000000504e-01 -1.322630044598270251e+04
7.194000000000000394e-01 -1.322839987972188646e+04
7.195000000000000284e-01 -1.323035546403923399e+04
7.196000000000000174e-01 -1.323224124737868806e+04
7.197000000000000064e-01 -1.323411627127596876e+04
7.197999999999999954e-01 -1.323602720743485406e+04
7.198999999999999844e-01 -1.323800418472281490e+04
7.200000000000000844e-01 -1.324005635057453401e+04
7.201000000000000734e-01 -1.324217664947384765e+04
7.202000000000000624e-01 -1.324435203405834000e+04
7.203000000000000513e-01 -1.324656994328681867e+04
7.204000000000000403e-01 -1.324882255761072702e+04
7.205000000000000293e-01 -1.325110781370648692e+04
7.206000000000000183e-01 -1.325341445390155604e+04
7.207000000000000073e-01 -1.325572170750393525e+04
7.207999999999999963e-01 -1.325802096436250213e+04
7.208999999999999853e-01 -1.326031266720454732e+04
7.210000000000000853e-01 -1.326259811999768317e+04
7.211000000000000743e-01 -1.326487680876230661e+04
7.212000000000000632e-01 -1.326714715177638391e+04
7.213000000000000522e-01 -1.326940667479294279e+04
7.214000000000000412e-01 -1.327165426665527957e+04
7.215000000000000302e-01 -1.327389131259761962e+04
7.216000000000000192e-01 -1.327612115211619130e+04
7.217000000000000082e-01 -1.327834720207196733e+04
7.217999999999999972e-01 -1.328057218742796613e+04
7.218999999999999861e-01 -1.328279803286674905e+04
7.220000000000000862e-01 -1.328502601593574400e+04
7.221000000000000751e-01 -1.328725687820548956e+04
7.222000000000000641e-01 -1.328949091234866682e+04
7.223000000000000531e-01 -1.329172806476534606e+04
7.224000000000000421e-01 -1.329396840941092159e+04
7.225000000000000311e-01 -1.329621202865474334e+04
7.226000000000000201e-01 -1.329845820781525435e+04
7.227000000000000091e-01 -1.330070598225968024e+04
7.227999999999999980e-01 -1.330295449165309401e+04
7.228999999999999870e-01 -1.330520309215326961e+04
7.230000000000000870e-01 -1.330745136245731737e+04
7.231000000000000760e-01 -1.330969908512524671e+04
7.232000000000000650e-01 -1.331194644828515266e+04
7.233000000000000540e-01 -1.331419435554603660e+04
7.234000000000000430e-01 -1.331644300663143258e+04
7.235000000000000320e-01 -1.331869214108239976e+04
7.236000000000000210e-01 -1.332094054990670520e+04
7.237000000000000099e-01 -1.332318661495926972e+04
7.237999999999999989e-01 -1.332542983350089526e+04
7.238999999999999879e-01 -1.332767069528264437e+04
7.240000000000000879e-01 -1.332990988594476039e+04
7.241000000000000769e-01 -1.333214800534629467e+04
7.242000000000000659e-01 -1.333438550134548132e+04
7.243000000000000549e-01 -1.333662268486155881e+04
7.244000000000000439e-01 -1.333885976212654168e+04
7.245000000000000329e-01 -1.334109687264879540e+04
7.246000000000000218e-01 -1.334333416368509097e+04
7.247000000000000108e-01 -1.334557169535785943e+04
7.247999999999999998e-01 -1.334780945311019968e+04
7.248999999999999888e-01 -1.335004739595819956e+04
7.250000000000000888e-01 -1.335228547252489989e+04
7.251000000000000778e-01 -1.335452362700301273e+04
7.252000000000000668e-01 -1.335674984067088189e+04
7.253000000000000558e-01 -1.335894298529838488e+04
7.254000000000000448e-01 -1.336123117489461583e+04
7.255000000000000338e-01 -1.336352168533936492e+04
7.256000000000000227e-01 -1.336578184104326647e+04
7.257000000000000117e-01 -1.336801506113640062e+04
7.258000000000000007e-01 -1.337023186986724068e+04
7.258999999999999897e-01 -1.337244063662005101e+04
7.260000000000000897e-01 -1.337464617982204800e+04
7.261000000000000787e-01 -1.337685128603846169e+04
7.262000000000000677e-01 -1.337905748749031227e+04
7.263000000000000567e-01 -1.338126539876158495e+04
7.264000000000000457e-01 -1.338347431255417723e+04
7.265000000000000346e-01 -1.338568406289783707e+04
7.266000000000000236e-01 -1.338789494230646596e+04
7.267000000000000126e-01 -1.339010699361232400e+04
7.268000000000000016e-01 -1.339231934956284022e+04
7.268999999999999906e-01 -1.339453186304560222e+04
7.269999999999999796e-01 -1.339674475475564941e+04
7.271000000000000796e-01 -1.339895820928257490e+04
7.272000000000000686e-01 -1.340117236317564311e+04
7.273000000000000576e-01 -1.340338726704324472e+04
7.274000000000000465e-01 -1.340560284582407803e+04
7.275000000000000355e-01 -1.340781896564441922e+04
7.276000000000000245e-01 -1.341003500869546951e+04
7.277000000000000135e-01 -1.341224995979739651e+04
7.278000000000000025e-01 -1.341446111092101273e+04
7.278999999999999915e-01 -1.341666738596840696e+04
7.279999999999999805e-01 -1.341887036288753552e+04
7.281000000000000805e-01 -1.342107149626908358e+04
7.282000000000000695e-01 -1.342327372744906279e+04
7.283000000000000584e-01 -1.342547776129523299e+04
7.284000000000000474e-01 -1.342768340387551325e+04
7.285000000000000364e-01 -1.342988963728009549e+04
7.286000000000000254e-01 -1.343209514914509055e+04
7.287000000000000144e-01 -1.343430479437323265e+04
7.288000000000000034e-01 -1.343651814990993989e+04
7.288999999999999924e-01 -1.343873500099087687e+04
7.289999999999999813e-01 -1.344095385048598291e+04
7.291000000000000814e-01 -1.344317378626623213e+04
7.292000000000000703e-01 -1.344539443240573746e+04
7.293000000000000593e-01 -1.344759873260500899e+04
7.294000000000000483e-01 -1.344986224637203122e+04
7.295000000000000373e-01 -1.345216021331707816e+04
7.296000000000000263e-01 -1.345459049398070238e+04
7.297000000000000153e-01 -1.345713746274454752e+04
7.298000000000000043e-01 -1.345964743792571244e+04
7.298999999999999932e-01 -1.346207886032834176e+04
7.299999999999999822e-01 -1.346444543907651678e+04
7.301000000000000822e-01 -1.346675934221872740e+04
7.302000000000000712e-01 -1.346900326525389755e+04
7.303000000000000602e-01 -1.347118921397274971e+04
7.304000000000000492e-01 -1.347333550686504532e+04
7.305000000000000382e-01 -1.347545151790903583e+04
7.306000000000000272e-01 -1.347753895796859615e+04
7.307000000000000162e-01 -1.347960417439422235e+04
7.308000000000000052e-01 -1.348165373134436777e+04
7.308999999999999941e-01 -1.348369200852982431e+04
7.309999999999999831e-01 -1.348571594636441478e+04
7.311000000000000831e-01 -1.348773024588407498e+04
7.312000000000000721e-01 -1.348973782331181974e+04
7.313000000000000611e-01 -1.349173537746046350e+04
7.314000000000000501e-01 -1.349372868318120163e+04
7.315000000000000391e-01 -1.349572314808696319e+04
7.316000000000000281e-01 -1.349772107154206424e+04
7.317000000000000171e-01 -1.349972277634742568e+04
7.318000000000000060e-01 -1.350172896706760912e+04
7.318999999999999950e-01 -1.350373738024498743e+04
7.319999999999999840e-01 -1.350574549130280684e+04
7.321000000000000840e-01 -1.350775181591773617e+04
7.322000000000000730e-01 -1.350975586690444288e+04
7.323000000000000620e-01 -1.351175965879438263e+04
7.324000000000000510e-01 -1.351376382996908796e+04
7.325000000000000400e-01 -1.351576833102254386e+04
7.326000000000000290e-01 -1.351777320103122111e+04
7.327000000000000179e-01 -1.351977893352524734e+04
7.328000000000000069e-01 -1.352178349353152953e+04
7.328999999999999959e-01 -1.352378752433734917e+04
7.329999999999999849e-01 -1.352579121802882764e+04
7.331000000000000849e-01 -1.352779426475066612e+04
7.332000000000000739e-01 -1.352979518549982276e+04
7.333000000000000629e-01 -1.353179289357239031e+04
7.334000000000000519e-01 -1.353378591040111132e+04
7.335000000000000409e-01 -1.353577496289149894e+04
7.336000000000000298e-01 -1.353776095444567181e+04
7.337000000000000188e-01 -1.353974433704453259e+04
7.338000000000000078e-01 -1.354172468440087505e+04
7.338999999999999968e-01 -1.354370333638931879e+04
7.339999999999999858e-01 -1.354568086218162898e+04
7.341000000000000858e-01 -1.354765730579668161e+04
7.342000000000000748e-01 -1.354963262114749341e+04
7.343000000000000638e-01 -1.355160676118473202e+04
7.344000000000000528e-01 -1.355357969045929894e+04
7.345000000000000417e-01 -1.355555138353552138e+04
7.346000000000000307e-01 -1.355752182178702242e+04
7.347000000000000197e-01 -1.355949099082186149e+04
7.348000000000000087e-01 -1.356145895456134167e+04
7.348999999999999977e-01 -1.356342601072414436e+04
7.349999999999999867e-01 -1.356538936497422401e+04
7.351000000000000867e-01 -1.356735168220150990e+04
7.352000000000000757e-01 -1.356931297222739522e+04
7.353000000000000647e-01 -1.357127483488371763e+04
7.354000000000000536e-01 -1.357323732909635146e+04
7.355000000000000426e-01 -1.357520094174725818e+04
7.356000000000000316e-01 -1.357716458288051763e+04
7.357000000000000206e-01 -1.357912812881740138e+04
7.358000000000000096e-01 -1.358109490508421550e+04
7.358999999999999986e-01 -1.358307336116583792e+04
7.359999999999999876e-01 -1.358504876498130216e+04
7.361000000000000876e-01 -1.358701983277306135e+04
7.362000000000000766e-01 -1.358900364778807307e+04
7.363000000000000655e-01 -1.359100139344284617e+04
7.364000000000000545e-01 -1.359300464866027869e+04
7.365000000000000435e-01 -1.359501073125879338e+04
7.366000000000000325e-01 -1.359701854135172107e+04
7.367000000000000215e-01 -1.359902628030257438e+04
7.368000000000000105e-01 -1.360103256377871367e+04
7.368999999999999995e-01 -1.360303936091781543e+04
7.369999999999999885e-01 -1.360504724957417602e+04
7.371000000000000885e-01 -1.360705172814218713e+04
7.372000000000000774e-01 -1.360905115030504567e+04
7.373000000000000664e-01 -1.361104407621905011e+04
7.374000000000000554e-01 -1.361303388047240333e+04
7.375000000000000444e-01 -1.361502256326739189e+04
7.376000000000000334e-01 -1.361701122260327975e+04
7.377000000000000224e-01 -1.361900060715039945e+04
7.378000000000000114e-01 -1.362099131590458637e+04
7.379000000000000004e-01 -1.362298382087130085e+04
7.379999999999999893e-01 -1.362497944455657853e+04
7.381000000000000894e-01 -1.362697822325666857e+04
7.382000000000000783e-01 -1.362898098985789693e+04
7.383000000000000673e-01 -1.363098782077051146e+04
7.384000000000000563e-01 -1.363299477012500574e+04
7.385000000000000453e-01 -1.363499899953774911e+04
7.386000000000000343e-01 -1.363699901144262367e+04
7.387000000000000233e-01 -1.363899661470639148e+04
7.388000000000000123e-01 -1.364099469413352381e+04
7.389000000000000012e-01 -1.364298631109688540e+04
7.389999999999999902e-01 -1.364498199848652803e+04
7.391000000000000902e-01 -1.364698051560326348e+04
7.392000000000000792e-01 -1.364897804554292634e+04
7.393000000000000682e-01 -1.365096865150091980e+04
7.394000000000000572e-01 -1.365295025103434637e+04
7.395000000000000462e-01 -1.365492530754905056e+04
7.396000000000000352e-01 -1.365690320924393927e+04
7.397000000000000242e-01 -1.365889592130170968e+04
7.398000000000000131e-01 -1.366089482168355971e+04
7.399000000000000021e-01 -1.366288169780877979e+04
7.399999999999999911e-01 -1.366485241276293891e+04
7.400999999999999801e-01 -1.366681526992232830e+04
7.402000000000000801e-01 -1.366877561360207619e+04
7.403000000000000691e-01 -1.367073590600761054e+04
7.404000000000000581e-01 -1.367269481625559638e+04
7.405000000000000471e-01 -1.367465030337851749e+04
7.406000000000000361e-01 -1.367660181121926689e+04
7.407000000000000250e-01 -1.367855077539299054e+04
7.408000000000000140e-01 -1.368050030038603472e+04
7.409000000000000030e-01 -1.368245291394815649e+04
7.409999999999999920e-01 -1.368440960000529230e+04
7.410999999999999810e-01 -1.368636966195540117e+04
7.412000000000000810e-01 -1.368833159807008815e+04
7.413000000000000700e-01 -1.369029486558502686e+04
7.414000000000000590e-01 -1.369225909828197837e+04
7.415000000000000480e-01 -1.369422370208432949e+04
7.416000000000000369e-01 -1.369618767811166617e+04
7.417000000000000259e-01 -1.369814983004598434e+04
7.418000000000000149e-01 -1.370010911725019105e+04
7.419000000000000039e-01 -1.370206488793740391e+04
7.419999999999999929e-01 -1.370401690670655989e+04
7.420999999999999819e-01 -1.370596523372099546e+04
7.422000000000000819e-01 -1.370791005307389423e+04
7.423000000000000709e-01 -1.370985151024040169e+04
7.424000000000000599e-01 -1.371178954865393280e+04
7.425000000000000488e-01 -1.371372367246724752e+04
7.426000000000000378e-01 -1.371565113053551067e+04
7.427000000000000268e-01 -1.371756232303562865e+04
7.428000000000000158e-01 -1.371944681905768630e+04
7.429000000000000048e-01 -1.372116188086377406e+04
7.429999999999999938e-01 -1.372258728399879874e+04
7.430999999999999828e-01 -1.372381349233265064e+04
7.432000000000000828e-01 -1.372498069110590950e+04
7.433000000000000718e-01 -1.372613633046828909e+04
7.434000000000000608e-01 -1.372723392589450486e+04
7.435000000000000497e-01 -1.372821331206555806e+04
7.436000000000000387e-01 -1.372903945218928129e+04
7.437000000000000277e-01 -1.372969910370048274e+04
7.438000000000000167e-01 -1.373017865571298353e+04
7.439000000000000057e-01 -1.373045645462060565e+04
7.439999999999999947e-01 -1.373054730311999447e+04
7.440999999999999837e-01 -1.373046899491732074e+04
7.442000000000000837e-01 -1.373020717565821542e+04
7.443000000000000727e-01 -1.372973762260381045e+04
7.444000000000000616e-01 -1.372908100628169268e+04
7.445000000000000506e-01 -1.372821617881208113e+04
7.446000000000000396e-01 -1.372718472756895790e+04
7.447000000000000286e-01 -1.372615086420438092e+04
7.448000000000000176e-01 -1.372498629374081975e+04
7.449000000000000066e-01 -1.372383364529036226e+04
7.449999999999999956e-01 -1.372305867250183474e+04
7.450999999999999845e-01 -1.372271452930074702e+04
7.452000000000000846e-01 -1.372272947740603195e+04
7.453000000000000735e-01 -1.372312909659286743e+04
7.454000000000000625e-01 -1.372388861994017861e+04
7.455000000000000515e-01 -1.372503715980828747e+04
7.456000000000000405e-01 -1.372664888736373359e+04
7.457000000000000295e-01 -1.372865812489135715e+04
7.458000000000000185e-01 -1.373086291114199230e+04
7.459000000000000075e-01 -1.373311202374711684e+04
7.459999999999999964e-01 -1.373532505299003242e+04
7.460999999999999854e-01 -1.373743269999750737e+04
7.462000000000000854e-01 -1.373942742513294434e+04
7.463000000000000744e-01 -1.374137841137753276e+04
7.464000000000000634e-01 -1.374328286685425701e+04
7.465000000000000524e-01 -1.374519471656236601e+04
7.466000000000000414e-01 -1.374714940681500048e+04
7.467000000000000304e-01 -1.374920205148482637e+04
7.468000000000000194e-01 -1.375139466033130338e+04
7.469000000000000083e-01 -1.375361235567910808e+04
7.469999999999999973e-01 -1.375578708947983978e+04
7.470999999999999863e-01 -1.375788820161964395e+04
7.472000000000000863e-01 -1.375988264715719924e+04
7.473000000000000753e-01 -1.376178447550663986e+04
7.474000000000000643e-01 -1.376362190320691116e+04
7.475000000000000533e-01 -1.376534965138243024e+04
7.476000000000000423e-01 -1.376701249012517474e+04
7.477000000000000313e-01 -1.376869568065441126e+04
7.478000000000000203e-01 -1.377044854226128336e+04
7.479000000000000092e-01 -1.377229216596144033e+04
7.479999999999999982e-01 -1.377422045430836442e+04
7.480999999999999872e-01 -1.377621294992594085e+04
7.482000000000000872e-01 -1.377825302666966127e+04
7.483000000000000762e-01 -1.378030960883344960e+04
7.484000000000000652e-01 -1.378236784954530594e+04
7.485000000000000542e-01 -1.378442197773679072e+04
7.486000000000000432e-01 -1.378646834801729892e+04
7.487000000000000322e-01 -1.378850682204095756e+04
7.488000000000000211e-01 -1.379054108419788827e+04
7.489000000000000101e-01 -1.379256272698051362e+04
7.489999999999999991e-01 -1.379457821953929124e+04
7.490999999999999881e-01 -1.379658881976722660e+04
7.492000000000000881e-01 -1.379859806816308992e+04
7.493000000000000771e-01 -1.380059678204412739e+04
7.494000000000000661e-01 -1.380259396868472686e+04
7.495000000000000551e-01 -1.380459039796541401e+04
7.496000000000000441e-01 -1.380658701301298970e+04
7.497000000000000330e-01 -1.380858520945010969e+04
7.498000000000000220e-01 -1.381058222962915352e+04
7.499000000000000110e-01 -1.381258679064128592e+04
7.500000000000000000e-01 -1.381459704217491708e+04
7.500999999999999890e-01 -1.381832734333608278e+04
7.502000000000000890e-01 -1.382351144292126810e+04
7.503000000000000780e-01 -1.382948457422469437e+04
7.504000000000000670e-01 -1.383602141746728194e+04
7.505000000000000560e-01 -1.384316560297378601e+04
7.506000000000000449e-01 -1.385100311623710149e+04
7.507000000000000339e-01 -1.385962435917340008e+04
7.508000000000000229e-01 -1.386881516522926177e+04
7.509000000000000119e-01 -1.387851346167031625e+04
7.510000000000000009e-01 -1.388861798661868124e+04
7.510999999999999899e-01 -1.389874764986536866e+04
7.512000000000000899e-01 -1.390590418747811600e+04
7.513000000000000789e-01 -1.390990307903475332e+04
7.514000000000000679e-01 -1.391212459327172473e+04
7.515000000000000568e-01 -1.391342873719203635e+04
7.516000000000000458e-01 -1.391429140804555573e+04
7.517000000000000348e-01 -1.391505384148333178e+04
7.518000000000000238e-01 -1.391557047866922767e+04
7.519000000000000128e-01 -1.391631273707881883e+04
7.520000000000000018e-01 -1.391824585276952712e+04
7.520999999999999908e-01 -1.392054616361374792e+04
7.522000000000000908e-01 -1.392291131792603119e+04
7.523000000000000798e-01 -1.392535886109238891e+04
7.524000000000000687e-01 -1.392740444278179530e+04
7.525000000000000577e-01 -1.392906078641289605e+04
7.526000000000000467e-01 -1.393044251114274084e+04
7.527000000000000357e-01 -1.393162807097932091e+04
7.528000000000000247e-01 -1.393267636156290973e+04
7.529000000000000137e-01 -1.393362162418348817e+04
7.530000000000000027e-01 -1.393441409966395258e+04
7.530999999999999917e-01 -1.393506075008947664e+04
7.531999999999999806e-01 -1.393560365527518297e+04
7.533000000000000806e-01 -1.393608545255439276e+04
7.534000000000000696e-01 -1.393651459498534859e+04
7.535000000000000586e-01 -1.393685503105163298e+04
7.536000000000000476e-01 -1.393705826586866897e+04
7.537000000000000366e-01 -1.393707869281060084e+04
7.538000000000000256e-01 -1.393690076642935492e+04
7.539000000000000146e-01 -1.393655613986030767e+04
7.540000000000000036e-01 -1.393610041853146868e+04
7.540999999999999925e-01 -1.393549057629278286e+04
7.541999999999999815e-01 -1.393473671531541004e+04
7.543000000000000815e-01 -1.393382449693782837e+04
7.544000000000000705e-01 -1.393277145982586444e+04
7.545000000000000595e-01 -1.393165288329375289e+04
7.546000000000000485e-01 -1.393051686651954333e+04
7.547000000000000375e-01 -1.392951153417082060e+04
7.548000000000000265e-01 -1.392898862595095306e+04
7.549000000000000155e-01 -1.392905817708831273e+04
7.550000000000000044e-01 -1.392967562425417054e+04
7.550999999999999934e-01 -1.393074895582637328e+04
7.551999999999999824e-01 -1.393216647696301698e+04
7.553000000000000824e-01 -1.393390679676278160e+04
7.554000000000000714e-01 -1.393597897416090018e+04
7.555000000000000604e-01 -1.393824982578591698e+04
7.556000000000000494e-01 -1.394057919929538912e+04
7.557000000000000384e-01 -1.394285734417883941e+04
7.558000000000000274e-01 -1.394503728275402318e+04
7.559000000000000163e-01 -1.394713118740098980e+04
7.560000000000000053e-01 -1.394913184217088383e+04
7.560999999999999943e-01 -1.395103750417273659e+04
7.561999999999999833e-01 -1.395287261787839816e+04
7.563000000000000833e-01 -1.395469941987712809e+04
7.564000000000000723e-01 -1.395662354298502760e+04
7.565000000000000613e-01 -1.395876936571683291e+04
7.566000000000000503e-01 -1.396101163462844852e+04
7.567000000000000393e-01 -1.396323392754358974e+04
7.568000000000000282e-01 -1.396538653473779232e+04
7.569000000000000172e-01 -1.396746380621426397e+04
7.570000000000000062e-01 -1.396949584199796300e+04
7.570999999999999952e-01 -1.397149495496195595e+04
7.571999999999999842e-01 -1.397346134845525194e+04
7.573000000000000842e-01 -1.397539529419823339e+04
7.574000000000000732e-01 -1.397730549880604849e+04
7.575000000000000622e-01 -1.397921780167866746e+04
7.576000000000000512e-01 -1.398114683704335766e+04
7.577000000000000401e-01 -1.398309506364703520e+04
7.578000000000000291e-01 -1.398506492623705526e+04
7.579000000000000181e-01 -1.398705570235259620e+04
7.580000000000000071e-01 -1.398908123181494557e+04
7.580999999999999961e-01 -1.399114923872458166e+04
7.581999999999999851e-01 -1.399324273316066319e+04
7.583000000000000851e-01 -1.399534542624839378e+04
7.584000000000000741e-01 -1.399744724026144831e+04
7.585000000000000631e-01 -1.399954242102927310e+04
7.586000000000000520e-01 -1.400163377950670110e+04
7.587000000000000410e-01 -1.400371705997362551e+04
7.588000000000000300e-01 -1.400578441694519097e+04
7.589000000000000190e-01 -1.400784172598109399e+04
7.590000000000000080e-01 -1.400989274445435331e+04
7.590999999999999970e-01 -1.401193979474491243e+04
7.591999999999999860e-01 -1.401398441258370258e+04
7.593000000000000860e-01 -1.401602801560062107e+04
7.594000000000000750e-01 -1.401807502630730960e+04
7.595000000000000639e-01 -1.402012189287570982e+04
7.596000000000000529e-01 -1.402217226842754644e+04
7.597000000000000419e-01 -1.402422785040745657e+04
7.598000000000000309e-01 -1.402628289234018666e+04
7.599000000000000199e-01 -1.402833836272955887e+04
7.600000000000000089e-01 -1.403039499072084436e+04
7.600999999999999979e-01 -1.403246648923007160e+04
7.601999999999999869e-01 -1.403458694226412990e+04
7.603000000000000869e-01 -1.403675702435667881e+04
7.604000000000000759e-01 -1.403897191890496833e+04
7.605000000000000648e-01 -1.404122342108452904e+04
7.606000000000000538e-01 -1.404350180843680209e+04
7.607000000000000428e-01 -1.404579811326725030e+04
7.608000000000000318e-01 -1.404810794080041160e+04
7.609000000000000208e-01 -1.405042766375949577e+04
7.610000000000000098e-01 -1.405275576568137876e+04
7.610999999999999988e-01 -1.405509030673718735e+04
7.611999999999999877e-01 -1.405742789500126673e+04
7.613000000000000878e-01 -1.405976501780936269e+04
7.614000000000000767e-01 -1.406210019797505083e+04
7.615000000000000657e-01 -1.406443326088678441e+04
7.616000000000000547e-01 -1.406676464862418834e+04
7.617000000000000437e-01 -1.406909601177996046e+04
7.618000000000000327e-01 -1.407143135623844319e+04
7.619000000000000217e-01 -1.407377207496869960e+04
7.620000000000000107e-01 -1.407611754073031989e+04
7.620999999999999996e-01 -1.407846741548665705e+04
7.621999999999999886e-01 -1.408081724832472901e+04
7.623000000000000886e-01 -1.408316533450110001e+04
7.624000000000000776e-01 -1.408551276573500036e+04
7.625000000000000666e-01 -1.408786048906718315e+04
7.626000000000000556e-01 -1.409020191030050228e+04
7.627000000000000446e-01 -1.409254648706308399e+04
7.628000000000000336e-01 -1.409489564790475924e+04
7.629000000000000226e-01 -1.409724528691447449e+04
7.630000000000000115e-01 -1.409959219996562388e+04
7.631000000000000005e-01 -1.410193944557914074e+04
7.631999999999999895e-01 -1.410428622738295235e+04
7.633000000000000895e-01 -1.410663220723105223e+04
7.634000000000000785e-01 -1.410897372181518949e+04
7.635000000000000675e-01 -1.411131757103998279e+04
7.636000000000000565e-01 -1.411366471439483757e+04
7.637000000000000455e-01 -1.411601389860908239e+04
7.638000000000000345e-01 -1.411836469185482929e+04
7.639000000000000234e-01 -1.412071885651018601e+04
7.640000000000000124e-01 -1.412307977312034200e+04
7.641000000000000014e-01 -1.412544781389603486e+04
7.641999999999999904e-01 -1.412782106012070108e+04
7.643000000000000904e-01 -1.413020255551719492e+04
7.644000000000000794e-01 -1.413259067584367949e+04
7.645000000000000684e-01 -1.413498425339613095e+04
7.646000000000000574e-01 -1.413738413585274793e+04
7.647000000000000464e-01 -1.413978973578585283e+04
7.648000000000000353e-01 -1.414220105902552132e+04
7.649000000000000243e-01 -1.414461742228767434e+04
7.650000000000000133e-01 -1.414703808649716484e+04
7.651000000000000023e-01 -1.414946265527915784e+04
7.651999999999999913e-01 -1.415189119363568716e+04
7.653000000000000913e-01 -1.415432476214486633e+04
7.654000000000000803e-01 -1.415676377986071566e+04
7.655000000000000693e-01 -1.415921054636462759e+04
7.656000000000000583e-01 -1.416167070312130454e+04
7.657000000000000473e-01 -1.416415121953384551e+04
7.658000000000000362e-01 -1.416665028799510037e+04
7.659000000000000252e-01 -1.416916723559406091e+04
7.660000000000000142e-01 -1.417170132256505894e+04
7.661000000000000032e-01 -1.417425182865728311e+04
7.661999999999999922e-01 -1.417681810411240258e+04
7.663000000000000922e-01 -1.417939962068180830e+04
7.664000000000000812e-01 -1.418199598203427558e+04
7.665000000000000702e-01 -1.418460692979292980e+04
7.666000000000000592e-01 -1.418723234893608424e+04
7.667000000000000481e-01 -1.418987243090111224e+04
7.668000000000000371e-01 -1.419252828926049733e+04
7.669000000000000261e-01 -1.419520131595400198e+04
7.670000000000000151e-01 -1.419789241923588816e+04
7.671000000000000041e-01 -1.420060201394610340e+04
7.671999999999999931e-01 -1.420333217760799562e+04
7.672999999999999821e-01 -1.420609414251373164e+04
7.674000000000000821e-01 -1.420890797747364559e+04
7.675000000000000711e-01 -1.421179565360367451e+04
7.676000000000000600e-01 -1.421476717149476281e+04
7.677000000000000490e-01 -1.421782048817953000e+04
7.678000000000000380e-01 -1.422095562113466804e+04
7.679000000000000270e-01 -1.422418600032149152e+04
7.680000000000000160e-01 -1.422752319758993326e+04
7.681000000000000050e-01 -1.423097545825352972e+04
7.681999999999999940e-01 -1.423455224075151273e+04
7.682999999999999829e-01 -1.423827629490224354e+04
7.684000000000000830e-01 -1.424217926694365087e+04
7.685000000000000719e-01 -1.424629167864938609e+04
7.686000000000000609e-01 -1.425062560097540700e+04
7.687000000000000499e-01 -1.425525908443522894e+04
7.688000000000000389e-01 -1.426025922936177449e+04
7.689000000000000279e-01 -1.426566026246923866e+04
7.690000000000000169e-01 -1.427149696441123888e+04
7.691000000000000059e-01 -1.427763889897373338e+04
7.691999999999999948e-01 -1.428401505214214558e+04
7.692999999999999838e-01 -1.428901876134805934e+04
7.694000000000000838e-01 -1.429186228214353287e+04
7.695000000000000728e-01 -1.429361980694702470e+04
7.696000000000000618e-01 -1.429518905917435586e+04
7.697000000000000508e-01 -1.429718580816260146e+04
7.698000000000000398e-01 -1.429955397854652801e+04
7.699000000000000288e-01 -1.430182405663641839e+04
7.700000000000000178e-01 -1.430393744035022064e+04
7.701000000000000068e-01 -1.430596737665583714e+04
7.701999999999999957e-01 -1.430798723752246769e+04
7.702999999999999847e-01 -1.431004590106505566e+04
7.704000000000000847e-01 -1.431216804655575652e+04
7.705000000000000737e-01 -1.431435843075017328e+04
7.706000000000000627e-01 -1.431660833013467163e+04
7.707000000000000517e-01 -1.431890210441000272e+04
7.708000000000000407e-01 -1.432121877787691119e+04
7.709000000000000297e-01 -1.432353883215047608e+04
7.710000000000000187e-01 -1.432584840036545029e+04
7.711000000000000076e-01 -1.432814094512613337e+04
7.711999999999999966e-01 -1.433042096333148220e+04
7.712999999999999856e-01 -1.433270627161224184e+04
7.714000000000000856e-01 -1.433500161900235253e+04
7.715000000000000746e-01 -1.433730775084414199e+04
7.716000000000000636e-01 -1.433961264162997577e+04
7.717000000000000526e-01 -1.434190439871358285e+04
7.718000000000000416e-01 -1.434418625645409338e+04
7.719000000000000306e-01 -1.434644851120176281e+04
7.720000000000000195e-01 -1.434869746911456423e+04
7.721000000000000085e-01 -1.435094223053399037e+04
7.721999999999999975e-01 -1.435318991326281321e+04
7.722999999999999865e-01 -1.435544295590598813e+04
7.724000000000000865e-01 -1.435770081313919036e+04
7.725000000000000755e-01 -1.435996207518194933e+04
7.726000000000000645e-01 -1.436222547725463846e+04
7.727000000000000535e-01 -1.436449038856027073e+04
7.728000000000000425e-01 -1.436675642357528704e+04
7.729000000000000314e-01 -1.436902349347560812e+04
7.730000000000000204e-01 -1.437129122538355841e+04
7.731000000000000094e-01 -1.437355921061974368e+04
7.731999999999999984e-01 -1.437582737904292117e+04
7.732999999999999874e-01 -1.437809564710776976e+04
7.734000000000000874e-01 -1.438036398834332613e+04
7.735000000000000764e-01 -1.438263275322045956e+04
7.736000000000000654e-01 -1.438490225240371728e+04
7.737000000000000544e-01 -1.438717253323505065e+04
7.738000000000000433e-01 -1.438944354631005444e+04
7.739000000000000323e-01 -1.439171522609556632e+04
7.740000000000000213e-01 -1.439398751488701600e+04
7.741000000000000103e-01 -1.439626036402230056e+04
7.741999999999999993e-01 -1.439853372870884414e+04
7.742999999999999883e-01 -1.440080756301914698e+04
7.744000000000000883e-01 -1.440308181700394925e+04
7.745000000000000773e-01 -1.440535643610118314e+04
7.746000000000000663e-01 -1.440763136250315256e+04
7.747000000000000552e-01 -1.440990640534541853e+04
7.748000000000000442e-01 -1.441218107831806083e+04
7.749000000000000332e-01 -1.441445513621067039e+04
7.750000000000000222e-01 -1.441672825637343885e+04
7.751000000000000112e-01 -1.441900046381830543e+04
7.752000000000000002e-01 -1.442127291744984905e+04
7.752999999999999892e-01 -1.442354620133195203e+04
7.754000000000000892e-01 -1.442582039101726696e+04
7.755000000000000782e-01 -1.442809541581833219e+04
7.756000000000000671e-01 -1.443037119685307698e+04
7.757000000000000561e-01 -1.443264767673957067e+04
7.758000000000000451e-01 -1.443492481933942872e+04
7.759000000000000341e-01 -1.443720260278085516e+04
7.760000000000000231e-01 -1.443948101273342581e+04
7.761000000000000121e-01 -1.444176003747849245e+04
7.762000000000000011e-01 -1.444403966470286105e+04
7.762999999999999901e-01 -1.444631988262075356e+04
7.764000000000000901e-01 -1.444860240751150741e+04
7.765000000000000790e-01 -1.445088831934888367e+04
7.766000000000000680e-01 -1.445317413298123938e+04
7.767000000000000570e-01 -1.445545851691973076e+04
7.768000000000000460e-01 -1.445774144044803143e+04
7.769000000000000350e-01 -1.446002321366541582e+04
7.770000000000000240e-01 -1.446230417919016872e+04
7.771000000000000130e-01 -1.446458462916360804e+04
7.772000000000000020e-01 -1.446686524380187075e+04
7.772999999999999909e-01 -1.446914528995099863e+04
7.774000000000000909e-01 -1.447142295122758151e+04
7.775000000000000799e-01 -1.447369769812238155e+04
7.776000000000000689e-01 -1.447597001098038527e+04
7.777000000000000579e-01 -1.447824052323614706e+04
7.778000000000000469e-01 -1.448050975431672487e+04
7.779000000000000359e-01 -1.448277681323295838e+04
7.780000000000000249e-01 -1.448504428358044242e+04
7.781000000000000139e-01 -1.448755451511103638e+04
7.782000000000000028e-01 -1.449028846627986968e+04
7.782999999999999918e-01 -1.449311087021258027e+04
7.784000000000000918e-01 -1.449627865968199330e+04
7.785000000000000808e-01 -1.449940973304066029e+04
7.786000000000000698e-01 -1.450235967881016950e+04
7.787000000000000588e-01 -1.450512886109571446e+04
7.788000000000000478e-01 -1.450775471098923117e+04
7.789000000000000368e-01 -1.451027828682949257e+04
7.790000000000000258e-01 -1.451272871874816519e+04
7.791000000000000147e-01 -1.451520933187209812e+04
7.792000000000000037e-01 -1.451776036065913468e+04
7.792999999999999927e-01 -1.452027358238216220e+04
7.794000000000000927e-01 -1.452271213954541963e+04
7.795000000000000817e-01 -1.452509201099560414e+04
7.796000000000000707e-01 -1.452757798908886980e+04
7.797000000000000597e-01 -1.453008905061423138e+04
7.798000000000000487e-01 -1.453252099505438673e+04
7.799000000000000377e-01 -1.453489716404796309e+04
7.800000000000000266e-01 -1.453723534911002935e+04
7.801000000000000156e-01 -1.453953450008245636e+04
7.802000000000000046e-01 -1.454177520696649299e+04
7.802999999999999936e-01 -1.454396270037203431e+04
7.803999999999999826e-01 -1.454610845567226716e+04
7.805000000000000826e-01 -1.454822316217473417e+04
7.806000000000000716e-01 -1.455031294996781980e+04
7.807000000000000606e-01 -1.455238371077806187e+04
7.808000000000000496e-01 -1.455444081277178702e+04
7.809000000000000385e-01 -1.455648792803071410e+04
7.810000000000000275e-01 -1.455852341237943801e+04
7.811000000000000165e-01 -1.456055535491750925e+04
7.812000000000000055e-01 -1.456258595417805736e+04
7.812999999999999945e-01 -1.456461076757174123e+04
7.813999999999999835e-01 -1.456663168866100750e+04
7.815000000000000835e-01 -1.456865073716880943e+04
7.816000000000000725e-01 -1.457066887838892399e+04
7.817000000000000615e-01 -1.457268625463634817e+04
7.818000000000000504e-01 -1.457470204544252374e+04
7.819000000000000394e-01 -1.457671368761298072e+04
7.820000000000000284e-01 -1.457871998195376364e+04
7.821000000000000174e-01 -1.458072454603464394e+04
7.822000000000000064e-01 -1.458272642358176745e+04
7.822999999999999954e-01 -1.458472530810205171e+04
7.823999999999999844e-01 -1.458672171011421779e+04
7.825000000000000844e-01 -1.458871628025988684e+04
7.826000000000000734e-01 -1.459070879818341200e+04
7.827000000000000624e-01 -1.459269647953971617e+04
7.828000000000000513e-01 -1.459468801538043590e+04
7.829000000000000403e-01 -1.459668358979866025e+04
7.830000000000000293e-01 -1.459868187476092862e+04
7.831000000000000183e-01 -1.460068088353292660e+04
7.832000000000000073e-01 -1.460267983569849457e+04
7.832999999999999963e-01 -1.460467836090449600e+04
7.833999999999999853e-01 -1.460667539305220271e+04
7.835000000000000853e-01 -1.460867207947662610e+04
7.836000000000000743e-01 -1.461066941551891250e+04
7.837000000000000632e-01 -1.461266603245685474e+04
7.838000000000000522e-01 -1.461466019049780698e+04
7.839000000000000412e-01 -1.461665171616346925e+04
7.840000000000000302e-01 -1.461864040789519277e+04
7.841000000000000192e-01 -1.462062617738162226e+04
7.842000000000000082e-01 -1.462260950244178093e+04
7.842999999999999972e-01 -1.462459066417921167e+04
7.843999999999999861e-01 -1.462656981665419698e+04
7.845000000000000862e-01 -1.462854706540030566e+04
7.846000000000000751e-01 -1.463052250260378969e+04
7.847000000000000641e-01 -1.463249622004191951e+04
7.848000000000000531e-01 -1.463446831211349672e+04
7.849000000000000421e-01 -1.463643887460120095e+04
7.850000000000000311e-01 -1.463840800166160079e+04
7.851000000000000201e-01 -1.464037578215433314e+04
7.852000000000000091e-01 -1.464234229575992867e+04
7.852999999999999980e-01 -1.464430760901162648e+04
7.853999999999999870e-01 -1.464627332874213971e+04
7.855000000000000870e-01 -1.464824117504494279e+04
7.856000000000000760e-01 -1.465021079244805151e+04
7.857000000000000650e-01 -1.465228749767544105e+04
7.858000000000000540e-01 -1.465501431763230357e+04
7.859000000000000430e-01 -1.465783949537633271e+04
7.860000000000000320e-01 -1.466044210127327278e+04
7.861000000000000210e-01 -1.466284677509796529e+04
7.862000000000000099e-01 -1.466511915254598898e+04
7.862999999999999989e-01 -1.466732849097613507e+04
7.863999999999999879e-01 -1.467017876872128545e+04
7.865000000000000879e-01 -1.467326960025570588e+04
7.866000000000000769e-01 -1.467611112920403866e+04
7.867000000000000659e-01 -1.467870622329519028e+04
7.868000000000000549e-01 -1.468113104805564763e+04
7.869000000000000439e-01 -1.468343878313508867e+04
7.870000000000000329e-01 -1.468566187888900822e+04
7.871000000000000218e-01 -1.468781861108120393e+04
7.872000000000000108e-01 -1.468992103765327192e+04
7.872999999999999998e-01 -1.469197954915631999e+04
7.873999999999999888e-01 -1.469400269525940894e+04
7.875000000000000888e-01 -1.469599741809185252e+04
7.876000000000000778e-01 -1.469797211243451056e+04
7.877000000000000668e-01 -1.469992866880217298e+04
7.878000000000000558e-01 -1.470186937613268856e+04
7.879000000000000448e-01 -1.470379952988853256e+04
7.880000000000000338e-01 -1.470572290217171030e+04
7.881000000000000227e-01 -1.470764174109706983e+04
7.882000000000000117e-01 -1.470955502421422716e+04
7.883000000000000007e-01 -1.471145905034053067e+04
7.883999999999999897e-01 -1.471335428401236095e+04
7.885000000000000897e-01 -1.471524230389752120e+04
7.886000000000000787e-01 -1.471712418715582135e+04
7.887000000000000677e-01 -1.471900061727968932e+04
7.888000000000000567e-01 -1.472087244019994432e+04
7.889000000000000457e-01 -1.472274003913845081e+04
7.890000000000000346e-01 -1.472460346005361316e+04
7.891000000000000236e-01 -1.472646255511038726e+04
7.892000000000000126e-01 -1.472831808029716740e+04
7.893000000000000016e-01 -1.473018036716400093e+04
7.893999999999999906e-01 -1.473204466452201996e+04
7.895000000000000906e-01 -1.473390714928530906e+04
7.896000000000000796e-01 -1.473576294799756033e+04
7.897000000000000686e-01 -1.473760559331538752e+04
7.898000000000000576e-01 -1.473942703417580742e+04
7.899000000000000465e-01 -1.474124114469418237e+04
7.900000000000000355e-01 -1.474303111766746224e+04
7.901000000000000245e-01 -1.474482478260388416e+04
7.902000000000000135e-01 -1.474669906618768800e+04
7.903000000000000025e-01 -1.474869256917949315e+04
7.903999999999999915e-01 -1.475073527379073676e+04
7.905000000000000915e-01 -1.475272256028451375e+04
7.906000000000000805e-01 -1.475462186111387746e+04
7.907000000000000695e-01 -1.475645848171142643e+04
7.908000000000000584e-01 -1.475823418843281797e+04
7.909000000000000474e-01 -1.475997777378053615e+04
7.910000000000000364e-01 -1.476171682124115978e+04
7.911000000000000254e-01 -1.476348424413197608e+04
7.912000000000000144e-01 -1.476531337957213873e+04
7.913000000000000034e-01 -1.476727413849654295e+04
7.913999999999999924e-01 -1.476934112429851120e+04
7.915000000000000924e-01 -1.477142495367011179e+04
7.916000000000000814e-01 -1.477345940733182761e+04
7.917000000000000703e-01 -1.477542323885832593e+04
7.918000000000000593e-01 -1.477733197807494253e+04
7.919000000000000483e-01 -1.477921905719242204e+04
7.920000000000000373e-01 -1.478111420710761922e+04
7.921000000000000263e-01 -1.478302908267937164e+04
7.922000000000000153e-01 -1.478495499429492338e+04
7.923000000000000043e-01 -1.478686737471984998e+04
7.923999999999999932e-01 -1.478874732426557239e+04
7.925000000000000933e-01 -1.479058638986080950e+04
7.926000000000000822e-01 -1.479237468755557165e+04
7.927000000000000712e-01 -1.479409486552210365e+04
7.928000000000000602e-01 -1.479572263080528865e+04
7.929000000000000492e-01 -1.479723102303153792e+04
7.930000000000000382e-01 -1.479859452782077096e+04
7.931000000000000272e-01 -1.479978858374956326e+04
7.932000000000000162e-01 -1.480078799741574585e+04
7.933000000000000052e-01 -1.480156783388778058e+04
7.933999999999999941e-01 -1.480211504390532536e+04
7.934999999999999831e-01 -1.480243732559784257e+04
7.936000000000000831e-01 -1.480253667461331861e+04
7.937000000000000721e-01 -1.480239595904500311e+04
7.938000000000000611e-01 -1.480199929317172246e+04
7.939000000000000501e-01 -1.480134790864512070e+04
7.940000000000000391e-01 -1.480052199877860767e+04
7.941000000000000281e-01 -1.479956321937501889e+04
7.942000000000000171e-01 -1.479846813456065684e+04
7.943000000000000060e-01 -1.479722664854559116e+04
7.943999999999999950e-01 -1.479589477133770197e+04
7.944999999999999840e-01 -1.479458697415075039e+04
7.946000000000000840e-01 -1.479329150090968869e+04
7.947000000000000730e-01 -1.479210092558042197e+04
7.948000000000000620e-01 -1.479154029519769210e+04
7.949000000000000510e-01 -1.479191472161457204e+04
7.950000000000000400e-01 -1.479302888468625315e+04
7.951000000000000290e-01 -1.479458141924249321e+04
7.952000000000000179e-01 -1.479635723449665966e+04
7.953000000000000069e-01 -1.479832324883605725e+04
7.953999999999999959e-01 -1.480041730155865480e+04
7.954999999999999849e-01 -1.480255974158010577e+04
7.956000000000000849e-01 -1.480473969330985710e+04
7.957000000000000739e-01 -1.480691736051278167e+04
7.958000000000000629e-01 -1.480903321765573310e+04
7.959000000000000519e-01 -1.481103498592665528e+04
7.960000000000000409e-01 -1.481301719467894873e+04
7.961000000000000298e-01 -1.481498408261800250e+04
7.962000000000000188e-01 -1.481694356034209704e+04
7.963000000000000078e-01 -1.481890427723758148e+04
7.963999999999999968e-01 -1.482090428331019211e+04
7.964999999999999858e-01 -1.482306759660441276e+04
7.966000000000000858e-01 -1.482539007222331566e+04
7.967000000000000748e-01 -1.482772568455818146e+04
7.968000000000000638e-01 -1.482999788202294803e+04
7.969000000000000528e-01 -1.483218460875124947e+04
7.970000000000000417e-01 -1.483429761213994061e+04
7.971000000000000307e-01 -1.483635347973722492e+04
7.972000000000000197e-01 -1.483836720093941403e+04
7.973000000000000087e-01 -1.484036628173590725e+04
7.973999999999999977e-01 -1.484235041404087133e+04
7.974999999999999867e-01 -1.484429798373074846e+04
7.976000000000000867e-01 -1.484621935189854776e+04
7.977000000000000757e-01 -1.484812124164331726e+04
7.978000000000000647e-01 -1.485001087070686299e+04
7.979000000000000536e-01 -1.485189797576215824e+04
7.980000000000000426e-01 -1.485379605390179313e+04
7.981000000000000316e-01 -1.485570991456822594e+04
7.982000000000000206e-01 -1.485764170430953163e+04
7.983000000000000096e-01 -1.485959238784937043e+04
7.983999999999999986e-01 -1.486155513042673920e+04
7.984999999999999876e-01 -1.486352847662924796e+04
7.986000000000000876e-01 -1.486552098429420039e+04
7.987000000000000766e-01 -1.486753772176006169e+04
7.988000000000000655e-01 -1.486957060548660411e+04
7.989000000000000545e-01 -1.487161753538616722e+04
7.990000000000000435e-01 -1.487366372478189805e+04
7.991000000000000325e-01 -1.487571114277667039e+04
7.992000000000000215e-01 -1.487776083008256319e+04
7.993000000000000105e-01 -1.487981130084459983e+04
7.993999999999999995e-01 -1.488186419925364862e+04
7.994999999999999885e-01 -1.488391844053870591e+04
7.996000000000000885e-01 -1.488596686761313867e+04
7.997000000000000774e-01 -1.488801181090813225e+04
7.998000000000000664e-01 -1.489005515284530520e+04
7.999000000000000554e-01 -1.489209825235738572e+04
8.000000000000000444e-01 -1.489414301784533927e+04
8.001000000000000334e-01 -1.489792672581031547e+04
8.002000000000000224e-01 -1.490290042471148081e+04
8.003000000000000114e-01 -1.490814342142192254e+04
8.004000000000000004e-01 -1.491368092385763885e+04
8.004999999999999893e-01 -1.491985466243950032e+04
8.006000000000000894e-01 -1.492681008817087604e+04
8.007000000000000783e-01 -1.493452883696047866e+04
8.008000000000000673e-01 -1.494289877485782017e+04
8.009000000000000563e-01 -1.495166981951660637e+04
8.010000000000000453e-01 -1.496089373989400701e+04
8.011000000000000343e-01 -1.497052173597747969e+04
8.012000000000000233e-01 -1.497908480786944529e+04
8.013000000000000123e-01 -1.498433655194245694e+04
8.014000000000000012e-01 -1.498713720136196935e+04
8.014999999999999902e-01 -1.498879557212094187e+04
8.016000000000000902e-01 -1.498995648196887487e+04
8.017000000000000792e-01 -1.499082311539773218e+04
8.018000000000000682e-01 -1.499165133670675095e+04
8.019000000000000572e-01 -1.499243221024135710e+04
8.020000000000000462e-01 -1.499406589052662821e+04
8.021000000000000352e-01 -1.499644057948811133e+04
8.022000000000000242e-01 -1.499873500946831336e+04
8.023000000000000131e-01 -1.500122278704780911e+04
8.024000000000000021e-01 -1.500343194942045375e+04
8.024999999999999911e-01 -1.500519987157936521e+04
8.026000000000000911e-01 -1.500663888991348722e+04
8.027000000000000801e-01 -1.500786185476322862e+04
8.028000000000000691e-01 -1.500895631621142638e+04
8.029000000000000581e-01 -1.500998222253752101e+04
8.030000000000000471e-01 -1.501095977705842051e+04
8.031000000000000361e-01 -1.501185341381784747e+04
8.032000000000000250e-01 -1.501263238895799623e+04
8.033000000000000140e-01 -1.501329471843861029e+04
8.034000000000000030e-01 -1.501383995121854059e+04
8.034999999999999920e-01 -1.501425444682065972e+04
8.036000000000000920e-01 -1.501451010597249660e+04
8.037000000000000810e-01 -1.501458388814477439e+04
8.038000000000000700e-01 -1.501448525885514391e+04
8.039000000000000590e-01 -1.501427643604817786e+04
8.040000000000000480e-01 -1.501396929049846949e+04
8.041000000000000369e-01 -1.501355042501433127e+04
8.042000000000000259e-01 -1.501301211596983921e+04
8.043000000000000149e-01 -1.501232804005318576e+04
8.044000000000000039e-01 -1.501157604043952779e+04
8.044999999999999929e-01 -1.501079660430817785e+04
8.046000000000000929e-01 -1.500999025670292394e+04
8.047000000000000819e-01 -1.500922597320507521e+04
8.048000000000000709e-01 -1.500880029782418933e+04
8.049000000000000599e-01 -1.500897185327616717e+04
8.050000000000000488e-01 -1.500969131849295263e+04
8.051000000000000378e-01 -1.501088708281008076e+04
8.052000000000000268e-01 -1.501239610658230777e+04
8.053000000000000158e-01 -1.501411092392902356e+04
8.054000000000000048e-01 -1.501595888979416486e+04
8.054999999999999938e-01 -1.501790395798577447e+04
8.056000000000000938e-01 -1.501990239550404658e+04
8.057000000000000828e-01 -1.502195553570965603e+04
8.058000000000000718e-01 -1.502404723458393528e+04
8.059000000000000608e-01 -1.502615468448667343e+04
8.060000000000000497e-01 -1.502824744836935315e+04
8.061000000000000387e-01 -1.503031729876081954e+04
8.062000000000000277e-01 -1.503237310881268058e+04
8.063000000000000167e-01 -1.503448318490647944e+04
8.064000000000000057e-01 -1.503667203523260832e+04
8.064999999999999947e-01 -1.503884748766656958e+04
8.065999999999999837e-01 -1.504098909431277389e+04
8.067000000000000837e-01 -1.504311496309891118e+04
8.068000000000000727e-01 -1.504523539229448033e+04
8.069000000000000616e-01 -1.504735499468306625e+04
8.070000000000000506e-01 -1.504947408132476266e+04
8.071000000000000396e-01 -1.505158559639124724e+04
8.072000000000000286e-01 -1.505367948335278561e+04
8.073000000000000176e-01 -1.505575303851635908e+04
8.074000000000000066e-01 -1.505780602353411814e+04
8.074999999999999956e-01 -1.505983728243354381e+04
8.075999999999999845e-01 -1.506184425046277465e+04
8.077000000000000846e-01 -1.506383172395585643e+04
8.078000000000000735e-01 -1.506579979016502512e+04
8.079000000000000625e-01 -1.506774916800612300e+04
8.080000000000000515e-01 -1.506968373472089843e+04
8.081000000000000405e-01 -1.507160703980670223e+04
8.082000000000000295e-01 -1.507352176348671310e+04
8.083000000000000185e-01 -1.507542978498358571e+04
8.084000000000000075e-01 -1.507733480302419412e+04
8.084999999999999964e-01 -1.507924427481749080e+04
8.085999999999999854e-01 -1.508114911392022623e+04
8.087000000000000854e-01 -1.508307713932019033e+04
8.088000000000000744e-01 -1.508502731724389923e+04
8.089000000000000634e-01 -1.508699609224681262e+04
8.090000000000000524e-01 -1.508898466804959571e+04
8.091000000000000414e-01 -1.509099103138570717e+04
8.092000000000000304e-01 -1.509300966151165449e+04
8.093000000000000194e-01 -1.509503550096989238e+04
8.094000000000000083e-01 -1.509706563986411129e+04
8.094999999999999973e-01 -1.509909838411498276e+04
8.095999999999999863e-01 -1.510113248862692126e+04
8.097000000000000863e-01 -1.510316687942660428e+04
8.098000000000000753e-01 -1.510520060120454582e+04
8.099000000000000643e-01 -1.510723300201738675e+04
8.100000000000000533e-01 -1.510926410483050677e+04
8.101000000000000423e-01 -1.511130759505798960e+04
8.102000000000000313e-01 -1.511339812918030111e+04
8.103000000000000203e-01 -1.511553469485952519e+04
8.104000000000000092e-01 -1.511771183118132831e+04
8.104999999999999982e-01 -1.511991887848739862e+04
8.105999999999999872e-01 -1.512214575246885943e+04
8.107000000000000872e-01 -1.512438749772192023e+04
8.108000000000000762e-01 -1.512664096944417179e+04
8.109000000000000652e-01 -1.512890444939352892e+04
8.110000000000000542e-01 -1.513117655848154209e+04
8.111000000000000432e-01 -1.513345564311139060e+04
8.112000000000000322e-01 -1.513574014504156003e+04
8.113000000000000211e-01 -1.513802885379206054e+04
8.114000000000000101e-01 -1.514032078235636072e+04
8.114999999999999991e-01 -1.514261336584038145e+04
8.115999999999999881e-01 -1.514490462972808564e+04
8.117000000000000881e-01 -1.514720127054564909e+04
8.118000000000000771e-01 -1.514949840587689869e+04
8.119000000000000661e-01 -1.515179448847787899e+04
8.120000000000000551e-01 -1.515408931542206847e+04
8.121000000000000441e-01 -1.515638327528859554e+04
8.122000000000000330e-01 -1.515867983782914598e+04
8.123000000000000220e-01 -1.516097909937673649e+04
8.124000000000000110e-01 -1.516327635678409752e+04
8.125000000000000000e-01 -1.516557710861927262e+04
8.125999999999999890e-01 -1.516788511897379612e+04
8.127000000000000890e-01 -1.517019893759581282e+04
8.128000000000000780e-01 -1.517251757602566977e+04
8.129000000000000670e-01 -1.517484043819830549e+04
8.130000000000000560e-01 -1.517716719795227618e+04
8.131000000000000449e-01 -1.517949767587797032e+04
8.132000000000000339e-01 -1.518182913044972520e+04
8.133000000000000229e-01 -1.518416302997043931e+04
8.134000000000000119e-01 -1.518650265408649284e+04
8.135000000000000009e-01 -1.518884763521973400e+04
8.135999999999999899e-01 -1.519119740982632538e+04
8.137000000000000899e-01 -1.519355176616649987e+04
8.138000000000000789e-01 -1.519591100311108494e+04
8.139000000000000679e-01 -1.519827342300346390e+04
8.140000000000000568e-01 -1.520063785729761548e+04
8.141000000000000458e-01 -1.520300378738164181e+04
8.142000000000000348e-01 -1.520537095870701705e+04
8.143000000000000238e-01 -1.520773919060082699e+04
8.144000000000000128e-01 -1.521010832308089994e+04
8.145000000000000018e-01 -1.521247821983289759e+04
8.145999999999999908e-01 -1.521484877633336146e+04
8.147000000000000908e-01 -1.521721993852630294e+04
8.148000000000000798e-01 -1.521959172059779667e+04
8.149000000000000687e-01 -1.522196422257958511e+04
8.150000000000000577e-01 -1.522433765639791818e+04
8.151000000000000467e-01 -1.522671241118435682e+04
8.152000000000000357e-01 -1.522908979191744947e+04
8.153000000000000247e-01 -1.523147265073580638e+04
8.154000000000000137e-01 -1.523386332077618863e+04
8.155000000000000027e-01 -1.523626675679689833e+04
8.155999999999999917e-01 -1.523868980523261780e+04
8.157000000000000917e-01 -1.524113448137275554e+04
8.158000000000000806e-01 -1.524360104456263980e+04
8.159000000000000696e-01 -1.524609097587572978e+04
8.160000000000000586e-01 -1.524860292956649937e+04
8.161000000000000476e-01 -1.525113534633720519e+04
8.162000000000000366e-01 -1.525368708598871490e+04
8.163000000000000256e-01 -1.525625730438302890e+04
8.164000000000000146e-01 -1.525884541451924088e+04
8.165000000000000036e-01 -1.526145109440396845e+04
8.165999999999999925e-01 -1.526407435498095401e+04
8.167000000000000925e-01 -1.526671754720676654e+04
8.168000000000000815e-01 -1.526938913931004754e+04
8.169000000000000705e-01 -1.527209946099721674e+04
8.170000000000000595e-01 -1.527485986303130812e+04
8.171000000000000485e-01 -1.527767429488290873e+04
8.172000000000000375e-01 -1.528054149444477844e+04
8.173000000000000265e-01 -1.528346866530983425e+04
8.174000000000000155e-01 -1.528647445473293374e+04
8.175000000000000044e-01 -1.528957011644920749e+04
8.175999999999999934e-01 -1.529275986162751906e+04
8.177000000000000934e-01 -1.529604622698877756e+04
8.178000000000000824e-01 -1.529943300378983440e+04
8.179000000000000714e-01 -1.530292676656550066e+04
8.180000000000000604e-01 -1.530653904214907743e+04
8.181000000000000494e-01 -1.531029611896125789e+04
8.182000000000000384e-01 -1.531423088661358997e+04
8.183000000000000274e-01 -1.531833942873257365e+04
8.184000000000000163e-01 -1.532266903681039730e+04
8.185000000000000053e-01 -1.532725061645054302e+04
8.185999999999999943e-01 -1.533210667765970356e+04
8.187000000000000943e-01 -1.533719260329497229e+04
8.188000000000000833e-01 -1.534259975659755401e+04
8.189000000000000723e-01 -1.534838279225511360e+04
8.190000000000000613e-01 -1.535422725618172080e+04
8.191000000000000503e-01 -1.535880637654438760e+04
8.192000000000000393e-01 -1.536171807055093996e+04
8.193000000000000282e-01 -1.536391163512204184e+04
8.194000000000000172e-01 -1.536597935158568180e+04
8.195000000000000062e-01 -1.536798646816318251e+04
8.195999999999999952e-01 -1.536989231023258435e+04
8.196999999999999842e-01 -1.537175389908424040e+04
8.198000000000000842e-01 -1.537363504537870358e+04
8.199000000000000732e-01 -1.537557458828095150e+04
8.200000000000000622e-01 -1.537758497771698603e+04
8.201000000000000512e-01 -1.537967062073076704e+04
8.202000000000000401e-01 -1.538183280974463742e+04
8.203000000000000291e-01 -1.538406325141123307e+04
8.204000000000000181e-01 -1.538634593171446249e+04
8.205000000000000071e-01 -1.538866003092876963e+04
8.205999999999999961e-01 -1.539098211030525272e+04
8.206999999999999851e-01 -1.539329691670920511e+04
8.208000000000000851e-01 -1.539560174358404402e+04
8.209000000000000741e-01 -1.539789102269919749e+04
8.210000000000000631e-01 -1.540016114306099007e+04
8.211000000000000520e-01 -1.540241105528575463e+04
8.212000000000000410e-01 -1.540464444239481418e+04
8.213000000000000300e-01 -1.540686974303701572e+04
8.214000000000000190e-01 -1.540909260932122015e+04
8.215000000000000080e-01 -1.541131601974709156e+04
8.215999999999999970e-01 -1.541354163471427819e+04
8.216999999999999860e-01 -1.541577001892282533e+04
8.218000000000000860e-01 -1.541800102684856938e+04
8.219000000000000750e-01 -1.542023405292973803e+04
8.220000000000000639e-01 -1.542246833100253207e+04
8.221000000000000529e-01 -1.542470448521966500e+04
8.222000000000000419e-01 -1.542694152979985301e+04
8.223000000000000309e-01 -1.542917741638784719e+04
8.224000000000000199e-01 -1.543141181548024360e+04
8.225000000000000089e-01 -1.543364488859276753e+04
8.225999999999999979e-01 -1.543587669623251168e+04
8.226999999999999869e-01 -1.543810735794702487e+04
8.228000000000000869e-01 -1.544033710768206038e+04
8.229000000000000759e-01 -1.544256629281275491e+04
8.230000000000000648e-01 -1.544479526130713930e+04
8.231000000000000538e-01 -1.544702581699998882e+04
8.232000000000000428e-01 -1.544925846298663600e+04
8.233000000000000318e-01 -1.545149223864533633e+04
8.234000000000000208e-01 -1.545372686460371733e+04
8.235000000000000098e-01 -1.545596220485328740e+04
8.235999999999999988e-01 -1.545819797199693858e+04
8.236999999999999877e-01 -1.546043375578935957e+04
8.238000000000000878e-01 -1.546266921776837262e+04
8.239000000000000767e-01 -1.546490414100300040e+04
8.240000000000000657e-01 -1.546713819660446461e+04
8.241000000000000547e-01 -1.546937123086939209e+04
8.242000000000000437e-01 -1.547160318834776626e+04
8.243000000000000327e-01 -1.547383388813495731e+04
8.244000000000000217e-01 -1.547606355275751594e+04
8.245000000000000107e-01 -1.547829252643692598e+04
8.245999999999999996e-01 -1.548052113245650980e+04
8.246999999999999886e-01 -1.548274953545198696e+04
8.248000000000000886e-01 -1.548497777212047004e+04
8.249000000000000776e-01 -1.548720582910445228e+04
8.250000000000000666e-01 -1.548943369055987205e+04
8.251000000000000556e-01 -1.549166139244248188e+04
8.252000000000000446e-01 -1.549388900043973808e+04
8.253000000000000336e-01 -1.549611652395756391e+04
8.254000000000000226e-01 -1.549834381819340888e+04
8.255000000000000115e-01 -1.550057004437188698e+04
8.256000000000000005e-01 -1.550279641814562456e+04
8.256999999999999895e-01 -1.550502346864224819e+04
8.258000000000000895e-01 -1.550725112561396236e+04
8.259000000000000785e-01 -1.550947923095738588e+04
8.260000000000000675e-01 -1.551170736405756361e+04
8.261000000000000565e-01 -1.551393591628141621e+04
8.262000000000000455e-01 -1.551616586132378143e+04
8.263000000000000345e-01 -1.551839722722521401e+04
8.264000000000000234e-01 -1.552062967973869308e+04
8.265000000000000124e-01 -1.552286281577768750e+04
8.266000000000000014e-01 -1.552509629109116213e+04
8.266999999999999904e-01 -1.552732986554568561e+04
8.268000000000000904e-01 -1.552956340210629787e+04
8.269000000000000794e-01 -1.553179684207546597e+04
8.270000000000000684e-01 -1.553403016685304283e+04
8.271000000000000574e-01 -1.553626339837755222e+04
8.272000000000000464e-01 -1.553849656725225032e+04
8.273000000000000353e-01 -1.554072968149737426e+04
8.274000000000000243e-01 -1.554296272971934195e+04
8.275000000000000133e-01 -1.554519570848575313e+04
8.276000000000000023e-01 -1.554742861445814015e+04
8.276999999999999913e-01 -1.554966156066402982e+04
8.278000000000000913e-01 -1.555189607570756198e+04
8.279000000000000803e-01 -1.555412963714314355e+04
8.280000000000000693e-01 -1.555636207758301862e+04
8.281000000000000583e-01 -1.555859452640125164e+04
8.282000000000000473e-01 -1.556082694259388154e+04
8.283000000000000362e-01 -1.556305842900150492e+04
8.284000000000000252e-01 -1.556528797663716068e+04
8.285000000000000142e-01 -1.556751510795426475e+04
8.286000000000000032e-01 -1.556974024132588784e+04
8.286999999999999922e-01 -1.557196389941831876e+04
8.288000000000000922e-01 -1.557418656495925825e+04
8.289000000000000812e-01 -1.557640863010136127e+04
8.290000000000000702e-01 -1.557863037504842396e+04
8.291000000000000592e-01 -1.558085169458017663e+04
8.292000000000000481e-01 -1.558307179055717279e+04
8.293000000000000371e-01 -1.558528992315379401e+04
8.294000000000000261e-01 -1.558750614836884597e+04
8.295000000000000151e-01 -1.558972098457763423e+04
8.296000000000000041e-01 -1.559193485828682788e+04
8.296999999999999931e-01 -1.559414803062410283e+04
8.298000000000000931e-01 -1.559636064274128148e+04
8.299000000000000821e-01 -1.559857276468914824e+04
8.300000000000000711e-01 -1.560078443513441016e+04
8.301000000000000600e-01 -1.560298273218439681e+04
8.302000000000000490e-01 -1.560513966363902182e+04
8.303000000000000380e-01 -1.560725902881439106e+04
8.304000000000000270e-01 -1.560935120384340917e+04
8.305000000000000160e-01 -1.561142433971293940e+04
8.306000000000000050e-01 -1.561348394046878457e+04
8.306999999999999940e-01 -1.561553406606176395e+04
8.308000000000000940e-01 -1.561757748634134077e+04
8.309000000000000830e-01 -1.561961565535875889e+04
8.310000000000000719e-01 -1.562164964852414596e+04
8.311000000000000609e-01 -1.562368035056713779e+04
8.312000000000000499e-01 -1.562570849218226249e+04
8.313000000000000389e-01 -1.562773464843936927e+04
8.314000000000000279e-01 -1.562975912773763775e+04
8.315000000000000169e-01 -1.563178156397829116e+04
8.316000000000000059e-01 -1.563380129493395179e+04
8.316999999999999948e-01 -1.563581873633451323e+04
8.318000000000000949e-01 -1.563783448114347630e+04
8.319000000000000838e-01 -1.563984874338143709e+04
8.320000000000000728e-01 -1.564186161030360563e+04
8.321000000000000618e-01 -1.564387322384284016e+04
8.322000000000000508e-01 -1.564588370465610024e+04
8.323000000000000398e-01 -1.564789316237154344e+04
8.324000000000000288e-01 -1.564990170683912947e+04
8.325000000000000178e-01 -1.565190942319169335e+04
8.326000000000000068e-01 -1.565391634013835210e+04
8.326999999999999957e-01 -1.565592201515563283e+04
8.327999999999999847e-01 -1.565792606150352367e+04
8.329000000000000847e-01 -1.565992831444248259e+04
8.330000000000000737e-01 -1.566192896204077806e+04
8.331000000000000627e-01 -1.566392822989777414e+04
8.332000000000000517e-01 -1.566592734309171465e+04
8.333000000000000407e-01 -1.566792471698871850e+04
8.334000000000000297e-01 -1.566992051356497541e+04
8.335000000000000187e-01 -1.567191538132873939e+04
8.336000000000000076e-01 -1.567390942322496448e+04
8.336999999999999966e-01 -1.567590267143059646e+04
8.337999999999999856e-01 -1.567789518056963971e+04
8.339000000000000856e-01 -1.567988691344711515e+04
8.340000000000000746e-01 -1.568187829415248052e+04
8.341000000000000636e-01 -1.568387054191078096e+04
8.342000000000000526e-01 -1.568586370978786545e+04
8.343000000000000416e-01 -1.568785754912151242e+04
8.344000000000000306e-01 -1.568985183402882467e+04
8.345000000000000195e-01 -1.569184642568447998e+04
8.346000000000000085e-01 -1.569384160816858457e+04
8.346999999999999975e-01 -1.569583819437069724e+04
8.347999999999999865e-01 -1.569783699961946513e+04
8.349000000000000865e-01 -1.569983879080657061e+04
8.350000000000000755e-01 -1.570184290140847042e+04
8.351000000000000645e-01 -1.570384834999089799e+04
8.352000000000000535e-01 -1.570585433951582672e+04
8.353000000000000425e-01 -1.570785951831960847e+04
8.354000000000000314e-01 -1.570986396421132122e+04
8.355000000000000204e-01 -1.571186829070255772e+04
8.356000000000000094e-01 -1.571387256493788118e+04
8.356999999999999984e-01 -1.571587669293536783e+04
8.357999999999999874e-01 -1.571788038028239862e+04
8.359000000000000874e-01 -1.571988391241032332e+04
8.360000000000000764e-01 -1.572188774432746141e+04
8.361000000000000654e-01 -1.572389167188697502e+04
8.362000000000000544e-01 -1.572589419409289258e+04
8.363000000000000433e-01 -1.572789406934114777e+04
8.364000000000000323e-01 -1.572989155983141791e+04
8.365000000000000213e-01 -1.573188735094807635e+04
8.366000000000000103e-01 -1.573388217814155905e+04
8.366999999999999993e-01 -1.573587800167473142e+04
8.367999999999999883e-01 -1.573787593377417033e+04
8.369000000000000883e-01 -1.573986997571673419e+04
8.370000000000000773e-01 -1.574186291125191383e+04
8.371000000000000663e-01 -1.574385615237353522e+04
8.372000000000000552e-01 -1.574584966273004102e+04
8.373000000000000442e-01 -1.574784355186971879e+04
8.374000000000000332e-01 -1.574984090908591861e+04
8.375000000000000222e-01 -1.575183463148191731e+04
8.376000000000000112e-01 -1.575383066937402873e+04
8.377000000000000002e-01 -1.575583465724959206e+04
8.377999999999999892e-01 -1.575784954704077063e+04
8.379000000000000892e-01 -1.575987037419302942e+04
8.380000000000000782e-01 -1.576188795631394169e+04
8.381000000000000671e-01 -1.576389914022821904e+04
8.382000000000000561e-01 -1.576590777348499250e+04
8.383000000000000451e-01 -1.576791684512938809e+04
8.384000000000000341e-01 -1.576992424697211027e+04
8.385000000000000231e-01 -1.577192992241112916e+04
8.386000000000000121e-01 -1.577393596601087120e+04
8.387000000000000011e-01 -1.577594243184304287e+04
8.387999999999999901e-01 -1.577794795500098735e+04
8.389000000000000901e-01 -1.577995054825916850e+04
8.390000000000000790e-01 -1.578194951459840559e+04
8.391000000000000680e-01 -1.578394498620296690e+04
8.392000000000000570e-01 -1.578593606777722562e+04
8.393000000000000460e-01 -1.578792104444196593e+04
8.394000000000000350e-01 -1.578990017195650762e+04
8.395000000000000240e-01 -1.579187444598141701e+04
8.396000000000000130e-01 -1.579384478525877421e+04
8.397000000000000020e-01 -1.579581192940392248e+04
8.397999999999999909e-01 -1.579777651544437504e+04
8.399000000000000909e-01 -1.579973912669603851e+04
8.400000000000000799e-01 -1.580170028457937951e+04
8.401000000000000689e-01 -1.580366041081782532e+04
8.402000000000000579e-01 -1.580561970016628766e+04
8.403000000000000469e-01 -1.580757801458581889e+04
8.404000000000000359e-01 -1.580953528084837490e+04
8.405000000000000249e-01 -1.581149152251146006e+04
8.406000000000000139e-01 -1.581344691421987227e+04
8.407000000000000028e-01 -1.581540156974570345e+04
8.407999999999999918e-01 -1.581735549712153079e+04
8.409000000000000918e-01 -1.581930864035277773e+04
8.410000000000000808e-01 -1.582126092635372152e+04
8.411000000000000698e-01 -1.582321228800704012e+04
8.412000000000000588e-01 -1.582516266437198647e+04
8.413000000000000478e-01 -1.582711198770621195e+04
8.414000000000000368e-01 -1.582906016162456399e+04
8.415000000000000258e-01 -1.583100699493941465e+04
8.416000000000000147e-01 -1.583295143741221000e+04
8.417000000000000037e-01 -1.583489202781775020e+04
8.417999999999999927e-01 -1.583682886798089203e+04
8.419000000000000927e-01 -1.583876261769020857e+04
8.420000000000000817e-01 -1.584069378752014927e+04
8.421000000000000707e-01 -1.584262256901367800e+04
8.422000000000000597e-01 -1.584454889792532595e+04
8.423000000000000487e-01 -1.584647252995770577e+04
8.424000000000000377e-01 -1.584839308471315235e+04
8.425000000000000266e-01 -1.585031051915625903e+04
8.426000000000000156e-01 -1.585222272988622717e+04
8.427000000000000046e-01 -1.585412113150269033e+04
8.427999999999999936e-01 -1.585599592783090884e+04
8.429000000000000936e-01 -1.585784111721197041e+04
8.430000000000000826e-01 -1.585965327361445270e+04
8.431000000000000716e-01 -1.586143190336572843e+04
8.432000000000000606e-01 -1.586318179925701406e+04
8.433000000000000496e-01 -1.586490308881980127e+04
8.434000000000000385e-01 -1.586658353691401317e+04
8.435000000000000275e-01 -1.586817180192854539e+04
8.436000000000000165e-01 -1.586950290357672020e+04
8.437000000000000055e-01 -1.587065343349563409e+04
8.437999999999999945e-01 -1.587176871305612076e+04
8.439000000000000945e-01 -1.587288869228153635e+04
8.440000000000000835e-01 -1.587398200970474318e+04
8.441000000000000725e-01 -1.587500811005628384e+04
8.442000000000000615e-01 -1.587593899743612747e+04
8.443000000000000504e-01 -1.587675658646152260e+04
8.444000000000000394e-01 -1.587745746317146586e+04
8.445000000000000284e-01 -1.587803606992572531e+04
8.446000000000000174e-01 -1.587848054808449706e+04
8.447000000000000064e-01 -1.587879306176806858e+04
8.447999999999999954e-01 -1.587901807188941348e+04
8.449000000000000954e-01 -1.587918165130820671e+04
8.450000000000000844e-01 -1.587926961100096014e+04
8.451000000000000734e-01 -1.587927524566360626e+04
8.452000000000000624e-01 -1.587923139556547358e+04
8.453000000000000513e-01 -1.587916977151729952e+04
8.454000000000000403e-01 -1.587915743236247908e+04
8.455000000000000293e-01 -1.587931589928019821e+04
8.456000000000000183e-01 -1.587977609901263168e+04
8.457000000000000073e-01 -1.588056137830682019e+04
8.457999999999999963e-01 -1.588158876185372537e+04
8.458999999999999853e-01 -1.588280121173371845e+04
8.460000000000000853e-01 -1.588421746324599553e+04
8.461000000000000743e-01 -1.588583624812209564e+04
8.462000000000000632e-01 -1.588760570842850757e+04
8.463000000000000522e-01 -1.588947520448364776e+04
8.464000000000000412e-01 -1.589141066369282635e+04
8.465000000000000302e-01 -1.589339127380948958e+04
8.466000000000000192e-01 -1.589540805163059667e+04
8.467000000000000082e-01 -1.589746517011719698e+04
8.467999999999999972e-01 -1.589954069525093109e+04
8.468999999999999861e-01 -1.590164721089297382e+04
8.470000000000000862e-01 -1.590376265207564029e+04
8.471000000000000751e-01 -1.590584880623187564e+04
8.472000000000000641e-01 -1.590794570269148971e+04
8.473000000000000531e-01 -1.591003642780898554e+04
8.474000000000000421e-01 -1.591211084046071664e+04
8.475000000000000311e-01 -1.591417116529754276e+04
8.476000000000000201e-01 -1.591621814300201731e+04
8.477000000000000091e-01 -1.591825937111925487e+04
8.477999999999999980e-01 -1.592028402029385143e+04
8.478999999999999870e-01 -1.592229877774390116e+04
8.480000000000000870e-01 -1.592430497160643063e+04
8.481000000000000760e-01 -1.592630187072267654e+04
8.482000000000000650e-01 -1.592828938942103377e+04
8.483000000000000540e-01 -1.593027326585883566e+04
8.484000000000000430e-01 -1.593225203272243016e+04
8.485000000000000320e-01 -1.593421527970708121e+04
8.486000000000000210e-01 -1.593599820260900924e+04
8.487000000000000099e-01 -1.593735559766660663e+04
8.487999999999999989e-01 -1.593865692053113526e+04
8.488999999999999879e-01 -1.594003903030158290e+04
8.490000000000000879e-01 -1.594151810292674418e+04
8.491000000000000769e-01 -1.594260374040687202e+04
8.492000000000000659e-01 -1.594312439935501425e+04
8.493000000000000549e-01 -1.594366722348611802e+04
8.494000000000000439e-01 -1.594440900969962058e+04
8.495000000000000329e-01 -1.594510778770929028e+04
8.496000000000000218e-01 -1.594577640869993593e+04
8.497000000000000108e-01 -1.594657932403549057e+04
8.497999999999999998e-01 -1.594752051169407787e+04
8.498999999999999888e-01 -1.594859512869101491e+04
8.500000000000000888e-01 -1.594951768471650757e+04
8.501000000000000778e-01 -1.595165705804641220e+04
8.502000000000000668e-01 -1.595521013902887535e+04
8.503000000000000558e-01 -1.595952896575448176e+04
8.504000000000000448e-01 -1.596448227043464431e+04
8.505000000000000338e-01 -1.596999133642624292e+04
8.506000000000000227e-01 -1.597623263821287583e+04
8.507000000000000117e-01 -1.598328697031260162e+04
8.508000000000000007e-01 -1.599096708274033881e+04
8.508999999999999897e-01 -1.599908633192568959e+04
8.510000000000000897e-01 -1.600775114652310185e+04
8.511000000000000787e-01 -1.601677984150955308e+04
8.512000000000000677e-01 -1.602586461628642428e+04
8.513000000000000567e-01 -1.603415025308209988e+04
8.514000000000000457e-01 -1.604136371909892296e+04
8.515000000000000346e-01 -1.604659003176202714e+04
8.516000000000000236e-01 -1.604954333834995487e+04
8.517000000000000126e-01 -1.605129450545145846e+04
8.518000000000000016e-01 -1.605239962764874144e+04
8.518999999999999906e-01 -1.605318315952694320e+04
8.520000000000000906e-01 -1.605391709640934823e+04
8.521000000000000796e-01 -1.605462559439687357e+04
8.522000000000000686e-01 -1.605515844032812493e+04
8.523000000000000576e-01 -1.605578693049589310e+04
8.524000000000000465e-01 -1.605814530642723548e+04
8.525000000000000355e-01 -1.606129164714258695e+04
8.526000000000000245e-01 -1.606409742097874732e+04
8.527000000000000135e-01 -1.606619341544020972e+04
8.528000000000000025e-01 -1.606776244261968168e+04
8.528999999999999915e-01 -1.606898555456651229e+04
8.530000000000000915e-01 -1.606993887807788087e+04
8.531000000000000805e-01 -1.607063686227351536e+04
8.532000000000000695e-01 -1.607109493096270307e+04
8.533000000000000584e-01 -1.607131597228596729e+04
8.534000000000000474e-01 -1.607129298003804615e+04
8.535000000000000364e-01 -1.607102242241446584e+04
8.536000000000000254e-01 -1.607050224732382594e+04
8.537000000000000144e-01 -1.606973390870061667e+04
8.538000000000000034e-01 -1.606869809966519642e+04
8.538999999999999924e-01 -1.606738957830627805e+04
8.540000000000000924e-01 -1.606587769309805844e+04
8.541000000000000814e-01 -1.606421760001949951e+04
8.542000000000000703e-01 -1.606234010574457898e+04
8.543000000000000593e-01 -1.606034894067870482e+04
8.544000000000000483e-01 -1.605844027830231789e+04
8.545000000000000373e-01 -1.605668022263400599e+04
8.546000000000000263e-01 -1.605524420828714756e+04
8.547000000000000153e-01 -1.605467263907605047e+04
8.548000000000000043e-01 -1.605517130495172023e+04
8.548999999999999932e-01 -1.605642267133182941e+04
8.550000000000000933e-01 -1.605821502230290753e+04
8.551000000000000822e-01 -1.606034674690957945e+04
8.552000000000000712e-01 -1.606271901503620211e+04
8.553000000000000602e-01 -1.606518237033386868e+04
8.554000000000000492e-01 -1.606770344763603134e+04
8.555000000000000382e-01 -1.607016425186858760e+04
8.556000000000000272e-01 -1.607250933209161303e+04
8.557000000000000162e-01 -1.607471556060992953e+04
8.558000000000000052e-01 -1.607674878131113655e+04
8.558999999999999941e-01 -1.607862130888357024e+04
8.560000000000000941e-01 -1.608037332034794417e+04
8.561000000000000831e-01 -1.608207246553868390e+04
8.562000000000000721e-01 -1.608377299792174927e+04
8.563000000000000611e-01 -1.608552245754541582e+04
8.564000000000000501e-01 -1.608735954964677330e+04
8.565000000000000391e-01 -1.608943618196578609e+04
8.566000000000000281e-01 -1.609168642874512443e+04
8.567000000000000171e-01 -1.609398700778634884e+04
8.568000000000000060e-01 -1.609623669273135420e+04
8.568999999999999950e-01 -1.609841276614192793e+04
8.570000000000000950e-01 -1.610052324890626733e+04
8.571000000000000840e-01 -1.610258390600351777e+04
8.572000000000000730e-01 -1.610462699351437914e+04
8.573000000000000620e-01 -1.610664266672656413e+04
8.574000000000000510e-01 -1.610862939099561663e+04
8.575000000000000400e-01 -1.611060048591055602e+04
8.576000000000000290e-01 -1.611256182642112617e+04
8.577000000000000179e-01 -1.611451710182371789e+04
8.578000000000000069e-01 -1.611647456736373533e+04
8.578999999999999959e-01 -1.611844567785750223e+04
8.580000000000000959e-01 -1.612043331177355140e+04
8.581000000000000849e-01 -1.612242353569349325e+04
8.582000000000000739e-01 -1.612440341576571882e+04
8.583000000000000629e-01 -1.612640750982843747e+04
8.584000000000000519e-01 -1.612844815465496140e+04
8.585000000000000409e-01 -1.613051656527257728e+04
8.586000000000000298e-01 -1.613259874336942448e+04
8.587000000000000188e-01 -1.613467935360534102e+04
8.588000000000000078e-01 -1.613675999549079643e+04
8.588999999999999968e-01 -1.613884566269029892e+04
8.589999999999999858e-01 -1.614092179130841396e+04
8.591000000000000858e-01 -1.614299072590308606e+04
8.592000000000000748e-01 -1.614505676798608511e+04
8.593000000000000638e-01 -1.614712193200518232e+04
8.594000000000000528e-01 -1.614918708572345531e+04
8.595000000000000417e-01 -1.615125247571417094e+04
8.596000000000000307e-01 -1.615331801939255638e+04
8.597000000000000197e-01 -1.615538349231058237e+04
8.598000000000000087e-01 -1.615744866232870299e+04
8.598999999999999977e-01 -1.615951338059585214e+04
8.599999999999999867e-01 -1.616157762768367866e+04
8.601000000000000867e-01 -1.616365496291735872e+04
8.602000000000000757e-01 -1.616577924739962327e+04
8.603000000000000647e-01 -1.616795289257945115e+04
8.604000000000000536e-01 -1.617016429423422778e+04
8.605000000000000426e-01 -1.617240246743245552e+04
8.606000000000000316e-01 -1.617465972459979639e+04
8.607000000000000206e-01 -1.617692772298873751e+04
8.608000000000000096e-01 -1.617920315209397631e+04
8.608999999999999986e-01 -1.618148404152496187e+04
8.609999999999999876e-01 -1.618376753511544302e+04
8.611000000000000876e-01 -1.618605256502988232e+04
8.612000000000000766e-01 -1.618833902443183797e+04
8.613000000000000655e-01 -1.619062678700828110e+04
8.614000000000000545e-01 -1.619291561673315118e+04
8.615000000000000435e-01 -1.619520523556139051e+04
8.616000000000000325e-01 -1.619749539006915074e+04
8.617000000000000215e-01 -1.619978589508051118e+04
8.618000000000000105e-01 -1.620207665927073685e+04
8.618999999999999995e-01 -1.620436770515772514e+04
8.619999999999999885e-01 -1.620665923036643653e+04
8.621000000000000885e-01 -1.620895268480940467e+04
8.622000000000000774e-01 -1.621125017418983225e+04
8.623000000000000664e-01 -1.621355175533613510e+04
8.624000000000000554e-01 -1.621585673731053976e+04
8.625000000000000444e-01 -1.621816439700791125e+04
8.626000000000000334e-01 -1.622047418312241280e+04
8.627000000000000224e-01 -1.622278572308029106e+04
8.628000000000000114e-01 -1.622509877465605496e+04
8.629000000000000004e-01 -1.622741317872911350e+04
8.629999999999999893e-01 -1.622972883139222904e+04
8.631000000000000894e-01 -1.623204568153215951e+04
8.632000000000000783e-01 -1.623436377741077922e+04
8.633000000000000673e-01 -1.623668392353036143e+04
8.634000000000000563e-01 -1.623900828373884360e+04
8.635000000000000453e-01 -1.624133747841184231e+04
8.636000000000000343e-01 -1.624367105457182151e+04
8.637000000000000233e-01 -1.624600841900274099e+04
8.638000000000000123e-01 -1.624834918378698057e+04
8.639000000000000012e-01 -1.625069407980943288e+04
8.639999999999999902e-01 -1.625304467321898483e+04
8.641000000000000902e-01 -1.625540093962218634e+04
8.642000000000000792e-01 -1.625776237640762520e+04
8.643000000000000682e-01 -1.626012149225796020e+04
8.644000000000000572e-01 -1.626248589309627096e+04
8.645000000000000462e-01 -1.626486060866895241e+04
8.646000000000000352e-01 -1.626724076966410757e+04
8.647000000000000242e-01 -1.626962473306096035e+04
8.648000000000000131e-01 -1.627201205896666579e+04
8.649000000000000021e-01 -1.627440109834566465e+04
8.649999999999999911e-01 -1.627679230264006765e+04
8.651000000000000911e-01 -1.627918616956133701e+04
8.652000000000000801e-01 -1.628158296212315327e+04
8.653000000000000691e-01 -1.628398275497992290e+04
8.654000000000000581e-01 -1.628638549929191868e+04
8.655000000000000471e-01 -1.628879107745535111e+04
8.656000000000000361e-01 -1.629120007056797658e+04
8.657000000000000250e-01 -1.629361270181789405e+04
8.658000000000000140e-01 -1.629602652739398218e+04
8.659000000000000030e-01 -1.629844238829740789e+04
8.659999999999999920e-01 -1.630085976641747038e+04
8.661000000000000920e-01 -1.630327850594635311e+04
8.662000000000000810e-01 -1.630569875949664311e+04
8.663000000000000700e-01 -1.630812078911186290e+04
8.664000000000000590e-01 -1.631054498601169325e+04
8.665000000000000480e-01 -1.631297402771580346e+04
8.666000000000000369e-01 -1.631540777397454985e+04
8.667000000000000259e-01 -1.631784519717992589e+04
8.668000000000000149e-01 -1.632029140553467187e+04
8.669000000000000039e-01 -1.632275085059354387e+04
8.669999999999999929e-01 -1.632522372932263897e+04
8.671000000000000929e-01 -1.632770864269736740e+04
8.672000000000000819e-01 -1.633020468643425193e+04
8.673000000000000709e-01 -1.633271565330711201e+04
8.674000000000000599e-01 -1.633524652119317216e+04
8.675000000000000488e-01 -1.633779854289571085e+04
8.676000000000000378e-01 -1.634037095051020697e+04
8.677000000000000268e-01 -1.634296268672233600e+04
8.678000000000000158e-01 -1.634557382910434535e+04
8.679000000000000048e-01 -1.634820849761331556e+04
8.679999999999999938e-01 -1.635088730390961427e+04
8.681000000000000938e-01 -1.635363267586163784e+04
8.682000000000000828e-01 -1.635645886130765393e+04
8.683000000000000718e-01 -1.635938457550254680e+04
8.684000000000000608e-01 -1.636244641523863174e+04
8.685000000000000497e-01 -1.636568774392968226e+04
8.686000000000000387e-01 -1.636915350188311822e+04
8.687000000000000277e-01 -1.637291794614988976e+04
8.688000000000000167e-01 -1.637704677911538602e+04
8.689000000000000057e-01 -1.638158678313391829e+04
8.689999999999999947e-01 -1.638661281848602812e+04
8.691000000000000947e-01 -1.639217749452068529e+04
8.692000000000000837e-01 -1.639821555099371471e+04
8.693000000000000727e-01 -1.640484265546427923e+04
8.694000000000000616e-01 -1.641212055082085499e+04
8.695000000000000506e-01 -1.641992925552870656e+04
8.696000000000000396e-01 -1.642645583876146338e+04
8.697000000000000286e-01 -1.643003119032972245e+04
8.698000000000000176e-01 -1.643222909258834625e+04
8.699000000000000066e-01 -1.643405952516462276e+04
8.699999999999999956e-01 -1.643583401777021572e+04
8.701000000000000956e-01 -1.643772571914923901e+04
8.702000000000000846e-01 -1.643975893288342559e+04
8.703000000000000735e-01 -1.644191154927989919e+04
8.704000000000000625e-01 -1.644408203488314393e+04
8.705000000000000515e-01 -1.644623076545154254e+04
8.706000000000000405e-01 -1.644835513667479609e+04
8.707000000000000295e-01 -1.645043787183305540e+04
8.708000000000000185e-01 -1.645250317000502764e+04
8.709000000000000075e-01 -1.645460352291061645e+04
8.709999999999999964e-01 -1.645687604033880052e+04
8.711000000000000965e-01 -1.645933646519603644e+04
8.712000000000000854e-01 -1.646179715555902658e+04
8.713000000000000744e-01 -1.646417962566438291e+04
8.714000000000000634e-01 -1.646650359537023178e+04
8.715000000000000524e-01 -1.646880422869161339e+04
8.716000000000000414e-01 -1.647108645645837169e+04
8.717000000000000304e-01 -1.647335644736889299e+04
8.718000000000000194e-01 -1.647562683429793469e+04
8.719000000000000083e-01 -1.647790239374896555e+04
8.719999999999999973e-01 -1.648018116016339991e+04
8.720999999999999863e-01 -1.648246098912045636e+04
8.722000000000000863e-01 -1.648474038773550274e+04
8.723000000000000753e-01 -1.648701575701665206e+04
8.724000000000000643e-01 -1.648928507829217051e+04
8.725000000000000533e-01 -1.649154584253750727e+04
8.726000000000000423e-01 -1.649379591242042443e+04
8.727000000000000313e-01 -1.649603672169518904e+04
8.728000000000000203e-01 -1.649826719494784265e+04
8.729000000000000092e-01 -1.650048817770265669e+04
8.729999999999999982e-01 -1.650270247668653974e+04
8.730999999999999872e-01 -1.650491299198793058e+04
8.732000000000000872e-01 -1.650712222836779620e+04
8.733000000000000762e-01 -1.650933430500398026e+04
8.734000000000000652e-01 -1.651155409816860629e+04
8.735000000000000542e-01 -1.651378035462471234e+04
8.736000000000000432e-01 -1.651601279314266867e+04
8.737000000000000322e-01 -1.651825258142470921e+04
8.738000000000000211e-01 -1.652049890343343941e+04
8.739000000000000101e-01 -1.652275086556983661e+04
8.739999999999999991e-01 -1.652501033240272591e+04
8.740999999999999881e-01 -1.652726890108357838e+04
8.742000000000000881e-01 -1.652952087444263088e+04
8.743000000000000771e-01 -1.653176631628942778e+04
8.744000000000000661e-01 -1.653400861583944425e+04
8.745000000000000551e-01 -1.653625138002437234e+04
8.746000000000000441e-01 -1.653849526486509058e+04
8.747000000000000330e-01 -1.654073966819127600e+04
8.748000000000000220e-01 -1.654298400618965024e+04
8.749000000000000110e-01 -1.654522795164952549e+04
8.750000000000000000e-01 -1.654747110871356563e+04
8.750999999999999890e-01 -1.654971286920914645e+04
8.752000000000000890e-01 -1.655195142086264968e+04
8.753000000000000780e-01 -1.655418594412802486e+04
8.754000000000000670e-01 -1.655641751659196962e+04
8.755000000000000560e-01 -1.655869643272803296e+04
8.756000000000000449e-01 -1.656107487444674553e+04
8.757000000000000339e-01 -1.656345016572827080e+04
8.758000000000000229e-01 -1.656579399158269371e+04
8.759000000000000119e-01 -1.656811086132561468e+04
8.760000000000000009e-01 -1.657040737640207590e+04
8.760999999999999899e-01 -1.657274790601175482e+04
8.762000000000000899e-01 -1.657510874975264232e+04
8.763000000000000789e-01 -1.657745280960606033e+04
8.764000000000000679e-01 -1.657977527788067891e+04
8.765000000000000568e-01 -1.658208261950006636e+04
8.766000000000000458e-01 -1.658437665693417148e+04
8.767000000000000348e-01 -1.658665806442972462e+04
8.768000000000000238e-01 -1.658893263590403876e+04
8.769000000000000128e-01 -1.659120327296912001e+04
8.770000000000000018e-01 -1.659346980860794429e+04
8.770999999999999908e-01 -1.659573292837843110e+04
8.772000000000000908e-01 -1.659799294583928713e+04
8.773000000000000798e-01 -1.660025044154620264e+04
8.774000000000000687e-01 -1.660250587584981622e+04
8.775000000000000577e-01 -1.660475954573431954e+04
8.776000000000000467e-01 -1.660701165490387211e+04
8.777000000000000357e-01 -1.660926233911580493e+04
8.778000000000000247e-01 -1.661151168148104625e+04
8.779000000000000137e-01 -1.661375974172032147e+04
8.780000000000000027e-01 -1.661600658551873130e+04
8.780999999999999917e-01 -1.661825221674655040e+04
8.782000000000000917e-01 -1.662049662138142230e+04
8.783000000000000806e-01 -1.662273980671269965e+04
8.784000000000000696e-01 -1.662498174868195201e+04
8.785000000000000586e-01 -1.662722242722830197e+04
8.786000000000000476e-01 -1.662946183439013839e+04
8.787000000000000366e-01 -1.663169997820458957e+04
8.788000000000000256e-01 -1.663393688354131882e+04
8.789000000000000146e-01 -1.663617259118136280e+04
8.790000000000000036e-01 -1.663840715625995654e+04
8.790999999999999925e-01 -1.664064064638441414e+04
8.792000000000000925e-01 -1.664287313954279307e+04
8.793000000000000815e-01 -1.664510472190346991e+04
8.794000000000000705e-01 -1.664733548559687551e+04
8.795000000000000595e-01 -1.664956552706874572e+04
8.796000000000000485e-01 -1.665179494922847880e+04
8.797000000000000375e-01 -1.665402385349261385e+04
8.798000000000000265e-01 -1.665625233348448091e+04
8.799000000000000155e-01 -1.665848047935657814e+04
8.800000000000000044e-01 -1.666070837748996564e+04
8.800999999999999934e-01 -1.666292360482323056e+04
8.802000000000000934e-01 -1.666509967939120543e+04
8.803000000000000824e-01 -1.666723914342484204e+04
8.804000000000000714e-01 -1.666935037165403628e+04
8.805000000000000604e-01 -1.667144062706147088e+04
8.806000000000000494e-01 -1.667351540915387159e+04
8.807000000000000384e-01 -1.667557876045031298e+04
8.808000000000000274e-01 -1.667763363995713371e+04
8.809000000000000163e-01 -1.667968221817989979e+04
8.810000000000000053e-01 -1.668172609220622326e+04
8.810999999999999943e-01 -1.668376644036126527e+04
8.812000000000000943e-01 -1.668580413374446289e+04
8.813000000000000833e-01 -1.668783981669659988e+04
8.814000000000000723e-01 -1.668987396308755342e+04
8.815000000000000613e-01 -1.669190692380854671e+04
8.816000000000000503e-01 -1.669393898601654291e+04
8.817000000000000393e-01 -1.669597060095064080e+04
8.818000000000000282e-01 -1.669800136672369990e+04
8.819000000000000172e-01 -1.670003154396394893e+04
8.820000000000000062e-01 -1.670206132436662665e+04
8.820999999999999952e-01 -1.670409078372354270e+04
8.822000000000000952e-01 -1.670611996373201328e+04
8.823000000000000842e-01 -1.670814889114479593e+04
8.824000000000000732e-01 -1.671017758396490899e+04
8.825000000000000622e-01 -1.671220605399255510e+04
8.826000000000000512e-01 -1.671423430426917912e+04
8.827000000000000401e-01 -1.671626230822338403e+04
8.828000000000000291e-01 -1.671829005649591272e+04
8.829000000000000181e-01 -1.672031755178203457e+04
8.830000000000000071e-01 -1.672234479191649370e+04
8.830999999999999961e-01 -1.672437176749338323e+04
8.832000000000000961e-01 -1.672639846066652899e+04
8.833000000000000851e-01 -1.672842484304683967e+04
8.834000000000000741e-01 -1.673045087128370869e+04
8.835000000000000631e-01 -1.673247647702220274e+04
8.836000000000000520e-01 -1.673450153732259787e+04
8.837000000000000410e-01 -1.673652551313716685e+04
8.838000000000000300e-01 -1.673854671196543495e+04
8.839000000000000190e-01 -1.674056435389881517e+04
8.840000000000000080e-01 -1.674257897054137356e+04
8.840999999999999970e-01 -1.674459128408720062e+04
8.842000000000000970e-01 -1.674660189034020368e+04
8.843000000000000860e-01 -1.674861122637040535e+04
8.844000000000000750e-01 -1.675061960000560794e+04
8.845000000000000639e-01 -1.675262853960907887e+04
8.846000000000000529e-01 -1.675463734868401298e+04
8.847000000000000419e-01 -1.675664406659544329e+04
8.848000000000000309e-01 -1.675870334467838620e+04
8.849000000000000199e-01 -1.676089410172866701e+04
8.850000000000000089e-01 -1.676321235485235229e+04
8.850999999999999979e-01 -1.676560126211234092e+04
8.852000000000000979e-01 -1.676794300265361744e+04
8.853000000000000869e-01 -1.677020705388141505e+04
8.854000000000000759e-01 -1.677239847367145558e+04
8.855000000000000648e-01 -1.677453106082170052e+04
8.856000000000000538e-01 -1.677661861546918226e+04
8.857000000000000428e-01 -1.677867255097825546e+04
8.858000000000000318e-01 -1.678070165757486757e+04
8.859000000000000208e-01 -1.678271249121156870e+04
8.860000000000000098e-01 -1.678470986274889583e+04
8.860999999999999988e-01 -1.678669736368420126e+04
8.861999999999999877e-01 -1.678867904153882046e+04
8.863000000000000878e-01 -1.679065351559015835e+04
8.864000000000000767e-01 -1.679262290107058288e+04
8.865000000000000657e-01 -1.679458867449677928e+04
8.866000000000000547e-01 -1.679655164446244453e+04
8.867000000000000437e-01 -1.679851200206316935e+04
8.868000000000000327e-01 -1.680046924886473425e+04
8.869000000000000217e-01 -1.680242371315101263e+04
8.870000000000000107e-01 -1.680437600819364525e+04
8.870999999999999996e-01 -1.680632560025760540e+04
8.871999999999999886e-01 -1.680827423862711657e+04
8.873000000000000886e-01 -1.681022396410265719e+04
8.874000000000000776e-01 -1.681216884553484124e+04
8.875000000000000666e-01 -1.681411184866019175e+04
8.876000000000000556e-01 -1.681605872577329865e+04
8.877000000000000446e-01 -1.681801254718503696e+04
8.878000000000000336e-01 -1.681998264786789150e+04
8.879000000000000226e-01 -1.682197114164561208e+04
8.880000000000000115e-01 -1.682397934114332020e+04
8.881000000000000005e-01 -1.682598658467427595e+04
8.881999999999999895e-01 -1.682797728059089422e+04
8.883000000000000895e-01 -1.682994883111934178e+04
8.884000000000000785e-01 -1.683190578788824132e+04
8.885000000000000675e-01 -1.683385531103617905e+04
8.886000000000000565e-01 -1.683580238981757066e+04
8.887000000000000455e-01 -1.683774973008540837e+04
8.888000000000000345e-01 -1.683969932187982704e+04
8.889000000000000234e-01 -1.684165292133518960e+04
8.890000000000000124e-01 -1.684361262571191037e+04
8.891000000000000014e-01 -1.684557740372736225e+04
8.891999999999999904e-01 -1.684754674632682872e+04
8.893000000000000904e-01 -1.684952179196401266e+04
8.894000000000000794e-01 -1.685150055798625181e+04
8.895000000000000684e-01 -1.685348001893852779e+04
8.896000000000000574e-01 -1.685545336014287022e+04
8.897000000000000464e-01 -1.685741424752547027e+04
8.898000000000000353e-01 -1.685936226635517232e+04
8.899000000000000243e-01 -1.686129968572136204e+04
8.900000000000000133e-01 -1.686322953419517944e+04
8.901000000000000023e-01 -1.686515405176514832e+04
8.901999999999999913e-01 -1.686707079402995805e+04
8.903000000000000913e-01 -1.686897510309438439e+04
8.904000000000000803e-01 -1.687087644697195719e+04
8.905000000000000693e-01 -1.687275689768528900e+04
8.906000000000000583e-01 -1.687461775423793733e+04
8.907000000000000473e-01 -1.687646383796792725e+04
8.908000000000000362e-01 -1.687829910114589438e+04
8.909000000000000252e-01 -1.688012867678434850e+04
8.910000000000000142e-01 -1.688195573561550918e+04
8.911000000000000032e-01 -1.688379786390828667e+04
8.911999999999999922e-01 -1.688567710556209568e+04
8.913000000000000922e-01 -1.688763712087734166e+04
8.914000000000000812e-01 -1.688963847485568840e+04
8.915000000000000702e-01 -1.689162649017571675e+04
8.916000000000000592e-01 -1.689357545851351097e+04
8.917000000000000481e-01 -1.689549012119560939e+04
8.918000000000000371e-01 -1.689739058803000080e+04
8.919000000000000261e-01 -1.689929672978280360e+04
8.920000000000000151e-01 -1.690121824587041556e+04
8.921000000000000041e-01 -1.690315436627923918e+04
8.921999999999999931e-01 -1.690509820195857901e+04
8.923000000000000931e-01 -1.690703942912939601e+04
8.924000000000000821e-01 -1.690896137785149403e+04
8.925000000000000711e-01 -1.691084942246197170e+04
8.926000000000000600e-01 -1.691269497883652730e+04
8.927000000000000490e-01 -1.691448414794420387e+04
8.928000000000000380e-01 -1.691619173127019531e+04
8.929000000000000270e-01 -1.691779558612897017e+04
8.930000000000000160e-01 -1.691927529243584286e+04
8.931000000000000050e-01 -1.692061001491069692e+04
8.931999999999999940e-01 -1.692177918942992255e+04
8.933000000000000940e-01 -1.692276425236789510e+04
8.934000000000000830e-01 -1.692356463276405339e+04
8.935000000000000719e-01 -1.692420502970541565e+04
8.936000000000000609e-01 -1.692469155013163618e+04
8.937000000000000499e-01 -1.692502568889697068e+04
8.938000000000000389e-01 -1.692520378620074916e+04
8.939000000000000279e-01 -1.692523543146070733e+04
8.940000000000000169e-01 -1.692511433767694689e+04
8.941000000000000059e-01 -1.692491981311301788e+04
8.941999999999999948e-01 -1.692469980226708867e+04
8.943000000000000949e-01 -1.692443304650338905e+04
8.944000000000000838e-01 -1.692411533520935336e+04
8.945000000000000728e-01 -1.692376421492195004e+04
8.946000000000000618e-01 -1.692345244949716653e+04
8.947000000000000508e-01 -1.692322113315960451e+04
8.948000000000000398e-01 -1.692322581036479096e+04
8.949000000000000288e-01 -1.692363154011017832e+04
8.950000000000000178e-01 -1.692446390957622134e+04
8.951000000000000068e-01 -1.692569311620213193e+04
8.951999999999999957e-01 -1.692721407551156881e+04
8.953000000000000957e-01 -1.692891740090457461e+04
8.954000000000000847e-01 -1.693072284689528169e+04
8.955000000000000737e-01 -1.693258619140796509e+04
8.956000000000000627e-01 -1.693450426411062654e+04
8.957000000000000517e-01 -1.693644602184628093e+04
8.958000000000000407e-01 -1.693834736665301534e+04
8.959000000000000297e-01 -1.694032233088248904e+04
8.960000000000000187e-01 -1.694230354028298461e+04
8.961000000000000076e-01 -1.694427671865381853e+04
8.961999999999999966e-01 -1.694628043859491299e+04
8.963000000000000966e-01 -1.694830694180577484e+04
8.964000000000000856e-01 -1.695034916716283260e+04
8.965000000000000746e-01 -1.695242948072172294e+04
8.966000000000000636e-01 -1.695453260443101317e+04
8.967000000000000526e-01 -1.695661174599946025e+04
8.968000000000000416e-01 -1.695868016651392099e+04
8.969000000000000306e-01 -1.696075960528499854e+04
8.970000000000000195e-01 -1.696284401100606556e+04
8.971000000000000085e-01 -1.696492507524671601e+04
8.971999999999999975e-01 -1.696699401520819811e+04
8.973000000000000975e-01 -1.696904662442385597e+04
8.974000000000000865e-01 -1.697108177771207556e+04
8.975000000000000755e-01 -1.697310285808704066e+04
8.976000000000000645e-01 -1.697498641907883939e+04
8.977000000000000535e-01 -1.697672192755309152e+04
8.978000000000000425e-01 -1.697843079939083691e+04
8.979000000000000314e-01 -1.698016293477690488e+04
8.980000000000000204e-01 -1.698192831307543747e+04
8.981000000000000094e-01 -1.698356908625985307e+04
8.981999999999999984e-01 -1.698511840442226458e+04
8.983000000000000984e-01 -1.698671359493396812e+04
8.984000000000000874e-01 -1.698840259551084091e+04
8.985000000000000764e-01 -1.699020772315887007e+04
8.986000000000000654e-01 -1.699212513381542885e+04
8.987000000000000544e-01 -1.699412072409130269e+04
8.988000000000000433e-01 -1.699616954230608462e+04
8.989000000000000323e-01 -1.699826045513343342e+04
8.990000000000000213e-01 -1.700036920047278545e+04
8.991000000000000103e-01 -1.700247096815879559e+04
8.991999999999999993e-01 -1.700456540646560097e+04
8.992999999999999883e-01 -1.700665051805929761e+04
8.994000000000000883e-01 -1.700872245074073726e+04
8.995000000000000773e-01 -1.701078078791546068e+04
8.996000000000000663e-01 -1.701283118777682466e+04
8.997000000000000552e-01 -1.701487757604851504e+04
8.998000000000000442e-01 -1.701692173143041509e+04
8.999000000000000332e-01 -1.701896456335396215e+04
9.000000000000000222e-01 -1.702100766373237275e+04
9.001000000000000112e-01 -1.702481571433584031e+04
9.002000000000000002e-01 -1.702983623424945836e+04
9.002999999999999892e-01 -1.703520905845765810e+04
9.004000000000000892e-01 -1.704085963805670690e+04
9.005000000000000782e-01 -1.704724020744176960e+04
9.006000000000000671e-01 -1.705441760268781945e+04
9.007000000000000561e-01 -1.706213809900284832e+04
9.008000000000000451e-01 -1.707052070364624524e+04
9.009000000000000341e-01 -1.707943231018406732e+04
9.010000000000000231e-01 -1.708878828530614919e+04
9.011000000000000121e-01 -1.709800008602825255e+04
9.012000000000000011e-01 -1.710544498349746209e+04
9.012999999999999901e-01 -1.711041720366866502e+04
9.014000000000000901e-01 -1.711366056680320617e+04
9.015000000000000790e-01 -1.711590822672164722e+04
9.016000000000000680e-01 -1.711754023530564518e+04
9.017000000000000570e-01 -1.711872930742445169e+04
9.018000000000000460e-01 -1.711966232556016257e+04
9.019000000000000350e-01 -1.712052851293810090e+04
9.020000000000000240e-01 -1.712120915781088115e+04
9.021000000000000130e-01 -1.712328604340329184e+04
9.022000000000000020e-01 -1.712638890528152479e+04
9.022999999999999909e-01 -1.712928548487509397e+04
9.024000000000000909e-01 -1.713148960785316740e+04
9.025000000000000799e-01 -1.713316671116446014e+04
9.026000000000000689e-01 -1.713451157480235634e+04
9.027000000000000579e-01 -1.713562938368049799e+04
9.028000000000000469e-01 -1.713656743833274959e+04
9.029000000000000359e-01 -1.713734736078829883e+04
9.030000000000000249e-01 -1.713797997051338098e+04
9.031000000000000139e-01 -1.713847404199937591e+04
9.032000000000000028e-01 -1.713882231337296253e+04
9.032999999999999918e-01 -1.713904370941194065e+04
9.034000000000000918e-01 -1.713912486428469856e+04
9.035000000000000808e-01 -1.713902751573280329e+04
9.036000000000000698e-01 -1.713871843751105916e+04
9.037000000000000588e-01 -1.713819774373253313e+04
9.038000000000000478e-01 -1.713751296625561736e+04
9.039000000000000368e-01 -1.713666501635206441e+04
9.040000000000000258e-01 -1.713566036015020654e+04
9.041000000000000147e-01 -1.713464002564119801e+04
9.042000000000000037e-01 -1.713367901614155198e+04
9.042999999999999927e-01 -1.713261528854464632e+04
9.044000000000000927e-01 -1.713103927442834902e+04
9.045000000000000817e-01 -1.712945800576178226e+04
9.046000000000000707e-01 -1.712885138594628006e+04
9.047000000000000597e-01 -1.712953353019301721e+04
9.048000000000000487e-01 -1.713112330192671288e+04
9.049000000000000377e-01 -1.713314790803135475e+04
9.050000000000000266e-01 -1.713532665307682328e+04
9.051000000000000156e-01 -1.713752154961424822e+04
9.052000000000000046e-01 -1.713969243874662061e+04
9.052999999999999936e-01 -1.714186040876272455e+04
9.054000000000000936e-01 -1.714404242152666848e+04
9.055000000000000826e-01 -1.714620824379073747e+04
9.056000000000000716e-01 -1.714828356155963411e+04
9.057000000000000606e-01 -1.715035470854646701e+04
9.058000000000000496e-01 -1.715258241154962161e+04
9.059000000000000385e-01 -1.715484222082849374e+04
9.060000000000000275e-01 -1.715701095236367473e+04
9.061000000000000165e-01 -1.715905368630742305e+04
9.062000000000000055e-01 -1.716100352331025715e+04
9.062999999999999945e-01 -1.716291786382244027e+04
9.064000000000000945e-01 -1.716485555707698950e+04
9.065000000000000835e-01 -1.716682956087137791e+04
9.066000000000000725e-01 -1.716887840265392879e+04
9.067000000000000615e-01 -1.717100200267408945e+04
9.068000000000000504e-01 -1.717316712843437199e+04
9.069000000000000394e-01 -1.717534505014956449e+04
9.070000000000000284e-01 -1.717752098579762969e+04
9.071000000000000174e-01 -1.717967697345096894e+04
9.072000000000000064e-01 -1.718181117958778850e+04
9.072999999999999954e-01 -1.718391353771290596e+04
9.074000000000000954e-01 -1.718598387126859598e+04
9.075000000000000844e-01 -1.718804376613365093e+04
9.076000000000000734e-01 -1.719008190460900005e+04
9.077000000000000624e-01 -1.719206945181289848e+04
9.078000000000000513e-01 -1.719403060745368566e+04
9.079000000000000403e-01 -1.719597603555338355e+04
9.080000000000000293e-01 -1.719791145781526575e+04
9.081000000000000183e-01 -1.719984113683086980e+04
9.082000000000000073e-01 -1.720176870058964414e+04
9.082999999999999963e-01 -1.720369684290056466e+04
9.084000000000000963e-01 -1.720562767559438362e+04
9.085000000000000853e-01 -1.720757034952873801e+04
9.086000000000000743e-01 -1.720952712298215556e+04
9.087000000000000632e-01 -1.721148684245986806e+04
9.088000000000000522e-01 -1.721345902591105187e+04
9.089000000000000412e-01 -1.721544816752364568e+04
9.090000000000000302e-01 -1.721745248634845848e+04
9.091000000000000192e-01 -1.721947266491724804e+04
9.092000000000000082e-01 -1.722150502389832036e+04
9.092999999999999972e-01 -1.722354270803126201e+04
9.094000000000000972e-01 -1.722558341126709274e+04
9.095000000000000862e-01 -1.722762965915316090e+04
9.096000000000000751e-01 -1.722968004444654798e+04
9.097000000000000641e-01 -1.723173278251062220e+04
9.098000000000000531e-01 -1.723378569423086446e+04
9.099000000000000421e-01 -1.723583794251520885e+04
9.100000000000000311e-01 -1.723788975389587358e+04
9.101000000000000201e-01 -1.723995386554097058e+04
9.102000000000000091e-01 -1.724205812726600925e+04
9.102999999999999980e-01 -1.724420023550167025e+04
9.104000000000000981e-01 -1.724637144833560160e+04
9.105000000000000870e-01 -1.724856498911304880e+04
9.106000000000000760e-01 -1.725077559133389877e+04
9.107000000000000650e-01 -1.725299903338283548e+04
9.108000000000000540e-01 -1.725523230322569725e+04
9.109000000000000430e-01 -1.725747164660178896e+04
9.110000000000000320e-01 -1.725971617579791200e+04
9.111000000000000210e-01 -1.726196521242775270e+04
9.112000000000000099e-01 -1.726421780065005078e+04
9.112999999999999989e-01 -1.726647309310853234e+04
9.114000000000000989e-01 -1.726873043431104816e+04
9.115000000000000879e-01 -1.727098937045340062e+04
9.116000000000000769e-01 -1.727325242984105716e+04
9.117000000000000659e-01 -1.727551439323728482e+04
9.118000000000000549e-01 -1.727777622018723923e+04
9.119000000000000439e-01 -1.728003927780836602e+04
9.120000000000000329e-01 -1.728230405661678014e+04
9.121000000000000218e-01 -1.728457237075576995e+04
9.122000000000000108e-01 -1.728684576603704045e+04
9.122999999999999998e-01 -1.728912291072758308e+04
9.123999999999999888e-01 -1.729140278306320397e+04
9.125000000000000888e-01 -1.729368662984546972e+04
9.126000000000000778e-01 -1.729597491134293159e+04
9.127000000000000668e-01 -1.729826761674025329e+04
9.128000000000000558e-01 -1.730056456828461887e+04
9.129000000000000448e-01 -1.730286554860739125e+04
9.130000000000000338e-01 -1.730517032190740065e+04
9.131000000000000227e-01 -1.730747863419351052e+04
9.132000000000000117e-01 -1.730979021234126776e+04
9.133000000000000007e-01 -1.731210476562907206e+04
9.133999999999999897e-01 -1.731442198969557285e+04
9.135000000000000897e-01 -1.731674157222236681e+04
9.136000000000000787e-01 -1.731906319972862548e+04
9.137000000000000677e-01 -1.732138656505096878e+04
9.138000000000000567e-01 -1.732371137527287647e+04
9.139000000000000457e-01 -1.732603736002622827e+04
9.140000000000000346e-01 -1.732836428029455419e+04
9.141000000000000236e-01 -1.733069193821010413e+04
9.142000000000000126e-01 -1.733302018909903200e+04
9.143000000000000016e-01 -1.733534895904158475e+04
9.143999999999999906e-01 -1.733767827800037776e+04
9.145000000000000906e-01 -1.734000837934097945e+04
9.146000000000000796e-01 -1.734234102583381537e+04
9.147000000000000686e-01 -1.734467989903941634e+04
9.148000000000000576e-01 -1.734702584750935785e+04
9.149000000000000465e-01 -1.734937836779463760e+04
9.150000000000000355e-01 -1.735173675844549871e+04
9.151000000000000245e-01 -1.735410042736510150e+04
9.152000000000000135e-01 -1.735646892156782997e+04
9.153000000000000025e-01 -1.735884188410561910e+04
9.153999999999999915e-01 -1.736121902074158061e+04
9.155000000000000915e-01 -1.736360009735769563e+04
9.156000000000000805e-01 -1.736598495082054069e+04
9.157000000000000695e-01 -1.736837352120330252e+04
9.158000000000000584e-01 -1.737076591278408159e+04
9.159000000000000474e-01 -1.737316259365007136e+04
9.160000000000000364e-01 -1.737556629979931313e+04
9.161000000000000254e-01 -1.737798074135120623e+04
9.162000000000000144e-01 -1.738040693651452966e+04
9.163000000000000034e-01 -1.738284497249628475e+04
9.163999999999999924e-01 -1.738529518709420154e+04
9.165000000000000924e-01 -1.738775883427788722e+04
9.166000000000000814e-01 -1.739024118118412662e+04
9.167000000000000703e-01 -1.739275286184195647e+04
9.168000000000000593e-01 -1.739530091515374806e+04
9.169000000000000483e-01 -1.739789434810716921e+04
9.170000000000000373e-01 -1.740054387886518816e+04
9.171000000000000263e-01 -1.740325513621913706e+04
9.172000000000000153e-01 -1.740603136504571739e+04
9.173000000000000043e-01 -1.740887461269703635e+04
9.173999999999999932e-01 -1.741178817345444986e+04
9.175000000000000933e-01 -1.741477967361363335e+04
9.176000000000000822e-01 -1.741786181832683724e+04
9.177000000000000712e-01 -1.742106039511206473e+04
9.178000000000000602e-01 -1.742439814307204870e+04
9.179000000000000492e-01 -1.742788459691452590e+04
9.180000000000000382e-01 -1.743152589843516398e+04
9.181000000000000272e-01 -1.743533377656685479e+04
9.182000000000000162e-01 -1.743932479188052093e+04
9.183000000000000052e-01 -1.744354322872020202e+04
9.183999999999999941e-01 -1.744801487287347481e+04
9.185000000000000941e-01 -1.745275385773277594e+04
9.186000000000000831e-01 -1.745780377619354840e+04
9.187000000000000721e-01 -1.746324884952988577e+04
9.188000000000000611e-01 -1.746915071999482097e+04
9.189000000000000501e-01 -1.747547302026597754e+04
9.190000000000000391e-01 -1.748223591042086991e+04
9.191000000000000281e-01 -1.748948602862593543e+04
9.192000000000000171e-01 -1.749663850169035140e+04
9.193000000000000060e-01 -1.750104655152389023e+04
9.193999999999999950e-01 -1.750313173013112828e+04
9.195000000000000950e-01 -1.750482019635027973e+04
9.196000000000000840e-01 -1.750669324978083750e+04
9.197000000000000730e-01 -1.750856523144303719e+04
9.198000000000000620e-01 -1.751041313663581241e+04
9.199000000000000510e-01 -1.751229195025214722e+04
9.200000000000000400e-01 -1.751424765331963135e+04
9.201000000000000290e-01 -1.751631294375309517e+04
9.202000000000000179e-01 -1.751848878901389617e+04
9.203000000000000069e-01 -1.752074521150712462e+04
9.203999999999999959e-01 -1.752303715823911989e+04
9.205000000000000959e-01 -1.752532812963680408e+04
9.206000000000000849e-01 -1.752760660410169294e+04
9.207000000000000739e-01 -1.752987753303840509e+04
9.208000000000000629e-01 -1.753216269890031617e+04
9.209000000000000519e-01 -1.753445177612994667e+04
9.210000000000000409e-01 -1.753672851466908469e+04
9.211000000000000298e-01 -1.753899317728805909e+04
9.212000000000000188e-01 -1.754125165512832245e+04
9.213000000000000078e-01 -1.754350612545699551e+04
9.213999999999999968e-01 -1.754575868742642706e+04
9.215000000000000968e-01 -1.754802001498507889e+04
9.216000000000000858e-01 -1.755030013405259160e+04
9.217000000000000748e-01 -1.755258971299563564e+04
9.218000000000000638e-01 -1.755487202373394757e+04
9.219000000000000528e-01 -1.755715195901894913e+04
9.220000000000000417e-01 -1.755943555238698536e+04
9.221000000000000307e-01 -1.756172540342947104e+04
9.222000000000000197e-01 -1.756402109357699374e+04
9.223000000000000087e-01 -1.756632150824068231e+04
9.223999999999999977e-01 -1.756862463794011273e+04
9.225000000000000977e-01 -1.757092998099906981e+04
9.226000000000000867e-01 -1.757323777131204406e+04
9.227000000000000757e-01 -1.757554837359793237e+04
9.228000000000000647e-01 -1.757786186784269012e+04
9.229000000000000536e-01 -1.758017500811273203e+04
9.230000000000000426e-01 -1.758248329311348425e+04
9.231000000000000316e-01 -1.758478589176971582e+04
9.232000000000000206e-01 -1.758708469215668083e+04
9.233000000000000096e-01 -1.758938045317554497e+04
9.233999999999999986e-01 -1.759166966774981847e+04
9.235000000000000986e-01 -1.759395468251926286e+04
9.236000000000000876e-01 -1.759623697307327529e+04
9.237000000000000766e-01 -1.759851732623100179e+04
9.238000000000000655e-01 -1.760079583477191773e+04
9.239000000000000545e-01 -1.760307254603624096e+04
9.240000000000000435e-01 -1.760534706114632354e+04
9.241000000000000325e-01 -1.760761634575888456e+04
9.242000000000000215e-01 -1.760987681486248039e+04
9.243000000000000105e-01 -1.761212881003778239e+04
9.243999999999999995e-01 -1.761437413608602219e+04
9.245000000000000995e-01 -1.761661424662738500e+04
9.246000000000000885e-01 -1.761885003506525754e+04
9.247000000000000774e-01 -1.762108207430553011e+04
9.248000000000000664e-01 -1.762331083431093066e+04
9.249000000000000554e-01 -1.762553677762387815e+04
9.250000000000000444e-01 -1.762776037572222776e+04
9.251000000000000334e-01 -1.762998177201329599e+04
9.252000000000000224e-01 -1.763220078795422160e+04
9.253000000000000114e-01 -1.763441874726700189e+04
9.254000000000000004e-01 -1.763663640807661432e+04
9.254999999999999893e-01 -1.763885421040644360e+04
9.256000000000000894e-01 -1.764107249234788105e+04
9.257000000000000783e-01 -1.764329152302783405e+04
9.258000000000000673e-01 -1.764551151046249652e+04
9.259000000000000563e-01 -1.764773238218716506e+04
9.260000000000000453e-01 -1.764995450544881896e+04
9.261000000000000343e-01 -1.765217819678676460e+04
9.262000000000000233e-01 -1.765440358023180670e+04
9.263000000000000123e-01 -1.765663043035804731e+04
9.264000000000000012e-01 -1.765885854319828286e+04
9.264999999999999902e-01 -1.766108759805054069e+04
9.266000000000000902e-01 -1.766331725001824816e+04
9.267000000000000792e-01 -1.766554717464351415e+04
9.268000000000000682e-01 -1.766777708655532842e+04
9.269000000000000572e-01 -1.767000676210552047e+04
9.270000000000000462e-01 -1.767223612709147346e+04
9.271000000000000352e-01 -1.767446512350533521e+04
9.272000000000000242e-01 -1.767669364245688485e+04
9.273000000000000131e-01 -1.767892160916694775e+04
9.274000000000000021e-01 -1.768114900003067669e+04
9.274999999999999911e-01 -1.768337587868605260e+04
9.276000000000000911e-01 -1.768560261965982863e+04
9.277000000000000801e-01 -1.768782906511804686e+04
9.278000000000000691e-01 -1.769005524957054149e+04
9.279000000000000581e-01 -1.769228136909459863e+04
9.280000000000000471e-01 -1.769450764059299763e+04
9.281000000000000361e-01 -1.769673416665425975e+04
9.282000000000000250e-01 -1.769895984899849645e+04
9.283000000000000140e-01 -1.770118290125960993e+04
9.284000000000000030e-01 -1.770340172326898391e+04
9.284999999999999920e-01 -1.770561619510192759e+04
9.286000000000000920e-01 -1.770782664911284155e+04
9.287000000000000810e-01 -1.771003393623501688e+04
9.288000000000000700e-01 -1.771223886540247986e+04
9.289000000000000590e-01 -1.771444208563761276e+04
9.290000000000000480e-01 -1.771664409479455571e+04
9.291000000000000369e-01 -1.771884526638322131e+04
9.292000000000000259e-01 -1.772104587509674820e+04
9.293000000000000149e-01 -1.772324611767943861e+04
9.294000000000000039e-01 -1.772544612033221347e+04
9.294999999999999929e-01 -1.772764597213001252e+04
9.296000000000000929e-01 -1.772984574814691223e+04
9.297000000000000819e-01 -1.773204544515457019e+04
9.298000000000000709e-01 -1.773424507776825340e+04
9.299000000000000599e-01 -1.773644468601343397e+04
9.300000000000000488e-01 -1.773864426193731197e+04
9.301000000000000378e-01 -1.774083077073635286e+04
9.302000000000000268e-01 -1.774297704756588428e+04
9.303000000000000158e-01 -1.774508562760405039e+04
9.304000000000000048e-01 -1.774716524498016952e+04
9.304999999999999938e-01 -1.774922333322687336e+04
9.306000000000000938e-01 -1.775126546473079361e+04
9.307000000000000828e-01 -1.775329581883942956e+04
9.308000000000000718e-01 -1.775531733691028057e+04
9.309000000000000608e-01 -1.775733221038039846e+04
9.310000000000000497e-01 -1.775934209807197840e+04
9.311000000000000387e-01 -1.776134825895498943e+04
9.312000000000000277e-01 -1.776335199143520003e+04
9.313000000000000167e-01 -1.776535302155613681e+04
9.314000000000000057e-01 -1.776735224012905383e+04
9.314999999999999947e-01 -1.776934911849791752e+04
9.316000000000000947e-01 -1.777134423159240032e+04
9.317000000000000837e-01 -1.777333849690509305e+04
9.318000000000000727e-01 -1.777533296260716452e+04
9.319000000000000616e-01 -1.777732825547436369e+04
9.320000000000000506e-01 -1.777932434453823953e+04
9.321000000000000396e-01 -1.778132336254421898e+04
9.322000000000000286e-01 -1.778332272919696334e+04
9.323000000000000176e-01 -1.778532229857834318e+04
9.324000000000000066e-01 -1.778732218564911091e+04
9.324999999999999956e-01 -1.778932091246094933e+04
9.326000000000000956e-01 -1.779131766666917974e+04
9.327000000000000846e-01 -1.779331218001324669e+04
9.328000000000000735e-01 -1.779530425341130103e+04
9.329000000000000625e-01 -1.779729380197478167e+04
9.330000000000000515e-01 -1.779928087039973980e+04
9.331000000000000405e-01 -1.780126559743942926e+04
9.332000000000000295e-01 -1.780324826771088192e+04
9.333000000000000185e-01 -1.780522916250980779e+04
9.334000000000000075e-01 -1.780720817310842540e+04
9.334999999999999964e-01 -1.780918532581431282e+04
9.336000000000000965e-01 -1.781116071692110563e+04
9.337000000000000854e-01 -1.781313437571845861e+04
9.338000000000000744e-01 -1.781510649337803625e+04
9.339000000000000634e-01 -1.781707738615370909e+04
9.340000000000000524e-01 -1.781904731277904648e+04
9.341000000000000414e-01 -1.782101707289237311e+04
9.342000000000000304e-01 -1.782298766739000348e+04
9.343000000000000194e-01 -1.782495840138821586e+04
9.344000000000000083e-01 -1.782692872592465937e+04
9.344999999999999973e-01 -1.782889857171378389e+04
9.346000000000000973e-01 -1.783086954823544875e+04
9.347000000000000863e-01 -1.783284298504454637e+04
9.348000000000000753e-01 -1.783481823718464511e+04
9.349000000000000643e-01 -1.783679417669627946e+04
9.350000000000000533e-01 -1.783876997176109217e+04
9.351000000000000423e-01 -1.784074517965479026e+04
9.352000000000000313e-01 -1.784271962175518274e+04
9.353000000000000203e-01 -1.784469324081082596e+04
9.354000000000000092e-01 -1.784666697213922816e+04
9.354999999999999982e-01 -1.784864089846118804e+04
9.356000000000000982e-01 -1.785061162265935491e+04
9.357000000000000872e-01 -1.785257968905028974e+04
9.358000000000000762e-01 -1.785454365532565862e+04
9.359000000000000652e-01 -1.785650372827278625e+04
9.360000000000000542e-01 -1.785846160666485230e+04
9.361000000000000432e-01 -1.786041694960124732e+04
9.362000000000000322e-01 -1.786237091606054673e+04
9.363000000000000211e-01 -1.786432615863041065e+04
9.364000000000000101e-01 -1.786627746113529793e+04
9.364999999999999991e-01 -1.786822797544579225e+04
9.366000000000000991e-01 -1.787017994007942252e+04
9.367000000000000881e-01 -1.787213019485426048e+04
9.368000000000000771e-01 -1.787408139036449575e+04
9.369000000000000661e-01 -1.787603237467004874e+04
9.370000000000000551e-01 -1.787798390555077276e+04
9.371000000000000441e-01 -1.787993597881905225e+04
9.372000000000000330e-01 -1.788188840082236857e+04
9.373000000000000220e-01 -1.788384410684625254e+04
9.374000000000000110e-01 -1.788580403971793930e+04
9.375000000000000000e-01 -1.788776783726492431e+04
9.376000000000001000e-01 -1.788973434410087793e+04
9.377000000000000890e-01 -1.789170284367853674e+04
9.378000000000000780e-01 -1.789367161958206998e+04
9.379000000000000670e-01 -1.789563935352760745e+04
9.380000000000000560e-01 -1.789760551673468581e+04
9.381000000000000449e-01 -1.789956973971157277e+04
9.382000000000000339e-01 -1.790153097110469025e+04
9.383000000000000229e-01 -1.790348859532831193e+04
9.384000000000000119e-01 -1.790544305703646023e+04
9.385000000000000009e-01 -1.790739770556606163e+04
9.385999999999999899e-01 -1.790935231556979852e+04
9.387000000000000899e-01 -1.791129859311119071e+04
9.388000000000000789e-01 -1.791324034887858215e+04
9.389000000000000679e-01 -1.791517939596273936e+04
9.390000000000000568e-01 -1.791711559485090402e+04
9.391000000000000458e-01 -1.791904998269184944e+04
9.392000000000000348e-01 -1.792099144617158890e+04
9.393000000000000238e-01 -1.792295317321039329e+04
9.394000000000000128e-01 -1.792494462009812560e+04
9.395000000000000018e-01 -1.792695944367002085e+04
9.395999999999999908e-01 -1.792897993752587718e+04
9.397000000000000908e-01 -1.793099066054288051e+04
9.398000000000000798e-01 -1.793298698157360923e+04
9.399000000000000687e-01 -1.793497138291730880e+04
9.400000000000000577e-01 -1.793694925144371155e+04
9.401000000000000467e-01 -1.793892490570580412e+04
9.402000000000000357e-01 -1.794090055695585397e+04
9.403000000000000247e-01 -1.794287919156076896e+04
9.404000000000000137e-01 -1.794486305500204980e+04
9.405000000000000027e-01 -1.794685073597611699e+04
9.405999999999999917e-01 -1.794884179014006077e+04
9.407000000000000917e-01 -1.795083351492667134e+04
9.408000000000000806e-01 -1.795282195914184194e+04
9.409000000000000696e-01 -1.795480206402533804e+04
9.410000000000000586e-01 -1.795676996082201731e+04
9.411000000000000476e-01 -1.795872535505459382e+04
9.412000000000000366e-01 -1.796067039583986843e+04
9.413000000000000256e-01 -1.796260742691991982e+04
9.414000000000000146e-01 -1.796453827921528864e+04
9.415000000000000036e-01 -1.796646437685551791e+04
9.415999999999999925e-01 -1.796838697837914151e+04
9.417000000000000925e-01 -1.797030726854574823e+04
9.418000000000000815e-01 -1.797222629876677092e+04
9.419000000000000705e-01 -1.797414487486383950e+04
9.420000000000000595e-01 -1.797606347564713360e+04
9.421000000000000485e-01 -1.797798223433188105e+04
9.422000000000000375e-01 -1.797990097370530566e+04
9.423000000000000265e-01 -1.798181926710725747e+04
9.424000000000000155e-01 -1.798373649096372901e+04
9.425000000000000044e-01 -1.798565187848730056e+04
9.425999999999999934e-01 -1.798756453058229818e+04
9.427000000000000934e-01 -1.798947333594020893e+04
9.428000000000000824e-01 -1.799137629561850190e+04
9.429000000000000714e-01 -1.799326722948264069e+04
9.430000000000000604e-01 -1.799513955080701999e+04
9.431000000000000494e-01 -1.799698184120104634e+04
9.432000000000000384e-01 -1.799877504449545086e+04
9.433000000000000274e-01 -1.800050230991071658e+04
9.434000000000000163e-01 -1.800214697872591933e+04
9.435000000000000053e-01 -1.800368873752518994e+04
9.435999999999999943e-01 -1.800510757739069959e+04
9.437000000000000943e-01 -1.800638436510549946e+04
9.438000000000000833e-01 -1.800750110713971662e+04
9.439000000000000723e-01 -1.800844115040757970e+04
9.440000000000000613e-01 -1.800919030260347427e+04
9.441000000000000503e-01 -1.800976972818109425e+04
9.442000000000000393e-01 -1.801021403164072399e+04
9.443000000000000282e-01 -1.801052301501563488e+04
9.444000000000000172e-01 -1.801068777205727019e+04
9.445000000000000062e-01 -1.801070511678612093e+04
9.445999999999999952e-01 -1.801058493943772555e+04
9.447000000000000952e-01 -1.801043012251706023e+04
9.448000000000000842e-01 -1.801029024652585213e+04
9.449000000000000732e-01 -1.801016761715589746e+04
9.450000000000000622e-01 -1.801005444171461932e+04
9.451000000000000512e-01 -1.800995732273034446e+04
9.452000000000000401e-01 -1.800996896978363293e+04
9.453000000000000291e-01 -1.801013399801010019e+04
9.454000000000000181e-01 -1.801044733606095906e+04
9.455000000000000071e-01 -1.801089130863994069e+04
9.455999999999999961e-01 -1.801155254063699613e+04
9.457000000000000961e-01 -1.801253908863235847e+04
9.458000000000000851e-01 -1.801384692432110751e+04
9.459000000000000741e-01 -1.801541328006098411e+04
9.460000000000000631e-01 -1.801714321721354281e+04
9.461000000000000520e-01 -1.801896904735780481e+04
9.462000000000000410e-01 -1.802085107379510373e+04
9.463000000000000300e-01 -1.802276995110011194e+04
9.464000000000000190e-01 -1.802471818509670993e+04
9.465000000000000080e-01 -1.802669322071264105e+04
9.465999999999999970e-01 -1.802869313563817195e+04
9.467000000000000970e-01 -1.803069958012353891e+04
9.468000000000000860e-01 -1.803268803202236450e+04
9.469000000000000750e-01 -1.803474069536813477e+04
9.470000000000000639e-01 -1.803682037489131471e+04
9.471000000000000529e-01 -1.803890499478140555e+04
9.472000000000000419e-01 -1.804098440745577318e+04
9.473000000000000309e-01 -1.804306562316637428e+04
9.474000000000000199e-01 -1.804514498066947635e+04
9.475000000000000089e-01 -1.804721659291523974e+04
9.475999999999999979e-01 -1.804927462662371909e+04
9.477000000000000979e-01 -1.805132270822941427e+04
9.478000000000000869e-01 -1.805336446896241978e+04
9.479000000000000759e-01 -1.805539781527582818e+04
9.480000000000000648e-01 -1.805742269833496539e+04
9.481000000000000538e-01 -1.805943863873006921e+04
9.482000000000000428e-01 -1.806144489235721267e+04
9.483000000000000318e-01 -1.806344095884559647e+04
9.484000000000000208e-01 -1.806542686460785626e+04
9.485000000000000098e-01 -1.806740221729380573e+04
9.485999999999999988e-01 -1.806936713901115581e+04
9.487000000000000988e-01 -1.807132596991525133e+04
9.488000000000000878e-01 -1.807327821159769155e+04
9.489000000000000767e-01 -1.807522434951867035e+04
9.490000000000000657e-01 -1.807716738990489466e+04
9.491000000000000547e-01 -1.807911198967884047e+04
9.492000000000000437e-01 -1.808106030559346982e+04
9.493000000000000327e-01 -1.808301307999492565e+04
9.494000000000000217e-01 -1.808497048385571179e+04
9.495000000000000107e-01 -1.808693244292085001e+04
9.495999999999999996e-01 -1.808889872209588793e+04
9.497000000000000997e-01 -1.809087122097978136e+04
9.498000000000000886e-01 -1.809284914201472930e+04
9.499000000000000776e-01 -1.809483399124647985e+04
9.500000000000000666e-01 -1.809682876365061020e+04
9.501000000000000556e-01 -1.810064703696003926e+04
9.502000000000000446e-01 -1.810568646744398575e+04
9.503000000000000336e-01 -1.811102762470316156e+04
9.504000000000000226e-01 -1.811667988637975941e+04
9.505000000000000115e-01 -1.812305585768288438e+04
9.506000000000000005e-01 -1.813025870674529142e+04
9.507000000000001005e-01 -1.813801892419076466e+04
9.508000000000000895e-01 -1.814561505850646790e+04
9.509000000000000785e-01 -1.815269155924254301e+04
9.510000000000000675e-01 -1.815860930929441383e+04
9.511000000000000565e-01 -1.816332896346720736e+04
9.512000000000000455e-01 -1.816718224469996858e+04
9.513000000000000345e-01 -1.817041040983433049e+04
9.514000000000000234e-01 -1.817323806714824605e+04
9.515000000000000124e-01 -1.817576938058259475e+04
9.516000000000000014e-01 -1.817808056233441312e+04
9.516999999999999904e-01 -1.818022583588084308e+04
9.518000000000000904e-01 -1.818280231825967712e+04
9.519000000000000794e-01 -1.818612736146671887e+04
9.520000000000000684e-01 -1.818918933903448851e+04
9.521000000000000574e-01 -1.819151929430162636e+04
9.522000000000000464e-01 -1.819329987511295258e+04
9.523000000000000353e-01 -1.819474877060383005e+04
9.524000000000000243e-01 -1.819600506669682363e+04
9.525000000000000133e-01 -1.819715512826225677e+04
9.526000000000000023e-01 -1.819825306759751038e+04
9.526999999999999913e-01 -1.819932510811900283e+04
9.528000000000000913e-01 -1.820037213242392681e+04
9.529000000000000803e-01 -1.820139394178214934e+04
9.530000000000000693e-01 -1.820240169641238026e+04
9.531000000000000583e-01 -1.820340446271457768e+04
9.532000000000000473e-01 -1.820441551798514774e+04
9.533000000000000362e-01 -1.820543031636531668e+04
9.534000000000000252e-01 -1.820642316988216771e+04
9.535000000000000142e-01 -1.820737100729532904e+04
9.536000000000000032e-01 -1.820825440514530419e+04
9.536999999999999922e-01 -1.820905776457300090e+04
9.538000000000000922e-01 -1.820977070715838636e+04
9.539000000000000812e-01 -1.821039373184622673e+04
9.540000000000000702e-01 -1.821097318998580158e+04
9.541000000000000592e-01 -1.821153703603774920e+04
9.542000000000000481e-01 -1.821207769986310814e+04
9.543000000000000371e-01 -1.821258152248000260e+04
9.544000000000000261e-01 -1.821305509079232434e+04
9.545000000000000151e-01 -1.821348972126400622e+04
9.546000000000000041e-01 -1.821389143943810632e+04
9.546999999999999931e-01 -1.821432054002372388e+04
9.548000000000000931e-01 -1.821479438279716487e+04
9.549000000000000821e-01 -1.821532829024419334e+04
9.550000000000000711e-01 -1.821598201980670638e+04
9.551000000000000600e-01 -1.821677216717771807e+04
9.552000000000000490e-01 -1.821777389537535419e+04
9.553000000000000380e-01 -1.821901083358796677e+04
9.554000000000000270e-01 -1.822044139166613968e+04
9.555000000000000160e-01 -1.822203778071769193e+04
9.556000000000000050e-01 -1.822376398289544886e+04
9.556999999999999940e-01 -1.822557332163784668e+04
9.558000000000000940e-01 -1.822743304687133423e+04
9.559000000000000830e-01 -1.822932465508568202e+04
9.560000000000000719e-01 -1.823123763282552318e+04
9.561000000000000609e-01 -1.823317655811755685e+04
9.562000000000000499e-01 -1.823518024105419681e+04
9.563000000000000389e-01 -1.823723239965915855e+04
9.564000000000000279e-01 -1.823931269148661522e+04
9.565000000000000169e-01 -1.824140688318873799e+04
9.566000000000000059e-01 -1.824349828688960042e+04
9.566999999999999948e-01 -1.824558267258477281e+04
9.568000000000000949e-01 -1.824764297273366537e+04
9.569000000000000838e-01 -1.824971061990763701e+04
9.570000000000000728e-01 -1.825178893990470169e+04
9.571000000000000618e-01 -1.825387057697352429e+04
9.572000000000000508e-01 -1.825591926233886625e+04
9.573000000000000398e-01 -1.825777401099877534e+04
9.574000000000000288e-01 -1.825957312747569449e+04
9.575000000000000178e-01 -1.826140342908554521e+04
9.576000000000000068e-01 -1.826328623777866233e+04
9.576999999999999957e-01 -1.826521433677473033e+04
9.578000000000000957e-01 -1.826717364817178895e+04
9.579000000000000847e-01 -1.826896410608614315e+04
9.580000000000000737e-01 -1.827058998512411199e+04
9.581000000000000627e-01 -1.827223743812467728e+04
9.582000000000000517e-01 -1.827394674147588739e+04
9.583000000000000407e-01 -1.827571210663627062e+04
9.584000000000000297e-01 -1.827752156741687577e+04
9.585000000000000187e-01 -1.827936795542487744e+04
9.586000000000000076e-01 -1.828124568797592292e+04
9.586999999999999966e-01 -1.828314880927309059e+04
9.588000000000000966e-01 -1.828507227571312978e+04
9.589000000000000856e-01 -1.828701198441090673e+04
9.590000000000000746e-01 -1.828896393075005471e+04
9.591000000000000636e-01 -1.829092684725931758e+04
9.592000000000000526e-01 -1.829289973296678727e+04
9.593000000000000416e-01 -1.829488110047162991e+04
9.594000000000000306e-01 -1.829687043541903404e+04
9.595000000000000195e-01 -1.829886302977377636e+04
9.596000000000000085e-01 -1.830085982774258446e+04
9.596999999999999975e-01 -1.830285016235689909e+04
9.598000000000000975e-01 -1.830441057660031947e+04
9.599000000000000865e-01 -1.830576610971460468e+04
9.600000000000000755e-01 -1.830720960816071602e+04
9.601000000000000645e-01 -1.830880552542805162e+04
9.602000000000000535e-01 -1.831057119477169908e+04
9.603000000000000425e-01 -1.831247973556922807e+04
9.604000000000000314e-01 -1.831412498573281482e+04
9.605000000000000204e-01 -1.831532857526555745e+04
9.606000000000000094e-01 -1.831660763704279816e+04
9.606999999999999984e-01 -1.831808492769039731e+04
9.608000000000000984e-01 -1.831975747910239443e+04
9.609000000000000874e-01 -1.832158698973221908e+04
9.610000000000000764e-01 -1.832353434920245127e+04
9.611000000000000654e-01 -1.832556857293185385e+04
9.612000000000000544e-01 -1.832767070547008916e+04
9.613000000000000433e-01 -1.832982401956183094e+04
9.614000000000000323e-01 -1.833200988885826882e+04
9.615000000000000213e-01 -1.833421809040224980e+04
9.616000000000000103e-01 -1.833643926631820068e+04
9.616999999999999993e-01 -1.833866878600170094e+04
9.618000000000000993e-01 -1.834090506435933639e+04
9.619000000000000883e-01 -1.834314808427260868e+04
9.620000000000000773e-01 -1.834539894769434977e+04
9.621000000000000663e-01 -1.834765941499824839e+04
9.622000000000000552e-01 -1.834993199763244411e+04
9.623000000000000442e-01 -1.835221195461114257e+04
9.624000000000000332e-01 -1.835449653376624701e+04
9.625000000000000222e-01 -1.835678659733043605e+04
9.626000000000000112e-01 -1.835908188611907099e+04
9.627000000000000002e-01 -1.836138182089205657e+04
9.628000000000001002e-01 -1.836368578059162974e+04
9.629000000000000892e-01 -1.836599319020400435e+04
9.630000000000000782e-01 -1.836830355418760519e+04
9.631000000000000671e-01 -1.837061649819502418e+04
9.632000000000000561e-01 -1.837293210792362152e+04
9.633000000000000451e-01 -1.837525225118370872e+04
9.634000000000000341e-01 -1.837756937380114323e+04
9.635000000000000231e-01 -1.837990228534531343e+04
9.636000000000000121e-01 -1.838224440599277295e+04
9.637000000000000011e-01 -1.838458976063824230e+04
9.638000000000001011e-01 -1.838693613186154835e+04
9.639000000000000901e-01 -1.838928339493722160e+04
9.640000000000000790e-01 -1.839163110078354657e+04
9.641000000000000680e-01 -1.839397852586937006e+04
9.642000000000000570e-01 -1.839633027353739453e+04
9.643000000000000460e-01 -1.839868412155381884e+04
9.644000000000000350e-01 -1.840104023058947132e+04
9.645000000000000240e-01 -1.840340024250241186e+04
9.646000000000000130e-01 -1.840576556274351606e+04
9.647000000000000020e-01 -1.840813355848318315e+04
9.647999999999999909e-01 -1.841050550714591009e+04
9.649000000000000909e-01 -1.841288103771078022e+04
9.650000000000000799e-01 -1.841525834126494010e+04
9.651000000000000689e-01 -1.841763728293417444e+04
9.652000000000000579e-01 -1.842001850696400288e+04
9.653000000000000469e-01 -1.842240279846361227e+04
9.654000000000000359e-01 -1.842479080247579986e+04
9.655000000000000249e-01 -1.842718294699642865e+04
9.656000000000000139e-01 -1.842957946802654260e+04
9.657000000000000028e-01 -1.843198048021782233e+04
9.657999999999999918e-01 -1.843438607273628804e+04
9.659000000000000918e-01 -1.843679652293383697e+04
9.660000000000000808e-01 -1.843921298800686782e+04
9.661000000000000698e-01 -1.844163881412429328e+04
9.662000000000000588e-01 -1.844408067742089042e+04
9.663000000000000478e-01 -1.844654057649516471e+04
9.664000000000000368e-01 -1.844901750770747094e+04
9.665000000000000258e-01 -1.845150980699448337e+04
9.666000000000000147e-01 -1.845401616677285347e+04
9.667000000000000037e-01 -1.845652777821333075e+04
9.667999999999999927e-01 -1.845905664389097001e+04
9.669000000000000927e-01 -1.846160877123735554e+04
9.670000000000000817e-01 -1.846419274208586648e+04
9.671000000000000707e-01 -1.846682458497226617e+04
9.672000000000000597e-01 -1.846950969618498857e+04
9.673000000000000487e-01 -1.847223876014400958e+04
9.674000000000000377e-01 -1.847502532474536201e+04
9.675000000000000266e-01 -1.847786930310570096e+04
9.676000000000000156e-01 -1.848076841779799724e+04
9.677000000000000046e-01 -1.848372158307461723e+04
9.677999999999999936e-01 -1.848672287591337226e+04
9.679000000000000936e-01 -1.848980058960377573e+04
9.680000000000000826e-01 -1.849298308294787421e+04
9.681000000000000716e-01 -1.849629722180452882e+04
9.682000000000000606e-01 -1.849976200461247208e+04
9.683000000000000496e-01 -1.850336458915324692e+04
9.684000000000000385e-01 -1.850713115561104860e+04
9.685000000000000275e-01 -1.851111049705872210e+04
9.686000000000000165e-01 -1.851533520573881106e+04
9.687000000000000055e-01 -1.851984578025587689e+04
9.687999999999999945e-01 -1.852469492072809226e+04
9.689000000000000945e-01 -1.852996602162161071e+04
9.690000000000000835e-01 -1.853568738994898013e+04
9.691000000000000725e-01 -1.854187038073079748e+04
9.692000000000000615e-01 -1.854847183380740535e+04
9.693000000000000504e-01 -1.855439283462125240e+04
9.694000000000000394e-01 -1.855781324197238064e+04
9.695000000000000284e-01 -1.855964833882877065e+04
9.696000000000000174e-01 -1.856116892149284104e+04
9.697000000000000064e-01 -1.856309793906238701e+04
9.697999999999999954e-01 -1.856517153436660374e+04
9.699000000000000954e-01 -1.856730192074807928e+04
9.700000000000000844e-01 -1.856941156000501724e+04
9.701000000000000734e-01 -1.857147173603549163e+04
9.702000000000000624e-01 -1.857350521951465635e+04
9.703000000000000513e-01 -1.857554706935209106e+04
9.704000000000000403e-01 -1.857763720199047748e+04
9.705000000000000293e-01 -1.857980613002938117e+04
9.706000000000000183e-01 -1.858205794466036969e+04
9.707000000000000073e-01 -1.858437565186515349e+04
9.707999999999999963e-01 -1.858673333471035949e+04
9.709000000000000963e-01 -1.858910687373149267e+04
9.710000000000000853e-01 -1.859147623715787995e+04
9.711000000000000743e-01 -1.859383175015396046e+04
9.712000000000000632e-01 -1.859616453596726205e+04
9.713000000000000522e-01 -1.859846603516023606e+04
9.714000000000000412e-01 -1.860073922227935327e+04
9.715000000000000302e-01 -1.860299004214198067e+04
9.716000000000000192e-01 -1.860522465091922641e+04
9.717000000000000082e-01 -1.860744930133396338e+04
9.717999999999999972e-01 -1.860966950394098603e+04
9.719000000000000972e-01 -1.861188989715890420e+04
9.720000000000000862e-01 -1.861411422091358327e+04
9.721000000000000751e-01 -1.861634330315380066e+04
9.722000000000000641e-01 -1.861857678124772065e+04
9.723000000000000531e-01 -1.862081417696617063e+04
9.724000000000000421e-01 -1.862305467538869561e+04
9.725000000000000311e-01 -1.862529733929558643e+04
9.726000000000000201e-01 -1.862754102983897246e+04
9.727000000000000091e-01 -1.862978489349634037e+04
9.727999999999999980e-01 -1.863202852834792066e+04
9.729000000000000981e-01 -1.863427177903079792e+04
9.730000000000000870e-01 -1.863651477876067293e+04
9.731000000000000760e-01 -1.863875768182449247e+04
9.732000000000000650e-01 -1.864100321946625627e+04
9.733000000000000540e-01 -1.864324897475217222e+04
9.734000000000000430e-01 -1.864549085901393846e+04
9.735000000000000320e-01 -1.864773211193245515e+04
9.736000000000000210e-01 -1.864997357112887039e+04
9.737000000000000099e-01 -1.865221496956915871e+04
9.737999999999999989e-01 -1.865445590553957663e+04
9.739000000000000989e-01 -1.865669616623818001e+04
9.740000000000000879e-01 -1.865893578849815458e+04
9.741000000000000769e-01 -1.866117480638921188e+04
9.742000000000000659e-01 -1.866341323351500250e+04
9.743000000000000549e-01 -1.866565109501741972e+04
9.744000000000000439e-01 -1.866788842941239636e+04
9.745000000000000329e-01 -1.867012529794713191e+04
9.746000000000000218e-01 -1.867236176942824750e+04
9.747000000000000108e-01 -1.867459790335469370e+04
9.747999999999999998e-01 -1.867683352832234596e+04
9.749000000000000998e-01 -1.867913844282777791e+04
9.750000000000000888e-01 -1.868155507349706022e+04
9.751000000000000778e-01 -1.868396311341038017e+04
9.752000000000000668e-01 -1.868634097724819367e+04
9.753000000000000558e-01 -1.868870316199105946e+04
9.754000000000000448e-01 -1.869114791549925212e+04
9.755000000000000338e-01 -1.869359622361755464e+04
9.756000000000000227e-01 -1.869600878310930057e+04
9.757000000000000117e-01 -1.869839424030743612e+04
9.758000000000000007e-01 -1.870076303750903026e+04
9.759000000000001007e-01 -1.870312178973127448e+04
9.760000000000000897e-01 -1.870547038738465199e+04
9.761000000000000787e-01 -1.870778792541265284e+04
9.762000000000000677e-01 -1.871007517178700800e+04
9.763000000000000567e-01 -1.871234086319905327e+04
9.764000000000000457e-01 -1.871459184982075021e+04
9.765000000000000346e-01 -1.871683256481763965e+04
9.766000000000000236e-01 -1.871906607581056960e+04
9.767000000000000126e-01 -1.872129600996752924e+04
9.768000000000000016e-01 -1.872352508290852711e+04
9.769000000000001016e-01 -1.872575420062903868e+04
9.770000000000000906e-01 -1.872798310533212134e+04
9.771000000000000796e-01 -1.873021141317211732e+04
9.772000000000000686e-01 -1.873243751869780681e+04
9.773000000000000576e-01 -1.873466540409358640e+04
9.774000000000000465e-01 -1.873689366652500394e+04
9.775000000000000355e-01 -1.873912208715977249e+04
9.776000000000000245e-01 -1.874135072364131702e+04
9.777000000000000135e-01 -1.874357957600257942e+04
9.778000000000000025e-01 -1.874580860228245365e+04
9.778999999999999915e-01 -1.874803782063337349e+04
9.780000000000000915e-01 -1.875029083514133163e+04
9.781000000000000805e-01 -1.875257079552548748e+04
9.782000000000000695e-01 -1.875486535255752460e+04
9.783000000000000584e-01 -1.875716585519147338e+04
9.784000000000000474e-01 -1.875945677308367158e+04
9.785000000000000364e-01 -1.876173353172563657e+04
9.786000000000000254e-01 -1.876399655755587446e+04
9.787000000000000144e-01 -1.876624989241333969e+04
9.788000000000000034e-01 -1.876849463976954576e+04
9.788999999999999924e-01 -1.877073127004133858e+04
9.790000000000000924e-01 -1.877296123377857293e+04
9.791000000000000814e-01 -1.877518630779312298e+04
9.792000000000000703e-01 -1.877740811420903992e+04
9.793000000000000593e-01 -1.877962788260687375e+04
9.794000000000000483e-01 -1.878184643230593429e+04
9.795000000000000373e-01 -1.878406425747735193e+04
9.796000000000000263e-01 -1.878628160655810279e+04
9.797000000000000153e-01 -1.878849858748076076e+04
9.798000000000000043e-01 -1.879071537141284716e+04
9.798999999999999932e-01 -1.879293199039031606e+04
9.800000000000000933e-01 -1.879514846581543316e+04
9.801000000000000822e-01 -1.879735237243893789e+04
9.802000000000000712e-01 -1.879951886119410119e+04
9.803000000000000602e-01 -1.880164926048608686e+04
9.804000000000000492e-01 -1.880375023752425113e+04
9.805000000000000382e-01 -1.880582839411130044e+04
9.806000000000000272e-01 -1.880788912648689075e+04
9.807000000000000162e-01 -1.880993678380676647e+04
9.808000000000000052e-01 -1.881197475566109642e+04
9.808999999999999941e-01 -1.881400604553089943e+04
9.810000000000000941e-01 -1.881603478756348704e+04
9.811000000000000831e-01 -1.881806096370147861e+04
9.812000000000000721e-01 -1.882008482394126622e+04
9.813000000000000611e-01 -1.882210663197440590e+04
9.814000000000000501e-01 -1.882412670640349461e+04
9.815000000000000391e-01 -1.882614535598238581e+04
9.816000000000000281e-01 -1.882816284285248548e+04
9.817000000000000171e-01 -1.883017891012662221e+04
9.818000000000000060e-01 -1.883219316835319842e+04
9.818999999999999950e-01 -1.883420593058837767e+04
9.820000000000000950e-01 -1.883621757423310555e+04
9.821000000000000840e-01 -1.883822841984167462e+04
9.822000000000000730e-01 -1.884023871895382399e+04
9.823000000000000620e-01 -1.884224840248339751e+04
9.824000000000000510e-01 -1.884425745026493314e+04
9.825000000000000400e-01 -1.884626714562531197e+04
9.826000000000000290e-01 -1.884827693585085581e+04
9.827000000000000179e-01 -1.885028676417433962e+04
9.828000000000000069e-01 -1.885229665789708451e+04
9.828999999999999959e-01 -1.885430665017609135e+04
9.830000000000000959e-01 -1.885631676453410182e+04
9.831000000000000849e-01 -1.885832700183689303e+04
9.832000000000000739e-01 -1.886033735300690387e+04
9.833000000000000629e-01 -1.886234780058234537e+04
9.834000000000000519e-01 -1.886435831930292261e+04
9.835000000000000409e-01 -1.886636887736928838e+04
9.836000000000000298e-01 -1.886837948423062335e+04
9.837000000000000188e-01 -1.887038894130795234e+04
9.838000000000000078e-01 -1.887239706587327237e+04
9.838999999999999968e-01 -1.887440595846120414e+04
9.840000000000000968e-01 -1.887641620648331082e+04
9.841000000000000858e-01 -1.887842862528674959e+04
9.842000000000000748e-01 -1.888044286435275353e+04
9.843000000000000638e-01 -1.888245827928019935e+04
9.844000000000000528e-01 -1.888447415390299284e+04
9.845000000000000417e-01 -1.888649002289084819e+04
9.846000000000000307e-01 -1.888850564372390727e+04
9.847000000000000197e-01 -1.889052091095823562e+04
9.848000000000000087e-01 -1.889253578510123043e+04
9.848999999999999977e-01 -1.889455024341721582e+04
9.850000000000000977e-01 -1.889656424537505154e+04
9.851000000000000867e-01 -1.889857770140661523e+04
9.852000000000000757e-01 -1.890059010469248460e+04
9.853000000000000647e-01 -1.890259972961017411e+04
9.854000000000000536e-01 -1.890460614471691952e+04
9.855000000000000426e-01 -1.890660953100090774e+04
9.856000000000000316e-01 -1.890861000579670144e+04
9.857000000000000206e-01 -1.891060737518532551e+04
9.858000000000000096e-01 -1.891260115645697078e+04
9.858999999999999986e-01 -1.891459163068763519e+04
9.860000000000000986e-01 -1.891657795049241395e+04
9.861000000000000876e-01 -1.891855995177127988e+04
9.862000000000000766e-01 -1.892053771285143375e+04
9.863000000000000655e-01 -1.892251131616164639e+04
9.864000000000000545e-01 -1.892448110281843401e+04
9.865000000000000435e-01 -1.892644644352446994e+04
9.866000000000000325e-01 -1.892840807544042400e+04
9.867000000000000215e-01 -1.893036590591043569e+04
9.868000000000000105e-01 -1.893232031107219882e+04
9.868999999999999995e-01 -1.893427157795245512e+04
9.870000000000000995e-01 -1.893622065251825552e+04
9.871000000000000885e-01 -1.893816798603996358e+04
9.872000000000000774e-01 -1.894011302955034989e+04
9.873000000000000664e-01 -1.894205415377853205e+04
9.874000000000000554e-01 -1.894399059714905525e+04
9.875000000000000444e-01 -1.894592207669105119e+04
9.876000000000000334e-01 -1.894784716459026458e+04
9.877000000000000224e-01 -1.894976491783906386e+04
9.878000000000000114e-01 -1.895167454101327894e+04
9.879000000000000004e-01 -1.895357967904893667e+04
9.880000000000001004e-01 -1.895548247124475165e+04
9.881000000000000894e-01 -1.895738235036928381e+04
9.882000000000000783e-01 -1.895929055877907376e+04
9.883000000000000673e-01 -1.896119725551398369e+04
9.884000000000000563e-01 -1.896310455678625658e+04
9.885000000000000453e-01 -1.896501657152024563e+04
9.886000000000000343e-01 -1.896693485429551583e+04
9.887000000000000233e-01 -1.896885977281165469e+04
9.888000000000000123e-01 -1.897079191373145295e+04
9.889000000000000012e-01 -1.897273547786473864e+04
9.890000000000001013e-01 -1.897468441584551329e+04
9.891000000000000902e-01 -1.897662759443463074e+04
9.892000000000000792e-01 -1.897857083822467757e+04
9.893000000000000682e-01 -1.898051751861595039e+04
9.894000000000000572e-01 -1.898247239063668167e+04
9.895000000000000462e-01 -1.898443230916363245e+04
9.896000000000000352e-01 -1.898640719423958217e+04
9.897000000000000242e-01 -1.898838679942194722e+04
9.898000000000000131e-01 -1.899036136343354883e+04
9.899000000000000021e-01 -1.899234667489815183e+04
9.900000000000001021e-01 -1.899434116968869785e+04
9.901000000000000911e-01 -1.899634325315452952e+04
9.902000000000000801e-01 -1.899834826897172024e+04
9.903000000000000691e-01 -1.900035252614419369e+04
9.904000000000000581e-01 -1.900235394326223468e+04
9.905000000000000471e-01 -1.900435186424156927e+04
9.906000000000000361e-01 -1.900634651579889032e+04
9.907000000000000250e-01 -1.900833859066864534e+04
9.908000000000000140e-01 -1.901032933046736798e+04
9.909000000000000030e-01 -1.901231956598526085e+04
9.909999999999999920e-01 -1.901430981912054631e+04
9.911000000000000920e-01 -1.901630045352453089e+04
9.912000000000000810e-01 -1.901829203008316108e+04
9.913000000000000700e-01 -1.902028479645733387e+04
9.914000000000000590e-01 -1.902227559889432450e+04
9.915000000000000480e-01 -1.902426134835658377e+04
9.916000000000000369e-01 -1.902623786902769280e+04
9.917000000000000259e-01 -1.902819772982331051e+04
9.918000000000000149e-01 -1.903013757007614549e+04
9.919000000000000039e-01 -1.903205808175935817e+04
9.919999999999999929e-01 -1.903396085602840321e+04
9.921000000000000929e-01 -1.903585174871934942e+04
9.922000000000000819e-01 -1.903773108824662268e+04
9.923000000000000709e-01 -1.903959328812698004e+04
9.924000000000000599e-01 -1.904143410914437118e+04
9.925000000000000488e-01 -1.904325120442076877e+04
9.926000000000000378e-01 -1.904504369930431858e+04
9.927000000000000268e-01 -1.904681041052383080e+04
9.928000000000000158e-01 -1.904853885697544683e+04
9.929000000000000048e-01 -1.905020594684567914e+04
9.929999999999999938e-01 -1.905179406510246190e+04
9.931000000000000938e-01 -1.905327513768842982e+04
9.932000000000000828e-01 -1.905459439489604847e+04
9.933000000000000718e-01 -1.905574783997709164e+04
9.934000000000000608e-01 -1.905676173328894947e+04
9.935000000000000497e-01 -1.905766872683529073e+04
9.936000000000000387e-01 -1.905845527933177436e+04
9.937000000000000277e-01 -1.905907828795199021e+04
9.938000000000000167e-01 -1.905949702760689252e+04
9.939000000000000057e-01 -1.905968090981134083e+04
9.939999999999999947e-01 -1.905960772625571553e+04
9.941000000000000947e-01 -1.905929804434383186e+04
9.942000000000000837e-01 -1.905879698868081323e+04
9.943000000000000727e-01 -1.905812238860635989e+04
9.944000000000000616e-01 -1.905737385163359795e+04
9.945000000000000506e-01 -1.905661359339463525e+04
9.946000000000000396e-01 -1.905588355637164204e+04
9.947000000000000286e-01 -1.905525997394458318e+04
9.948000000000000176e-01 -1.905484919916513900e+04
9.949000000000000066e-01 -1.905469305031835393e+04
9.949999999999999956e-01 -1.905478358461596872e+04
9.951000000000000956e-01 -1.905510740552908828e+04
9.952000000000000846e-01 -1.905590742597925782e+04
9.953000000000000735e-01 -1.905723344765323054e+04
9.954000000000000625e-01 -1.905890211386155715e+04
9.955000000000000515e-01 -1.906075293277584205e+04
9.956000000000000405e-01 -1.906268805225136748e+04
9.957000000000000295e-01 -1.906466566373252499e+04
9.958000000000000185e-01 -1.906667727225947237e+04
9.959000000000000075e-01 -1.906868704618354241e+04
9.959999999999999964e-01 -1.907068122056128777e+04
9.961000000000000965e-01 -1.907276092920133306e+04
9.962000000000000854e-01 -1.907490775269348160e+04
9.963000000000000744e-01 -1.907708222431199101e+04
9.964000000000000634e-01 -1.907925665304784707e+04
9.965000000000000524e-01 -1.908140752893768513e+04
9.966000000000000414e-01 -1.908353463848082538e+04
9.967000000000000304e-01 -1.908564053585910733e+04
9.968000000000000194e-01 -1.908771746401193013e+04
9.969000000000000083e-01 -1.908976282651787551e+04
9.969999999999999973e-01 -1.909178396244951364e+04
9.971000000000000973e-01 -1.909380826990011701e+04
9.972000000000000863e-01 -1.909584056937375863e+04
9.973000000000000753e-01 -1.909787391202602885e+04
9.974000000000000643e-01 -1.909991286020233019e+04
9.975000000000000533e-01 -1.910194913590729993e+04
9.976000000000000423e-01 -1.910398152034911254e+04
9.977000000000000313e-01 -1.910600634054985494e+04
9.978000000000000203e-01 -1.910802829246058536e+04
9.979000000000000092e-01 -1.911005085957210395e+04
9.979999999999999982e-01 -1.911206579991771287e+04
9.981000000000000982e-01 -1.911406862005535004e+04
9.982000000000000872e-01 -1.911605985174998204e+04
9.983000000000000762e-01 -1.911804974636301995e+04
9.984000000000000652e-01 -1.912003670623281869e+04
9.985000000000000542e-01 -1.912202438073532903e+04
9.986000000000000432e-01 -1.912401185210216136e+04
9.987000000000000322e-01 -1.912600217329950101e+04
9.988000000000000211e-01 -1.912799655700889707e+04
9.989000000000000101e-01 -1.913000030752878592e+04
9.989999999999999991e-01 -1.913200873467629935e+04
9.991000000000000991e-01 -1.913401491004140553e+04
9.992000000000000881e-01 -1.913602223476429208e+04
9.993000000000000771e-01 -1.913803216430274551e+04
9.994000000000000661e-01 -1.914004534259689171e+04
9.995000000000000551e-01 -1.914206202821269108e+04
9.996000000000000441e-01 -1.914409358316270664e+04
9.997000000000000330e-01 -1.914612251455908699e+04
9.998000000000000220e-01 -1.914814564539107596e+04
9.999000000000000110e-01 -1.915016721092251828e+04
1.000000000000000000e+00 -1.915219242371593646e+04
