time R11 R12 R13 R21 R22 R23 R31 R32 R33
0.000000000000000000e+00 1.000000000000000000e+00 -0.000000000000000000e+00 0.000000000000000000e+00 0.000000000000000000e+00 1.000000000000000000e+00 -0.000000000000000000e+00 0.000000000000000000e+00 0.000000000000000000e+00 1.000000000000000000e+00
9.999999999999990992e-05 9.999999999999992228e-01 -3.564939745140485602e-08 0.000000000000000000e+00 3.564939745140485602e-08 9.999999999999992228e-01 -0.000000000000000000e+00 0.000000000000000000e+00 0.000000000000000000e+00 1.000000000000000000e+00
1.999999999999996301e-04 9.999999999999708011e-01 -2.410035418645451231e-07 0.000000000000000000e+00 2.410035418645451231e-07 9.999999999999708011e-01 -0.000000000000000000e+00 0.000000000000000000e+00 0.000000000000000000e+00 1.000000000000000000e+00
2.999999999999993774e-04 9.999999999997518652e-01 -7.042605988212091162e-07 0.000000000000000000e+00 7.042605988212091162e-07 9.999999999997518652e-01 -0.000000000000000000e+00 0.000000000000000000e+00 0.000000000000000000e+00 1.000000000000000000e+00
3.999999999999990976e-04 9.999999999989240829e-01 -1.466831936843370689e-06 0.000000000000000000e+00 1.466831936843370689e-06 9.999999999989240829e-01 -0.000000000000000000e+00 0.000000000000000000e+00 0.000000000000000000e+00 1.000000000000000000e+00
4.999999999999991430e-04 9.999999999967568165e-01 -2.546808905904237659e-06 0.000000000000000000e+00 2.546808905904237659e-06 9.999999999967568165e-01 -0.000000000000000000e+00 0.000000000000000000e+00 0.000000000000000000e+00 1.000000000000000000e+00
6.000000000000015737e-04 9.999999999921954652e-01 -3.950783127258607449e-06 0.000000000000000000e+00 3.950783127258607449e-06 9.999999999921954652e-01 -0.000000000000000000e+00 0.000000000000000000e+00 0.000000000000000000e+00 1.000000000000000000e+00
7.000000000000040044e-04 9.999999999838699027e-01 -5.679788361316811336e-06 0.000000000000000000e+00 5.679788361316811336e-06 9.999999999838699027e-01 -0.000000000000000000e+00 0.000000000000000000e+00 0.000000000000000000e+00 1.000000000000000000e+00
8.000000000000064351e-04 9.999999999701059128e-01 -7.732276522375682644e-06 0.000000000000000000e+00 7.732276522375682644e-06 9.999999999701059128e-01 -0.000000000000000000e+00 0.000000000000000000e+00 0.000000000000000000e+00 1.000000000000000000e+00
9.000000000000088658e-04 9.999999999542577012e-01 -9.564743353304255204e-06 0.000000000000000000e+00 9.564743353304255204e-06 9.999999999542577012e-01 -0.000000000000000000e+00 0.000000000000000000e+00 0.000000000000000000e+00 1.000000000000000000e+00
1.000000000000011297e-03 9.999999999769231263e-01 -6.793628685438549860e-06 0.000000000000000000e+00 6.793628685438549860e-06 9.999999999769231263e-01 -0.000000000000000000e+00 0.000000000000000000e+00 0.000000000000000000e+00 1.000000000000000000e+00
1.100000000000013727e-03 9.999999999998661071e-01 -5.172708366994977949e-07 0.000000000000000000e+00 5.172708366994977949e-07 9.999999999998661071e-01 -0.000000000000000000e+00 0.000000000000000000e+00 0.000000000000000000e+00 1.000000000000000000e+00
1.200000000000016158e-03 9.999999999820622376e-01 5.989595506746736421e-06 0.000000000000000000e+00 -5.989595506746736421e-06 9.999999999820622376e-01 -0.000000000000000000e+00 -0.000000000000000000e+00 0.000000000000000000e+00 1.000000000000000000e+00
1.300000000000018589e-03 9.999999999103571513e-01 1.338974555431425914e-05 0.000000000000000000e+00 -1.338974555431425914e-05 9.999999999103571513e-01 -0.000000000000000000e+00 -0.000000000000000000e+00 0.000000000000000000e+00 1.000000000000000000e+00
1.400000000000021019e-03 9.999999997991537715e-01 2.004225861479642649e-05 0.000000000000000000e+00 -2.004225861479642649e-05 9.999999997991537715e-01 -0.000000000000000000e+00 -0.000000000000000000e+00 0.000000000000000000e+00 1.000000000000000000e+00
1.500000000000023450e-03 9.999999996954859194e-01 2.467849412285871838e-05 0.000000000000000000e+00 -2.467849412285871838e-05 9.999999996954859194e-01 -0.000000000000000000e+00 -0.000000000000000000e+00 0.000000000000000000e+00 1.000000000000000000e+00
1.600000000000025881e-03 9.999999996271348168e-01 2.730806313784130945e-05 0.000000000000000000e+00 -2.730806313784130945e-05 9.999999996271348168e-01 -0.000000000000000000e+00 -0.000000000000000000e+00 0.000000000000000000e+00 1.000000000000000000e+00
1.700000000000028311e-03 9.999999995958216426e-01 2.843161326122180951e-05 0.000000000000000000e+00 -2.843161326122180951e-05 9.999999995958216426e-01 -0.000000000000000000e+00 -0.000000000000000000e+00 0.000000000000000000e+00 1.000000000000000000e+00
1.800000000000030742e-03 9.999999995968424926e-01 2.839568123927140980e-05 0.000000000000000000e+00 -2.839568123927140980e-05 9.999999995968424926e-01 -0.000000000000000000e+00 -0.000000000000000000e+00 0.000000000000000000e+00 1.000000000000000000e+00
1.900000000000033173e-03 9.999999996258065460e-01 2.735665683733128409e-05 0.000000000000000000e+00 -2.735665683733128409e-05 9.999999996258065460e-01 -0.000000000000000000e+00 -0.000000000000000000e+00 0.000000000000000000e+00 1.000000000000000000e+00
2.000000000000030399e-03 9.999999996784921796e-01 2.535775008994227441e-05 0.000000000000000000e+00 -2.535775008994227441e-05 9.999999996784921796e-01 -0.000000000000000000e+00 -0.000000000000000000e+00 0.000000000000000000e+00 1.000000000000000000e+00
2.100000000000021988e-03 9.999999997472185376e-01 2.248471889367711801e-05 0.000000000000000000e+00 -2.248471889367711801e-05 9.999999997472185376e-01 -0.000000000000000000e+00 -0.000000000000000000e+00 0.000000000000000000e+00 1.000000000000000000e+00
2.200000000000013577e-03 9.999999998235398202e-01 1.878616328335637188e-05 0.000000000000000000e+00 -1.878616328335637188e-05 9.999999998235398202e-01 -0.000000000000000000e+00 -0.000000000000000000e+00 0.000000000000000000e+00 1.000000000000000000e+00
2.300000000000005165e-03 9.999999998986150995e-01 1.423971432680029694e-05 0.000000000000000000e+00 -1.423971432680029694e-05 9.999999998986150995e-01 -0.000000000000000000e+00 -0.000000000000000000e+00 0.000000000000000000e+00 1.000000000000000000e+00
2.399999999999996754e-03 9.999999999603659262e-01 8.903262263893862820e-06 0.000000000000000000e+00 -8.903262263893862820e-06 9.999999999603659262e-01 -0.000000000000000000e+00 -0.000000000000000000e+00 0.000000000000000000e+00 1.000000000000000000e+00
2.499999999999988343e-03 9.999999999962506658e-01 2.738323503496497177e-06 0.000000000000000000e+00 -2.738323503496497177e-06 9.999999999962506658e-01 -0.000000000000000000e+00 -0.000000000000000000e+00 0.000000000000000000e+00 1.000000000000000000e+00
2.599999999999979931e-03 9.999999999886273194e-01 -4.769192409159843484e-06 0.000000000000000000e+00 4.769192409159843484e-06 9.999999999886273194e-01 -0.000000000000000000e+00 0.000000000000000000e+00 0.000000000000000000e+00 1.000000000000000000e+00
2.699999999999971520e-03 9.999999999037592069e-01 -1.387375844204304861e-05 0.000000000000000000e+00 1.387375844204304861e-05 9.999999999037592069e-01 -0.000000000000000000e+00 0.000000000000000000e+00 0.000000000000000000e+00 1.000000000000000000e+00
2.799999999999963109e-03 9.999999996929608281e-01 -2.478059884548704003e-05 0.000000000000000000e+00 2.478059884548704003e-05 9.999999996929608281e-01 -0.000000000000000000e+00 0.000000000000000000e+00 0.000000000000000000e+00 1.000000000000000000e+00
2.899999999999954697e-03 9.999999993029227152e-01 -3.733837599133078974e-05 0.000000000000000000e+00 3.733837599133078974e-05 9.999999993029227152e-01 -0.000000000000000000e+00 0.000000000000000000e+00 0.000000000000000000e+00 1.000000000000000000e+00
2.999999999999946286e-03 9.999999986896174198e-01 -5.119340796253583307e-05 0.000000000000000000e+00 5.119340796253583307e-05 9.999999986896174198e-01 -0.000000000000000000e+00 0.000000000000000000e+00 0.000000000000000000e+00 1.000000000000000000e+00
3.099999999999937875e-03 9.999999978708306037e-01 -6.525594605446665688e-05 0.000000000000000000e+00 6.525594605446665688e-05 9.999999978708306037e-01 -0.000000000000000000e+00 0.000000000000000000e+00 0.000000000000000000e+00 1.000000000000000000e+00
3.199999999999929463e-03 9.999999969536617073e-01 -7.805559760390360215e-05 0.000000000000000000e+00 7.805559760390360215e-05 9.999999969536617073e-01 -0.000000000000000000e+00 0.000000000000000000e+00 0.000000000000000000e+00 1.000000000000000000e+00
3.299999999999921052e-03 9.999999961745421606e-01 -8.746951042398987087e-05 0.000000000000000000e+00 8.746951042398987087e-05 9.999999961745421606e-01 -0.000000000000000000e+00 0.000000000000000000e+00 0.000000000000000000e+00 1.000000000000000000e+00
3.399999999999912641e-03 9.999999955592001610e-01 -9.424223877667796477e-05 0.000000000000000000e+00 9.424223877667796477e-05 9.999999955592001610e-01 -0.000000000000000000e+00 0.000000000000000000e+00 0.000000000000000000e+00 1.000000000000000000e+00
3.499999999999904229e-03 9.999999950674427485e-01 -9.932328113767815785e-05 0.000000000000000000e+00 9.932328113767815785e-05 9.999999950674427485e-01 -0.000000000000000000e+00 0.000000000000000000e+00 0.000000000000000000e+00 1.000000000000000000e+00
3.599999999999895818e-03 9.999999946620398150e-01 -1.033243442845719365e-04 0.000000000000000000e+00 1.033243442845719365e-04 9.999999946620398150e-01 -0.000000000000000000e+00 0.000000000000000000e+00 0.000000000000000000e+00 1.000000000000000000e+00
3.699999999999887407e-03 9.999999943120776447e-01 -1.066576039091363679e-04 0.000000000000000000e+00 1.066576039091363679e-04 9.999999943120776447e-01 -0.000000000000000000e+00 0.000000000000000000e+00 0.000000000000000000e+00 1.000000000000000000e+00
3.799999999999878995e-03 9.999999939911651259e-01 -1.096251310600948191e-04 0.000000000000000000e+00 1.096251310600948191e-04 9.999999939911651259e-01 -0.000000000000000000e+00 0.000000000000000000e+00 0.000000000000000000e+00 1.000000000000000000e+00
3.899999999999870584e-03 9.999999937191579313e-01 -1.120789174200944623e-04 0.000000000000000000e+00 1.120789174200944623e-04 9.999999937191579313e-01 -0.000000000000000000e+00 0.000000000000000000e+00 0.000000000000000000e+00 1.000000000000000000e+00
3.999999999999882122e-03 9.999999935023935471e-01 -1.139965466398692182e-04 0.000000000000000000e+00 1.139965466398692182e-04 9.999999935023935471e-01 -0.000000000000000000e+00 0.000000000000000000e+00 0.000000000000000000e+00 1.000000000000000000e+00
4.099999999999895395e-03 9.999999933293050036e-01 -1.155049335655944424e-04 0.000000000000000000e+00 1.155049335655944424e-04 9.999999933293050036e-01 -0.000000000000000000e+00 0.000000000000000000e+00 0.000000000000000000e+00 1.000000000000000000e+00
4.199999999999908668e-03 9.999999931893289729e-01 -1.167105042393099055e-04 0.000000000000000000e+00 1.167105042393099055e-04 9.999999931893289729e-01 -0.000000000000000000e+00 0.000000000000000000e+00 0.000000000000000000e+00 1.000000000000000000e+00
4.299999999999921940e-03 9.999999931181917656e-01 -1.173184395861220778e-04 0.000000000000000000e+00 1.173184395861220778e-04 9.999999931181917656e-01 -0.000000000000000000e+00 0.000000000000000000e+00 0.000000000000000000e+00 1.000000000000000000e+00
4.399999999999935213e-03 9.999999931393021013e-01 -1.171383604651685941e-04 0.000000000000000000e+00 1.171383604651685941e-04 9.999999931393021013e-01 -0.000000000000000000e+00 0.000000000000000000e+00 0.000000000000000000e+00 1.000000000000000000e+00
4.499999999999948486e-03 9.999999932463307095e-01 -1.162210758611006154e-04 0.000000000000000000e+00 1.162210758611006154e-04 9.999999932463307095e-01 -0.000000000000000000e+00 0.000000000000000000e+00 0.000000000000000000e+00 1.000000000000000000e+00
4.599999999999961758e-03 9.999999934344850905e-01 -1.145907035059338995e-04 0.000000000000000000e+00 1.145907035059338995e-04 9.999999934344850905e-01 -0.000000000000000000e+00 0.000000000000000000e+00 0.000000000000000000e+00 1.000000000000000000e+00
4.699999999999975031e-03 9.999999937119324889e-01 -1.121433666185970126e-04 0.000000000000000000e+00 1.121433666185970126e-04 9.999999937119324889e-01 -0.000000000000000000e+00 0.000000000000000000e+00 0.000000000000000000e+00 1.000000000000000000e+00
4.799999999999988304e-03 9.999999940334766135e-01 -1.092384844135430510e-04 0.000000000000000000e+00 1.092384844135430510e-04 9.999999940334766135e-01 -0.000000000000000000e+00 0.000000000000000000e+00 0.000000000000000000e+00 1.000000000000000000e+00
4.900000000000001577e-03 9.999999943636225241e-01 -1.061732300121549945e-04 0.000000000000000000e+00 1.061732300121549945e-04 9.999999943636225241e-01 -0.000000000000000000e+00 0.000000000000000000e+00 0.000000000000000000e+00 1.000000000000000000e+00
5.000000000000014849e-03 9.999999946742057499e-01 -1.032065311781376628e-04 0.000000000000000000e+00 1.032065311781376628e-04 9.999999946742057499e-01 -0.000000000000000000e+00 0.000000000000000000e+00 0.000000000000000000e+00 1.000000000000000000e+00
5.100000000000028122e-03 9.999999949690304701e-01 -1.003092163566030482e-04 0.000000000000000000e+00 1.003092163566030482e-04 9.999999949690304701e-01 -0.000000000000000000e+00 0.000000000000000000e+00 0.000000000000000000e+00 1.000000000000000000e+00
5.200000000000041395e-03 9.999999953382223694e-01 -9.655855750939396250e-05 0.000000000000000000e+00 9.655855750939396250e-05 9.999999953382223694e-01 -0.000000000000000000e+00 0.000000000000000000e+00 0.000000000000000000e+00 1.000000000000000000e+00
5.300000000000054667e-03 9.999999957196031852e-01 -9.252455614172316553e-05 0.000000000000000000e+00 9.252455614172316553e-05 9.999999957196031852e-01 -0.000000000000000000e+00 0.000000000000000000e+00 0.000000000000000000e+00 1.000000000000000000e+00
5.400000000000067940e-03 9.999999959553501627e-01 -8.994053199424346728e-05 0.000000000000000000e+00 8.994053199424346728e-05 9.999999959553501627e-01 -0.000000000000000000e+00 0.000000000000000000e+00 0.000000000000000000e+00 1.000000000000000000e+00
5.500000000000081213e-03 9.999999960549877942e-01 -8.882580826911510782e-05 0.000000000000000000e+00 8.882580826911510782e-05 9.999999960549877942e-01 -0.000000000000000000e+00 0.000000000000000000e+00 0.000000000000000000e+00 1.000000000000000000e+00
5.600000000000094486e-03 9.999999960532488519e-01 -8.884538293675059461e-05 0.000000000000000000e+00 8.884538293675059461e-05 9.999999960532488519e-01 -0.000000000000000000e+00 0.000000000000000000e+00 0.000000000000000000e+00 1.000000000000000000e+00
5.700000000000107758e-03 9.999999959588460330e-01 -8.990165535970361728e-05 0.000000000000000000e+00 8.990165535970361728e-05 9.999999959588460330e-01 -0.000000000000000000e+00 0.000000000000000000e+00 0.000000000000000000e+00 1.000000000000000000e+00
5.800000000000121031e-03 9.999999957844951659e-01 -9.182052830661354271e-05 0.000000000000000000e+00 9.182052830661354271e-05 9.999999957844951659e-01 -0.000000000000000000e+00 0.000000000000000000e+00 0.000000000000000000e+00 1.000000000000000000e+00
5.900000000000134304e-03 9.999999955129504903e-01 -9.473171984572669878e-05 0.000000000000000000e+00 9.473171984572669878e-05 9.999999955129504903e-01 -0.000000000000000000e+00 0.000000000000000000e+00 0.000000000000000000e+00 1.000000000000000000e+00
6.000000000000147576e-03 9.999999951381454144e-01 -9.860886917662390542e-05 0.000000000000000000e+00 9.860886917662390542e-05 9.999999951381454144e-01 -0.000000000000000000e+00 0.000000000000000000e+00 0.000000000000000000e+00 1.000000000000000000e+00
6.100000000000160849e-03 9.999999946596479505e-01 -1.033474908677170908e-04 0.000000000000000000e+00 1.033474908677170908e-04 9.999999946596479505e-01 -0.000000000000000000e+00 0.000000000000000000e+00 0.000000000000000000e+00 1.000000000000000000e+00
6.200000000000174122e-03 9.999999940937782661e-01 -1.086850638356994967e-04 0.000000000000000000e+00 1.086850638356994967e-04 9.999999940937782661e-01 -0.000000000000000000e+00 0.000000000000000000e+00 0.000000000000000000e+00 1.000000000000000000e+00
6.300000000000187395e-03 9.999999934671200963e-01 -1.143055525085889264e-04 0.000000000000000000e+00 1.143055525085889264e-04 9.999999934671200963e-01 -0.000000000000000000e+00 0.000000000000000000e+00 0.000000000000000000e+00 1.000000000000000000e+00
6.400000000000200667e-03 9.999999927749285700e-01 -1.202087468100055583e-04 0.000000000000000000e+00 1.202087468100055583e-04 9.999999927749285700e-01 -0.000000000000000000e+00 0.000000000000000000e+00 0.000000000000000000e+00 1.000000000000000000e+00
6.500000000000213940e-03 9.999999920493747307e-01 -1.261001602529609144e-04 0.000000000000000000e+00 1.261001602529609144e-04 9.999999920493747307e-01 -0.000000000000000000e+00 0.000000000000000000e+00 0.000000000000000000e+00 1.000000000000000000e+00
6.600000000000227213e-03 9.999999914068908868e-01 -1.310962162019226908e-04 0.000000000000000000e+00 1.310962162019226908e-04 9.999999914068908868e-01 -0.000000000000000000e+00 0.000000000000000000e+00 0.000000000000000000e+00 1.000000000000000000e+00
6.700000000000240485e-03 9.999999909513489493e-01 -1.345262126164454110e-04 0.000000000000000000e+00 1.345262126164454110e-04 9.999999909513489493e-01 -0.000000000000000000e+00 0.000000000000000000e+00 0.000000000000000000e+00 1.000000000000000000e+00
6.800000000000253758e-03 9.999999906739636124e-01 -1.365725899836586136e-04 0.000000000000000000e+00 1.365725899836586136e-04 9.999999906739636124e-01 -0.000000000000000000e+00 0.000000000000000000e+00 0.000000000000000000e+00 1.000000000000000000e+00
6.900000000000267031e-03 9.999999905108560849e-01 -1.377617054753213065e-04 0.000000000000000000e+00 1.377617054753213065e-04 9.999999905108560849e-01 -0.000000000000000000e+00 0.000000000000000000e+00 0.000000000000000000e+00 1.000000000000000000e+00
7.000000000000280304e-03 9.999999904084140301e-01 -1.385033277491553693e-04 0.000000000000000000e+00 1.385033277491553693e-04 9.999999904084140301e-01 -0.000000000000000000e+00 0.000000000000000000e+00 0.000000000000000000e+00 1.000000000000000000e+00
7.100000000000293576e-03 9.999999903403615775e-01 -1.389937999706249150e-04 0.000000000000000000e+00 1.389937999706249150e-04 9.999999903403615775e-01 -0.000000000000000000e+00 0.000000000000000000e+00 0.000000000000000000e+00 1.000000000000000000e+00
7.200000000000306849e-03 9.999999903006930868e-01 -1.392789054184236433e-04 0.000000000000000000e+00 1.392789054184236433e-04 9.999999903006930868e-01 -0.000000000000000000e+00 0.000000000000000000e+00 0.000000000000000000e+00 1.000000000000000000e+00
7.300000000000320122e-03 9.999999902940638341e-01 -1.393264941268174530e-04 0.000000000000000000e+00 1.393264941268174530e-04 9.999999902940638341e-01 -0.000000000000000000e+00 0.000000000000000000e+00 0.000000000000000000e+00 1.000000000000000000e+00
7.400000000000333394e-03 9.999999903274592317e-01 -1.390865956450745399e-04 0.000000000000000000e+00 1.390865956450745399e-04 9.999999903274592317e-01 -0.000000000000000000e+00 0.000000000000000000e+00 0.000000000000000000e+00 1.000000000000000000e+00
7.500000000000346667e-03 9.999999904022899289e-01 -1.385475370166955843e-04 0.000000000000000000e+00 1.385475370166955843e-04 9.999999904022899289e-01 -0.000000000000000000e+00 0.000000000000000000e+00 0.000000000000000000e+00 1.000000000000000000e+00
7.600000000000359940e-03 9.999999905142382683e-01 -1.377371530902327644e-04 0.000000000000000000e+00 1.377371530902327644e-04 9.999999905142382683e-01 -0.000000000000000000e+00 0.000000000000000000e+00 0.000000000000000000e+00 1.000000000000000000e+00
7.700000000000373213e-03 9.999999906758400003e-01 -1.365588504174751309e-04 0.000000000000000000e+00 1.365588504174751309e-04 9.999999906758400003e-01 -0.000000000000000000e+00 0.000000000000000000e+00 0.000000000000000000e+00 1.000000000000000000e+00
7.800000000000386485e-03 9.999999908736711962e-01 -1.351023948833165111e-04 0.000000000000000000e+00 1.351023948833165111e-04 9.999999908736711962e-01 -0.000000000000000000e+00 0.000000000000000000e+00 0.000000000000000000e+00 1.000000000000000000e+00
7.900000000000399758e-03 9.999999910742738418e-01 -1.336093264036606384e-04 0.000000000000000000e+00 1.336093264036606384e-04 9.999999910742738418e-01 -0.000000000000000000e+00 0.000000000000000000e+00 0.000000000000000000e+00 1.000000000000000000e+00
8.000000000000413031e-03 9.999999912747440378e-01 -1.321003844507926382e-04 0.000000000000000000e+00 1.321003844507926382e-04 9.999999912747440378e-01 -0.000000000000000000e+00 0.000000000000000000e+00 0.000000000000000000e+00 1.000000000000000000e+00
8.100000000000426303e-03 9.999999914843583637e-01 -1.305039578093747485e-04 0.000000000000000000e+00 1.305039578093747485e-04 9.999999914843583637e-01 -0.000000000000000000e+00 0.000000000000000000e+00 0.000000000000000000e+00 1.000000000000000000e+00
8.200000000000439576e-03 9.999999917296896745e-01 -1.286103426365864790e-04 0.000000000000000000e+00 1.286103426365864790e-04 9.999999917296896745e-01 -0.000000000000000000e+00 0.000000000000000000e+00 0.000000000000000000e+00 1.000000000000000000e+00
8.300000000000452849e-03 9.999999919189648256e-01 -1.271301300377765376e-04 0.000000000000000000e+00 1.271301300377765376e-04 9.999999919189648256e-01 -0.000000000000000000e+00 0.000000000000000000e+00 0.000000000000000000e+00 1.000000000000000000e+00
8.400000000000466122e-03 9.999999919283304450e-01 -1.270564395481101332e-04 0.000000000000000000e+00 1.270564395481101332e-04 9.999999919283304450e-01 -0.000000000000000000e+00 0.000000000000000000e+00 0.000000000000000000e+00 1.000000000000000000e+00
8.500000000000479394e-03 9.999999917532870208e-01 -1.284267321537550018e-04 0.000000000000000000e+00 1.284267321537550018e-04 9.999999917532870208e-01 -0.000000000000000000e+00 0.000000000000000000e+00 0.000000000000000000e+00 1.000000000000000000e+00
8.600000000000492667e-03 9.999999914100851095e-01 -1.310718488021525531e-04 0.000000000000000000e+00 1.310718488021525531e-04 9.999999914100851095e-01 -0.000000000000000000e+00 0.000000000000000000e+00 0.000000000000000000e+00 1.000000000000000000e+00
8.700000000000505940e-03 9.999999909135638410e-01 -1.348067956974257102e-04 0.000000000000000000e+00 1.348067956974257102e-04 9.999999909135638410e-01 -0.000000000000000000e+00 0.000000000000000000e+00 0.000000000000000000e+00 1.000000000000000000e+00
8.800000000000519212e-03 9.999999903299904291e-01 -1.390683960011987420e-04 0.000000000000000000e+00 1.390683960011987420e-04 9.999999903299904291e-01 -0.000000000000000000e+00 0.000000000000000000e+00 0.000000000000000000e+00 1.000000000000000000e+00
8.900000000000532485e-03 9.999999897202987986e-01 -1.433855018651130763e-04 0.000000000000000000e+00 1.433855018651130763e-04 9.999999897202987986e-01 -0.000000000000000000e+00 0.000000000000000000e+00 0.000000000000000000e+00 1.000000000000000000e+00
9.000000000000545758e-03 9.999999891668569507e-01 -1.471947204581967232e-04 0.000000000000000000e+00 1.471947204581967232e-04 9.999999891668569507e-01 -0.000000000000000000e+00 0.000000000000000000e+00 0.000000000000000000e+00 1.000000000000000000e+00
9.100000000000559031e-03 9.999999887066093329e-01 -1.502889911867245703e-04 0.000000000000000000e+00 1.502889911867245703e-04 9.999999887066093329e-01 -0.000000000000000000e+00 0.000000000000000000e+00 0.000000000000000000e+00 1.000000000000000000e+00
9.200000000000572303e-03 9.999999883493438935e-01 -1.526476726270896368e-04 0.000000000000000000e+00 1.526476726270896368e-04 9.999999883493438935e-01 -0.000000000000000000e+00 0.000000000000000000e+00 0.000000000000000000e+00 1.000000000000000000e+00
9.300000000000585576e-03 9.999999880815738651e-01 -1.543918776961444210e-04 0.000000000000000000e+00 1.543918776961444210e-04 9.999999880815738651e-01 -0.000000000000000000e+00 0.000000000000000000e+00 0.000000000000000000e+00 1.000000000000000000e+00
9.400000000000598849e-03 9.999999878775377438e-01 -1.557078158627337274e-04 0.000000000000000000e+00 1.557078158627337274e-04 9.999999878775377438e-01 -0.000000000000000000e+00 0.000000000000000000e+00 0.000000000000000000e+00 1.000000000000000000e+00
9.500000000000612121e-03 9.999999877256229297e-01 -1.566804193927608872e-04 0.000000000000000000e+00 1.566804193927608872e-04 9.999999877256229297e-01 -0.000000000000000000e+00 0.000000000000000000e+00 0.000000000000000000e+00 1.000000000000000000e+00
9.600000000000625394e-03 9.999999876026941514e-01 -1.574630468274919640e-04 0.000000000000000000e+00 1.574630468274919640e-04 9.999999876026941514e-01 -0.000000000000000000e+00 0.000000000000000000e+00 0.000000000000000000e+00 1.000000000000000000e+00
9.700000000000638667e-03 9.999999875053207088e-01 -1.580802264894846693e-04 0.000000000000000000e+00 1.580802264894846693e-04 9.999999875053207088e-01 -0.000000000000000000e+00 0.000000000000000000e+00 0.000000000000000000e+00 1.000000000000000000e+00
9.800000000000651940e-03 9.999999874264283717e-01 -1.585785062225328443e-04 0.000000000000000000e+00 1.585785062225328443e-04 9.999999874264283717e-01 -0.000000000000000000e+00 0.000000000000000000e+00 0.000000000000000000e+00 1.000000000000000000e+00
9.900000000000665212e-03 9.999999873661077343e-01 -1.589584359726110721e-04 0.000000000000000000e+00 1.589584359726110721e-04 9.999999873661077343e-01 -0.000000000000000000e+00 0.000000000000000000e+00 0.000000000000000000e+00 1.000000000000000000e+00
1.000000000000067849e-02 9.999999873228986313e-01 -1.592300297389851783e-04 0.000000000000000000e+00 1.592300297389851783e-04 9.999999873228986313e-01 -0.000000000000000000e+00 0.000000000000000000e+00 0.000000000000000000e+00 1.000000000000000000e+00
1.010000000000069176e-02 9.999999873182913168e-01 -1.592589624242774654e-04 0.000000000000000000e+00 1.592589624242774654e-04 9.999999873182913168e-01 -0.000000000000000000e+00 0.000000000000000000e+00 0.000000000000000000e+00 1.000000000000000000e+00
1.020000000000070503e-02 9.999999873852086774e-01 -1.588382269405923621e-04 0.000000000000000000e+00 1.588382269405923621e-04 9.999999873852086774e-01 -0.000000000000000000e+00 0.000000000000000000e+00 0.000000000000000000e+00 1.000000000000000000e+00
1.030000000000071830e-02 9.999999875088985135e-01 -1.580575924058259948e-04 0.000000000000000000e+00 1.580575924058259948e-04 9.999999875088985135e-01 -0.000000000000000000e+00 0.000000000000000000e+00 0.000000000000000000e+00 1.000000000000000000e+00
1.040000000000073158e-02 9.999999876775983454e-01 -1.569866332755764731e-04 0.000000000000000000e+00 1.569866332755764731e-04 9.999999876775983454e-01 -0.000000000000000000e+00 0.000000000000000000e+00 0.000000000000000000e+00 1.000000000000000000e+00
1.050000000000074485e-02 9.999999878900892591e-01 -1.556271861543678597e-04 0.000000000000000000e+00 1.556271861543678597e-04 9.999999878900892591e-01 -0.000000000000000000e+00 0.000000000000000000e+00 0.000000000000000000e+00 1.000000000000000000e+00
1.060000000000075812e-02 9.999999881515508893e-01 -1.539379674206278596e-04 0.000000000000000000e+00 1.539379674206278596e-04 9.999999881515508893e-01 -0.000000000000000000e+00 0.000000000000000000e+00 0.000000000000000000e+00 1.000000000000000000e+00
1.070000000000077139e-02 9.999999884436995279e-01 -1.520282885103044484e-04 0.000000000000000000e+00 1.520282885103044484e-04 9.999999884436995279e-01 -0.000000000000000000e+00 0.000000000000000000e+00 0.000000000000000000e+00 1.000000000000000000e+00
1.080000000000078467e-02 9.999999888015979055e-01 -1.496556169787696450e-04 0.000000000000000000e+00 1.496556169787696450e-04 9.999999888015979055e-01 -0.000000000000000000e+00 0.000000000000000000e+00 0.000000000000000000e+00 1.000000000000000000e+00
1.090000000000079794e-02 9.999999890659716506e-01 -1.478785189586635817e-04 0.000000000000000000e+00 1.478785189586635817e-04 9.999999890659716506e-01 -0.000000000000000000e+00 0.000000000000000000e+00 0.000000000000000000e+00 1.000000000000000000e+00
1.100000000000081121e-02 9.999999891921026451e-01 -1.470231084131708610e-04 0.000000000000000000e+00 1.470231084131708610e-04 9.999999891921026451e-01 -0.000000000000000000e+00 0.000000000000000000e+00 0.000000000000000000e+00 1.000000000000000000e+00
1.110000000000082448e-02 9.999999892055374540e-01 -1.469317012879888277e-04 0.000000000000000000e+00 1.469317012879888277e-04 9.999999892055374540e-01 -0.000000000000000000e+00 0.000000000000000000e+00 0.000000000000000000e+00 1.000000000000000000e+00
1.120000000000083776e-02 9.999999891223659843e-01 -1.474966703978708145e-04 0.000000000000000000e+00 1.474966703978708145e-04 9.999999891223659843e-01 -0.000000000000000000e+00 0.000000000000000000e+00 0.000000000000000000e+00 1.000000000000000000e+00
1.130000000000085103e-02 9.999999889762343219e-01 -1.484841103344843570e-04 0.000000000000000000e+00 1.484841103344843570e-04 9.999999889762343219e-01 -0.000000000000000000e+00 0.000000000000000000e+00 0.000000000000000000e+00 1.000000000000000000e+00
1.140000000000086430e-02 9.999999888005433046e-01 -1.496626645595260118e-04 0.000000000000000000e+00 1.496626645595260118e-04 9.999999888005433046e-01 -0.000000000000000000e+00 0.000000000000000000e+00 0.000000000000000000e+00 1.000000000000000000e+00
1.150000000000087758e-02 9.999999886207129318e-01 -1.508594507063382043e-04 0.000000000000000000e+00 1.508594507063382043e-04 9.999999886207129318e-01 -0.000000000000000000e+00 0.000000000000000000e+00 0.000000000000000000e+00 1.000000000000000000e+00
1.160000000000089085e-02 9.999999884470680556e-01 -1.520061298128189630e-04 0.000000000000000000e+00 1.520061298128189630e-04 9.999999884470680556e-01 -0.000000000000000000e+00 0.000000000000000000e+00 0.000000000000000000e+00 1.000000000000000000e+00
1.170000000000090412e-02 9.999999882759480485e-01 -1.531277354323585659e-04 0.000000000000000000e+00 1.531277354323585659e-04 9.999999882759480485e-01 -0.000000000000000000e+00 0.000000000000000000e+00 0.000000000000000000e+00 1.000000000000000000e+00
1.180000000000091739e-02 9.999999881174401750e-01 -1.541593954107840705e-04 0.000000000000000000e+00 1.541593954107840705e-04 9.999999881174401750e-01 -0.000000000000000000e+00 0.000000000000000000e+00 0.000000000000000000e+00 1.000000000000000000e+00
1.190000000000093067e-02 9.999999879875983710e-01 -1.549993634558448862e-04 0.000000000000000000e+00 1.549993634558448862e-04 9.999999879875983710e-01 -0.000000000000000000e+00 0.000000000000000000e+00 0.000000000000000000e+00 1.000000000000000000e+00
1.200000000000094394e-02 9.999999878921103091e-01 -1.556141990788927662e-04 0.000000000000000000e+00 1.556141990788927662e-04 9.999999878921103091e-01 -0.000000000000000000e+00 0.000000000000000000e+00 0.000000000000000000e+00 1.000000000000000000e+00
1.210000000000095721e-02 9.999999878352507920e-01 -1.559791592953472226e-04 0.000000000000000000e+00 1.559791592953472226e-04 9.999999878352507920e-01 -0.000000000000000000e+00 0.000000000000000000e+00 0.000000000000000000e+00 1.000000000000000000e+00
1.220000000000097048e-02 9.999999878206848880e-01 -1.560725141524348396e-04 0.000000000000000000e+00 1.560725141524348396e-04 9.999999878206848880e-01 -0.000000000000000000e+00 0.000000000000000000e+00 0.000000000000000000e+00 1.000000000000000000e+00
1.230000000000098376e-02 9.999999878413372567e-01 -1.559401334320723042e-04 0.000000000000000000e+00 1.559401334320723042e-04 9.999999878413372567e-01 -0.000000000000000000e+00 0.000000000000000000e+00 0.000000000000000000e+00 1.000000000000000000e+00
1.240000000000099703e-02 9.999999878918877094e-01 -1.556156292382175003e-04 0.000000000000000000e+00 1.556156292382175003e-04 9.999999878918877094e-01 -0.000000000000000000e+00 0.000000000000000000e+00 0.000000000000000000e+00 1.000000000000000000e+00
1.250000000000101030e-02 9.999999879697187843e-01 -1.551146736619553540e-04 0.000000000000000000e+00 1.551146736619553540e-04 9.999999879697187843e-01 -0.000000000000000000e+00 0.000000000000000000e+00 0.000000000000000000e+00 1.000000000000000000e+00
1.260000000000102358e-02 9.999999880706368360e-01 -1.544627010951412651e-04 0.000000000000000000e+00 1.544627010951412651e-04 9.999999880706368360e-01 -0.000000000000000000e+00 0.000000000000000000e+00 0.000000000000000000e+00 1.000000000000000000e+00
1.270000000000103685e-02 9.999999881937678969e-01 -1.536634760174063012e-04 0.000000000000000000e+00 1.536634760174063012e-04 9.999999881937678969e-01 -0.000000000000000000e+00 0.000000000000000000e+00 0.000000000000000000e+00 1.000000000000000000e+00
1.280000000000105012e-02 9.999999883428712932e-01 -1.526900684582747241e-04 0.000000000000000000e+00 1.526900684582747241e-04 9.999999883428712932e-01 -0.000000000000000000e+00 0.000000000000000000e+00 0.000000000000000000e+00 1.000000000000000000e+00
1.290000000000106339e-02 9.999999885237570441e-01 -1.515007769815019745e-04 0.000000000000000000e+00 1.515007769815019745e-04 9.999999885237570441e-01 -0.000000000000000000e+00 0.000000000000000000e+00 0.000000000000000000e+00 1.000000000000000000e+00
1.300000000000107667e-02 9.999999887538388865e-01 -1.499744045100957594e-04 0.000000000000000000e+00 1.499744045100957594e-04 9.999999887538388865e-01 -0.000000000000000000e+00 0.000000000000000000e+00 0.000000000000000000e+00 1.000000000000000000e+00
1.310000000000108994e-02 9.999999890544326586e-01 -1.479565286113939467e-04 0.000000000000000000e+00 1.479565286113939467e-04 9.999999890544326586e-01 -0.000000000000000000e+00 0.000000000000000000e+00 0.000000000000000000e+00 1.000000000000000000e+00
1.320000000000110321e-02 9.999999894712102710e-01 -1.451122977475714196e-04 0.000000000000000000e+00 1.451122977475714196e-04 9.999999894712102710e-01 -0.000000000000000000e+00 0.000000000000000000e+00 0.000000000000000000e+00 1.000000000000000000e+00
1.330000000000111648e-02 9.999999899904993272e-01 -1.414885193132645622e-04 0.000000000000000000e+00 1.414885193132645622e-04 9.999999899904993272e-01 -0.000000000000000000e+00 0.000000000000000000e+00 0.000000000000000000e+00 1.000000000000000000e+00
1.340000000000112976e-02 9.999999906623098234e-01 -1.366578946016957716e-04 0.000000000000000000e+00 1.366578946016957716e-04 9.999999906623098234e-01 -0.000000000000000000e+00 0.000000000000000000e+00 0.000000000000000000e+00 1.000000000000000000e+00
1.350000000000114303e-02 9.999999913347316083e-01 -1.316454950956639060e-04 0.000000000000000000e+00 1.316454950956639060e-04 9.999999913347316083e-01 -0.000000000000000000e+00 0.000000000000000000e+00 0.000000000000000000e+00 1.000000000000000000e+00
1.360000000000115630e-02 9.999999919324163988e-01 -1.270242766254677533e-04 0.000000000000000000e+00 1.270242766254677533e-04 9.999999919324163988e-01 -0.000000000000000000e+00 0.000000000000000000e+00 0.000000000000000000e+00 1.000000000000000000e+00
1.370000000000116958e-02 9.999999924441612675e-01 -1.229295611565650375e-04 0.000000000000000000e+00 1.229295611565650375e-04 9.999999924441612675e-01 -0.000000000000000000e+00 0.000000000000000000e+00 0.000000000000000000e+00 1.000000000000000000e+00
1.380000000000118285e-02 9.999999928694365270e-01 -1.194199597525806485e-04 0.000000000000000000e+00 1.194199597525806485e-04 9.999999928694365270e-01 -0.000000000000000000e+00 0.000000000000000000e+00 0.000000000000000000e+00 1.000000000000000000e+00
1.390000000000119612e-02 9.999999932098957434e-01 -1.165341508203892511e-04 0.000000000000000000e+00 1.165341508203892511e-04 9.999999932098957434e-01 -0.000000000000000000e+00 0.000000000000000000e+00 0.000000000000000000e+00 1.000000000000000000e+00
1.400000000000120939e-02 9.999999934703556193e-01 -1.142772426126743390e-04 0.000000000000000000e+00 1.142772426126743390e-04 9.999999934703556193e-01 -0.000000000000000000e+00 0.000000000000000000e+00 0.000000000000000000e+00 1.000000000000000000e+00
1.410000000000122267e-02 9.999999936620603824e-01 -1.125872062030698080e-04 0.000000000000000000e+00 1.125872062030698080e-04 9.999999936620603824e-01 -0.000000000000000000e+00 0.000000000000000000e+00 0.000000000000000000e+00 1.000000000000000000e+00
1.420000000000123594e-02 9.999999937965946550e-01 -1.113858626266891333e-04 0.000000000000000000e+00 1.113858626266891333e-04 9.999999937965946550e-01 -0.000000000000000000e+00 0.000000000000000000e+00 0.000000000000000000e+00 1.000000000000000000e+00
1.430000000000124921e-02 9.999999938850554493e-01 -1.105888274570479546e-04 0.000000000000000000e+00 1.105888274570479546e-04 9.999999938850554493e-01 -0.000000000000000000e+00 0.000000000000000000e+00 0.000000000000000000e+00 1.000000000000000000e+00
1.440000000000126248e-02 9.999999939368142687e-01 -1.101198049464063579e-04 0.000000000000000000e+00 1.101198049464063579e-04 9.999999939368142687e-01 -0.000000000000000000e+00 0.000000000000000000e+00 0.000000000000000000e+00 1.000000000000000000e+00
1.450000000000127576e-02 9.999999939601759147e-01 -1.099074523634887527e-04 0.000000000000000000e+00 1.099074523634887527e-04 9.999999939601759147e-01 -0.000000000000000000e+00 0.000000000000000000e+00 0.000000000000000000e+00 1.000000000000000000e+00
1.460000000000128903e-02 9.999999939616966982e-01 -1.098936138871496371e-04 0.000000000000000000e+00 1.098936138871496371e-04 9.999999939616966982e-01 -0.000000000000000000e+00 0.000000000000000000e+00 0.000000000000000000e+00 1.000000000000000000e+00
1.470000000000130230e-02 9.999999939446694297e-01 -1.100484480690809574e-04 0.000000000000000000e+00 1.100484480690809574e-04 9.999999939446694297e-01 -0.000000000000000000e+00 0.000000000000000000e+00 0.000000000000000000e+00 1.000000000000000000e+00
1.480000000000131558e-02 9.999999939095483015e-01 -1.103671286041436466e-04 0.000000000000000000e+00 1.103671286041436466e-04 9.999999939095483015e-01 -0.000000000000000000e+00 0.000000000000000000e+00 0.000000000000000000e+00 1.000000000000000000e+00
1.490000000000132885e-02 9.999999938543672195e-01 -1.108659790023168803e-04 0.000000000000000000e+00 1.108659790023168803e-04 9.999999938543672195e-01 -0.000000000000000000e+00 0.000000000000000000e+00 0.000000000000000000e+00 1.000000000000000000e+00
1.500000000000134212e-02 9.999999937749626255e-01 -1.115799018495517266e-04 0.000000000000000000e+00 1.115799018495517266e-04 9.999999937749626255e-01 -0.000000000000000000e+00 0.000000000000000000e+00 0.000000000000000000e+00 1.000000000000000000e+00
1.510000000000135539e-02 9.999999936673552581e-01 -1.125401669224755332e-04 0.000000000000000000e+00 1.125401669224755332e-04 9.999999936673552581e-01 -0.000000000000000000e+00 0.000000000000000000e+00 0.000000000000000000e+00 1.000000000000000000e+00
1.520000000000136867e-02 9.999999935297910758e-01 -1.137559558563063080e-04 0.000000000000000000e+00 1.137559558563063080e-04 9.999999935297910758e-01 -0.000000000000000000e+00 0.000000000000000000e+00 0.000000000000000000e+00 1.000000000000000000e+00
1.530000000000138194e-02 9.999999933600495217e-01 -1.152384515362810590e-04 0.000000000000000000e+00 1.152384515362810590e-04 9.999999933600495217e-01 -0.000000000000000000e+00 0.000000000000000000e+00 0.000000000000000000e+00 1.000000000000000000e+00
1.540000000000139521e-02 9.999999931599936609e-01 -1.169615846116460467e-04 0.000000000000000000e+00 1.169615846116460467e-04 9.999999931599936609e-01 -0.000000000000000000e+00 0.000000000000000000e+00 0.000000000000000000e+00 1.000000000000000000e+00
1.550000000000140848e-02 9.999999929356437889e-01 -1.188642598554022028e-04 0.000000000000000000e+00 1.188642598554022028e-04 9.999999929356437889e-01 -0.000000000000000000e+00 0.000000000000000000e+00 0.000000000000000000e+00 1.000000000000000000e+00
1.560000000000142176e-02 9.999999927206635331e-01 -1.206593257122016603e-04 0.000000000000000000e+00 1.206593257122016603e-04 9.999999927206635331e-01 -0.000000000000000000e+00 0.000000000000000000e+00 0.000000000000000000e+00 1.000000000000000000e+00
1.570000000000136911e-02 9.999999925110955035e-01 -1.223838584746697123e-04 0.000000000000000000e+00 1.223838584746697123e-04 9.999999925110955035e-01 -0.000000000000000000e+00 0.000000000000000000e+00 0.000000000000000000e+00 1.000000000000000000e+00
1.580000000000129565e-02 9.999999923274697222e-01 -1.238751796931727924e-04 0.000000000000000000e+00 1.238751796931727924e-04 9.999999923274697222e-01 -0.000000000000000000e+00 0.000000000000000000e+00 0.000000000000000000e+00 1.000000000000000000e+00
1.590000000000122218e-02 9.999999921967022143e-01 -1.249263596357709006e-04 0.000000000000000000e+00 1.249263596357709006e-04 9.999999921967022143e-01 -0.000000000000000000e+00 0.000000000000000000e+00 0.000000000000000000e+00 1.000000000000000000e+00
1.600000000000114872e-02 9.999999921405379188e-01 -1.253751329156695712e-04 0.000000000000000000e+00 1.253751329156695712e-04 9.999999921405379188e-01 -0.000000000000000000e+00 0.000000000000000000e+00 0.000000000000000000e+00 1.000000000000000000e+00
1.610000000000107526e-02 9.999999921542875869e-01 -1.252654163511139325e-04 0.000000000000000000e+00 1.252654163511139325e-04 9.999999921542875869e-01 -0.000000000000000000e+00 0.000000000000000000e+00 0.000000000000000000e+00 1.000000000000000000e+00
1.620000000000100179e-02 9.999999922355021775e-01 -1.246153898433765596e-04 0.000000000000000000e+00 1.246153898433765596e-04 9.999999922355021775e-01 -0.000000000000000000e+00 0.000000000000000000e+00 0.000000000000000000e+00 1.000000000000000000e+00
1.630000000000092833e-02 9.999999923837269433e-01 -1.234201996299819862e-04 0.000000000000000000e+00 1.234201996299819862e-04 9.999999923837269433e-01 -0.000000000000000000e+00 0.000000000000000000e+00 0.000000000000000000e+00 1.000000000000000000e+00
1.640000000000085487e-02 9.999999925997424821e-01 -1.216573667972987017e-04 0.000000000000000000e+00 1.216573667972987017e-04 9.999999925997424821e-01 -0.000000000000000000e+00 0.000000000000000000e+00 0.000000000000000000e+00 1.000000000000000000e+00
1.650000000000078140e-02 9.999999928907501445e-01 -1.192413495435514984e-04 0.000000000000000000e+00 1.192413495435514984e-04 9.999999928907501445e-01 -0.000000000000000000e+00 0.000000000000000000e+00 0.000000000000000000e+00 1.000000000000000000e+00
1.660000000000070794e-02 9.999999932843093298e-01 -1.158938352433002740e-04 0.000000000000000000e+00 1.158938352433002740e-04 9.999999932843093298e-01 -0.000000000000000000e+00 0.000000000000000000e+00 0.000000000000000000e+00 1.000000000000000000e+00
1.670000000000063448e-02 9.999999938069906724e-01 -1.112924906051909713e-04 0.000000000000000000e+00 1.112924906051909713e-04 9.999999938069906724e-01 -0.000000000000000000e+00 0.000000000000000000e+00 0.000000000000000000e+00 1.000000000000000000e+00
1.680000000000056101e-02 9.999999944994646395e-01 -1.048859884302880808e-04 0.000000000000000000e+00 1.048859884302880808e-04 9.999999944994646395e-01 -0.000000000000000000e+00 0.000000000000000000e+00 0.000000000000000000e+00 1.000000000000000000e+00
1.690000000000048755e-02 9.999999953704096223e-01 -9.622463597669294526e-05 0.000000000000000000e+00 9.622463597669294526e-05 9.999999953704096223e-01 -0.000000000000000000e+00 0.000000000000000000e+00 0.000000000000000000e+00 1.000000000000000000e+00
1.700000000000041409e-02 9.999999963861294638e-01 -8.501612062531681030e-05 0.000000000000000000e+00 8.501612062531681030e-05 9.999999963861294638e-01 -0.000000000000000000e+00 0.000000000000000000e+00 0.000000000000000000e+00 1.000000000000000000e+00
1.710000000000034062e-02 9.999999974175507456e-01 -7.186722575276585472e-05 0.000000000000000000e+00 7.186722575276585472e-05 9.999999974175507456e-01 -0.000000000000000000e+00 0.000000000000000000e+00 0.000000000000000000e+00 1.000000000000000000e+00
1.720000000000026716e-02 9.999999983317128249e-01 -5.776308517865998555e-05 0.000000000000000000e+00 5.776308517865998555e-05 9.999999983317128249e-01 -0.000000000000000000e+00 0.000000000000000000e+00 0.000000000000000000e+00 1.000000000000000000e+00
1.730000000000019370e-02 9.999999990740811029e-01 -4.303298410408303151e-05 0.000000000000000000e+00 4.303298410408303151e-05 9.999999990740811029e-01 -0.000000000000000000e+00 0.000000000000000000e+00 0.000000000000000000e+00 1.000000000000000000e+00
1.740000000000012023e-02 9.999999996099974142e-01 -2.792857303851130335e-05 0.000000000000000000e+00 2.792857303851130335e-05 9.999999996099974142e-01 -0.000000000000000000e+00 0.000000000000000000e+00 0.000000000000000000e+00 1.000000000000000000e+00
1.750000000000004677e-02 9.999999999225146485e-01 -1.244870727665811713e-05 0.000000000000000000e+00 1.244870727665811713e-05 9.999999999225146485e-01 -0.000000000000000000e+00 0.000000000000000000e+00 0.000000000000000000e+00 1.000000000000000000e+00
1.759999999999997330e-02 9.999999999951934004e-01 3.100500740202694919e-06 0.000000000000000000e+00 -3.100500740202694919e-06 9.999999999951934004e-01 -0.000000000000000000e+00 -0.000000000000000000e+00 0.000000000000000000e+00 1.000000000000000000e+00
1.769999999999989984e-02 9.999999998312039118e-01 1.837367165067558270e-05 0.000000000000000000e+00 -1.837367165067558270e-05 9.999999998312039118e-01 -0.000000000000000000e+00 -0.000000000000000000e+00 0.000000000000000000e+00 1.000000000000000000e+00
1.779999999999982638e-02 9.999999994430512906e-01 3.337510026892206283e-05 0.000000000000000000e+00 -3.337510026892206283e-05 9.999999994430512906e-01 -0.000000000000000000e+00 -0.000000000000000000e+00 0.000000000000000000e+00 1.000000000000000000e+00
1.789999999999975291e-02 9.999999988301097043e-01 4.837127479954751898e-05 0.000000000000000000e+00 -4.837127479954751898e-05 9.999999988301097043e-01 -0.000000000000000000e+00 -0.000000000000000000e+00 0.000000000000000000e+00 1.000000000000000000e+00
1.799999999999967945e-02 9.999999980084032236e-01 6.311254573053143161e-05 0.000000000000000000e+00 -6.311254573053143161e-05 9.999999980084032236e-01 -0.000000000000000000e+00 -0.000000000000000000e+00 0.000000000000000000e+00 1.000000000000000000e+00
1.809999999999960599e-02 9.999999969926397503e-01 7.755462857759761570e-05 0.000000000000000000e+00 -7.755462857759761570e-05 9.999999969926397503e-01 -0.000000000000000000e+00 -0.000000000000000000e+00 0.000000000000000000e+00 1.000000000000000000e+00
1.819999999999953252e-02 9.999999959001771854e-01 9.055189408701198102e-05 0.000000000000000000e+00 -9.055189408701198102e-05 9.999999959001771854e-01 -0.000000000000000000e+00 -0.000000000000000000e+00 0.000000000000000000e+00 1.000000000000000000e+00
1.829999999999945906e-02 9.999999951996099146e-01 9.798356854821192816e-05 0.000000000000000000e+00 -9.798356854821192816e-05 9.999999951996099146e-01 -0.000000000000000000e+00 -0.000000000000000000e+00 0.000000000000000000e+00 1.000000000000000000e+00
1.839999999999938560e-02 9.999999950529617765e-01 9.946897158926321656e-05 0.000000000000000000e+00 -9.946897158926321656e-05 9.999999950529617765e-01 -0.000000000000000000e+00 -0.000000000000000000e+00 0.000000000000000000e+00 1.000000000000000000e+00
1.849999999999931213e-02 9.999999951864833037e-01 9.811744652568859908e-05 0.000000000000000000e+00 -9.811744652568859908e-05 9.999999951864833037e-01 -0.000000000000000000e+00 -0.000000000000000000e+00 0.000000000000000000e+00 1.000000000000000000e+00
1.859999999999923867e-02 9.999999954424318993e-01 9.547322000396099779e-05 0.000000000000000000e+00 -9.547322000396099779e-05 9.999999954424318993e-01 -0.000000000000000000e+00 -0.000000000000000000e+00 0.000000000000000000e+00 1.000000000000000000e+00
1.869999999999916521e-02 9.999999957535783413e-01 9.215662241123793628e-05 0.000000000000000000e+00 -9.215662241123793628e-05 9.999999957535783413e-01 -0.000000000000000000e+00 -0.000000000000000000e+00 0.000000000000000000e+00 1.000000000000000000e+00
1.879999999999909174e-02 9.999999960701965174e-01 8.865442248855525775e-05 0.000000000000000000e+00 -8.865442248855525775e-05 9.999999960701965174e-01 -0.000000000000000000e+00 -0.000000000000000000e+00 0.000000000000000000e+00 1.000000000000000000e+00
1.889999999999901828e-02 9.999999963371510869e-01 8.559028928023214582e-05 0.000000000000000000e+00 -8.559028928023214582e-05 9.999999963371510869e-01 -0.000000000000000000e+00 -0.000000000000000000e+00 0.000000000000000000e+00 1.000000000000000000e+00
1.899999999999894482e-02 9.999999965058938844e-01 8.359552587370710358e-05 0.000000000000000000e+00 -8.359552587370710358e-05 9.999999965058938844e-01 -0.000000000000000000e+00 -0.000000000000000000e+00 0.000000000000000000e+00 1.000000000000000000e+00
1.909999999999887135e-02 9.999999965459162032e-01 8.311538678241069849e-05 0.000000000000000000e+00 -8.311538678241069849e-05 9.999999965459162032e-01 -0.000000000000000000e+00 -0.000000000000000000e+00 0.000000000000000000e+00 1.000000000000000000e+00
1.919999999999879789e-02 9.999999964499998173e-01 8.426149841689552277e-05 0.000000000000000000e+00 -8.426149841689552277e-05 9.999999964499998173e-01 -0.000000000000000000e+00 -0.000000000000000000e+00 0.000000000000000000e+00 1.000000000000000000e+00
1.929999999999872443e-02 9.999999962479786397e-01 8.662587536172409715e-05 0.000000000000000000e+00 -8.662587536172409715e-05 9.999999962479786397e-01 -0.000000000000000000e+00 -0.000000000000000000e+00 0.000000000000000000e+00 1.000000000000000000e+00
1.939999999999865096e-02 9.999999960150494083e-01 8.927430136830421267e-05 0.000000000000000000e+00 -8.927430136830421267e-05 9.999999960150494083e-01 -0.000000000000000000e+00 -0.000000000000000000e+00 0.000000000000000000e+00 1.000000000000000000e+00
1.949999999999857750e-02 9.999999958174000669e-01 9.146146545766928521e-05 0.000000000000000000e+00 -9.146146545766928521e-05 9.999999958174000669e-01 -0.000000000000000000e+00 -0.000000000000000000e+00 0.000000000000000000e+00 1.000000000000000000e+00
1.959999999999850404e-02 9.999999956827102521e-01 9.292243555146699279e-05 0.000000000000000000e+00 -9.292243555146699279e-05 9.999999956827102521e-01 -0.000000000000000000e+00 -0.000000000000000000e+00 0.000000000000000000e+00 1.000000000000000000e+00
1.969999999999843057e-02 9.999999956220853026e-01 9.357258713072868356e-05 0.000000000000000000e+00 -9.357258713072868356e-05 9.999999956220853026e-01 -0.000000000000000000e+00 -0.000000000000000000e+00 0.000000000000000000e+00 1.000000000000000000e+00
1.979999999999835711e-02 9.999999956107531451e-01 9.369361545347987242e-05 0.000000000000000000e+00 -9.369361545347987242e-05 9.999999956107531451e-01 -0.000000000000000000e+00 -0.000000000000000000e+00 0.000000000000000000e+00 1.000000000000000000e+00
1.989999999999828365e-02 9.999999956143201807e-01 9.365553559889745121e-05 0.000000000000000000e+00 -9.365553559889745121e-05 9.999999956143201807e-01 -0.000000000000000000e+00 -0.000000000000000000e+00 0.000000000000000000e+00 1.000000000000000000e+00
1.999999999999821018e-02 9.999999956044272054e-01 9.376110748000189403e-05 0.000000000000000000e+00 -9.376110748000189403e-05 9.999999956044272054e-01 -0.000000000000000000e+00 -0.000000000000000000e+00 0.000000000000000000e+00 1.000000000000000000e+00
2.009999999999813672e-02 9.999999955674278018e-01 9.415489443949520026e-05 0.000000000000000000e+00 -9.415489443949520026e-05 9.999999955674278018e-01 -0.000000000000000000e+00 -0.000000000000000000e+00 0.000000000000000000e+00 1.000000000000000000e+00
2.019999999999806325e-02 9.999999955051673828e-01 9.481384441838935321e-05 0.000000000000000000e+00 -9.481384441838935321e-05 9.999999955051673828e-01 -0.000000000000000000e+00 -0.000000000000000000e+00 0.000000000000000000e+00 1.000000000000000000e+00
2.029999999999798979e-02 9.999999954302376537e-01 9.560085921247760761e-05 0.000000000000000000e+00 -9.560085921247760761e-05 9.999999954302376537e-01 -0.000000000000000000e+00 -0.000000000000000000e+00 0.000000000000000000e+00 1.000000000000000000e+00
2.039999999999791633e-02 9.999999953594118640e-01 9.633886075565640584e-05 0.000000000000000000e+00 -9.633886075565640584e-05 9.999999953594118640e-01 -0.000000000000000000e+00 -0.000000000000000000e+00 0.000000000000000000e+00 1.000000000000000000e+00
2.049999999999784286e-02 9.999999952843900974e-01 9.711446657576385639e-05 0.000000000000000000e+00 -9.711446657576385639e-05 9.999999952843900974e-01 -0.000000000000000000e+00 -0.000000000000000000e+00 0.000000000000000000e+00 1.000000000000000000e+00
2.059999999999776940e-02 9.999999951897734496e-01 9.808390746707906338e-05 0.000000000000000000e+00 -9.808390746707906338e-05 9.999999951897734496e-01 -0.000000000000000000e+00 -0.000000000000000000e+00 0.000000000000000000e+00 1.000000000000000000e+00
2.069999999999769594e-02 9.999999950790714465e-01 9.920613288412191753e-05 0.000000000000000000e+00 -9.920613288412191753e-05 9.999999950790714465e-01 -0.000000000000000000e+00 -0.000000000000000000e+00 0.000000000000000000e+00 1.000000000000000000e+00
2.079999999999762247e-02 9.999999949897886431e-01 1.001020606547955153e-04 0.000000000000000000e+00 -1.001020606547955153e-04 9.999999949897886431e-01 -0.000000000000000000e+00 -0.000000000000000000e+00 0.000000000000000000e+00 1.000000000000000000e+00
2.089999999999754901e-02 9.999999949620417272e-01 1.003788636713358855e-04 0.000000000000000000e+00 -1.003788636713358855e-04 9.999999949620417272e-01 -0.000000000000000000e+00 -0.000000000000000000e+00 0.000000000000000000e+00 1.000000000000000000e+00
2.099999999999747555e-02 9.999999950123089620e-01 9.987683399921053000e-05 0.000000000000000000e+00 -9.987683399921053000e-05 9.999999950123089620e-01 -0.000000000000000000e+00 -0.000000000000000000e+00 0.000000000000000000e+00 1.000000000000000000e+00
2.109999999999740208e-02 9.999999951579973123e-01 9.840734301264265774e-05 0.000000000000000000e+00 -9.840734301264265774e-05 9.999999951579973123e-01 -0.000000000000000000e+00 -0.000000000000000000e+00 0.000000000000000000e+00 1.000000000000000000e+00
2.119999999999732862e-02 9.999999953623531779e-01 9.630832592745893145e-05 0.000000000000000000e+00 -9.630832592745893145e-05 9.999999953623531779e-01 -0.000000000000000000e+00 -0.000000000000000000e+00 0.000000000000000000e+00 1.000000000000000000e+00
2.129999999999725516e-02 9.999999954560480075e-01 9.533049871703148177e-05 0.000000000000000000e+00 -9.533049871703148177e-05 9.999999954560480075e-01 -0.000000000000000000e+00 -0.000000000000000000e+00 0.000000000000000000e+00 1.000000000000000000e+00
2.139999999999718169e-02 9.999999955008448405e-01 9.485942304204721500e-05 0.000000000000000000e+00 -9.485942304204721500e-05 9.999999955008448405e-01 -0.000000000000000000e+00 -0.000000000000000000e+00 0.000000000000000000e+00 1.000000000000000000e+00
2.149999999999710823e-02 9.999999955604234048e-01 9.422925700763733518e-05 0.000000000000000000e+00 -9.422925700763733518e-05 9.999999955604234048e-01 -0.000000000000000000e+00 -0.000000000000000000e+00 0.000000000000000000e+00 1.000000000000000000e+00
2.159999999999703477e-02 9.999999953861382629e-01 9.606103854158614232e-05 0.000000000000000000e+00 -9.606103854158614232e-05 9.999999953861382629e-01 -0.000000000000000000e+00 -0.000000000000000000e+00 0.000000000000000000e+00 1.000000000000000000e+00
2.169999999999696130e-02 9.999999952444208473e-01 9.752516624138086239e-05 0.000000000000000000e+00 -9.752516624138086239e-05 9.999999952444208473e-01 -0.000000000000000000e+00 -0.000000000000000000e+00 0.000000000000000000e+00 1.000000000000000000e+00
2.179999999999688784e-02 9.999999952275042681e-01 9.769847059306728000e-05 0.000000000000000000e+00 -9.769847059306728000e-05 9.999999952275042681e-01 -0.000000000000000000e+00 -0.000000000000000000e+00 0.000000000000000000e+00 1.000000000000000000e+00
2.189999999999681438e-02 9.999999952826725824e-01 9.713215012218665890e-05 0.000000000000000000e+00 -9.713215012218665890e-05 9.999999952826725824e-01 -0.000000000000000000e+00 -0.000000000000000000e+00 0.000000000000000000e+00 1.000000000000000000e+00
2.199999999999674091e-02 9.999999953503637684e-01 9.643273457190086628e-05 0.000000000000000000e+00 -9.643273457190086628e-05 9.999999953503637684e-01 -0.000000000000000000e+00 -0.000000000000000000e+00 0.000000000000000000e+00 1.000000000000000000e+00
2.209999999999666745e-02 9.999999953856243406e-01 9.606638804159733350e-05 0.000000000000000000e+00 -9.606638804159733350e-05 9.999999953856243406e-01 -0.000000000000000000e+00 -0.000000000000000000e+00 0.000000000000000000e+00 1.000000000000000000e+00
2.219999999999659399e-02 9.999999953822744647e-01 9.610125326829780702e-05 0.000000000000000000e+00 -9.610125326829780702e-05 9.999999953822744647e-01 -0.000000000000000000e+00 -0.000000000000000000e+00 0.000000000000000000e+00 1.000000000000000000e+00
2.229999999999652052e-02 9.999999953634551852e-01 9.629688161222975363e-05 0.000000000000000000e+00 -9.629688161222975363e-05 9.999999953634551852e-01 -0.000000000000000000e+00 -0.000000000000000000e+00 0.000000000000000000e+00 1.000000000000000000e+00
2.239999999999644706e-02 9.999999953328667646e-01 9.661400506801858944e-05 0.000000000000000000e+00 -9.661400506801858944e-05 9.999999953328667646e-01 -0.000000000000000000e+00 -0.000000000000000000e+00 0.000000000000000000e+00 1.000000000000000000e+00
2.249999999999637360e-02 9.999999952864251362e-01 9.709350836485501363e-05 0.000000000000000000e+00 -9.709350836485501363e-05 9.999999952864251362e-01 -0.000000000000000000e+00 -0.000000000000000000e+00 0.000000000000000000e+00 1.000000000000000000e+00
2.259999999999630013e-02 9.999999952203999509e-01 9.777116057606182928e-05 0.000000000000000000e+00 -9.777116057606182928e-05 9.999999952203999509e-01 -0.000000000000000000e+00 -0.000000000000000000e+00 0.000000000000000000e+00 1.000000000000000000e+00
2.269999999999622667e-02 9.999999951346367766e-01 9.864444390149828179e-05 0.000000000000000000e+00 -9.864444390149828179e-05 9.999999951346367766e-01 -0.000000000000000000e+00 -0.000000000000000000e+00 0.000000000000000000e+00 1.000000000000000000e+00
2.279999999999615320e-02 9.999999950306539542e-01 9.969298799808124975e-05 0.000000000000000000e+00 -9.969298799808124975e-05 9.999999950306539542e-01 -0.000000000000000000e+00 -0.000000000000000000e+00 0.000000000000000000e+00 1.000000000000000000e+00
2.289999999999607974e-02 9.999999949297726509e-01 1.006998232749078471e-04 0.000000000000000000e+00 -1.006998232749078471e-04 9.999999949297726509e-01 -0.000000000000000000e+00 -0.000000000000000000e+00 0.000000000000000000e+00 1.000000000000000000e+00
2.299999999999600628e-02 9.999999948700472041e-01 1.012911901557442355e-04 0.000000000000000000e+00 -1.012911901557442355e-04 9.999999948700472041e-01 -0.000000000000000000e+00 -0.000000000000000000e+00 0.000000000000000000e+00 1.000000000000000000e+00
2.309999999999593281e-02 9.999999948329336696e-01 1.016569348105519959e-04 0.000000000000000000e+00 -1.016569348105519959e-04 9.999999948329336696e-01 -0.000000000000000000e+00 -0.000000000000000000e+00 0.000000000000000000e+00 1.000000000000000000e+00
2.319999999999585935e-02 9.999999947967124214e-01 1.020126218913110022e-04 0.000000000000000000e+00 -1.020126218913110022e-04 9.999999947967124214e-01 -0.000000000000000000e+00 -0.000000000000000000e+00 0.000000000000000000e+00 1.000000000000000000e+00
2.329999999999578589e-02 9.999999947531864608e-01 1.024384045584865617e-04 0.000000000000000000e+00 -1.024384045584865617e-04 9.999999947531864608e-01 -0.000000000000000000e+00 -0.000000000000000000e+00 0.000000000000000000e+00 1.000000000000000000e+00
2.339999999999571242e-02 9.999999947154293300e-01 1.028063283254904435e-04 0.000000000000000000e+00 -1.028063283254904435e-04 9.999999947154293300e-01 -0.000000000000000000e+00 -0.000000000000000000e+00 0.000000000000000000e+00 1.000000000000000000e+00
2.349999999999563896e-02 9.999999947297580905e-01 1.026668577003929909e-04 0.000000000000000000e+00 -1.026668577003929909e-04 9.999999947297580905e-01 -0.000000000000000000e+00 -0.000000000000000000e+00 0.000000000000000000e+00 1.000000000000000000e+00
2.359999999999556550e-02 9.999999948052097354e-01 1.019292905312575595e-04 0.000000000000000000e+00 -1.019292905312575595e-04 9.999999948052097354e-01 -0.000000000000000000e+00 -0.000000000000000000e+00 0.000000000000000000e+00 1.000000000000000000e+00
2.369999999999549203e-02 9.999999949060580651e-01 1.009350463225356189e-04 0.000000000000000000e+00 -1.009350463225356189e-04 9.999999949060580651e-01 -0.000000000000000000e+00 -0.000000000000000000e+00 0.000000000000000000e+00 1.000000000000000000e+00
2.379999999999541857e-02 9.999999950251384773e-01 9.974829633927016076e-05 0.000000000000000000e+00 -9.974829633927016076e-05 9.999999950251384773e-01 -0.000000000000000000e+00 -0.000000000000000000e+00 0.000000000000000000e+00 1.000000000000000000e+00
2.389999999999534511e-02 9.999999951746738613e-01 9.823773240875778904e-05 0.000000000000000000e+00 -9.823773240875778904e-05 9.999999951746738613e-01 -0.000000000000000000e+00 -0.000000000000000000e+00 0.000000000000000000e+00 1.000000000000000000e+00
2.399999999999527164e-02 9.999999953335447778e-01 9.660698862841882477e-05 0.000000000000000000e+00 -9.660698862841882477e-05 9.999999953335447778e-01 -0.000000000000000000e+00 -0.000000000000000000e+00 0.000000000000000000e+00 1.000000000000000000e+00
2.409999999999519818e-02 9.999999954969008842e-01 9.490099059552345852e-05 0.000000000000000000e+00 -9.490099059552345852e-05 9.999999954969008842e-01 -0.000000000000000000e+00 -0.000000000000000000e+00 0.000000000000000000e+00 1.000000000000000000e+00
2.419999999999512472e-02 9.999999956620717612e-01 9.314427623252749446e-05 0.000000000000000000e+00 -9.314427623252749446e-05 9.999999956620717612e-01 -0.000000000000000000e+00 -0.000000000000000000e+00 0.000000000000000000e+00 1.000000000000000000e+00
2.429999999999505125e-02 9.999999957727648825e-01 9.194819237300409049e-05 0.000000000000000000e+00 -9.194819237300409049e-05 9.999999957727648825e-01 -0.000000000000000000e+00 -0.000000000000000000e+00 0.000000000000000000e+00 1.000000000000000000e+00
2.439999999999497779e-02 9.999999956430037917e-01 9.334876547737074102e-05 0.000000000000000000e+00 -9.334876547737074102e-05 9.999999956430037917e-01 -0.000000000000000000e+00 -0.000000000000000000e+00 0.000000000000000000e+00 1.000000000000000000e+00
2.449999999999490433e-02 9.999999954983777029e-01 9.488542663241918184e-05 0.000000000000000000e+00 -9.488542663241918184e-05 9.999999954983777029e-01 -0.000000000000000000e+00 -0.000000000000000000e+00 0.000000000000000000e+00 1.000000000000000000e+00
2.459999999999483086e-02 9.999999954501478383e-01 9.539236852321957406e-05 0.000000000000000000e+00 -9.539236852321957406e-05 9.999999954501478383e-01 -0.000000000000000000e+00 -0.000000000000000000e+00 0.000000000000000000e+00 1.000000000000000000e+00
2.469999999999475740e-02 9.999999954626542786e-01 9.526117353467734535e-05 0.000000000000000000e+00 -9.526117353467734535e-05 9.999999954626542786e-01 -0.000000000000000000e+00 -0.000000000000000000e+00 0.000000000000000000e+00 1.000000000000000000e+00
2.479999999999468394e-02 9.999999954900296029e-01 9.497336734706154253e-05 0.000000000000000000e+00 -9.497336734706154253e-05 9.999999954900296029e-01 -0.000000000000000000e+00 -0.000000000000000000e+00 0.000000000000000000e+00 1.000000000000000000e+00
2.489999999999461047e-02 9.999999954970850702e-01 9.489904901952372451e-05 0.000000000000000000e+00 -9.489904901952372451e-05 9.999999954970850702e-01 -0.000000000000000000e+00 -0.000000000000000000e+00 0.000000000000000000e+00 1.000000000000000000e+00
2.499999999999453701e-02 9.999999954674861913e-01 9.521043618601112964e-05 0.000000000000000000e+00 -9.521043618601112964e-05 9.999999954674861913e-01 -0.000000000000000000e+00 -0.000000000000000000e+00 0.000000000000000000e+00 1.000000000000000000e+00
2.509999999999446355e-02 9.999999953998531810e-01 9.591815971472577793e-05 0.000000000000000000e+00 -9.591815971472577793e-05 9.999999953998531810e-01 -0.000000000000000000e+00 -0.000000000000000000e+00 0.000000000000000000e+00 1.000000000000000000e+00
2.519999999999439008e-02 9.999999952969821360e-01 9.698471822572439646e-05 0.000000000000000000e+00 -9.698471822572439646e-05 9.999999952969821360e-01 -0.000000000000000000e+00 -0.000000000000000000e+00 0.000000000000000000e+00 1.000000000000000000e+00
2.529999999999431662e-02 9.999999951651112884e-01 9.833502397551331957e-05 0.000000000000000000e+00 -9.833502397551331957e-05 9.999999951651112884e-01 -0.000000000000000000e+00 -0.000000000000000000e+00 0.000000000000000000e+00 1.000000000000000000e+00
2.539999999999424315e-02 9.999999950229885304e-01 9.976984874660572533e-05 0.000000000000000000e+00 -9.976984874660572533e-05 9.999999950229885304e-01 -0.000000000000000000e+00 -0.000000000000000000e+00 0.000000000000000000e+00 1.000000000000000000e+00
2.549999999999416969e-02 9.999999948972995156e-01 1.010217832551319980e-04 0.000000000000000000e+00 -1.010217832551319980e-04 9.999999948972995156e-01 -0.000000000000000000e+00 -0.000000000000000000e+00 0.000000000000000000e+00 1.000000000000000000e+00
2.559999999999409623e-02 9.999999948270882344e-01 1.017144200431429636e-04 0.000000000000000000e+00 -1.017144200431429636e-04 9.999999948270882344e-01 -0.000000000000000000e+00 -0.000000000000000000e+00 0.000000000000000000e+00 1.000000000000000000e+00
2.569999999999402276e-02 9.999999948096089941e-01 1.018861225501764615e-04 0.000000000000000000e+00 -1.018861225501764615e-04 9.999999948096089941e-01 -0.000000000000000000e+00 -0.000000000000000000e+00 0.000000000000000000e+00 1.000000000000000000e+00
2.579999999999394930e-02 9.999999948612546818e-01 1.013779579432955310e-04 0.000000000000000000e+00 -1.013779579432955310e-04 9.999999948612546818e-01 -0.000000000000000000e+00 -0.000000000000000000e+00 0.000000000000000000e+00 1.000000000000000000e+00
2.589999999999387584e-02 9.999999949457993864e-01 1.005405435046300783e-04 0.000000000000000000e+00 -1.005405435046300783e-04 9.999999949457993864e-01 -0.000000000000000000e+00 -0.000000000000000000e+00 0.000000000000000000e+00 1.000000000000000000e+00
2.599999999999380237e-02 9.999999950351088351e-01 9.964829199626916965e-05 0.000000000000000000e+00 -9.964829199626916965e-05 9.999999950351088351e-01 -0.000000000000000000e+00 -0.000000000000000000e+00 0.000000000000000000e+00 1.000000000000000000e+00
2.609999999999372891e-02 9.999999951360919459e-01 9.862969025809136046e-05 0.000000000000000000e+00 -9.862969025809136046e-05 9.999999951360919459e-01 -0.000000000000000000e+00 -0.000000000000000000e+00 0.000000000000000000e+00 1.000000000000000000e+00
2.619999999999365545e-02 9.999999952243172618e-01 9.773108593634151516e-05 0.000000000000000000e+00 -9.773108593634151516e-05 9.999999952243172618e-01 -0.000000000000000000e+00 -0.000000000000000000e+00 0.000000000000000000e+00 1.000000000000000000e+00
2.629999999999358198e-02 9.999999952710303397e-01 9.725193553987317152e-05 0.000000000000000000e+00 -9.725193553987317152e-05 9.999999952710303397e-01 -0.000000000000000000e+00 -0.000000000000000000e+00 0.000000000000000000e+00 1.000000000000000000e+00
2.639999999999350852e-02 9.999999953227366456e-01 9.671880069607966142e-05 0.000000000000000000e+00 -9.671880069607966142e-05 9.999999953227366456e-01 -0.000000000000000000e+00 -0.000000000000000000e+00 0.000000000000000000e+00 1.000000000000000000e+00
2.649999999999343506e-02 9.999999954029580307e-01 9.588578462340369168e-05 0.000000000000000000e+00 -9.588578462340369168e-05 9.999999954029580307e-01 -0.000000000000000000e+00 -0.000000000000000000e+00 0.000000000000000000e+00 1.000000000000000000e+00
2.659999999999336159e-02 9.999999955168852317e-01 9.469017619425267247e-05 0.000000000000000000e+00 -9.469017619425267247e-05 9.999999955168852317e-01 -0.000000000000000000e+00 -0.000000000000000000e+00 0.000000000000000000e+00 1.000000000000000000e+00
2.669999999999328813e-02 9.999999956604705975e-01 9.316146540199914995e-05 0.000000000000000000e+00 -9.316146540199914995e-05 9.999999956604705975e-01 -0.000000000000000000e+00 -0.000000000000000000e+00 0.000000000000000000e+00 1.000000000000000000e+00
2.679999999999321467e-02 9.999999958208396489e-01 9.142385122828741045e-05 0.000000000000000000e+00 -9.142385122828741045e-05 9.999999958208396489e-01 -0.000000000000000000e+00 -0.000000000000000000e+00 0.000000000000000000e+00 1.000000000000000000e+00
2.689999999999314120e-02 9.999999959644872982e-01 8.983888397109027180e-05 0.000000000000000000e+00 -8.983888397109027180e-05 9.999999959644872982e-01 -0.000000000000000000e+00 -0.000000000000000000e+00 0.000000000000000000e+00 1.000000000000000000e+00
2.699999999999306774e-02 9.999999960409946542e-01 8.898320405310730869e-05 0.000000000000000000e+00 -8.898320405310730869e-05 9.999999960409946542e-01 -0.000000000000000000e+00 -0.000000000000000000e+00 0.000000000000000000e+00 1.000000000000000000e+00
2.709999999999299428e-02 9.999999959996425103e-01 8.944671356351769178e-05 0.000000000000000000e+00 -8.944671356351769178e-05 9.999999959996425103e-01 -0.000000000000000000e+00 -0.000000000000000000e+00 0.000000000000000000e+00 1.000000000000000000e+00
2.719999999999292081e-02 9.999999959560237350e-01 8.993304327170232346e-05 0.000000000000000000e+00 -8.993304327170232346e-05 9.999999959560237350e-01 -0.000000000000000000e+00 -0.000000000000000000e+00 0.000000000000000000e+00 1.000000000000000000e+00
2.729999999999284735e-02 9.999999959507218650e-01 8.999197648094278939e-05 0.000000000000000000e+00 -8.999197648094278939e-05 9.999999959507218650e-01 -0.000000000000000000e+00 -0.000000000000000000e+00 0.000000000000000000e+00 1.000000000000000000e+00
2.739999999999277389e-02 9.999999959516226999e-01 8.998196666714021908e-05 0.000000000000000000e+00 -8.998196666714021908e-05 9.999999959516226999e-01 -0.000000000000000000e+00 -0.000000000000000000e+00 0.000000000000000000e+00 1.000000000000000000e+00
2.749999999999270042e-02 9.999999959310740261e-01 9.021004199295202196e-05 0.000000000000000000e+00 -9.021004199295202196e-05 9.999999959310740261e-01 -0.000000000000000000e+00 -0.000000000000000000e+00 0.000000000000000000e+00 1.000000000000000000e+00
2.759999999999262696e-02 9.999999958766797592e-01 9.081101420465615022e-05 0.000000000000000000e+00 -9.081101420465615022e-05 9.999999958766797592e-01 -0.000000000000000000e+00 -0.000000000000000000e+00 0.000000000000000000e+00 1.000000000000000000e+00
2.769999999999255350e-02 9.999999957873625389e-01 9.178929510380693551e-05 0.000000000000000000e+00 -9.178929510380693551e-05 9.999999957873625389e-01 -0.000000000000000000e+00 -0.000000000000000000e+00 0.000000000000000000e+00 1.000000000000000000e+00
2.779999999999248003e-02 9.999999956738632179e-01 9.301759679952311083e-05 0.000000000000000000e+00 -9.301759679952311083e-05 9.999999956738632179e-01 -0.000000000000000000e+00 -0.000000000000000000e+00 0.000000000000000000e+00 1.000000000000000000e+00
2.789999999999240657e-02 9.999999955507647975e-01 9.433170193812005777e-05 0.000000000000000000e+00 -9.433170193812005777e-05 9.999999955507647975e-01 -0.000000000000000000e+00 -0.000000000000000000e+00 0.000000000000000000e+00 1.000000000000000000e+00
2.799999999999233311e-02 9.999999954393321566e-01 9.550568392373561216e-05 0.000000000000000000e+00 -9.550568392373561216e-05 9.999999954393321566e-01 -0.000000000000000000e+00 -0.000000000000000000e+00 0.000000000000000000e+00 1.000000000000000000e+00
2.809999999999225964e-02 9.999999953972300570e-01 9.594550373194468305e-05 0.000000000000000000e+00 -9.594550373194468305e-05 9.999999953972300570e-01 -0.000000000000000000e+00 -0.000000000000000000e+00 0.000000000000000000e+00 1.000000000000000000e+00
2.819999999999218618e-02 9.999999954326855844e-01 9.557525037602745228e-05 0.000000000000000000e+00 -9.557525037602745228e-05 9.999999954326855844e-01 -0.000000000000000000e+00 -0.000000000000000000e+00 0.000000000000000000e+00 1.000000000000000000e+00
2.829999999999211271e-02 9.999999955318071843e-01 9.453245740074359203e-05 0.000000000000000000e+00 -9.453245740074359203e-05 9.999999955318071843e-01 -0.000000000000000000e+00 -0.000000000000000000e+00 0.000000000000000000e+00 1.000000000000000000e+00
2.839999999999203925e-02 9.999999956377001453e-01 9.340556352283222960e-05 0.000000000000000000e+00 -9.340556352283222960e-05 9.999999956377001453e-01 -0.000000000000000000e+00 -0.000000000000000000e+00 0.000000000000000000e+00 1.000000000000000000e+00
2.849999999999196579e-02 9.999999957199179335e-01 9.252115322829274264e-05 0.000000000000000000e+00 -9.252115322829274264e-05 9.999999957199179335e-01 -0.000000000000000000e+00 -0.000000000000000000e+00 0.000000000000000000e+00 1.000000000000000000e+00
2.859999999999189232e-02 9.999999957721913413e-01 9.195443044137763082e-05 0.000000000000000000e+00 -9.195443044137763082e-05 9.999999957721913413e-01 -0.000000000000000000e+00 -0.000000000000000000e+00 0.000000000000000000e+00 1.000000000000000000e+00
2.869999999999181886e-02 9.999999957962850683e-01 9.169203616890901599e-05 0.000000000000000000e+00 -9.169203616890901599e-05 9.999999957962850683e-01 -0.000000000000000000e+00 -0.000000000000000000e+00 0.000000000000000000e+00 1.000000000000000000e+00
2.879999999999174540e-02 9.999999958046064119e-01 9.160123800600977707e-05 0.000000000000000000e+00 -9.160123800600977707e-05 9.999999958046064119e-01 -0.000000000000000000e+00 -0.000000000000000000e+00 0.000000000000000000e+00 1.000000000000000000e+00
2.889999999999167193e-02 9.999999958161898128e-01 9.147469768496626285e-05 0.000000000000000000e+00 -9.147469768496626285e-05 9.999999958161898128e-01 -0.000000000000000000e+00 -0.000000000000000000e+00 0.000000000000000000e+00 1.000000000000000000e+00
2.899999999999159847e-02 9.999999958600150896e-01 9.099433877765049426e-05 0.000000000000000000e+00 -9.099433877765049426e-05 9.999999958600150896e-01 -0.000000000000000000e+00 -0.000000000000000000e+00 0.000000000000000000e+00 1.000000000000000000e+00
2.909999999999152501e-02 9.999999959463976573e-01 9.004001559862525456e-05 0.000000000000000000e+00 -9.004001559862525456e-05 9.999999959463976573e-01 -0.000000000000000000e+00 -0.000000000000000000e+00 0.000000000000000000e+00 1.000000000000000000e+00
2.919999999999145154e-02 9.999999960731793536e-01 8.862077142017611210e-05 0.000000000000000000e+00 -8.862077142017611210e-05 9.999999960731793536e-01 -0.000000000000000000e+00 -0.000000000000000000e+00 0.000000000000000000e+00 1.000000000000000000e+00
2.929999999999137808e-02 9.999999962175688539e-01 8.697621481532895207e-05 0.000000000000000000e+00 -8.697621481532895207e-05 9.999999962175688539e-01 -0.000000000000000000e+00 -0.000000000000000000e+00 0.000000000000000000e+00 1.000000000000000000e+00
2.939999999999130462e-02 9.999999963691539318e-01 8.521556146369846753e-05 0.000000000000000000e+00 -8.521556146369846753e-05 9.999999963691539318e-01 -0.000000000000000000e+00 -0.000000000000000000e+00 0.000000000000000000e+00 1.000000000000000000e+00
2.949999999999123115e-02 9.999999965051964423e-01 8.360386942732443846e-05 0.000000000000000000e+00 -8.360386942732443846e-05 9.999999965051964423e-01 -0.000000000000000000e+00 -0.000000000000000000e+00 0.000000000000000000e+00 1.000000000000000000e+00
2.959999999999115769e-02 9.999999966028262355e-01 8.242783071624208084e-05 0.000000000000000000e+00 -8.242783071624208084e-05 9.999999966028262355e-01 -0.000000000000000000e+00 -0.000000000000000000e+00 0.000000000000000000e+00 1.000000000000000000e+00
2.969999999999108423e-02 9.999999966419185204e-01 8.195219916406125090e-05 0.000000000000000000e+00 -8.195219916406125090e-05 9.999999966419185204e-01 -0.000000000000000000e+00 -0.000000000000000000e+00 0.000000000000000000e+00 1.000000000000000000e+00
2.979999999999101076e-02 9.999999966392547623e-01 8.198469383224504163e-05 0.000000000000000000e+00 -8.198469383224504163e-05 9.999999966392547623e-01 -0.000000000000000000e+00 -0.000000000000000000e+00 0.000000000000000000e+00 1.000000000000000000e+00
2.989999999999093730e-02 9.999999966334305324e-01 8.205570443856223723e-05 0.000000000000000000e+00 -8.205570443856223723e-05 9.999999966334305324e-01 -0.000000000000000000e+00 -0.000000000000000000e+00 0.000000000000000000e+00 1.000000000000000000e+00
2.999999999999086384e-02 9.999999966261684525e-01 8.214415872440119473e-05 0.000000000000000000e+00 -8.214415872440119473e-05 9.999999966261684525e-01 -0.000000000000000000e+00 -0.000000000000000000e+00 0.000000000000000000e+00 1.000000000000000000e+00
3.009999999999079037e-02 9.999999966121077000e-01 8.231515143452494091e-05 0.000000000000000000e+00 -8.231515143452494091e-05 9.999999966121077000e-01 -0.000000000000000000e+00 -0.000000000000000000e+00 0.000000000000000000e+00 1.000000000000000000e+00
3.019999999999071691e-02 9.999999965911080535e-01 8.256987142112152966e-05 0.000000000000000000e+00 -8.256987142112152966e-05 9.999999965911080535e-01 -0.000000000000000000e+00 -0.000000000000000000e+00 0.000000000000000000e+00 1.000000000000000000e+00
3.029999999999064345e-02 9.999999965606201080e-01 8.293828817911698761e-05 0.000000000000000000e+00 -8.293828817911698761e-05 9.999999965606201080e-01 -0.000000000000000000e+00 -0.000000000000000000e+00 0.000000000000000000e+00 1.000000000000000000e+00
3.039999999999056998e-02 9.999999965276734626e-01 8.333458360632452037e-05 0.000000000000000000e+00 -8.333458360632452037e-05 9.999999965276734626e-01 -0.000000000000000000e+00 -0.000000000000000000e+00 0.000000000000000000e+00 1.000000000000000000e+00
3.049999999999049652e-02 9.999999965048845807e-01 8.360760033268028319e-05 0.000000000000000000e+00 -8.360760033268028319e-05 9.999999965048845807e-01 -0.000000000000000000e+00 -0.000000000000000000e+00 0.000000000000000000e+00 1.000000000000000000e+00
3.059999999999042306e-02 9.999999965129040547e-01 8.351162580078094039e-05 0.000000000000000000e+00 -8.351162580078094039e-05 9.999999965129040547e-01 -0.000000000000000000e+00 -0.000000000000000000e+00 0.000000000000000000e+00 1.000000000000000000e+00
3.069999999999034959e-02 9.999999965765636878e-01 8.274582995122045528e-05 0.000000000000000000e+00 -8.274582995122045528e-05 9.999999965765636878e-01 -0.000000000000000000e+00 -0.000000000000000000e+00 0.000000000000000000e+00 1.000000000000000000e+00
3.079999999999027613e-02 9.999999966811711216e-01 8.147182052751159715e-05 0.000000000000000000e+00 -8.147182052751159715e-05 9.999999966811711216e-01 -0.000000000000000000e+00 -0.000000000000000000e+00 0.000000000000000000e+00 1.000000000000000000e+00
3.089999999999020266e-02 9.999999968180217635e-01 7.977440830612716170e-05 0.000000000000000000e+00 -7.977440830612716170e-05 9.999999968180217635e-01 -0.000000000000000000e+00 -0.000000000000000000e+00 0.000000000000000000e+00 1.000000000000000000e+00
3.099999999999012920e-02 9.999999969540698253e-01 7.805036910101754489e-05 0.000000000000000000e+00 -7.805036910101754489e-05 9.999999969540698253e-01 -0.000000000000000000e+00 -0.000000000000000000e+00 0.000000000000000000e+00 1.000000000000000000e+00
3.109999999999005574e-02 9.999999970769717361e-01 7.645950704789025471e-05 0.000000000000000000e+00 -7.645950704789025471e-05 9.999999970769717361e-01 -0.000000000000000000e+00 -0.000000000000000000e+00 0.000000000000000000e+00 1.000000000000000000e+00
3.119999999998998227e-02 9.999999971872323146e-01 7.500356729831161179e-05 0.000000000000000000e+00 -7.500356729831161179e-05 9.999999971872323146e-01 -0.000000000000000000e+00 -0.000000000000000000e+00 0.000000000000000000e+00 1.000000000000000000e+00
3.129999999998999555e-02 9.999999972888826694e-01 7.363582320982437271e-05 0.000000000000000000e+00 -7.363582320982437271e-05 9.999999972888826694e-01 -0.000000000000000000e+00 -0.000000000000000000e+00 0.000000000000000000e+00 1.000000000000000000e+00
3.139999999999009556e-02 9.999999973889408533e-01 7.226422395147831805e-05 0.000000000000000000e+00 -7.226422395147831805e-05 9.999999973889408533e-01 -0.000000000000000000e+00 -0.000000000000000000e+00 0.000000000000000000e+00 1.000000000000000000e+00
3.149999999999019556e-02 9.999999975004575381e-01 7.070420641945240566e-05 0.000000000000000000e+00 -7.070420641945240566e-05 9.999999975004575381e-01 -0.000000000000000000e+00 -0.000000000000000000e+00 0.000000000000000000e+00 1.000000000000000000e+00
3.159999999999029557e-02 9.999999976426882098e-01 6.866311462419998665e-05 0.000000000000000000e+00 -6.866311462419998665e-05 9.999999976426882098e-01 -0.000000000000000000e+00 -0.000000000000000000e+00 0.000000000000000000e+00 1.000000000000000000e+00
3.169999999999039558e-02 9.999999978157575464e-01 6.609451427133640705e-05 0.000000000000000000e+00 -6.609451427133640705e-05 9.999999978157575464e-01 -0.000000000000000000e+00 -0.000000000000000000e+00 0.000000000000000000e+00 1.000000000000000000e+00
3.179999999999049559e-02 9.999999980088943863e-01 6.310476113179249152e-05 0.000000000000000000e+00 -6.310476113179249152e-05 9.999999980088943863e-01 -0.000000000000000000e+00 -0.000000000000000000e+00 0.000000000000000000e+00 1.000000000000000000e+00
3.189999999999059560e-02 9.999999982082070638e-01 5.986305608089465425e-05 0.000000000000000000e+00 -5.986305608089465425e-05 9.999999982082070638e-01 -0.000000000000000000e+00 -0.000000000000000000e+00 0.000000000000000000e+00 1.000000000000000000e+00
3.199999999999069561e-02 9.999999983836890260e-01 5.685614960953248474e-05 0.000000000000000000e+00 -5.685614960953248474e-05 9.999999983836890260e-01 -0.000000000000000000e+00 -0.000000000000000000e+00 0.000000000000000000e+00 1.000000000000000000e+00
3.209999999999079562e-02 9.999999984884391235e-01 5.498291907954242836e-05 0.000000000000000000e+00 -5.498291907954242836e-05 9.999999984884391235e-01 -0.000000000000000000e+00 -0.000000000000000000e+00 0.000000000000000000e+00 1.000000000000000000e+00
3.219999999999089563e-02 9.999999985223415599e-01 5.436282358121951762e-05 0.000000000000000000e+00 -5.436282358121951762e-05 9.999999985223415599e-01 -0.000000000000000000e+00 -0.000000000000000000e+00 0.000000000000000000e+00 1.000000000000000000e+00
3.229999999999099564e-02 9.999999985639630440e-01 5.359173138891548471e-05 0.000000000000000000e+00 -5.359173138891548471e-05 9.999999985639630440e-01 -0.000000000000000000e+00 -0.000000000000000000e+00 0.000000000000000000e+00 1.000000000000000000e+00
3.239999999999109564e-02 9.999999986238505834e-01 5.246235370457253495e-05 0.000000000000000000e+00 -5.246235370457253495e-05 9.999999986238505834e-01 -0.000000000000000000e+00 -0.000000000000000000e+00 0.000000000000000000e+00 1.000000000000000000e+00
3.249999999999119565e-02 9.999999986870188318e-01 5.124414244284287989e-05 0.000000000000000000e+00 -5.124414244284287989e-05 9.999999986870188318e-01 -0.000000000000000000e+00 -0.000000000000000000e+00 0.000000000000000000e+00 1.000000000000000000e+00
3.259999999999129566e-02 9.999999987406985591e-01 5.018568201717987499e-05 0.000000000000000000e+00 -5.018568201717987499e-05 9.999999987406985591e-01 -0.000000000000000000e+00 -0.000000000000000000e+00 0.000000000000000000e+00 1.000000000000000000e+00
3.269999999999139567e-02 9.999999987812664415e-01 4.937070939638764421e-05 0.000000000000000000e+00 -4.937070939638764421e-05 9.999999987812664415e-01 -0.000000000000000000e+00 -0.000000000000000000e+00 0.000000000000000000e+00 1.000000000000000000e+00
3.279999999999149568e-02 9.999999988108029259e-01 4.876877929478215886e-05 0.000000000000000000e+00 -4.876877929478215886e-05 9.999999988108029259e-01 -0.000000000000000000e+00 -0.000000000000000000e+00 0.000000000000000000e+00 1.000000000000000000e+00
3.289999999999159569e-02 9.999999988331227385e-01 4.830894811315267050e-05 0.000000000000000000e+00 -4.830894811315267050e-05 9.999999988331227385e-01 -0.000000000000000000e+00 -0.000000000000000000e+00 0.000000000000000000e+00 1.000000000000000000e+00
3.299999999999169570e-02 9.999999988536463214e-01 4.788222041600382852e-05 0.000000000000000000e+00 -4.788222041600382852e-05 9.999999988536463214e-01 -0.000000000000000000e+00 -0.000000000000000000e+00 0.000000000000000000e+00 1.000000000000000000e+00
3.309999999999179571e-02 9.999999988793354389e-01 4.734267390528188114e-05 0.000000000000000000e+00 -4.734267390528188114e-05 9.999999988793354389e-01 -0.000000000000000000e+00 -0.000000000000000000e+00 0.000000000000000000e+00 1.000000000000000000e+00
3.319999999999189572e-02 9.999999989116900023e-01 4.665425804007239347e-05 0.000000000000000000e+00 -4.665425804007239347e-05 9.999999989116900023e-01 -0.000000000000000000e+00 -0.000000000000000000e+00 0.000000000000000000e+00 1.000000000000000000e+00
3.329999999999199572e-02 9.999999989538070899e-01 4.574260035643031030e-05 0.000000000000000000e+00 -4.574260035643031030e-05 9.999999989538070899e-01 -0.000000000000000000e+00 -0.000000000000000000e+00 0.000000000000000000e+00 1.000000000000000000e+00
3.339999999999209573e-02 9.999999990096473113e-01 4.450511129417244051e-05 0.000000000000000000e+00 -4.450511129417244051e-05 9.999999990096473113e-01 -0.000000000000000000e+00 -0.000000000000000000e+00 0.000000000000000000e+00 1.000000000000000000e+00
3.349999999999219574e-02 9.999999990748370537e-01 4.301541075712852688e-05 0.000000000000000000e+00 -4.301541075712852688e-05 9.999999990748370537e-01 -0.000000000000000000e+00 -0.000000000000000000e+00 0.000000000000000000e+00 1.000000000000000000e+00
3.359999999999229575e-02 9.999999991442035663e-01 4.137139783098682977e-05 0.000000000000000000e+00 -4.137139783098682977e-05 9.999999991442035663e-01 -0.000000000000000000e+00 -0.000000000000000000e+00 0.000000000000000000e+00 1.000000000000000000e+00
3.369999999999239576e-02 9.999999992147403649e-01 3.962977296131174040e-05 0.000000000000000000e+00 -3.962977296131174040e-05 9.999999992147403649e-01 -0.000000000000000000e+00 -0.000000000000000000e+00 0.000000000000000000e+00 1.000000000000000000e+00
3.379999999999249577e-02 9.999999992849155639e-01 3.781756807817599891e-05 0.000000000000000000e+00 -3.781756807817599891e-05 9.999999992849155639e-01 -0.000000000000000000e+00 -0.000000000000000000e+00 0.000000000000000000e+00 1.000000000000000000e+00
3.389999999999259578e-02 9.999999993532128206e-01 3.596628858896403315e-05 0.000000000000000000e+00 -3.596628858896403315e-05 9.999999993532128206e-01 -0.000000000000000000e+00 -0.000000000000000000e+00 0.000000000000000000e+00 1.000000000000000000e+00
3.399999999999269579e-02 9.999999994202470877e-01 3.405151435483363731e-05 0.000000000000000000e+00 -3.405151435483363731e-05 9.999999994202470877e-01 -0.000000000000000000e+00 -0.000000000000000000e+00 0.000000000000000000e+00 1.000000000000000000e+00
3.409999999999279580e-02 9.999999994894601674e-01 3.195433188402279284e-05 0.000000000000000000e+00 -3.195433188402279284e-05 9.999999994894601674e-01 -0.000000000000000000e+00 -0.000000000000000000e+00 0.000000000000000000e+00 1.000000000000000000e+00
3.419999999999289580e-02 9.999999995665916908e-01 2.944174495025202989e-05 0.000000000000000000e+00 -2.944174495025202989e-05 9.999999995665916908e-01 -0.000000000000000000e+00 -0.000000000000000000e+00 0.000000000000000000e+00 1.000000000000000000e+00
3.429999999999299581e-02 9.999999996513675438e-01 2.640576928474258918e-05 0.000000000000000000e+00 -2.640576928474258918e-05 9.999999996513675438e-01 -0.000000000000000000e+00 -0.000000000000000000e+00 0.000000000000000000e+00 1.000000000000000000e+00
3.439999999999309582e-02 9.999999997383101080e-01 2.287749188349939052e-05 0.000000000000000000e+00 -2.287749188349939052e-05 9.999999997383101080e-01 -0.000000000000000000e+00 -0.000000000000000000e+00 0.000000000000000000e+00 1.000000000000000000e+00
3.449999999999319583e-02 9.999999998064541540e-01 1.967463704373053994e-05 0.000000000000000000e+00 -1.967463704373053994e-05 9.999999998064541540e-01 -0.000000000000000000e+00 -0.000000000000000000e+00 0.000000000000000000e+00 1.000000000000000000e+00
3.459999999999329584e-02 9.999999998176424265e-01 1.909750932369767197e-05 0.000000000000000000e+00 -1.909750932369767197e-05 9.999999998176424265e-01 -0.000000000000000000e+00 -0.000000000000000000e+00 0.000000000000000000e+00 1.000000000000000000e+00
3.469999999999339585e-02 9.999999998189096351e-01 1.903104071016577966e-05 0.000000000000000000e+00 -1.903104071016577966e-05 9.999999998189096351e-01 -0.000000000000000000e+00 -0.000000000000000000e+00 0.000000000000000000e+00 1.000000000000000000e+00
3.479999999999349586e-02 9.999999998385733502e-01 1.796810912605930187e-05 0.000000000000000000e+00 -1.796810912605930187e-05 9.999999998385733502e-01 -0.000000000000000000e+00 -0.000000000000000000e+00 0.000000000000000000e+00 1.000000000000000000e+00
3.489999999999359587e-02 9.999999998677535640e-01 1.626322489422030510e-05 0.000000000000000000e+00 -1.626322489422030510e-05 9.999999998677535640e-01 -0.000000000000000000e+00 -0.000000000000000000e+00 0.000000000000000000e+00 1.000000000000000000e+00
3.499999999999369588e-02 9.999999998973992943e-01 1.432484589206211174e-05 0.000000000000000000e+00 -1.432484589206211174e-05 9.999999998973992943e-01 -0.000000000000000000e+00 -0.000000000000000000e+00 0.000000000000000000e+00 1.000000000000000000e+00
3.509999999999379589e-02 9.999999999220176017e-01 1.248858454558525181e-05 0.000000000000000000e+00 -1.248858454558525181e-05 9.999999999220176017e-01 -0.000000000000000000e+00 -0.000000000000000000e+00 0.000000000000000000e+00 1.000000000000000000e+00
3.519999999999389589e-02 9.999999999407752638e-01 1.088343820915827643e-05 0.000000000000000000e+00 -1.088343820915827643e-05 9.999999999407752638e-01 -0.000000000000000000e+00 -0.000000000000000000e+00 0.000000000000000000e+00 1.000000000000000000e+00
3.529999999999399590e-02 9.999999999551878460e-01 9.467009247755740089e-06 0.000000000000000000e+00 -9.467009247755740089e-06 9.999999999551878460e-01 -0.000000000000000000e+00 -0.000000000000000000e+00 0.000000000000000000e+00 1.000000000000000000e+00
3.539999999999409591e-02 9.999999999667412709e-01 8.155815109186146902e-06 0.000000000000000000e+00 -8.155815109186146902e-06 9.999999999667412709e-01 -0.000000000000000000e+00 -0.000000000000000000e+00 0.000000000000000000e+00 1.000000000000000000e+00
3.549999999999419592e-02 9.999999999764049852e-01 6.869492587438322973e-06 0.000000000000000000e+00 -6.869492587438322973e-06 9.999999999764049852e-01 -0.000000000000000000e+00 -0.000000000000000000e+00 0.000000000000000000e+00 1.000000000000000000e+00
3.559999999999429593e-02 9.999999999846375109e-01 5.542996596245045842e-06 0.000000000000000000e+00 -5.542996596245045842e-06 9.999999999846375109e-01 -0.000000000000000000e+00 -0.000000000000000000e+00 0.000000000000000000e+00 1.000000000000000000e+00
3.569999999999439594e-02 9.999999999914779281e-01 4.128448997029485119e-06 0.000000000000000000e+00 -4.128448997029485119e-06 9.999999999914779281e-01 -0.000000000000000000e+00 -0.000000000000000000e+00 0.000000000000000000e+00 1.000000000000000000e+00
3.579999999999449595e-02 9.999999999966603381e-01 2.584389151466582924e-06 0.000000000000000000e+00 -2.584389151466582924e-06 9.999999999966603381e-01 -0.000000000000000000e+00 -0.000000000000000000e+00 0.000000000000000000e+00 1.000000000000000000e+00
3.589999999999459596e-02 9.999999999996335154e-01 8.560496835375884726e-07 0.000000000000000000e+00 -8.560496835375884726e-07 9.999999999996335154e-01 -0.000000000000000000e+00 -0.000000000000000000e+00 0.000000000000000000e+00 1.000000000000000000e+00
3.599999999999469597e-02 9.999999999994562128e-01 -1.042789526425627396e-06 0.000000000000000000e+00 1.042789526425627396e-06 9.999999999994562128e-01 -0.000000000000000000e+00 0.000000000000000000e+00 0.000000000000000000e+00 1.000000000000000000e+00
3.609999999999479597e-02 9.999999999953024243e-01 -3.065065412771462351e-06 0.000000000000000000e+00 3.065065412771462351e-06 9.999999999953024243e-01 -0.000000000000000000e+00 0.000000000000000000e+00 0.000000000000000000e+00 1.000000000000000000e+00
3.619999999999489598e-02 9.999999999865158973e-01 -5.193054502573538512e-06 0.000000000000000000e+00 5.193054502573538512e-06 9.999999999865158973e-01 -0.000000000000000000e+00 0.000000000000000000e+00 0.000000000000000000e+00 1.000000000000000000e+00
3.629999999999499599e-02 9.999999999726328914e-01 -7.398239769082915534e-06 0.000000000000000000e+00 7.398239769082915534e-06 9.999999999726328914e-01 -0.000000000000000000e+00 0.000000000000000000e+00 0.000000000000000000e+00 1.000000000000000000e+00
3.639999999999509600e-02 9.999999999533970563e-01 -9.654319655756606126e-06 0.000000000000000000e+00 9.654319655756606126e-06 9.999999999533970563e-01 -0.000000000000000000e+00 0.000000000000000000e+00 0.000000000000000000e+00 1.000000000000000000e+00
3.649999999999519601e-02 9.999999999291411257e-01 -1.190451639602907005e-05 0.000000000000000000e+00 1.190451639602907005e-05 9.999999999291411257e-01 -0.000000000000000000e+00 0.000000000000000000e+00 0.000000000000000000e+00 1.000000000000000000e+00
3.659999999999529602e-02 9.999999999051029098e-01 -1.377656548218620441e-05 0.000000000000000000e+00 1.377656548218620441e-05 9.999999999051029098e-01 -0.000000000000000000e+00 0.000000000000000000e+00 0.000000000000000000e+00 1.000000000000000000e+00
3.669999999999539603e-02 9.999999999028248432e-01 -1.394094611378629613e-05 0.000000000000000000e+00 1.394094611378629613e-05 9.999999999028248432e-01 -0.000000000000000000e+00 0.000000000000000000e+00 0.000000000000000000e+00 1.000000000000000000e+00
3.679999999999549604e-02 9.999999999011176532e-01 -1.406286930990142773e-05 0.000000000000000000e+00 1.406286930990142773e-05 9.999999999011176532e-01 -0.000000000000000000e+00 0.000000000000000000e+00 0.000000000000000000e+00 1.000000000000000000e+00
3.689999999999559605e-02 9.999999998882138641e-01 -1.495232809006940335e-05 0.000000000000000000e+00 1.495232809006940335e-05 9.999999998882138641e-01 -0.000000000000000000e+00 0.000000000000000000e+00 0.000000000000000000e+00 1.000000000000000000e+00
3.699999999999569605e-02 9.999999998640440868e-01 -1.648973907416886696e-05 0.000000000000000000e+00 1.648973907416886696e-05 9.999999998640440868e-01 -0.000000000000000000e+00 0.000000000000000000e+00 0.000000000000000000e+00 1.000000000000000000e+00
3.709999999999579606e-02 9.999999998293519488e-01 -1.847419759398808355e-05 0.000000000000000000e+00 1.847419759398808355e-05 9.999999998293519488e-01 -0.000000000000000000e+00 0.000000000000000000e+00 0.000000000000000000e+00 1.000000000000000000e+00
3.719999999999589607e-02 9.999999997846195088e-01 -2.075477125305872703e-05 0.000000000000000000e+00 2.075477125305872703e-05 9.999999997846195088e-01 -0.000000000000000000e+00 0.000000000000000000e+00 0.000000000000000000e+00 1.000000000000000000e+00
3.729999999999599608e-02 9.999999997312017941e-01 -2.318611803475417591e-05 0.000000000000000000e+00 2.318611803475417591e-05 9.999999997312017941e-01 -0.000000000000000000e+00 0.000000000000000000e+00 0.000000000000000000e+00 1.000000000000000000e+00
3.739999999999609609e-02 9.999999996717452433e-01 -2.562243785108432793e-05 0.000000000000000000e+00 2.562243785108432793e-05 9.999999996717452433e-01 -0.000000000000000000e+00 0.000000000000000000e+00 0.000000000000000000e+00 1.000000000000000000e+00
3.749999999999619610e-02 9.999999996092255872e-01 -2.795618989796704246e-05 0.000000000000000000e+00 2.795618989796704246e-05 9.999999996092255872e-01 -0.000000000000000000e+00 0.000000000000000000e+00 0.000000000000000000e+00 1.000000000000000000e+00
3.759999999999629611e-02 9.999999995444444068e-01 -3.018461239418794950e-05 0.000000000000000000e+00 3.018461239418794950e-05 9.999999995444444068e-01 -0.000000000000000000e+00 0.000000000000000000e+00 0.000000000000000000e+00 1.000000000000000000e+00
3.769999999999639612e-02 9.999999994795765179e-01 -3.226215633907724702e-05 0.000000000000000000e+00 3.226215633907724702e-05 9.999999994795765179e-01 -0.000000000000000000e+00 0.000000000000000000e+00 0.000000000000000000e+00 1.000000000000000000e+00
3.779999999999649613e-02 9.999999994144709303e-01 -3.422072696713325448e-05 0.000000000000000000e+00 3.422072696713325448e-05 9.999999994144709303e-01 -0.000000000000000000e+00 0.000000000000000000e+00 0.000000000000000000e+00 1.000000000000000000e+00
3.789999999999659613e-02 9.999999993471453408e-01 -3.613459262905068122e-05 0.000000000000000000e+00 3.613459262905068122e-05 9.999999993471453408e-01 -0.000000000000000000e+00 0.000000000000000000e+00 0.000000000000000000e+00 1.000000000000000000e+00
3.799999999999669614e-02 9.999999992790115089e-01 -3.797336736758112938e-05 0.000000000000000000e+00 3.797336736758112938e-05 9.999999992790115089e-01 -0.000000000000000000e+00 0.000000000000000000e+00 0.000000000000000000e+00 1.000000000000000000e+00
3.809999999999679615e-02 9.999999992169545937e-01 -3.957386238826451420e-05 0.000000000000000000e+00 3.957386238826451420e-05 9.999999992169545937e-01 -0.000000000000000000e+00 0.000000000000000000e+00 0.000000000000000000e+00 1.000000000000000000e+00
3.819999999999689616e-02 9.999999991623694795e-01 -4.092995048418269382e-05 0.000000000000000000e+00 4.092995048418269382e-05 9.999999991623694795e-01 -0.000000000000000000e+00 0.000000000000000000e+00 0.000000000000000000e+00 1.000000000000000000e+00
3.829999999999699617e-02 9.999999991079943085e-01 -4.223755653213199965e-05 0.000000000000000000e+00 4.223755653213199965e-05 9.999999991079943085e-01 -0.000000000000000000e+00 0.000000000000000000e+00 0.000000000000000000e+00 1.000000000000000000e+00
3.839999999999709618e-02 9.999999990467163258e-01 -4.366425480785447049e-05 0.000000000000000000e+00 4.366425480785447049e-05 9.999999990467163258e-01 -0.000000000000000000e+00 0.000000000000000000e+00 0.000000000000000000e+00 1.000000000000000000e+00
3.849999999999719619e-02 9.999999989756848118e-01 -4.526179490394968984e-05 0.000000000000000000e+00 4.526179490394968984e-05 9.999999989756848118e-01 -0.000000000000000000e+00 0.000000000000000000e+00 0.000000000000000000e+00 1.000000000000000000e+00
3.859999999999729620e-02 9.999999988955522445e-01 -4.699888477462530931e-05 0.000000000000000000e+00 4.699888477462530931e-05 9.999999988955522445e-01 -0.000000000000000000e+00 0.000000000000000000e+00 0.000000000000000000e+00 1.000000000000000000e+00
3.869999999999739621e-02 9.999999988088223990e-01 -4.880937341729261791e-05 0.000000000000000000e+00 4.880937341729261791e-05 9.999999988088223990e-01 -0.000000000000000000e+00 0.000000000000000000e+00 0.000000000000000000e+00 1.000000000000000000e+00
3.879999999999749621e-02 9.999999987185689276e-01 -5.062471633535298876e-05 0.000000000000000000e+00 5.062471633535298876e-05 9.999999987185689276e-01 -0.000000000000000000e+00 0.000000000000000000e+00 0.000000000000000000e+00 1.000000000000000000e+00
3.889999999999759622e-02 9.999999986273545582e-01 -5.239552267860612104e-05 0.000000000000000000e+00 5.239552267860612104e-05 9.999999986273545582e-01 -0.000000000000000000e+00 0.000000000000000000e+00 0.000000000000000000e+00 1.000000000000000000e+00
3.899999999999769623e-02 9.999999985364679267e-01 -5.410234753560512342e-05 0.000000000000000000e+00 5.410234753560512342e-05 9.999999985364679267e-01 -0.000000000000000000e+00 0.000000000000000000e+00 0.000000000000000000e+00 1.000000000000000000e+00
3.909999999999779624e-02 9.999999984456509061e-01 -5.575569755922707324e-05 0.000000000000000000e+00 5.575569755922707324e-05 9.999999984456509061e-01 -0.000000000000000000e+00 0.000000000000000000e+00 0.000000000000000000e+00 1.000000000000000000e+00
3.919999999999789625e-02 9.999999983536217441e-01 -5.738254464556452286e-05 0.000000000000000000e+00 5.738254464556452286e-05 9.999999983536217441e-01 -0.000000000000000000e+00 0.000000000000000000e+00 0.000000000000000000e+00 1.000000000000000000e+00
3.929999999999799626e-02 9.999999982589443670e-01 -5.900941603762889824e-05 0.000000000000000000e+00 5.900941603762889824e-05 9.999999982589443670e-01 -0.000000000000000000e+00 0.000000000000000000e+00 0.000000000000000000e+00 1.000000000000000000e+00
3.939999999999809627e-02 9.999999981606075838e-01 -6.065298565730988884e-05 0.000000000000000000e+00 6.065298565730988884e-05 9.999999981606075838e-01 -0.000000000000000000e+00 0.000000000000000000e+00 0.000000000000000000e+00 1.000000000000000000e+00
3.949999999999819628e-02 9.999999980587341852e-01 -6.230996232294193035e-05 0.000000000000000000e+00 6.230996232294193035e-05 9.999999980587341852e-01 -0.000000000000000000e+00 0.000000000000000000e+00 0.000000000000000000e+00 1.000000000000000000e+00
3.959999999999829629e-02 9.999999979536188244e-01 -6.397469944172091234e-05 0.000000000000000000e+00 6.397469944172091234e-05 9.999999979536188244e-01 -0.000000000000000000e+00 0.000000000000000000e+00 0.000000000000000000e+00 1.000000000000000000e+00
3.969999999999839629e-02 9.999999978452098759e-01 -6.564739322450145298e-05 0.000000000000000000e+00 6.564739322450145298e-05 9.999999978452098759e-01 -0.000000000000000000e+00 0.000000000000000000e+00 0.000000000000000000e+00 1.000000000000000000e+00
3.979999999999849630e-02 9.999999977335036760e-01 -6.732750153216208783e-05 0.000000000000000000e+00 6.732750153216208783e-05 9.999999977335036760e-01 -0.000000000000000000e+00 0.000000000000000000e+00 0.000000000000000000e+00 1.000000000000000000e+00
3.989999999999859631e-02 9.999999976185099948e-01 -6.901434438268882956e-05 0.000000000000000000e+00 6.901434438268882956e-05 9.999999976185099948e-01 -0.000000000000000000e+00 0.000000000000000000e+00 0.000000000000000000e+00 1.000000000000000000e+00
3.999999999999869632e-02 9.999999975002143993e-01 -7.070764379322708822e-05 0.000000000000000000e+00 7.070764379322708822e-05 9.999999975002143993e-01 -0.000000000000000000e+00 0.000000000000000000e+00 0.000000000000000000e+00 1.000000000000000000e+00
4.009999999999879633e-02 9.999999973786206642e-01 -7.240689368002158446e-05 0.000000000000000000e+00 7.240689368002158446e-05 9.999999973786206642e-01 -0.000000000000000000e+00 0.000000000000000000e+00 0.000000000000000000e+00 1.000000000000000000e+00
4.019999999999889634e-02 9.999999972537794157e-01 -7.411100387646148472e-05 0.000000000000000000e+00 7.411100387646148472e-05 9.999999972537794157e-01 -0.000000000000000000e+00 0.000000000000000000e+00 0.000000000000000000e+00 1.000000000000000000e+00
4.029999999999899635e-02 9.999999971257893527e-01 -7.581834251379355723e-05 0.000000000000000000e+00 7.581834251379355723e-05 9.999999971257893527e-01 -0.000000000000000000e+00 0.000000000000000000e+00 0.000000000000000000e+00 1.000000000000000000e+00
4.039999999999909636e-02 9.999999969947396261e-01 -7.752754775838044735e-05 0.000000000000000000e+00 7.752754775838044735e-05 9.999999969947396261e-01 -0.000000000000000000e+00 0.000000000000000000e+00 0.000000000000000000e+00 1.000000000000000000e+00
4.049999999999919637e-02 9.999999968606648748e-01 -7.923805925880282347e-05 0.000000000000000000e+00 7.923805925880282347e-05 9.999999968606648748e-01 -0.000000000000000000e+00 0.000000000000000000e+00 0.000000000000000000e+00 1.000000000000000000e+00
4.059999999999929637e-02 9.999999967235391196e-01 -8.095011760102771407e-05 0.000000000000000000e+00 8.095011760102771407e-05 9.999999967235391196e-01 -0.000000000000000000e+00 0.000000000000000000e+00 0.000000000000000000e+00 1.000000000000000000e+00
4.069999999999939638e-02 9.999999965832928606e-01 -8.266446673514854287e-05 0.000000000000000000e+00 8.266446673514854287e-05 9.999999965832928606e-01 -0.000000000000000000e+00 0.000000000000000000e+00 0.000000000000000000e+00 1.000000000000000000e+00
4.079999999999949639e-02 9.999999964398355035e-01 -8.438204059769010580e-05 0.000000000000000000e+00 8.438204059769010580e-05 9.999999964398355035e-01 -0.000000000000000000e+00 0.000000000000000000e+00 0.000000000000000000e+00 1.000000000000000000e+00
4.089999999999959640e-02 9.999999962930814501e-01 -8.610363862303588127e-05 0.000000000000000000e+00 8.610363862303588127e-05 9.999999962930814501e-01 -0.000000000000000000e+00 0.000000000000000000e+00 0.000000000000000000e+00 1.000000000000000000e+00
4.099999999999969641e-02 9.999999961429787421e-01 -8.782961921500849413e-05 0.000000000000000000e+00 8.782961921500849413e-05 9.999999961429787421e-01 -0.000000000000000000e+00 0.000000000000000000e+00 0.000000000000000000e+00 1.000000000000000000e+00
4.109999999999979642e-02 9.999999959894967372e-01 -8.956007068338522762e-05 0.000000000000000000e+00 8.956007068338522762e-05 9.999999959894967372e-01 -0.000000000000000000e+00 0.000000000000000000e+00 0.000000000000000000e+00 1.000000000000000000e+00
4.119999999999989643e-02 9.999999958326115657e-01 -9.129499817246786858e-05 0.000000000000000000e+00 9.129499817246786858e-05 9.999999958326115657e-01 -0.000000000000000000e+00 0.000000000000000000e+00 0.000000000000000000e+00 1.000000000000000000e+00
4.129999999999999644e-02 9.999999956723077954e-01 -9.303431671868657308e-05 0.000000000000000000e+00 9.303431671868657308e-05 9.999999956723077954e-01 -0.000000000000000000e+00 0.000000000000000000e+00 0.000000000000000000e+00 1.000000000000000000e+00
4.140000000000009645e-02 9.999999955088673120e-01 -9.477481216656412865e-05 0.000000000000000000e+00 9.477481216656412865e-05 9.999999955088673120e-01 -0.000000000000000000e+00 0.000000000000000000e+00 0.000000000000000000e+00 1.000000000000000000e+00
4.150000000000019645e-02 9.999999953426679244e-01 -9.651250675274673958e-05 0.000000000000000000e+00 9.651250675274673958e-05 9.999999953426679244e-01 -0.000000000000000000e+00 0.000000000000000000e+00 0.000000000000000000e+00 1.000000000000000000e+00
4.160000000000029646e-02 9.999999951741560533e-01 -9.824300341731456883e-05 0.000000000000000000e+00 9.824300341731456883e-05 9.999999951741560533e-01 -0.000000000000000000e+00 0.000000000000000000e+00 0.000000000000000000e+00 1.000000000000000000e+00
4.170000000000039647e-02 9.999999950030179496e-01 -9.996981445036292322e-05 0.000000000000000000e+00 9.996981445036292322e-05 9.999999950030179496e-01 -0.000000000000000000e+00 0.000000000000000000e+00 0.000000000000000000e+00 1.000000000000000000e+00
4.180000000000049648e-02 9.999999948288527118e-01 -1.016970712505718477e-04 0.000000000000000000e+00 1.016970712505718477e-04 9.999999948288527118e-01 -0.000000000000000000e+00 0.000000000000000000e+00 0.000000000000000000e+00 1.000000000000000000e+00
4.190000000000059649e-02 9.999999946512413418e-01 -1.034288022614743074e-04 0.000000000000000000e+00 1.034288022614743074e-04 9.999999946512413418e-01 -0.000000000000000000e+00 0.000000000000000000e+00 0.000000000000000000e+00 1.000000000000000000e+00
4.200000000000069650e-02 9.999999944692635756e-01 -1.051735358564654462e-04 0.000000000000000000e+00 1.051735358564654462e-04 9.999999944692635756e-01 -0.000000000000000000e+00 0.000000000000000000e+00 0.000000000000000000e+00 1.000000000000000000e+00
4.210000000000079651e-02 9.999999942823923904e-01 -1.069355638451768256e-04 0.000000000000000000e+00 1.069355638451768256e-04 9.999999942823923904e-01 -0.000000000000000000e+00 0.000000000000000000e+00 0.000000000000000000e+00 1.000000000000000000e+00
4.220000000000089652e-02 9.999999940907731144e-01 -1.087127105946285885e-04 0.000000000000000000e+00 1.087127105946285885e-04 9.999999940907731144e-01 -0.000000000000000000e+00 0.000000000000000000e+00 0.000000000000000000e+00 1.000000000000000000e+00
4.230000000000099653e-02 9.999999938947052858e-01 -1.105015338694689012e-04 0.000000000000000000e+00 1.105015338694689012e-04 9.999999938947052858e-01 -0.000000000000000000e+00 0.000000000000000000e+00 0.000000000000000000e+00 1.000000000000000000e+00
4.240000000000109653e-02 9.999999936944418133e-01 -1.122992255608082211e-04 0.000000000000000000e+00 1.122992255608082211e-04 9.999999936944418133e-01 -0.000000000000000000e+00 0.000000000000000000e+00 0.000000000000000000e+00 1.000000000000000000e+00
4.250000000000119654e-02 9.999999934901491194e-01 -1.141039069996674713e-04 0.000000000000000000e+00 1.141039069996674713e-04 9.999999934901491194e-01 -0.000000000000000000e+00 0.000000000000000000e+00 0.000000000000000000e+00 1.000000000000000000e+00
4.260000000000129655e-02 9.999999932819101378e-01 -1.159145355172386417e-04 0.000000000000000000e+00 1.159145355172386417e-04 9.999999932819101378e-01 -0.000000000000000000e+00 0.000000000000000000e+00 0.000000000000000000e+00 1.000000000000000000e+00
4.270000000000139656e-02 9.999999930697239803e-01 -1.177308447164108053e-04 0.000000000000000000e+00 1.177308447164108053e-04 9.999999930697239803e-01 -0.000000000000000000e+00 0.000000000000000000e+00 0.000000000000000000e+00 1.000000000000000000e+00
4.280000000000149657e-02 9.999999928535010518e-01 -1.195533250993431422e-04 0.000000000000000000e+00 1.195533250993431422e-04 9.999999928535010518e-01 -0.000000000000000000e+00 0.000000000000000000e+00 0.000000000000000000e+00 1.000000000000000000e+00
4.290000000000159658e-02 9.999999926330379596e-01 -1.213833744668321084e-04 0.000000000000000000e+00 1.213833744668321084e-04 9.999999926330379596e-01 -0.000000000000000000e+00 0.000000000000000000e+00 0.000000000000000000e+00 1.000000000000000000e+00
4.300000000000169659e-02 9.999999924079543412e-01 -1.232237436323069051e-04 0.000000000000000000e+00 1.232237436323069051e-04 9.999999924079543412e-01 -0.000000000000000000e+00 0.000000000000000000e+00 0.000000000000000000e+00 1.000000000000000000e+00
4.310000000000179660e-02 9.999999921769857636e-01 -1.250840846087528894e-04 0.000000000000000000e+00 1.250840846087528894e-04 9.999999921769857636e-01 -0.000000000000000000e+00 0.000000000000000000e+00 0.000000000000000000e+00 1.000000000000000000e+00
4.320000000000189661e-02 9.999999919363259382e-01 -1.269934953702444940e-04 0.000000000000000000e+00 1.269934953702444940e-04 9.999999919363259382e-01 -0.000000000000000000e+00 0.000000000000000000e+00 0.000000000000000000e+00 1.000000000000000000e+00
4.330000000000199661e-02 9.999999916824412471e-01 -1.289771967595180297e-04 0.000000000000000000e+00 1.289771967595180297e-04 9.999999916824412471e-01 -0.000000000000000000e+00 0.000000000000000000e+00 0.000000000000000000e+00 1.000000000000000000e+00
4.340000000000209662e-02 9.999999914124781952e-01 -1.310535893696552730e-04 0.000000000000000000e+00 1.310535893696552730e-04 9.999999914124781952e-01 -0.000000000000000000e+00 0.000000000000000000e+00 0.000000000000000000e+00 1.000000000000000000e+00
4.350000000000219663e-02 9.999999911239139117e-01 -1.332372759977828406e-04 0.000000000000000000e+00 1.332372759977828406e-04 9.999999911239139117e-01 -0.000000000000000000e+00 0.000000000000000000e+00 0.000000000000000000e+00 1.000000000000000000e+00
4.360000000000229664e-02 9.999999908151746553e-01 -1.355346827911682031e-04 0.000000000000000000e+00 1.355346827911682031e-04 9.999999908151746553e-01 -0.000000000000000000e+00 0.000000000000000000e+00 0.000000000000000000e+00 1.000000000000000000e+00
4.370000000000239665e-02 9.999999904857578281e-01 -1.379437722062366617e-04 0.000000000000000000e+00 1.379437722062366617e-04 9.999999904857578281e-01 -0.000000000000000000e+00 0.000000000000000000e+00 0.000000000000000000e+00 1.000000000000000000e+00
4.380000000000249666e-02 9.999999901359464261e-01 -1.404567792468783261e-04 0.000000000000000000e+00 1.404567792468783261e-04 9.999999901359464261e-01 -0.000000000000000000e+00 0.000000000000000000e+00 0.000000000000000000e+00 1.000000000000000000e+00
4.390000000000259667e-02 9.999999897664767490e-01 -1.430630848881545253e-04 0.000000000000000000e+00 1.430630848881545253e-04 9.999999897664767490e-01 -0.000000000000000000e+00 0.000000000000000000e+00 0.000000000000000000e+00 1.000000000000000000e+00
4.400000000000269668e-02 9.999999893775592952e-01 -1.457562386986674993e-04 0.000000000000000000e+00 1.457562386986674993e-04 9.999999893775592952e-01 -0.000000000000000000e+00 0.000000000000000000e+00 0.000000000000000000e+00 1.000000000000000000e+00
4.410000000000279669e-02 9.999999889651197682e-01 -1.485589446867939295e-04 0.000000000000000000e+00 1.485589446867939295e-04 9.999999889651197682e-01 -0.000000000000000000e+00 0.000000000000000000e+00 0.000000000000000000e+00 1.000000000000000000e+00
4.420000000000289669e-02 9.999999885238232133e-01 -1.515003408425165063e-04 0.000000000000000000e+00 1.515003408425165063e-04 9.999999885238232133e-01 -0.000000000000000000e+00 0.000000000000000000e+00 0.000000000000000000e+00 1.000000000000000000e+00
4.430000000000299670e-02 9.999999880446660550e-01 -1.546307454499236064e-04 0.000000000000000000e+00 1.546307454499236064e-04 9.999999880446660550e-01 -0.000000000000000000e+00 0.000000000000000000e+00 0.000000000000000000e+00 1.000000000000000000e+00
4.440000000000309671e-02 9.999999875166635244e-01 -1.580084574064289586e-04 0.000000000000000000e+00 1.580084574064289586e-04 9.999999875166635244e-01 -0.000000000000000000e+00 0.000000000000000000e+00 0.000000000000000000e+00 1.000000000000000000e+00
4.450000000000319672e-02 9.999999869307789613e-01 -1.616738740953768444e-04 0.000000000000000000e+00 1.616738740953768444e-04 9.999999869307789613e-01 -0.000000000000000000e+00 0.000000000000000000e+00 0.000000000000000000e+00 1.000000000000000000e+00
4.460000000000329673e-02 9.999999862785838856e-01 -1.656587815091531597e-04 0.000000000000000000e+00 1.656587815091531597e-04 9.999999862785838856e-01 -0.000000000000000000e+00 0.000000000000000000e+00 0.000000000000000000e+00 1.000000000000000000e+00
4.470000000000339674e-02 9.999999855517950342e-01 -1.699894393348821151e-04 0.000000000000000000e+00 1.699894393348821151e-04 9.999999855517950342e-01 -0.000000000000000000e+00 0.000000000000000000e+00 0.000000000000000000e+00 1.000000000000000000e+00
4.480000000000349675e-02 9.999999847422380572e-01 -1.746869294203186079e-04 0.000000000000000000e+00 1.746869294203186079e-04 9.999999847422380572e-01 -0.000000000000000000e+00 0.000000000000000000e+00 0.000000000000000000e+00 1.000000000000000000e+00
4.490000000000359676e-02 9.999999838397335417e-01 -1.797791209677157716e-04 0.000000000000000000e+00 1.797791209677157716e-04 9.999999838397335417e-01 -0.000000000000000000e+00 0.000000000000000000e+00 0.000000000000000000e+00 1.000000000000000000e+00
4.500000000000369677e-02 9.999999828297632121e-01 -1.853118262887120283e-04 0.000000000000000000e+00 1.853118262887120283e-04 9.999999828297632121e-01 -0.000000000000000000e+00 0.000000000000000000e+00 0.000000000000000000e+00 1.000000000000000000e+00
4.510000000000379677e-02 9.999999816930846830e-01 -1.913474067688397716e-04 0.000000000000000000e+00 1.913474067688397716e-04 9.999999816930846830e-01 -0.000000000000000000e+00 0.000000000000000000e+00 0.000000000000000000e+00 1.000000000000000000e+00
4.520000000000389678e-02 9.999999804060586417e-01 -1.979592935992322130e-04 0.000000000000000000e+00 1.979592935992322130e-04 9.999999804060586417e-01 -0.000000000000000000e+00 0.000000000000000000e+00 0.000000000000000000e+00 1.000000000000000000e+00
4.530000000000399679e-02 9.999999789439202313e-01 -2.052124721584215182e-04 0.000000000000000000e+00 2.052124721584215182e-04 9.999999789439202313e-01 -0.000000000000000000e+00 0.000000000000000000e+00 0.000000000000000000e+00 1.000000000000000000e+00
4.540000000000409680e-02 9.999999772824162969e-01 -2.131552640266399894e-04 0.000000000000000000e+00 2.131552640266399894e-04 9.999999772824162969e-01 -0.000000000000000000e+00 0.000000000000000000e+00 0.000000000000000000e+00 1.000000000000000000e+00
4.550000000000419681e-02 9.999999754140265207e-01 -2.217474824251854690e-04 0.000000000000000000e+00 2.217474824251854690e-04 9.999999754140265207e-01 -0.000000000000000000e+00 0.000000000000000000e+00 0.000000000000000000e+00 1.000000000000000000e+00
4.560000000000429682e-02 9.999999733264059998e-01 -2.309700998377994786e-04 0.000000000000000000e+00 2.309700998377994786e-04 9.999999733264059998e-01 -0.000000000000000000e+00 0.000000000000000000e+00 0.000000000000000000e+00 1.000000000000000000e+00
4.570000000000439683e-02 9.999999709998822484e-01 -2.408323783678947014e-04 0.000000000000000000e+00 2.408323783678947014e-04 9.999999709998822484e-01 -0.000000000000000000e+00 0.000000000000000000e+00 0.000000000000000000e+00 1.000000000000000000e+00
4.580000000000449684e-02 9.999999684020591806e-01 -2.513879080953064136e-04 0.000000000000000000e+00 2.513879080953064136e-04 9.999999684020591806e-01 -0.000000000000000000e+00 0.000000000000000000e+00 0.000000000000000000e+00 1.000000000000000000e+00
4.590000000000459685e-02 9.999999655151776690e-01 -2.626207214315203473e-04 0.000000000000000000e+00 2.626207214315203473e-04 9.999999655151776690e-01 -0.000000000000000000e+00 0.000000000000000000e+00 0.000000000000000000e+00 1.000000000000000000e+00
4.600000000000469685e-02 9.999999623033218876e-01 -2.745785038248487971e-04 0.000000000000000000e+00 2.745785038248487971e-04 9.999999623033218876e-01 -0.000000000000000000e+00 0.000000000000000000e+00 0.000000000000000000e+00 1.000000000000000000e+00
4.610000000000479686e-02 9.999999587546365420e-01 -2.872119860259852520e-04 0.000000000000000000e+00 2.872119860259852520e-04 9.999999587546365420e-01 -0.000000000000000000e+00 0.000000000000000000e+00 0.000000000000000000e+00 1.000000000000000000e+00
4.620000000000489687e-02 9.999999548833637952e-01 -3.003885323391239652e-04 0.000000000000000000e+00 3.003885323391239652e-04 9.999999548833637952e-01 -0.000000000000000000e+00 0.000000000000000000e+00 0.000000000000000000e+00 1.000000000000000000e+00
4.630000000000499688e-02 9.999999507023001888e-01 -3.139990397599776726e-04 0.000000000000000000e+00 3.139990397599776726e-04 9.999999507023001888e-01 -0.000000000000000000e+00 0.000000000000000000e+00 0.000000000000000000e+00 1.000000000000000000e+00
4.640000000000509689e-02 9.999999462897949387e-01 -3.277505258842573353e-04 0.000000000000000000e+00 3.277505258842573353e-04 9.999999462897949387e-01 -0.000000000000000000e+00 0.000000000000000000e+00 0.000000000000000000e+00 1.000000000000000000e+00
4.650000000000519690e-02 9.999999418107126115e-01 -3.411430364747559648e-04 0.000000000000000000e+00 3.411430364747559648e-04 9.999999418107126115e-01 -0.000000000000000000e+00 0.000000000000000000e+00 0.000000000000000000e+00 1.000000000000000000e+00
4.660000000000529691e-02 9.999999375825457948e-01 -3.533198328769786441e-04 0.000000000000000000e+00 3.533198328769786441e-04 9.999999375825457948e-01 -0.000000000000000000e+00 0.000000000000000000e+00 0.000000000000000000e+00 1.000000000000000000e+00
4.670000000000539692e-02 9.999999336932711147e-01 -3.641613009798821293e-04 0.000000000000000000e+00 3.641613009798821293e-04 9.999999336932711147e-01 -0.000000000000000000e+00 0.000000000000000000e+00 0.000000000000000000e+00 1.000000000000000000e+00
4.680000000000549693e-02 9.999999301983640843e-01 -3.736352053938064377e-04 0.000000000000000000e+00 3.736352053938064377e-04 9.999999301983640843e-01 -0.000000000000000000e+00 0.000000000000000000e+00 0.000000000000000000e+00 1.000000000000000000e+00
4.690000000000559693e-02 9.999999271450046301e-01 -3.817197732827629455e-04 0.000000000000000000e+00 3.817197732827629455e-04 9.999999271450046301e-01 -0.000000000000000000e+00 0.000000000000000000e+00 0.000000000000000000e+00 1.000000000000000000e+00
4.700000000000569694e-02 9.999999246201426439e-01 -3.882778757145870772e-04 0.000000000000000000e+00 3.882778757145870772e-04 9.999999246201426439e-01 -0.000000000000000000e+00 0.000000000000000000e+00 0.000000000000000000e+00 1.000000000000000000e+00
4.710000000000579695e-02 9.999999226542978237e-01 -3.933082738256136958e-04 0.000000000000000000e+00 3.933082738256136958e-04 9.999999226542978237e-01 -0.000000000000000000e+00 0.000000000000000000e+00 0.000000000000000000e+00 1.000000000000000000e+00
4.720000000000589696e-02 9.999999212054070385e-01 -3.969750363296776965e-04 0.000000000000000000e+00 3.969750363296776965e-04 9.999999212054070385e-01 -0.000000000000000000e+00 0.000000000000000000e+00 0.000000000000000000e+00 1.000000000000000000e+00
4.730000000000599697e-02 9.999999202124977282e-01 -3.994683941147560125e-04 0.000000000000000000e+00 3.994683941147560125e-04 9.999999202124977282e-01 -0.000000000000000000e+00 0.000000000000000000e+00 0.000000000000000000e+00 1.000000000000000000e+00
4.740000000000609698e-02 9.999999196081974517e-01 -4.009783016323752408e-04 0.000000000000000000e+00 4.009783016323752408e-04 9.999999196081974517e-01 -0.000000000000000000e+00 0.000000000000000000e+00 0.000000000000000000e+00 1.000000000000000000e+00
4.750000000000619699e-02 9.999999192924428071e-01 -4.017649906562656631e-04 0.000000000000000000e+00 4.017649906562656631e-04 9.999999192924428071e-01 -0.000000000000000000e+00 0.000000000000000000e+00 0.000000000000000000e+00 1.000000000000000000e+00
4.760000000000629700e-02 9.999999191972956947e-01 -4.020017438694180236e-04 0.000000000000000000e+00 4.020017438694180236e-04 9.999999191972956947e-01 -0.000000000000000000e+00 0.000000000000000000e+00 0.000000000000000000e+00 1.000000000000000000e+00
4.770000000000639701e-02 9.999999192518778113e-01 -4.018659449544019469e-04 0.000000000000000000e+00 4.018659449544019469e-04 9.999999192518778113e-01 -0.000000000000000000e+00 0.000000000000000000e+00 0.000000000000000000e+00 1.000000000000000000e+00
4.780000000000649701e-02 9.999999193859715474e-01 -4.015321283383679451e-04 0.000000000000000000e+00 4.015321283383679451e-04 9.999999193859715474e-01 -0.000000000000000000e+00 0.000000000000000000e+00 0.000000000000000000e+00 1.000000000000000000e+00
4.790000000000659702e-02 9.999999195349762449e-01 -4.011608667715935877e-04 0.000000000000000000e+00 4.011608667715935877e-04 9.999999195349762449e-01 -0.000000000000000000e+00 0.000000000000000000e+00 0.000000000000000000e+00 1.000000000000000000e+00
4.800000000000669703e-02 9.999999196688535985e-01 -4.008270025662836415e-04 0.000000000000000000e+00 4.008270025662836415e-04 9.999999196688535985e-01 -0.000000000000000000e+00 0.000000000000000000e+00 0.000000000000000000e+00 1.000000000000000000e+00
4.810000000000679704e-02 9.999999197344686674e-01 -4.006632700618711906e-04 0.000000000000000000e+00 4.006632700618711906e-04 9.999999197344686674e-01 -0.000000000000000000e+00 0.000000000000000000e+00 0.000000000000000000e+00 1.000000000000000000e+00
4.820000000000689705e-02 9.999999197132256601e-01 -4.007162862575930047e-04 0.000000000000000000e+00 4.007162862575930047e-04 9.999999197132256601e-01 -0.000000000000000000e+00 0.000000000000000000e+00 0.000000000000000000e+00 1.000000000000000000e+00
4.830000000000699706e-02 9.999999195917491646e-01 -4.010193199614966596e-04 0.000000000000000000e+00 4.010193199614966596e-04 9.999999195917491646e-01 -0.000000000000000000e+00 0.000000000000000000e+00 0.000000000000000000e+00 1.000000000000000000e+00
4.840000000000709707e-02 9.999999193362282268e-01 -4.016559931719194368e-04 0.000000000000000000e+00 4.016559931719194368e-04 9.999999193362282268e-01 -0.000000000000000000e+00 0.000000000000000000e+00 0.000000000000000000e+00 1.000000000000000000e+00
4.850000000000719708e-02 9.999999189162516178e-01 -4.027002481739516888e-04 0.000000000000000000e+00 4.027002481739516888e-04 9.999999189162516178e-01 -0.000000000000000000e+00 0.000000000000000000e+00 0.000000000000000000e+00 1.000000000000000000e+00
4.860000000000729709e-02 9.999999182893045679e-01 -4.042541081302178287e-04 0.000000000000000000e+00 4.042541081302178287e-04 9.999999182893045679e-01 -0.000000000000000000e+00 0.000000000000000000e+00 0.000000000000000000e+00 1.000000000000000000e+00
4.870000000000739709e-02 9.999999173954788878e-01 -4.064591430212366376e-04 0.000000000000000000e+00 4.064591430212366376e-04 9.999999173954788878e-01 -0.000000000000000000e+00 0.000000000000000000e+00 0.000000000000000000e+00 1.000000000000000000e+00
4.880000000000749710e-02 9.999999162048768264e-01 -4.093778681098194294e-04 0.000000000000000000e+00 4.093778681098194294e-04 9.999999162048768264e-01 -0.000000000000000000e+00 0.000000000000000000e+00 0.000000000000000000e+00 1.000000000000000000e+00
4.890000000000759711e-02 9.999999147272041755e-01 -4.129716505933956044e-04 0.000000000000000000e+00 4.129716505933956044e-04 9.999999147272041755e-01 -0.000000000000000000e+00 0.000000000000000000e+00 0.000000000000000000e+00 1.000000000000000000e+00
4.900000000000769712e-02 9.999999130283034887e-01 -4.170652047958128415e-04 0.000000000000000000e+00 4.170652047958128415e-04 9.999999130283034887e-01 -0.000000000000000000e+00 0.000000000000000000e+00 0.000000000000000000e+00 1.000000000000000000e+00
4.910000000000779713e-02 9.999999111760993209e-01 -4.214828505382689256e-04 0.000000000000000000e+00 4.214828505382689256e-04 9.999999111760993209e-01 -0.000000000000000000e+00 0.000000000000000000e+00 0.000000000000000000e+00 1.000000000000000000e+00
4.920000000000789714e-02 9.999999092288380798e-01 -4.260778277601143249e-04 0.000000000000000000e+00 4.260778277601143249e-04 9.999999092288380798e-01 -0.000000000000000000e+00 0.000000000000000000e+00 0.000000000000000000e+00 1.000000000000000000e+00
4.930000000000799715e-02 9.999999072417993240e-01 -4.307161391600049585e-04 0.000000000000000000e+00 4.307161391600049585e-04 9.999999072417993240e-01 -0.000000000000000000e+00 0.000000000000000000e+00 0.000000000000000000e+00 1.000000000000000000e+00
4.940000000000809716e-02 9.999999052640500263e-01 -4.352836900588946960e-04 0.000000000000000000e+00 4.352836900588946960e-04 9.999999052640500263e-01 -0.000000000000000000e+00 0.000000000000000000e+00 0.000000000000000000e+00 1.000000000000000000e+00
4.950000000000819717e-02 9.999999033228080814e-01 -4.397207912606568747e-04 0.000000000000000000e+00 4.397207912606568747e-04 9.999999033228080814e-01 -0.000000000000000000e+00 0.000000000000000000e+00 0.000000000000000000e+00 1.000000000000000000e+00
4.960000000000829717e-02 9.999999014622590332e-01 -4.439318326270070571e-04 0.000000000000000000e+00 4.439318326270070571e-04 9.999999014622590332e-01 -0.000000000000000000e+00 0.000000000000000000e+00 0.000000000000000000e+00 1.000000000000000000e+00
4.970000000000839718e-02 9.999998996902335069e-01 -4.479057074480939909e-04 0.000000000000000000e+00 4.479057074480939909e-04 9.999998996902335069e-01 -0.000000000000000000e+00 0.000000000000000000e+00 0.000000000000000000e+00 1.000000000000000000e+00
4.980000000000849719e-02 9.999998980033261153e-01 -4.516562157079611912e-04 0.000000000000000000e+00 4.516562157079611912e-04 9.999998980033261153e-01 -0.000000000000000000e+00 0.000000000000000000e+00 0.000000000000000000e+00 1.000000000000000000e+00
4.990000000000859720e-02 9.999998964084660935e-01 -4.551736558641078837e-04 0.000000000000000000e+00 4.551736558641078837e-04 9.999998964084660935e-01 -0.000000000000000000e+00 0.000000000000000000e+00 0.000000000000000000e+00 1.000000000000000000e+00
5.000000000000000278e-02 9.999998949232202783e-01 -4.584250736717051188e-04 0.000000000000000000e+00 4.584250736717051188e-04 9.999998949232202783e-01 -0.000000000000000000e+00 0.000000000000000000e+00 0.000000000000000000e+00 1.000000000000000000e+00
