time R11 R12 R13 R21 R22 R23 R31 R32 R33
0.000000000000000000e+00 1.000000000000000000e+00 -0.000000000000000000e+00 0.000000000000000000e+00 0.000000000000000000e+00 1.000000000000000000e+00 -0.000000000000000000e+00 0.000000000000000000e+00 0.000000000000000000e+00 1.000000000000000000e+00
9.999999999999990992e-05 9.999999999999992228e-01 -3.564939745140514719e-08 0.000000000000000000e+00 3.564939745140514719e-08 9.999999999999992228e-01 -0.000000000000000000e+00 0.000000000000000000e+00 0.000000000000000000e+00 1.000000000000000000e+00
1.999999999999996301e-04 9.999999999999708011e-01 -2.410035418637550001e-07 0.000000000000000000e+00 2.410035418637550001e-07 9.999999999999708011e-01 -0.000000000000000000e+00 0.000000000000000000e+00 0.000000000000000000e+00 1.000000000000000000e+00
2.999999999999993774e-04 9.999999999997518652e-01 -7.042605988216607965e-07 0.000000000000000000e+00 7.042605988216607965e-07 9.999999999997518652e-01 -0.000000000000000000e+00 0.000000000000000000e+00 0.000000000000000000e+00 1.000000000000000000e+00
3.999999999999990976e-04 9.999999999989240829e-01 -1.466831936831384538e-06 0.000000000000000000e+00 1.466831936831384538e-06 9.999999999989240829e-01 -0.000000000000000000e+00 0.000000000000000000e+00 0.000000000000000000e+00 1.000000000000000000e+00
4.999999999999991430e-04 9.999999999967568165e-01 -2.546808905890993029e-06 0.000000000000000000e+00 2.546808905890993029e-06 9.999999999967568165e-01 -0.000000000000000000e+00 0.000000000000000000e+00 0.000000000000000000e+00 1.000000000000000000e+00
6.000000000000015737e-04 9.999999999921954652e-01 -3.950783127250337866e-06 0.000000000000000000e+00 3.950783127250337866e-06 9.999999999921954652e-01 -0.000000000000000000e+00 0.000000000000000000e+00 0.000000000000000000e+00 1.000000000000000000e+00
7.000000000000040044e-04 9.999999999838699027e-01 -5.679788361288556011e-06 0.000000000000000000e+00 5.679788361288556011e-06 9.999999999838699027e-01 -0.000000000000000000e+00 0.000000000000000000e+00 0.000000000000000000e+00 1.000000000000000000e+00
8.000000000000064351e-04 9.999999999701059128e-01 -7.732276522306280153e-06 0.000000000000000000e+00 7.732276522306280153e-06 9.999999999701059128e-01 -0.000000000000000000e+00 0.000000000000000000e+00 0.000000000000000000e+00 1.000000000000000000e+00
9.000000000000088658e-04 9.999999999542577012e-01 -9.564743353208338887e-06 0.000000000000000000e+00 9.564743353208338887e-06 9.999999999542577012e-01 -0.000000000000000000e+00 0.000000000000000000e+00 0.000000000000000000e+00 1.000000000000000000e+00
1.000000000000011297e-03 9.999999999769231263e-01 -6.793628685406085628e-06 0.000000000000000000e+00 6.793628685406085628e-06 9.999999999769231263e-01 -0.000000000000000000e+00 0.000000000000000000e+00 0.000000000000000000e+00 1.000000000000000000e+00
1.100000000000013727e-03 9.999999999998661071e-01 -5.172708366341896488e-07 0.000000000000000000e+00 5.172708366341896488e-07 9.999999999998661071e-01 -0.000000000000000000e+00 0.000000000000000000e+00 0.000000000000000000e+00 1.000000000000000000e+00
1.200000000000016158e-03 9.999999999820622376e-01 5.989595506841451645e-06 0.000000000000000000e+00 -5.989595506841451645e-06 9.999999999820622376e-01 -0.000000000000000000e+00 -0.000000000000000000e+00 0.000000000000000000e+00 1.000000000000000000e+00
1.300000000000018589e-03 9.999999999103571513e-01 1.338974555444324024e-05 0.000000000000000000e+00 -1.338974555444324024e-05 9.999999999103571513e-01 -0.000000000000000000e+00 -0.000000000000000000e+00 0.000000000000000000e+00 1.000000000000000000e+00
1.400000000000021019e-03 9.999999997991538825e-01 2.004225861491669501e-05 0.000000000000000000e+00 -2.004225861491669501e-05 9.999999997991538825e-01 -0.000000000000000000e+00 -0.000000000000000000e+00 0.000000000000000000e+00 1.000000000000000000e+00
1.500000000000023450e-03 9.999999996954858084e-01 2.467849412305428474e-05 0.000000000000000000e+00 -2.467849412305428474e-05 9.999999996954858084e-01 -0.000000000000000000e+00 -0.000000000000000000e+00 0.000000000000000000e+00 1.000000000000000000e+00
1.600000000000025881e-03 9.999999996271347058e-01 2.730806313814681730e-05 0.000000000000000000e+00 -2.730806313814681730e-05 9.999999996271347058e-01 -0.000000000000000000e+00 -0.000000000000000000e+00 0.000000000000000000e+00 1.000000000000000000e+00
1.700000000000028311e-03 9.999999995958215315e-01 2.843161326157659096e-05 0.000000000000000000e+00 -2.843161326157659096e-05 9.999999995958215315e-01 -0.000000000000000000e+00 -0.000000000000000000e+00 0.000000000000000000e+00 1.000000000000000000e+00
1.800000000000030742e-03 9.999999995968426036e-01 2.839568123976542313e-05 0.000000000000000000e+00 -2.839568123976542313e-05 9.999999995968426036e-01 -0.000000000000000000e+00 -0.000000000000000000e+00 0.000000000000000000e+00 1.000000000000000000e+00
1.900000000000033173e-03 9.999999996258065460e-01 2.735665683776838697e-05 0.000000000000000000e+00 -2.735665683776838697e-05 9.999999996258065460e-01 -0.000000000000000000e+00 -0.000000000000000000e+00 0.000000000000000000e+00 1.000000000000000000e+00
2.000000000000030399e-03 9.999999996784920686e-01 2.535775009028140608e-05 0.000000000000000000e+00 -2.535775009028140608e-05 9.999999996784920686e-01 -0.000000000000000000e+00 -0.000000000000000000e+00 0.000000000000000000e+00 1.000000000000000000e+00
2.100000000000021988e-03 9.999999997472185376e-01 2.248471889416232220e-05 0.000000000000000000e+00 -2.248471889416232220e-05 9.999999997472185376e-01 -0.000000000000000000e+00 -0.000000000000000000e+00 0.000000000000000000e+00 1.000000000000000000e+00
2.200000000000013577e-03 9.999999998235399312e-01 1.878616328498744563e-05 0.000000000000000000e+00 -1.878616328498744563e-05 9.999999998235399312e-01 -0.000000000000000000e+00 -0.000000000000000000e+00 0.000000000000000000e+00 1.000000000000000000e+00
2.300000000000005165e-03 9.999999998986152105e-01 1.423971432860478036e-05 0.000000000000000000e+00 -1.423971432860478036e-05 9.999999998986152105e-01 -0.000000000000000000e+00 -0.000000000000000000e+00 0.000000000000000000e+00 1.000000000000000000e+00
2.399999999999996754e-03 9.999999999603658152e-01 8.903262261634514241e-06 0.000000000000000000e+00 -8.903262261634514241e-06 9.999999999603658152e-01 -0.000000000000000000e+00 -0.000000000000000000e+00 0.000000000000000000e+00 1.000000000000000000e+00
2.499999999999988343e-03 9.999999999962506658e-01 2.738323503570758673e-06 0.000000000000000000e+00 -2.738323503570758673e-06 9.999999999962506658e-01 -0.000000000000000000e+00 -0.000000000000000000e+00 0.000000000000000000e+00 1.000000000000000000e+00
2.599999999999979931e-03 9.999999999886273194e-01 -4.769192426275250408e-06 0.000000000000000000e+00 4.769192426275250408e-06 9.999999999886273194e-01 -0.000000000000000000e+00 0.000000000000000000e+00 0.000000000000000000e+00 1.000000000000000000e+00
2.699999999999971520e-03 9.999999999037594289e-01 -1.387375846193545814e-05 0.000000000000000000e+00 1.387375846193545814e-05 9.999999999037594289e-01 -0.000000000000000000e+00 0.000000000000000000e+00 0.000000000000000000e+00 1.000000000000000000e+00
2.799999999999963109e-03 9.999999996929608281e-01 -2.478059884667117177e-05 0.000000000000000000e+00 2.478059884667117177e-05 9.999999996929608281e-01 -0.000000000000000000e+00 0.000000000000000000e+00 0.000000000000000000e+00 1.000000000000000000e+00
2.899999999999954697e-03 9.999999993029228262e-01 -3.733837600075096840e-05 0.000000000000000000e+00 3.733837600075096840e-05 9.999999993029228262e-01 -0.000000000000000000e+00 0.000000000000000000e+00 0.000000000000000000e+00 1.000000000000000000e+00
2.999999999999946286e-03 9.999999986896173088e-01 -5.119340795736752262e-05 0.000000000000000000e+00 5.119340795736752262e-05 9.999999986896173088e-01 -0.000000000000000000e+00 0.000000000000000000e+00 0.000000000000000000e+00 1.000000000000000000e+00
3.099999999999937875e-03 9.999999978708306037e-01 -6.525594603320657714e-05 0.000000000000000000e+00 6.525594603320657714e-05 9.999999978708306037e-01 -0.000000000000000000e+00 0.000000000000000000e+00 0.000000000000000000e+00 1.000000000000000000e+00
3.199999999999929463e-03 9.999999969536618183e-01 -7.805559757949867203e-05 0.000000000000000000e+00 7.805559757949867203e-05 9.999999969536618183e-01 -0.000000000000000000e+00 0.000000000000000000e+00 0.000000000000000000e+00 1.000000000000000000e+00
3.299999999999921052e-03 9.999999961745421606e-01 -8.746951040216597889e-05 0.000000000000000000e+00 8.746951040216597889e-05 9.999999961745421606e-01 -0.000000000000000000e+00 0.000000000000000000e+00 0.000000000000000000e+00 1.000000000000000000e+00
3.399999999999912641e-03 9.999999955592000500e-01 -9.424223875712272518e-05 0.000000000000000000e+00 9.424223875712272518e-05 9.999999955592000500e-01 -0.000000000000000000e+00 0.000000000000000000e+00 0.000000000000000000e+00 1.000000000000000000e+00
3.499999999999904229e-03 9.999999950674427485e-01 -9.932328112027031619e-05 0.000000000000000000e+00 9.932328112027031619e-05 9.999999950674427485e-01 -0.000000000000000000e+00 0.000000000000000000e+00 0.000000000000000000e+00 1.000000000000000000e+00
3.599999999999895818e-03 9.999999946620398150e-01 -1.033243442693165885e-04 0.000000000000000000e+00 1.033243442693165885e-04 9.999999946620398150e-01 -0.000000000000000000e+00 0.000000000000000000e+00 0.000000000000000000e+00 1.000000000000000000e+00
3.699999999999887407e-03 9.999999943120776447e-01 -1.066576038960520805e-04 0.000000000000000000e+00 1.066576038960520805e-04 9.999999943120776447e-01 -0.000000000000000000e+00 0.000000000000000000e+00 0.000000000000000000e+00 1.000000000000000000e+00
3.799999999999878995e-03 9.999999939911652369e-01 -1.096251310471961201e-04 0.000000000000000000e+00 1.096251310471961201e-04 9.999999939911652369e-01 -0.000000000000000000e+00 0.000000000000000000e+00 0.000000000000000000e+00 1.000000000000000000e+00
3.899999999999870584e-03 9.999999937191580424e-01 -1.120789174081841219e-04 0.000000000000000000e+00 1.120789174081841219e-04 9.999999937191580424e-01 -0.000000000000000000e+00 0.000000000000000000e+00 0.000000000000000000e+00 1.000000000000000000e+00
3.999999999999882122e-03 9.999999935023935471e-01 -1.139965466305128109e-04 0.000000000000000000e+00 1.139965466305128109e-04 9.999999935023935471e-01 -0.000000000000000000e+00 0.000000000000000000e+00 0.000000000000000000e+00 1.000000000000000000e+00
4.099999999999895395e-03 9.999999933293050036e-01 -1.155049335586335121e-04 0.000000000000000000e+00 1.155049335586335121e-04 9.999999933293050036e-01 -0.000000000000000000e+00 0.000000000000000000e+00 0.000000000000000000e+00 1.000000000000000000e+00
4.199999999999908668e-03 9.999999931893289729e-01 -1.167105042365575499e-04 0.000000000000000000e+00 1.167105042365575499e-04 9.999999931893289729e-01 -0.000000000000000000e+00 0.000000000000000000e+00 0.000000000000000000e+00 1.000000000000000000e+00
4.299999999999921940e-03 9.999999931181917656e-01 -1.173184395848455517e-04 0.000000000000000000e+00 1.173184395848455517e-04 9.999999931181917656e-01 -0.000000000000000000e+00 0.000000000000000000e+00 0.000000000000000000e+00 1.000000000000000000e+00
4.399999999999935213e-03 9.999999931393021013e-01 -1.171383604652561570e-04 0.000000000000000000e+00 1.171383604652561570e-04 9.999999931393021013e-01 -0.000000000000000000e+00 0.000000000000000000e+00 0.000000000000000000e+00 1.000000000000000000e+00
4.499999999999948486e-03 9.999999932463305985e-01 -1.162210758638667946e-04 0.000000000000000000e+00 1.162210758638667946e-04 9.999999932463305985e-01 -0.000000000000000000e+00 0.000000000000000000e+00 0.000000000000000000e+00 1.000000000000000000e+00
4.599999999999961758e-03 9.999999934344850905e-01 -1.145907035134182284e-04 0.000000000000000000e+00 1.145907035134182284e-04 9.999999934344850905e-01 -0.000000000000000000e+00 0.000000000000000000e+00 0.000000000000000000e+00 1.000000000000000000e+00
4.699999999999975031e-03 9.999999937119325999e-01 -1.121433666315749939e-04 0.000000000000000000e+00 1.121433666315749939e-04 9.999999937119325999e-01 -0.000000000000000000e+00 0.000000000000000000e+00 0.000000000000000000e+00 1.000000000000000000e+00
4.799999999999988304e-03 9.999999940334766135e-01 -1.092384844301317779e-04 0.000000000000000000e+00 1.092384844301317779e-04 9.999999940334766135e-01 -0.000000000000000000e+00 0.000000000000000000e+00 0.000000000000000000e+00 1.000000000000000000e+00
4.900000000000001577e-03 9.999999943636225241e-01 -1.061732300308533485e-04 0.000000000000000000e+00 1.061732300308533485e-04 9.999999943636225241e-01 -0.000000000000000000e+00 0.000000000000000000e+00 0.000000000000000000e+00 1.000000000000000000e+00
5.000000000000014849e-03 9.999999946742058610e-01 -1.032065311964568442e-04 0.000000000000000000e+00 1.032065311964568442e-04 9.999999946742058610e-01 -0.000000000000000000e+00 0.000000000000000000e+00 0.000000000000000000e+00 1.000000000000000000e+00
5.100000000000028122e-03 9.999999949690303591e-01 -1.003092163750136549e-04 0.000000000000000000e+00 1.003092163750136549e-04 9.999999949690303591e-01 -0.000000000000000000e+00 0.000000000000000000e+00 0.000000000000000000e+00 1.000000000000000000e+00
5.200000000000041395e-03 9.999999953382223694e-01 -9.655855752952582146e-05 0.000000000000000000e+00 9.655855752952582146e-05 9.999999953382223694e-01 -0.000000000000000000e+00 0.000000000000000000e+00 0.000000000000000000e+00 1.000000000000000000e+00
5.300000000000054667e-03 9.999999957196031852e-01 -9.252455615878801983e-05 0.000000000000000000e+00 9.252455615878801983e-05 9.999999957196031852e-01 -0.000000000000000000e+00 0.000000000000000000e+00 0.000000000000000000e+00 1.000000000000000000e+00
5.400000000000067940e-03 9.999999959553501627e-01 -8.994053200571245602e-05 0.000000000000000000e+00 8.994053200571245602e-05 9.999999959553501627e-01 -0.000000000000000000e+00 0.000000000000000000e+00 0.000000000000000000e+00 1.000000000000000000e+00
5.500000000000081213e-03 9.999999960549876832e-01 -8.882580827786914590e-05 0.000000000000000000e+00 8.882580827786914590e-05 9.999999960549876832e-01 -0.000000000000000000e+00 0.000000000000000000e+00 0.000000000000000000e+00 1.000000000000000000e+00
5.600000000000094486e-03 9.999999960532489629e-01 -8.884538293833064309e-05 0.000000000000000000e+00 8.884538293833064309e-05 9.999999960532489629e-01 -0.000000000000000000e+00 0.000000000000000000e+00 0.000000000000000000e+00 1.000000000000000000e+00
5.700000000000107758e-03 9.999999959588460330e-01 -8.990165536039560932e-05 0.000000000000000000e+00 8.990165536039560932e-05 9.999999959588460330e-01 -0.000000000000000000e+00 0.000000000000000000e+00 0.000000000000000000e+00 1.000000000000000000e+00
5.800000000000121031e-03 9.999999957844950549e-01 -9.182052830036632914e-05 0.000000000000000000e+00 9.182052830036632914e-05 9.999999957844950549e-01 -0.000000000000000000e+00 0.000000000000000000e+00 0.000000000000000000e+00 1.000000000000000000e+00
5.900000000000134304e-03 9.999999955129506013e-01 -9.473171984888357025e-05 0.000000000000000000e+00 9.473171984888357025e-05 9.999999955129506013e-01 -0.000000000000000000e+00 0.000000000000000000e+00 0.000000000000000000e+00 1.000000000000000000e+00
6.000000000000147576e-03 9.999999951381453034e-01 -9.860886917530294060e-05 0.000000000000000000e+00 9.860886917530294060e-05 9.999999951381453034e-01 -0.000000000000000000e+00 0.000000000000000000e+00 0.000000000000000000e+00 1.000000000000000000e+00
6.100000000000160849e-03 9.999999946596479505e-01 -1.033474908685827855e-04 0.000000000000000000e+00 1.033474908685827855e-04 9.999999946596479505e-01 -0.000000000000000000e+00 0.000000000000000000e+00 0.000000000000000000e+00 1.000000000000000000e+00
6.200000000000174122e-03 9.999999940937783771e-01 -1.086850638303576733e-04 0.000000000000000000e+00 1.086850638303576733e-04 9.999999940937783771e-01 -0.000000000000000000e+00 0.000000000000000000e+00 0.000000000000000000e+00 1.000000000000000000e+00
6.300000000000187395e-03 9.999999934671202073e-01 -1.143055525050663265e-04 0.000000000000000000e+00 1.143055525050663265e-04 9.999999934671202073e-01 -0.000000000000000000e+00 0.000000000000000000e+00 0.000000000000000000e+00 1.000000000000000000e+00
6.400000000000200667e-03 9.999999927749284589e-01 -1.202087468090581011e-04 0.000000000000000000e+00 1.202087468090581011e-04 9.999999927749284589e-01 -0.000000000000000000e+00 0.000000000000000000e+00 0.000000000000000000e+00 1.000000000000000000e+00
6.500000000000213940e-03 9.999999920493746197e-01 -1.261001602592099304e-04 0.000000000000000000e+00 1.261001602592099304e-04 9.999999920493746197e-01 -0.000000000000000000e+00 0.000000000000000000e+00 0.000000000000000000e+00 1.000000000000000000e+00
6.600000000000227213e-03 9.999999914068908868e-01 -1.310962162098837434e-04 0.000000000000000000e+00 1.310962162098837434e-04 9.999999914068908868e-01 -0.000000000000000000e+00 0.000000000000000000e+00 0.000000000000000000e+00 1.000000000000000000e+00
6.700000000000240485e-03 9.999999909513488383e-01 -1.345262126240328476e-04 0.000000000000000000e+00 1.345262126240328476e-04 9.999999909513488383e-01 -0.000000000000000000e+00 0.000000000000000000e+00 0.000000000000000000e+00 1.000000000000000000e+00
6.800000000000253758e-03 9.999999906739637234e-01 -1.365725899890198308e-04 0.000000000000000000e+00 1.365725899890198308e-04 9.999999906739637234e-01 -0.000000000000000000e+00 0.000000000000000000e+00 0.000000000000000000e+00 1.000000000000000000e+00
6.900000000000267031e-03 9.999999905108560849e-01 -1.377617054792302077e-04 0.000000000000000000e+00 1.377617054792302077e-04 9.999999905108560849e-01 -0.000000000000000000e+00 0.000000000000000000e+00 0.000000000000000000e+00 1.000000000000000000e+00
7.000000000000280304e-03 9.999999904084139191e-01 -1.385033277522319827e-04 0.000000000000000000e+00 1.385033277522319827e-04 9.999999904084139191e-01 -0.000000000000000000e+00 0.000000000000000000e+00 0.000000000000000000e+00 1.000000000000000000e+00
7.100000000000293576e-03 9.999999903403615775e-01 -1.389937999726994545e-04 0.000000000000000000e+00 1.389937999726994545e-04 9.999999903403615775e-01 -0.000000000000000000e+00 0.000000000000000000e+00 0.000000000000000000e+00 1.000000000000000000e+00
7.200000000000306849e-03 9.999999903006931978e-01 -1.392789054194850502e-04 0.000000000000000000e+00 1.392789054194850502e-04 9.999999903006931978e-01 -0.000000000000000000e+00 0.000000000000000000e+00 0.000000000000000000e+00 1.000000000000000000e+00
7.300000000000320122e-03 9.999999902940639451e-01 -1.393264941271179938e-04 0.000000000000000000e+00 1.393264941271179938e-04 9.999999902940639451e-01 -0.000000000000000000e+00 0.000000000000000000e+00 0.000000000000000000e+00 1.000000000000000000e+00
7.400000000000333394e-03 9.999999903274593427e-01 -1.390865956434256040e-04 0.000000000000000000e+00 1.390865956434256040e-04 9.999999903274593427e-01 -0.000000000000000000e+00 0.000000000000000000e+00 0.000000000000000000e+00 1.000000000000000000e+00
7.500000000000346667e-03 9.999999904022898178e-01 -1.385475370144202776e-04 0.000000000000000000e+00 1.385475370144202776e-04 9.999999904022898178e-01 -0.000000000000000000e+00 0.000000000000000000e+00 0.000000000000000000e+00 1.000000000000000000e+00
7.600000000000359940e-03 9.999999905142380463e-01 -1.377371530853284843e-04 0.000000000000000000e+00 1.377371530853284843e-04 9.999999905142380463e-01 -0.000000000000000000e+00 0.000000000000000000e+00 0.000000000000000000e+00 1.000000000000000000e+00
7.700000000000373213e-03 9.999999906758400003e-01 -1.365588504121575801e-04 0.000000000000000000e+00 1.365588504121575801e-04 9.999999906758400003e-01 -0.000000000000000000e+00 0.000000000000000000e+00 0.000000000000000000e+00 1.000000000000000000e+00
7.800000000000386485e-03 9.999999908736713072e-01 -1.351023948764994544e-04 0.000000000000000000e+00 1.351023948764994544e-04 9.999999908736713072e-01 -0.000000000000000000e+00 0.000000000000000000e+00 0.000000000000000000e+00 1.000000000000000000e+00
7.900000000000399758e-03 9.999999910742738418e-01 -1.336093263969342752e-04 0.000000000000000000e+00 1.336093263969342752e-04 9.999999910742738418e-01 -0.000000000000000000e+00 0.000000000000000000e+00 0.000000000000000000e+00 1.000000000000000000e+00
8.000000000000413031e-03 9.999999912747440378e-01 -1.321003844503828369e-04 0.000000000000000000e+00 1.321003844503828369e-04 9.999999912747440378e-01 -0.000000000000000000e+00 0.000000000000000000e+00 0.000000000000000000e+00 1.000000000000000000e+00
8.100000000000426303e-03 9.999999914843583637e-01 -1.305039578098143112e-04 0.000000000000000000e+00 1.305039578098143112e-04 9.999999914843583637e-01 -0.000000000000000000e+00 0.000000000000000000e+00 0.000000000000000000e+00 1.000000000000000000e+00
8.200000000000439576e-03 9.999999917296896745e-01 -1.286103426378117087e-04 0.000000000000000000e+00 1.286103426378117087e-04 9.999999917296896745e-01 -0.000000000000000000e+00 0.000000000000000000e+00 0.000000000000000000e+00 1.000000000000000000e+00
8.300000000000452849e-03 9.999999919189648256e-01 -1.271301300396637812e-04 0.000000000000000000e+00 1.271301300396637812e-04 9.999999919189648256e-01 -0.000000000000000000e+00 0.000000000000000000e+00 0.000000000000000000e+00 1.000000000000000000e+00
8.400000000000466122e-03 9.999999919283304450e-01 -1.270564395527426580e-04 0.000000000000000000e+00 1.270564395527426580e-04 9.999999919283304450e-01 -0.000000000000000000e+00 0.000000000000000000e+00 0.000000000000000000e+00 1.000000000000000000e+00
8.500000000000479394e-03 9.999999917532870208e-01 -1.284267321658598209e-04 0.000000000000000000e+00 1.284267321658598209e-04 9.999999917532870208e-01 -0.000000000000000000e+00 0.000000000000000000e+00 0.000000000000000000e+00 1.000000000000000000e+00
8.600000000000492667e-03 9.999999914100851095e-01 -1.310718488125740399e-04 0.000000000000000000e+00 1.310718488125740399e-04 9.999999914100851095e-01 -0.000000000000000000e+00 0.000000000000000000e+00 0.000000000000000000e+00 1.000000000000000000e+00
8.700000000000505940e-03 9.999999909135638410e-01 -1.348067956994512980e-04 0.000000000000000000e+00 1.348067956994512980e-04 9.999999909135638410e-01 -0.000000000000000000e+00 0.000000000000000000e+00 0.000000000000000000e+00 1.000000000000000000e+00
8.800000000000519212e-03 9.999999903299904291e-01 -1.390683960164347641e-04 0.000000000000000000e+00 1.390683960164347641e-04 9.999999903299904291e-01 -0.000000000000000000e+00 0.000000000000000000e+00 0.000000000000000000e+00 1.000000000000000000e+00
8.900000000000532485e-03 9.999999897202987986e-01 -1.433855018719040579e-04 0.000000000000000000e+00 1.433855018719040579e-04 9.999999897202987986e-01 -0.000000000000000000e+00 0.000000000000000000e+00 0.000000000000000000e+00 1.000000000000000000e+00
9.000000000000545758e-03 9.999999891668569507e-01 -1.471947204632956176e-04 0.000000000000000000e+00 1.471947204632956176e-04 9.999999891668569507e-01 -0.000000000000000000e+00 0.000000000000000000e+00 0.000000000000000000e+00 1.000000000000000000e+00
9.100000000000559031e-03 9.999999887066093329e-01 -1.502889911889178300e-04 0.000000000000000000e+00 1.502889911889178300e-04 9.999999887066093329e-01 -0.000000000000000000e+00 0.000000000000000000e+00 0.000000000000000000e+00 1.000000000000000000e+00
9.200000000000572303e-03 9.999999883493438935e-01 -1.526476726292611582e-04 0.000000000000000000e+00 1.526476726292611582e-04 9.999999883493438935e-01 -0.000000000000000000e+00 0.000000000000000000e+00 0.000000000000000000e+00 1.000000000000000000e+00
9.300000000000585576e-03 9.999999880815738651e-01 -1.543918776947581601e-04 0.000000000000000000e+00 1.543918776947581601e-04 9.999999880815738651e-01 -0.000000000000000000e+00 0.000000000000000000e+00 0.000000000000000000e+00 1.000000000000000000e+00
9.400000000000598849e-03 9.999999878775378548e-01 -1.557078158679291158e-04 0.000000000000000000e+00 1.557078158679291158e-04 9.999999878775378548e-01 -0.000000000000000000e+00 0.000000000000000000e+00 0.000000000000000000e+00 1.000000000000000000e+00
9.500000000000612121e-03 9.999999877256229297e-01 -1.566804193887680417e-04 0.000000000000000000e+00 1.566804193887680417e-04 9.999999877256229297e-01 -0.000000000000000000e+00 0.000000000000000000e+00 0.000000000000000000e+00 1.000000000000000000e+00
9.600000000000625394e-03 9.999999876026941514e-01 -1.574630468238564715e-04 0.000000000000000000e+00 1.574630468238564715e-04 9.999999876026941514e-01 -0.000000000000000000e+00 0.000000000000000000e+00 0.000000000000000000e+00 1.000000000000000000e+00
9.700000000000638667e-03 9.999999875053208198e-01 -1.580802264837521942e-04 0.000000000000000000e+00 1.580802264837521942e-04 9.999999875053208198e-01 -0.000000000000000000e+00 0.000000000000000000e+00 0.000000000000000000e+00 1.000000000000000000e+00
9.800000000000651940e-03 9.999999874264283717e-01 -1.585785062115707201e-04 0.000000000000000000e+00 1.585785062115707201e-04 9.999999874264283717e-01 -0.000000000000000000e+00 0.000000000000000000e+00 0.000000000000000000e+00 1.000000000000000000e+00
9.900000000000665212e-03 9.999999873661076233e-01 -1.589584359631791095e-04 0.000000000000000000e+00 1.589584359631791095e-04 9.999999873661076233e-01 -0.000000000000000000e+00 0.000000000000000000e+00 0.000000000000000000e+00 1.000000000000000000e+00
1.000000000000067849e-02 9.999999873228987424e-01 -1.592300297261642979e-04 0.000000000000000000e+00 1.592300297261642979e-04 9.999999873228987424e-01 -0.000000000000000000e+00 0.000000000000000000e+00 0.000000000000000000e+00 1.000000000000000000e+00
1.010000000000069176e-02 9.999999873182913168e-01 -1.592589624121462189e-04 0.000000000000000000e+00 1.592589624121462189e-04 9.999999873182913168e-01 -0.000000000000000000e+00 0.000000000000000000e+00 0.000000000000000000e+00 1.000000000000000000e+00
1.020000000000070503e-02 9.999999873852086774e-01 -1.588382269247453650e-04 0.000000000000000000e+00 1.588382269247453650e-04 9.999999873852086774e-01 -0.000000000000000000e+00 0.000000000000000000e+00 0.000000000000000000e+00 1.000000000000000000e+00
1.030000000000071830e-02 9.999999875088985135e-01 -1.580575923889015447e-04 0.000000000000000000e+00 1.580575923889015447e-04 9.999999875088985135e-01 -0.000000000000000000e+00 0.000000000000000000e+00 0.000000000000000000e+00 1.000000000000000000e+00
1.040000000000073158e-02 9.999999876775983454e-01 -1.569866332595532931e-04 0.000000000000000000e+00 1.569866332595532931e-04 9.999999876775983454e-01 -0.000000000000000000e+00 0.000000000000000000e+00 0.000000000000000000e+00 1.000000000000000000e+00
1.050000000000074485e-02 9.999999878900892591e-01 -1.556271861455911889e-04 0.000000000000000000e+00 1.556271861455911889e-04 9.999999878900892591e-01 -0.000000000000000000e+00 0.000000000000000000e+00 0.000000000000000000e+00 1.000000000000000000e+00
1.060000000000075812e-02 9.999999881515508893e-01 -1.539379674052254667e-04 0.000000000000000000e+00 1.539379674052254667e-04 9.999999881515508893e-01 -0.000000000000000000e+00 0.000000000000000000e+00 0.000000000000000000e+00 1.000000000000000000e+00
1.070000000000077139e-02 9.999999884436996389e-01 -1.520282884891609881e-04 0.000000000000000000e+00 1.520282884891609881e-04 9.999999884436996389e-01 -0.000000000000000000e+00 0.000000000000000000e+00 0.000000000000000000e+00 1.000000000000000000e+00
1.080000000000078467e-02 9.999999888015980165e-01 -1.496556169666656932e-04 0.000000000000000000e+00 1.496556169666656932e-04 9.999999888015980165e-01 -0.000000000000000000e+00 0.000000000000000000e+00 0.000000000000000000e+00 1.000000000000000000e+00
1.090000000000079794e-02 9.999999890659716506e-01 -1.478785189549027012e-04 0.000000000000000000e+00 1.478785189549027012e-04 9.999999890659716506e-01 -0.000000000000000000e+00 0.000000000000000000e+00 0.000000000000000000e+00 1.000000000000000000e+00
1.100000000000081121e-02 9.999999891921027562e-01 -1.470231084248746609e-04 0.000000000000000000e+00 1.470231084248746609e-04 9.999999891921027562e-01 -0.000000000000000000e+00 0.000000000000000000e+00 0.000000000000000000e+00 1.000000000000000000e+00
1.110000000000082448e-02 9.999999892055374540e-01 -1.469317013078957554e-04 0.000000000000000000e+00 1.469317013078957554e-04 9.999999892055374540e-01 -0.000000000000000000e+00 0.000000000000000000e+00 0.000000000000000000e+00 1.000000000000000000e+00
1.120000000000083776e-02 9.999999891223658732e-01 -1.474966704176072514e-04 0.000000000000000000e+00 1.474966704176072514e-04 9.999999891223658732e-01 -0.000000000000000000e+00 0.000000000000000000e+00 0.000000000000000000e+00 1.000000000000000000e+00
1.130000000000085103e-02 9.999999889762342109e-01 -1.484841103573775298e-04 0.000000000000000000e+00 1.484841103573775298e-04 9.999999889762342109e-01 -0.000000000000000000e+00 0.000000000000000000e+00 0.000000000000000000e+00 1.000000000000000000e+00
1.140000000000086430e-02 9.999999888005433046e-01 -1.496626645797704787e-04 0.000000000000000000e+00 1.496626645797704787e-04 9.999999888005433046e-01 -0.000000000000000000e+00 0.000000000000000000e+00 0.000000000000000000e+00 1.000000000000000000e+00
1.150000000000087758e-02 9.999999886207128208e-01 -1.508594507272713564e-04 0.000000000000000000e+00 1.508594507272713564e-04 9.999999886207128208e-01 -0.000000000000000000e+00 0.000000000000000000e+00 0.000000000000000000e+00 1.000000000000000000e+00
1.160000000000089085e-02 9.999999884470679445e-01 -1.520061298435081728e-04 0.000000000000000000e+00 1.520061298435081728e-04 9.999999884470679445e-01 -0.000000000000000000e+00 0.000000000000000000e+00 0.000000000000000000e+00 1.000000000000000000e+00
1.170000000000090412e-02 9.999999882759481595e-01 -1.531277354484773725e-04 0.000000000000000000e+00 1.531277354484773725e-04 9.999999882759481595e-01 -0.000000000000000000e+00 0.000000000000000000e+00 0.000000000000000000e+00 1.000000000000000000e+00
1.180000000000091739e-02 9.999999881174402860e-01 -1.541593954206057495e-04 0.000000000000000000e+00 1.541593954206057495e-04 9.999999881174402860e-01 -0.000000000000000000e+00 0.000000000000000000e+00 0.000000000000000000e+00 1.000000000000000000e+00
1.190000000000093067e-02 9.999999879875984821e-01 -1.549993634620191736e-04 0.000000000000000000e+00 1.549993634620191736e-04 9.999999879875984821e-01 -0.000000000000000000e+00 0.000000000000000000e+00 0.000000000000000000e+00 1.000000000000000000e+00
1.200000000000094394e-02 9.999999878921104202e-01 -1.556141990863345672e-04 0.000000000000000000e+00 1.556141990863345672e-04 9.999999878921104202e-01 -0.000000000000000000e+00 0.000000000000000000e+00 0.000000000000000000e+00 1.000000000000000000e+00
1.210000000000095721e-02 9.999999878352506810e-01 -1.559791593136830600e-04 0.000000000000000000e+00 1.559791593136830600e-04 9.999999878352506810e-01 -0.000000000000000000e+00 0.000000000000000000e+00 0.000000000000000000e+00 1.000000000000000000e+00
1.220000000000097048e-02 9.999999878206849990e-01 -1.560725141618814118e-04 0.000000000000000000e+00 1.560725141618814118e-04 9.999999878206849990e-01 -0.000000000000000000e+00 0.000000000000000000e+00 0.000000000000000000e+00 1.000000000000000000e+00
1.230000000000098376e-02 9.999999878413372567e-01 -1.559401334253664054e-04 0.000000000000000000e+00 1.559401334253664054e-04 9.999999878413372567e-01 -0.000000000000000000e+00 0.000000000000000000e+00 0.000000000000000000e+00 1.000000000000000000e+00
1.240000000000099703e-02 9.999999878918877094e-01 -1.556156292278425258e-04 0.000000000000000000e+00 1.556156292278425258e-04 9.999999878918877094e-01 -0.000000000000000000e+00 0.000000000000000000e+00 0.000000000000000000e+00 1.000000000000000000e+00
1.250000000000101030e-02 9.999999879697188954e-01 -1.551146736516858995e-04 0.000000000000000000e+00 1.551146736516858995e-04 9.999999879697188954e-01 -0.000000000000000000e+00 0.000000000000000000e+00 0.000000000000000000e+00 1.000000000000000000e+00
1.260000000000102358e-02 9.999999880706367250e-01 -1.544627010866744051e-04 0.000000000000000000e+00 1.544627010866744051e-04 9.999999880706367250e-01 -0.000000000000000000e+00 0.000000000000000000e+00 0.000000000000000000e+00 1.000000000000000000e+00
1.270000000000103685e-02 9.999999881937678969e-01 -1.536634760159200227e-04 0.000000000000000000e+00 1.536634760159200227e-04 9.999999881937678969e-01 -0.000000000000000000e+00 0.000000000000000000e+00 0.000000000000000000e+00 1.000000000000000000e+00
1.280000000000105012e-02 9.999999883428712932e-01 -1.526900684505855623e-04 0.000000000000000000e+00 1.526900684505855623e-04 9.999999883428712932e-01 -0.000000000000000000e+00 0.000000000000000000e+00 0.000000000000000000e+00 1.000000000000000000e+00
1.290000000000106339e-02 9.999999885237570441e-01 -1.515007769519535080e-04 0.000000000000000000e+00 1.515007769519535080e-04 9.999999885237570441e-01 -0.000000000000000000e+00 0.000000000000000000e+00 0.000000000000000000e+00 1.000000000000000000e+00
1.300000000000107667e-02 9.999999887538388865e-01 -1.499744044717144875e-04 0.000000000000000000e+00 1.499744044717144875e-04 9.999999887538388865e-01 -0.000000000000000000e+00 0.000000000000000000e+00 0.000000000000000000e+00 1.000000000000000000e+00
1.310000000000108994e-02 9.999999890544327696e-01 -1.479565285255297425e-04 0.000000000000000000e+00 1.479565285255297425e-04 9.999999890544327696e-01 -0.000000000000000000e+00 0.000000000000000000e+00 0.000000000000000000e+00 1.000000000000000000e+00
1.320000000000110321e-02 9.999999894712103821e-01 -1.451122976437841338e-04 0.000000000000000000e+00 1.451122976437841338e-04 9.999999894712103821e-01 -0.000000000000000000e+00 0.000000000000000000e+00 0.000000000000000000e+00 1.000000000000000000e+00
1.330000000000111648e-02 9.999999899904992162e-01 -1.414885191918133461e-04 0.000000000000000000e+00 1.414885191918133461e-04 9.999999899904992162e-01 -0.000000000000000000e+00 0.000000000000000000e+00 0.000000000000000000e+00 1.000000000000000000e+00
1.340000000000112976e-02 9.999999906623097123e-01 -1.366578944698497943e-04 0.000000000000000000e+00 1.366578944698497943e-04 9.999999906623097123e-01 -0.000000000000000000e+00 0.000000000000000000e+00 0.000000000000000000e+00 1.000000000000000000e+00
1.350000000000114303e-02 9.999999913347317193e-01 -1.316454949717021114e-04 0.000000000000000000e+00 1.316454949717021114e-04 9.999999913347317193e-01 -0.000000000000000000e+00 0.000000000000000000e+00 0.000000000000000000e+00 1.000000000000000000e+00
1.360000000000115630e-02 9.999999919324163988e-01 -1.270242765288454175e-04 0.000000000000000000e+00 1.270242765288454175e-04 9.999999919324163988e-01 -0.000000000000000000e+00 0.000000000000000000e+00 0.000000000000000000e+00 1.000000000000000000e+00
1.370000000000116958e-02 9.999999924441613786e-01 -1.229295610917502390e-04 0.000000000000000000e+00 1.229295610917502390e-04 9.999999924441613786e-01 -0.000000000000000000e+00 0.000000000000000000e+00 0.000000000000000000e+00 1.000000000000000000e+00
1.380000000000118285e-02 9.999999928694365270e-01 -1.194199597045739110e-04 0.000000000000000000e+00 1.194199597045739110e-04 9.999999928694365270e-01 -0.000000000000000000e+00 0.000000000000000000e+00 0.000000000000000000e+00 1.000000000000000000e+00
1.390000000000119612e-02 9.999999932098957434e-01 -1.165341507826342686e-04 0.000000000000000000e+00 1.165341507826342686e-04 9.999999932098957434e-01 -0.000000000000000000e+00 0.000000000000000000e+00 0.000000000000000000e+00 1.000000000000000000e+00
1.400000000000120939e-02 9.999999934703558413e-01 -1.142772426016257090e-04 0.000000000000000000e+00 1.142772426016257090e-04 9.999999934703558413e-01 -0.000000000000000000e+00 0.000000000000000000e+00 0.000000000000000000e+00 1.000000000000000000e+00
1.410000000000122267e-02 9.999999936620603824e-01 -1.125872062276007089e-04 0.000000000000000000e+00 1.125872062276007089e-04 9.999999936620603824e-01 -0.000000000000000000e+00 0.000000000000000000e+00 0.000000000000000000e+00 1.000000000000000000e+00
1.420000000000123594e-02 9.999999937965946550e-01 -1.113858626855846216e-04 0.000000000000000000e+00 1.113858626855846216e-04 9.999999937965946550e-01 -0.000000000000000000e+00 0.000000000000000000e+00 0.000000000000000000e+00 1.000000000000000000e+00
1.430000000000124921e-02 9.999999938850554493e-01 -1.105888275524596567e-04 0.000000000000000000e+00 1.105888275524596567e-04 9.999999938850554493e-01 -0.000000000000000000e+00 0.000000000000000000e+00 0.000000000000000000e+00 1.000000000000000000e+00
1.440000000000126248e-02 9.999999939368141577e-01 -1.101198050068523095e-04 0.000000000000000000e+00 1.101198050068523095e-04 9.999999939368141577e-01 -0.000000000000000000e+00 0.000000000000000000e+00 0.000000000000000000e+00 1.000000000000000000e+00
1.450000000000127576e-02 9.999999939601758037e-01 -1.099074523589522339e-04 0.000000000000000000e+00 1.099074523589522339e-04 9.999999939601758037e-01 -0.000000000000000000e+00 0.000000000000000000e+00 0.000000000000000000e+00 1.000000000000000000e+00
1.460000000000128903e-02 9.999999939616968092e-01 -1.098936138124551412e-04 0.000000000000000000e+00 1.098936138124551412e-04 9.999999939616968092e-01 -0.000000000000000000e+00 0.000000000000000000e+00 0.000000000000000000e+00 1.000000000000000000e+00
1.470000000000130230e-02 9.999999939446693187e-01 -1.100484479192897537e-04 0.000000000000000000e+00 1.100484479192897537e-04 9.999999939446693187e-01 -0.000000000000000000e+00 0.000000000000000000e+00 0.000000000000000000e+00 1.000000000000000000e+00
1.480000000000131558e-02 9.999999939095484125e-01 -1.103671283685837433e-04 0.000000000000000000e+00 1.103671283685837433e-04 9.999999939095484125e-01 -0.000000000000000000e+00 0.000000000000000000e+00 0.000000000000000000e+00 1.000000000000000000e+00
1.490000000000132885e-02 9.999999938543672195e-01 -1.108659786636376004e-04 0.000000000000000000e+00 1.108659786636376004e-04 9.999999938543672195e-01 -0.000000000000000000e+00 0.000000000000000000e+00 0.000000000000000000e+00 1.000000000000000000e+00
1.500000000000134212e-02 9.999999937749626255e-01 -1.115799013841150639e-04 0.000000000000000000e+00 1.115799013841150639e-04 9.999999937749626255e-01 -0.000000000000000000e+00 0.000000000000000000e+00 0.000000000000000000e+00 1.000000000000000000e+00
1.510000000000135539e-02 9.999999936673553691e-01 -1.125401663123709150e-04 0.000000000000000000e+00 1.125401663123709150e-04 9.999999936673553691e-01 -0.000000000000000000e+00 0.000000000000000000e+00 0.000000000000000000e+00 1.000000000000000000e+00
1.520000000000136867e-02 9.999999935297911868e-01 -1.137559550813158169e-04 0.000000000000000000e+00 1.137559550813158169e-04 9.999999935297911868e-01 -0.000000000000000000e+00 0.000000000000000000e+00 0.000000000000000000e+00 1.000000000000000000e+00
1.530000000000138194e-02 9.999999933600496327e-01 -1.152384505841691888e-04 0.000000000000000000e+00 1.152384505841691888e-04 9.999999933600496327e-01 -0.000000000000000000e+00 0.000000000000000000e+00 0.000000000000000000e+00 1.000000000000000000e+00
1.540000000000139521e-02 9.999999931599937719e-01 -1.169615834852013789e-04 0.000000000000000000e+00 1.169615834852013789e-04 9.999999931599937719e-01 -0.000000000000000000e+00 0.000000000000000000e+00 0.000000000000000000e+00 1.000000000000000000e+00
1.550000000000140848e-02 9.999999929356438999e-01 -1.188642585998322411e-04 0.000000000000000000e+00 1.188642585998322411e-04 9.999999929356438999e-01 -0.000000000000000000e+00 0.000000000000000000e+00 0.000000000000000000e+00 1.000000000000000000e+00
1.560000000000142176e-02 9.999999927206634220e-01 -1.206593246258676482e-04 0.000000000000000000e+00 1.206593246258676482e-04 9.999999927206634220e-01 -0.000000000000000000e+00 0.000000000000000000e+00 0.000000000000000000e+00 1.000000000000000000e+00
1.570000000000136911e-02 9.999999925110955035e-01 -1.223838572264229535e-04 0.000000000000000000e+00 1.223838572264229535e-04 9.999999925110955035e-01 -0.000000000000000000e+00 0.000000000000000000e+00 0.000000000000000000e+00 1.000000000000000000e+00
1.580000000000129565e-02 9.999999923274699443e-01 -1.238751784840372988e-04 0.000000000000000000e+00 1.238751784840372988e-04 9.999999923274699443e-01 -0.000000000000000000e+00 0.000000000000000000e+00 0.000000000000000000e+00 1.000000000000000000e+00
1.590000000000122218e-02 9.999999921967023253e-01 -1.249263592861848450e-04 0.000000000000000000e+00 1.249263592861848450e-04 9.999999921967023253e-01 -0.000000000000000000e+00 0.000000000000000000e+00 0.000000000000000000e+00 1.000000000000000000e+00
1.600000000000114872e-02 9.999999921405376968e-01 -1.253751352230354852e-04 0.000000000000000000e+00 1.253751352230354852e-04 9.999999921405376968e-01 -0.000000000000000000e+00 0.000000000000000000e+00 0.000000000000000000e+00 1.000000000000000000e+00
1.610000000000107526e-02 9.999999921542874759e-01 -1.252654171092208344e-04 0.000000000000000000e+00 1.252654171092208344e-04 9.999999921542874759e-01 -0.000000000000000000e+00 0.000000000000000000e+00 0.000000000000000000e+00 1.000000000000000000e+00
1.620000000000100179e-02 9.999999922355021775e-01 -1.246153899718964214e-04 0.000000000000000000e+00 1.246153899718964214e-04 9.999999922355021775e-01 -0.000000000000000000e+00 0.000000000000000000e+00 0.000000000000000000e+00 1.000000000000000000e+00
1.630000000000092833e-02 9.999999923837270543e-01 -1.234201996815297280e-04 0.000000000000000000e+00 1.234201996815297280e-04 9.999999923837270543e-01 -0.000000000000000000e+00 0.000000000000000000e+00 0.000000000000000000e+00 1.000000000000000000e+00
1.640000000000085487e-02 9.999999925997423711e-01 -1.216573670326329419e-04 0.000000000000000000e+00 1.216573670326329419e-04 9.999999925997423711e-01 -0.000000000000000000e+00 0.000000000000000000e+00 0.000000000000000000e+00 1.000000000000000000e+00
1.650000000000078140e-02 9.999999928907500335e-01 -1.192413501152718224e-04 0.000000000000000000e+00 1.192413501152718224e-04 9.999999928907500335e-01 -0.000000000000000000e+00 0.000000000000000000e+00 0.000000000000000000e+00 1.000000000000000000e+00
1.660000000000070794e-02 9.999999932843092187e-01 -1.158938362691783869e-04 0.000000000000000000e+00 1.158938362691783869e-04 9.999999932843092187e-01 -0.000000000000000000e+00 0.000000000000000000e+00 0.000000000000000000e+00 1.000000000000000000e+00
1.670000000000063448e-02 9.999999938069904504e-01 -1.112924921055767109e-04 0.000000000000000000e+00 1.112924921055767109e-04 9.999999938069904504e-01 -0.000000000000000000e+00 0.000000000000000000e+00 0.000000000000000000e+00 1.000000000000000000e+00
1.680000000000056101e-02 9.999999944994644174e-01 -1.048859906145216826e-04 0.000000000000000000e+00 1.048859906145216826e-04 9.999999944994644174e-01 -0.000000000000000000e+00 0.000000000000000000e+00 0.000000000000000000e+00 1.000000000000000000e+00
1.690000000000048755e-02 9.999999953704094002e-01 -9.622463882293452535e-05 0.000000000000000000e+00 9.622463882293452535e-05 9.999999953704094002e-01 -0.000000000000000000e+00 0.000000000000000000e+00 0.000000000000000000e+00 1.000000000000000000e+00
1.700000000000041409e-02 9.999999963861291308e-01 -8.501612420671984739e-05 0.000000000000000000e+00 8.501612420671984739e-05 9.999999963861291308e-01 -0.000000000000000000e+00 0.000000000000000000e+00 0.000000000000000000e+00 1.000000000000000000e+00
1.710000000000034062e-02 9.999999974175506345e-01 -7.186722751349698267e-05 0.000000000000000000e+00 7.186722751349698267e-05 9.999999974175506345e-01 -0.000000000000000000e+00 0.000000000000000000e+00 0.000000000000000000e+00 1.000000000000000000e+00
1.720000000000026716e-02 9.999999983317128249e-01 -5.776308595412217242e-05 0.000000000000000000e+00 5.776308595412217242e-05 9.999999983317128249e-01 -0.000000000000000000e+00 0.000000000000000000e+00 0.000000000000000000e+00 1.000000000000000000e+00
1.730000000000019370e-02 9.999999990740809919e-01 -4.303298470586010966e-05 0.000000000000000000e+00 4.303298470586010966e-05 9.999999990740809919e-01 -0.000000000000000000e+00 0.000000000000000000e+00 0.000000000000000000e+00 1.000000000000000000e+00
1.740000000000012023e-02 9.999999996099973032e-01 -2.792857412381907067e-05 0.000000000000000000e+00 2.792857412381907067e-05 9.999999996099973032e-01 -0.000000000000000000e+00 0.000000000000000000e+00 0.000000000000000000e+00 1.000000000000000000e+00
1.750000000000004677e-02 9.999999999225147596e-01 -1.244870887820906906e-05 0.000000000000000000e+00 1.244870887820906906e-05 9.999999999225147596e-01 -0.000000000000000000e+00 0.000000000000000000e+00 0.000000000000000000e+00 1.000000000000000000e+00
1.759999999999997330e-02 9.999999999951932894e-01 3.100498763495199247e-06 0.000000000000000000e+00 -3.100498763495199247e-06 9.999999999951932894e-01 -0.000000000000000000e+00 -0.000000000000000000e+00 0.000000000000000000e+00 1.000000000000000000e+00
1.769999999999989984e-02 9.999999998312040228e-01 1.837367174771490941e-05 0.000000000000000000e+00 -1.837367174771490941e-05 9.999999998312040228e-01 -0.000000000000000000e+00 -0.000000000000000000e+00 0.000000000000000000e+00 1.000000000000000000e+00
1.779999999999982638e-02 9.999999994430511796e-01 3.337510209553818492e-05 0.000000000000000000e+00 -3.337510209553818492e-05 9.999999994430511796e-01 -0.000000000000000000e+00 -0.000000000000000000e+00 0.000000000000000000e+00 1.000000000000000000e+00
1.789999999999975291e-02 9.999999988301095932e-01 4.837127640459048112e-05 0.000000000000000000e+00 -4.837127640459048112e-05 9.999999988301095932e-01 -0.000000000000000000e+00 -0.000000000000000000e+00 0.000000000000000000e+00 1.000000000000000000e+00
1.799999999999967945e-02 9.999999980084032236e-01 6.311254667976043539e-05 0.000000000000000000e+00 -6.311254667976043539e-05 9.999999980084032236e-01 -0.000000000000000000e+00 -0.000000000000000000e+00 0.000000000000000000e+00 1.000000000000000000e+00
1.809999999999960599e-02 9.999999969926397503e-01 7.755462707677114793e-05 0.000000000000000000e+00 -7.755462707677114793e-05 9.999999969926397503e-01 -0.000000000000000000e+00 -0.000000000000000000e+00 0.000000000000000000e+00 1.000000000000000000e+00
1.819999999999953252e-02 9.999999959001772964e-01 9.055189198758674667e-05 0.000000000000000000e+00 -9.055189198758674667e-05 9.999999959001772964e-01 -0.000000000000000000e+00 -0.000000000000000000e+00 0.000000000000000000e+00 1.000000000000000000e+00
1.829999999999945906e-02 9.999999951996101366e-01 9.798356730442027809e-05 0.000000000000000000e+00 -9.798356730442027809e-05 9.999999951996101366e-01 -0.000000000000000000e+00 -0.000000000000000000e+00 0.000000000000000000e+00 1.000000000000000000e+00
1.839999999999938560e-02 9.999999950529618875e-01 9.946897076144584190e-05 0.000000000000000000e+00 -9.946897076144584190e-05 9.999999950529618875e-01 -0.000000000000000000e+00 -0.000000000000000000e+00 0.000000000000000000e+00 1.000000000000000000e+00
1.849999999999931213e-02 9.999999951864833037e-01 9.811744618174531431e-05 0.000000000000000000e+00 -9.811744618174531431e-05 9.999999951864833037e-01 -0.000000000000000000e+00 -0.000000000000000000e+00 0.000000000000000000e+00 1.000000000000000000e+00
1.859999999999923867e-02 9.999999954424320103e-01 9.547322025657611953e-05 0.000000000000000000e+00 -9.547322025657611953e-05 9.999999954424320103e-01 -0.000000000000000000e+00 -0.000000000000000000e+00 0.000000000000000000e+00 1.000000000000000000e+00
1.869999999999916521e-02 9.999999957535782302e-01 9.215662328525274537e-05 0.000000000000000000e+00 -9.215662328525274537e-05 9.999999957535782302e-01 -0.000000000000000000e+00 -0.000000000000000000e+00 0.000000000000000000e+00 1.000000000000000000e+00
1.879999999999909174e-02 9.999999960701964064e-01 8.865442385652079948e-05 0.000000000000000000e+00 -8.865442385652079948e-05 9.999999960701964064e-01 -0.000000000000000000e+00 -0.000000000000000000e+00 0.000000000000000000e+00 1.000000000000000000e+00
1.889999999999901828e-02 9.999999963371509759e-01 8.559029083077359290e-05 0.000000000000000000e+00 -8.559029083077359290e-05 9.999999963371509759e-01 -0.000000000000000000e+00 -0.000000000000000000e+00 0.000000000000000000e+00 1.000000000000000000e+00
1.899999999999894482e-02 9.999999965058936624e-01 8.359552723125057575e-05 0.000000000000000000e+00 -8.359552723125057575e-05 9.999999965058936624e-01 -0.000000000000000000e+00 -0.000000000000000000e+00 0.000000000000000000e+00 1.000000000000000000e+00
1.909999999999887135e-02 9.999999965459160922e-01 8.311538764652746003e-05 0.000000000000000000e+00 -8.311538764652746003e-05 9.999999965459160922e-01 -0.000000000000000000e+00 -0.000000000000000000e+00 0.000000000000000000e+00 1.000000000000000000e+00
1.919999999999879789e-02 9.999999964499998173e-01 8.426149858491577000e-05 0.000000000000000000e+00 -8.426149858491577000e-05 9.999999964499998173e-01 -0.000000000000000000e+00 -0.000000000000000000e+00 0.000000000000000000e+00 1.000000000000000000e+00
1.929999999999872443e-02 9.999999962479788618e-01 8.662587473450492753e-05 0.000000000000000000e+00 -8.662587473450492753e-05 9.999999962479788618e-01 -0.000000000000000000e+00 -0.000000000000000000e+00 0.000000000000000000e+00 1.000000000000000000e+00
1.939999999999865096e-02 9.999999960150495193e-01 8.927430011679972452e-05 0.000000000000000000e+00 -8.927430011679972452e-05 9.999999960150495193e-01 -0.000000000000000000e+00 -0.000000000000000000e+00 0.000000000000000000e+00 1.000000000000000000e+00
1.949999999999857750e-02 9.999999958174001780e-01 9.146146397416373319e-05 0.000000000000000000e+00 -9.146146397416373319e-05 9.999999958174001780e-01 -0.000000000000000000e+00 -0.000000000000000000e+00 0.000000000000000000e+00 1.000000000000000000e+00
1.959999999999850404e-02 9.999999956827104741e-01 9.292243424666071349e-05 0.000000000000000000e+00 -9.292243424666071349e-05 9.999999956827104741e-01 -0.000000000000000000e+00 -0.000000000000000000e+00 0.000000000000000000e+00 1.000000000000000000e+00
1.969999999999843057e-02 9.999999956220854136e-01 9.357258617611005657e-05 0.000000000000000000e+00 -9.357258617611005657e-05 9.999999956220854136e-01 -0.000000000000000000e+00 -0.000000000000000000e+00 0.000000000000000000e+00 1.000000000000000000e+00
1.979999999999835711e-02 9.999999956107531451e-01 9.369361486174204560e-05 0.000000000000000000e+00 -9.369361486174204560e-05 9.999999956107531451e-01 -0.000000000000000000e+00 -0.000000000000000000e+00 0.000000000000000000e+00 1.000000000000000000e+00
1.989999999999828365e-02 9.999999956143199586e-01 9.365553821819575702e-05 0.000000000000000000e+00 -9.365553821819575702e-05 9.999999956143199586e-01 -0.000000000000000000e+00 -0.000000000000000000e+00 0.000000000000000000e+00 1.000000000000000000e+00
1.999999999999821018e-02 9.999999956044272054e-01 9.376110808509858239e-05 0.000000000000000000e+00 -9.376110808509858239e-05 9.999999956044272054e-01 -0.000000000000000000e+00 -0.000000000000000000e+00 0.000000000000000000e+00 1.000000000000000000e+00
2.009999999999813672e-02 9.999999955674279128e-01 9.415489367056266163e-05 0.000000000000000000e+00 -9.415489367056266163e-05 9.999999955674279128e-01 -0.000000000000000000e+00 -0.000000000000000000e+00 0.000000000000000000e+00 1.000000000000000000e+00
2.019999999999806325e-02 9.999999955051674938e-01 9.481384315293432728e-05 0.000000000000000000e+00 -9.481384315293432728e-05 9.999999955051674938e-01 -0.000000000000000000e+00 -0.000000000000000000e+00 0.000000000000000000e+00 1.000000000000000000e+00
2.029999999999798979e-02 9.999999954302383198e-01 9.560085367043984520e-05 0.000000000000000000e+00 -9.560085367043984520e-05 9.999999954302383198e-01 -0.000000000000000000e+00 -0.000000000000000000e+00 0.000000000000000000e+00 1.000000000000000000e+00
2.039999999999791633e-02 9.999999953594124191e-01 9.633885458583911748e-05 0.000000000000000000e+00 -9.633885458583911748e-05 9.999999953594124191e-01 -0.000000000000000000e+00 -0.000000000000000000e+00 0.000000000000000000e+00 1.000000000000000000e+00
2.049999999999784286e-02 9.999999952843904305e-01 9.711446355340732142e-05 0.000000000000000000e+00 -9.711446355340732142e-05 9.999999952843904305e-01 -0.000000000000000000e+00 -0.000000000000000000e+00 0.000000000000000000e+00 1.000000000000000000e+00
2.059999999999776940e-02 9.999999951897735606e-01 9.808390686894178745e-05 0.000000000000000000e+00 -9.808390686894178745e-05 9.999999951897735606e-01 -0.000000000000000000e+00 -0.000000000000000000e+00 0.000000000000000000e+00 1.000000000000000000e+00
2.069999999999769594e-02 9.999999950790713354e-01 9.920613430766145357e-05 0.000000000000000000e+00 -9.920613430766145357e-05 9.999999950790713354e-01 -0.000000000000000000e+00 -0.000000000000000000e+00 0.000000000000000000e+00 1.000000000000000000e+00
2.079999999999762247e-02 9.999999949897884211e-01 1.001020627754038782e-04 0.000000000000000000e+00 -1.001020627754038782e-04 9.999999949897884211e-01 -0.000000000000000000e+00 -0.000000000000000000e+00 0.000000000000000000e+00 1.000000000000000000e+00
2.089999999999754901e-02 9.999999949620416162e-01 1.003788656888986516e-04 0.000000000000000000e+00 -1.003788656888986516e-04 9.999999949620416162e-01 -0.000000000000000000e+00 -0.000000000000000000e+00 0.000000000000000000e+00 1.000000000000000000e+00
2.099999999999747555e-02 9.999999950123087400e-01 9.987683543378445233e-05 0.000000000000000000e+00 -9.987683543378445233e-05 9.999999950123087400e-01 -0.000000000000000000e+00 -0.000000000000000000e+00 0.000000000000000000e+00 1.000000000000000000e+00
2.109999999999740208e-02 9.999999951579972013e-01 9.840734407891211274e-05 0.000000000000000000e+00 -9.840734407891211274e-05 9.999999951579972013e-01 -0.000000000000000000e+00 -0.000000000000000000e+00 0.000000000000000000e+00 1.000000000000000000e+00
2.119999999999732862e-02 9.999999953623529558e-01 9.630832704255350683e-05 0.000000000000000000e+00 -9.630832704255350683e-05 9.999999953623529558e-01 -0.000000000000000000e+00 -0.000000000000000000e+00 0.000000000000000000e+00 1.000000000000000000e+00
2.129999999999725516e-02 9.999999954560477855e-01 9.533049893126218743e-05 0.000000000000000000e+00 -9.533049893126218743e-05 9.999999954560477855e-01 -0.000000000000000000e+00 -0.000000000000000000e+00 0.000000000000000000e+00 1.000000000000000000e+00
2.139999999999718169e-02 9.999999955008446184e-01 9.485942549917921992e-05 0.000000000000000000e+00 -9.485942549917921992e-05 9.999999955008446184e-01 -0.000000000000000000e+00 -0.000000000000000000e+00 0.000000000000000000e+00 1.000000000000000000e+00
2.149999999999710823e-02 9.999999955604235158e-01 9.422925657339636734e-05 0.000000000000000000e+00 -9.422925657339636734e-05 9.999999955604235158e-01 -0.000000000000000000e+00 -0.000000000000000000e+00 0.000000000000000000e+00 1.000000000000000000e+00
2.159999999999703477e-02 9.999999953861382629e-01 9.606103899222057227e-05 0.000000000000000000e+00 -9.606103899222057227e-05 9.999999953861382629e-01 -0.000000000000000000e+00 -0.000000000000000000e+00 0.000000000000000000e+00 1.000000000000000000e+00
2.169999999999696130e-02 9.999999952444208473e-01 9.752516671999428136e-05 0.000000000000000000e+00 -9.752516671999428136e-05 9.999999952444208473e-01 -0.000000000000000000e+00 -0.000000000000000000e+00 0.000000000000000000e+00 1.000000000000000000e+00
2.179999999999688784e-02 9.999999952275043791e-01 9.769847051948779115e-05 0.000000000000000000e+00 -9.769847051948779115e-05 9.999999952275043791e-01 -0.000000000000000000e+00 -0.000000000000000000e+00 0.000000000000000000e+00 1.000000000000000000e+00
2.189999999999681438e-02 9.999999952826725824e-01 9.713214961869105757e-05 0.000000000000000000e+00 -9.713214961869105757e-05 9.999999952826725824e-01 -0.000000000000000000e+00 -0.000000000000000000e+00 0.000000000000000000e+00 1.000000000000000000e+00
2.199999999999674091e-02 9.999999953503637684e-01 9.643273393382887357e-05 0.000000000000000000e+00 -9.643273393382887357e-05 9.999999953503637684e-01 -0.000000000000000000e+00 -0.000000000000000000e+00 0.000000000000000000e+00 1.000000000000000000e+00
2.209999999999666745e-02 9.999999953856244517e-01 9.606638760618359772e-05 0.000000000000000000e+00 -9.606638760618359772e-05 9.999999953856244517e-01 -0.000000000000000000e+00 -0.000000000000000000e+00 0.000000000000000000e+00 1.000000000000000000e+00
2.219999999999659399e-02 9.999999953822744647e-01 9.610125326415601920e-05 0.000000000000000000e+00 -9.610125326415601920e-05 9.999999953822744647e-01 -0.000000000000000000e+00 -0.000000000000000000e+00 0.000000000000000000e+00 1.000000000000000000e+00
2.229999999999652052e-02 9.999999953634551852e-01 9.629688202668844994e-05 0.000000000000000000e+00 -9.629688202668844994e-05 9.999999953634551852e-01 -0.000000000000000000e+00 -0.000000000000000000e+00 0.000000000000000000e+00 1.000000000000000000e+00
2.239999999999644706e-02 9.999999953328667646e-01 9.661400578493913093e-05 0.000000000000000000e+00 -9.661400578493913093e-05 9.999999953328667646e-01 -0.000000000000000000e+00 -0.000000000000000000e+00 0.000000000000000000e+00 1.000000000000000000e+00
2.249999999999637360e-02 9.999999952864250252e-01 9.709350927014763239e-05 0.000000000000000000e+00 -9.709350927014763239e-05 9.999999952864250252e-01 -0.000000000000000000e+00 -0.000000000000000000e+00 0.000000000000000000e+00 1.000000000000000000e+00
2.259999999999630013e-02 9.999999952203998399e-01 9.777116158134174079e-05 0.000000000000000000e+00 -9.777116158134174079e-05 9.999999952203998399e-01 -0.000000000000000000e+00 -0.000000000000000000e+00 0.000000000000000000e+00 1.000000000000000000e+00
2.269999999999622667e-02 9.999999951346365545e-01 9.864444490501259716e-05 0.000000000000000000e+00 -9.864444490501259716e-05 9.999999951346365545e-01 -0.000000000000000000e+00 -0.000000000000000000e+00 0.000000000000000000e+00 1.000000000000000000e+00
2.279999999999615320e-02 9.999999950306538432e-01 9.969298897961318990e-05 0.000000000000000000e+00 -9.969298897961318990e-05 9.999999950306538432e-01 -0.000000000000000000e+00 -0.000000000000000000e+00 0.000000000000000000e+00 1.000000000000000000e+00
2.289999999999607974e-02 9.999999949297725399e-01 1.006998238760464928e-04 0.000000000000000000e+00 -1.006998238760464928e-04 9.999999949297725399e-01 -0.000000000000000000e+00 -0.000000000000000000e+00 0.000000000000000000e+00 1.000000000000000000e+00
2.299999999999600628e-02 9.999999948700473151e-01 1.012911901296860190e-04 0.000000000000000000e+00 -1.012911901296860190e-04 9.999999948700473151e-01 -0.000000000000000000e+00 -0.000000000000000000e+00 0.000000000000000000e+00 1.000000000000000000e+00
2.309999999999593281e-02 9.999999948329337807e-01 1.016569342995544744e-04 0.000000000000000000e+00 -1.016569342995544744e-04 9.999999948329337807e-01 -0.000000000000000000e+00 -0.000000000000000000e+00 0.000000000000000000e+00 1.000000000000000000e+00
2.319999999999585935e-02 9.999999947967125324e-01 1.020126210815586854e-04 0.000000000000000000e+00 -1.020126210815586854e-04 9.999999947967125324e-01 -0.000000000000000000e+00 -0.000000000000000000e+00 0.000000000000000000e+00 1.000000000000000000e+00
2.329999999999578589e-02 9.999999947531865718e-01 1.024384038570208614e-04 0.000000000000000000e+00 -1.024384038570208614e-04 9.999999947531865718e-01 -0.000000000000000000e+00 -0.000000000000000000e+00 0.000000000000000000e+00 1.000000000000000000e+00
2.339999999999571242e-02 9.999999947154294411e-01 1.028063279904786807e-04 0.000000000000000000e+00 -1.028063279904786807e-04 9.999999947154294411e-01 -0.000000000000000000e+00 -0.000000000000000000e+00 0.000000000000000000e+00 1.000000000000000000e+00
2.349999999999563896e-02 9.999999947297579794e-01 1.026668578886387315e-04 0.000000000000000000e+00 -1.026668578886387315e-04 9.999999947297579794e-01 -0.000000000000000000e+00 -0.000000000000000000e+00 0.000000000000000000e+00 1.000000000000000000e+00
2.359999999999556550e-02 9.999999948052097354e-01 1.019292910114623840e-04 0.000000000000000000e+00 -1.019292910114623840e-04 9.999999948052097354e-01 -0.000000000000000000e+00 -0.000000000000000000e+00 0.000000000000000000e+00 1.000000000000000000e+00
2.369999999999549203e-02 9.999999949060579540e-01 1.009350468427052739e-04 0.000000000000000000e+00 -1.009350468427052739e-04 9.999999949060579540e-01 -0.000000000000000000e+00 -0.000000000000000000e+00 0.000000000000000000e+00 1.000000000000000000e+00
2.379999999999541857e-02 9.999999950251385883e-01 9.974829640285321072e-05 0.000000000000000000e+00 -9.974829640285321072e-05 9.999999950251385883e-01 -0.000000000000000000e+00 -0.000000000000000000e+00 0.000000000000000000e+00 1.000000000000000000e+00
2.389999999999534511e-02 9.999999951746738613e-01 9.823773173774591830e-05 0.000000000000000000e+00 -9.823773173774591830e-05 9.999999951746738613e-01 -0.000000000000000000e+00 -0.000000000000000000e+00 0.000000000000000000e+00 1.000000000000000000e+00
2.399999999999527164e-02 9.999999953335448888e-01 9.660698726095666455e-05 0.000000000000000000e+00 -9.660698726095666455e-05 9.999999953335448888e-01 -0.000000000000000000e+00 -0.000000000000000000e+00 0.000000000000000000e+00 1.000000000000000000e+00
2.409999999999519818e-02 9.999999954969011062e-01 9.490098875057187172e-05 0.000000000000000000e+00 -9.490098875057187172e-05 9.999999954969011062e-01 -0.000000000000000000e+00 -0.000000000000000000e+00 0.000000000000000000e+00 1.000000000000000000e+00
2.419999999999512472e-02 9.999999956620718722e-01 9.314427426071624394e-05 0.000000000000000000e+00 -9.314427426071624394e-05 9.999999956620718722e-01 -0.000000000000000000e+00 -0.000000000000000000e+00 0.000000000000000000e+00 1.000000000000000000e+00
2.429999999999505125e-02 9.999999957727648825e-01 9.194819203861402277e-05 0.000000000000000000e+00 -9.194819203861402277e-05 9.999999957727648825e-01 -0.000000000000000000e+00 -0.000000000000000000e+00 0.000000000000000000e+00 1.000000000000000000e+00
2.439999999999497779e-02 9.999999956430036807e-01 9.334876702436763305e-05 0.000000000000000000e+00 -9.334876702436763305e-05 9.999999956430036807e-01 -0.000000000000000000e+00 -0.000000000000000000e+00 0.000000000000000000e+00 1.000000000000000000e+00
2.449999999999490433e-02 9.999999954983777029e-01 9.488542723536477243e-05 0.000000000000000000e+00 -9.488542723536477243e-05 9.999999954983777029e-01 -0.000000000000000000e+00 -0.000000000000000000e+00 0.000000000000000000e+00 1.000000000000000000e+00
2.459999999999483086e-02 9.999999954501479493e-01 9.539236840565136033e-05 0.000000000000000000e+00 -9.539236840565136033e-05 9.999999954501479493e-01 -0.000000000000000000e+00 -0.000000000000000000e+00 0.000000000000000000e+00 1.000000000000000000e+00
2.469999999999475740e-02 9.999999954626541676e-01 9.526117331685615512e-05 0.000000000000000000e+00 -9.526117331685615512e-05 9.999999954626541676e-01 -0.000000000000000000e+00 -0.000000000000000000e+00 0.000000000000000000e+00 1.000000000000000000e+00
2.479999999999468394e-02 9.999999954900297139e-01 9.497336737215847824e-05 0.000000000000000000e+00 -9.497336737215847824e-05 9.999999954900297139e-01 -0.000000000000000000e+00 -0.000000000000000000e+00 0.000000000000000000e+00 1.000000000000000000e+00
2.489999999999461047e-02 9.999999954970850702e-01 9.489904929371581119e-05 0.000000000000000000e+00 -9.489904929371581119e-05 9.999999954970850702e-01 -0.000000000000000000e+00 -0.000000000000000000e+00 0.000000000000000000e+00 1.000000000000000000e+00
2.499999999999453701e-02 9.999999954674863023e-01 9.521043682801895241e-05 0.000000000000000000e+00 -9.521043682801895241e-05 9.999999954674863023e-01 -0.000000000000000000e+00 -0.000000000000000000e+00 0.000000000000000000e+00 1.000000000000000000e+00
2.509999999999446355e-02 9.999999953998531810e-01 9.591816067786852436e-05 0.000000000000000000e+00 -9.591816067786852436e-05 9.999999953998531810e-01 -0.000000000000000000e+00 -0.000000000000000000e+00 0.000000000000000000e+00 1.000000000000000000e+00
2.519999999999439008e-02 9.999999952969820249e-01 9.698471939929570061e-05 0.000000000000000000e+00 -9.698471939929570061e-05 9.999999952969820249e-01 -0.000000000000000000e+00 -0.000000000000000000e+00 0.000000000000000000e+00 1.000000000000000000e+00
2.529999999999431662e-02 9.999999951651112884e-01 9.833502524136280534e-05 0.000000000000000000e+00 -9.833502524136280534e-05 9.999999951651112884e-01 -0.000000000000000000e+00 -0.000000000000000000e+00 0.000000000000000000e+00 1.000000000000000000e+00
2.539999999999424315e-02 9.999999950229883083e-01 9.976984991301160509e-05 0.000000000000000000e+00 -9.976984991301160509e-05 9.999999950229883083e-01 -0.000000000000000000e+00 -0.000000000000000000e+00 0.000000000000000000e+00 1.000000000000000000e+00
2.549999999999416969e-02 9.999999948972995156e-01 1.010217840283129015e-04 0.000000000000000000e+00 -1.010217840283129015e-04 9.999999948972995156e-01 -0.000000000000000000e+00 -0.000000000000000000e+00 0.000000000000000000e+00 1.000000000000000000e+00
2.559999999999409623e-02 9.999999948270882344e-01 1.017144202580579364e-04 0.000000000000000000e+00 -1.017144202580579364e-04 9.999999948270882344e-01 -0.000000000000000000e+00 -0.000000000000000000e+00 0.000000000000000000e+00 1.000000000000000000e+00
2.569999999999402276e-02 9.999999948096088831e-01 1.018861222489279470e-04 0.000000000000000000e+00 -1.018861222489279470e-04 9.999999948096088831e-01 -0.000000000000000000e+00 -0.000000000000000000e+00 0.000000000000000000e+00 1.000000000000000000e+00
2.579999999999394930e-02 9.999999948612547929e-01 1.013779576597140231e-04 0.000000000000000000e+00 -1.013779576597140231e-04 9.999999948612547929e-01 -0.000000000000000000e+00 -0.000000000000000000e+00 0.000000000000000000e+00 1.000000000000000000e+00
2.589999999999387584e-02 9.999999949457993864e-01 1.005405435828503048e-04 0.000000000000000000e+00 -1.005405435828503048e-04 9.999999949457993864e-01 -0.000000000000000000e+00 -0.000000000000000000e+00 0.000000000000000000e+00 1.000000000000000000e+00
2.599999999999380237e-02 9.999999950351088351e-01 9.964829209860125289e-05 0.000000000000000000e+00 -9.964829209860125289e-05 9.999999950351088351e-01 -0.000000000000000000e+00 -0.000000000000000000e+00 0.000000000000000000e+00 1.000000000000000000e+00
2.609999999999372891e-02 9.999999951360919459e-01 9.862969039204317007e-05 0.000000000000000000e+00 -9.862969039204317007e-05 9.999999951360919459e-01 -0.000000000000000000e+00 -0.000000000000000000e+00 0.000000000000000000e+00 1.000000000000000000e+00
2.619999999999365545e-02 9.999999952243172618e-01 9.773108599611680643e-05 0.000000000000000000e+00 -9.773108599611680643e-05 9.999999952243172618e-01 -0.000000000000000000e+00 -0.000000000000000000e+00 0.000000000000000000e+00 1.000000000000000000e+00
2.629999999999358198e-02 9.999999952710303397e-01 9.725193525371198075e-05 0.000000000000000000e+00 -9.725193525371198075e-05 9.999999952710303397e-01 -0.000000000000000000e+00 -0.000000000000000000e+00 0.000000000000000000e+00 1.000000000000000000e+00
2.639999999999350852e-02 9.999999953227367566e-01 9.671879998174769328e-05 0.000000000000000000e+00 -9.671879998174769328e-05 9.999999953227367566e-01 -0.000000000000000000e+00 -0.000000000000000000e+00 0.000000000000000000e+00 1.000000000000000000e+00
2.649999999999343506e-02 9.999999954029581417e-01 9.588578344959134228e-05 0.000000000000000000e+00 -9.588578344959134228e-05 9.999999954029581417e-01 -0.000000000000000000e+00 -0.000000000000000000e+00 0.000000000000000000e+00 1.000000000000000000e+00
2.659999999999336159e-02 9.999999955168852317e-01 9.469017461222257906e-05 0.000000000000000000e+00 -9.469017461222257906e-05 9.999999955168852317e-01 -0.000000000000000000e+00 -0.000000000000000000e+00 0.000000000000000000e+00 1.000000000000000000e+00
2.669999999999328813e-02 9.999999956604707085e-01 9.316146351355202829e-05 0.000000000000000000e+00 -9.316146351355202829e-05 9.999999956604707085e-01 -0.000000000000000000e+00 -0.000000000000000000e+00 0.000000000000000000e+00 1.000000000000000000e+00
2.679999999999321467e-02 9.999999958208397599e-01 9.142384918377242182e-05 0.000000000000000000e+00 -9.142384918377242182e-05 9.999999958208397599e-01 -0.000000000000000000e+00 -0.000000000000000000e+00 0.000000000000000000e+00 1.000000000000000000e+00
2.689999999999314120e-02 9.999999959644875203e-01 8.983888236304211807e-05 0.000000000000000000e+00 -8.983888236304211807e-05 9.999999959644875203e-01 -0.000000000000000000e+00 -0.000000000000000000e+00 0.000000000000000000e+00 1.000000000000000000e+00
2.699999999999306774e-02 9.999999960409946542e-01 8.898320374603008263e-05 0.000000000000000000e+00 -8.898320374603008263e-05 9.999999960409946542e-01 -0.000000000000000000e+00 -0.000000000000000000e+00 0.000000000000000000e+00 1.000000000000000000e+00
2.709999999999299428e-02 9.999999959996423993e-01 8.944671429225760904e-05 0.000000000000000000e+00 -8.944671429225760904e-05 9.999999959996423993e-01 -0.000000000000000000e+00 -0.000000000000000000e+00 0.000000000000000000e+00 1.000000000000000000e+00
2.719999999999292081e-02 9.999999959560237350e-01 8.993304367618569571e-05 0.000000000000000000e+00 -8.993304367618569571e-05 9.999999959560237350e-01 -0.000000000000000000e+00 -0.000000000000000000e+00 0.000000000000000000e+00 1.000000000000000000e+00
2.729999999999284735e-02 9.999999959507219760e-01 8.999197666021157996e-05 0.000000000000000000e+00 -8.999197666021157996e-05 9.999999959507219760e-01 -0.000000000000000000e+00 -0.000000000000000000e+00 0.000000000000000000e+00 1.000000000000000000e+00
2.739999999999277389e-02 9.999999959516226999e-01 8.998196695203392330e-05 0.000000000000000000e+00 -8.998196695203392330e-05 9.999999959516226999e-01 -0.000000000000000000e+00 -0.000000000000000000e+00 0.000000000000000000e+00 1.000000000000000000e+00
2.749999999999270042e-02 9.999999959310740261e-01 9.021004256906893493e-05 0.000000000000000000e+00 -9.021004256906893493e-05 9.999999959310740261e-01 -0.000000000000000000e+00 -0.000000000000000000e+00 0.000000000000000000e+00 1.000000000000000000e+00
2.759999999999262696e-02 9.999999958766795372e-01 9.081101514407175553e-05 0.000000000000000000e+00 -9.081101514407175553e-05 9.999999958766795372e-01 -0.000000000000000000e+00 -0.000000000000000000e+00 0.000000000000000000e+00 1.000000000000000000e+00
2.769999999999255350e-02 9.999999957873624279e-01 9.178929638143297107e-05 0.000000000000000000e+00 -9.178929638143297107e-05 9.999999957873624279e-01 -0.000000000000000000e+00 -0.000000000000000000e+00 0.000000000000000000e+00 1.000000000000000000e+00
2.779999999999248003e-02 9.999999956738631068e-01 9.301759830764556804e-05 0.000000000000000000e+00 -9.301759830764556804e-05 9.999999956738631068e-01 -0.000000000000000000e+00 -0.000000000000000000e+00 0.000000000000000000e+00 1.000000000000000000e+00
2.789999999999240657e-02 9.999999955507647975e-01 9.433170340995945889e-05 0.000000000000000000e+00 -9.433170340995945889e-05 9.999999955507647975e-01 -0.000000000000000000e+00 -0.000000000000000000e+00 0.000000000000000000e+00 1.000000000000000000e+00
2.799999999999233311e-02 9.999999954393319346e-01 9.550568504332411068e-05 0.000000000000000000e+00 -9.550568504332411068e-05 9.999999954393319346e-01 -0.000000000000000000e+00 -0.000000000000000000e+00 0.000000000000000000e+00 1.000000000000000000e+00
2.809999999999225964e-02 9.999999953972300570e-01 9.594550417963066584e-05 0.000000000000000000e+00 -9.594550417963066584e-05 9.999999953972300570e-01 -0.000000000000000000e+00 -0.000000000000000000e+00 0.000000000000000000e+00 1.000000000000000000e+00
2.819999999999218618e-02 9.999999954326855844e-01 9.557525027625167382e-05 0.000000000000000000e+00 -9.557525027625167382e-05 9.999999954326855844e-01 -0.000000000000000000e+00 -0.000000000000000000e+00 0.000000000000000000e+00 1.000000000000000000e+00
2.829999999999211271e-02 9.999999955318071843e-01 9.453245684210343533e-05 0.000000000000000000e+00 -9.453245684210343533e-05 9.999999955318071843e-01 -0.000000000000000000e+00 -0.000000000000000000e+00 0.000000000000000000e+00 1.000000000000000000e+00
2.839999999999203925e-02 9.999999956377002563e-01 9.340556302871682020e-05 0.000000000000000000e+00 -9.340556302871682020e-05 9.999999956377002563e-01 -0.000000000000000000e+00 -0.000000000000000000e+00 0.000000000000000000e+00 1.000000000000000000e+00
2.849999999999196579e-02 9.999999957199179335e-01 9.252115292506688730e-05 0.000000000000000000e+00 -9.252115292506688730e-05 9.999999957199179335e-01 -0.000000000000000000e+00 -0.000000000000000000e+00 0.000000000000000000e+00 1.000000000000000000e+00
2.859999999999189232e-02 9.999999957721912303e-01 9.195443029682884273e-05 0.000000000000000000e+00 -9.195443029682884273e-05 9.999999957721912303e-01 -0.000000000000000000e+00 -0.000000000000000000e+00 0.000000000000000000e+00 1.000000000000000000e+00
2.869999999999181886e-02 9.999999957962851793e-01 9.169203615261829559e-05 0.000000000000000000e+00 -9.169203615261829559e-05 9.999999957962851793e-01 -0.000000000000000000e+00 -0.000000000000000000e+00 0.000000000000000000e+00 1.000000000000000000e+00
2.879999999999174540e-02 9.999999958046065229e-01 9.160123801707494115e-05 0.000000000000000000e+00 -9.160123801707494115e-05 9.999999958046065229e-01 -0.000000000000000000e+00 -0.000000000000000000e+00 0.000000000000000000e+00 1.000000000000000000e+00
2.889999999999167193e-02 9.999999958161897018e-01 9.147469753099842773e-05 0.000000000000000000e+00 -9.147469753099842773e-05 9.999999958161897018e-01 -0.000000000000000000e+00 -0.000000000000000000e+00 0.000000000000000000e+00 1.000000000000000000e+00
2.899999999999159847e-02 9.999999958600152006e-01 9.099433748047686273e-05 0.000000000000000000e+00 -9.099433748047686273e-05 9.999999958600152006e-01 -0.000000000000000000e+00 -0.000000000000000000e+00 0.000000000000000000e+00 1.000000000000000000e+00
2.909999999999152501e-02 9.999999959463977683e-01 9.004001428944137346e-05 0.000000000000000000e+00 -9.004001428944137346e-05 9.999999959463977683e-01 -0.000000000000000000e+00 -0.000000000000000000e+00 0.000000000000000000e+00 1.000000000000000000e+00
2.919999999999145154e-02 9.999999960731793536e-01 8.862077037361674786e-05 0.000000000000000000e+00 -8.862077037361674786e-05 9.999999960731793536e-01 -0.000000000000000000e+00 -0.000000000000000000e+00 0.000000000000000000e+00 1.000000000000000000e+00
2.929999999999137808e-02 9.999999962175690760e-01 8.697621366072748610e-05 0.000000000000000000e+00 -8.697621366072748610e-05 9.999999962175690760e-01 -0.000000000000000000e+00 -0.000000000000000000e+00 0.000000000000000000e+00 1.000000000000000000e+00
2.939999999999130462e-02 9.999999963691540428e-01 8.521556024153841263e-05 0.000000000000000000e+00 -8.521556024153841263e-05 9.999999963691540428e-01 -0.000000000000000000e+00 -0.000000000000000000e+00 0.000000000000000000e+00 1.000000000000000000e+00
2.949999999999123115e-02 9.999999965051965534e-01 8.360386842901188116e-05 0.000000000000000000e+00 -8.360386842901188116e-05 9.999999965051965534e-01 -0.000000000000000000e+00 -0.000000000000000000e+00 0.000000000000000000e+00 1.000000000000000000e+00
2.959999999999115769e-02 9.999999966028262355e-01 8.242783020534151419e-05 0.000000000000000000e+00 -8.242783020534151419e-05 9.999999966028262355e-01 -0.000000000000000000e+00 -0.000000000000000000e+00 0.000000000000000000e+00 1.000000000000000000e+00
2.969999999999108423e-02 9.999999966419184094e-01 8.195219943880811028e-05 0.000000000000000000e+00 -8.195219943880811028e-05 9.999999966419184094e-01 -0.000000000000000000e+00 -0.000000000000000000e+00 0.000000000000000000e+00 1.000000000000000000e+00
2.979999999999101076e-02 9.999999966392548734e-01 8.198469454336268915e-05 0.000000000000000000e+00 -8.198469454336268915e-05 9.999999966392548734e-01 -0.000000000000000000e+00 -0.000000000000000000e+00 0.000000000000000000e+00 1.000000000000000000e+00
2.989999999999093730e-02 9.999999966334305324e-01 8.205570511978603205e-05 0.000000000000000000e+00 -8.205570511978603205e-05 9.999999966334305324e-01 -0.000000000000000000e+00 -0.000000000000000000e+00 0.000000000000000000e+00 1.000000000000000000e+00
2.999999999999086384e-02 9.999999966261684525e-01 8.214415953823097900e-05 0.000000000000000000e+00 -8.214415953823097900e-05 9.999999966261684525e-01 -0.000000000000000000e+00 -0.000000000000000000e+00 0.000000000000000000e+00 1.000000000000000000e+00
3.009999999999079037e-02 9.999999966121077000e-01 8.231515254807084190e-05 0.000000000000000000e+00 -8.231515254807084190e-05 9.999999966121077000e-01 -0.000000000000000000e+00 -0.000000000000000000e+00 0.000000000000000000e+00 1.000000000000000000e+00
3.019999999999071691e-02 9.999999965911079425e-01 8.256987294823186347e-05 0.000000000000000000e+00 -8.256987294823186347e-05 9.999999965911079425e-01 -0.000000000000000000e+00 -0.000000000000000000e+00 0.000000000000000000e+00 1.000000000000000000e+00
3.029999999999064345e-02 9.999999965606198860e-01 8.293829005211826697e-05 0.000000000000000000e+00 -8.293829005211826697e-05 9.999999965606198860e-01 -0.000000000000000000e+00 -0.000000000000000000e+00 0.000000000000000000e+00 1.000000000000000000e+00
3.039999999999056998e-02 9.999999965276733516e-01 8.333458552409641056e-05 0.000000000000000000e+00 -8.333458552409641056e-05 9.999999965276733516e-01 -0.000000000000000000e+00 -0.000000000000000000e+00 0.000000000000000000e+00 1.000000000000000000e+00
3.049999999999049652e-02 9.999999965048842476e-01 8.360760218414784372e-05 0.000000000000000000e+00 -8.360760218414784372e-05 9.999999965048842476e-01 -0.000000000000000000e+00 -0.000000000000000000e+00 0.000000000000000000e+00 1.000000000000000000e+00
3.059999999999042306e-02 9.999999965129039436e-01 8.351162684381624099e-05 0.000000000000000000e+00 -8.351162684381624099e-05 9.999999965129039436e-01 -0.000000000000000000e+00 -0.000000000000000000e+00 0.000000000000000000e+00 1.000000000000000000e+00
3.069999999999034959e-02 9.999999965765635768e-01 8.274583031588041767e-05 0.000000000000000000e+00 -8.274583031588041767e-05 9.999999965765635768e-01 -0.000000000000000000e+00 -0.000000000000000000e+00 0.000000000000000000e+00 1.000000000000000000e+00
3.079999999999027613e-02 9.999999966811711216e-01 8.147182017769331896e-05 0.000000000000000000e+00 -8.147182017769331896e-05 9.999999966811711216e-01 -0.000000000000000000e+00 -0.000000000000000000e+00 0.000000000000000000e+00 1.000000000000000000e+00
3.089999999999020266e-02 9.999999968180217635e-01 7.977440766422252787e-05 0.000000000000000000e+00 -7.977440766422252787e-05 9.999999968180217635e-01 -0.000000000000000000e+00 -0.000000000000000000e+00 0.000000000000000000e+00 1.000000000000000000e+00
3.099999999999012920e-02 9.999999969540699363e-01 7.805036859584224334e-05 0.000000000000000000e+00 -7.805036859584224334e-05 9.999999969540699363e-01 -0.000000000000000000e+00 -0.000000000000000000e+00 0.000000000000000000e+00 1.000000000000000000e+00
3.109999999999005574e-02 9.999999970769718471e-01 7.645950674782342569e-05 0.000000000000000000e+00 -7.645950674782342569e-05 9.999999970769718471e-01 -0.000000000000000000e+00 -0.000000000000000000e+00 0.000000000000000000e+00 1.000000000000000000e+00
3.119999999998998227e-02 9.999999971872324256e-01 7.500356719435512264e-05 0.000000000000000000e+00 -7.500356719435512264e-05 9.999999971872324256e-01 -0.000000000000000000e+00 -0.000000000000000000e+00 0.000000000000000000e+00 1.000000000000000000e+00
3.129999999998999555e-02 9.999999972888825583e-01 7.363582319993133959e-05 0.000000000000000000e+00 -7.363582319993133959e-05 9.999999972888825583e-01 -0.000000000000000000e+00 -0.000000000000000000e+00 0.000000000000000000e+00 1.000000000000000000e+00
3.139999999999009556e-02 9.999999973889408533e-01 7.226422390863376528e-05 0.000000000000000000e+00 -7.226422390863376528e-05 9.999999973889408533e-01 -0.000000000000000000e+00 -0.000000000000000000e+00 0.000000000000000000e+00 1.000000000000000000e+00
3.149999999999019556e-02 9.999999975004575381e-01 7.070420660510969490e-05 0.000000000000000000e+00 -7.070420660510969490e-05 9.999999975004575381e-01 -0.000000000000000000e+00 -0.000000000000000000e+00 0.000000000000000000e+00 1.000000000000000000e+00
3.159999999999029557e-02 9.999999976426882098e-01 6.866311415318824792e-05 0.000000000000000000e+00 -6.866311415318824792e-05 9.999999976426882098e-01 -0.000000000000000000e+00 -0.000000000000000000e+00 0.000000000000000000e+00 1.000000000000000000e+00
3.169999999999039558e-02 9.999999978157575464e-01 6.609451301493196205e-05 0.000000000000000000e+00 -6.609451301493196205e-05 9.999999978157575464e-01 -0.000000000000000000e+00 -0.000000000000000000e+00 0.000000000000000000e+00 1.000000000000000000e+00
3.179999999999049559e-02 9.999999980088944973e-01 6.310475929599456617e-05 0.000000000000000000e+00 -6.310475929599456617e-05 9.999999980088944973e-01 -0.000000000000000000e+00 -0.000000000000000000e+00 0.000000000000000000e+00 1.000000000000000000e+00
3.189999999999059560e-02 9.999999982082072858e-01 5.986305360791511690e-05 0.000000000000000000e+00 -5.986305360791511690e-05 9.999999982082072858e-01 -0.000000000000000000e+00 -0.000000000000000000e+00 0.000000000000000000e+00 1.000000000000000000e+00
3.199999999999069561e-02 9.999999983836892481e-01 5.685614707053377647e-05 0.000000000000000000e+00 -5.685614707053377647e-05 9.999999983836892481e-01 -0.000000000000000000e+00 -0.000000000000000000e+00 0.000000000000000000e+00 1.000000000000000000e+00
3.209999999999079562e-02 9.999999984884393456e-01 5.498291575118483964e-05 0.000000000000000000e+00 -5.498291575118483964e-05 9.999999984884393456e-01 -0.000000000000000000e+00 -0.000000000000000000e+00 0.000000000000000000e+00 1.000000000000000000e+00
3.219999999999089563e-02 9.999999985223415599e-01 5.436282275400362445e-05 0.000000000000000000e+00 -5.436282275400362445e-05 9.999999985223415599e-01 -0.000000000000000000e+00 -0.000000000000000000e+00 0.000000000000000000e+00 1.000000000000000000e+00
3.229999999999099564e-02 9.999999985639631550e-01 5.359172966149990407e-05 0.000000000000000000e+00 -5.359172966149990407e-05 9.999999985639631550e-01 -0.000000000000000000e+00 -0.000000000000000000e+00 0.000000000000000000e+00 1.000000000000000000e+00
3.239999999999109564e-02 9.999999986238506944e-01 5.246235221562823859e-05 0.000000000000000000e+00 -5.246235221562823859e-05 9.999999986238506944e-01 -0.000000000000000000e+00 -0.000000000000000000e+00 0.000000000000000000e+00 1.000000000000000000e+00
3.249999999999119565e-02 9.999999986870188318e-01 5.124414069965509176e-05 0.000000000000000000e+00 -5.124414069965509176e-05 9.999999986870188318e-01 -0.000000000000000000e+00 -0.000000000000000000e+00 0.000000000000000000e+00 1.000000000000000000e+00
3.259999999999129566e-02 9.999999987406986701e-01 5.018568115882633918e-05 0.000000000000000000e+00 -5.018568115882633918e-05 9.999999987406986701e-01 -0.000000000000000000e+00 -0.000000000000000000e+00 0.000000000000000000e+00 1.000000000000000000e+00
3.269999999999139567e-02 9.999999987812664415e-01 4.937070959820586129e-05 0.000000000000000000e+00 -4.937070959820586129e-05 9.999999987812664415e-01 -0.000000000000000000e+00 -0.000000000000000000e+00 0.000000000000000000e+00 1.000000000000000000e+00
3.279999999999149568e-02 9.999999988108029259e-01 4.876878041138099699e-05 0.000000000000000000e+00 -4.876878041138099699e-05 9.999999988108029259e-01 -0.000000000000000000e+00 -0.000000000000000000e+00 0.000000000000000000e+00 1.000000000000000000e+00
3.289999999999159569e-02 9.999999988331226275e-01 4.830894988440936867e-05 0.000000000000000000e+00 -4.830894988440936867e-05 9.999999988331226275e-01 -0.000000000000000000e+00 -0.000000000000000000e+00 0.000000000000000000e+00 1.000000000000000000e+00
3.299999999999169570e-02 9.999999988536463214e-01 4.788222249691134378e-05 0.000000000000000000e+00 -4.788222249691134378e-05 9.999999988536463214e-01 -0.000000000000000000e+00 -0.000000000000000000e+00 0.000000000000000000e+00 1.000000000000000000e+00
3.309999999999179571e-02 9.999999988793354389e-01 4.734267597459638848e-05 0.000000000000000000e+00 -4.734267597459638848e-05 9.999999988793354389e-01 -0.000000000000000000e+00 -0.000000000000000000e+00 0.000000000000000000e+00 1.000000000000000000e+00
3.319999999999189572e-02 9.999999989116898913e-01 4.665426006045791387e-05 0.000000000000000000e+00 -4.665426006045791387e-05 9.999999989116898913e-01 -0.000000000000000000e+00 -0.000000000000000000e+00 0.000000000000000000e+00 1.000000000000000000e+00
3.329999999999199572e-02 9.999999989538070899e-01 4.574260178814290112e-05 0.000000000000000000e+00 -4.574260178814290112e-05 9.999999989538070899e-01 -0.000000000000000000e+00 -0.000000000000000000e+00 0.000000000000000000e+00 1.000000000000000000e+00
3.339999999999209573e-02 9.999999990096474223e-01 4.450511198224467289e-05 0.000000000000000000e+00 -4.450511198224467289e-05 9.999999990096474223e-01 -0.000000000000000000e+00 -0.000000000000000000e+00 0.000000000000000000e+00 1.000000000000000000e+00
3.349999999999219574e-02 9.999999990748370537e-01 4.301541092607540784e-05 0.000000000000000000e+00 -4.301541092607540784e-05 9.999999990748370537e-01 -0.000000000000000000e+00 -0.000000000000000000e+00 0.000000000000000000e+00 1.000000000000000000e+00
3.359999999999229575e-02 9.999999991442035663e-01 4.137139769765046075e-05 0.000000000000000000e+00 -4.137139769765046075e-05 9.999999991442035663e-01 -0.000000000000000000e+00 -0.000000000000000000e+00 0.000000000000000000e+00 1.000000000000000000e+00
3.369999999999239576e-02 9.999999992147403649e-01 3.962977263051452217e-05 0.000000000000000000e+00 -3.962977263051452217e-05 9.999999992147403649e-01 -0.000000000000000000e+00 -0.000000000000000000e+00 0.000000000000000000e+00 1.000000000000000000e+00
3.379999999999249577e-02 9.999999992849155639e-01 3.781756764346046900e-05 0.000000000000000000e+00 -3.781756764346046900e-05 9.999999992849155639e-01 -0.000000000000000000e+00 -0.000000000000000000e+00 0.000000000000000000e+00 1.000000000000000000e+00
3.389999999999259578e-02 9.999999993532128206e-01 3.596628810435619590e-05 0.000000000000000000e+00 -3.596628810435619590e-05 9.999999993532128206e-01 -0.000000000000000000e+00 -0.000000000000000000e+00 0.000000000000000000e+00 1.000000000000000000e+00
3.399999999999269579e-02 9.999999994202470877e-01 3.405151367765811110e-05 0.000000000000000000e+00 -3.405151367765811110e-05 9.999999994202470877e-01 -0.000000000000000000e+00 -0.000000000000000000e+00 0.000000000000000000e+00 1.000000000000000000e+00
3.409999999999279580e-02 9.999999994894601674e-01 3.195433054191905079e-05 0.000000000000000000e+00 -3.195433054191905079e-05 9.999999994894601674e-01 -0.000000000000000000e+00 -0.000000000000000000e+00 0.000000000000000000e+00 1.000000000000000000e+00
3.419999999999289580e-02 9.999999995665918018e-01 2.944174109130957422e-05 0.000000000000000000e+00 -2.944174109130957422e-05 9.999999995665918018e-01 -0.000000000000000000e+00 -0.000000000000000000e+00 0.000000000000000000e+00 1.000000000000000000e+00
3.429999999999299581e-02 9.999999996513677658e-01 2.640576347257064793e-05 0.000000000000000000e+00 -2.640576347257064793e-05 9.999999996513677658e-01 -0.000000000000000000e+00 -0.000000000000000000e+00 0.000000000000000000e+00 1.000000000000000000e+00
3.439999999999309582e-02 9.999999997383101080e-01 2.287748533572650416e-05 0.000000000000000000e+00 -2.287748533572650416e-05 9.999999997383101080e-01 -0.000000000000000000e+00 -0.000000000000000000e+00 0.000000000000000000e+00 1.000000000000000000e+00
3.449999999999319583e-02 9.999999998064542650e-01 1.967463627738351856e-05 0.000000000000000000e+00 -1.967463627738351856e-05 9.999999998064542650e-01 -0.000000000000000000e+00 -0.000000000000000000e+00 0.000000000000000000e+00 1.000000000000000000e+00
3.459999999999329584e-02 9.999999998176423155e-01 1.909751357196470351e-05 0.000000000000000000e+00 -1.909751357196470351e-05 9.999999998176423155e-01 -0.000000000000000000e+00 -0.000000000000000000e+00 0.000000000000000000e+00 1.000000000000000000e+00
3.469999999999339585e-02 9.999999998189097461e-01 1.903103983050439144e-05 0.000000000000000000e+00 -1.903103983050439144e-05 9.999999998189097461e-01 -0.000000000000000000e+00 -0.000000000000000000e+00 0.000000000000000000e+00 1.000000000000000000e+00
3.479999999999349586e-02 9.999999998385735722e-01 1.796810468993465377e-05 0.000000000000000000e+00 -1.796810468993465377e-05 9.999999998385735722e-01 -0.000000000000000000e+00 -0.000000000000000000e+00 0.000000000000000000e+00 1.000000000000000000e+00
3.489999999999359587e-02 9.999999998677536750e-01 1.626321872684309504e-05 0.000000000000000000e+00 -1.626321872684309504e-05 9.999999998677536750e-01 -0.000000000000000000e+00 -0.000000000000000000e+00 0.000000000000000000e+00 1.000000000000000000e+00
3.499999999999369588e-02 9.999999998973994053e-01 1.432483980066812265e-05 0.000000000000000000e+00 -1.432483980066812265e-05 9.999999998973994053e-01 -0.000000000000000000e+00 -0.000000000000000000e+00 0.000000000000000000e+00 1.000000000000000000e+00
3.509999999999379589e-02 9.999999999220176017e-01 1.248857988526276819e-05 0.000000000000000000e+00 -1.248857988526276819e-05 9.999999999220176017e-01 -0.000000000000000000e+00 -0.000000000000000000e+00 0.000000000000000000e+00 1.000000000000000000e+00
3.519999999999389589e-02 9.999999999407752638e-01 1.088343540256119082e-05 0.000000000000000000e+00 -1.088343540256119082e-05 9.999999999407752638e-01 -0.000000000000000000e+00 -0.000000000000000000e+00 0.000000000000000000e+00 1.000000000000000000e+00
3.529999999999399590e-02 9.999999999551877350e-01 9.467008215956111307e-06 0.000000000000000000e+00 -9.467008215956111307e-06 9.999999999551877350e-01 -0.000000000000000000e+00 -0.000000000000000000e+00 0.000000000000000000e+00 1.000000000000000000e+00
3.539999999999409591e-02 9.999999999667411599e-01 8.155815609617093244e-06 0.000000000000000000e+00 -8.155815609617093244e-06 9.999999999667411599e-01 -0.000000000000000000e+00 -0.000000000000000000e+00 0.000000000000000000e+00 1.000000000000000000e+00
3.549999999999419592e-02 9.999999999764048741e-01 6.869494312144701765e-06 0.000000000000000000e+00 -6.869494312144701765e-06 9.999999999764048741e-01 -0.000000000000000000e+00 -0.000000000000000000e+00 0.000000000000000000e+00 1.000000000000000000e+00
3.559999999999429593e-02 9.999999999846375109e-01 5.542999221942769425e-06 0.000000000000000000e+00 -5.542999221942769425e-06 9.999999999846375109e-01 -0.000000000000000000e+00 -0.000000000000000000e+00 0.000000000000000000e+00 1.000000000000000000e+00
3.569999999999439594e-02 9.999999999914775950e-01 4.128491703792366734e-06 0.000000000000000000e+00 -4.128491703792366734e-06 9.999999999914775950e-01 -0.000000000000000000e+00 -0.000000000000000000e+00 0.000000000000000000e+00 1.000000000000000000e+00
3.579999999999449595e-02 9.999999999966601161e-01 2.584433673122540943e-06 0.000000000000000000e+00 -2.584433673122540943e-06 9.999999999966601161e-01 -0.000000000000000000e+00 -0.000000000000000000e+00 0.000000000000000000e+00 1.000000000000000000e+00
3.589999999999459596e-02 9.999999999996332933e-01 8.560859477177390853e-07 0.000000000000000000e+00 -8.560859477177390853e-07 9.999999999996332933e-01 -0.000000000000000000e+00 -0.000000000000000000e+00 0.000000000000000000e+00 1.000000000000000000e+00
3.599999999999469597e-02 9.999999999994563238e-01 -1.042761668279549318e-06 0.000000000000000000e+00 1.042761668279549318e-06 9.999999999994563238e-01 -0.000000000000000000e+00 0.000000000000000000e+00 0.000000000000000000e+00 1.000000000000000000e+00
3.609999999999479597e-02 9.999999999953026464e-01 -3.065047185190036334e-06 0.000000000000000000e+00 3.065047185190036334e-06 9.999999999953026464e-01 -0.000000000000000000e+00 0.000000000000000000e+00 0.000000000000000000e+00 1.000000000000000000e+00
3.619999999999489598e-02 9.999999999865158973e-01 -5.193046269285039400e-06 0.000000000000000000e+00 5.193046269285039400e-06 9.999999999865158973e-01 -0.000000000000000000e+00 0.000000000000000000e+00 0.000000000000000000e+00 1.000000000000000000e+00
3.629999999999499599e-02 9.999999999726328914e-01 -7.398240393107752803e-06 0.000000000000000000e+00 7.398240393107752803e-06 9.999999999726328914e-01 -0.000000000000000000e+00 0.000000000000000000e+00 0.000000000000000000e+00 1.000000000000000000e+00
3.639999999999509600e-02 9.999999999533968342e-01 -9.654326606196480512e-06 0.000000000000000000e+00 9.654326606196480512e-06 9.999999999533968342e-01 -0.000000000000000000e+00 0.000000000000000000e+00 0.000000000000000000e+00 1.000000000000000000e+00
3.649999999999519601e-02 9.999999999291447894e-01 -1.190420868317644346e-05 0.000000000000000000e+00 1.190420868317644346e-05 9.999999999291447894e-01 -0.000000000000000000e+00 0.000000000000000000e+00 0.000000000000000000e+00 1.000000000000000000e+00
3.659999999999529602e-02 9.999999999051030208e-01 -1.377656276677406549e-05 0.000000000000000000e+00 1.377656276677406549e-05 9.999999999051030208e-01 -0.000000000000000000e+00 0.000000000000000000e+00 0.000000000000000000e+00 1.000000000000000000e+00
3.669999999999539603e-02 9.999999999028239550e-01 -1.394101376648378136e-05 0.000000000000000000e+00 1.394101376648378136e-05 9.999999999028239550e-01 -0.000000000000000000e+00 0.000000000000000000e+00 0.000000000000000000e+00 1.000000000000000000e+00
3.679999999999549604e-02 9.999999999011172092e-01 -1.406289996974472562e-05 0.000000000000000000e+00 1.406289996974472562e-05 9.999999999011172092e-01 -0.000000000000000000e+00 0.000000000000000000e+00 0.000000000000000000e+00 1.000000000000000000e+00
3.689999999999559605e-02 9.999999998882134200e-01 -1.495235355034549928e-05 0.000000000000000000e+00 1.495235355034549928e-05 9.999999998882134200e-01 -0.000000000000000000e+00 0.000000000000000000e+00 0.000000000000000000e+00 1.000000000000000000e+00
3.699999999999569605e-02 9.999999998640437537e-01 -1.648976088244317298e-05 0.000000000000000000e+00 1.648976088244317298e-05 9.999999998640437537e-01 -0.000000000000000000e+00 0.000000000000000000e+00 0.000000000000000000e+00 1.000000000000000000e+00
3.709999999999579606e-02 9.999999998293516157e-01 -1.847421613476682523e-05 0.000000000000000000e+00 1.847421613476682523e-05 9.999999998293516157e-01 -0.000000000000000000e+00 0.000000000000000000e+00 0.000000000000000000e+00 1.000000000000000000e+00
3.719999999999589607e-02 9.999999997846192867e-01 -2.075478763600529771e-05 0.000000000000000000e+00 2.075478763600529771e-05 9.999999997846192867e-01 -0.000000000000000000e+00 0.000000000000000000e+00 0.000000000000000000e+00 1.000000000000000000e+00
3.729999999999599608e-02 9.999999997312014610e-01 -2.318613297048312618e-05 0.000000000000000000e+00 2.318613297048312618e-05 9.999999997312014610e-01 -0.000000000000000000e+00 0.000000000000000000e+00 0.000000000000000000e+00 1.000000000000000000e+00
3.739999999999609609e-02 9.999999996717447992e-01 -2.562245162039764740e-05 0.000000000000000000e+00 2.562245162039764740e-05 9.999999996717447992e-01 -0.000000000000000000e+00 0.000000000000000000e+00 0.000000000000000000e+00 1.000000000000000000e+00
3.749999999999619610e-02 9.999999996092332477e-01 -2.795591809176471739e-05 0.000000000000000000e+00 2.795591809176471739e-05 9.999999996092332477e-01 -0.000000000000000000e+00 0.000000000000000000e+00 0.000000000000000000e+00 1.000000000000000000e+00
3.759999999999629611e-02 9.999999995444498468e-01 -3.018443229950468993e-05 0.000000000000000000e+00 3.018443229950468993e-05 9.999999995444498468e-01 -0.000000000000000000e+00 0.000000000000000000e+00 0.000000000000000000e+00 1.000000000000000000e+00
3.769999999999639612e-02 9.999999994795855107e-01 -3.226187831587023786e-05 0.000000000000000000e+00 3.226187831587023786e-05 9.999999994795855107e-01 -0.000000000000000000e+00 0.000000000000000000e+00 0.000000000000000000e+00 1.000000000000000000e+00
3.779999999999649613e-02 9.999999994144770366e-01 -3.422054229679585575e-05 0.000000000000000000e+00 3.422054229679585575e-05 9.999999994144770366e-01 -0.000000000000000000e+00 0.000000000000000000e+00 0.000000000000000000e+00 1.000000000000000000e+00
3.789999999999659613e-02 9.999999993471473392e-01 -3.613453888286750448e-05 0.000000000000000000e+00 3.613453888286750448e-05 9.999999993471473392e-01 -0.000000000000000000e+00 0.000000000000000000e+00 0.000000000000000000e+00 1.000000000000000000e+00
3.799999999999669614e-02 9.999999992790101766e-01 -3.797340260327502896e-05 0.000000000000000000e+00 3.797340260327502896e-05 9.999999992790101766e-01 -0.000000000000000000e+00 0.000000000000000000e+00 0.000000000000000000e+00 1.000000000000000000e+00
3.809999999999679615e-02 9.999999992169518181e-01 -3.957393258130529289e-05 0.000000000000000000e+00 3.957393258130529289e-05 9.999999992169518181e-01 -0.000000000000000000e+00 0.000000000000000000e+00 0.000000000000000000e+00 1.000000000000000000e+00
3.819999999999689616e-02 9.999999991623677031e-01 -4.092999249295349796e-05 0.000000000000000000e+00 4.092999249295349796e-05 9.999999991623677031e-01 -0.000000000000000000e+00 0.000000000000000000e+00 0.000000000000000000e+00 1.000000000000000000e+00
3.829999999999699617e-02 9.999999991079958628e-01 -4.223751797376778871e-05 0.000000000000000000e+00 4.223751797376778871e-05 9.999999991079958628e-01 -0.000000000000000000e+00 0.000000000000000000e+00 0.000000000000000000e+00 1.000000000000000000e+00
3.839999999999709618e-02 9.999999990467194344e-01 -4.366418142966414643e-05 0.000000000000000000e+00 4.366418142966414643e-05 9.999999990467194344e-01 -0.000000000000000000e+00 0.000000000000000000e+00 0.000000000000000000e+00 1.000000000000000000e+00
3.849999999999719619e-02 9.999999989756870322e-01 -4.526174643391858693e-05 0.000000000000000000e+00 4.526174643391858693e-05 9.999999989756870322e-01 -0.000000000000000000e+00 0.000000000000000000e+00 0.000000000000000000e+00 1.000000000000000000e+00
3.859999999999729620e-02 9.999999988955522445e-01 -4.699888729746247987e-05 0.000000000000000000e+00 4.699888729746247987e-05 9.999999988955522445e-01 -0.000000000000000000e+00 0.000000000000000000e+00 0.000000000000000000e+00 1.000000000000000000e+00
3.869999999999739621e-02 9.999999988088204006e-01 -4.880941568186118539e-05 0.000000000000000000e+00 4.880941568186118539e-05 9.999999988088204006e-01 -0.000000000000000000e+00 0.000000000000000000e+00 0.000000000000000000e+00 1.000000000000000000e+00
3.879999999999749621e-02 9.999999987185663741e-01 -5.062476720480664412e-05 0.000000000000000000e+00 5.062476720480664412e-05 9.999999987185663741e-01 -0.000000000000000000e+00 0.000000000000000000e+00 0.000000000000000000e+00 1.000000000000000000e+00
3.889999999999759622e-02 9.999999986273527819e-01 -5.239555352565392396e-05 0.000000000000000000e+00 5.239555352565392396e-05 9.999999986273527819e-01 -0.000000000000000000e+00 0.000000000000000000e+00 0.000000000000000000e+00 1.000000000000000000e+00
3.899999999999769623e-02 9.999999985364679267e-01 -5.410234622761387826e-05 0.000000000000000000e+00 5.410234622761387826e-05 9.999999985364679267e-01 -0.000000000000000000e+00 0.000000000000000000e+00 0.000000000000000000e+00 1.000000000000000000e+00
3.909999999999779624e-02 9.999999984456524604e-01 -5.575567027919358255e-05 0.000000000000000000e+00 5.575567027919358255e-05 9.999999984456524604e-01 -0.000000000000000000e+00 0.000000000000000000e+00 0.000000000000000000e+00 1.000000000000000000e+00
3.919999999999789625e-02 9.999999983536238535e-01 -5.738250691457380065e-05 0.000000000000000000e+00 5.738250691457380065e-05 9.999999983536238535e-01 -0.000000000000000000e+00 0.000000000000000000e+00 0.000000000000000000e+00 1.000000000000000000e+00
3.929999999999799626e-02 9.999999982589462544e-01 -5.900938333591074057e-05 0.000000000000000000e+00 5.900938333591074057e-05 9.999999982589462544e-01 -0.000000000000000000e+00 0.000000000000000000e+00 0.000000000000000000e+00 1.000000000000000000e+00
3.939999999999809627e-02 9.999999981606085830e-01 -6.065296746592917503e-05 0.000000000000000000e+00 6.065296746592917503e-05 9.999999981606085830e-01 -0.000000000000000000e+00 0.000000000000000000e+00 0.000000000000000000e+00 1.000000000000000000e+00
3.949999999999819628e-02 9.999999980587340742e-01 -6.230996374715020228e-05 0.000000000000000000e+00 6.230996374715020228e-05 9.999999980587340742e-01 -0.000000000000000000e+00 0.000000000000000000e+00 0.000000000000000000e+00 1.000000000000000000e+00
3.959999999999829629e-02 9.999999979536179362e-01 -6.397471356508749177e-05 0.000000000000000000e+00 6.397471356508749177e-05 9.999999979536179362e-01 -0.000000000000000000e+00 0.000000000000000000e+00 0.000000000000000000e+00 1.000000000000000000e+00
3.969999999999839629e-02 9.999999978452085436e-01 -6.564741071805089512e-05 0.000000000000000000e+00 6.564741071805089512e-05 9.999999978452085436e-01 -0.000000000000000000e+00 0.000000000000000000e+00 0.000000000000000000e+00 1.000000000000000000e+00
3.979999999999849630e-02 9.999999977335027879e-01 -6.732751543685468426e-05 0.000000000000000000e+00 6.732751543685468426e-05 9.999999977335027879e-01 -0.000000000000000000e+00 0.000000000000000000e+00 0.000000000000000000e+00 1.000000000000000000e+00
3.989999999999859631e-02 9.999999976185095507e-01 -6.901435149835768285e-05 0.000000000000000000e+00 6.901435149835768285e-05 9.999999976185095507e-01 -0.000000000000000000e+00 0.000000000000000000e+00 0.000000000000000000e+00 1.000000000000000000e+00
3.999999999999869632e-02 9.999999975002142882e-01 -7.070764430781166542e-05 0.000000000000000000e+00 7.070764430781166542e-05 9.999999975002142882e-01 -0.000000000000000000e+00 0.000000000000000000e+00 0.000000000000000000e+00 1.000000000000000000e+00
4.009999999999879633e-02 9.999999973786211083e-01 -7.240688980574556239e-05 0.000000000000000000e+00 7.240688980574556239e-05 9.999999973786211083e-01 -0.000000000000000000e+00 0.000000000000000000e+00 0.000000000000000000e+00 1.000000000000000000e+00
4.019999999999889634e-02 9.999999972537797488e-01 -7.411099833481627126e-05 0.000000000000000000e+00 7.411099833481627126e-05 9.999999972537797488e-01 -0.000000000000000000e+00 0.000000000000000000e+00 0.000000000000000000e+00 1.000000000000000000e+00
4.029999999999899635e-02 9.999999971257896858e-01 -7.581833747205150896e-05 0.000000000000000000e+00 7.581833747205150896e-05 9.999999971257896858e-01 -0.000000000000000000e+00 0.000000000000000000e+00 0.000000000000000000e+00 1.000000000000000000e+00
4.039999999999909636e-02 9.999999969947398482e-01 -7.752754438924366355e-05 0.000000000000000000e+00 7.752754438924366355e-05 9.999999969947398482e-01 -0.000000000000000000e+00 0.000000000000000000e+00 0.000000000000000000e+00 1.000000000000000000e+00
4.049999999999919637e-02 9.999999968606649858e-01 -7.923805779684600648e-05 0.000000000000000000e+00 7.923805779684600648e-05 9.999999968606649858e-01 -0.000000000000000000e+00 0.000000000000000000e+00 0.000000000000000000e+00 1.000000000000000000e+00
4.059999999999929637e-02 9.999999967235391196e-01 -8.095011766358317076e-05 0.000000000000000000e+00 8.095011766358317076e-05 9.999999967235391196e-01 -0.000000000000000000e+00 0.000000000000000000e+00 0.000000000000000000e+00 1.000000000000000000e+00
4.069999999999939638e-02 9.999999965832927495e-01 -8.266446768977755110e-05 0.000000000000000000e+00 8.266446768977755110e-05 9.999999965832927495e-01 -0.000000000000000000e+00 0.000000000000000000e+00 0.000000000000000000e+00 1.000000000000000000e+00
4.079999999999949639e-02 9.999999964398353924e-01 -8.438204184117064407e-05 0.000000000000000000e+00 8.438204184117064407e-05 9.999999964398353924e-01 -0.000000000000000000e+00 0.000000000000000000e+00 0.000000000000000000e+00 1.000000000000000000e+00
4.089999999999959640e-02 9.999999962930814501e-01 -8.610363972716791230e-05 0.000000000000000000e+00 8.610363972716791230e-05 9.999999962930814501e-01 -0.000000000000000000e+00 0.000000000000000000e+00 0.000000000000000000e+00 1.000000000000000000e+00
4.099999999999969641e-02 9.999999961429788531e-01 -8.782961996221723975e-05 0.000000000000000000e+00 8.782961996221723975e-05 9.999999961429788531e-01 -0.000000000000000000e+00 0.000000000000000000e+00 0.000000000000000000e+00 1.000000000000000000e+00
4.109999999999979642e-02 9.999999959894967372e-01 -8.956007103202177964e-05 0.000000000000000000e+00 8.956007103202177964e-05 9.999999959894967372e-01 -0.000000000000000000e+00 0.000000000000000000e+00 0.000000000000000000e+00 1.000000000000000000e+00
4.119999999999989643e-02 9.999999958326115657e-01 -9.129499819339230644e-05 0.000000000000000000e+00 9.129499819339230644e-05 9.999999958326115657e-01 -0.000000000000000000e+00 0.000000000000000000e+00 0.000000000000000000e+00 1.000000000000000000e+00
4.129999999999999644e-02 9.999999956723079064e-01 -9.303431653068292126e-05 0.000000000000000000e+00 9.303431653068292126e-05 9.999999956723079064e-01 -0.000000000000000000e+00 0.000000000000000000e+00 0.000000000000000000e+00 1.000000000000000000e+00
4.140000000000009645e-02 9.999999955088674231e-01 -9.477481188310136800e-05 0.000000000000000000e+00 9.477481188310136800e-05 9.999999955088674231e-01 -0.000000000000000000e+00 0.000000000000000000e+00 0.000000000000000000e+00 1.000000000000000000e+00
4.150000000000019645e-02 9.999999953426678134e-01 -9.651250646137361278e-05 0.000000000000000000e+00 9.651250646137361278e-05 9.999999953426678134e-01 -0.000000000000000000e+00 0.000000000000000000e+00 0.000000000000000000e+00 1.000000000000000000e+00
4.160000000000029646e-02 9.999999951741560533e-01 -9.824300315461545886e-05 0.000000000000000000e+00 9.824300315461545886e-05 9.999999951741560533e-01 -0.000000000000000000e+00 0.000000000000000000e+00 0.000000000000000000e+00 1.000000000000000000e+00
4.170000000000039647e-02 9.999999950030179496e-01 -9.996981427151427455e-05 0.000000000000000000e+00 9.996981427151427455e-05 9.999999950030179496e-01 -0.000000000000000000e+00 0.000000000000000000e+00 0.000000000000000000e+00 1.000000000000000000e+00
4.180000000000049648e-02 9.999999948288528229e-01 -1.016970711741172986e-04 0.000000000000000000e+00 1.016970711741172986e-04 9.999999948288528229e-01 -0.000000000000000000e+00 0.000000000000000000e+00 0.000000000000000000e+00 1.000000000000000000e+00
4.190000000000059649e-02 9.999999946512412308e-01 -1.034288022637936869e-04 0.000000000000000000e+00 1.034288022637936869e-04 9.999999946512412308e-01 -0.000000000000000000e+00 0.000000000000000000e+00 0.000000000000000000e+00 1.000000000000000000e+00
4.200000000000069650e-02 9.999999944692635756e-01 -1.051735358973682199e-04 0.000000000000000000e+00 1.051735358973682199e-04 9.999999944692635756e-01 -0.000000000000000000e+00 0.000000000000000000e+00 0.000000000000000000e+00 1.000000000000000000e+00
4.210000000000079651e-02 9.999999942823925014e-01 -1.069355638943420873e-04 0.000000000000000000e+00 1.069355638943420873e-04 9.999999942823925014e-01 -0.000000000000000000e+00 0.000000000000000000e+00 0.000000000000000000e+00 1.000000000000000000e+00
4.220000000000089652e-02 9.999999940907731144e-01 -1.087127106350220719e-04 0.000000000000000000e+00 1.087127106350220719e-04 9.999999940907731144e-01 -0.000000000000000000e+00 0.000000000000000000e+00 0.000000000000000000e+00 1.000000000000000000e+00
4.230000000000099653e-02 9.999999938947053968e-01 -1.105015338941590849e-04 0.000000000000000000e+00 1.105015338941590849e-04 9.999999938947053968e-01 -0.000000000000000000e+00 0.000000000000000000e+00 0.000000000000000000e+00 1.000000000000000000e+00
4.240000000000109653e-02 9.999999936944418133e-01 -1.122992255686660576e-04 0.000000000000000000e+00 1.122992255686660576e-04 9.999999936944418133e-01 -0.000000000000000000e+00 0.000000000000000000e+00 0.000000000000000000e+00 1.000000000000000000e+00
4.250000000000119654e-02 9.999999934901491194e-01 -1.141039069931838610e-04 0.000000000000000000e+00 1.141039069931838610e-04 9.999999934901491194e-01 -0.000000000000000000e+00 0.000000000000000000e+00 0.000000000000000000e+00 1.000000000000000000e+00
4.260000000000129655e-02 9.999999932819101378e-01 -1.159145355002897835e-04 0.000000000000000000e+00 1.159145355002897835e-04 9.999999932819101378e-01 -0.000000000000000000e+00 0.000000000000000000e+00 0.000000000000000000e+00 1.000000000000000000e+00
4.270000000000139656e-02 9.999999930697239803e-01 -1.177308446930939670e-04 0.000000000000000000e+00 1.177308446930939670e-04 9.999999930697239803e-01 -0.000000000000000000e+00 0.000000000000000000e+00 0.000000000000000000e+00 1.000000000000000000e+00
4.280000000000149657e-02 9.999999928535010518e-01 -1.195533250745788397e-04 0.000000000000000000e+00 1.195533250745788397e-04 9.999999928535010518e-01 -0.000000000000000000e+00 0.000000000000000000e+00 0.000000000000000000e+00 1.000000000000000000e+00
4.290000000000159658e-02 9.999999926330380706e-01 -1.213833744450269596e-04 0.000000000000000000e+00 1.213833744450269596e-04 9.999999926330380706e-01 -0.000000000000000000e+00 0.000000000000000000e+00 0.000000000000000000e+00 1.000000000000000000e+00
4.300000000000169659e-02 9.999999924079544522e-01 -1.232237436166535194e-04 0.000000000000000000e+00 1.232237436166535194e-04 9.999999924079544522e-01 -0.000000000000000000e+00 0.000000000000000000e+00 0.000000000000000000e+00 1.000000000000000000e+00
4.310000000000179660e-02 9.999999921769857636e-01 -1.250840846007878794e-04 0.000000000000000000e+00 1.250840846007878794e-04 9.999999921769857636e-01 -0.000000000000000000e+00 0.000000000000000000e+00 0.000000000000000000e+00 1.000000000000000000e+00
4.320000000000189661e-02 9.999999919363259382e-01 -1.269934953700053461e-04 0.000000000000000000e+00 1.269934953700053461e-04 9.999999919363259382e-01 -0.000000000000000000e+00 0.000000000000000000e+00 0.000000000000000000e+00 1.000000000000000000e+00
4.330000000000199661e-02 9.999999916824412471e-01 -1.289771967675529165e-04 0.000000000000000000e+00 1.289771967675529165e-04 9.999999916824412471e-01 -0.000000000000000000e+00 0.000000000000000000e+00 0.000000000000000000e+00 1.000000000000000000e+00
4.340000000000209662e-02 9.999999914124781952e-01 -1.310535893859389597e-04 0.000000000000000000e+00 1.310535893859389597e-04 9.999999914124781952e-01 -0.000000000000000000e+00 0.000000000000000000e+00 0.000000000000000000e+00 1.000000000000000000e+00
4.350000000000219663e-02 9.999999911239140227e-01 -1.332372760218967437e-04 0.000000000000000000e+00 1.332372760218967437e-04 9.999999911239140227e-01 -0.000000000000000000e+00 0.000000000000000000e+00 0.000000000000000000e+00 1.000000000000000000e+00
4.360000000000229664e-02 9.999999908151746553e-01 -1.355346828222948072e-04 0.000000000000000000e+00 1.355346828222948072e-04 9.999999908151746553e-01 -0.000000000000000000e+00 0.000000000000000000e+00 0.000000000000000000e+00 1.000000000000000000e+00
4.370000000000239665e-02 9.999999904857577171e-01 -1.379437722435487206e-04 0.000000000000000000e+00 1.379437722435487206e-04 9.999999904857577171e-01 -0.000000000000000000e+00 0.000000000000000000e+00 0.000000000000000000e+00 1.000000000000000000e+00
4.380000000000249666e-02 9.999999901359464261e-01 -1.404567792894316079e-04 0.000000000000000000e+00 1.404567792894316079e-04 9.999999901359464261e-01 -0.000000000000000000e+00 0.000000000000000000e+00 0.000000000000000000e+00 1.000000000000000000e+00
4.390000000000259667e-02 9.999999897664767490e-01 -1.430630849348878673e-04 0.000000000000000000e+00 1.430630849348878673e-04 9.999999897664767490e-01 -0.000000000000000000e+00 0.000000000000000000e+00 0.000000000000000000e+00 1.000000000000000000e+00
4.400000000000269668e-02 9.999999893775591842e-01 -1.457562387491124990e-04 0.000000000000000000e+00 1.457562387491124990e-04 9.999999893775591842e-01 -0.000000000000000000e+00 0.000000000000000000e+00 0.000000000000000000e+00 1.000000000000000000e+00
4.410000000000279669e-02 9.999999889651198792e-01 -1.485589447410958430e-04 0.000000000000000000e+00 1.485589447410958430e-04 9.999999889651198792e-01 -0.000000000000000000e+00 0.000000000000000000e+00 0.000000000000000000e+00 1.000000000000000000e+00
4.420000000000289669e-02 9.999999885238231023e-01 -1.515003409019392692e-04 0.000000000000000000e+00 1.515003409019392692e-04 9.999999885238231023e-01 -0.000000000000000000e+00 0.000000000000000000e+00 0.000000000000000000e+00 1.000000000000000000e+00
4.430000000000299670e-02 9.999999880446660550e-01 -1.546307455175257532e-04 0.000000000000000000e+00 1.546307455175257532e-04 9.999999880446660550e-01 -0.000000000000000000e+00 0.000000000000000000e+00 0.000000000000000000e+00 1.000000000000000000e+00
4.440000000000309671e-02 9.999999875166635244e-01 -1.580084574943429554e-04 0.000000000000000000e+00 1.580084574943429554e-04 9.999999875166635244e-01 -0.000000000000000000e+00 0.000000000000000000e+00 0.000000000000000000e+00 1.000000000000000000e+00
4.450000000000319672e-02 9.999999869307789613e-01 -1.616738742030218842e-04 0.000000000000000000e+00 1.616738742030218842e-04 9.999999869307789613e-01 -0.000000000000000000e+00 0.000000000000000000e+00 0.000000000000000000e+00 1.000000000000000000e+00
4.460000000000329673e-02 9.999999862785838856e-01 -1.656587816389078736e-04 0.000000000000000000e+00 1.656587816389078736e-04 9.999999862785838856e-01 -0.000000000000000000e+00 0.000000000000000000e+00 0.000000000000000000e+00 1.000000000000000000e+00
4.470000000000339674e-02 9.999999855517950342e-01 -1.699894394945856101e-04 0.000000000000000000e+00 1.699894394945856101e-04 9.999999855517950342e-01 -0.000000000000000000e+00 0.000000000000000000e+00 0.000000000000000000e+00 1.000000000000000000e+00
4.480000000000349675e-02 9.999999847422380572e-01 -1.746869296120264229e-04 0.000000000000000000e+00 1.746869296120264229e-04 9.999999847422380572e-01 -0.000000000000000000e+00 0.000000000000000000e+00 0.000000000000000000e+00 1.000000000000000000e+00
4.490000000000359676e-02 9.999999838397335417e-01 -1.797791211945851846e-04 0.000000000000000000e+00 1.797791211945851846e-04 9.999999838397335417e-01 -0.000000000000000000e+00 0.000000000000000000e+00 0.000000000000000000e+00 1.000000000000000000e+00
4.500000000000369677e-02 9.999999828297632121e-01 -1.853118265537256253e-04 0.000000000000000000e+00 1.853118265537256253e-04 9.999999828297632121e-01 -0.000000000000000000e+00 0.000000000000000000e+00 0.000000000000000000e+00 1.000000000000000000e+00
4.510000000000379677e-02 9.999999816930846830e-01 -1.913474070746841785e-04 0.000000000000000000e+00 1.913474070746841785e-04 9.999999816930846830e-01 -0.000000000000000000e+00 0.000000000000000000e+00 0.000000000000000000e+00 1.000000000000000000e+00
4.520000000000389678e-02 9.999999804060586417e-01 -1.979592939589279118e-04 0.000000000000000000e+00 1.979592939589279118e-04 9.999999804060586417e-01 -0.000000000000000000e+00 0.000000000000000000e+00 0.000000000000000000e+00 1.000000000000000000e+00
4.530000000000399679e-02 9.999999789439202313e-01 -2.052124725778851086e-04 0.000000000000000000e+00 2.052124725778851086e-04 9.999999789439202313e-01 -0.000000000000000000e+00 0.000000000000000000e+00 0.000000000000000000e+00 1.000000000000000000e+00
4.540000000000409680e-02 9.999999772824162969e-01 -2.131552644675479332e-04 0.000000000000000000e+00 2.131552644675479332e-04 9.999999772824162969e-01 -0.000000000000000000e+00 0.000000000000000000e+00 0.000000000000000000e+00 1.000000000000000000e+00
4.550000000000419681e-02 9.999999754140264097e-01 -2.217474828738522888e-04 0.000000000000000000e+00 2.217474828738522888e-04 9.999999754140264097e-01 -0.000000000000000000e+00 0.000000000000000000e+00 0.000000000000000000e+00 1.000000000000000000e+00
4.560000000000429682e-02 9.999999733264059998e-01 -2.309701002974915774e-04 0.000000000000000000e+00 2.309701002974915774e-04 9.999999733264059998e-01 -0.000000000000000000e+00 0.000000000000000000e+00 0.000000000000000000e+00 1.000000000000000000e+00
4.570000000000439683e-02 9.999999709998821373e-01 -2.408323788219473227e-04 0.000000000000000000e+00 2.408323788219473227e-04 9.999999709998821373e-01 -0.000000000000000000e+00 0.000000000000000000e+00 0.000000000000000000e+00 1.000000000000000000e+00
4.580000000000449684e-02 9.999999684020589585e-01 -2.513879086246040479e-04 0.000000000000000000e+00 2.513879086246040479e-04 9.999999684020589585e-01 -0.000000000000000000e+00 0.000000000000000000e+00 0.000000000000000000e+00 1.000000000000000000e+00
4.590000000000459685e-02 9.999999655151774469e-01 -2.626207220078994068e-04 0.000000000000000000e+00 2.626207220078994068e-04 9.999999655151774469e-01 -0.000000000000000000e+00 0.000000000000000000e+00 0.000000000000000000e+00 1.000000000000000000e+00
4.600000000000469685e-02 9.999999623033215546e-01 -2.745785044451139211e-04 0.000000000000000000e+00 2.745785044451139211e-04 9.999999623033215546e-01 -0.000000000000000000e+00 0.000000000000000000e+00 0.000000000000000000e+00 1.000000000000000000e+00
4.610000000000479686e-02 9.999999587546363200e-01 -2.872119867949825853e-04 0.000000000000000000e+00 2.872119867949825853e-04 9.999999587546363200e-01 -0.000000000000000000e+00 0.000000000000000000e+00 0.000000000000000000e+00 1.000000000000000000e+00
4.620000000000489687e-02 9.999999548833633511e-01 -3.003885331645353733e-04 0.000000000000000000e+00 3.003885331645353733e-04 9.999999548833633511e-01 -0.000000000000000000e+00 0.000000000000000000e+00 0.000000000000000000e+00 1.000000000000000000e+00
4.630000000000499688e-02 9.999999507022998557e-01 -3.139990405658843377e-04 0.000000000000000000e+00 3.139990405658843377e-04 9.999999507022998557e-01 -0.000000000000000000e+00 0.000000000000000000e+00 0.000000000000000000e+00 1.000000000000000000e+00
4.640000000000509689e-02 9.999999462897946056e-01 -3.277505266053948405e-04 0.000000000000000000e+00 3.277505266053948405e-04 9.999999462897946056e-01 -0.000000000000000000e+00 0.000000000000000000e+00 0.000000000000000000e+00 1.000000000000000000e+00
4.650000000000519690e-02 9.999999418107122784e-01 -3.411430371194518500e-04 0.000000000000000000e+00 3.411430371194518500e-04 9.999999418107122784e-01 -0.000000000000000000e+00 0.000000000000000000e+00 0.000000000000000000e+00 1.000000000000000000e+00
4.660000000000529691e-02 9.999999375825456838e-01 -3.533198334195125439e-04 0.000000000000000000e+00 3.533198334195125439e-04 9.999999375825456838e-01 -0.000000000000000000e+00 0.000000000000000000e+00 0.000000000000000000e+00 1.000000000000000000e+00
4.670000000000539692e-02 9.999999336932708927e-01 -3.641613013721518963e-04 0.000000000000000000e+00 3.641613013721518963e-04 9.999999336932708927e-01 -0.000000000000000000e+00 0.000000000000000000e+00 0.000000000000000000e+00 1.000000000000000000e+00
4.680000000000549693e-02 9.999999301983638622e-01 -3.736352056553048345e-04 0.000000000000000000e+00 3.736352056553048345e-04 9.999999301983638622e-01 -0.000000000000000000e+00 0.000000000000000000e+00 0.000000000000000000e+00 1.000000000000000000e+00
4.690000000000559693e-02 9.999999271450045191e-01 -3.817197734236732324e-04 0.000000000000000000e+00 3.817197734236732324e-04 9.999999271450045191e-01 -0.000000000000000000e+00 0.000000000000000000e+00 0.000000000000000000e+00 1.000000000000000000e+00
4.700000000000569694e-02 9.999999246201425329e-01 -3.882778757744060889e-04 0.000000000000000000e+00 3.882778757744060889e-04 9.999999246201425329e-01 -0.000000000000000000e+00 0.000000000000000000e+00 0.000000000000000000e+00 1.000000000000000000e+00
4.710000000000579695e-02 9.999999226542978237e-01 -3.933082737504075242e-04 0.000000000000000000e+00 3.933082737504075242e-04 9.999999226542978237e-01 -0.000000000000000000e+00 0.000000000000000000e+00 0.000000000000000000e+00 1.000000000000000000e+00
4.720000000000589696e-02 9.999999212054071496e-01 -3.969750362330895402e-04 0.000000000000000000e+00 3.969750362330895402e-04 9.999999212054071496e-01 -0.000000000000000000e+00 0.000000000000000000e+00 0.000000000000000000e+00 1.000000000000000000e+00
4.730000000000599697e-02 9.999999202124977282e-01 -3.994683940072798101e-04 0.000000000000000000e+00 3.994683940072798101e-04 9.999999202124977282e-01 -0.000000000000000000e+00 0.000000000000000000e+00 0.000000000000000000e+00 1.000000000000000000e+00
4.740000000000609698e-02 9.999999196081974517e-01 -4.009783015308673003e-04 0.000000000000000000e+00 4.009783015308673003e-04 9.999999196081974517e-01 -0.000000000000000000e+00 0.000000000000000000e+00 0.000000000000000000e+00 1.000000000000000000e+00
4.750000000000619699e-02 9.999999192924428071e-01 -4.017649905855779041e-04 0.000000000000000000e+00 4.017649905855779041e-04 9.999999192924428071e-01 -0.000000000000000000e+00 0.000000000000000000e+00 0.000000000000000000e+00 1.000000000000000000e+00
4.760000000000629700e-02 9.999999191972955837e-01 -4.020017438505844019e-04 0.000000000000000000e+00 4.020017438505844019e-04 9.999999191972955837e-01 -0.000000000000000000e+00 0.000000000000000000e+00 0.000000000000000000e+00 1.000000000000000000e+00
4.770000000000639701e-02 9.999999192518777003e-01 -4.018659449995946376e-04 0.000000000000000000e+00 4.018659449995946376e-04 9.999999192518777003e-01 -0.000000000000000000e+00 0.000000000000000000e+00 0.000000000000000000e+00 1.000000000000000000e+00
4.780000000000649701e-02 9.999999193859715474e-01 -4.015321284511987510e-04 0.000000000000000000e+00 4.015321284511987510e-04 9.999999193859715474e-01 -0.000000000000000000e+00 0.000000000000000000e+00 0.000000000000000000e+00 1.000000000000000000e+00
4.790000000000659702e-02 9.999999195349760228e-01 -4.011608669467663980e-04 0.000000000000000000e+00 4.011608669467663980e-04 9.999999195349760228e-01 -0.000000000000000000e+00 0.000000000000000000e+00 0.000000000000000000e+00 1.000000000000000000e+00
4.800000000000669703e-02 9.999999196688534875e-01 -4.008270027923393607e-04 0.000000000000000000e+00 4.008270027923393607e-04 9.999999196688534875e-01 -0.000000000000000000e+00 0.000000000000000000e+00 0.000000000000000000e+00 1.000000000000000000e+00
4.810000000000679704e-02 9.999999197344685564e-01 -4.006632703236225859e-04 0.000000000000000000e+00 4.006632703236225859e-04 9.999999197344685564e-01 -0.000000000000000000e+00 0.000000000000000000e+00 0.000000000000000000e+00 1.000000000000000000e+00
4.820000000000689705e-02 9.999999197132252160e-01 -4.007162874208659875e-04 0.000000000000000000e+00 4.007162874208659875e-04 9.999999197132252160e-01 -0.000000000000000000e+00 0.000000000000000000e+00 0.000000000000000000e+00 1.000000000000000000e+00
4.830000000000699706e-02 9.999999195917487205e-01 -4.010193208978381587e-04 0.000000000000000000e+00 4.010193208978381587e-04 9.999999195917487205e-01 -0.000000000000000000e+00 0.000000000000000000e+00 0.000000000000000000e+00 1.000000000000000000e+00
4.840000000000709707e-02 9.999999193362278938e-01 -4.016559939250175415e-04 0.000000000000000000e+00 4.016559939250175415e-04 9.999999193362278938e-01 -0.000000000000000000e+00 0.000000000000000000e+00 0.000000000000000000e+00 1.000000000000000000e+00
4.850000000000719708e-02 9.999999189162513957e-01 -4.027002488294525160e-04 0.000000000000000000e+00 4.027002488294525160e-04 9.999999189162513957e-01 -0.000000000000000000e+00 0.000000000000000000e+00 0.000000000000000000e+00 1.000000000000000000e+00
4.860000000000729709e-02 9.999999182893040128e-01 -4.042541094571217475e-04 0.000000000000000000e+00 4.042541094571217475e-04 9.999999182893040128e-01 -0.000000000000000000e+00 0.000000000000000000e+00 0.000000000000000000e+00 1.000000000000000000e+00
4.870000000000739709e-02 9.999999173954783327e-01 -4.064591447877877357e-04 0.000000000000000000e+00 4.064591447877877357e-04 9.999999173954783327e-01 -0.000000000000000000e+00 0.000000000000000000e+00 0.000000000000000000e+00 1.000000000000000000e+00
4.880000000000749710e-02 9.999999162048760493e-01 -4.093778702487051776e-04 0.000000000000000000e+00 4.093778702487051776e-04 9.999999162048760493e-01 -0.000000000000000000e+00 0.000000000000000000e+00 0.000000000000000000e+00 1.000000000000000000e+00
4.890000000000759711e-02 9.999999147272032873e-01 -4.129716529316995797e-04 0.000000000000000000e+00 4.129716529316995797e-04 9.999999147272032873e-01 -0.000000000000000000e+00 0.000000000000000000e+00 0.000000000000000000e+00 1.000000000000000000e+00
4.900000000000769712e-02 9.999999130283026005e-01 -4.170652070088184992e-04 0.000000000000000000e+00 4.170652070088184992e-04 9.999999130283026005e-01 -0.000000000000000000e+00 0.000000000000000000e+00 0.000000000000000000e+00 1.000000000000000000e+00
4.910000000000779713e-02 9.999999111760988768e-01 -4.214828514182969639e-04 0.000000000000000000e+00 4.214828514182969639e-04 9.999999111760988768e-01 -0.000000000000000000e+00 0.000000000000000000e+00 0.000000000000000000e+00 1.000000000000000000e+00
4.920000000000789714e-02 9.999999092288375246e-01 -4.260778292096211264e-04 0.000000000000000000e+00 4.260778292096211264e-04 9.999999092288375246e-01 -0.000000000000000000e+00 0.000000000000000000e+00 0.000000000000000000e+00 1.000000000000000000e+00
4.930000000000799715e-02 9.999999072417985468e-01 -4.307161412978308991e-04 0.000000000000000000e+00 4.307161412978308991e-04 9.999999072417985468e-01 -0.000000000000000000e+00 0.000000000000000000e+00 0.000000000000000000e+00 1.000000000000000000e+00
4.940000000000809716e-02 9.999999052640494712e-01 -4.352836914517123064e-04 0.000000000000000000e+00 4.352836914517123064e-04 9.999999052640494712e-01 -0.000000000000000000e+00 0.000000000000000000e+00 0.000000000000000000e+00 1.000000000000000000e+00
4.950000000000819717e-02 9.999999033228076373e-01 -4.397207920989101696e-04 0.000000000000000000e+00 4.397207920989101696e-04 9.999999033228076373e-01 -0.000000000000000000e+00 0.000000000000000000e+00 0.000000000000000000e+00 1.000000000000000000e+00
4.960000000000829717e-02 9.999999014622588112e-01 -4.439318331514123918e-04 0.000000000000000000e+00 4.439318331514123918e-04 9.999999014622588112e-01 -0.000000000000000000e+00 0.000000000000000000e+00 0.000000000000000000e+00 1.000000000000000000e+00
4.970000000000839718e-02 9.999998996902332848e-01 -4.479057079811793940e-04 0.000000000000000000e+00 4.479057079811793940e-04 9.999998996902332848e-01 -0.000000000000000000e+00 0.000000000000000000e+00 0.000000000000000000e+00 1.000000000000000000e+00
4.980000000000849719e-02 9.999998980033258933e-01 -4.516562158706076175e-04 0.000000000000000000e+00 4.516562158706076175e-04 9.999998980033258933e-01 -0.000000000000000000e+00 0.000000000000000000e+00 0.000000000000000000e+00 1.000000000000000000e+00
4.990000000000859720e-02 9.999998964084654274e-01 -4.551736570354241829e-04 0.000000000000000000e+00 4.551736570354241829e-04 9.999998964084654274e-01 -0.000000000000000000e+00 0.000000000000000000e+00 0.000000000000000000e+00 1.000000000000000000e+00
5.000000000000000278e-02 9.999998949232198342e-01 -4.584250748084848083e-04 0.000000000000000000e+00 4.584250748084848083e-04 9.999998949232198342e-01 -0.000000000000000000e+00 0.000000000000000000e+00 0.000000000000000000e+00 1.000000000000000000e+00
