time error_arcsec
0.000000000000000000e+00 0.000000000000000000e+00
1.000000000000000048e-04 6.543216057145923546e-03
2.000000000000000096e-04 4.647054886621818787e-02
3.000000000000000279e-04 -5.540916115749098259e-01
4.000000000000000192e-04 -5.671386743769030403e+00
5.000000000000000104e-04 -1.364177439958673332e+01
6.000000000000000559e-04 -2.005534940864345472e+01
6.999999999999999929e-04 -2.453456939178111185e+01
8.000000000000000383e-04 -2.843690004163190821e+01
9.000000000000000838e-04 -3.134733329058173368e+01
1.000000000000000021e-03 -3.312586388941758742e+01
1.100000000000000066e-03 -3.410589331456235840e+01
1.200000000000000112e-03 -3.474624078707337560e+01
1.300000000000000157e-03 -3.520821102054498652e+01
1.399999999999999986e-03 -3.556099654182357028e+01
1.500000000000000031e-03 -3.587424883203186710e+01
1.600000000000000077e-03 -3.631459901864164408e+01
1.700000000000000122e-03 -3.696486761320128522e+01
1.800000000000000168e-03 -3.795138038676459757e+01
1.899999999999999996e-03 -3.908036201809827048e+01
2.000000000000000042e-03 -4.019856169156773262e+01
2.100000000000000304e-03 -4.121287242695284192e+01
2.200000000000000133e-03 -4.209189673743097870e+01
2.299999999999999961e-03 -4.284471202856262551e+01
2.400000000000000223e-03 -4.350940693717088692e+01
2.500000000000000052e-03 -4.411000236542314212e+01
2.600000000000000314e-03 -4.477159996583549884e+01
2.700000000000000143e-03 -4.526164697941735682e+01
2.799999999999999972e-03 -4.548202802201437578e+01
2.900000000000000234e-03 -4.548459054244722211e+01
3.000000000000000062e-03 -4.533010249295249849e+01
3.100000000000000325e-03 -4.507688883026849425e+01
3.200000000000000153e-03 -4.475908257105275823e+01
3.299999999999999982e-03 -4.439573822148234683e+01
3.400000000000000244e-03 -4.399657999232289285e+01
3.500000000000000073e-03 -4.357135991982350731e+01
3.600000000000000335e-03 -4.313423549332974005e+01
3.700000000000000164e-03 -4.269851845757604281e+01
3.799999999999999992e-03 -4.227178791440668704e+01
3.900000000000000255e-03 -4.185434630165924830e+01
4.000000000000000083e-03 -4.144447180784601414e+01
4.100000000000000346e-03 -4.104041268776197171e+01
4.200000000000000608e-03 -4.064115952375804852e+01
4.300000000000000003e-03 -4.024639547724886057e+01
4.400000000000000265e-03 -3.985622720305600097e+01
4.500000000000000527e-03 -3.948157972820377637e+01
4.599999999999999922e-03 -3.910602668302727380e+01
4.700000000000000185e-03 -3.875948718836534113e+01
4.800000000000000447e-03 -3.844670596111279792e+01
4.899999999999999842e-03 -3.815797417304756323e+01
5.000000000000000104e-03 -3.789076632077005513e+01
5.100000000000000366e-03 -3.766303491413206217e+01
5.200000000000000629e-03 -3.747627377947915051e+01
5.300000000000000024e-03 -3.732694066873795435e+01
5.400000000000000286e-03 -3.720754666615978579e+01
5.500000000000000548e-03 -3.711161026384186101e+01
5.599999999999999943e-03 -3.703414766543479431e+01
5.700000000000000205e-03 -3.697287462277105874e+01
5.800000000000000468e-03 -3.692421156303490193e+01
5.899999999999999863e-03 -3.688396425345634100e+01
6.000000000000000125e-03 -3.685059969119096479e+01
6.100000000000000387e-03 -3.682235798822175354e+01
6.200000000000000649e-03 -3.679663960602309913e+01
6.300000000000000044e-03 -3.677167328542464020e+01
6.400000000000000307e-03 -3.674765540911435124e+01
6.500000000000000569e-03 -3.672302405460973773e+01
6.599999999999999964e-03 -3.669447666291169696e+01
6.700000000000000226e-03 -3.666050988208444039e+01
6.800000000000000488e-03 -3.662340615028689683e+01
6.900000000000000751e-03 -3.658496955925726724e+01
7.000000000000000146e-03 -3.654588333058609351e+01
7.100000000000000408e-03 -3.650629043239739957e+01
7.200000000000000670e-03 -3.646612655333457553e+01
7.300000000000000065e-03 -3.642365858136662382e+01
7.400000000000000328e-03 -3.637942207878476353e+01
7.500000000000000590e-03 -3.633562595564966813e+01
7.599999999999999985e-03 -3.629164428345179516e+01
7.700000000000000247e-03 -3.624720288000944635e+01
7.800000000000000509e-03 -3.620250771349835617e+01
7.900000000000000772e-03 -3.615810625921315591e+01
8.000000000000000167e-03 -3.611447915907361050e+01
8.099999999999999561e-03 -3.607105862887667769e+01
8.200000000000000691e-03 -3.602809023927257925e+01
8.300000000000000086e-03 -3.598577999017261675e+01
8.400000000000001216e-03 -3.594422641603546964e+01
8.500000000000000611e-03 -3.590339371353742592e+01
8.600000000000000006e-03 -3.586311325532037841e+01
8.700000000000001135e-03 -3.582500024594267529e+01
8.800000000000000530e-03 -3.578711771919928708e+01
8.899999999999999925e-03 -3.575042623058354252e+01
9.000000000000001055e-03 -3.571531266078289946e+01
9.100000000000000450e-03 -3.568192133411643141e+01
9.199999999999999845e-03 -3.565126677932279620e+01
9.300000000000000974e-03 -3.562563134472043913e+01
9.400000000000000369e-03 -3.560575040929836632e+01
9.499999999999999764e-03 -3.559083977472842264e+01
9.600000000000000894e-03 -3.558232203067269239e+01
9.700000000000000289e-03 -3.557881356598913669e+01
9.799999999999999684e-03 -3.557355537448114546e+01
9.900000000000000813e-03 -3.557473595219977369e+01
1.000000000000000021e-02 -3.557527143898223443e+01
1.010000000000000134e-02 -3.558859578420401704e+01
1.020000000000000073e-02 -3.564681794831869865e+01
1.030000000000000013e-02 -3.575521833422278917e+01
1.040000000000000126e-02 -3.589226638805483560e+01
1.050000000000000065e-02 -3.605095851972723864e+01
1.060000000000000005e-02 -3.622786561056970811e+01
1.070000000000000118e-02 -3.641891822355525221e+01
1.080000000000000057e-02 -3.662081506555448129e+01
1.089999999999999997e-02 -3.683112946610869898e+01
1.100000000000000110e-02 -3.704850017280827501e+01
1.110000000000000049e-02 -3.727138285650603677e+01
1.119999999999999989e-02 -3.749874491114201902e+01
1.130000000000000102e-02 -3.772987605605375450e+01
1.140000000000000041e-02 -3.796428556274909027e+01
1.149999999999999981e-02 -3.820167933731404020e+01
1.160000000000000094e-02 -3.844244861860917695e+01
1.170000000000000033e-02 -3.869054034333422010e+01
1.179999999999999973e-02 -3.894635247284475810e+01
1.190000000000000085e-02 -3.920097891867007434e+01
1.200000000000000025e-02 -3.945808427699331844e+01
1.210000000000000138e-02 -3.971831168382499300e+01
1.220000000000000077e-02 -3.998141353096671224e+01
1.230000000000000017e-02 -4.024699670703390098e+01
1.240000000000000130e-02 -4.051470703049069755e+01
1.250000000000000069e-02 -4.078426371054422361e+01
1.260000000000000009e-02 -4.105545522349898846e+01
1.270000000000000122e-02 -4.132812801843416395e+01
1.280000000000000061e-02 -4.160217628209881013e+01
1.290000000000000001e-02 -4.187753451960903561e+01
1.300000000000000114e-02 -4.215349491472359489e+01
1.310000000000000053e-02 -4.242914986279313183e+01
1.319999999999999993e-02 -4.270844391040679966e+01
1.330000000000000106e-02 -4.299010537617318306e+01
1.340000000000000045e-02 -4.327281506513925535e+01
1.349999999999999985e-02 -4.355825139758390208e+01
1.360000000000000098e-02 -4.384689042657738867e+01
1.370000000000000037e-02 -4.413740728675772118e+01
1.380000000000000150e-02 -4.442996774793066095e+01
1.390000000000000090e-02 -4.472475287539907640e+01
1.400000000000000029e-02 -4.502181663407713330e+01
1.410000000000000142e-02 -4.532116136440755838e+01
1.420000000000000082e-02 -4.562277092908931309e+01
1.430000000000000021e-02 -4.592662385287555793e+01
1.440000000000000134e-02 -4.623269993195085448e+01
1.450000000000000074e-02 -4.654098536849825507e+01
1.460000000000000013e-02 -4.685147815640591062e+01
1.470000000000000126e-02 -4.716419439767155808e+01
1.480000000000000066e-02 -4.747917619771276065e+01
1.490000000000000005e-02 -4.779650243031664303e+01
1.500000000000000118e-02 -4.811645147111348564e+01
1.510000000000000057e-02 -4.843942404716678141e+01
1.519999999999999997e-02 -4.876433876259078204e+01
1.530000000000000110e-02 -4.909283999838703494e+01
1.540000000000000049e-02 -4.942900445743106985e+01
1.549999999999999989e-02 -4.977851230380842651e+01
1.560000000000000102e-02 -5.014511117882005209e+01
1.570000000000000215e-02 -5.052881633241519665e+01
1.580000000000000154e-02 -5.092857332549212401e+01
1.590000000000000094e-02 -5.134347567087628050e+01
1.600000000000000033e-02 -5.177321951817705070e+01
1.609999999999999973e-02 -5.221839784024515296e+01
1.619999999999999912e-02 -5.268356565304723205e+01
1.630000000000000199e-02 -5.317617665274729433e+01
1.640000000000000138e-02 -5.369901602920782580e+01
1.650000000000000078e-02 -5.425060804543117854e+01
1.660000000000000017e-02 -5.483030995240557814e+01
1.669999999999999957e-02 -5.543971654375631175e+01
1.680000000000000243e-02 -5.608077733782699426e+01
1.690000000000000183e-02 -5.675566745797585355e+01
1.700000000000000122e-02 -5.746755955934207805e+01
1.710000000000000062e-02 -5.821776257168299651e+01
1.720000000000000001e-02 -5.900703574574006893e+01
1.729999999999999941e-02 -5.983795482351744255e+01
1.740000000000000227e-02 -6.072565609118858276e+01
1.750000000000000167e-02 -6.168476389600989762e+01
1.760000000000000106e-02 -6.272133768406859389e+01
1.770000000000000046e-02 -6.383644045503423570e+01
1.779999999999999985e-02 -6.503106840533821753e+01
1.789999999999999925e-02 -6.631641127236326838e+01
1.800000000000000211e-02 -6.772361543375647841e+01
1.810000000000000150e-02 -6.935731487413929131e+01
1.820000000000000090e-02 -7.128734144932782613e+01
1.830000000000000029e-02 -7.349514249791469922e+01
1.839999999999999969e-02 -7.597775281883548359e+01
1.850000000000000255e-02 -7.874775004611710472e+01
1.860000000000000195e-02 -8.172699422288086168e+01
1.870000000000000134e-02 -8.486076801073143372e+01
1.880000000000000074e-02 -8.812439271185253631e+01
1.890000000000000013e-02 -9.150111717700572456e+01
1.899999999999999953e-02 -9.491400942454970391e+01
1.910000000000000239e-02 -9.847024627038413769e+01
1.920000000000000179e-02 -1.021560531306628121e+02
1.930000000000000118e-02 -1.058853778287011522e+02
1.940000000000000058e-02 -1.094345949057047704e+02
1.949999999999999997e-02 -1.119622809795313003e+02
1.959999999999999937e-02 -1.129977781939892338e+02
1.970000000000000223e-02 -1.133608729788925586e+02
1.980000000000000163e-02 -1.134832827623527294e+02
1.990000000000000102e-02 -1.134918390887684438e+02
2.000000000000000042e-02 -1.134794699259368116e+02
2.009999999999999981e-02 -1.135197558826490223e+02
2.020000000000000268e-02 -1.136704848748676540e+02
2.030000000000000207e-02 -1.139451987804179964e+02
2.040000000000000147e-02 -1.143151053939594135e+02
2.050000000000000086e-02 -1.147336520651934109e+02
2.060000000000000026e-02 -1.151581070519242331e+02
2.069999999999999965e-02 -1.155658113539600862e+02
2.080000000000000251e-02 -1.159510123569315567e+02
2.090000000000000191e-02 -1.163165212196493883e+02
2.100000000000000130e-02 -1.166698607262352994e+02
2.110000000000000070e-02 -1.170159258723056013e+02
2.120000000000000009e-02 -1.173567603863730113e+02
2.129999999999999949e-02 -1.176946675025462952e+02
2.140000000000000235e-02 -1.180322611588459409e+02
2.150000000000000175e-02 -1.183755325533327323e+02
2.160000000000000114e-02 -1.187299020508819041e+02
2.170000000000000054e-02 -1.190985118144648709e+02
2.179999999999999993e-02 -1.194822353924150917e+02
2.189999999999999933e-02 -1.198799425836462120e+02
2.200000000000000219e-02 -1.202889687673376926e+02
2.210000000000000159e-02 -1.207060070555834699e+02
2.220000000000000098e-02 -1.211282065889403725e+02
2.230000000000000038e-02 -1.215518058825793872e+02
2.239999999999999977e-02 -1.219729396432209398e+02
2.250000000000000264e-02 -1.223911660062473459e+02
2.260000000000000203e-02 -1.228098962096380404e+02
2.270000000000000143e-02 -1.232302590153690005e+02
2.280000000000000082e-02 -1.236515835742442846e+02
2.290000000000000022e-02 -1.240726574864762028e+02
2.299999999999999961e-02 -1.244928228399503212e+02
2.310000000000000248e-02 -1.249124455405272016e+02
2.320000000000000187e-02 -1.253326965025798927e+02
2.330000000000000127e-02 -1.257544394631485716e+02
2.340000000000000066e-02 -1.261783067939205409e+02
2.350000000000000006e-02 -1.266048607651883771e+02
2.359999999999999945e-02 -1.270346524662373326e+02
2.370000000000000231e-02 -1.274682306605668032e+02
2.380000000000000171e-02 -1.279061331574703644e+02
2.390000000000000110e-02 -1.283488591642463632e+02
2.400000000000000050e-02 -1.287963135930154976e+02
2.409999999999999989e-02 -1.292486237141886818e+02
2.420000000000000276e-02 -1.297069681920181949e+02
2.430000000000000215e-02 -1.301725462920288408e+02
2.440000000000000155e-02 -1.306460328753055649e+02
2.450000000000000094e-02 -1.311273695578576621e+02
2.460000000000000034e-02 -1.316140742383228712e+02
2.469999999999999973e-02 -1.321018919662337225e+02
2.480000000000000260e-02 -1.325900240837528656e+02
2.490000000000000199e-02 -1.330792484485656644e+02
2.500000000000000139e-02 -1.335707286359284467e+02
2.510000000000000078e-02 -1.340608532497027454e+02
2.520000000000000018e-02 -1.345417902664866574e+02
2.529999999999999957e-02 -1.350181301410567016e+02
2.540000000000000244e-02 -1.354943933557672722e+02
2.550000000000000183e-02 -1.359422738437999385e+02
2.560000000000000123e-02 -1.363613835108582464e+02
2.570000000000000062e-02 -1.367639519653412208e+02
2.580000000000000002e-02 -1.371516215294369090e+02
2.590000000000000288e-02 -1.375279203175538782e+02
2.600000000000000228e-02 -1.378950469629920974e+02
2.610000000000000167e-02 -1.382532175062852389e+02
2.620000000000000107e-02 -1.386059423430604625e+02
2.630000000000000046e-02 -1.389605733423271374e+02
2.639999999999999986e-02 -1.393207353718575803e+02
2.650000000000000272e-02 -1.396871840855413325e+02
2.660000000000000211e-02 -1.400592974636637393e+02
2.670000000000000151e-02 -1.404344009817063466e+02
2.680000000000000090e-02 -1.408101281697692286e+02
2.690000000000000030e-02 -1.411869797013142147e+02
2.699999999999999969e-02 -1.415657732603962131e+02
2.710000000000000256e-02 -1.419471347507428334e+02
2.720000000000000195e-02 -1.423314392703560998e+02
2.730000000000000135e-02 -1.427188343983206380e+02
2.740000000000000074e-02 -1.431092809341868417e+02
2.750000000000000014e-02 -1.435025958446437642e+02
2.760000000000000300e-02 -1.438984939252390802e+02
2.770000000000000240e-02 -1.442966271961902009e+02
2.780000000000000179e-02 -1.446966210066821077e+02
2.790000000000000119e-02 -1.450981053989832787e+02
2.800000000000000058e-02 -1.455007402332553283e+02
2.809999999999999998e-02 -1.459042330281906175e+02
2.820000000000000284e-02 -1.463083492752038808e+02
2.830000000000000224e-02 -1.467129157579043124e+02
2.840000000000000163e-02 -1.471177413207212510e+02
2.850000000000000103e-02 -1.475212257744880731e+02
2.860000000000000042e-02 -1.479211289559390252e+02
2.869999999999999982e-02 -1.483178546475469375e+02
2.880000000000000268e-02 -1.487131947494560222e+02
2.890000000000000208e-02 -1.491086904618487665e+02
2.900000000000000147e-02 -1.495053864431107797e+02
2.910000000000000087e-02 -1.499039141438800584e+02
2.920000000000000026e-02 -1.503045786413653957e+02
2.930000000000000313e-02 -1.507074638474074675e+02
2.940000000000000252e-02 -1.511125056775310895e+02
2.950000000000000192e-02 -1.515195439290234845e+02
2.960000000000000131e-02 -1.519283609695330028e+02
2.970000000000000070e-02 -1.523387117632718457e+02
2.980000000000000010e-02 -1.527503486441860900e+02
2.990000000000000296e-02 -1.531630426171282693e+02
3.000000000000000236e-02 -1.535766010836152020e+02
3.010000000000000175e-02 -1.539782962607538082e+02
3.020000000000000115e-02 -1.543413080865390725e+02
3.030000000000000054e-02 -1.546687360841118846e+02
3.039999999999999994e-02 -1.549697381702733878e+02
3.050000000000000280e-02 -1.552516024899950366e+02
3.060000000000000220e-02 -1.555195721518676635e+02
3.070000000000000159e-02 -1.557774080289786980e+02
3.080000000000000099e-02 -1.560278078809673730e+02
3.090000000000000038e-02 -1.562727256938546248e+02
3.099999999999999978e-02 -1.565135962122064655e+02
3.110000000000000264e-02 -1.567514917108633199e+02
3.120000000000000204e-02 -1.569872338887913088e+02
3.130000000000000143e-02 -1.572214711484518546e+02
3.140000000000000430e-02 -1.574547288953147870e+02
3.150000000000000022e-02 -1.576874413123323393e+02
3.160000000000000309e-02 -1.579199708760247631e+02
3.169999999999999901e-02 -1.581526194839827326e+02
3.180000000000000188e-02 -1.583856336135803247e+02
3.190000000000000474e-02 -1.586192043357552564e+02
3.200000000000000067e-02 -1.588534478757119643e+02
3.210000000000000353e-02 -1.590881846761759846e+02
3.219999999999999946e-02 -1.593231310439908839e+02
3.230000000000000232e-02 -1.595582483151059137e+02
3.239999999999999825e-02 -1.597936647871934213e+02
3.250000000000000111e-02 -1.600294834873232901e+02
3.260000000000000397e-02 -1.602657744582241435e+02
3.269999999999999990e-02 -1.605027234017487388e+02
3.280000000000000276e-02 -1.607403913790738557e+02
3.289999999999999869e-02 -1.609786158985871225e+02
3.300000000000000155e-02 -1.612174105052675372e+02
3.310000000000000442e-02 -1.614567935359150681e+02
3.320000000000000034e-02 -1.616967917097415182e+02
3.330000000000000321e-02 -1.619374418854071109e+02
3.339999999999999913e-02 -1.621787891662302172e+02
3.350000000000000200e-02 -1.624208840156240967e+02
3.360000000000000486e-02 -1.626637790481395029e+02
3.370000000000000079e-02 -1.629075257824645462e+02
3.380000000000000365e-02 -1.631521715978903444e+02
3.389999999999999958e-02 -1.633977571150358585e+02
3.400000000000000244e-02 -1.636443141693837333e+02
3.409999999999999837e-02 -1.638918644699880360e+02
3.420000000000000123e-02 -1.641404189554917252e+02
3.430000000000000410e-02 -1.643899777905932353e+02
3.440000000000000002e-02 -1.646405308954963402e+02
3.450000000000000289e-02 -1.648920626213879359e+02
3.459999999999999881e-02 -1.651466849900090210e+02
3.470000000000000168e-02 -1.654009859063622230e+02
3.480000000000000454e-02 -1.656546597490029740e+02
3.490000000000000047e-02 -1.659090290968199213e+02
3.500000000000000333e-02 -1.661643163674233961e+02
3.509999999999999926e-02 -1.664204767139719081e+02
3.520000000000000212e-02 -1.666773704478666787e+02
3.530000000000000498e-02 -1.669346096284085945e+02
3.540000000000000091e-02 -1.671919621968744423e+02
3.550000000000000377e-02 -1.674494070808695483e+02
3.559999999999999970e-02 -1.677069375607311201e+02
3.570000000000000256e-02 -1.679645877025333505e+02
3.579999999999999849e-02 -1.682222099223958480e+02
3.590000000000000135e-02 -1.684792666030079715e+02
3.600000000000000422e-02 -1.687355887255936295e+02
3.610000000000000014e-02 -1.689913737832261802e+02
3.620000000000000301e-02 -1.692468188077845355e+02
3.629999999999999893e-02 -1.695019363884006509e+02
3.640000000000000180e-02 -1.697557376876071373e+02
3.650000000000000466e-02 -1.700068166753781611e+02
3.660000000000000059e-02 -1.702550698864552317e+02
3.670000000000000345e-02 -1.705005859727886843e+02
3.679999999999999938e-02 -1.707433633533347859e+02
3.690000000000000224e-02 -1.709832170940611036e+02
3.700000000000000511e-02 -1.712192544866961157e+02
3.710000000000000103e-02 -1.714495099701617562e+02
3.720000000000000390e-02 -1.716715513548050751e+02
3.729999999999999982e-02 -1.718831311559232518e+02
3.740000000000000269e-02 -1.720841886400916962e+02
3.749999999999999861e-02 -1.722754984235478446e+02
3.760000000000000148e-02 -1.724578248905016835e+02
3.770000000000000434e-02 -1.726317591500272499e+02
3.780000000000000027e-02 -1.727977279607301284e+02
3.790000000000000313e-02 -1.729566768875123159e+02
3.799999999999999906e-02 -1.731091320404979115e+02
3.810000000000000192e-02 -1.732545980539796062e+02
3.820000000000000479e-02 -1.733933321414776003e+02
3.830000000000000071e-02 -1.735239865789971532e+02
3.840000000000000357e-02 -1.736466488147606810e+02
3.849999999999999950e-02 -1.737624170174824201e+02
3.860000000000000236e-02 -1.738691645031041162e+02
3.870000000000000523e-02 -1.739662089904778668e+02
3.880000000000000115e-02 -1.740651634333584923e+02
3.890000000000000402e-02 -1.741756890213319764e+02
3.899999999999999994e-02 -1.743037605678723025e+02
3.910000000000000281e-02 -1.744184415619533297e+02
3.919999999999999873e-02 -1.745440408708963389e+02
3.930000000000000160e-02 -1.746960989830815549e+02
3.940000000000000446e-02 -1.748857164755128792e+02
3.950000000000000039e-02 -1.751409461859971941e+02
3.960000000000000325e-02 -1.754960673431006910e+02
3.969999999999999918e-02 -1.758653825157992969e+02
3.980000000000000204e-02 -1.761884076431611845e+02
3.990000000000000491e-02 -1.764696401676538926e+02
4.000000000000000083e-02 -1.767109628128694396e+02
4.010000000000000370e-02 -1.769262567807539028e+02
4.019999999999999962e-02 -1.771374445740628119e+02
4.030000000000000249e-02 -1.773612078915471102e+02
4.040000000000000535e-02 -1.775987462991166694e+02
4.050000000000000128e-02 -1.778512049879942367e+02
4.060000000000000414e-02 -1.780988712437866468e+02
4.070000000000000007e-02 -1.783551351291866354e+02
4.080000000000000293e-02 -1.786287002044536507e+02
4.089999999999999886e-02 -1.789268275455579555e+02
4.100000000000000172e-02 -1.792436440692263204e+02
4.110000000000000459e-02 -1.795635291410614229e+02
4.120000000000000051e-02 -1.798746620325581205e+02
4.130000000000000338e-02 -1.801779098526982636e+02
4.139999999999999930e-02 -1.804646490390193776e+02
4.150000000000000216e-02 -1.807159745155671544e+02
4.160000000000000503e-02 -1.809340395902997614e+02
4.170000000000000095e-02 -1.811342833425272545e+02
4.180000000000000382e-02 -1.813344199833146888e+02
4.189999999999999974e-02 -1.815467784715579569e+02
4.200000000000000261e-02 -1.817689548881991755e+02
4.210000000000000547e-02 -1.819880851718472741e+02
4.220000000000000140e-02 -1.821880030124918051e+02
4.230000000000000426e-02 -1.823536017685231059e+02
4.240000000000000019e-02 -1.824784008479367969e+02
4.250000000000000305e-02 -1.825638142403414577e+02
4.259999999999999898e-02 -1.826091145452120088e+02
4.270000000000000184e-02 -1.826087449768848785e+02
4.280000000000000471e-02 -1.825590337679273318e+02
4.290000000000000063e-02 -1.824485731855579900e+02
4.300000000000000350e-02 -1.822580100245697565e+02
4.309999999999999942e-02 -1.819669225794170018e+02
4.320000000000000229e-02 -1.815554269509852077e+02
4.330000000000000515e-02 -1.810001107175095285e+02
4.340000000000000108e-02 -1.802792789223371699e+02
4.350000000000000394e-02 -1.793736244133395701e+02
4.359999999999999987e-02 -1.782674657032048344e+02
4.370000000000000273e-02 -1.769513304621011116e+02
4.379999999999999866e-02 -1.753979350825898678e+02
4.390000000000000152e-02 -1.735996604712579483e+02
4.400000000000000439e-02 -1.715502293082138010e+02
4.410000000000000031e-02 -1.692811833486484829e+02
4.420000000000000318e-02 -1.668043840404569096e+02
4.429999999999999910e-02 -1.641258640369169655e+02
4.440000000000000197e-02 -1.612197212744830495e+02
4.450000000000000483e-02 -1.582043540310393723e+02
4.460000000000000075e-02 -1.552246360747226959e+02
4.470000000000000362e-02 -1.526117858416369018e+02
4.479999999999999954e-02 -1.503910626236794315e+02
4.490000000000000241e-02 -1.486583114299390331e+02
4.500000000000000527e-02 -1.473728857687116545e+02
4.510000000000000120e-02 -1.464295773701975065e+02
4.520000000000000406e-02 -1.458317929638909334e+02
4.529999999999999999e-02 -1.456317958446046816e+02
4.540000000000000285e-02 -1.458138058048421328e+02
4.549999999999999878e-02 -1.461930416214944159e+02
4.560000000000000164e-02 -1.466168725741892445e+02
4.570000000000000451e-02 -1.470419417817406327e+02
4.580000000000000043e-02 -1.474464539549606172e+02
4.590000000000000330e-02 -1.477870024060362937e+02
4.599999999999999922e-02 -1.481484450511532884e+02
4.610000000000000209e-02 -1.485483505824742849e+02
4.620000000000000495e-02 -1.490096582680167501e+02
4.630000000000000088e-02 -1.495352186455236279e+02
4.640000000000000374e-02 -1.500761535269006117e+02
4.649999999999999967e-02 -1.505974513787847684e+02
4.660000000000000253e-02 -1.510795714375860541e+02
4.670000000000000540e-02 -1.515165914271725853e+02
4.680000000000000132e-02 -1.519184889684530617e+02
4.690000000000000419e-02 -1.522980196480824304e+02
4.700000000000000011e-02 -1.526672783696667466e+02
4.710000000000000298e-02 -1.530337648388379534e+02
4.719999999999999890e-02 -1.534057322817848217e+02
4.730000000000000177e-02 -1.537851122549405147e+02
4.740000000000000463e-02 -1.541763697261652624e+02
4.750000000000000056e-02 -1.545750151706293991e+02
4.760000000000000342e-02 -1.549946277692903038e+02
4.769999999999999934e-02 -1.554238021470798685e+02
4.780000000000000221e-02 -1.558600418965015990e+02
4.790000000000000507e-02 -1.563019353024633631e+02
4.800000000000000100e-02 -1.567346465636024391e+02
4.810000000000000386e-02 -1.571663607869898271e+02
4.819999999999999979e-02 -1.575838577981801052e+02
4.830000000000000265e-02 -1.579949543944314030e+02
4.840000000000000552e-02 -1.584019586253466230e+02
4.850000000000000144e-02 -1.587965831155751459e+02
4.860000000000000431e-02 -1.591903710284976512e+02
4.870000000000000023e-02 -1.595766294570574644e+02
4.880000000000000310e-02 -1.599573173097736003e+02
4.889999999999999902e-02 -1.603400769070875072e+02
4.900000000000000189e-02 -1.607209212044905087e+02
4.910000000000000475e-02 -1.611087663933639362e+02
4.920000000000000068e-02 -1.614924195927137021e+02
4.930000000000000354e-02 -1.618735904352453190e+02
4.939999999999999947e-02 -1.622559757614241391e+02
4.950000000000000233e-02 -1.626418045064249895e+02
4.960000000000000520e-02 -1.630311966848648240e+02
4.970000000000000112e-02 -1.634250420636647334e+02
4.980000000000000399e-02 -1.638232464356546814e+02
4.989999999999999991e-02 -1.642246989836661442e+02
5.000000000000000278e-02 -1.646309824680841132e+02
5.010000000000000564e-02 -1.668003301500123428e+02
5.020000000000000157e-02 -1.699840200067006322e+02
5.030000000000000443e-02 -1.734045140355086119e+02
5.040000000000000036e-02 -1.771882246166159689e+02
5.050000000000000322e-02 -1.816695848978285710e+02
5.059999999999999915e-02 -1.869687714696242153e+02
5.070000000000000201e-02 -1.930549595515332442e+02
5.080000000000000487e-02 -1.998614902687123447e+02
5.090000000000000080e-02 -2.069984396187226992e+02
5.100000000000000366e-02 -2.146342708238204864e+02
5.109999999999999959e-02 -2.223200606223255136e+02
5.120000000000000245e-02 -2.277794303727389149e+02
5.130000000000000532e-02 -2.305885415653715995e+02
5.140000000000000124e-02 -2.321310162689818242e+02
5.150000000000000411e-02 -2.328645183378294234e+02
5.160000000000000003e-02 -2.330355128279661869e+02
5.170000000000000290e-02 -2.329622658674205411e+02
5.180000000000000576e-02 -2.325960787387706432e+02
5.190000000000000169e-02 -2.321414382188205536e+02
5.200000000000000455e-02 -2.314678209154277795e+02
5.210000000000000048e-02 -2.312973465118576541e+02
5.220000000000000334e-02 -2.326304675083445659e+02
5.229999999999999927e-02 -2.343528356634294312e+02
5.240000000000000213e-02 -2.353132268399468501e+02
5.250000000000000500e-02 -2.355954998838981282e+02
5.260000000000000092e-02 -2.354797477771310241e+02
5.270000000000000379e-02 -2.351346509673200273e+02
5.279999999999999971e-02 -2.346276803690532518e+02
5.290000000000000258e-02 -2.340040770887500230e+02
5.300000000000000544e-02 -2.332903329364238800e+02
5.310000000000000137e-02 -2.325036039430894732e+02
5.320000000000000423e-02 -2.316487611387404115e+02
5.330000000000000016e-02 -2.307131614946000582e+02
5.340000000000000302e-02 -2.296712011701081053e+02
5.350000000000000588e-02 -2.284949014851147240e+02
5.360000000000000181e-02 -2.271581457149930827e+02
5.370000000000000467e-02 -2.256417686485141019e+02
5.380000000000000060e-02 -2.239417625794127389e+02
5.390000000000000346e-02 -2.220520959362233100e+02
5.399999999999999939e-02 -2.200027109474900442e+02
5.410000000000000225e-02 -2.177890255564917368e+02
5.420000000000000512e-02 -2.154287969824245863e+02
5.430000000000000104e-02 -2.129023961036419905e+02
5.440000000000000391e-02 -2.102832488629305487e+02
5.449999999999999983e-02 -2.077241833787188057e+02
5.460000000000000270e-02 -2.055413154050823721e+02
5.470000000000000556e-02 -2.036957442443106459e+02
5.480000000000000149e-02 -2.022444447089831101e+02
5.490000000000000435e-02 -2.011903617962844066e+02
5.500000000000000028e-02 -2.004312700937211673e+02
5.510000000000000314e-02 -1.999065317074852715e+02
5.520000000000000601e-02 -1.996218089781828269e+02
5.530000000000000193e-02 -1.996182709762915692e+02
5.540000000000000480e-02 -1.998994626478001351e+02
5.550000000000000072e-02 -2.003418029526266082e+02
5.560000000000000359e-02 -2.008457277250263076e+02
5.569999999999999951e-02 -2.013635658178393157e+02
5.580000000000000238e-02 -2.018758080126843026e+02
5.590000000000000524e-02 -2.023788701954423459e+02
5.600000000000000117e-02 -2.028762102814902732e+02
5.610000000000000403e-02 -2.034405680266993954e+02
5.619999999999999996e-02 -2.040556117221813111e+02
5.630000000000000282e-02 -2.046760800357046719e+02
5.640000000000000568e-02 -2.052789024599084939e+02
5.650000000000000161e-02 -2.058516221000846258e+02
5.660000000000000447e-02 -2.063852748478581134e+02
5.670000000000000040e-02 -2.068958830882972961e+02
5.680000000000000326e-02 -2.073911357026697146e+02
5.690000000000000613e-02 -2.078787147914242723e+02
5.700000000000000205e-02 -2.083628613975733401e+02
5.710000000000000492e-02 -2.088482390781054789e+02
5.720000000000000084e-02 -2.093383076079435625e+02
5.730000000000000371e-02 -2.098398482555229236e+02
5.739999999999999963e-02 -2.103585178084239260e+02
5.750000000000000250e-02 -2.108898338383083626e+02
5.760000000000000536e-02 -2.114270423098315632e+02
5.770000000000000129e-02 -2.119647048661165627e+02
5.780000000000000415e-02 -2.124990064635157694e+02
5.790000000000000008e-02 -2.130277628619022607e+02
5.800000000000000294e-02 -2.135522177943582278e+02
5.810000000000000581e-02 -2.140694732595161440e+02
5.820000000000000173e-02 -2.145789417052704948e+02
5.830000000000000460e-02 -2.150817919027557537e+02
5.840000000000000052e-02 -2.155817411129443713e+02
5.850000000000000339e-02 -2.160859260453197521e+02
5.860000000000000625e-02 -2.165750482535867434e+02
5.870000000000000218e-02 -2.170597948960623000e+02
5.880000000000000504e-02 -2.175441700002932919e+02
5.890000000000000097e-02 -2.180296181189712570e+02
5.900000000000000383e-02 -2.185169056574577553e+02
5.909999999999999976e-02 -2.190065864334017078e+02
5.920000000000000262e-02 -2.194990941259725901e+02
5.930000000000000548e-02 -2.199947529891892088e+02
5.940000000000000141e-02 -2.204937805270662921e+02
5.950000000000000427e-02 -2.209962957125315199e+02
5.960000000000000020e-02 -2.215031049536387400e+02
5.970000000000000306e-02 -2.220168439059136745e+02
5.980000000000000593e-02 -2.225296880994207243e+02
5.990000000000000185e-02 -2.230447843358708155e+02
6.000000000000000472e-02 -2.235631959938674527e+02
6.010000000000000064e-02 -2.241027360594378877e+02
6.020000000000000351e-02 -2.246825212801153100e+02
6.029999999999999943e-02 -2.253092331674137085e+02
6.040000000000000230e-02 -2.259735601547037618e+02
6.050000000000000516e-02 -2.266661329558513103e+02
6.060000000000000109e-02 -2.273803613085696611e+02
6.070000000000000395e-02 -2.281115051936825751e+02
6.079999999999999988e-02 -2.288560650908798095e+02
6.090000000000000274e-02 -2.296113925463241401e+02
6.100000000000000561e-02 -2.303754357920485347e+02
6.110000000000000153e-02 -2.311465714729872900e+02
6.120000000000000440e-02 -2.319234926306060061e+02
6.130000000000000032e-02 -2.327051337504706794e+02
6.140000000000000319e-02 -2.334924037570486632e+02
6.150000000000000605e-02 -2.342849766430943248e+02
6.160000000000000198e-02 -2.350757812324182510e+02
6.170000000000000484e-02 -2.358678066451260804e+02
6.180000000000000077e-02 -2.366615247670863766e+02
6.190000000000000363e-02 -2.374569665628316386e+02
6.199999999999999956e-02 -2.382544487398118065e+02
6.210000000000000242e-02 -2.390531425277848996e+02
6.220000000000000528e-02 -2.398526867039911394e+02
6.230000000000000121e-02 -2.406529353571606578e+02
6.240000000000000407e-02 -2.414538325541701340e+02
6.250000000000000000e-02 -2.422553737133668790e+02
6.260000000000000286e-02 -2.430576009897336291e+02
6.270000000000000573e-02 -2.438605768607380355e+02
6.280000000000000859e-02 -2.446643697885846223e+02
6.289999999999999758e-02 -2.454690598855243309e+02
6.300000000000000044e-02 -2.462747379583486236e+02
6.310000000000000331e-02 -2.470815028952551700e+02
6.320000000000000617e-02 -2.478894611158554255e+02
6.330000000000000904e-02 -2.486987826840805837e+02
6.339999999999999802e-02 -2.495094429320495806e+02
6.350000000000000089e-02 -2.503210112099838511e+02
6.360000000000000375e-02 -2.511353042963238522e+02
6.370000000000000662e-02 -2.519518650351041913e+02
6.380000000000000948e-02 -2.527703727510706244e+02
6.389999999999999847e-02 -2.535908303780108497e+02
6.400000000000000133e-02 -2.544133840871151051e+02
6.410000000000000420e-02 -2.552382701355894596e+02
6.420000000000000706e-02 -2.560658586317042023e+02
6.430000000000000993e-02 -2.568976042019760371e+02
6.439999999999999891e-02 -2.577370838866963254e+02
6.450000000000000178e-02 -2.585858063796101192e+02
6.460000000000000464e-02 -2.594440502656549370e+02
6.470000000000000751e-02 -2.603114300464790745e+02
6.479999999999999649e-02 -2.611863878197965505e+02
6.489999999999999936e-02 -2.620688121071727892e+02
6.500000000000000222e-02 -2.629579159838794453e+02
6.510000000000000508e-02 -2.638555385510815086e+02
6.520000000000000795e-02 -2.647655057019914580e+02
6.529999999999999694e-02 -2.656888215372744071e+02
6.539999999999999980e-02 -2.666252444795897532e+02
6.550000000000000266e-02 -2.675745533246548575e+02
6.560000000000000553e-02 -2.685379841697411507e+02
6.570000000000000839e-02 -2.695211901904155525e+02
6.579999999999999738e-02 -2.705265466269162857e+02
6.590000000000000024e-02 -2.715570649223977284e+02
6.600000000000000311e-02 -2.726136271313745851e+02
6.610000000000000597e-02 -2.736973593544928463e+02
6.620000000000000884e-02 -2.748090331396677470e+02
6.629999999999999782e-02 -2.759487729224008490e+02
6.640000000000000069e-02 -2.771159823068769015e+02
6.650000000000000355e-02 -2.783126145402142129e+02
6.660000000000000642e-02 -2.795409445599140099e+02
6.670000000000000928e-02 -2.808029703967637829e+02
6.679999999999999827e-02 -2.820997017026157891e+02
6.690000000000000113e-02 -2.834319151786270368e+02
6.700000000000000400e-02 -2.848049678693211604e+02
6.710000000000000686e-02 -2.862343303389935159e+02
6.720000000000000973e-02 -2.877298958031875031e+02
6.729999999999999871e-02 -2.892946402216647925e+02
6.740000000000000158e-02 -2.909277751966467349e+02
6.750000000000000444e-02 -2.926291345219414097e+02
6.760000000000000731e-02 -2.944083794784492625e+02
6.770000000000001017e-02 -2.962761782125566583e+02
6.779999999999999916e-02 -2.982730045851989189e+02
6.790000000000000202e-02 -3.004984687478997216e+02
6.800000000000000488e-02 -3.030298856214072885e+02
6.810000000000000775e-02 -3.058168105405495680e+02
6.819999999999999674e-02 -3.087907111218099772e+02
6.829999999999999960e-02 -3.119505236567549673e+02
6.840000000000000246e-02 -3.153146088942670531e+02
6.850000000000000533e-02 -3.189113074210442278e+02
6.860000000000000819e-02 -3.227240178679797395e+02
6.869999999999999718e-02 -3.267375399655449542e+02
6.880000000000000004e-02 -3.310245086305714040e+02
6.890000000000000291e-02 -3.356764434828525054e+02
6.900000000000000577e-02 -3.404036234419295397e+02
6.910000000000000864e-02 -3.438252090078470360e+02
6.919999999999999762e-02 -3.451526495382283883e+02
6.930000000000000049e-02 -3.457949110094315870e+02
6.940000000000000335e-02 -3.463511951767362120e+02
6.950000000000000622e-02 -3.468609138728376138e+02
6.960000000000000908e-02 -3.473064562276328502e+02
6.969999999999999807e-02 -3.477821606588517511e+02
6.980000000000000093e-02 -3.483498207628518912e+02
6.990000000000000380e-02 -3.490281880111755299e+02
7.000000000000000666e-02 -3.498048098419502026e+02
7.010000000000000953e-02 -3.506520000062827762e+02
7.019999999999999851e-02 -3.515372852039307645e+02
7.030000000000000138e-02 -3.524318665649286118e+02
7.040000000000000424e-02 -3.533273385969631590e+02
7.050000000000000711e-02 -3.542064011712137699e+02
7.060000000000000997e-02 -3.550563550944346503e+02
7.069999999999999896e-02 -3.558890844037892975e+02
7.080000000000000182e-02 -3.567325246393453426e+02
7.090000000000000469e-02 -3.576062565430892732e+02
7.100000000000000755e-02 -3.585060218845935083e+02
7.109999999999999654e-02 -3.594138506205995327e+02
7.119999999999999940e-02 -3.603174490532321101e+02
7.130000000000000226e-02 -3.612189672397694835e+02
7.140000000000000513e-02 -3.621210715914198204e+02
7.150000000000000799e-02 -3.630247260098021798e+02
7.159999999999999698e-02 -3.639308283978458007e+02
7.169999999999999984e-02 -3.648424834771302585e+02
7.180000000000000271e-02 -3.657597260344746246e+02
7.190000000000000557e-02 -3.666808032773734567e+02
7.200000000000000844e-02 -3.676038976781405268e+02
7.209999999999999742e-02 -3.685277362234044745e+02
7.220000000000000029e-02 -3.694516375519750113e+02
7.230000000000000315e-02 -3.703753603159866543e+02
7.240000000000000602e-02 -3.712989321501111135e+02
7.250000000000000888e-02 -3.722225204450151637e+02
7.259999999999999787e-02 -3.731463501539697063e+02
7.270000000000000073e-02 -3.740706561801324597e+02
7.280000000000000360e-02 -3.749956572779599355e+02
7.290000000000000646e-02 -3.759215425003540076e+02
7.300000000000000933e-02 -3.768484651286527765e+02
7.309999999999999831e-02 -3.777765414203518048e+02
7.320000000000000118e-02 -3.787058526658059918e+02
7.330000000000000404e-02 -3.796364495349399704e+02
7.340000000000000691e-02 -3.805683579187783607e+02
7.350000000000000977e-02 -3.815015856269722008e+02
7.359999999999999876e-02 -3.824361301776431219e+02
7.370000000000000162e-02 -3.833719251768763456e+02
7.380000000000000449e-02 -3.843074839402763132e+02
7.390000000000000735e-02 -3.852404432006121056e+02
7.400000000000001021e-02 -3.861704149358604354e+02
7.409999999999999920e-02 -3.870984683454669835e+02
7.420000000000000207e-02 -3.880260143901561491e+02
7.430000000000000493e-02 -3.889542124194354074e+02
7.440000000000000779e-02 -3.898834915944038357e+02
7.449999999999999678e-02 -3.908144622881359851e+02
7.459999999999999964e-02 -3.917477142297802288e+02
7.470000000000000251e-02 -3.926839065871825483e+02
7.480000000000000537e-02 -3.936226542747361918e+02
7.490000000000000824e-02 -3.945637647484844592e+02
7.499999999999999722e-02 -3.955085110670036670e+02
7.510000000000000009e-02 -3.964558185495741895e+02
7.520000000000000295e-02 -3.974032754927745827e+02
7.530000000000000582e-02 -3.983502311850431852e+02
7.540000000000000868e-02 -3.992958098781463150e+02
7.549999999999999767e-02 -4.002401466757682442e+02
7.560000000000000053e-02 -4.011838694028134000e+02
7.570000000000000340e-02 -4.021274900292432903e+02
7.580000000000000626e-02 -4.030713177613473022e+02
7.590000000000000913e-02 -4.040158730022990312e+02
7.599999999999999811e-02 -4.049617784172518782e+02
7.610000000000000098e-02 -4.059069313725236725e+02
7.620000000000000384e-02 -4.068522777946456586e+02
7.630000000000000671e-02 -4.077981414535537965e+02
7.640000000000000957e-02 -4.087445630513099104e+02
7.649999999999999856e-02 -4.096915236438669581e+02
7.660000000000000142e-02 -4.106389982691414957e+02
7.670000000000000429e-02 -4.115869675079018748e+02
7.680000000000000715e-02 -4.125345581014710206e+02
7.690000000000001001e-02 -4.134760425781223603e+02
7.699999999999999900e-02 -4.144082635455899322e+02
7.710000000000000187e-02 -4.153325130289174467e+02
7.720000000000000473e-02 -4.162510473107283815e+02
7.730000000000000759e-02 -4.171655698534210615e+02
7.740000000000001046e-02 -4.180772384534552657e+02
7.749999999999999944e-02 -4.189871262255643387e+02
7.760000000000000231e-02 -4.198961599938981522e+02
7.770000000000000517e-02 -4.208049841083010278e+02
7.780000000000000804e-02 -4.217142154148837676e+02
7.789999999999999702e-02 -4.226239847811499430e+02
7.799999999999999989e-02 -4.235346156475101225e+02
7.810000000000000275e-02 -4.244464448090257633e+02
7.820000000000000562e-02 -4.253596806902591538e+02
7.830000000000000848e-02 -4.262744634957708172e+02
7.839999999999999747e-02 -4.271908855525775266e+02
7.850000000000000033e-02 -4.281089997306062855e+02
7.860000000000000320e-02 -4.290288144225259543e+02
7.870000000000000606e-02 -4.299503122251016975e+02
7.880000000000000893e-02 -4.308735100955696566e+02
7.889999999999999791e-02 -4.317983161693329066e+02
7.900000000000000078e-02 -4.327245819823847910e+02
7.910000000000000364e-02 -4.336522833661595087e+02
7.920000000000000651e-02 -4.345813989027057005e+02
7.930000000000000937e-02 -4.355118705655836493e+02
7.939999999999999836e-02 -4.364441145754559557e+02
7.950000000000000122e-02 -4.373769272237594805e+02
7.960000000000000409e-02 -4.383104293291607405e+02
7.970000000000000695e-02 -4.392447973291566541e+02
7.980000000000000981e-02 -4.401799875406256888e+02
7.989999999999999880e-02 -4.411159365131185268e+02
8.000000000000000167e-02 -4.420525972598964586e+02
8.010000000000000453e-02 -4.429771396048021757e+02
8.020000000000000739e-02 -4.438618320911660931e+02
8.030000000000001026e-02 -4.447096485106604291e+02
8.039999999999999925e-02 -4.455298922633710959e+02
8.050000000000000211e-02 -4.463302832632855370e+02
8.060000000000000497e-02 -4.471176887477851665e+02
8.070000000000000784e-02 -4.478940740407945214e+02
8.080000000000001070e-02 -4.486622081909478084e+02
8.089999999999999969e-02 -4.494250146397531012e+02
8.100000000000000255e-02 -4.501841403655201930e+02
8.110000000000000542e-02 -4.509406959048285444e+02
8.120000000000000828e-02 -4.516955710875474779e+02
8.129999999999999727e-02 -4.524494961779855657e+02
8.140000000000000013e-02 -4.532030468534089778e+02
8.150000000000000300e-02 -4.539566711537076458e+02
8.160000000000000586e-02 -4.547107179597297772e+02
8.170000000000000873e-02 -4.554654567312138624e+02
8.179999999999999771e-02 -4.562210889597638470e+02
8.190000000000000058e-02 -4.569777558151083667e+02
8.200000000000000344e-02 -4.577355339220038104e+02
8.210000000000000631e-02 -4.584951990686966496e+02
8.220000000000000917e-02 -4.592582164988535283e+02
8.229999999999999816e-02 -4.600193644722988324e+02
8.240000000000000102e-02 -4.607809484702854661e+02
8.250000000000000389e-02 -4.615441341963809236e+02
8.260000000000000675e-02 -4.623089187140828926e+02
8.270000000000000961e-02 -4.630750166951760889e+02
8.279999999999999860e-02 -4.638420541031485413e+02
8.290000000000000147e-02 -4.646093823029007126e+02
8.300000000000000433e-02 -4.653766926344756598e+02
8.310000000000000719e-02 -4.661440408520284109e+02
8.320000000000001006e-02 -4.669115660815386377e+02
8.329999999999999905e-02 -4.676793802051629427e+02
8.340000000000000191e-02 -4.684475484165594139e+02
8.350000000000000477e-02 -4.692160952161463570e+02
8.360000000000000764e-02 -4.699850137256813127e+02
8.370000000000001050e-02 -4.707542702943809445e+02
8.379999999999999949e-02 -4.715237986167489339e+02
8.390000000000000235e-02 -4.722934669816296491e+02
8.400000000000000522e-02 -4.730626526718374976e+02
8.410000000000000808e-02 -4.738290766413162487e+02
8.420000000000001095e-02 -4.745914830022765045e+02
8.429999999999999993e-02 -4.753501180337386813e+02
8.440000000000000280e-02 -4.761056977174611688e+02
8.450000000000000566e-02 -4.768588585408801919e+02
8.460000000000000853e-02 -4.776100888880639559e+02
8.469999999999999751e-02 -4.783597544406283077e+02
8.480000000000000038e-02 -4.791081333188954545e+02
8.490000000000000324e-02 -4.798554439563881715e+02
8.500000000000000611e-02 -4.806018645111773822e+02
8.510000000000000897e-02 -4.813475458902324249e+02
8.519999999999999796e-02 -4.820926205325510523e+02
8.530000000000000082e-02 -4.828372084748658608e+02
8.540000000000000369e-02 -4.835814216146546869e+02
8.550000000000000655e-02 -4.843255190055845674e+02
8.560000000000000941e-02 -4.850707113037106524e+02
8.569999999999999840e-02 -4.858146439169232167e+02
8.580000000000000127e-02 -4.865580877769231165e+02
8.590000000000000413e-02 -4.873016278400743886e+02
8.600000000000000699e-02 -4.880453605524164686e+02
8.610000000000000986e-02 -4.887892710753403662e+02
8.619999999999999885e-02 -4.895334386883973252e+02
8.630000000000000171e-02 -4.902779546593462214e+02
8.640000000000000457e-02 -4.910228185717946303e+02
8.650000000000000744e-02 -4.917680298228810898e+02
8.660000000000001030e-02 -4.925139893528195785e+02
8.669999999999999929e-02 -4.932623201964300392e+02
8.680000000000000215e-02 -4.940116769649191610e+02
8.690000000000000502e-02 -4.947638549173402112e+02
8.700000000000000788e-02 -4.955188347535424214e+02
8.710000000000001075e-02 -4.962770860159528752e+02
8.719999999999999973e-02 -4.970394528817884634e+02
8.730000000000000260e-02 -4.978063086554466281e+02
8.740000000000000546e-02 -4.985775484000915299e+02
8.750000000000000833e-02 -4.993581401361576013e+02
8.759999999999999731e-02 -5.001433296007605236e+02
8.770000000000000018e-02 -5.009223047149922081e+02
8.780000000000000304e-02 -5.016987473519796481e+02
8.790000000000000591e-02 -5.024737179388654909e+02
8.800000000000000877e-02 -5.032474003762010852e+02
8.809999999999999776e-02 -5.040196295181265214e+02
8.820000000000000062e-02 -5.047901522807551373e+02
8.830000000000000349e-02 -5.055602475404328402e+02
8.840000000000000635e-02 -5.063304082647415498e+02
8.850000000000000921e-02 -5.071031222755998442e+02
8.859999999999999820e-02 -5.078756054287736674e+02
8.870000000000000107e-02 -5.086445929876367131e+02
8.880000000000000393e-02 -5.094084291621801981e+02
8.890000000000000679e-02 -5.101701266577553042e+02
8.900000000000000966e-02 -5.109483705513304130e+02
8.909999999999999865e-02 -5.117485638573188567e+02
8.920000000000000151e-02 -5.125545191820157243e+02
8.930000000000000437e-02 -5.133584889023534288e+02
8.940000000000000724e-02 -5.141618066692742559e+02
8.950000000000001010e-02 -5.149613527720604225e+02
8.959999999999999909e-02 -5.157633434962510819e+02
8.970000000000000195e-02 -5.165766587540840646e+02
8.980000000000000482e-02 -5.173960237742130630e+02
8.990000000000000768e-02 -5.182227001636899786e+02
9.000000000000001055e-02 -5.190643564403089840e+02
9.009999999999999953e-02 -5.199003646904791367e+02
9.020000000000000240e-02 -5.207109237592716227e+02
9.030000000000000526e-02 -5.214968648967941363e+02
9.040000000000000813e-02 -5.222780084624371284e+02
9.050000000000001099e-02 -5.230684657044052983e+02
9.059999999999999998e-02 -5.238716572511328877e+02
9.070000000000000284e-02 -5.246792822874635931e+02
9.080000000000000571e-02 -5.254790460019312377e+02
9.090000000000000857e-02 -5.262772956536856555e+02
9.099999999999999756e-02 -5.270764381045717073e+02
9.110000000000000042e-02 -5.278718938822355540e+02
9.120000000000000329e-02 -5.286626589657022350e+02
9.130000000000000615e-02 -5.294505468121818694e+02
9.140000000000000902e-02 -5.302374529468472701e+02
9.149999999999999800e-02 -5.310240993247816732e+02
9.160000000000000087e-02 -5.318108477876857023e+02
9.170000000000000373e-02 -5.325982061970280483e+02
9.180000000000000659e-02 -5.333866626474244867e+02
9.190000000000000946e-02 -5.341764257218624152e+02
9.199999999999999845e-02 -5.349672984555323865e+02
9.210000000000000131e-02 -5.357587063221511698e+02
9.220000000000000417e-02 -5.365498135354387159e+02
9.230000000000000704e-02 -5.373396305199651124e+02
9.240000000000000990e-02 -5.381270347255375555e+02
9.249999999999999889e-02 -5.389102507812846170e+02
9.260000000000000175e-02 -5.396834194516559364e+02
9.270000000000000462e-02 -5.404406633156577300e+02
9.280000000000000748e-02 -5.411754516524274550e+02
9.290000000000001035e-02 -5.418739412817047878e+02
9.299999999999999933e-02 -5.425172541865754283e+02
9.310000000000000220e-02 -5.430909837944273022e+02
9.320000000000000506e-02 -5.435826959697971006e+02
9.330000000000000793e-02 -5.439795813821189086e+02
9.340000000000001079e-02 -5.442675178882271894e+02
9.349999999999999978e-02 -5.444304316045003134e+02
9.360000000000000264e-02 -5.444498374037781332e+02
9.370000000000000551e-02 -5.443071552221445017e+02
9.380000000000000837e-02 -5.439866006200895754e+02
9.390000000000001124e-02 -5.434942491578025283e+02
9.400000000000000022e-02 -5.428392578388936727e+02
9.410000000000000309e-02 -5.420190424177941395e+02
9.420000000000000595e-02 -5.410165255215622437e+02
9.430000000000000882e-02 -5.398183187885764482e+02
9.439999999999999780e-02 -5.384489522572080205e+02
9.450000000000000067e-02 -5.369409003139503511e+02
9.460000000000000353e-02 -5.352813290335268448e+02
9.470000000000000639e-02 -5.335769662013174184e+02
9.480000000000000926e-02 -5.319495079897069445e+02
9.489999999999999825e-02 -5.305426953880745486e+02
9.500000000000000111e-02 -5.293469570821214347e+02
9.510000000000000397e-02 -5.283726276202808094e+02
9.520000000000000684e-02 -5.276648153423963095e+02
9.530000000000000970e-02 -5.272513483492941759e+02
9.539999999999999869e-02 -5.270959743105087227e+02
9.550000000000000155e-02 -5.271344228944699353e+02
9.560000000000000442e-02 -5.273186187152817865e+02
9.570000000000000728e-02 -5.276467937367875720e+02
9.580000000000001015e-02 -5.281416738829518636e+02
9.589999999999999913e-02 -5.287895608404606946e+02
9.600000000000000200e-02 -5.295533376550661160e+02
9.610000000000000486e-02 -5.303880705889355340e+02
9.620000000000000773e-02 -5.312595701137478272e+02
9.630000000000001059e-02 -5.321539469720604529e+02
9.639999999999999958e-02 -5.330565784621629746e+02
9.650000000000000244e-02 -5.340070365275503264e+02
9.660000000000000531e-02 -5.349829900256644351e+02
9.670000000000000817e-02 -5.359724039488816061e+02
9.680000000000001104e-02 -5.369964844283739467e+02
9.690000000000000002e-02 -5.379986520485157371e+02
9.700000000000000289e-02 -5.389888381805081963e+02
9.710000000000000575e-02 -5.399668620958151450e+02
9.720000000000000862e-02 -5.409279570749465620e+02
9.730000000000001148e-02 -5.418768260040253608e+02
9.740000000000000047e-02 -5.428173781802431677e+02
9.750000000000000333e-02 -5.437523700012419567e+02
9.760000000000000620e-02 -5.446834927430136304e+02
9.770000000000000906e-02 -5.456115700784386036e+02
9.779999999999999805e-02 -5.465366741094857161e+02
9.790000000000000091e-02 -5.474586350123485090e+02
9.800000000000000377e-02 -5.483775558599373880e+02
9.810000000000000664e-02 -5.492935770768702923e+02
9.820000000000000950e-02 -5.502074890924427564e+02
9.829999999999999849e-02 -5.511215031219651337e+02
9.840000000000000135e-02 -5.520385497704720592e+02
9.850000000000000422e-02 -5.529589878038603956e+02
9.860000000000000708e-02 -5.538819329778746123e+02
9.870000000000000995e-02 -5.548066923824106880e+02
9.879999999999999893e-02 -5.557329071609572111e+02
9.890000000000000180e-02 -5.566604206467400218e+02
9.900000000000000466e-02 -5.575891905537545199e+02
9.910000000000000753e-02 -5.585192528428108290e+02
9.920000000000001039e-02 -5.594507006668576423e+02
9.929999999999999938e-02 -5.603836647834793894e+02
9.940000000000000224e-02 -5.613182852236185454e+02
9.950000000000000511e-02 -5.622544354769916026e+02
9.960000000000000797e-02 -5.631932350712975222e+02
9.970000000000001084e-02 -5.641343792815129063e+02
9.979999999999999982e-02 -5.650786006137848290e+02
9.990000000000000269e-02 -5.660283261602303355e+02
1.000000000000000056e-01 -5.669765088693826556e+02
1.001000000000000084e-01 -5.697436452365085415e+02
1.002000000000000113e-01 -5.736569147566004858e+02
1.003000000000000003e-01 -5.778298369956524994e+02
1.004000000000000031e-01 -5.823369709155730334e+02
1.005000000000000060e-01 -5.875556160324449593e+02
1.006000000000000089e-01 -5.936530432780829187e+02
1.007000000000000117e-01 -6.004360609059932585e+02
1.008000000000000007e-01 -6.075981792331834868e+02
1.009000000000000036e-01 -6.151016878558720009e+02
1.010000000000000064e-01 -6.211656695779746542e+02
1.011000000000000093e-01 -6.249882640586877187e+02
1.011999999999999983e-01 -6.277758156262252669e+02
1.013000000000000012e-01 -6.300062385747360167e+02
1.014000000000000040e-01 -6.318498226067861196e+02
1.015000000000000069e-01 -6.334028761199359678e+02
1.016000000000000097e-01 -6.346019436529417135e+02
1.016999999999999987e-01 -6.354174811389549404e+02
1.018000000000000016e-01 -6.360681415613540821e+02
1.019000000000000045e-01 -6.368513907550653812e+02
1.020000000000000073e-01 -6.387249871933038321e+02
1.021000000000000102e-01 -6.407338928222477534e+02
1.021999999999999992e-01 -6.420694834452002624e+02
1.023000000000000020e-01 -6.428627079044294987e+02
1.024000000000000049e-01 -6.433301364079817404e+02
1.025000000000000078e-01 -6.436148495518449408e+02
1.026000000000000106e-01 -6.438029302891454790e+02
1.026999999999999996e-01 -6.439471063889428706e+02
1.028000000000000025e-01 -6.440658410944955676e+02
1.029000000000000054e-01 -6.441565967265912604e+02
1.030000000000000082e-01 -6.442253515021305930e+02
1.031000000000000111e-01 -6.442793883122999432e+02
1.032000000000000001e-01 -6.443142819490153670e+02
1.033000000000000029e-01 -6.443166582836061025e+02
1.034000000000000058e-01 -6.442811982201850469e+02
1.035000000000000087e-01 -6.441927470024487548e+02
1.036000000000000115e-01 -6.440281600095679551e+02
1.037000000000000005e-01 -6.437704234034951014e+02
1.038000000000000034e-01 -6.434008870624486462e+02
1.039000000000000062e-01 -6.429097256038792239e+02
1.040000000000000091e-01 -6.423056630222180274e+02
1.040999999999999981e-01 -6.415790586349564819e+02
1.042000000000000010e-01 -6.407306755170831138e+02
1.043000000000000038e-01 -6.397623055658845033e+02
1.044000000000000067e-01 -6.387423352567824395e+02
1.045000000000000095e-01 -6.377192615836607956e+02
1.045999999999999985e-01 -6.367381447387911066e+02
1.047000000000000014e-01 -6.358945777996626703e+02
1.048000000000000043e-01 -6.352086087434927322e+02
1.049000000000000071e-01 -6.346892675181154573e+02
1.050000000000000100e-01 -6.343169591939420116e+02
1.050999999999999990e-01 -6.341297661251517184e+02
1.052000000000000018e-01 -6.341537122889369584e+02
1.053000000000000047e-01 -6.343553330361271492e+02
1.054000000000000076e-01 -6.346834871800925839e+02
1.055000000000000104e-01 -6.351211702054379202e+02
1.055999999999999994e-01 -6.356361591870313532e+02
1.057000000000000023e-01 -6.362214845318493417e+02
1.058000000000000052e-01 -6.368910891054898684e+02
1.059000000000000080e-01 -6.376534570375130215e+02
1.060000000000000109e-01 -6.385035305678294435e+02
1.060999999999999999e-01 -6.394231777762213369e+02
1.062000000000000027e-01 -6.403880675563991645e+02
1.063000000000000056e-01 -6.413783555018833340e+02
1.064000000000000085e-01 -6.423600591919558838e+02
1.065000000000000113e-01 -6.434007448929581869e+02
1.066000000000000003e-01 -6.444706614546108767e+02
1.067000000000000032e-01 -6.455485257814940496e+02
1.068000000000000060e-01 -6.466223825199302837e+02
1.069000000000000089e-01 -6.476830048511205860e+02
1.070000000000000118e-01 -6.487289042418892677e+02
1.071000000000000008e-01 -6.497707726905446179e+02
1.072000000000000036e-01 -6.508056280327272134e+02
1.073000000000000065e-01 -6.518337233422213330e+02
1.074000000000000093e-01 -6.528542047915505009e+02
1.074999999999999983e-01 -6.538676153692812250e+02
1.076000000000000012e-01 -6.548819370201135825e+02
1.077000000000000041e-01 -6.558944673553218081e+02
1.078000000000000069e-01 -6.569089599332986609e+02
1.079000000000000098e-01 -6.579223188506973656e+02
1.079999999999999988e-01 -6.589325144453299572e+02
1.081000000000000016e-01 -6.599377231730815083e+02
1.082000000000000045e-01 -6.609391334313353354e+02
1.083000000000000074e-01 -6.619398955056240084e+02
1.084000000000000102e-01 -6.629399626691548519e+02
1.084999999999999992e-01 -6.639394111686913220e+02
1.086000000000000021e-01 -6.649396072838649161e+02
1.087000000000000050e-01 -6.659433014841069962e+02
1.088000000000000078e-01 -6.669528959356169935e+02
1.089000000000000107e-01 -6.679698469483846566e+02
1.089999999999999997e-01 -6.689930129646634214e+02
1.091000000000000025e-01 -6.700209554992134144e+02
1.092000000000000054e-01 -6.710513167109705819e+02
1.093000000000000083e-01 -6.720868116439322648e+02
1.094000000000000111e-01 -6.731264547085964978e+02
1.095000000000000001e-01 -6.741684467609038620e+02
1.096000000000000030e-01 -6.752122911025373924e+02
1.097000000000000058e-01 -6.762578912871638295e+02
1.098000000000000087e-01 -6.773052715370457690e+02
1.099000000000000116e-01 -6.783548645811068809e+02
1.100000000000000006e-01 -6.794081433596754778e+02
1.101000000000000034e-01 -6.804790976232452522e+02
1.102000000000000063e-01 -6.816008789842165925e+02
1.103000000000000091e-01 -6.827730703675911172e+02
1.104000000000000120e-01 -6.839842150575930191e+02
1.105000000000000010e-01 -6.852252450483626944e+02
1.106000000000000039e-01 -6.864887599022094946e+02
1.107000000000000067e-01 -6.877682973659299250e+02
1.108000000000000096e-01 -6.890598534323748936e+02
1.108999999999999986e-01 -6.903607890528401185e+02
1.110000000000000014e-01 -6.916692600715077788e+02
1.111000000000000043e-01 -6.929839199980490321e+02
1.112000000000000072e-01 -6.943037513282939699e+02
1.113000000000000100e-01 -6.956279654444674634e+02
1.113999999999999990e-01 -6.969569567544316442e+02
1.115000000000000019e-01 -6.982910140495525866e+02
1.116000000000000048e-01 -6.996250490559774562e+02
1.117000000000000076e-01 -7.009610120085019389e+02
1.118000000000000105e-01 -7.022999470930251391e+02
1.118999999999999995e-01 -7.036426157177480718e+02
1.120000000000000023e-01 -7.049907367893491710e+02
1.121000000000000052e-01 -7.063448214820035673e+02
1.122000000000000081e-01 -7.077016888064381419e+02
1.123000000000000109e-01 -7.090650945501123488e+02
1.123999999999999999e-01 -7.104330478144573817e+02
1.125000000000000028e-01 -7.118042368394436608e+02
1.126000000000000056e-01 -7.131781289452734427e+02
1.127000000000000085e-01 -7.145544605699950580e+02
1.128000000000000114e-01 -7.159330737290991920e+02
1.129000000000000004e-01 -7.173138514200960572e+02
1.130000000000000032e-01 -7.186966500352948515e+02
1.131000000000000061e-01 -7.200813186440444724e+02
1.132000000000000089e-01 -7.214677652799354064e+02
1.133000000000000118e-01 -7.228560557887639106e+02
1.134000000000000008e-01 -7.242461359163025918e+02
1.135000000000000037e-01 -7.256379025562524703e+02
1.136000000000000065e-01 -7.270312784494979041e+02
1.137000000000000094e-01 -7.284262322259777420e+02
1.138000000000000123e-01 -7.298227801292185859e+02
1.139000000000000012e-01 -7.312209820706990513e+02
1.140000000000000041e-01 -7.326209369650806593e+02
1.141000000000000070e-01 -7.340227794974044855e+02
1.142000000000000098e-01 -7.354266798387419612e+02
1.142999999999999988e-01 -7.368323000966554446e+02
1.144000000000000017e-01 -7.382326844755848470e+02
1.145000000000000046e-01 -7.396421508059559073e+02
1.146000000000000074e-01 -7.410588223699396622e+02
1.147000000000000103e-01 -7.424815784271528400e+02
1.147999999999999993e-01 -7.439136177237181755e+02
1.149000000000000021e-01 -7.453591275305473118e+02
1.150000000000000050e-01 -7.468193039499835777e+02
1.151000000000000079e-01 -7.482937718402913561e+02
1.152000000000000107e-01 -7.497819940058450356e+02
1.152999999999999997e-01 -7.512837018511046381e+02
1.154000000000000026e-01 -7.527989674734424170e+02
1.155000000000000054e-01 -7.543283064437808889e+02
1.156000000000000083e-01 -7.558741811378841930e+02
1.157000000000000112e-01 -7.574390475490398558e+02
1.158000000000000002e-01 -7.590199478344934505e+02
1.159000000000000030e-01 -7.606171061431658700e+02
1.160000000000000059e-01 -7.622403320817567192e+02
1.161000000000000087e-01 -7.638862577859540579e+02
1.162000000000000116e-01 -7.655521260234437477e+02
1.163000000000000006e-01 -7.672344258923052394e+02
1.164000000000000035e-01 -7.689357642626747520e+02
1.165000000000000063e-01 -7.706583922438704803e+02
1.166000000000000092e-01 -7.724019556234736683e+02
1.167000000000000121e-01 -7.741692829054029517e+02
1.168000000000000010e-01 -7.759649690399824067e+02
1.169000000000000039e-01 -7.778004990475320710e+02
1.170000000000000068e-01 -7.796854978405617658e+02
1.171000000000000096e-01 -7.816276727618916311e+02
1.172000000000000125e-01 -7.836282496321571216e+02
1.173000000000000015e-01 -7.856849790162825684e+02
1.174000000000000044e-01 -7.877974908060797361e+02
1.175000000000000072e-01 -7.899582376160429931e+02
1.176000000000000101e-01 -7.921703287966565767e+02
1.176999999999999991e-01 -7.944432395599193342e+02
1.178000000000000019e-01 -7.967984522144932953e+02
1.179000000000000048e-01 -7.992609231748683669e+02
1.180000000000000077e-01 -8.018586365009289239e+02
1.181000000000000105e-01 -8.046375931661909817e+02
1.181999999999999995e-01 -8.076554378836576689e+02
1.183000000000000024e-01 -8.109369463495462469e+02
1.184000000000000052e-01 -8.144937647173676396e+02
1.185000000000000081e-01 -8.183060972997396902e+02
1.186000000000000110e-01 -8.223308082334956453e+02
1.187000000000000000e-01 -8.266314778552484768e+02
1.188000000000000028e-01 -8.310647718852362686e+02
1.189000000000000057e-01 -8.352236320630448745e+02
1.190000000000000085e-01 -8.379524491910694906e+02
1.191000000000000114e-01 -8.394904539730850956e+02
1.192000000000000004e-01 -8.408530858318598575e+02
1.193000000000000033e-01 -8.423119167921041708e+02
1.194000000000000061e-01 -8.436674027058770662e+02
1.195000000000000090e-01 -8.448527766214402845e+02
1.196000000000000119e-01 -8.459262039134595170e+02
1.197000000000000008e-01 -8.469586424477745368e+02
1.198000000000000037e-01 -8.480078228920963284e+02
1.199000000000000066e-01 -8.491174792500914918e+02
1.200000000000000094e-01 -8.503081281993435141e+02
1.201000000000000123e-01 -8.515756429718063600e+02
1.202000000000000013e-01 -8.529053720654192148e+02
1.203000000000000042e-01 -8.542843558545536098e+02
1.204000000000000070e-01 -8.556968814680009245e+02
1.205000000000000099e-01 -8.571325729630084425e+02
1.205999999999999989e-01 -8.585874536554870247e+02
1.207000000000000017e-01 -8.600486697179776456e+02
1.208000000000000046e-01 -8.615052808765268537e+02
1.209000000000000075e-01 -8.629547337060600967e+02
1.210000000000000103e-01 -8.643990264159759818e+02
1.210999999999999993e-01 -8.658386846574949232e+02
1.212000000000000022e-01 -8.672740279050161689e+02
1.213000000000000050e-01 -8.687007835407357561e+02
1.214000000000000079e-01 -8.701161700174936868e+02
1.215000000000000108e-01 -8.715220711836084320e+02
1.215999999999999998e-01 -8.729237679096055444e+02
1.217000000000000026e-01 -8.743273648830197544e+02
1.218000000000000055e-01 -8.757364797850358400e+02
1.219000000000000083e-01 -8.771513743828908218e+02
1.220000000000000112e-01 -8.785712641396000890e+02
1.221000000000000002e-01 -8.799953170995830760e+02
1.222000000000000031e-01 -8.814228921687858929e+02
1.223000000000000059e-01 -8.828534918377573604e+02
1.224000000000000088e-01 -8.842866722928437184e+02
1.225000000000000117e-01 -8.857219957902216265e+02
1.226000000000000006e-01 -8.871588713155140340e+02
1.227000000000000035e-01 -8.885953686003521170e+02
1.228000000000000064e-01 -8.900291382008366554e+02
1.229000000000000092e-01 -8.914596871455788687e+02
1.230000000000000121e-01 -8.928878606098165847e+02
1.231000000000000011e-01 -8.943146640474403739e+02
1.232000000000000040e-01 -8.957408396848737766e+02
1.233000000000000068e-01 -8.971668602593454125e+02
1.234000000000000097e-01 -8.985930323177155969e+02
1.235000000000000125e-01 -9.000195793432902747e+02
1.236000000000000015e-01 -9.014466835745090521e+02
1.237000000000000044e-01 -9.028744997718787317e+02
1.238000000000000073e-01 -9.043031588878465072e+02
1.239000000000000101e-01 -9.057328462561409879e+02
1.239999999999999991e-01 -9.071637132243255337e+02
1.241000000000000020e-01 -9.085957965813416877e+02
1.242000000000000048e-01 -9.100291704155480375e+02
1.243000000000000077e-01 -9.114640491925451897e+02
1.244000000000000106e-01 -9.129007519751387463e+02
1.244999999999999996e-01 -9.143398136547021977e+02
1.246000000000000024e-01 -9.157819209588935792e+02
1.247000000000000053e-01 -9.172261053155732498e+02
1.248000000000000081e-01 -9.186717748920148097e+02
1.249000000000000110e-01 -9.201188211021745929e+02
1.250000000000000000e-01 -9.215671234694416398e+02
1.251000000000000167e-01 -9.230170027317902850e+02
1.252000000000000057e-01 -9.244683611667746845e+02
1.252999999999999947e-01 -9.259225686219796216e+02
1.254000000000000115e-01 -9.273790128171331162e+02
1.255000000000000004e-01 -9.288342415210246372e+02
1.256000000000000172e-01 -9.302849643225431464e+02
1.257000000000000062e-01 -9.317313197979761981e+02
1.257999999999999952e-01 -9.331745498061433182e+02
1.259000000000000119e-01 -9.346157813663402294e+02
1.260000000000000009e-01 -9.360559090951845747e+02
1.261000000000000176e-01 -9.374956414755962442e+02
1.262000000000000066e-01 -9.389355256115889006e+02
1.262999999999999956e-01 -9.403759663250165204e+02
1.264000000000000123e-01 -9.418172501983066240e+02
1.265000000000000013e-01 -9.432595722928205078e+02
1.266000000000000181e-01 -9.447030610661871606e+02
1.267000000000000071e-01 -9.461477987369459015e+02
1.267999999999999960e-01 -9.475938362094723288e+02
1.269000000000000128e-01 -9.490412028456244116e+02
1.270000000000000018e-01 -9.504899120290834844e+02
1.271000000000000185e-01 -9.519399637715714562e+02
1.272000000000000075e-01 -9.533913456560399027e+02
1.272999999999999965e-01 -9.548440332553017242e+02
1.274000000000000132e-01 -9.562979908648641185e+02
1.275000000000000022e-01 -9.577531730210505430e+02
1.276000000000000190e-01 -9.592095269241882534e+02
1.277000000000000079e-01 -9.606669955783049772e+02
1.277999999999999969e-01 -9.621255352878157510e+02
1.279000000000000137e-01 -9.635852148677182640e+02
1.280000000000000027e-01 -9.650457236936033496e+02
1.281000000000000194e-01 -9.665070768901307474e+02
1.282000000000000084e-01 -9.679693092535701453e+02
1.282999999999999974e-01 -9.694324103846329308e+02
1.284000000000000141e-01 -9.708963682402311406e+02
1.285000000000000031e-01 -9.723611778952154054e+02
1.286000000000000199e-01 -9.738268420972995045e+02
1.287000000000000088e-01 -9.752933805791296891e+02
1.287999999999999978e-01 -9.767618410010037451e+02
1.289000000000000146e-01 -9.782310231297331029e+02
1.290000000000000036e-01 -9.797001962084394791e+02
1.290999999999999925e-01 -9.811702506969262458e+02
1.292000000000000093e-01 -9.826413564554857203e+02
1.292999999999999983e-01 -9.841135292522717464e+02
1.294000000000000150e-01 -9.855867599923427633e+02
1.295000000000000040e-01 -9.870610394423412117e+02
1.295999999999999930e-01 -9.885363612235121309e+02
1.297000000000000097e-01 -9.900127211233509570e+02
1.297999999999999987e-01 -9.914901162226686893e+02
1.299000000000000155e-01 -9.929517783822412866e+02
1.300000000000000044e-01 -9.943724867426141145e+02
1.300999999999999934e-01 -9.958018461264152847e+02
1.302000000000000102e-01 -9.972015511871076114e+02
1.302999999999999992e-01 -9.985686379975918499e+02
1.304000000000000159e-01 -9.999105215323086213e+02
1.305000000000000049e-01 -1.001233888606975711e+03
1.305999999999999939e-01 -1.002520123540631744e+03
1.307000000000000106e-01 -1.003791106072204570e+03
1.307999999999999996e-01 -1.005062569450182650e+03
1.309000000000000163e-01 -1.006329877097752615e+03
1.310000000000000053e-01 -1.007594663713321893e+03
1.310999999999999943e-01 -1.008858306939054273e+03
1.312000000000000111e-01 -1.010121764226317055e+03
1.313000000000000000e-01 -1.011385692528873733e+03
1.314000000000000168e-01 -1.012650518259974888e+03
1.315000000000000058e-01 -1.013916911871690786e+03
1.315999999999999948e-01 -1.015186535594106431e+03
1.317000000000000115e-01 -1.016455133031068499e+03
1.318000000000000005e-01 -1.017724401366260281e+03
1.319000000000000172e-01 -1.018994920050162477e+03
1.320000000000000062e-01 -1.020252114480936939e+03
1.320999999999999952e-01 -1.021579077609639285e+03
1.322000000000000119e-01 -1.022958394970921518e+03
1.323000000000000009e-01 -1.024325905090734977e+03
1.324000000000000177e-01 -1.025678067088102580e+03
1.325000000000000067e-01 -1.027020019817781304e+03
1.325999999999999956e-01 -1.028355638466592836e+03
1.327000000000000124e-01 -1.029686376246385635e+03
1.328000000000000014e-01 -1.031040878080043740e+03
1.329000000000000181e-01 -1.032495992901234786e+03
1.330000000000000071e-01 -1.033937205206902490e+03
1.330999999999999961e-01 -1.035341335075120242e+03
1.332000000000000128e-01 -1.036714077545224882e+03
1.333000000000000018e-01 -1.038063861907102364e+03
1.334000000000000186e-01 -1.039397195406452283e+03
1.335000000000000075e-01 -1.040718726530913727e+03
1.335999999999999965e-01 -1.042031832145195040e+03
1.337000000000000133e-01 -1.043338332292705900e+03
1.338000000000000023e-01 -1.044640089308296183e+03
1.339000000000000190e-01 -1.045939067628895145e+03
1.340000000000000080e-01 -1.047234773071048949e+03
1.340999999999999970e-01 -1.048527544556699695e+03
1.342000000000000137e-01 -1.049818596303293134e+03
1.343000000000000027e-01 -1.051108591946271645e+03
1.344000000000000195e-01 -1.052398055825142592e+03
1.345000000000000084e-01 -1.053687462179469094e+03
1.345999999999999974e-01 -1.054977250773491278e+03
1.347000000000000142e-01 -1.056267820029524955e+03
1.348000000000000032e-01 -1.057559619906023499e+03
1.349000000000000199e-01 -1.058854719973583315e+03
1.350000000000000089e-01 -1.060149695072416534e+03
1.350999999999999979e-01 -1.061445499012817208e+03
1.352000000000000146e-01 -1.062742874473272877e+03
1.353000000000000036e-01 -1.064041715094189158e+03
1.354000000000000203e-01 -1.065340381481402574e+03
1.355000000000000093e-01 -1.066637508586791682e+03
1.355999999999999983e-01 -1.067933557665918443e+03
1.357000000000000151e-01 -1.069229121389193779e+03
1.358000000000000040e-01 -1.070522620941474543e+03
1.358999999999999930e-01 -1.071815238380927894e+03
1.360000000000000098e-01 -1.073107655717376929e+03
1.360999999999999988e-01 -1.074400234997433017e+03
1.362000000000000155e-01 -1.075693880629937212e+03
1.363000000000000045e-01 -1.076988944282368720e+03
1.363999999999999935e-01 -1.078279173058430388e+03
1.365000000000000102e-01 -1.079567739507848955e+03
1.365999999999999992e-01 -1.080856035457907637e+03
1.367000000000000159e-01 -1.082144470652049677e+03
1.368000000000000049e-01 -1.083433220821721079e+03
1.368999999999999939e-01 -1.084722486706638620e+03
1.370000000000000107e-01 -1.086011733368943851e+03
1.370999999999999996e-01 -1.087301297114837553e+03
1.372000000000000164e-01 -1.088591360595529522e+03
1.373000000000000054e-01 -1.089882017364425337e+03
1.373999999999999944e-01 -1.091173327499876677e+03
1.375000000000000111e-01 -1.092466040360380703e+03
1.376000000000000001e-01 -1.093761680524645953e+03
1.377000000000000168e-01 -1.095057327437111098e+03
1.378000000000000058e-01 -1.096353205518287496e+03
1.378999999999999948e-01 -1.097649614683843993e+03
1.380000000000000115e-01 -1.098949310898053682e+03
1.381000000000000005e-01 -1.100246810277513987e+03
1.382000000000000173e-01 -1.101542745755237092e+03
1.383000000000000063e-01 -1.102837387327553415e+03
1.383999999999999952e-01 -1.104130663703393111e+03
1.385000000000000120e-01 -1.105424065446532950e+03
1.386000000000000010e-01 -1.106720626576630139e+03
1.387000000000000177e-01 -1.108019736922258744e+03
1.388000000000000067e-01 -1.109320970137236145e+03
1.388999999999999957e-01 -1.110627344926536807e+03
1.390000000000000124e-01 -1.111935678045150098e+03
1.391000000000000014e-01 -1.113242510271362562e+03
1.392000000000000182e-01 -1.114549969381799883e+03
1.393000000000000071e-01 -1.115860481463854057e+03
1.393999999999999961e-01 -1.117175435001189044e+03
1.395000000000000129e-01 -1.118488808625699903e+03
1.396000000000000019e-01 -1.119802559147020929e+03
1.397000000000000186e-01 -1.121118337325791117e+03
1.398000000000000076e-01 -1.122437110632270105e+03
1.398999999999999966e-01 -1.123756348738313136e+03
1.400000000000000133e-01 -1.125060192019435590e+03
1.401000000000000023e-01 -1.126340664065534156e+03
1.402000000000000191e-01 -1.127607967694263380e+03
1.403000000000000080e-01 -1.128871356379192093e+03
1.403999999999999970e-01 -1.130140867913730517e+03
1.405000000000000138e-01 -1.131416858972816726e+03
1.406000000000000028e-01 -1.132693473257995265e+03
1.407000000000000195e-01 -1.133984097768548281e+03
1.408000000000000085e-01 -1.135290501035941361e+03
1.408999999999999975e-01 -1.136610118673609804e+03
1.410000000000000142e-01 -1.137938708408734101e+03
1.411000000000000032e-01 -1.139258243995777093e+03
1.412000000000000199e-01 -1.140558369161173914e+03
1.413000000000000089e-01 -1.141845767050238464e+03
1.413999999999999979e-01 -1.143132164227021576e+03
1.415000000000000147e-01 -1.144424858689520534e+03
1.416000000000000036e-01 -1.145726487511174128e+03
1.417000000000000204e-01 -1.147036353455886228e+03
1.418000000000000094e-01 -1.148350498243361017e+03
1.418999999999999984e-01 -1.149664887301693625e+03
1.420000000000000151e-01 -1.150978202165177890e+03
1.421000000000000041e-01 -1.152291158461390751e+03
1.421999999999999931e-01 -1.153603968228056601e+03
1.423000000000000098e-01 -1.154911016019248109e+03
1.423999999999999988e-01 -1.156197601030087753e+03
1.425000000000000155e-01 -1.157450342107830693e+03
1.426000000000000045e-01 -1.158657558070848381e+03
1.426999999999999935e-01 -1.159806045302850180e+03
1.428000000000000103e-01 -1.160884463255757282e+03
1.428999999999999992e-01 -1.161876354281338081e+03
1.430000000000000160e-01 -1.162766766993929423e+03
1.431000000000000050e-01 -1.163538381993093935e+03
1.431999999999999940e-01 -1.164170387573477228e+03
1.433000000000000107e-01 -1.164652175538185475e+03
1.433999999999999997e-01 -1.164988777721657470e+03
1.435000000000000164e-01 -1.165174697910321811e+03
1.436000000000000054e-01 -1.165200458794863152e+03
1.436999999999999944e-01 -1.165047194906337154e+03
1.438000000000000111e-01 -1.164715428362907915e+03
1.439000000000000001e-01 -1.164190827653433644e+03
1.440000000000000169e-01 -1.163477671942205461e+03
1.441000000000000059e-01 -1.162586500161611639e+03
1.441999999999999948e-01 -1.161530912147697791e+03
1.443000000000000116e-01 -1.160440687548973301e+03
1.444000000000000006e-01 -1.159393469841749038e+03
1.445000000000000173e-01 -1.158536546559503222e+03
1.446000000000000063e-01 -1.157889320183680866e+03
1.446999999999999953e-01 -1.157429805300304452e+03
1.448000000000000120e-01 -1.157242806101567339e+03
1.449000000000000010e-01 -1.157346008657781795e+03
1.450000000000000178e-01 -1.157372224566251589e+03
1.451000000000000068e-01 -1.157382152525311312e+03
1.451999999999999957e-01 -1.157063712461055275e+03
1.453000000000000125e-01 -1.155932046583393003e+03
1.454000000000000015e-01 -1.154696375722390030e+03
1.455000000000000182e-01 -1.154061164028199983e+03
1.456000000000000072e-01 -1.154133759488553096e+03
1.456999999999999962e-01 -1.154598241192701380e+03
1.458000000000000129e-01 -1.155211790371784673e+03
1.459000000000000019e-01 -1.155898634737311113e+03
1.460000000000000187e-01 -1.156680166137984543e+03
1.461000000000000076e-01 -1.157579165039668624e+03
1.461999999999999966e-01 -1.158600190668855703e+03
1.463000000000000134e-01 -1.159713477928699604e+03
1.464000000000000024e-01 -1.160894727274246861e+03
1.465000000000000191e-01 -1.162171599898757904e+03
1.466000000000000081e-01 -1.163527264263055486e+03
1.466999999999999971e-01 -1.164926390119751204e+03
1.468000000000000138e-01 -1.166335875361738999e+03
1.469000000000000028e-01 -1.167740011140268734e+03
1.470000000000000195e-01 -1.169146407050043081e+03
1.471000000000000085e-01 -1.170556944611281551e+03
1.471999999999999975e-01 -1.171955060320061648e+03
1.473000000000000143e-01 -1.173355089567883397e+03
1.474000000000000032e-01 -1.174761813998337630e+03
1.475000000000000200e-01 -1.176176585549149422e+03
1.476000000000000090e-01 -1.177614017187676609e+03
1.476999999999999980e-01 -1.179052602079935468e+03
1.478000000000000147e-01 -1.180491681686633228e+03
1.479000000000000037e-01 -1.181933711758763138e+03
1.480000000000000204e-01 -1.183380784989207768e+03
1.481000000000000094e-01 -1.184839397935545321e+03
1.481999999999999984e-01 -1.186300164716832796e+03
1.483000000000000151e-01 -1.187752246914294801e+03
1.484000000000000041e-01 -1.189201441289054173e+03
1.485000000000000209e-01 -1.190651283129801186e+03
1.486000000000000099e-01 -1.192103235746394830e+03
1.486999999999999988e-01 -1.193560791387490326e+03
1.488000000000000156e-01 -1.195026302292423452e+03
1.489000000000000046e-01 -1.196509871806490082e+03
1.489999999999999936e-01 -1.197975969164002208e+03
1.491000000000000103e-01 -1.199444622239992668e+03
1.491999999999999993e-01 -1.200906926127397810e+03
1.493000000000000160e-01 -1.202368313780341396e+03
1.494000000000000050e-01 -1.203825233989008666e+03
1.494999999999999940e-01 -1.205282070991134560e+03
1.496000000000000107e-01 -1.206741735316371660e+03
1.496999999999999997e-01 -1.208208575886897052e+03
1.498000000000000165e-01 -1.209679156563961897e+03
1.499000000000000055e-01 -1.211153000242918779e+03
1.499999999999999944e-01 -1.212632765491012833e+03
1.501000000000000112e-01 -1.215870883083634226e+03
1.502000000000000002e-01 -1.220382252315415144e+03
1.503000000000000169e-01 -1.225438343957873258e+03
1.504000000000000059e-01 -1.231017132247695827e+03
1.504999999999999949e-01 -1.237360464401939225e+03
1.506000000000000116e-01 -1.244430902351189388e+03
1.507000000000000006e-01 -1.252248740416722057e+03
1.508000000000000174e-01 -1.260647702642455670e+03
1.509000000000000064e-01 -1.269427641058730842e+03
1.509999999999999953e-01 -1.278742031106624836e+03
1.511000000000000121e-01 -1.286926305808857705e+03
1.512000000000000011e-01 -1.292774727493776481e+03
1.513000000000000178e-01 -1.297063854075030122e+03
1.514000000000000068e-01 -1.300506035505877435e+03
1.514999999999999958e-01 -1.303289931388229661e+03
1.516000000000000125e-01 -1.305506756139098570e+03
1.517000000000000015e-01 -1.307207610788680768e+03
1.518000000000000183e-01 -1.308456028243178707e+03
1.519000000000000072e-01 -1.309387019627696873e+03
1.519999999999999962e-01 -1.310244772804315062e+03
1.521000000000000130e-01 -1.310974760184165007e+03
1.522000000000000020e-01 -1.311524024326964536e+03
1.523000000000000187e-01 -1.311913869518336924e+03
1.524000000000000077e-01 -1.312057744860613866e+03
1.524999999999999967e-01 -1.312042361958597439e+03
1.526000000000000134e-01 -1.312250005489820751e+03
1.527000000000000024e-01 -1.313252466042847118e+03
1.528000000000000191e-01 -1.314610728130436655e+03
1.529000000000000081e-01 -1.316480143084758311e+03
1.529999999999999971e-01 -1.318372183910656076e+03
1.531000000000000139e-01 -1.319935186143250803e+03
1.532000000000000028e-01 -1.321076919210218875e+03
1.533000000000000196e-01 -1.321734561279544323e+03
1.534000000000000086e-01 -1.321934141285900296e+03
1.534999999999999976e-01 -1.321784101478403045e+03
1.536000000000000143e-01 -1.321392499142426232e+03
1.537000000000000033e-01 -1.320755842413130040e+03
1.538000000000000200e-01 -1.319843240525535066e+03
1.539000000000000090e-01 -1.318592635586571305e+03
1.539999999999999980e-01 -1.317036325225582004e+03
1.541000000000000147e-01 -1.315273802317052059e+03
1.542000000000000037e-01 -1.313287501585434029e+03
1.543000000000000205e-01 -1.311036601824184345e+03
1.544000000000000095e-01 -1.308565859415495197e+03
1.544999999999999984e-01 -1.306202478188424038e+03
1.546000000000000152e-01 -1.304189440874309184e+03
1.547000000000000042e-01 -1.302686004692517372e+03
1.548000000000000209e-01 -1.301703274397062614e+03
1.549000000000000099e-01 -1.301346778969614888e+03
1.549999999999999989e-01 -1.302011284439010979e+03
1.551000000000000156e-01 -1.303460492404507249e+03
1.552000000000000046e-01 -1.305292839876955668e+03
1.552999999999999936e-01 -1.307255351729991389e+03
1.554000000000000103e-01 -1.309191750658899991e+03
1.554999999999999993e-01 -1.311034798668779786e+03
1.556000000000000161e-01 -1.312745877268851700e+03
1.557000000000000051e-01 -1.314284031462796065e+03
1.557999999999999940e-01 -1.315729157746268356e+03
1.559000000000000108e-01 -1.317082041302324569e+03
1.559999999999999998e-01 -1.318368006573035245e+03
1.561000000000000165e-01 -1.319629617520565262e+03
1.562000000000000055e-01 -1.320912404084826903e+03
1.562999999999999945e-01 -1.322255706067542405e+03
1.564000000000000112e-01 -1.323646506994349693e+03
1.565000000000000002e-01 -1.325097352947068430e+03
1.566000000000000170e-01 -1.326628633652939470e+03
1.567000000000000060e-01 -1.328201565330945186e+03
1.567999999999999949e-01 -1.329783139562553060e+03
1.569000000000000117e-01 -1.331363656671959234e+03
1.570000000000000007e-01 -1.332911966875128428e+03
1.571000000000000174e-01 -1.334432130528686685e+03
1.572000000000000064e-01 -1.335943507003871446e+03
1.572999999999999954e-01 -1.337459071207233592e+03
1.574000000000000121e-01 -1.338992726208722843e+03
1.575000000000000011e-01 -1.340541577524737932e+03
1.576000000000000179e-01 -1.342095411267553800e+03
1.577000000000000068e-01 -1.343648988483340418e+03
1.577999999999999958e-01 -1.345202643888528655e+03
1.579000000000000126e-01 -1.346751244030409225e+03
1.580000000000000016e-01 -1.348293522555458367e+03
1.581000000000000183e-01 -1.349826553985750479e+03
1.582000000000000073e-01 -1.351349038890097290e+03
1.582999999999999963e-01 -1.352868657309002401e+03
1.584000000000000130e-01 -1.354392574341075942e+03
1.585000000000000020e-01 -1.355938394002415635e+03
1.586000000000000187e-01 -1.357467401054284437e+03
1.587000000000000077e-01 -1.358996928662537812e+03
1.587999999999999967e-01 -1.360534826113915415e+03
1.589000000000000135e-01 -1.362081915300125502e+03
1.590000000000000024e-01 -1.363643889610749284e+03
1.591000000000000192e-01 -1.365220999619623626e+03
1.592000000000000082e-01 -1.366797935529135202e+03
1.592999999999999972e-01 -1.368379193138966230e+03
1.594000000000000139e-01 -1.369967382118057913e+03
1.595000000000000029e-01 -1.371553230444990504e+03
1.596000000000000196e-01 -1.373138474150729735e+03
1.597000000000000086e-01 -1.374728618724373291e+03
1.597999999999999976e-01 -1.376316535521028527e+03
1.599000000000000143e-01 -1.377903494637369477e+03
1.600000000000000033e-01 -1.379491350168247209e+03
1.601000000000000201e-01 -1.381092193781347532e+03
1.602000000000000091e-01 -1.382743562797397544e+03
1.602999999999999980e-01 -1.384455709295004453e+03
1.604000000000000148e-01 -1.386223692006213241e+03
1.605000000000000038e-01 -1.388033859182135984e+03
1.606000000000000205e-01 -1.389874814210802924e+03
1.607000000000000095e-01 -1.391737344741811057e+03
1.607999999999999985e-01 -1.393614320496484197e+03
1.609000000000000152e-01 -1.395498526606392261e+03
1.610000000000000042e-01 -1.397386755222957163e+03
1.611000000000000210e-01 -1.399276780811654135e+03
1.612000000000000099e-01 -1.401168856097485104e+03
1.612999999999999989e-01 -1.403064091886337565e+03
1.614000000000000157e-01 -1.404958933539596273e+03
1.615000000000000047e-01 -1.406855390879725746e+03
1.616000000000000214e-01 -1.408753530488398610e+03
1.617000000000000104e-01 -1.410654222721892666e+03
1.617999999999999994e-01 -1.412560727679401907e+03
1.619000000000000161e-01 -1.414471386028679717e+03
1.620000000000000051e-01 -1.416380167154092078e+03
1.620999999999999941e-01 -1.418286022385987280e+03
1.622000000000000108e-01 -1.420190524252901469e+03
1.622999999999999998e-01 -1.422095200639558016e+03
1.624000000000000166e-01 -1.424004348448690280e+03
1.625000000000000056e-01 -1.425913066928084845e+03
1.625999999999999945e-01 -1.427823689903965942e+03
1.627000000000000113e-01 -1.429739391467391670e+03
1.628000000000000003e-01 -1.431652487896274351e+03
1.629000000000000170e-01 -1.433565896551494916e+03
1.630000000000000060e-01 -1.435481521223043956e+03
1.630999999999999950e-01 -1.437399758687598478e+03
1.632000000000000117e-01 -1.439321701161711871e+03
1.633000000000000007e-01 -1.441251127332722945e+03
1.634000000000000175e-01 -1.443189445887827105e+03
1.635000000000000064e-01 -1.445136119683987772e+03
1.635999999999999954e-01 -1.447089900367005839e+03
1.637000000000000122e-01 -1.449049399900639855e+03
1.638000000000000012e-01 -1.451013384538320452e+03
1.639000000000000179e-01 -1.452980891172598604e+03
1.640000000000000069e-01 -1.454951238193423023e+03
1.640999999999999959e-01 -1.456923983731115413e+03
1.642000000000000126e-01 -1.458898866225523307e+03
1.643000000000000016e-01 -1.460875747641149928e+03
1.644000000000000183e-01 -1.462854776976615540e+03
1.645000000000000073e-01 -1.464839273484091336e+03
1.645999999999999963e-01 -1.466827031255881366e+03
1.647000000000000131e-01 -1.468814127176912280e+03
1.648000000000000020e-01 -1.470799052548697773e+03
1.649000000000000188e-01 -1.472781986978963687e+03
1.650000000000000078e-01 -1.474763989276097391e+03
1.650999999999999968e-01 -1.476746449308050614e+03
1.652000000000000135e-01 -1.478730804326118232e+03
1.653000000000000025e-01 -1.480718532765440159e+03
1.654000000000000192e-01 -1.482712705933356801e+03
1.655000000000000082e-01 -1.484721762641592477e+03
1.655999999999999972e-01 -1.486750187459110066e+03
1.657000000000000139e-01 -1.488798877081181899e+03
1.658000000000000029e-01 -1.490869759520437810e+03
1.659000000000000197e-01 -1.492964999495708071e+03
1.660000000000000087e-01 -1.495084620806591829e+03
1.660999999999999976e-01 -1.497228162247541832e+03
1.662000000000000144e-01 -1.499395357434725611e+03
1.663000000000000034e-01 -1.501586349666724345e+03
1.664000000000000201e-01 -1.503801691194868908e+03
1.665000000000000091e-01 -1.506042247730948702e+03
1.665999999999999981e-01 -1.508308967958169660e+03
1.667000000000000148e-01 -1.510602001783691094e+03
1.668000000000000038e-01 -1.512928062461204036e+03
1.669000000000000206e-01 -1.515290361651618923e+03
1.670000000000000095e-01 -1.517687218163580837e+03
1.670999999999999985e-01 -1.520116337383039991e+03
1.672000000000000153e-01 -1.522579354915939575e+03
1.673000000000000043e-01 -1.525082702495857575e+03
1.674000000000000210e-01 -1.527660884326785663e+03
1.675000000000000100e-01 -1.530337491012375040e+03
1.675999999999999990e-01 -1.533109515855840527e+03
1.677000000000000157e-01 -1.535960655813239327e+03
1.678000000000000047e-01 -1.538891296914045370e+03
1.679000000000000214e-01 -1.541897597833746431e+03
1.680000000000000104e-01 -1.544992762912446779e+03
1.680999999999999994e-01 -1.548212353086110625e+03
1.682000000000000162e-01 -1.551578258842122978e+03
1.683000000000000052e-01 -1.555103687410253087e+03
1.684000000000000219e-01 -1.558799579101196969e+03
1.685000000000000109e-01 -1.562683957099033023e+03
1.685999999999999999e-01 -1.566805130095141067e+03
1.687000000000000166e-01 -1.571223559408015944e+03
1.688000000000000056e-01 -1.575905881967829146e+03
1.688999999999999946e-01 -1.580882203411810679e+03
1.690000000000000113e-01 -1.586325161780059489e+03
1.691000000000000003e-01 -1.592302681394105093e+03
1.692000000000000171e-01 -1.598851023731715259e+03
1.693000000000000060e-01 -1.605419532984299394e+03
1.693999999999999950e-01 -1.609796771517834486e+03
1.695000000000000118e-01 -1.611587376855800812e+03
1.696000000000000008e-01 -1.612693308700169155e+03
1.697000000000000175e-01 -1.613882558539637557e+03
1.698000000000000065e-01 -1.615266351273288819e+03
1.698999999999999955e-01 -1.616863544948028675e+03
1.700000000000000122e-01 -1.618634143630440121e+03
1.701000000000000012e-01 -1.620459159965673507e+03
1.702000000000000179e-01 -1.622280383369402898e+03
1.703000000000000069e-01 -1.624122945963173152e+03
1.703999999999999959e-01 -1.626013044583429064e+03
1.705000000000000127e-01 -1.627956641427970681e+03
1.706000000000000016e-01 -1.629936476077929683e+03
1.707000000000000184e-01 -1.631928831009303167e+03
1.708000000000000074e-01 -1.633916037234579107e+03
1.708999999999999964e-01 -1.635890631974893722e+03
1.710000000000000131e-01 -1.637850248879232140e+03
1.711000000000000021e-01 -1.639795632596511268e+03
1.712000000000000188e-01 -1.641729237004705283e+03
1.713000000000000078e-01 -1.643656646164296262e+03
1.713999999999999968e-01 -1.645583200886113900e+03
1.715000000000000135e-01 -1.647512184808490019e+03
1.716000000000000025e-01 -1.649450026327545856e+03
1.717000000000000193e-01 -1.651390427092425170e+03
1.718000000000000083e-01 -1.653336412995054616e+03
1.718999999999999972e-01 -1.655290965425031118e+03
1.720000000000000140e-01 -1.657260882722831866e+03
1.721000000000000030e-01 -1.659235465777276204e+03
1.722000000000000197e-01 -1.661214366625318917e+03
1.723000000000000087e-01 -1.663198938365387221e+03
1.723999999999999977e-01 -1.665188923020599532e+03
1.725000000000000144e-01 -1.667182858515747512e+03
1.726000000000000034e-01 -1.669178842091654133e+03
1.727000000000000202e-01 -1.671175372948463519e+03
1.728000000000000091e-01 -1.673170416324287316e+03
1.728999999999999981e-01 -1.675157899797191931e+03
1.730000000000000149e-01 -1.677134718683093297e+03
1.731000000000000039e-01 -1.679103169263506288e+03
1.732000000000000206e-01 -1.681066064513167248e+03
1.733000000000000096e-01 -1.683025492202492615e+03
1.733999999999999986e-01 -1.684982900912518971e+03
1.735000000000000153e-01 -1.686939446839258608e+03
1.736000000000000043e-01 -1.688896047744863836e+03
1.737000000000000210e-01 -1.690853711174621822e+03
1.738000000000000100e-01 -1.692812340110573359e+03
1.738999999999999990e-01 -1.694772627977376942e+03
1.740000000000000158e-01 -1.696735251608782164e+03
1.741000000000000048e-01 -1.698700692011989986e+03
1.742000000000000215e-01 -1.700669224958890709e+03
1.743000000000000105e-01 -1.702640792449425362e+03
1.743999999999999995e-01 -1.704614930524236797e+03
1.745000000000000162e-01 -1.706592232857044110e+03
1.746000000000000052e-01 -1.708572817475618649e+03
1.747000000000000219e-01 -1.710556625941768971e+03
1.748000000000000109e-01 -1.712543551877910204e+03
1.748999999999999999e-01 -1.714533471474170028e+03
1.750000000000000167e-01 -1.716526349831061907e+03
1.751000000000000056e-01 -1.718522156073293900e+03
1.751999999999999946e-01 -1.720520817466917151e+03
1.753000000000000114e-01 -1.722522297065578641e+03
1.754000000000000004e-01 -1.724527866381562262e+03
1.755000000000000171e-01 -1.726537712016396654e+03
1.756000000000000061e-01 -1.728551090430490603e+03
1.756999999999999951e-01 -1.730568924587775655e+03
1.758000000000000118e-01 -1.732589712874889756e+03
1.759000000000000008e-01 -1.734610736466266417e+03
1.760000000000000175e-01 -1.736632127543959086e+03
1.761000000000000065e-01 -1.738654254425292265e+03
1.761999999999999955e-01 -1.740677128935766177e+03
1.763000000000000123e-01 -1.742700568140978476e+03
1.764000000000000012e-01 -1.744724367312105414e+03
1.765000000000000180e-01 -1.746748377901178401e+03
1.766000000000000070e-01 -1.748772529452798153e+03
1.766999999999999960e-01 -1.750796883796332395e+03
1.768000000000000127e-01 -1.752821793679191615e+03
1.769000000000000017e-01 -1.754847588799455025e+03
1.770000000000000184e-01 -1.756874481025410205e+03
1.771000000000000074e-01 -1.758902539740265183e+03
1.771999999999999964e-01 -1.760928789661986002e+03
1.773000000000000131e-01 -1.762941529809342228e+03
1.774000000000000021e-01 -1.764952556573172387e+03
1.775000000000000189e-01 -1.766961836147306940e+03
1.776000000000000079e-01 -1.768971237284704557e+03
1.776999999999999968e-01 -1.770982286071499175e+03
1.778000000000000136e-01 -1.772990877785645807e+03
1.779000000000000026e-01 -1.775001709250082968e+03
1.780000000000000193e-01 -1.777015708002120391e+03
1.781000000000000083e-01 -1.779030093597521955e+03
1.781999999999999973e-01 -1.781044181995075405e+03
1.783000000000000140e-01 -1.783058077024247041e+03
1.784000000000000030e-01 -1.785072021419355679e+03
1.785000000000000198e-01 -1.787086195286559587e+03
1.786000000000000087e-01 -1.789100695187572228e+03
1.786999999999999977e-01 -1.791115573885148024e+03
1.788000000000000145e-01 -1.793130991572251332e+03
1.789000000000000035e-01 -1.795148717514073724e+03
1.790000000000000202e-01 -1.797168038442967145e+03
1.791000000000000092e-01 -1.799188113497056293e+03
1.791999999999999982e-01 -1.801208926830639030e+03
1.793000000000000149e-01 -1.803230883295505464e+03
1.794000000000000039e-01 -1.805256076284898882e+03
1.795000000000000207e-01 -1.807283600308995119e+03
1.796000000000000096e-01 -1.809311702198107923e+03
1.796999999999999986e-01 -1.811339983183162076e+03
1.798000000000000154e-01 -1.813368956349203017e+03
1.799000000000000044e-01 -1.815399242583245268e+03
1.800000000000000211e-01 -1.817431277735122876e+03
1.801000000000000101e-01 -1.819452267731629945e+03
1.801999999999999991e-01 -1.821432447843940054e+03
1.803000000000000158e-01 -1.823372222445437274e+03
1.804000000000000048e-01 -1.825280415229206255e+03
1.805000000000000215e-01 -1.827165567726120116e+03
1.806000000000000105e-01 -1.829034260386582218e+03
1.806999999999999995e-01 -1.830891170714439568e+03
1.808000000000000163e-01 -1.832739522455730821e+03
1.809000000000000052e-01 -1.834581522396291348e+03
1.810000000000000220e-01 -1.836418685708006251e+03
1.811000000000000110e-01 -1.838251911690355200e+03
1.812000000000000000e-01 -1.840082255803213002e+03
1.813000000000000167e-01 -1.841913465772172003e+03
1.814000000000000057e-01 -1.843740072972003645e+03
1.815000000000000224e-01 -1.845563837373251090e+03
1.816000000000000114e-01 -1.847385939545177962e+03
1.817000000000000004e-01 -1.849207187852300422e+03
1.818000000000000171e-01 -1.851028185220088972e+03
1.819000000000000061e-01 -1.852849375272521911e+03
1.819999999999999951e-01 -1.854671063110156638e+03
1.821000000000000119e-01 -1.856493414185043093e+03
1.822000000000000008e-01 -1.858316221042986172e+03
1.823000000000000176e-01 -1.860138405251126187e+03
1.824000000000000066e-01 -1.861959456039028282e+03
1.824999999999999956e-01 -1.863779700656024488e+03
1.826000000000000123e-01 -1.865599646910272213e+03
1.827000000000000013e-01 -1.867419515978527443e+03
1.828000000000000180e-01 -1.869239039177730547e+03
1.829000000000000070e-01 -1.871058622799839668e+03
1.829999999999999960e-01 -1.872878619444741389e+03
1.831000000000000127e-01 -1.874699229045522316e+03
1.832000000000000017e-01 -1.876520564043782088e+03
1.833000000000000185e-01 -1.878342676214254652e+03
1.834000000000000075e-01 -1.880165551862775828e+03
1.834999999999999964e-01 -1.881988914623488199e+03
1.836000000000000132e-01 -1.883811542455001700e+03
1.837000000000000022e-01 -1.885633524011676627e+03
1.838000000000000189e-01 -1.887458118313848900e+03
1.839000000000000079e-01 -1.889279320505322403e+03
1.839999999999999969e-01 -1.891099206261132622e+03
1.841000000000000136e-01 -1.892918780426121657e+03
1.842000000000000026e-01 -1.894738355309718372e+03
1.843000000000000194e-01 -1.896558041839092539e+03
1.844000000000000083e-01 -1.898377902954150159e+03
1.844999999999999973e-01 -1.900197989720860505e+03
1.846000000000000141e-01 -1.902018355335376327e+03
1.847000000000000031e-01 -1.903840297890890724e+03
1.848000000000000198e-01 -1.905664176193083222e+03
1.849000000000000088e-01 -1.907488801247750189e+03
1.849999999999999978e-01 -1.909313709366486364e+03
1.851000000000000145e-01 -1.911138717358737040e+03
1.852000000000000035e-01 -1.912963842006462301e+03
1.853000000000000203e-01 -1.914789218113400693e+03
1.854000000000000092e-01 -1.916615016948808943e+03
1.854999999999999982e-01 -1.918441495814079190e+03
1.856000000000000150e-01 -1.920270164815228782e+03
1.857000000000000040e-01 -1.922099973427875966e+03
1.858000000000000207e-01 -1.923931763239983866e+03
1.859000000000000097e-01 -1.925767007931778608e+03
1.859999999999999987e-01 -1.927604303984754779e+03
1.861000000000000154e-01 -1.929443343893729889e+03
1.862000000000000044e-01 -1.931283973611645251e+03
1.863000000000000211e-01 -1.933126186289195402e+03
1.864000000000000101e-01 -1.934971038079809887e+03
1.864999999999999991e-01 -1.936822532182646910e+03
1.866000000000000159e-01 -1.938690866714292497e+03
1.867000000000000048e-01 -1.940566204090807787e+03
1.868000000000000216e-01 -1.942439595686368193e+03
1.869000000000000106e-01 -1.944315308646132053e+03
1.869999999999999996e-01 -1.946194481227694268e+03
1.871000000000000163e-01 -1.948076459902218403e+03
1.872000000000000053e-01 -1.949960102221037687e+03
1.873000000000000220e-01 -1.951844950856411060e+03
1.874000000000000110e-01 -1.953728874389209295e+03
1.875000000000000000e-01 -1.955611568612329393e+03
1.876000000000000167e-01 -1.957492576115980228e+03
1.877000000000000057e-01 -1.959371351642049149e+03
1.878000000000000225e-01 -1.961248566717353469e+03
1.879000000000000115e-01 -1.963124783965545930e+03
1.880000000000000004e-01 -1.965000693521900075e+03
1.881000000000000172e-01 -1.966879338983983871e+03
1.882000000000000062e-01 -1.968756524269407237e+03
1.882999999999999952e-01 -1.970646083731938916e+03
1.884000000000000119e-01 -1.972537305236796328e+03
1.885000000000000009e-01 -1.974421415393246207e+03
1.886000000000000176e-01 -1.976296417433156421e+03
1.887000000000000066e-01 -1.978166545460224370e+03
1.887999999999999956e-01 -1.980038159041871268e+03
1.889000000000000123e-01 -1.981910314457495815e+03
1.890000000000000013e-01 -1.983795151790642649e+03
1.891000000000000181e-01 -1.985698220957359581e+03
1.892000000000000071e-01 -1.987607644665801672e+03
1.892999999999999960e-01 -1.989502989933827848e+03
1.894000000000000128e-01 -1.991379139326349559e+03
1.895000000000000018e-01 -1.993243347801774007e+03
1.896000000000000185e-01 -1.995111406827601968e+03
1.897000000000000075e-01 -1.996982985356967447e+03
1.897999999999999965e-01 -1.998856503358374312e+03
1.899000000000000132e-01 -2.000739477948400918e+03
1.900000000000000022e-01 -2.002626635482488837e+03
1.901000000000000190e-01 -2.004502755628302793e+03
1.902000000000000079e-01 -2.006368321030164680e+03
1.902999999999999969e-01 -2.008246229286395646e+03
1.904000000000000137e-01 -2.010329896427404492e+03
1.905000000000000027e-01 -2.012612025012960430e+03
1.906000000000000194e-01 -2.014948283504888423e+03
1.907000000000000084e-01 -2.017241391353203880e+03
1.907999999999999974e-01 -2.019462875002572446e+03
1.909000000000000141e-01 -2.021661317051369224e+03
1.910000000000000031e-01 -2.023879770298152607e+03
1.911000000000000199e-01 -2.026104335804916218e+03
1.912000000000000088e-01 -2.028296134564303657e+03
1.912999999999999978e-01 -2.030400530691660833e+03
1.914000000000000146e-01 -2.032395700617529201e+03
1.915000000000000036e-01 -2.034295958359663473e+03
1.916000000000000203e-01 -2.036125368521340079e+03
1.917000000000000093e-01 -2.037910895223221814e+03
1.917999999999999983e-01 -2.039678055009799664e+03
1.919000000000000150e-01 -2.041443729283596440e+03
1.920000000000000040e-01 -2.043209910276780647e+03
1.921000000000000207e-01 -2.044980957498097723e+03
1.922000000000000097e-01 -2.046774068587822285e+03
1.922999999999999987e-01 -2.048602786697842021e+03
1.924000000000000155e-01 -2.050469996458491551e+03
1.925000000000000044e-01 -2.052368074490857907e+03
1.926000000000000212e-01 -2.054278486700418398e+03
1.927000000000000102e-01 -2.056173948902930988e+03
1.927999999999999992e-01 -2.058029589436039259e+03
1.929000000000000159e-01 -2.059826635530434942e+03
1.930000000000000049e-01 -2.061546764748708938e+03
1.931000000000000216e-01 -2.063172355490051814e+03
1.932000000000000106e-01 -2.064689319886291287e+03
1.932999999999999996e-01 -2.066082892002545577e+03
1.934000000000000163e-01 -2.067335924868210896e+03
1.935000000000000053e-01 -2.068430551858652962e+03
1.936000000000000221e-01 -2.069350177955661366e+03
1.937000000000000111e-01 -2.070077475017557845e+03
1.938000000000000000e-01 -2.070592653928076743e+03
1.939000000000000168e-01 -2.070878712772257131e+03
1.940000000000000058e-01 -2.070957271040143951e+03
1.941000000000000225e-01 -2.070828425629784306e+03
1.942000000000000115e-01 -2.070486918177435655e+03
1.943000000000000005e-01 -2.069939987241515155e+03
1.944000000000000172e-01 -2.069189880030805398e+03
1.945000000000000062e-01 -2.068201794131006864e+03
1.946000000000000230e-01 -2.067044430689487854e+03
1.947000000000000119e-01 -2.065808590645603999e+03
1.948000000000000009e-01 -2.064664142992636243e+03
1.949000000000000177e-01 -2.063796792278336397e+03
1.950000000000000067e-01 -2.063381804459346313e+03
1.950999999999999956e-01 -2.063491319050155198e+03
1.952000000000000124e-01 -2.064034689079749114e+03
1.953000000000000014e-01 -2.064922813482248785e+03
1.954000000000000181e-01 -2.066154304598792351e+03
1.955000000000000071e-01 -2.067760006004309616e+03
1.955999999999999961e-01 -2.069666393222105853e+03
1.957000000000000128e-01 -2.071752088538317821e+03
1.958000000000000018e-01 -2.073892564554384990e+03
1.959000000000000186e-01 -2.075995753491716641e+03
1.960000000000000075e-01 -2.078037357330390023e+03
1.960999999999999965e-01 -2.080036921459010500e+03
1.962000000000000133e-01 -2.082007848007710891e+03
1.963000000000000023e-01 -2.083958372336517641e+03
1.964000000000000190e-01 -2.085918654469537614e+03
1.965000000000000080e-01 -2.087894176818334472e+03
1.965999999999999970e-01 -2.089921731786787404e+03
1.967000000000000137e-01 -2.091976404937318421e+03
1.968000000000000027e-01 -2.094040262216879455e+03
1.969000000000000195e-01 -2.096129936276446188e+03
1.970000000000000084e-01 -2.098236081124900920e+03
1.970999999999999974e-01 -2.100303112561154194e+03
1.972000000000000142e-01 -2.102334317781736445e+03
1.973000000000000032e-01 -2.104243548034519790e+03
1.974000000000000199e-01 -2.105834729798958506e+03
1.975000000000000089e-01 -2.107413677019729676e+03
1.975999999999999979e-01 -2.109031068127168965e+03
1.977000000000000146e-01 -2.110657854699619293e+03
1.978000000000000036e-01 -2.112539347449011075e+03
1.979000000000000203e-01 -2.114594457443162355e+03
1.980000000000000093e-01 -2.116693172998691352e+03
1.980999999999999983e-01 -2.118792970169692126e+03
1.982000000000000151e-01 -2.120903548981902077e+03
1.983000000000000040e-01 -2.123047091442235342e+03
1.984000000000000208e-01 -2.125219140404420159e+03
1.985000000000000098e-01 -2.127398938902205828e+03
1.985999999999999988e-01 -2.129569958726286586e+03
1.987000000000000155e-01 -2.131733770933730284e+03
1.988000000000000045e-01 -2.133899527332611797e+03
1.989000000000000212e-01 -2.136102895229225851e+03
1.990000000000000102e-01 -2.138231327935336594e+03
1.990999999999999992e-01 -2.140270899990453472e+03
1.992000000000000159e-01 -2.142256548293198648e+03
1.993000000000000049e-01 -2.144220076452446392e+03
1.994000000000000217e-01 -2.146185369538924988e+03
1.995000000000000107e-01 -2.148155991724106570e+03
1.995999999999999996e-01 -2.150137213018368129e+03
1.997000000000000164e-01 -2.152133409647905864e+03
1.998000000000000054e-01 -2.154144594393394527e+03
1.999000000000000221e-01 -2.156167225509258515e+03
2.000000000000000111e-01 -2.158199721234845128e+03
2.001000000000000001e-01 -2.161951671104001889e+03
2.002000000000000168e-01 -2.166720351053264949e+03
2.003000000000000058e-01 -2.171847204294670973e+03
2.004000000000000226e-01 -2.177490150850315331e+03
2.005000000000000115e-01 -2.183880948251933660e+03
2.006000000000000005e-01 -2.191146128095999757e+03
2.007000000000000173e-01 -2.199185912185652342e+03
2.008000000000000063e-01 -2.207809688178246233e+03
2.009000000000000230e-01 -2.216924535097720764e+03
2.010000000000000120e-01 -2.226465434918769915e+03
2.011000000000000010e-01 -2.236208349330537658e+03
2.012000000000000177e-01 -2.246180386070539953e+03
2.013000000000000067e-01 -2.254681976222263984e+03
2.014000000000000234e-01 -2.259207487954129647e+03
2.015000000000000124e-01 -2.261425556367525587e+03
2.016000000000000014e-01 -2.262601968146681429e+03
2.017000000000000182e-01 -2.263397820320930805e+03
2.018000000000000071e-01 -2.264067749410160559e+03
2.018999999999999961e-01 -2.264794013312707648e+03
2.020000000000000129e-01 -2.265398158340155987e+03
2.021000000000000019e-01 -2.265877578719376743e+03
2.022000000000000186e-01 -2.266257694124129557e+03
2.023000000000000076e-01 -2.266805104014480094e+03
2.023999999999999966e-01 -2.269207921675536909e+03
2.025000000000000133e-01 -2.272602956454424202e+03
2.026000000000000023e-01 -2.275917909595174478e+03
2.027000000000000191e-01 -2.278504940854881625e+03
2.028000000000000080e-01 -2.280407131062109329e+03
2.028999999999999970e-01 -2.281841543218219158e+03
2.030000000000000138e-01 -2.282973002484259268e+03
2.031000000000000028e-01 -2.283860510266413712e+03
2.032000000000000195e-01 -2.284516643152049710e+03
2.033000000000000085e-01 -2.284937727764810006e+03
2.033999999999999975e-01 -2.285109060151268750e+03
2.035000000000000142e-01 -2.285013037735849139e+03
2.036000000000000032e-01 -2.284669701981918479e+03
2.037000000000000199e-01 -2.284112506724854939e+03
2.038000000000000089e-01 -2.283317069459650611e+03
2.038999999999999979e-01 -2.282255995639693083e+03
2.040000000000000147e-01 -2.280931523331535118e+03
2.041000000000000036e-01 -2.279350960890490114e+03
2.042000000000000204e-01 -2.277569998746084366e+03
2.043000000000000094e-01 -2.275659310126042328e+03
2.043999999999999984e-01 -2.273553294564433600e+03
2.045000000000000151e-01 -2.271393209372382444e+03
2.046000000000000041e-01 -2.269354167472532026e+03
2.047000000000000208e-01 -2.268125728581223939e+03
2.048000000000000098e-01 -2.267957696813365601e+03
2.048999999999999988e-01 -2.268765842754539335e+03
2.050000000000000155e-01 -2.270463850750113124e+03
2.051000000000000045e-01 -2.272741956086269056e+03
2.052000000000000213e-01 -2.275229711805028728e+03
2.053000000000000103e-01 -2.277703851447065063e+03
2.053999999999999992e-01 -2.280075601583794651e+03
2.055000000000000160e-01 -2.282263857620901490e+03
2.056000000000000050e-01 -2.284355970324004829e+03
2.057000000000000217e-01 -2.286367035897530059e+03
2.058000000000000107e-01 -2.288283993767360698e+03
2.058999999999999997e-01 -2.290141944366082043e+03
2.060000000000000164e-01 -2.291973437944599482e+03
2.061000000000000054e-01 -2.293805780081928333e+03
2.062000000000000222e-01 -2.295692660329513728e+03
2.063000000000000111e-01 -2.297701396709236178e+03
2.064000000000000001e-01 -2.299794157762940358e+03
2.065000000000000169e-01 -2.301951959531561897e+03
2.066000000000000059e-01 -2.304173648544572643e+03
2.067000000000000226e-01 -2.306399361439341646e+03
2.068000000000000116e-01 -2.308579115972726868e+03
2.069000000000000006e-01 -2.310689123519197892e+03
2.070000000000000173e-01 -2.312729708589064103e+03
2.071000000000000063e-01 -2.314720673894908032e+03
2.072000000000000230e-01 -2.316685880835930220e+03
2.073000000000000120e-01 -2.318670879213502758e+03
2.074000000000000010e-01 -2.320641318498522196e+03
2.075000000000000178e-01 -2.322641373508333345e+03
2.076000000000000068e-01 -2.324670548860366125e+03
2.077000000000000235e-01 -2.326734805467124716e+03
2.078000000000000125e-01 -2.328858472428187270e+03
2.079000000000000015e-01 -2.330997972554741409e+03
2.080000000000000182e-01 -2.333059051400691260e+03
2.081000000000000072e-01 -2.335064833663658646e+03
2.081999999999999962e-01 -2.337051566200069374e+03
2.083000000000000129e-01 -2.339038038011560730e+03
2.084000000000000019e-01 -2.341031326413049101e+03
2.085000000000000187e-01 -2.343032633878745855e+03
2.086000000000000076e-01 -2.345041901290800524e+03
2.086999999999999966e-01 -2.347061326544222538e+03
2.088000000000000134e-01 -2.349088978571719053e+03
2.089000000000000024e-01 -2.351128384767387161e+03
2.090000000000000191e-01 -2.353173888907328546e+03
2.091000000000000081e-01 -2.355211053051589715e+03
2.091999999999999971e-01 -2.357242219590427339e+03
2.093000000000000138e-01 -2.359272442749598667e+03
2.094000000000000028e-01 -2.361304479110531702e+03
2.095000000000000195e-01 -2.363338912673974846e+03
2.096000000000000085e-01 -2.365375335286626523e+03
2.096999999999999975e-01 -2.367415590318834347e+03
2.098000000000000143e-01 -2.369461203843899057e+03
2.099000000000000032e-01 -2.371511866698564972e+03
2.100000000000000200e-01 -2.373563497438296508e+03
2.101000000000000090e-01 -2.375625819283716737e+03
2.101999999999999980e-01 -2.377726231426276627e+03
2.103000000000000147e-01 -2.379862379911663083e+03
2.104000000000000037e-01 -2.382025781710140564e+03
2.105000000000000204e-01 -2.384209212099570777e+03
2.106000000000000094e-01 -2.386409439776872659e+03
2.106999999999999984e-01 -2.388619917742227244e+03
2.108000000000000151e-01 -2.390840551568947831e+03
2.109000000000000041e-01 -2.393070474641498549e+03
2.110000000000000209e-01 -2.395307615017548414e+03
2.111000000000000099e-01 -2.397550641235673538e+03
2.111999999999999988e-01 -2.399799180074796368e+03
2.113000000000000156e-01 -2.402052364159866556e+03
2.114000000000000046e-01 -2.404310383262593859e+03
2.115000000000000213e-01 -2.406572439440421476e+03
2.116000000000000103e-01 -2.408836114961021849e+03
2.116999999999999993e-01 -2.411098675635340896e+03
2.118000000000000160e-01 -2.413358251609686249e+03
2.119000000000000050e-01 -2.415614630241549548e+03
2.120000000000000218e-01 -2.417868919786303195e+03
2.121000000000000107e-01 -2.420122034758720474e+03
2.121999999999999997e-01 -2.422374750308621969e+03
2.123000000000000165e-01 -2.424627616239935378e+03
2.124000000000000055e-01 -2.426881264654972711e+03
2.125000000000000222e-01 -2.429136262004102264e+03
2.126000000000000112e-01 -2.431392924323342413e+03
2.127000000000000002e-01 -2.433651084743473348e+03
2.128000000000000169e-01 -2.435911191718660575e+03
2.129000000000000059e-01 -2.438173935832890493e+03
2.130000000000000226e-01 -2.440441712989751522e+03
2.131000000000000116e-01 -2.442715605073605730e+03
2.132000000000000006e-01 -2.444994680423773843e+03
2.133000000000000174e-01 -2.447277774257383044e+03
2.134000000000000064e-01 -2.449563978900230723e+03
2.135000000000000231e-01 -2.451852720854474228e+03
2.136000000000000121e-01 -2.454145861798623628e+03
2.137000000000000011e-01 -2.456439383358109353e+03
2.138000000000000178e-01 -2.458733045975412551e+03
2.139000000000000068e-01 -2.461027977439104234e+03
2.140000000000000235e-01 -2.463324642636720455e+03
2.141000000000000125e-01 -2.465623060620255728e+03
2.142000000000000015e-01 -2.467922632384430472e+03
2.143000000000000183e-01 -2.470223681871038480e+03
2.144000000000000072e-01 -2.472527969476062481e+03
2.145000000000000240e-01 -2.474836140628243811e+03
2.146000000000000130e-01 -2.477148536237098597e+03
2.147000000000000020e-01 -2.479465588786682929e+03
2.148000000000000187e-01 -2.481788218296345349e+03
2.149000000000000077e-01 -2.484120753593419067e+03
2.149999999999999967e-01 -2.486466684416737735e+03
2.151000000000000134e-01 -2.488825888478148954e+03
2.152000000000000024e-01 -2.491197371743500753e+03
2.153000000000000191e-01 -2.493580589858949679e+03
2.154000000000000081e-01 -2.495976959495028495e+03
2.154999999999999971e-01 -2.498387887591102299e+03
2.156000000000000139e-01 -2.500813984755469392e+03
2.157000000000000028e-01 -2.503257951019699703e+03
2.158000000000000196e-01 -2.505724089819815163e+03
2.159000000000000086e-01 -2.508213094408066809e+03
2.159999999999999976e-01 -2.510722832052371359e+03
2.161000000000000143e-01 -2.513251236010135472e+03
2.162000000000000033e-01 -2.515796570407649597e+03
2.163000000000000200e-01 -2.518357395282599100e+03
2.164000000000000090e-01 -2.520933104072000788e+03
2.164999999999999980e-01 -2.523523359492211057e+03
2.166000000000000147e-01 -2.526128517682322126e+03
2.167000000000000037e-01 -2.528751103083649014e+03
2.168000000000000205e-01 -2.531394158054459695e+03
2.169000000000000095e-01 -2.534062454079938561e+03
2.169999999999999984e-01 -2.536753741706108485e+03
2.171000000000000152e-01 -2.539466493254550642e+03
2.172000000000000042e-01 -2.542204719074598870e+03
2.173000000000000209e-01 -2.544984138150412036e+03
2.174000000000000099e-01 -2.547817357970070589e+03
2.174999999999999989e-01 -2.550709681520225786e+03
2.176000000000000156e-01 -2.553665465701681569e+03
2.177000000000000046e-01 -2.556696959386894832e+03
2.178000000000000214e-01 -2.559826327591616518e+03
2.179000000000000103e-01 -2.563068806057168786e+03
2.179999999999999993e-01 -2.566435508750706049e+03
2.181000000000000161e-01 -2.569946042096936253e+03
2.182000000000000051e-01 -2.573621976685130448e+03
2.183000000000000218e-01 -2.577477544757905889e+03
2.184000000000000108e-01 -2.581531356623686406e+03
2.184999999999999998e-01 -2.585806803909507835e+03
2.186000000000000165e-01 -2.590337194692177945e+03
2.187000000000000055e-01 -2.595169672191455902e+03
2.188000000000000222e-01 -2.600333839657474073e+03
2.189000000000000112e-01 -2.605832570828964890e+03
2.190000000000000002e-01 -2.611721154545821264e+03
2.191000000000000170e-01 -2.618143434388164223e+03
2.192000000000000060e-01 -2.625122379966549488e+03
2.193000000000000227e-01 -2.632130759962251432e+03
2.194000000000000117e-01 -2.636684058011196612e+03
2.195000000000000007e-01 -2.638731429510837643e+03
2.196000000000000174e-01 -2.640311487328284784e+03
2.197000000000000064e-01 -2.641941831808932875e+03
2.198000000000000231e-01 -2.643673824468679868e+03
2.199000000000000121e-01 -2.645555398437583790e+03
2.200000000000000011e-01 -2.647549290157460746e+03
2.201000000000000179e-01 -2.649608113131385835e+03
2.202000000000000068e-01 -2.651730371290704170e+03
2.203000000000000236e-01 -2.653926022372723310e+03
2.204000000000000126e-01 -2.656188354420421547e+03
2.205000000000000016e-01 -2.658487687517131690e+03
2.206000000000000183e-01 -2.660791924139256025e+03
2.207000000000000073e-01 -2.663082667730689082e+03
2.208000000000000240e-01 -2.665356491795960210e+03
2.209000000000000130e-01 -2.667618114627326577e+03
2.210000000000000020e-01 -2.669882055646088702e+03
2.211000000000000187e-01 -2.672162080340414832e+03
2.212000000000000077e-01 -2.674450953862791721e+03
2.213000000000000245e-01 -2.676735653929854379e+03
2.214000000000000135e-01 -2.679011411422206947e+03
2.215000000000000024e-01 -2.681273802344615888e+03
2.216000000000000192e-01 -2.683524891302633932e+03
2.217000000000000082e-01 -2.685769885382041593e+03
2.217999999999999972e-01 -2.688014490740675683e+03
2.219000000000000139e-01 -2.690262186585943255e+03
2.220000000000000029e-01 -2.692515339800025686e+03
2.221000000000000196e-01 -2.694775428690265016e+03
2.222000000000000086e-01 -2.697041613657169819e+03
2.222999999999999976e-01 -2.699312430209402919e+03
2.224000000000000143e-01 -2.701586176895675635e+03
2.225000000000000033e-01 -2.703861086423883989e+03
2.226000000000000201e-01 -2.706138218214161498e+03
2.227000000000000091e-01 -2.708417768406755840e+03
2.227999999999999980e-01 -2.710700724530520347e+03
2.229000000000000148e-01 -2.712986729054342049e+03
2.230000000000000038e-01 -2.715269838298540890e+03
2.231000000000000205e-01 -2.717552009011670179e+03
2.232000000000000095e-01 -2.719832070450306219e+03
2.232999999999999985e-01 -2.722109280016018147e+03
2.234000000000000152e-01 -2.724380146608195901e+03
2.235000000000000042e-01 -2.726644119103702451e+03
2.236000000000000210e-01 -2.728902237073095876e+03
2.237000000000000099e-01 -2.731155684780935644e+03
2.237999999999999989e-01 -2.733405779863906446e+03
2.239000000000000157e-01 -2.735653452437364194e+03
2.240000000000000047e-01 -2.737899420399261544e+03
2.241000000000000214e-01 -2.740144259415958913e+03
2.242000000000000104e-01 -2.742388011256707159e+03
2.242999999999999994e-01 -2.744630878337976810e+03
2.244000000000000161e-01 -2.746872989522296393e+03
2.245000000000000051e-01 -2.749114175334244919e+03
2.246000000000000218e-01 -2.751354827544774707e+03
2.247000000000000108e-01 -2.753595423771551850e+03
2.247999999999999998e-01 -2.755836386264653811e+03
2.249000000000000166e-01 -2.758077940580033555e+03
2.250000000000000056e-01 -2.760320076739093565e+03
2.251000000000000223e-01 -2.762562680961316801e+03
2.252000000000000113e-01 -2.764805602185917905e+03
2.253000000000000003e-01 -2.767048686609520701e+03
2.254000000000000170e-01 -2.769291799984916452e+03
2.255000000000000060e-01 -2.771534844992060243e+03
2.256000000000000227e-01 -2.773777731303163364e+03
2.257000000000000117e-01 -2.776020134677309670e+03
2.258000000000000007e-01 -2.778262167072247394e+03
2.259000000000000175e-01 -2.780503745632302980e+03
2.260000000000000064e-01 -2.782745214782034054e+03
2.261000000000000232e-01 -2.784987019466228503e+03
2.262000000000000122e-01 -2.787230914981023943e+03
2.263000000000000012e-01 -2.789477450687488727e+03
2.264000000000000179e-01 -2.791726262248740568e+03
2.265000000000000069e-01 -2.793977175433799857e+03
2.266000000000000236e-01 -2.796231277124240933e+03
2.267000000000000126e-01 -2.798488946056752866e+03
2.268000000000000016e-01 -2.800749533230130965e+03
2.269000000000000183e-01 -2.803012527470025816e+03
2.270000000000000073e-01 -2.805277524555486707e+03
2.271000000000000241e-01 -2.807544403316284388e+03
2.272000000000000131e-01 -2.809813234507847483e+03
2.273000000000000020e-01 -2.812084046319848312e+03
2.274000000000000188e-01 -2.814356910535782390e+03
2.275000000000000078e-01 -2.816632032503589926e+03
2.276000000000000245e-01 -2.818909862651441017e+03
2.277000000000000135e-01 -2.821187739904726641e+03
2.278000000000000025e-01 -2.823463920721786053e+03
2.279000000000000192e-01 -2.825738611356527599e+03
2.280000000000000082e-01 -2.828012365473432510e+03
2.280999999999999972e-01 -2.830285821807160573e+03
2.282000000000000139e-01 -2.832558872326656910e+03
2.283000000000000029e-01 -2.834830247832593614e+03
2.284000000000000197e-01 -2.837098212598270038e+03
2.285000000000000087e-01 -2.839362266063755214e+03
2.285999999999999976e-01 -2.841623135993648248e+03
2.287000000000000144e-01 -2.843881738573395978e+03
2.288000000000000034e-01 -2.846138840441668890e+03
2.289000000000000201e-01 -2.848393353866025791e+03
2.290000000000000091e-01 -2.850645678405747276e+03
2.290999999999999981e-01 -2.852895038136194216e+03
2.292000000000000148e-01 -2.855141868188274657e+03
2.293000000000000038e-01 -2.857389726054268067e+03
2.294000000000000206e-01 -2.859635338529617002e+03
2.295000000000000095e-01 -2.861877473790071235e+03
2.295999999999999985e-01 -2.864118661135458296e+03
2.297000000000000153e-01 -2.866358267879841605e+03
2.298000000000000043e-01 -2.868597294091534877e+03
2.299000000000000210e-01 -2.870835850926764124e+03
2.300000000000000100e-01 -2.873073584341116657e+03
2.300999999999999990e-01 -2.875294955686111734e+03
2.302000000000000157e-01 -2.877473366046482170e+03
2.303000000000000047e-01 -2.879607174227578525e+03
2.304000000000000214e-01 -2.881706007019541175e+03
2.305000000000000104e-01 -2.883780699125122283e+03
2.305999999999999994e-01 -2.885837949493032738e+03
2.307000000000000162e-01 -2.887881660540183930e+03
2.308000000000000052e-01 -2.889914369030308535e+03
2.309000000000000219e-01 -2.891937593564302915e+03
2.310000000000000109e-01 -2.893952804354589261e+03
2.310999999999999999e-01 -2.895961555980543380e+03
2.312000000000000166e-01 -2.897965118822112800e+03
2.313000000000000056e-01 -2.899964403390410098e+03
2.314000000000000223e-01 -2.901959536360311176e+03
2.315000000000000113e-01 -2.903949491671297437e+03
2.316000000000000003e-01 -2.905934554020896485e+03
2.317000000000000171e-01 -2.907915270435754792e+03
2.318000000000000060e-01 -2.909892080956110476e+03
2.319000000000000228e-01 -2.911865351552514767e+03
2.320000000000000118e-01 -2.913835395840044384e+03
2.321000000000000008e-01 -2.915802462714870217e+03
2.322000000000000175e-01 -2.917766736194849727e+03
2.323000000000000065e-01 -2.919728368446315471e+03
2.324000000000000232e-01 -2.921687493295370587e+03
2.325000000000000122e-01 -2.923644636018223082e+03
2.326000000000000012e-01 -2.925598543428532139e+03
2.327000000000000179e-01 -2.927548847828192265e+03
2.328000000000000069e-01 -2.929497606985191851e+03
2.329000000000000237e-01 -2.931446290025103281e+03
2.330000000000000127e-01 -2.933395622599249236e+03
2.331000000000000016e-01 -2.935344780206493397e+03
2.332000000000000184e-01 -2.937292153766120009e+03
2.333000000000000074e-01 -2.939239506435975272e+03
2.334000000000000241e-01 -2.941188221483695997e+03
2.335000000000000131e-01 -2.943144970762868979e+03
2.336000000000000021e-01 -2.945102090651364051e+03
2.337000000000000188e-01 -2.947060406253155634e+03
2.338000000000000078e-01 -2.949033036789843663e+03
2.339000000000000246e-01 -2.951023696456243670e+03
2.340000000000000135e-01 -2.953026299943134291e+03
2.341000000000000025e-01 -2.955035913397041895e+03
2.342000000000000193e-01 -2.957048747072059996e+03
2.343000000000000083e-01 -2.959062402835869307e+03
2.344000000000000250e-01 -2.961074664442053745e+03
2.345000000000000140e-01 -2.963082498682480491e+03
2.346000000000000030e-01 -2.965084623215379906e+03
2.347000000000000197e-01 -2.967081147855416020e+03
2.348000000000000087e-01 -2.969072471011217203e+03
2.348999999999999977e-01 -2.971058919749767938e+03
2.350000000000000144e-01 -2.973041134259618502e+03
2.351000000000000034e-01 -2.975020039710627771e+03
2.352000000000000202e-01 -2.976996550255775219e+03
2.353000000000000091e-01 -2.978972429547063712e+03
2.353999999999999981e-01 -2.980947630667563317e+03
2.355000000000000149e-01 -2.982922108611589465e+03
2.356000000000000039e-01 -2.984897173384908911e+03
2.357000000000000206e-01 -2.986873194563837387e+03
2.358000000000000096e-01 -2.988850261265567951e+03
2.358999999999999986e-01 -2.990828462385681632e+03
2.360000000000000153e-01 -2.992807505574105107e+03
2.361000000000000043e-01 -2.994786650802587701e+03
2.362000000000000210e-01 -2.996765996242929759e+03
2.363000000000000100e-01 -2.998747397293082031e+03
2.363999999999999990e-01 -3.000725822804985000e+03
2.365000000000000158e-01 -3.002703023205976024e+03
2.366000000000000048e-01 -3.004679961202842605e+03
2.367000000000000215e-01 -3.006657768934079286e+03
2.368000000000000105e-01 -3.008632824044258996e+03
2.368999999999999995e-01 -3.010609235564313167e+03
2.370000000000000162e-01 -3.012585901084541547e+03
2.371000000000000052e-01 -3.014564103249405434e+03
2.372000000000000219e-01 -3.016543785806722099e+03
2.373000000000000109e-01 -3.018524818014320317e+03
2.373999999999999999e-01 -3.020506491550132523e+03
2.375000000000000167e-01 -3.022488134115776575e+03
2.376000000000000056e-01 -3.024469414253023388e+03
2.377000000000000224e-01 -3.026450150998236040e+03
2.378000000000000114e-01 -3.028430251365605727e+03
2.379000000000000004e-01 -3.030409691869773724e+03
2.380000000000000171e-01 -3.032388524477440569e+03
2.381000000000000061e-01 -3.034366791231771913e+03
2.382000000000000228e-01 -3.036344473513974208e+03
2.383000000000000118e-01 -3.038321481023372144e+03
2.384000000000000008e-01 -3.040297651758146003e+03
2.385000000000000175e-01 -3.042272734282454621e+03
2.386000000000000065e-01 -3.044245995305564975e+03
2.387000000000000233e-01 -3.046215596626866045e+03
2.388000000000000123e-01 -3.048179331661207016e+03
2.389000000000000012e-01 -3.050141885802888737e+03
2.390000000000000180e-01 -3.052100603117314677e+03
2.391000000000000070e-01 -3.054063145358664315e+03
2.392000000000000237e-01 -3.056026395282781777e+03
2.393000000000000127e-01 -3.057982515524118298e+03
2.394000000000000017e-01 -3.059926868032415769e+03
2.395000000000000184e-01 -3.061866761093954210e+03
2.396000000000000074e-01 -3.063821957415979796e+03
2.397000000000000242e-01 -3.065786571893990640e+03
2.398000000000000131e-01 -3.067748181274731905e+03
2.399000000000000021e-01 -3.069707610814135023e+03
2.400000000000000189e-01 -3.071661693371093861e+03
2.401000000000000079e-01 -3.073602515128654886e+03
2.402000000000000246e-01 -3.075530120051629638e+03
2.403000000000000136e-01 -3.077449031641363945e+03
2.404000000000000026e-01 -3.079362824577222455e+03
2.405000000000000193e-01 -3.081273061683275046e+03
2.406000000000000083e-01 -3.083180336445631383e+03
2.407000000000000250e-01 -3.085085124947556324e+03
2.408000000000000140e-01 -3.086988119126958736e+03
2.409000000000000030e-01 -3.088890162690147463e+03
2.410000000000000198e-01 -3.090791991313926246e+03
2.411000000000000087e-01 -3.092694025200688884e+03
2.411999999999999977e-01 -3.094596334466793451e+03
2.413000000000000145e-01 -3.096498735872788529e+03
2.414000000000000035e-01 -3.098400920593630417e+03
2.415000000000000202e-01 -3.100302544515423506e+03
2.416000000000000092e-01 -3.102203265863198340e+03
2.416999999999999982e-01 -3.104102747218994409e+03
2.418000000000000149e-01 -3.106000644083452698e+03
2.419000000000000039e-01 -3.107896592120990135e+03
2.420000000000000207e-01 -3.109790192364397171e+03
2.421000000000000096e-01 -3.111680983818082041e+03
2.421999999999999986e-01 -3.113568381917615170e+03
2.423000000000000154e-01 -3.115451523670734332e+03
2.424000000000000044e-01 -3.117328542650523104e+03
2.425000000000000211e-01 -3.119190542239168281e+03
2.426000000000000101e-01 -3.121024849452757735e+03
2.426999999999999991e-01 -3.122824056728218693e+03
2.428000000000000158e-01 -3.124584319836543727e+03
2.429000000000000048e-01 -3.126302164673898460e+03
2.430000000000000215e-01 -3.127970881069498319e+03
2.431000000000000105e-01 -3.129582631155045874e+03
2.431999999999999995e-01 -3.131126035628566115e+03
2.433000000000000163e-01 -3.132589973166783693e+03
2.434000000000000052e-01 -3.133964590121651781e+03
2.435000000000000220e-01 -3.135241796280361541e+03
2.436000000000000110e-01 -3.136416930864764709e+03
2.437000000000000000e-01 -3.137490715739370899e+03
2.438000000000000167e-01 -3.138459360598386866e+03
2.439000000000000057e-01 -3.139309356367637974e+03
2.440000000000000224e-01 -3.140025265661037338e+03
2.441000000000000114e-01 -3.140593097306576510e+03
2.442000000000000004e-01 -3.141006713183889588e+03
2.443000000000000171e-01 -3.141291497492183680e+03
2.444000000000000061e-01 -3.141486772009139258e+03
2.445000000000000229e-01 -3.141594077678277699e+03
2.446000000000000119e-01 -3.141626481763269112e+03
2.447000000000000008e-01 -3.141623706525545003e+03
2.448000000000000176e-01 -3.141685133456816402e+03
2.449000000000000066e-01 -3.141896593155275241e+03
2.450000000000000233e-01 -3.142295789674222306e+03
2.451000000000000123e-01 -3.142892015326257933e+03
2.452000000000000013e-01 -3.143740995100163673e+03
2.453000000000000180e-01 -3.144829156701293869e+03
2.454000000000000070e-01 -3.146095262778905635e+03
2.455000000000000238e-01 -3.147516507768902102e+03
2.456000000000000127e-01 -3.149072147553735249e+03
2.457000000000000017e-01 -3.150724894011655579e+03
2.458000000000000185e-01 -3.152468056126319880e+03
2.459000000000000075e-01 -3.154284226245214086e+03
2.460000000000000242e-01 -3.156164343644307337e+03
2.461000000000000132e-01 -3.158095460501273919e+03
2.462000000000000022e-01 -3.160068050143089749e+03
2.463000000000000189e-01 -3.162075918789149455e+03
2.464000000000000079e-01 -3.164100044704830452e+03
2.465000000000000246e-01 -3.166143963437173625e+03
2.466000000000000136e-01 -3.168174848974125325e+03
2.467000000000000026e-01 -3.170241763925941996e+03
2.468000000000000194e-01 -3.172320694349581572e+03
2.469000000000000083e-01 -3.174403184858240365e+03
2.470000000000000251e-01 -3.176482924029847254e+03
2.471000000000000141e-01 -3.178553004789978331e+03
2.472000000000000031e-01 -3.180609275587427419e+03
2.473000000000000198e-01 -3.182649186091205138e+03
2.474000000000000088e-01 -3.184672622565777147e+03
2.475000000000000255e-01 -3.186680696008131235e+03
2.476000000000000145e-01 -3.188675092147248506e+03
2.477000000000000035e-01 -3.190657837034742442e+03
2.478000000000000203e-01 -3.192632070901716361e+03
2.479000000000000092e-01 -3.194599789104379397e+03
2.479999999999999982e-01 -3.196565078725676813e+03
2.481000000000000150e-01 -3.198531753222053339e+03
2.482000000000000040e-01 -3.200502254674572214e+03
2.483000000000000207e-01 -3.202475000634946355e+03
2.484000000000000097e-01 -3.204452047163625139e+03
2.484999999999999987e-01 -3.206433005241247884e+03
2.486000000000000154e-01 -3.208415419205936360e+03
2.487000000000000044e-01 -3.210398380060841191e+03
2.488000000000000211e-01 -3.212381535381854974e+03
2.489000000000000101e-01 -3.214364669439505633e+03
2.489999999999999991e-01 -3.216347600865497043e+03
2.491000000000000159e-01 -3.218330176564755675e+03
2.492000000000000048e-01 -3.220312220413244631e+03
2.493000000000000216e-01 -3.222293584618260866e+03
2.494000000000000106e-01 -3.224274188039967157e+03
2.494999999999999996e-01 -3.226254048993660490e+03
2.496000000000000163e-01 -3.228230893558318257e+03
2.497000000000000053e-01 -3.230207446456914568e+03
2.498000000000000220e-01 -3.232186427567889496e+03
2.499000000000000110e-01 -3.234165770436471576e+03
2.500000000000000000e-01 -3.236142577673361757e+03
2.500999999999999890e-01 -3.240011640984739643e+03
2.502000000000000335e-01 -3.245087252553526923e+03
2.503000000000000225e-01 -3.250413209505743907e+03
2.504000000000000115e-01 -3.255960828065749411e+03
2.505000000000000004e-01 -3.262085977666388317e+03
2.505999999999999894e-01 -3.269030504436766478e+03
2.507000000000000339e-01 -3.276389404151416329e+03
2.508000000000000229e-01 -3.283270974211999601e+03
2.509000000000000119e-01 -3.288735599066787472e+03
2.510000000000000009e-01 -3.293199637965992679e+03
2.510999999999999899e-01 -3.297152024661830183e+03
2.512000000000000344e-01 -3.300744059228855349e+03
2.513000000000000234e-01 -3.303936425702507677e+03
2.514000000000000123e-01 -3.306653211934517458e+03
2.515000000000000013e-01 -3.309043003052287986e+03
2.515999999999999903e-01 -3.311483197969585945e+03
2.517000000000000348e-01 -3.314818300040154554e+03
2.518000000000000238e-01 -3.318312727004292356e+03
2.519000000000000128e-01 -3.321013875215967346e+03
2.520000000000000018e-01 -3.323055764906191598e+03
2.520999999999999908e-01 -3.324689532188093835e+03
2.522000000000000353e-01 -3.326092420048371878e+03
2.523000000000000242e-01 -3.327380178055642318e+03
2.524000000000000132e-01 -3.328628640863410055e+03
2.525000000000000022e-01 -3.329876947767408183e+03
2.525999999999999912e-01 -3.331149307886994393e+03
2.527000000000000357e-01 -3.332475684878421362e+03
2.528000000000000247e-01 -3.333868476018661568e+03
2.529000000000000137e-01 -3.335315490954792949e+03
2.530000000000000027e-01 -3.336791896100911345e+03
2.530999999999999917e-01 -3.338283620370712015e+03
2.532000000000000361e-01 -3.339783708176181335e+03
2.533000000000000251e-01 -3.341285546995419736e+03
2.534000000000000141e-01 -3.342777663504749853e+03
2.535000000000000031e-01 -3.344243859245917974e+03
2.535999999999999921e-01 -3.345665901061863678e+03
2.537000000000000366e-01 -3.347025740470314304e+03
2.538000000000000256e-01 -3.348307362467122402e+03
2.539000000000000146e-01 -3.349497125063736803e+03
2.540000000000000036e-01 -3.350592319220897025e+03
2.540999999999999925e-01 -3.351603045943659254e+03
2.542000000000000370e-01 -3.352528036311250617e+03
2.543000000000000260e-01 -3.353366031066905180e+03
2.544000000000000150e-01 -3.354121335890990395e+03
2.545000000000000040e-01 -3.354801624978905693e+03
2.545999999999999930e-01 -3.355411012117708651e+03
2.547000000000000375e-01 -3.355953836791345566e+03
2.548000000000000265e-01 -3.356467801736056117e+03
2.549000000000000155e-01 -3.357023014087481897e+03
2.550000000000000044e-01 -3.357666581461129681e+03
2.550999999999999934e-01 -3.358405577691974486e+03
2.552000000000000379e-01 -3.359232181086715173e+03
2.553000000000000269e-01 -3.360180347771730339e+03
2.554000000000000159e-01 -3.361085890203833515e+03
2.555000000000000049e-01 -3.361991067513221878e+03
2.555999999999999939e-01 -3.362901228453468320e+03
2.557000000000000384e-01 -3.363725254387316454e+03
2.558000000000000274e-01 -3.364655015349717814e+03
2.559000000000000163e-01 -3.365759674214244569e+03
2.560000000000000053e-01 -3.367033035572152130e+03
2.560999999999999943e-01 -3.368449658939081019e+03
2.562000000000000388e-01 -3.369985660445206122e+03
2.563000000000000278e-01 -3.371631602644300074e+03
2.564000000000000168e-01 -3.373371957534508965e+03
2.565000000000000058e-01 -3.375168992117042762e+03
2.565999999999999948e-01 -3.377010067340849218e+03
2.567000000000000393e-01 -3.378890460988251562e+03
2.568000000000000282e-01 -3.380796979851120341e+03
2.569000000000000172e-01 -3.382724720051169697e+03
2.570000000000000062e-01 -3.384665911384146057e+03
2.570999999999999952e-01 -3.386623640988914758e+03
2.572000000000000397e-01 -3.388597441844025525e+03
2.573000000000000287e-01 -3.390581688055274299e+03
2.574000000000000177e-01 -3.392573458483760078e+03
2.575000000000000067e-01 -3.394572130833835217e+03
2.575999999999999956e-01 -3.396571346238763454e+03
2.576999999999999846e-01 -3.398567057866921004e+03
2.578000000000000291e-01 -3.400563934039544620e+03
2.579000000000000181e-01 -3.402574134602150480e+03
2.580000000000000071e-01 -3.404574770760246793e+03
2.580999999999999961e-01 -3.406571587440264466e+03
2.581999999999999851e-01 -3.408565367966873509e+03
2.583000000000000296e-01 -3.410551358744990011e+03
2.584000000000000186e-01 -3.412527383447505144e+03
2.585000000000000075e-01 -3.414496130884856029e+03
2.585999999999999965e-01 -3.416460301881175837e+03
2.586999999999999855e-01 -3.418421157845399648e+03
2.588000000000000300e-01 -3.420380479844515776e+03
2.589000000000000190e-01 -3.422341066211650286e+03
2.590000000000000080e-01 -3.424305604663104532e+03
2.590999999999999970e-01 -3.426274834271693180e+03
2.591999999999999860e-01 -3.428248511431155748e+03
2.593000000000000305e-01 -3.430226008313095917e+03
2.594000000000000195e-01 -3.432206660830296187e+03
2.595000000000000084e-01 -3.434189917759999844e+03
2.595999999999999974e-01 -3.436175374961390844e+03
2.596999999999999864e-01 -3.438162741806379017e+03
2.598000000000000309e-01 -3.440152373925122902e+03
2.599000000000000199e-01 -3.442146117256412253e+03
2.600000000000000089e-01 -3.444145127124736518e+03
2.600999999999999979e-01 -3.446162832981765405e+03
2.601999999999999869e-01 -3.448233401029976903e+03
2.603000000000000314e-01 -3.450357216601938944e+03
2.604000000000000203e-01 -3.452523058682758801e+03
2.605000000000000093e-01 -3.454719964803858602e+03
2.605999999999999983e-01 -3.456939578436486499e+03
2.606999999999999873e-01 -3.459173687375667669e+03
2.608000000000000318e-01 -3.461420495529664549e+03
2.609000000000000208e-01 -3.463677692803810714e+03
2.610000000000000098e-01 -3.465941363207194172e+03
2.610999999999999988e-01 -3.467802735750310148e+03
2.611999999999999877e-01 -3.469397297568246358e+03
2.613000000000000322e-01 -3.471050954919155174e+03
2.614000000000000212e-01 -3.472836465330553892e+03
2.615000000000000102e-01 -3.474738062933181482e+03
2.615999999999999992e-01 -3.476726734891664364e+03
2.616999999999999882e-01 -3.478709647850561396e+03
2.618000000000000327e-01 -3.480132847203614347e+03
2.619000000000000217e-01 -3.481347599452870327e+03
2.620000000000000107e-01 -3.482614579028131629e+03
2.620999999999999996e-01 -3.483980742385087979e+03
2.621999999999999886e-01 -3.485454153996829064e+03
2.623000000000000331e-01 -3.487096135620137829e+03
2.624000000000000221e-01 -3.488976646895423073e+03
2.625000000000000111e-01 -3.491084589406539635e+03
2.626000000000000001e-01 -3.493339256438029224e+03
2.626999999999999891e-01 -3.495668950213287644e+03
2.628000000000000336e-01 -3.498030125252631478e+03
2.629000000000000226e-01 -3.500399927352071245e+03
2.630000000000000115e-01 -3.502770671720818882e+03
2.631000000000000005e-01 -3.505137925784377785e+03
2.631999999999999895e-01 -3.507497638041108075e+03
2.633000000000000340e-01 -3.509849069716964550e+03
2.634000000000000230e-01 -3.512193853690840569e+03
2.635000000000000120e-01 -3.514534689668727424e+03
2.636000000000000010e-01 -3.516874424821298362e+03
2.636999999999999900e-01 -3.519212346371247349e+03
2.638000000000000345e-01 -3.521551388606777437e+03
2.639000000000000234e-01 -3.523895535766302146e+03
2.640000000000000124e-01 -3.526246672245684294e+03
2.641000000000000014e-01 -3.528606673973781199e+03
2.641999999999999904e-01 -3.530975454063144753e+03
2.643000000000000349e-01 -3.533352054329930979e+03
2.644000000000000239e-01 -3.535735267663453669e+03
2.645000000000000129e-01 -3.538123855506181371e+03
2.646000000000000019e-01 -3.540517957792446396e+03
2.646999999999999909e-01 -3.542917566966869799e+03
2.648000000000000353e-01 -3.545322436456088326e+03
2.649000000000000243e-01 -3.547725800336497741e+03
2.650000000000000133e-01 -3.550136696294214744e+03
2.651000000000000023e-01 -3.552560672667507788e+03
2.651999999999999913e-01 -3.554995697311652748e+03
2.653000000000000358e-01 -3.557441524462165944e+03
2.654000000000000248e-01 -3.559902524080438070e+03
2.655000000000000138e-01 -3.562381551154013323e+03
2.656000000000000028e-01 -3.564879074846978710e+03
2.656999999999999917e-01 -3.567395535146270504e+03
2.658000000000000362e-01 -3.569931356786757078e+03
2.659000000000000252e-01 -3.572486119779132423e+03
2.660000000000000142e-01 -3.575057167087904872e+03
2.661000000000000032e-01 -3.577643323457970837e+03
2.661999999999999922e-01 -3.580248301052557963e+03
2.663000000000000367e-01 -3.582880966514318516e+03
2.664000000000000257e-01 -3.585545849243209432e+03
2.665000000000000147e-01 -3.588242159243028709e+03
2.666000000000000036e-01 -3.590965319058871955e+03
2.666999999999999926e-01 -3.593709908116189126e+03
2.668000000000000371e-01 -3.596472758315339433e+03
2.669000000000000261e-01 -3.599259413771189429e+03
2.670000000000000151e-01 -3.602083762528262469e+03
2.671000000000000041e-01 -3.604955564084442358e+03
2.671999999999999931e-01 -3.607881755526515008e+03
2.673000000000000376e-01 -3.610860074727567280e+03
2.674000000000000266e-01 -3.613896289806858476e+03
2.675000000000000155e-01 -3.617007807464236066e+03
2.676000000000000045e-01 -3.620206578515298588e+03
2.676999999999999935e-01 -3.623500604390861099e+03
2.678000000000000380e-01 -3.626897452019294633e+03
2.679000000000000270e-01 -3.630407071007382910e+03
2.680000000000000160e-01 -3.634043905001452458e+03
2.681000000000000050e-01 -3.637834704951153526e+03
2.681999999999999940e-01 -3.641805995606267970e+03
2.683000000000000385e-01 -3.645977016392618680e+03
2.684000000000000274e-01 -3.650337198285066734e+03
2.685000000000000164e-01 -3.654901588175973757e+03
2.686000000000000054e-01 -3.659687970540909646e+03
2.686999999999999944e-01 -3.664788958846802871e+03
2.688000000000000389e-01 -3.670280771820442169e+03
2.689000000000000279e-01 -3.676144500810099089e+03
2.690000000000000169e-01 -3.682152332462540016e+03
2.691000000000000059e-01 -3.686907565114103363e+03
2.691999999999999948e-01 -3.689715379673327789e+03
2.693000000000000393e-01 -3.691709313715266489e+03
2.694000000000000283e-01 -3.693576587516514337e+03
2.695000000000000173e-01 -3.695473220502533877e+03
2.696000000000000063e-01 -3.697363144415156057e+03
2.696999999999999953e-01 -3.699257759315548810e+03
2.698000000000000398e-01 -3.701199107054580963e+03
2.699000000000000288e-01 -3.703216708732105872e+03
2.700000000000000178e-01 -3.705314309425122246e+03
2.701000000000000068e-01 -3.707483858452838831e+03
2.701999999999999957e-01 -3.709716281047552002e+03
2.703000000000000402e-01 -3.711995570733894965e+03
2.704000000000000292e-01 -3.714300234180344432e+03
2.705000000000000182e-01 -3.716609257415799220e+03
2.706000000000000072e-01 -3.718909488352549488e+03
2.706999999999999962e-01 -3.721194659105602113e+03
2.708000000000000407e-01 -3.723461162309693918e+03
2.709000000000000297e-01 -3.725712367367852494e+03
2.710000000000000187e-01 -3.727957492252007341e+03
2.711000000000000076e-01 -3.730201915858283428e+03
2.711999999999999966e-01 -3.732442764286650345e+03
2.712999999999999856e-01 -3.734679072351599189e+03
2.714000000000000301e-01 -3.736916746608352696e+03
2.715000000000000191e-01 -3.739160716503428830e+03
2.716000000000000081e-01 -3.741411967256103708e+03
2.716999999999999971e-01 -3.743669673762403363e+03
2.717999999999999861e-01 -3.745932459507992462e+03
2.719000000000000306e-01 -3.748198076286263131e+03
2.720000000000000195e-01 -3.750461698275623348e+03
2.721000000000000085e-01 -3.752718563404291672e+03
2.721999999999999975e-01 -3.754968455963163251e+03
2.722999999999999865e-01 -3.757213052488734775e+03
2.724000000000000310e-01 -3.759453889934949984e+03
2.725000000000000200e-01 -3.761691973671088363e+03
2.726000000000000090e-01 -3.763927938444506708e+03
2.726999999999999980e-01 -3.766162252558703585e+03
2.727999999999999869e-01 -3.768395333435137672e+03
2.729000000000000314e-01 -3.770627584089723769e+03
2.730000000000000204e-01 -3.772859386611153695e+03
2.731000000000000094e-01 -3.775091281422190150e+03
2.731999999999999984e-01 -3.777324294787067174e+03
2.732999999999999874e-01 -3.779557729502361781e+03
2.734000000000000319e-01 -3.781790409905303022e+03
2.735000000000000209e-01 -3.784022984145645751e+03
2.736000000000000099e-01 -3.786256110520948823e+03
2.736999999999999988e-01 -3.788490075575497485e+03
2.737999999999999878e-01 -3.790724816821021250e+03
2.739000000000000323e-01 -3.792951949695485382e+03
2.740000000000000213e-01 -3.795142909018374212e+03
2.741000000000000103e-01 -3.797257280193431143e+03
2.741999999999999993e-01 -3.799372309731225414e+03
2.742999999999999883e-01 -3.801511931209151498e+03
2.744000000000000328e-01 -3.803674282373594451e+03
2.745000000000000218e-01 -3.805855057116367334e+03
2.746000000000000107e-01 -3.808053343211227912e+03
2.746999999999999997e-01 -3.810268316641083857e+03
2.747999999999999887e-01 -3.812492046851534269e+03
2.749000000000000332e-01 -3.814722206552115949e+03
2.750000000000000222e-01 -3.816957210142252734e+03
2.751000000000000112e-01 -3.819195322651418337e+03
2.752000000000000002e-01 -3.821438173557920891e+03
2.752999999999999892e-01 -3.823683976031786187e+03
2.754000000000000337e-01 -3.825932173024563326e+03
2.755000000000000226e-01 -3.828181071427635288e+03
2.756000000000000116e-01 -3.830429421644485046e+03
2.757000000000000006e-01 -3.832676132247227542e+03
2.757999999999999896e-01 -3.834920866630590808e+03
2.759000000000000341e-01 -3.837164206049935274e+03
2.760000000000000231e-01 -3.839406359618058559e+03
2.761000000000000121e-01 -3.841647691380165725e+03
2.762000000000000011e-01 -3.843889868899116209e+03
2.762999999999999901e-01 -3.846132115747033822e+03
2.764000000000000346e-01 -3.848374297586765351e+03
2.765000000000000235e-01 -3.850616817678284406e+03
2.766000000000000125e-01 -3.852858778344287657e+03
2.767000000000000015e-01 -3.855101766350660910e+03
2.767999999999999905e-01 -3.857345193585842026e+03
2.769000000000000350e-01 -3.859588750427009018e+03
2.770000000000000240e-01 -3.861832238003768452e+03
2.771000000000000130e-01 -3.864075902914460585e+03
2.772000000000000020e-01 -3.866320300759429756e+03
2.772999999999999909e-01 -3.868565692236768427e+03
2.774000000000000354e-01 -3.870812092928035327e+03
2.775000000000000244e-01 -3.873059425942865346e+03
2.776000000000000134e-01 -3.875307571901787469e+03
2.777000000000000024e-01 -3.877556386889047189e+03
2.777999999999999914e-01 -3.879805310972672942e+03
2.779000000000000359e-01 -3.882053705349349457e+03
2.780000000000000249e-01 -3.884301136353351467e+03
2.781000000000000139e-01 -3.886546903332578495e+03
2.782000000000000028e-01 -3.888790976028036766e+03
2.782999999999999918e-01 -3.891033599237758153e+03
2.784000000000000363e-01 -3.893275088479965689e+03
2.785000000000000253e-01 -3.895515690517119765e+03
2.786000000000000143e-01 -3.897755554694810598e+03
2.787000000000000033e-01 -3.899994763116394552e+03
2.787999999999999923e-01 -3.902233224740310561e+03
2.789000000000000368e-01 -3.904470783154274613e+03
2.790000000000000258e-01 -3.906707305510091828e+03
2.791000000000000147e-01 -3.908943201733480691e+03
2.792000000000000037e-01 -3.911178499838646076e+03
2.792999999999999927e-01 -3.913412258389837916e+03
2.794000000000000372e-01 -3.915643622706763381e+03
2.795000000000000262e-01 -3.917872046987715294e+03
2.796000000000000152e-01 -3.920097914381320152e+03
2.797000000000000042e-01 -3.922321747036184206e+03
2.797999999999999932e-01 -3.924544101909239998e+03
2.799000000000000377e-01 -3.926765421481827616e+03
2.800000000000000266e-01 -3.928986038204673150e+03
2.801000000000000156e-01 -3.931193041600293327e+03
2.802000000000000046e-01 -3.933358374978253323e+03
2.802999999999999936e-01 -3.935485638320159069e+03
2.804000000000000381e-01 -3.937584681718362390e+03
2.805000000000000271e-01 -3.939663398290417717e+03
2.806000000000000161e-01 -3.941727364838145604e+03
2.807000000000000051e-01 -3.943780507972261603e+03
2.807999999999999940e-01 -3.945825475395911326e+03
2.809000000000000385e-01 -3.947863902158042038e+03
2.810000000000000275e-01 -3.949897206389095572e+03
2.811000000000000165e-01 -3.951926542623212754e+03
2.812000000000000055e-01 -3.953952950160490218e+03
2.812999999999999945e-01 -3.955977187994169071e+03
2.814000000000000390e-01 -3.957999738991350114e+03
2.815000000000000280e-01 -3.960020954138944944e+03
2.816000000000000170e-01 -3.962041149706075885e+03
2.817000000000000060e-01 -3.964060623723822118e+03
2.817999999999999949e-01 -3.966079616994196385e+03
2.819000000000000394e-01 -3.968098080325758019e+03
2.820000000000000284e-01 -3.970115750037984981e+03
2.821000000000000174e-01 -3.972132214697378004e+03
2.822000000000000064e-01 -3.974146234362075575e+03
2.822999999999999954e-01 -3.976156989701619750e+03
2.824000000000000399e-01 -3.978164876225099761e+03
2.825000000000000289e-01 -3.980170569275724120e+03
2.826000000000000179e-01 -3.982208578020297409e+03
2.827000000000000068e-01 -3.984403657225758707e+03
2.827999999999999958e-01 -3.986595171558378752e+03
2.829000000000000403e-01 -3.988797845716675965e+03
2.830000000000000293e-01 -3.990980177845520302e+03
2.831000000000000183e-01 -3.993125469585041628e+03
2.832000000000000073e-01 -3.995250816924075934e+03
2.832999999999999963e-01 -3.997368709830304851e+03
2.834000000000000408e-01 -3.999491236673387903e+03
2.835000000000000298e-01 -4.001625193792818663e+03
2.836000000000000187e-01 -4.003766342142224403e+03
2.837000000000000077e-01 -4.005910024640386837e+03
2.837999999999999967e-01 -4.008054392923335854e+03
2.839000000000000412e-01 -4.010197642945252483e+03
2.840000000000000302e-01 -4.012338794257260815e+03
2.841000000000000192e-01 -4.014472031625594809e+03
2.842000000000000082e-01 -4.016591917545099477e+03
2.842999999999999972e-01 -4.018699018464687470e+03
2.843999999999999861e-01 -4.020791768092358780e+03
2.845000000000000306e-01 -4.022870726440525686e+03
2.846000000000000196e-01 -4.024937878161434128e+03
2.847000000000000086e-01 -4.026994199918672166e+03
2.847999999999999976e-01 -4.029036483808872163e+03
2.848999999999999866e-01 -4.031073253472648958e+03
2.850000000000000311e-01 -4.033108223227476174e+03
2.851000000000000201e-01 -4.035141638355931264e+03
2.852000000000000091e-01 -4.037163648783918688e+03
2.852999999999999980e-01 -4.039170060414750878e+03
2.853999999999999870e-01 -4.041160375048004425e+03
2.855000000000000315e-01 -4.043132575620655643e+03
2.856000000000000205e-01 -4.045106613453702266e+03
2.857000000000000095e-01 -4.047098679082482249e+03
2.857999999999999985e-01 -4.049101012176185577e+03
2.858999999999999875e-01 -4.051106792872448750e+03
2.860000000000000320e-01 -4.053114424807057276e+03
2.861000000000000210e-01 -4.055122928718853018e+03
2.862000000000000099e-01 -4.057128790023881720e+03
2.862999999999999989e-01 -4.059128841505301352e+03
2.863999999999999879e-01 -4.061123571759991137e+03
2.865000000000000324e-01 -4.063113967928346028e+03
2.866000000000000214e-01 -4.065100807238949983e+03
2.867000000000000104e-01 -4.067084592166189850e+03
2.867999999999999994e-01 -4.069065586376625561e+03
2.868999999999999884e-01 -4.071043871388828393e+03
2.870000000000000329e-01 -4.073019201738115953e+03
2.871000000000000218e-01 -4.074989546067409719e+03
2.872000000000000108e-01 -4.076953603789530007e+03
2.872999999999999998e-01 -4.078912027671905435e+03
2.873999999999999888e-01 -4.080865572458173119e+03
2.875000000000000333e-01 -4.082813978214160215e+03
2.876000000000000223e-01 -4.084757719374726548e+03
2.877000000000000113e-01 -4.086697712625084932e+03
2.878000000000000003e-01 -4.088634848657907696e+03
2.878999999999999893e-01 -4.090569618957700186e+03
2.880000000000000338e-01 -4.092502108168406266e+03
2.881000000000000227e-01 -4.094432657645305426e+03
2.882000000000000117e-01 -4.096361431597377305e+03
2.883000000000000007e-01 -4.098288500712740642e+03
2.883999999999999897e-01 -4.100213876416106359e+03
2.885000000000000342e-01 -4.102137527726539702e+03
2.886000000000000232e-01 -4.104059389619465037e+03
2.887000000000000122e-01 -4.105979364557348163e+03
2.888000000000000012e-01 -4.107897316083926853e+03
2.888999999999999901e-01 -4.109813048122848159e+03
2.890000000000000346e-01 -4.111726242452177758e+03
2.891000000000000236e-01 -4.113636158123941641e+03
2.892000000000000126e-01 -4.115540290265695148e+03
2.893000000000000016e-01 -4.117435282793338047e+03
2.893999999999999906e-01 -4.119320338544483093e+03
2.895000000000000351e-01 -4.121198599447352535e+03
2.896000000000000241e-01 -4.123072737238950140e+03
2.897000000000000131e-01 -4.124953856361012186e+03
2.898000000000000020e-01 -4.126910431373493338e+03
2.898999999999999910e-01 -4.128971099835273890e+03
2.900000000000000355e-01 -4.131053214345135530e+03
2.901000000000000245e-01 -4.133078084795987706e+03
2.902000000000000135e-01 -4.135035518705483810e+03
2.903000000000000025e-01 -4.136943039284409679e+03
2.903999999999999915e-01 -4.138821034292300283e+03
2.905000000000000360e-01 -4.140685978913252256e+03
2.906000000000000250e-01 -4.142546812044997750e+03
2.907000000000000139e-01 -4.144409821988520889e+03
2.908000000000000029e-01 -4.146280944567757615e+03
2.908999999999999919e-01 -4.148165782101934383e+03
2.910000000000000364e-01 -4.150068615330425018e+03
2.911000000000000254e-01 -4.151986631972268697e+03
2.912000000000000144e-01 -4.153931049967100080e+03
2.913000000000000034e-01 -4.155894026491509067e+03
2.913999999999999924e-01 -4.157874350211323872e+03
2.915000000000000369e-01 -4.159857308818845922e+03
2.916000000000000258e-01 -4.161828399844326668e+03
2.917000000000000148e-01 -4.163776740550064460e+03
2.918000000000000038e-01 -4.165696873360898280e+03
2.918999999999999928e-01 -4.167594237881550725e+03
2.920000000000000373e-01 -4.169458276217722414e+03
2.921000000000000263e-01 -4.171272254814190092e+03
2.922000000000000153e-01 -4.173032060073198409e+03
2.923000000000000043e-01 -4.174748984667352488e+03
2.923999999999999932e-01 -4.176420979292955053e+03
2.925000000000000377e-01 -4.178034178842815891e+03
2.926000000000000267e-01 -4.179587445452296379e+03
2.927000000000000157e-01 -4.181067606756092573e+03
2.928000000000000047e-01 -4.182445198014248490e+03
2.928999999999999937e-01 -4.183688091865960814e+03
2.930000000000000382e-01 -4.184770420406532139e+03
2.931000000000000272e-01 -4.185673928156026705e+03
2.932000000000000162e-01 -4.186385728152728007e+03
2.933000000000000052e-01 -4.186898188225861304e+03
2.933999999999999941e-01 -4.187207880368450788e+03
2.935000000000000386e-01 -4.187286680894956589e+03
2.936000000000000276e-01 -4.187129252940585502e+03
2.937000000000000166e-01 -4.186782534176270929e+03
2.938000000000000056e-01 -4.186259381421104990e+03
2.938999999999999946e-01 -4.185551164143505048e+03
2.940000000000000391e-01 -4.184659370097047940e+03
2.941000000000000281e-01 -4.183644480867292259e+03
2.942000000000000171e-01 -4.182595728910524485e+03
2.943000000000000060e-01 -4.181497978996150778e+03
2.943999999999999950e-01 -4.180472002610162235e+03
2.945000000000000395e-01 -4.179932452762358480e+03
2.946000000000000285e-01 -4.180044533443736327e+03
2.947000000000000175e-01 -4.180727592586112223e+03
2.948000000000000065e-01 -4.181887984902271455e+03
2.948999999999999955e-01 -4.183425491878109824e+03
2.950000000000000400e-01 -4.185279521357056183e+03
2.951000000000000290e-01 -4.187422483424210441e+03
2.952000000000000179e-01 -4.189777583791065808e+03
2.953000000000000069e-01 -4.192236737595928389e+03
2.953999999999999959e-01 -4.194639718454691319e+03
2.955000000000000404e-01 -4.196911142442307209e+03
2.956000000000000294e-01 -4.199079723688940248e+03
2.957000000000000184e-01 -4.201120943791534046e+03
2.958000000000000074e-01 -4.203009520656291897e+03
2.958999999999999964e-01 -4.204831238136564025e+03
2.960000000000000409e-01 -4.206630410578830379e+03
2.961000000000000298e-01 -4.208434946960695925e+03
2.962000000000000188e-01 -4.210259769502467861e+03
2.963000000000000078e-01 -4.212108237012876998e+03
2.963999999999999968e-01 -4.213993021824207062e+03
2.965000000000000413e-01 -4.215960851994591394e+03
2.966000000000000303e-01 -4.217990597076764061e+03
2.967000000000000193e-01 -4.220035508072884113e+03
2.968000000000000083e-01 -4.222080932636380567e+03
2.968999999999999972e-01 -4.224111634456439788e+03
2.970000000000000417e-01 -4.226113185371714280e+03
2.971000000000000307e-01 -4.228079218828653211e+03
2.972000000000000197e-01 -4.230007892900003753e+03
2.973000000000000087e-01 -4.231906765555102538e+03
2.973999999999999977e-01 -4.233790288303412126e+03
2.974999999999999867e-01 -4.235690962750905783e+03
2.976000000000000312e-01 -4.237596757498376064e+03
2.977000000000000202e-01 -4.239522808739954598e+03
2.978000000000000091e-01 -4.241486111704369250e+03
2.978999999999999981e-01 -4.243467262750576992e+03
2.979999999999999871e-01 -4.245504232726808368e+03
2.981000000000000316e-01 -4.247598152929688695e+03
2.982000000000000206e-01 -4.249724380232491967e+03
2.983000000000000096e-01 -4.251823630118831716e+03
2.983999999999999986e-01 -4.253880776765223345e+03
2.984999999999999876e-01 -4.255891303688982589e+03
2.986000000000000321e-01 -4.257864925822152145e+03
2.987000000000000210e-01 -4.259818806257047981e+03
2.988000000000000100e-01 -4.261765949587341311e+03
2.988999999999999990e-01 -4.263719156045047384e+03
2.989999999999999880e-01 -4.265685641955716164e+03
2.991000000000000325e-01 -4.267665666114734449e+03
2.992000000000000215e-01 -4.269657614764495520e+03
2.993000000000000105e-01 -4.271660652454908814e+03
2.993999999999999995e-01 -4.273671957733057752e+03
2.994999999999999885e-01 -4.275692312430996026e+03
2.996000000000000330e-01 -4.277723711293423548e+03
2.997000000000000219e-01 -4.279772823675795735e+03
2.998000000000000109e-01 -4.281835635818904848e+03
2.998999999999999999e-01 -4.283902008617847059e+03
2.999999999999999889e-01 -4.285973966853803176e+03
3.001000000000000334e-01 -4.289884632451568905e+03
3.002000000000000224e-01 -4.295176528617210352e+03
3.003000000000000114e-01 -4.300894107324111246e+03
3.004000000000000004e-01 -4.306915084813334943e+03
3.004999999999999893e-01 -4.313566239573353414e+03
3.006000000000000338e-01 -4.321081049239049207e+03
3.007000000000000228e-01 -4.329257412604273668e+03
3.008000000000000118e-01 -4.337837539346764970e+03
3.009000000000000008e-01 -4.345848643815231299e+03
3.009999999999999898e-01 -4.352833566538002742e+03
3.011000000000000343e-01 -4.359172118612274062e+03
3.012000000000000233e-01 -4.364334835489897159e+03
3.013000000000000123e-01 -4.368567905530190728e+03
3.014000000000000012e-01 -4.372026377391657661e+03
3.014999999999999902e-01 -4.374812501827030246e+03
3.016000000000000347e-01 -4.377085534327461573e+03
3.017000000000000237e-01 -4.378948058855141426e+03
3.018000000000000127e-01 -4.380519144626535308e+03
3.019000000000000017e-01 -4.381924156501215293e+03
3.019999999999999907e-01 -4.383405760596245273e+03
3.021000000000000352e-01 -4.385011940840907300e+03
3.022000000000000242e-01 -4.387077324240633970e+03
3.023000000000000131e-01 -4.389930677209889836e+03
3.024000000000000021e-01 -4.392974064008967616e+03
3.024999999999999911e-01 -4.395489246938469478e+03
3.026000000000000356e-01 -4.397443287526387394e+03
3.027000000000000246e-01 -4.398986154313974112e+03
3.028000000000000136e-01 -4.400247565736851357e+03
3.029000000000000026e-01 -4.401288219062664211e+03
3.029999999999999916e-01 -4.402098645249143374e+03
3.031000000000000361e-01 -4.402667518230649875e+03
3.032000000000000250e-01 -4.403006971477585466e+03
3.033000000000000140e-01 -4.403131972954582125e+03
3.034000000000000030e-01 -4.403050952151509591e+03
3.034999999999999920e-01 -4.402817290675680852e+03
3.036000000000000365e-01 -4.402462168618165379e+03
3.037000000000000255e-01 -4.401965009452127561e+03
3.038000000000000145e-01 -4.401317174281715779e+03
3.039000000000000035e-01 -4.400462719056763490e+03
3.039999999999999925e-01 -4.399454482457742415e+03
3.041000000000000369e-01 -4.398388977718595015e+03
3.042000000000000259e-01 -4.397270247656219908e+03
3.043000000000000149e-01 -4.396203763087562947e+03
3.044000000000000039e-01 -4.395450234715730403e+03
3.044999999999999929e-01 -4.395341274007929314e+03
3.046000000000000374e-01 -4.395840000121486810e+03
3.047000000000000264e-01 -4.396882133368954783e+03
3.048000000000000154e-01 -4.398404211704570116e+03
3.049000000000000044e-01 -4.400266263555437035e+03
3.049999999999999933e-01 -4.402369751143165558e+03
3.051000000000000378e-01 -4.404643643875276211e+03
3.052000000000000268e-01 -4.407001862077416263e+03
3.053000000000000158e-01 -4.409319693865053523e+03
3.054000000000000048e-01 -4.411603838043213727e+03
3.054999999999999938e-01 -4.413790263421143209e+03
3.056000000000000383e-01 -4.415855535616675297e+03
3.057000000000000273e-01 -4.417817118816231414e+03
3.058000000000000163e-01 -4.419712770592664128e+03
3.059000000000000052e-01 -4.421545567037341243e+03
3.059999999999999942e-01 -4.423408691854510835e+03
3.061000000000000387e-01 -4.425304509635365321e+03
3.062000000000000277e-01 -4.427228172646721760e+03
3.063000000000000167e-01 -4.429210101942902838e+03
3.064000000000000057e-01 -4.431275773076175938e+03
3.064999999999999947e-01 -4.433401124560811695e+03
3.066000000000000392e-01 -4.435548577880748780e+03
3.067000000000000282e-01 -4.437688509282560517e+03
3.068000000000000171e-01 -4.439802735086488610e+03
3.069000000000000061e-01 -4.441881549692132467e+03
3.069999999999999951e-01 -4.443921877540021342e+03
3.071000000000000396e-01 -4.445925435441753507e+03
3.072000000000000286e-01 -4.447897568834998310e+03
3.073000000000000176e-01 -4.449845003278799595e+03
3.074000000000000066e-01 -4.451775777890401514e+03
3.074999999999999956e-01 -4.453697167151528447e+03
3.076000000000000401e-01 -4.455629199509313366e+03
3.077000000000000290e-01 -4.457584113533475829e+03
3.078000000000000180e-01 -4.459564071682865688e+03
3.079000000000000070e-01 -4.461575005367668382e+03
3.079999999999999960e-01 -4.463613339819746216e+03
3.081000000000000405e-01 -4.465666826617532024e+03
3.082000000000000295e-01 -4.467773137762137594e+03
3.083000000000000185e-01 -4.469910015818912143e+03
3.084000000000000075e-01 -4.472034105912041923e+03
3.084999999999999964e-01 -4.474130183246146771e+03
3.086000000000000409e-01 -4.476192785663018185e+03
3.087000000000000299e-01 -4.478226425430345444e+03
3.088000000000000189e-01 -4.480240097134036660e+03
3.089000000000000079e-01 -4.482242628778172730e+03
3.089999999999999969e-01 -4.484240745410970703e+03
3.091000000000000414e-01 -4.486237689070746455e+03
3.092000000000000304e-01 -4.488236803324612993e+03
3.093000000000000194e-01 -4.490242426164437347e+03
3.094000000000000083e-01 -4.492255030605563661e+03
3.094999999999999973e-01 -4.494273449037752471e+03
3.096000000000000418e-01 -4.496296492686681631e+03
3.097000000000000308e-01 -4.498323559355108046e+03
3.098000000000000198e-01 -4.500355813975520505e+03
3.099000000000000088e-01 -4.502392315988638984e+03
3.099999999999999978e-01 -4.504431046776401672e+03
3.101000000000000423e-01 -4.506484695061925777e+03
3.102000000000000313e-01 -4.508588955999667633e+03
3.103000000000000203e-01 -4.510749797672944624e+03
3.104000000000000092e-01 -4.512956067563394754e+03
3.104999999999999982e-01 -4.515195742136344961e+03
3.105999999999999872e-01 -4.517459122631524224e+03
3.107000000000000317e-01 -4.519738505215846999e+03
3.108000000000000207e-01 -4.522026624373364029e+03
3.109000000000000097e-01 -4.524149129878604981e+03
3.109999999999999987e-01 -4.526161423534399546e+03
3.110999999999999877e-01 -4.528207651506768343e+03
3.112000000000000322e-01 -4.530321049108689294e+03
3.113000000000000211e-01 -4.532497479209972880e+03
3.114000000000000101e-01 -4.534722452072339365e+03
3.114999999999999991e-01 -4.536828956515908430e+03
3.115999999999999881e-01 -4.538863793247723152e+03
3.117000000000000326e-01 -4.540931614516730406e+03
3.118000000000000216e-01 -4.543056938113546494e+03
3.119000000000000106e-01 -4.545234711629092089e+03
3.119999999999999996e-01 -4.547456360217086512e+03
3.120999999999999885e-01 -4.549710476428721449e+03
3.122000000000000330e-01 -4.552001862498070295e+03
3.123000000000000220e-01 -4.554332559957937519e+03
3.124000000000000110e-01 -4.556690636638687465e+03
3.125000000000000000e-01 -4.559060822613017081e+03
3.125999999999999890e-01 -4.561431775038253363e+03
3.127000000000000335e-01 -4.563796747476571909e+03
3.128000000000000225e-01 -4.566147753732016099e+03
3.129000000000000115e-01 -4.568481179473236807e+03
3.130000000000000004e-01 -4.570801672949521162e+03
3.130999999999999894e-01 -4.573113972038976499e+03
3.132000000000000339e-01 -4.575421889570386156e+03
3.133000000000000229e-01 -4.577728791630564046e+03
3.134000000000000119e-01 -4.580037059253269945e+03
3.135000000000000009e-01 -4.582345070190874139e+03
3.135999999999999899e-01 -4.584651701599679654e+03
3.137000000000000344e-01 -4.586959469168839860e+03
3.138000000000000234e-01 -4.589271339513367820e+03
3.139000000000000123e-01 -4.591589396549926278e+03
3.140000000000000013e-01 -4.593916988644467892e+03
3.140999999999999903e-01 -4.596256434306944357e+03
3.142000000000000348e-01 -4.598607278021702768e+03
3.143000000000000238e-01 -4.600968174103282763e+03
3.144000000000000128e-01 -4.603337691641608217e+03
3.145000000000000018e-01 -4.605714608015698104e+03
3.145999999999999908e-01 -4.608098532913679264e+03
3.147000000000000353e-01 -4.610488495174330637e+03
3.148000000000000242e-01 -4.612883113548416986e+03
3.149000000000000132e-01 -4.615281445187455574e+03
3.150000000000000022e-01 -4.617682715671056030e+03
3.150999999999999912e-01 -4.620086301505761185e+03
3.152000000000000357e-01 -4.622493113742148125e+03
3.153000000000000247e-01 -4.624907359905789235e+03
3.154000000000000137e-01 -4.627317756111749986e+03
3.155000000000000027e-01 -4.629728050931332291e+03
3.155999999999999917e-01 -4.632140844388223741e+03
3.157000000000000361e-01 -4.634557890114706424e+03
3.158000000000000251e-01 -4.636982742063110891e+03
3.159000000000000141e-01 -4.639418109321540214e+03
3.160000000000000031e-01 -4.641867251537114498e+03
3.160999999999999921e-01 -4.644336552051861872e+03
3.162000000000000366e-01 -4.646827807068356378e+03
3.163000000000000256e-01 -4.649340340535966789e+03
3.164000000000000146e-01 -4.651873164180901767e+03
3.165000000000000036e-01 -4.654425759444044161e+03
3.165999999999999925e-01 -4.656998185869677400e+03
3.167000000000000370e-01 -4.659590927973694306e+03
3.168000000000000260e-01 -4.662204715061378010e+03
3.169000000000000150e-01 -4.664840438292178078e+03
3.170000000000000040e-01 -4.667499238820711071e+03
3.170999999999999930e-01 -4.670182901291305825e+03
3.172000000000000375e-01 -4.672898235986758664e+03
3.173000000000000265e-01 -4.675668936724736341e+03
3.174000000000000155e-01 -4.678515233794802043e+03
3.175000000000000044e-01 -4.681448853249088643e+03
3.175999999999999934e-01 -4.684480365020640420e+03
3.177000000000000379e-01 -4.687620128736326478e+03
3.178000000000000269e-01 -4.690869665627204995e+03
3.179000000000000159e-01 -4.694233044006811724e+03
3.180000000000000049e-01 -4.697714097439263242e+03
3.180999999999999939e-01 -4.701319014845010315e+03
3.182000000000000384e-01 -4.705057888073105460e+03
3.183000000000000274e-01 -4.708957031230345819e+03
3.184000000000000163e-01 -4.713057022769547075e+03
3.185000000000000053e-01 -4.717385793635624395e+03
3.185999999999999943e-01 -4.721924613263147876e+03
3.187000000000000388e-01 -4.726731886919693352e+03
3.188000000000000278e-01 -4.731802812609734247e+03
3.189000000000000168e-01 -4.737273609919428054e+03
3.190000000000000058e-01 -4.743208307800499824e+03
3.190999999999999948e-01 -4.749572874965849223e+03
3.192000000000000393e-01 -4.756309068847857816e+03
3.193000000000000282e-01 -4.761642438833865526e+03
3.194000000000000172e-01 -4.764475743918753324e+03
3.195000000000000062e-01 -4.766450764465396787e+03
3.195999999999999952e-01 -4.768183924490195750e+03
3.197000000000000397e-01 -4.769890206645291983e+03
3.198000000000000287e-01 -4.771706126596285685e+03
3.199000000000000177e-01 -4.773658470081171799e+03
3.200000000000000067e-01 -4.775669690501891637e+03
3.200999999999999956e-01 -4.777736434210384687e+03
3.202000000000000401e-01 -4.779866993337210261e+03
3.203000000000000291e-01 -4.782059533965644732e+03
3.204000000000000181e-01 -4.784307381015720239e+03
3.205000000000000071e-01 -4.786596385815093527e+03
3.205999999999999961e-01 -4.788915903170844103e+03
3.207000000000000406e-01 -4.791260786440555421e+03
3.208000000000000296e-01 -4.793627124930063474e+03
3.209000000000000186e-01 -4.796035656829773870e+03
3.210000000000000075e-01 -4.798701617354908194e+03
3.210999999999999965e-01 -4.801780137344310788e+03
3.212000000000000410e-01 -4.805767269674825911e+03
3.213000000000000300e-01 -4.810180989423402934e+03
3.214000000000000190e-01 -4.814101459571964369e+03
3.215000000000000080e-01 -4.817374580740592137e+03
3.215999999999999970e-01 -4.820220626928437923e+03
3.217000000000000415e-01 -4.822812701033974008e+03
3.218000000000000305e-01 -4.825263762650544777e+03
3.219000000000000195e-01 -4.827644282985302198e+03
3.220000000000000084e-01 -4.829991047429004539e+03
3.220999999999999974e-01 -4.832321184129481480e+03
3.222000000000000419e-01 -4.834642122889988968e+03
3.223000000000000309e-01 -4.836957002534832100e+03
3.224000000000000199e-01 -4.839267362136188240e+03
3.225000000000000089e-01 -4.841573704187736439e+03
3.225999999999999979e-01 -4.843876033855299283e+03
3.227000000000000424e-01 -4.846175343530127975e+03
3.228000000000000314e-01 -4.848470960263771303e+03
3.229000000000000203e-01 -4.850763471446749463e+03
3.230000000000000093e-01 -4.853052875123456943e+03
3.230999999999999983e-01 -4.855337637423807791e+03
3.232000000000000428e-01 -4.857617257723065450e+03
3.233000000000000318e-01 -4.859892630379548791e+03
3.234000000000000208e-01 -4.862165471866567714e+03
3.235000000000000098e-01 -4.864438964580796892e+03
3.235999999999999988e-01 -4.866712965526439802e+03
3.237000000000000433e-01 -4.868985216557299282e+03
3.238000000000000322e-01 -4.871254008298970803e+03
3.239000000000000212e-01 -4.873519532070768037e+03
3.240000000000000102e-01 -4.875782693680722332e+03
3.240999999999999992e-01 -4.878044487801088508e+03
3.241999999999999882e-01 -4.880305794733797484e+03
3.243000000000000327e-01 -4.882567389272856417e+03
3.244000000000000217e-01 -4.884829809278159701e+03
3.245000000000000107e-01 -4.887093431276042793e+03
3.245999999999999996e-01 -4.889358529833154535e+03
3.246999999999999886e-01 -4.891625259729309619e+03
3.248000000000000331e-01 -4.893893665192004846e+03
3.249000000000000221e-01 -4.896163693397071256e+03
3.250000000000000111e-01 -4.898435212012626835e+03
3.251000000000000001e-01 -4.900708028804603600e+03
3.251999999999999891e-01 -4.902981913128320230e+03
3.253000000000000336e-01 -4.905256652908285105e+03
3.254000000000000226e-01 -4.907531981986730898e+03
3.255000000000000115e-01 -4.909807666293225338e+03
3.256000000000000005e-01 -4.912083419867403791e+03
3.256999999999999895e-01 -4.914359020014911948e+03
3.258000000000000340e-01 -4.916634292937559621e+03
3.259000000000000230e-01 -4.918909102086746316e+03
3.260000000000000120e-01 -4.921184026351068496e+03
3.261000000000000010e-01 -4.923457902100602041e+03
3.261999999999999900e-01 -4.925729361881035402e+03
3.263000000000000345e-01 -4.927999903323465333e+03
3.264000000000000234e-01 -4.930270021095219818e+03
3.265000000000000124e-01 -4.932539791778263861e+03
3.266000000000000014e-01 -4.934809911097179793e+03
3.266999999999999904e-01 -4.937080661312928896e+03
3.268000000000000349e-01 -4.939349259850297130e+03
3.269000000000000239e-01 -4.941617046509465581e+03
3.270000000000000129e-01 -4.943883302697808176e+03
3.271000000000000019e-01 -4.946148939018129568e+03
3.271999999999999909e-01 -4.948410087289194053e+03
3.273000000000000353e-01 -4.950666655490518679e+03
3.274000000000000243e-01 -4.952921297669566229e+03
3.275000000000000133e-01 -4.955174918693672225e+03
3.276000000000000023e-01 -4.957427837719868876e+03
3.276999999999999913e-01 -4.959680203506713951e+03
3.278000000000000358e-01 -4.961932106522330287e+03
3.279000000000000248e-01 -4.964183592733846126e+03
3.280000000000000138e-01 -4.966434693879381484e+03
3.281000000000000028e-01 -4.968685428389044318e+03
3.281999999999999917e-01 -4.970935811901523266e+03
3.283000000000000362e-01 -4.973185861025765007e+03
3.284000000000000252e-01 -4.975435594547167057e+03
3.285000000000000142e-01 -4.977684986940285853e+03
3.286000000000000032e-01 -4.979933135903182119e+03
3.286999999999999922e-01 -4.982178566295046039e+03
3.288000000000000367e-01 -4.984420749865637845e+03
3.289000000000000257e-01 -4.986659702348707469e+03
3.290000000000000147e-01 -4.988895928062997882e+03
3.291000000000000036e-01 -4.991129374051620289e+03
3.291999999999999926e-01 -4.993358063728472189e+03
3.293000000000000371e-01 -4.995581086094438433e+03
3.294000000000000261e-01 -4.997797688502146229e+03
3.295000000000000151e-01 -5.000009038776349371e+03
3.296000000000000041e-01 -5.002216572268867822e+03
3.296999999999999931e-01 -5.004421200939032133e+03
3.298000000000000376e-01 -5.006622271823935080e+03
3.299000000000000266e-01 -5.008823993901340145e+03
3.300000000000000155e-01 -5.011025184922345943e+03
3.301000000000000045e-01 -5.013213396241668306e+03
3.301999999999999935e-01 -5.015362385123587046e+03
3.303000000000000380e-01 -5.017475756391673713e+03
3.304000000000000270e-01 -5.019562569002312557e+03
3.305000000000000160e-01 -5.021630111988364661e+03
3.306000000000000050e-01 -5.023683564470546116e+03
3.306999999999999940e-01 -5.025726537648458361e+03
3.308000000000000385e-01 -5.027761543955411071e+03
3.309000000000000274e-01 -5.029790321831323126e+03
3.310000000000000164e-01 -5.031813977575086028e+03
3.311000000000000054e-01 -5.033832748494512998e+03
3.311999999999999944e-01 -5.035846799751740036e+03
3.313000000000000389e-01 -5.037856881893625541e+03
3.314000000000000279e-01 -5.039863762644919007e+03
3.315000000000000169e-01 -5.041867925783357350e+03
3.316000000000000059e-01 -5.043869281762079481e+03
3.316999999999999948e-01 -5.045867507411299812e+03
3.318000000000000393e-01 -5.047862707735653203e+03
3.319000000000000283e-01 -5.049855075144722832e+03
3.320000000000000173e-01 -5.051844469295039744e+03
3.321000000000000063e-01 -5.053830575396783388e+03
3.321999999999999953e-01 -5.055813220573916624e+03
3.323000000000000398e-01 -5.057793498705254933e+03
3.324000000000000288e-01 -5.059772296101886241e+03
3.325000000000000178e-01 -5.061746623745042598e+03
3.326000000000000068e-01 -5.063716542323899375e+03
3.326999999999999957e-01 -5.065680554474684868e+03
3.328000000000000402e-01 -5.067639054047829632e+03
3.329000000000000292e-01 -5.069593038934386641e+03
3.330000000000000182e-01 -5.071543394608929702e+03
3.331000000000000072e-01 -5.073490819294348512e+03
3.331999999999999962e-01 -5.075435853099791530e+03
3.333000000000000407e-01 -5.077379512547477134e+03
3.334000000000000297e-01 -5.079320809916957842e+03
3.335000000000000187e-01 -5.081259098422682655e+03
3.336000000000000076e-01 -5.083196724869163518e+03
3.336999999999999966e-01 -5.085134018443489367e+03
3.338000000000000411e-01 -5.087070108153030560e+03
3.339000000000000301e-01 -5.089004729507563752e+03
3.340000000000000191e-01 -5.090942296594026629e+03
3.341000000000000081e-01 -5.092881540840316120e+03
3.341999999999999971e-01 -5.094819578337993335e+03
3.343000000000000416e-01 -5.096756554179520208e+03
3.344000000000000306e-01 -5.098692759397349619e+03
3.345000000000000195e-01 -5.100627997409214004e+03
3.346000000000000085e-01 -5.102561214616547659e+03
3.346999999999999975e-01 -5.104496175795410636e+03
3.348000000000000420e-01 -5.106439310256561839e+03
3.349000000000000310e-01 -5.108396394418185082e+03
3.350000000000000200e-01 -5.110370192399848747e+03
3.351000000000000090e-01 -5.112361848557536177e+03
3.351999999999999980e-01 -5.114365662128257100e+03
3.353000000000000425e-01 -5.116371951822688970e+03
3.354000000000000314e-01 -5.118375374329433726e+03
3.355000000000000204e-01 -5.120380062201598776e+03
3.356000000000000094e-01 -5.122386545322139682e+03
3.356999999999999984e-01 -5.124387738424145027e+03
3.358000000000000429e-01 -5.126381396122048500e+03
3.359000000000000319e-01 -5.128368616609519449e+03
3.360000000000000209e-01 -5.130351158534965180e+03
3.361000000000000099e-01 -5.132330347844337666e+03
3.361999999999999988e-01 -5.134306831198898180e+03
3.363000000000000433e-01 -5.136282234338187664e+03
3.364000000000000323e-01 -5.138259257646747756e+03
3.365000000000000213e-01 -5.140242741424604901e+03
3.366000000000000103e-01 -5.142236623813684673e+03
3.366999999999999993e-01 -5.144239295680307805e+03
3.368000000000000438e-01 -5.146243645447744711e+03
3.369000000000000328e-01 -5.148243955193946022e+03
3.370000000000000218e-01 -5.150237768339628019e+03
3.371000000000000107e-01 -5.152225173904112125e+03
3.371999999999999997e-01 -5.154207631550370024e+03
3.372999999999999887e-01 -5.156186852320895014e+03
3.374000000000000332e-01 -5.158161538173542795e+03
3.375000000000000222e-01 -5.160130224545982855e+03
3.376000000000000112e-01 -5.162092801052518553e+03
3.377000000000000002e-01 -5.164049550350389836e+03
3.377999999999999892e-01 -5.166001529042223410e+03
3.379000000000000337e-01 -5.167949073767522350e+03
3.380000000000000226e-01 -5.169892075284251405e+03
3.381000000000000116e-01 -5.171830353009953797e+03
3.382000000000000006e-01 -5.173763623939853460e+03
3.382999999999999896e-01 -5.175691808290571316e+03
3.384000000000000341e-01 -5.177615341579596134e+03
3.385000000000000231e-01 -5.179534914484569526e+03
3.386000000000000121e-01 -5.181451274094224573e+03
3.387000000000000011e-01 -5.183365087624821172e+03
3.387999999999999901e-01 -5.185276867610913541e+03
3.389000000000000346e-01 -5.187186955293780557e+03
3.390000000000000235e-01 -5.189095548954034712e+03
3.391000000000000125e-01 -5.191002756631422926e+03
3.392000000000000015e-01 -5.192911424322363018e+03
3.392999999999999905e-01 -5.194824102764760028e+03
3.394000000000000350e-01 -5.196728132383292177e+03
3.395000000000000240e-01 -5.198628081967339313e+03
3.396000000000000130e-01 -5.200527044963699154e+03
3.397000000000000020e-01 -5.202427403642372155e+03
3.397999999999999909e-01 -5.204334429427219220e+03
3.399000000000000354e-01 -5.206264299045057669e+03
3.400000000000000244e-01 -5.208220394019661398e+03
3.401000000000000134e-01 -5.210206560523877670e+03
3.402000000000000024e-01 -5.212204163307567796e+03
3.402999999999999914e-01 -5.214197785000354997e+03
3.404000000000000359e-01 -5.216180224201312740e+03
3.405000000000000249e-01 -5.218150870906527416e+03
3.406000000000000139e-01 -5.220112637040919253e+03
3.407000000000000028e-01 -5.222069634032167414e+03
3.407999999999999918e-01 -5.224026130436594940e+03
3.409000000000000363e-01 -5.225985366417454316e+03
3.410000000000000253e-01 -5.227948715417424864e+03
3.411000000000000143e-01 -5.229915953761322271e+03
3.412000000000000033e-01 -5.231885555712433415e+03
3.412999999999999923e-01 -5.233855098202240697e+03
3.414000000000000368e-01 -5.235823455729640045e+03
3.415000000000000258e-01 -5.237790128316940354e+03
3.416000000000000147e-01 -5.239749437739910718e+03
3.417000000000000037e-01 -5.241693288042782115e+03
3.417999999999999927e-01 -5.243617324166662911e+03
3.419000000000000372e-01 -5.245522642186286248e+03
3.420000000000000262e-01 -5.247411006822220770e+03
3.421000000000000152e-01 -5.249283557554947038e+03
3.422000000000000042e-01 -5.251142420468667297e+03
3.422999999999999932e-01 -5.252984558489384654e+03
3.424000000000000377e-01 -5.254810123564963760e+03
3.425000000000000266e-01 -5.256621157977287112e+03
3.426000000000000156e-01 -5.258416814974963927e+03
3.427000000000000046e-01 -5.260195374507638917e+03
3.427999999999999936e-01 -5.261954618975142694e+03
3.429000000000000381e-01 -5.263683381829653626e+03
3.430000000000000271e-01 -5.265366842301325960e+03
3.431000000000000161e-01 -5.266983639256389324e+03
3.432000000000000051e-01 -5.268513043049283624e+03
3.432999999999999940e-01 -5.269935539508474903e+03
3.434000000000000385e-01 -5.271231782169778853e+03
3.435000000000000275e-01 -5.272382695840993620e+03
3.436000000000000165e-01 -5.273370046656506020e+03
3.437000000000000055e-01 -5.274176287921739458e+03
3.437999999999999945e-01 -5.274782528585360524e+03
3.439000000000000390e-01 -5.275181723085691374e+03
3.440000000000000280e-01 -5.275408509641049932e+03
3.441000000000000170e-01 -5.275480155486009608e+03
3.442000000000000060e-01 -5.275396179230875532e+03
3.442999999999999949e-01 -5.275146085665875034e+03
3.444000000000000394e-01 -5.274736498958278389e+03
3.445000000000000284e-01 -5.274192723568309702e+03
3.446000000000000174e-01 -5.273591818904392312e+03
3.447000000000000064e-01 -5.272974001954101368e+03
3.447999999999999954e-01 -5.272330471792967728e+03
3.449000000000000399e-01 -5.271669668134755739e+03
3.450000000000000289e-01 -5.271086485035181795e+03
3.451000000000000179e-01 -5.270679003981768801e+03
3.452000000000000068e-01 -5.270639035999415682e+03
3.452999999999999958e-01 -5.271107717392710583e+03
3.454000000000000403e-01 -5.272014192816510331e+03
3.455000000000000293e-01 -5.273335572147954736e+03
3.456000000000000183e-01 -5.274932836937900902e+03
3.457000000000000073e-01 -5.276692577814298602e+03
3.457999999999999963e-01 -5.278542598382666256e+03
3.459000000000000408e-01 -5.280463718298380627e+03
3.460000000000000298e-01 -5.282432440980907813e+03
3.461000000000000187e-01 -5.284421267711895780e+03
3.462000000000000077e-01 -5.286406318680883487e+03
3.462999999999999967e-01 -5.288432042814325541e+03
3.464000000000000412e-01 -5.290583269894832483e+03
3.465000000000000302e-01 -5.292783128492417745e+03
3.466000000000000192e-01 -5.294986026205884627e+03
3.467000000000000082e-01 -5.297170191082183919e+03
3.467999999999999972e-01 -5.299331139104563590e+03
3.469000000000000417e-01 -5.301458062264641740e+03
3.470000000000000306e-01 -5.303592746529126998e+03
3.471000000000000196e-01 -5.305717455012452774e+03
3.472000000000000086e-01 -5.307826288375731565e+03
3.472999999999999976e-01 -5.309916586890351027e+03
3.474000000000000421e-01 -5.311986781004309705e+03
3.475000000000000311e-01 -5.314036780230572731e+03
3.476000000000000201e-01 -5.316067528919893448e+03
3.477000000000000091e-01 -5.318079743106912247e+03
3.477999999999999980e-01 -5.320074261086263505e+03
3.479000000000000425e-01 -5.322051979441396725e+03
3.480000000000000315e-01 -5.324014483194991953e+03
3.481000000000000205e-01 -5.325964589291961602e+03
3.482000000000000095e-01 -5.327904145109247111e+03
3.482999999999999985e-01 -5.329834568800210036e+03
3.484000000000000430e-01 -5.331757174449242484e+03
3.485000000000000320e-01 -5.333673067848983919e+03
3.486000000000000210e-01 -5.335580290186524508e+03
3.487000000000000099e-01 -5.337488397003025966e+03
3.487999999999999989e-01 -5.339400791185466005e+03
3.489000000000000434e-01 -5.341310576349903386e+03
3.490000000000000324e-01 -5.343226572058640159e+03
3.491000000000000214e-01 -5.345150060405141630e+03
3.492000000000000104e-01 -5.347076788941165432e+03
3.492999999999999994e-01 -5.349014145499345432e+03
3.494000000000000439e-01 -5.350965810942373537e+03
3.495000000000000329e-01 -5.352935375797172128e+03
3.496000000000000218e-01 -5.354914863362980213e+03
3.497000000000000108e-01 -5.356902727230629353e+03
3.497999999999999998e-01 -5.358902047114502238e+03
3.499000000000000443e-01 -5.360914456239442188e+03
3.500000000000000333e-01 -5.362937120894558575e+03
3.501000000000000223e-01 -5.366760546957519182e+03
3.502000000000000113e-01 -5.371715709520286509e+03
3.503000000000000003e-01 -5.376909275521098607e+03
3.503999999999999893e-01 -5.382394532445589903e+03
3.505000000000000338e-01 -5.388573754159911914e+03
3.506000000000000227e-01 -5.395627562852104347e+03
3.507000000000000117e-01 -5.403483865899447665e+03
3.508000000000000007e-01 -5.411910569947352997e+03
3.508999999999999897e-01 -5.420751172116049020e+03
3.510000000000000342e-01 -5.429868798465764485e+03
3.511000000000000232e-01 -5.438312503552982889e+03
3.512000000000000122e-01 -5.443806556841164820e+03
3.513000000000000012e-01 -5.447009566381408149e+03
3.513999999999999901e-01 -5.449071269978448981e+03
3.515000000000000346e-01 -5.450580565056979140e+03
3.516000000000000236e-01 -5.451829924264681722e+03
3.517000000000000126e-01 -5.452914308779362727e+03
3.518000000000000016e-01 -5.454180911685083629e+03
3.518999999999999906e-01 -5.456674610825096352e+03
3.520000000000000351e-01 -5.460089409978041658e+03
3.521000000000000241e-01 -5.462863702343049226e+03
3.522000000000000131e-01 -5.464864613184343398e+03
3.523000000000000020e-01 -5.466430244152697924e+03
3.523999999999999910e-01 -5.467783767651506423e+03
3.525000000000000355e-01 -5.469039976638234293e+03
3.526000000000000245e-01 -5.470267802463195039e+03
3.527000000000000135e-01 -5.471502417453576527e+03
3.528000000000000025e-01 -5.472746164995856816e+03
3.528999999999999915e-01 -5.473985295307065826e+03
3.530000000000000360e-01 -5.475209329578563484e+03
3.531000000000000250e-01 -5.476412216032518700e+03
3.532000000000000139e-01 -5.477582331735822663e+03
3.533000000000000029e-01 -5.478700736112281447e+03
3.533999999999999919e-01 -5.479744489728650478e+03
3.535000000000000364e-01 -5.480694971498734049e+03
3.536000000000000254e-01 -5.481561650040637687e+03
3.537000000000000144e-01 -5.482345740946012484e+03
3.538000000000000034e-01 -5.483033507167471726e+03
3.538999999999999924e-01 -5.483612745909670593e+03
3.540000000000000369e-01 -5.484079206976193746e+03
3.541000000000000258e-01 -5.484433109590741878e+03
3.542000000000000148e-01 -5.484668072736364593e+03
3.543000000000000038e-01 -5.484784853870311963e+03
3.543999999999999928e-01 -5.484844907647056061e+03
3.545000000000000373e-01 -5.484884868680692307e+03
3.546000000000000263e-01 -5.484888763440200819e+03
3.547000000000000153e-01 -5.484848937195656617e+03
3.548000000000000043e-01 -5.484768508029321310e+03
3.548999999999999932e-01 -5.484675436137647921e+03
3.550000000000000377e-01 -5.484670270819381585e+03
3.551000000000000267e-01 -5.484845908234774470e+03
3.552000000000000157e-01 -5.485230300145040019e+03
3.553000000000000047e-01 -5.485934549114042056e+03
3.553999999999999937e-01 -5.486922885476350530e+03
3.555000000000000382e-01 -5.488184464621863299e+03
3.556000000000000272e-01 -5.489699069544485610e+03
3.557000000000000162e-01 -5.491399173271107429e+03
3.558000000000000052e-01 -5.493213837388751017e+03
3.558999999999999941e-01 -5.495101695275015118e+03
3.560000000000000386e-01 -5.497045123103866899e+03
3.561000000000000276e-01 -5.499027212278643674e+03
3.562000000000000166e-01 -5.501039732628411002e+03
3.563000000000000056e-01 -5.503104801791030695e+03
3.563999999999999946e-01 -5.505220629683791230e+03
3.565000000000000391e-01 -5.507355407486054901e+03
3.566000000000000281e-01 -5.509468246687925784e+03
3.567000000000000171e-01 -5.511578271396161654e+03
3.568000000000000060e-01 -5.513700201678079793e+03
3.568999999999999950e-01 -5.515813436312269914e+03
3.570000000000000395e-01 -5.517911993971857555e+03
3.571000000000000285e-01 -5.519995957936926061e+03
3.572000000000000175e-01 -5.522066052412904355e+03
3.573000000000000065e-01 -5.524122605404381829e+03
3.573999999999999955e-01 -5.526165629058750710e+03
3.575000000000000400e-01 -5.528192300000854630e+03
3.576000000000000290e-01 -5.530203909353055678e+03
3.577000000000000179e-01 -5.532203385800105934e+03
3.578000000000000069e-01 -5.534191296167668042e+03
3.578999999999999959e-01 -5.536170857637783229e+03
3.580000000000000404e-01 -5.538146643311719345e+03
3.581000000000000294e-01 -5.540119617328758068e+03
3.582000000000000184e-01 -5.542089816791603880e+03
3.583000000000000074e-01 -5.544057287526635264e+03
3.583999999999999964e-01 -5.546022301103369500e+03
3.585000000000000409e-01 -5.547985348000308477e+03
3.586000000000000298e-01 -5.549946841807272904e+03
3.587000000000000188e-01 -5.551907286349617607e+03
3.588000000000000078e-01 -5.553868515953080532e+03
3.588999999999999968e-01 -5.555830618073187907e+03
3.590000000000000413e-01 -5.557794816174777225e+03
3.591000000000000303e-01 -5.559757547945391707e+03
3.592000000000000193e-01 -5.561728413241043199e+03
3.593000000000000083e-01 -5.563697662934851905e+03
3.593999999999999972e-01 -5.565666554134863873e+03
3.595000000000000417e-01 -5.567645853755446296e+03
3.596000000000000307e-01 -5.569631385552002939e+03
3.597000000000000197e-01 -5.571624382505807262e+03
3.598000000000000087e-01 -5.573617775651746342e+03
3.598999999999999977e-01 -5.575610805900047126e+03
3.600000000000000422e-01 -5.577609532281346219e+03
3.601000000000000312e-01 -5.579630990240510073e+03
3.602000000000000202e-01 -5.581705807828693651e+03
3.603000000000000091e-01 -5.583835616977992686e+03
3.603999999999999981e-01 -5.586008266156681202e+03
3.605000000000000426e-01 -5.588212476647744552e+03
3.606000000000000316e-01 -5.590440938639005253e+03
3.607000000000000206e-01 -5.592688409686104933e+03
3.608000000000000096e-01 -5.594951160566997714e+03
3.608999999999999986e-01 -5.597227237906044138e+03
3.610000000000000431e-01 -5.599515278624578059e+03
3.611000000000000321e-01 -5.601813351254498230e+03
3.612000000000000210e-01 -5.604119318278419996e+03
3.613000000000000100e-01 -5.606429669198259035e+03
3.613999999999999990e-01 -5.608745947003988476e+03
3.615000000000000435e-01 -5.611067648207987986e+03
3.616000000000000325e-01 -5.613393385979184131e+03
3.617000000000000215e-01 -5.615722418264725093e+03
3.618000000000000105e-01 -5.618054345853200175e+03
3.618999999999999995e-01 -5.620388961251052024e+03
3.620000000000000440e-01 -5.622726164038512252e+03
3.621000000000000330e-01 -5.625065908319062146e+03
3.622000000000000219e-01 -5.627408166426779644e+03
3.623000000000000109e-01 -5.629752904328363002e+03
3.623999999999999999e-01 -5.632100154010835467e+03
3.625000000000000444e-01 -5.634450059921551656e+03
3.626000000000000334e-01 -5.636802539441326189e+03
3.627000000000000224e-01 -5.639157422591911200e+03
3.628000000000000114e-01 -5.641514550420278283e+03
3.629000000000000004e-01 -5.643873803544187467e+03
3.630000000000000449e-01 -5.646234995864724624e+03
3.631000000000000338e-01 -5.648597927707087365e+03
3.632000000000000228e-01 -5.650962413087284403e+03
3.633000000000000118e-01 -5.653328288188548868e+03
3.634000000000000008e-01 -5.655695415374869299e+03
3.634999999999999898e-01 -5.658063686168673485e+03
3.636000000000000343e-01 -5.660433023957831210e+03
3.637000000000000233e-01 -5.662803386690085063e+03
3.638000000000000123e-01 -5.665174769912266129e+03
3.639000000000000012e-01 -5.667547210863134751e+03
3.639999999999999902e-01 -5.669920795010036272e+03
3.641000000000000347e-01 -5.672295667962244806e+03
3.642000000000000237e-01 -5.674672060099628652e+03
3.643000000000000127e-01 -5.677050348838492027e+03
3.644000000000000017e-01 -5.679431457966500602e+03
3.644999999999999907e-01 -5.681819615644159057e+03
3.646000000000000352e-01 -5.684217546713176489e+03
3.647000000000000242e-01 -5.686621902880969174e+03
3.648000000000000131e-01 -5.689035825587832733e+03
3.649000000000000021e-01 -5.691460245961128749e+03
3.649999999999999911e-01 -5.693895137015144428e+03
3.651000000000000356e-01 -5.696339912170544267e+03
3.652000000000000246e-01 -5.698795207539538751e+03
3.653000000000000136e-01 -5.701261908449898328e+03
3.654000000000000026e-01 -5.703744053150174295e+03
3.654999999999999916e-01 -5.706246853246618230e+03
3.656000000000000361e-01 -5.708771336801629332e+03
3.657000000000000250e-01 -5.711316178256951389e+03
3.658000000000000140e-01 -5.713879865116913606e+03
3.659000000000000030e-01 -5.716461504774904824e+03
3.659999999999999920e-01 -5.719061052512635797e+03
3.661000000000000365e-01 -5.721680088427415285e+03
3.662000000000000255e-01 -5.724326787100179899e+03
3.663000000000000145e-01 -5.727006996995190093e+03
3.664000000000000035e-01 -5.729722572238601060e+03
3.664999999999999925e-01 -5.732474793848917216e+03
3.666000000000000369e-01 -5.735261919769282940e+03
3.667000000000000259e-01 -5.738092207928989410e+03
3.668000000000000149e-01 -5.740983545424708609e+03
3.669000000000000039e-01 -5.743936914045001686e+03
3.669999999999999929e-01 -5.746954662851478133e+03
3.671000000000000374e-01 -5.750047969743463000e+03
3.672000000000000264e-01 -5.753228064554422417e+03
3.673000000000000154e-01 -5.756500345305092196e+03
3.674000000000000044e-01 -5.759871075596823175e+03
3.674999999999999933e-01 -5.763334890801776965e+03
3.676000000000000378e-01 -5.766906987999541343e+03
3.677000000000000268e-01 -5.770578450282398990e+03
3.678000000000000158e-01 -5.774384086673770980e+03
3.679000000000000048e-01 -5.778355028402093012e+03
3.679999999999999938e-01 -5.782529374870167885e+03
3.681000000000000383e-01 -5.786919136456024717e+03
3.682000000000000273e-01 -5.791576467342450087e+03
3.683000000000000163e-01 -5.796487224480987607e+03
3.684000000000000052e-01 -5.801565341844522663e+03
3.684999999999999942e-01 -5.806661825840473284e+03
3.686000000000000387e-01 -5.810908143544268569e+03
3.687000000000000277e-01 -5.813868504545877840e+03
3.688000000000000167e-01 -5.816293646308358802e+03
3.689000000000000057e-01 -5.818482333445057520e+03
3.689999999999999947e-01 -5.820471228066921867e+03
3.691000000000000392e-01 -5.822333595793705172e+03
3.692000000000000282e-01 -5.824149362188999476e+03
3.693000000000000171e-01 -5.825978898265983844e+03
3.694000000000000061e-01 -5.827862454470896409e+03
3.694999999999999951e-01 -5.829824339026598864e+03
3.696000000000000396e-01 -5.831878565830369553e+03
3.697000000000000286e-01 -5.834028855485000349e+03
3.698000000000000176e-01 -5.836261415875454077e+03
3.699000000000000066e-01 -5.838552383119855222e+03
3.699999999999999956e-01 -5.840875676822079186e+03
3.701000000000000401e-01 -5.843202171170628390e+03
3.702000000000000290e-01 -5.845515883334104728e+03
3.703000000000000180e-01 -5.847812946239240773e+03
3.704000000000000070e-01 -5.850095715743808796e+03
3.704999999999999960e-01 -5.852368068867212969e+03
3.706000000000000405e-01 -5.854629071900532836e+03
3.707000000000000295e-01 -5.856878147011831061e+03
3.708000000000000185e-01 -5.859116868267386963e+03
3.709000000000000075e-01 -5.861348868194249917e+03
3.709999999999999964e-01 -5.863579076188349063e+03
3.711000000000000409e-01 -5.865810468695092823e+03
3.712000000000000299e-01 -5.868043885172254704e+03
3.713000000000000189e-01 -5.870279270819132762e+03
3.714000000000000079e-01 -5.872516318716747264e+03
3.714999999999999969e-01 -5.874754683269691668e+03
3.716000000000000414e-01 -5.876994000594885620e+03
3.717000000000000304e-01 -5.879234030239605090e+03
3.718000000000000194e-01 -5.881474550131020806e+03
3.719000000000000083e-01 -5.883715290772802291e+03
3.719999999999999973e-01 -5.885956187938186304e+03
3.721000000000000418e-01 -5.888197266714622856e+03
3.722000000000000308e-01 -5.890439083526993272e+03
3.723000000000000198e-01 -5.892682615400571194e+03
3.724000000000000088e-01 -5.894927484761799860e+03
3.724999999999999978e-01 -5.897172106320047533e+03
3.726000000000000423e-01 -5.899414696362303403e+03
3.727000000000000313e-01 -5.901654188957153565e+03
3.728000000000000203e-01 -5.903890896456259725e+03
3.729000000000000092e-01 -5.906124849765499675e+03
3.729999999999999982e-01 -5.908356110924029963e+03
3.731000000000000427e-01 -5.910585217737392668e+03
3.732000000000000317e-01 -5.912812813945181915e+03
3.733000000000000207e-01 -5.915039460251654418e+03
3.734000000000000097e-01 -5.917265630364939170e+03
3.734999999999999987e-01 -5.919491617421110277e+03
3.736000000000000432e-01 -5.921717613361201074e+03
3.737000000000000322e-01 -5.923943676309661896e+03
3.738000000000000211e-01 -5.926168945171179985e+03
3.739000000000000101e-01 -5.928393659263298105e+03
3.739999999999999991e-01 -5.930619112441435391e+03
3.741000000000000436e-01 -5.932845517397509866e+03
3.742000000000000326e-01 -5.935072007747332464e+03
3.743000000000000216e-01 -5.937297223478673914e+03
3.744000000000000106e-01 -5.939522078820061324e+03
3.744999999999999996e-01 -5.941746949886929542e+03
3.746000000000000441e-01 -5.943972132799342944e+03
3.747000000000000330e-01 -5.946197885250840045e+03
3.748000000000000220e-01 -5.948424346878632605e+03
3.749000000000000110e-01 -5.950651505092720072e+03
3.750000000000000000e-01 -5.952879217788746246e+03
3.751000000000000445e-01 -5.955107268864479011e+03
3.752000000000000335e-01 -5.957335430223890398e+03
3.753000000000000225e-01 -5.959563511104223835e+03
3.754000000000000115e-01 -5.961791399731111596e+03
3.755000000000000004e-01 -5.964019063147197812e+03
3.756000000000000449e-01 -5.966246497679781896e+03
3.757000000000000339e-01 -5.968473734623083146e+03
3.758000000000000229e-01 -5.970700826627618881e+03
3.759000000000000119e-01 -5.972927830303622613e+03
3.760000000000000009e-01 -5.975154449055346049e+03
3.761000000000000454e-01 -5.977379288705423278e+03
3.762000000000000344e-01 -5.979600976797563817e+03
3.763000000000000234e-01 -5.981819819382942114e+03
3.764000000000000123e-01 -5.984036655445555880e+03
3.765000000000000013e-01 -5.986252184305116316e+03
3.765999999999999903e-01 -5.988466901180920104e+03
3.767000000000000348e-01 -5.990681157337856348e+03
3.768000000000000238e-01 -5.992895220066358888e+03
3.769000000000000128e-01 -5.995109321366642689e+03
3.770000000000000018e-01 -5.997324828247191363e+03
3.770999999999999908e-01 -5.999541958976470596e+03
3.772000000000000353e-01 -6.001759763620838385e+03
3.773000000000000242e-01 -6.003977966177302733e+03
3.774000000000000132e-01 -6.006196523253184751e+03
3.775000000000000022e-01 -6.008415406823592093e+03
3.775999999999999912e-01 -6.010634585210641490e+03
3.777000000000000357e-01 -6.012854296319637797e+03
3.778000000000000247e-01 -6.015074679568566353e+03
3.779000000000000137e-01 -6.017302898342340995e+03
3.780000000000000027e-01 -6.019639026285875843e+03
3.780999999999999917e-01 -6.021968063308222554e+03
3.782000000000000361e-01 -6.024308141366636846e+03
3.783000000000000251e-01 -6.026638612294829727e+03
3.784000000000000141e-01 -6.028917749886906677e+03
3.785000000000000031e-01 -6.031171192310211154e+03
3.785999999999999921e-01 -6.033422404130905306e+03
3.787000000000000366e-01 -6.035646881757751544e+03
3.788000000000000256e-01 -6.037775431995924009e+03
3.789000000000000146e-01 -6.039888880571478694e+03
3.790000000000000036e-01 -6.042018465821720383e+03
3.790999999999999925e-01 -6.044158971187040152e+03
3.792000000000000370e-01 -6.046307763819065258e+03
3.793000000000000260e-01 -6.048461847091422896e+03
3.794000000000000150e-01 -6.050618865943391029e+03
3.795000000000000040e-01 -6.052778974741957427e+03
3.795999999999999930e-01 -6.054942887968024479e+03
3.797000000000000375e-01 -6.057111255678082671e+03
3.798000000000000265e-01 -6.059284769702989252e+03
3.799000000000000155e-01 -6.061463296424551118e+03
3.800000000000000044e-01 -6.063646437042843900e+03
3.800999999999999934e-01 -6.065821011115573128e+03
3.802000000000000379e-01 -6.067959945018323197e+03
3.803000000000000269e-01 -6.070067526702841860e+03
3.804000000000000159e-01 -6.072152933503423810e+03
3.805000000000000049e-01 -6.074222996102565048e+03
3.805999999999999939e-01 -6.076280792736852163e+03
3.807000000000000384e-01 -6.078329083072647336e+03
3.808000000000000274e-01 -6.080370228644197596e+03
3.809000000000000163e-01 -6.082406571741210428e+03
3.810000000000000053e-01 -6.084440824723061269e+03
3.810999999999999943e-01 -6.086474106081110222e+03
3.812000000000000388e-01 -6.088506750123683560e+03
3.813000000000000278e-01 -6.090538769781695009e+03
3.814000000000000168e-01 -6.092570257354171190e+03
3.815000000000000058e-01 -6.094602143056238674e+03
3.815999999999999948e-01 -6.096631437380436182e+03
3.817000000000000393e-01 -6.098658909662432052e+03
3.818000000000000282e-01 -6.100684746820077635e+03
3.819000000000000172e-01 -6.102709147576038959e+03
3.820000000000000062e-01 -6.104732431480893865e+03
3.820999999999999952e-01 -6.106754840693341976e+03
3.822000000000000397e-01 -6.108776554852182926e+03
3.823000000000000287e-01 -6.110797892324930217e+03
3.824000000000000177e-01 -6.112818802201776634e+03
3.825000000000000067e-01 -6.114838965507544344e+03
3.825999999999999956e-01 -6.116858115901257406e+03
3.827000000000000401e-01 -6.118876219238250087e+03
3.828000000000000291e-01 -6.120893480262504454e+03
3.829000000000000181e-01 -6.122910129300832523e+03
3.830000000000000071e-01 -6.124926200460475229e+03
3.830999999999999961e-01 -6.126941455102175496e+03
3.832000000000000406e-01 -6.128954676275994643e+03
3.833000000000000296e-01 -6.130963930788366270e+03
3.834000000000000186e-01 -6.132968520300480122e+03
3.835000000000000075e-01 -6.134968587171971194e+03
3.835999999999999965e-01 -6.136964709417991799e+03
3.837000000000000410e-01 -6.138957385317381522e+03
3.838000000000000300e-01 -6.140947097435891010e+03
3.839000000000000190e-01 -6.142934396937728707e+03
3.840000000000000080e-01 -6.144919790679564358e+03
3.840999999999999970e-01 -6.146903506986654975e+03
3.842000000000000415e-01 -6.148885729731901847e+03
3.843000000000000305e-01 -6.150866614989804475e+03
3.844000000000000195e-01 -6.152846388566499627e+03
3.845000000000000084e-01 -6.154825162287332205e+03
3.845999999999999974e-01 -6.156802928424857782e+03
3.847000000000000419e-01 -6.158779655735927008e+03
3.848000000000000309e-01 -6.160755360778534850e+03
3.849000000000000199e-01 -6.162730126777036276e+03
3.850000000000000089e-01 -6.164704082833319262e+03
3.850999999999999979e-01 -6.166677394321424799e+03
3.852000000000000424e-01 -6.168650256606493713e+03
3.853000000000000314e-01 -6.170622634969608953e+03
3.854000000000000203e-01 -6.172594533242257057e+03
3.855000000000000093e-01 -6.174566067370165001e+03
3.855999999999999983e-01 -6.176536988184424445e+03
3.857000000000000428e-01 -6.178507112967482499e+03
3.858000000000000318e-01 -6.180476420326981497e+03
3.859000000000000208e-01 -6.182444989855564017e+03
3.860000000000000098e-01 -6.184412954487270326e+03
3.860999999999999988e-01 -6.186380474416244397e+03
3.862000000000000433e-01 -6.188347715002380028e+03
3.863000000000000322e-01 -6.190314821974059669e+03
3.864000000000000212e-01 -6.192281897710376143e+03
3.865000000000000102e-01 -6.194248985390012422e+03
3.865999999999999992e-01 -6.196216065501226694e+03
3.867000000000000437e-01 -6.198200472614647879e+03
3.868000000000000327e-01 -6.200368865448470387e+03
3.869000000000000217e-01 -6.202610996373638955e+03
3.870000000000000107e-01 -6.204822613518756953e+03
3.870999999999999996e-01 -6.207152510046917996e+03
3.872000000000000441e-01 -6.209503658004284262e+03
3.873000000000000331e-01 -6.211777928486759265e+03
3.874000000000000221e-01 -6.213960254541479117e+03
3.875000000000000111e-01 -6.216086552766581008e+03
3.876000000000000001e-01 -6.218178624354643034e+03
3.877000000000000446e-01 -6.220253181408851560e+03
3.878000000000000336e-01 -6.222319252710098226e+03
3.879000000000000226e-01 -6.224382325380792281e+03
3.880000000000000115e-01 -6.226444240032154084e+03
3.881000000000000005e-01 -6.228503980131037679e+03
3.882000000000000450e-01 -6.230559880615809561e+03
3.883000000000000340e-01 -6.232610629446787243e+03
3.884000000000000230e-01 -6.234655447455606918e+03
3.885000000000000120e-01 -6.236693909451152649e+03
3.886000000000000010e-01 -6.238724966662483894e+03
3.887000000000000455e-01 -6.240746862957379562e+03
3.888000000000000345e-01 -6.242757855509381443e+03
3.889000000000000234e-01 -6.244757961355114276e+03
3.890000000000000124e-01 -6.246748177315613248e+03
3.891000000000000014e-01 -6.248729883033425722e+03
3.892000000000000459e-01 -6.250707086683815760e+03
3.893000000000000349e-01 -6.252681233041392261e+03
3.894000000000000239e-01 -6.254650776992726605e+03
3.895000000000000129e-01 -6.256614593208757469e+03
3.896000000000000019e-01 -6.258573078094790617e+03
3.897000000000000464e-01 -6.260526765942569909e+03
3.898000000000000353e-01 -6.262475942390992714e+03
3.899000000000000243e-01 -6.264420567161751933e+03
3.900000000000000133e-01 -6.266359798725437031e+03
3.901000000000000023e-01 -6.268289137077207670e+03
3.901999999999999913e-01 -6.270203987728167704e+03
3.903000000000000358e-01 -6.272103438607048702e+03
3.904000000000000248e-01 -6.273988967530998707e+03
3.905000000000000138e-01 -6.275863192031148174e+03
3.906000000000000028e-01 -6.277728667981715262e+03
3.906999999999999917e-01 -6.279586936934671030e+03
3.908000000000000362e-01 -6.281435767428568397e+03
3.909000000000000252e-01 -6.283270299658109252e+03
3.910000000000000142e-01 -6.285088846556367571e+03
3.911000000000000032e-01 -6.286891315228237545e+03
3.911999999999999922e-01 -6.288675817513450056e+03
3.913000000000000367e-01 -6.290441881959106468e+03
3.914000000000000257e-01 -6.292190844303423546e+03
3.915000000000000147e-01 -6.293924634082284683e+03
3.916000000000000036e-01 -6.295645862332944489e+03
3.916999999999999926e-01 -6.297353378501670704e+03
3.918000000000000371e-01 -6.299036219759482265e+03
3.919000000000000261e-01 -6.300675716264137009e+03
3.920000000000000151e-01 -6.302244535019092837e+03
3.921000000000000041e-01 -6.303708233772681524e+03
3.921999999999999931e-01 -6.305076491026754411e+03
3.923000000000000376e-01 -6.306445226815283604e+03
3.924000000000000266e-01 -6.307999338758076192e+03
3.925000000000000155e-01 -6.309618546700695333e+03
3.926000000000000045e-01 -6.311114984483371700e+03
3.926999999999999935e-01 -6.312363153776402214e+03
3.928000000000000380e-01 -6.313279933749791780e+03
3.929000000000000270e-01 -6.313824898447811393e+03
3.930000000000000160e-01 -6.314023063661978085e+03
3.931000000000000050e-01 -6.314219845518753573e+03
3.931999999999999940e-01 -6.314661524684060169e+03
3.933000000000000385e-01 -6.314977824118172066e+03
3.934000000000000274e-01 -6.314937644083633131e+03
3.935000000000000164e-01 -6.314511167002334332e+03
3.936000000000000054e-01 -6.313759489625058450e+03
3.936999999999999944e-01 -6.312782830907092830e+03
3.938000000000000389e-01 -6.311618507001386206e+03
3.939000000000000279e-01 -6.310285548424964873e+03
3.940000000000000169e-01 -6.308934469141624504e+03
3.941000000000000059e-01 -6.307599843213310123e+03
3.941999999999999948e-01 -6.306343894652214658e+03
3.943000000000000393e-01 -6.305240933868910361e+03
3.944000000000000283e-01 -6.304518235238324451e+03
3.945000000000000173e-01 -6.304469950863760459e+03
3.946000000000000063e-01 -6.305218065207243853e+03
3.946999999999999953e-01 -6.306529357585695834e+03
3.948000000000000398e-01 -6.308248462092881709e+03
3.949000000000000288e-01 -6.310236016680331886e+03
3.950000000000000178e-01 -6.312405522662590556e+03
3.951000000000000068e-01 -6.314712217160298678e+03
3.951999999999999957e-01 -6.317082222613773411e+03
3.953000000000000402e-01 -6.319458521065018431e+03
3.954000000000000292e-01 -6.321703949012416160e+03
3.955000000000000182e-01 -6.323845823382183880e+03
3.956000000000000072e-01 -6.325871262580190887e+03
3.956999999999999962e-01 -6.327771262933547405e+03
3.958000000000000407e-01 -6.329560647892476482e+03
3.959000000000000297e-01 -6.331264331494056023e+03
3.960000000000000187e-01 -6.332934195070505666e+03
3.961000000000000076e-01 -6.334606279495347735e+03
3.961999999999999966e-01 -6.336296504265840667e+03
3.963000000000000411e-01 -6.338007299840532141e+03
3.964000000000000301e-01 -6.339733181422156122e+03
3.965000000000000191e-01 -6.341484475627918982e+03
3.966000000000000081e-01 -6.343279470897430656e+03
3.966999999999999971e-01 -6.345198444092172394e+03
3.968000000000000416e-01 -6.347307917691266084e+03
3.969000000000000306e-01 -6.349514535563259415e+03
3.970000000000000195e-01 -6.351724170905659776e+03
3.971000000000000085e-01 -6.353892925170450326e+03
3.971999999999999975e-01 -6.355995948370567930e+03
3.973000000000000420e-01 -6.358040071249502034e+03
3.974000000000000310e-01 -6.360041693242729707e+03
3.975000000000000200e-01 -6.362015427138653649e+03
3.976000000000000090e-01 -6.363978752772010921e+03
3.976999999999999980e-01 -6.365946887596041051e+03
3.978000000000000425e-01 -6.367920387398307867e+03
3.979000000000000314e-01 -6.369901147038475756e+03
3.980000000000000204e-01 -6.371916372494822099e+03
3.981000000000000094e-01 -6.373969370222305770e+03
3.981999999999999984e-01 -6.376047359122150738e+03
3.983000000000000429e-01 -6.378136280016540695e+03
3.984000000000000319e-01 -6.380233717819636695e+03
3.985000000000000209e-01 -6.382331903148775382e+03
3.986000000000000099e-01 -6.384428106937996745e+03
3.986999999999999988e-01 -6.386521247001778647e+03
3.988000000000000433e-01 -6.388611141972071891e+03
3.989000000000000323e-01 -6.390698203255204135e+03
3.990000000000000213e-01 -6.392781192537644529e+03
3.991000000000000103e-01 -6.394859142180015624e+03
3.991999999999999993e-01 -6.396942666127570192e+03
3.993000000000000438e-01 -6.399016631208801300e+03
3.994000000000000328e-01 -6.401087131986795612e+03
3.995000000000000218e-01 -6.403158284815197476e+03
3.996000000000000107e-01 -6.405233518979887776e+03
3.996999999999999997e-01 -6.407314683062240874e+03
3.998000000000000442e-01 -6.409398777929628523e+03
3.999000000000000332e-01 -6.411484274996540080e+03
4.000000000000000222e-01 -6.413574061319400244e+03
4.001000000000000112e-01 -6.417430782278151128e+03
4.002000000000000002e-01 -6.422541330608203680e+03
4.003000000000000447e-01 -6.428113507303990446e+03
4.004000000000000337e-01 -6.433991184913814322e+03
4.005000000000000226e-01 -6.440506870956796774e+03
4.006000000000000116e-01 -6.447734674020479360e+03
4.007000000000000006e-01 -6.455698419930694399e+03
4.008000000000000451e-01 -6.464259355775636323e+03
4.009000000000000341e-01 -6.473140527135205957e+03
4.010000000000000231e-01 -6.481549698971785801e+03
4.011000000000000121e-01 -6.488891574554349972e+03
4.012000000000000011e-01 -6.494973816674470072e+03
4.013000000000000456e-01 -6.499871495104286623e+03
4.014000000000000346e-01 -6.503639653244673354e+03
4.015000000000000235e-01 -6.506533005504241373e+03
4.016000000000000125e-01 -6.508859694796494296e+03
4.017000000000000015e-01 -6.510798927825940154e+03
4.018000000000000460e-01 -6.512449020819837642e+03
4.019000000000000350e-01 -6.513894372671177734e+03
4.020000000000000240e-01 -6.515350319375021172e+03
4.021000000000000130e-01 -6.516702751632190484e+03
4.022000000000000020e-01 -6.517923337951796384e+03
4.023000000000000465e-01 -6.519076202181020562e+03
4.024000000000000354e-01 -6.520351268096933381e+03
4.025000000000000244e-01 -6.522883195474715649e+03
4.026000000000000134e-01 -6.526172990069234402e+03
4.027000000000000024e-01 -6.529204579165629184e+03
4.028000000000000469e-01 -6.531542793816930498e+03
4.029000000000000359e-01 -6.533323730968449127e+03
4.030000000000000249e-01 -6.534700523789675572e+03
4.031000000000000139e-01 -6.535770373036855744e+03
4.032000000000000028e-01 -6.536572256723871760e+03
4.032999999999999918e-01 -6.537111342052631699e+03
4.034000000000000363e-01 -6.537393990148899320e+03
4.035000000000000253e-01 -6.537441207785375809e+03
4.036000000000000143e-01 -6.537256591521011615e+03
4.037000000000000033e-01 -6.536821145472122225e+03
4.037999999999999923e-01 -6.536153436892596801e+03
4.039000000000000368e-01 -6.535312270222649204e+03
4.040000000000000258e-01 -6.534320050135408565e+03
4.041000000000000147e-01 -6.533179283592491629e+03
4.042000000000000037e-01 -6.532042704292701274e+03
4.042999999999999927e-01 -6.530960463879721829e+03
4.044000000000000372e-01 -6.529946630760072367e+03
4.045000000000000262e-01 -6.528998225507008101e+03
4.046000000000000152e-01 -6.528287823218670383e+03
4.047000000000000042e-01 -6.527936873920468315e+03
4.047999999999999932e-01 -6.528170134011547816e+03
4.049000000000000377e-01 -6.529115222555102264e+03
4.050000000000000266e-01 -6.530589318205497875e+03
4.051000000000000156e-01 -6.532374730580950200e+03
4.052000000000000046e-01 -6.534320144366222848e+03
4.052999999999999936e-01 -6.536332174588766975e+03
4.054000000000000381e-01 -6.538387496620099228e+03
4.055000000000000271e-01 -6.540467151376933543e+03
4.056000000000000161e-01 -6.542551038727922787e+03
4.057000000000000051e-01 -6.544583866883054725e+03
4.057999999999999940e-01 -6.546587365801388842e+03
4.059000000000000385e-01 -6.548599179951579572e+03
4.060000000000000275e-01 -6.550581805076044475e+03
4.061000000000000165e-01 -6.552545982487040419e+03
4.062000000000000055e-01 -6.554487331970122796e+03
4.062999999999999945e-01 -6.556441931117685272e+03
4.064000000000000390e-01 -6.558481945525827541e+03
4.065000000000000280e-01 -6.560659319206662076e+03
4.066000000000000170e-01 -6.562906394306118273e+03
4.067000000000000060e-01 -6.565174355567802195e+03
4.067999999999999949e-01 -6.567417141239586272e+03
4.069000000000000394e-01 -6.569624658361100956e+03
4.070000000000000284e-01 -6.571796125182921969e+03
4.071000000000000174e-01 -6.573933862578104709e+03
4.072000000000000064e-01 -6.576041947787737627e+03
4.072999999999999954e-01 -6.578124151298723518e+03
4.074000000000000399e-01 -6.580183740739784298e+03
4.075000000000000289e-01 -6.582223868646219671e+03
4.076000000000000179e-01 -6.584247716690370908e+03
4.077000000000000068e-01 -6.586258637459814054e+03
4.077999999999999958e-01 -6.588262052924806085e+03
4.079000000000000403e-01 -6.590260502363499654e+03
4.080000000000000293e-01 -6.592254728258199066e+03
4.081000000000000183e-01 -6.594244481376656040e+03
4.082000000000000073e-01 -6.596228922477203923e+03
4.082999999999999963e-01 -6.598207870347964672e+03
4.084000000000000408e-01 -6.600182693170592756e+03
4.085000000000000298e-01 -6.602162355132481935e+03
4.086000000000000187e-01 -6.604157144044325833e+03
4.087000000000000077e-01 -6.606168236373029686e+03
4.087999999999999967e-01 -6.608190940558995862e+03
4.089000000000000412e-01 -6.610223993333406725e+03
4.090000000000000302e-01 -6.612258504252548846e+03
4.091000000000000192e-01 -6.614296139260750351e+03
4.092000000000000082e-01 -6.616340803167542617e+03
4.092999999999999972e-01 -6.618397810109598140e+03
4.094000000000000417e-01 -6.620464585386464933e+03
4.095000000000000306e-01 -6.622540351636444939e+03
4.096000000000000196e-01 -6.624625781231929977e+03
4.097000000000000086e-01 -6.626707904449467605e+03
4.097999999999999976e-01 -6.628787955979768412e+03
4.099000000000000421e-01 -6.630866761286049950e+03
4.100000000000000311e-01 -6.632942647172677425e+03
4.101000000000000201e-01 -6.635030289748056020e+03
4.102000000000000091e-01 -6.637165778637694530e+03
4.102999999999999980e-01 -6.639350900531440857e+03
4.104000000000000425e-01 -6.641574657534778453e+03
4.105000000000000315e-01 -6.643829053719055992e+03
4.106000000000000205e-01 -6.646101848129257633e+03
4.107000000000000095e-01 -6.648388073926540528e+03
4.107999999999999985e-01 -6.650685637714451332e+03
4.109000000000000430e-01 -6.652992539852536538e+03
4.110000000000000320e-01 -6.655307785238706856e+03
4.111000000000000210e-01 -6.657629977503369446e+03
4.112000000000000099e-01 -6.659957801181672949e+03
4.112999999999999989e-01 -6.662289562552196003e+03
4.114000000000000434e-01 -6.664620855553856018e+03
4.115000000000000324e-01 -6.666952149052698587e+03
4.116000000000000214e-01 -6.669290457948379299e+03
4.117000000000000104e-01 -6.671634640067385590e+03
4.117999999999999994e-01 -6.673985202516598292e+03
4.119000000000000439e-01 -6.676341893546358733e+03
4.120000000000000329e-01 -6.678704000272545272e+03
4.121000000000000218e-01 -6.681070962883351967e+03
4.122000000000000108e-01 -6.683442380926569058e+03
4.122999999999999998e-01 -6.685817766425896480e+03
4.124000000000000443e-01 -6.688188028293902789e+03
4.125000000000000333e-01 -6.690566788262845876e+03
4.126000000000000223e-01 -6.692952336935999483e+03
4.127000000000000113e-01 -6.695336972563342897e+03
4.128000000000000003e-01 -6.697713928951163325e+03
4.129000000000000448e-01 -6.700104265032823605e+03
4.130000000000000338e-01 -6.702499320078144592e+03
4.131000000000000227e-01 -6.704895419465280611e+03
4.132000000000000117e-01 -6.707291973336476985e+03
4.133000000000000007e-01 -6.709689964322486048e+03
4.134000000000000452e-01 -6.712089870057583539e+03
4.135000000000000342e-01 -6.714484593393599425e+03
4.136000000000000232e-01 -6.716886614806463513e+03
4.137000000000000122e-01 -6.719295834430021387e+03
4.138000000000000012e-01 -6.721709308548769513e+03
4.139000000000000457e-01 -6.724126248642937753e+03
4.140000000000000346e-01 -6.726546461948782053e+03
4.141000000000000236e-01 -6.728969818055843461e+03
4.142000000000000126e-01 -6.731396230067050965e+03
4.143000000000000016e-01 -6.733825641159533006e+03
4.144000000000000461e-01 -6.736258023347129892e+03
4.145000000000000351e-01 -6.738693368317612112e+03
4.146000000000000241e-01 -6.741129438231219865e+03
4.147000000000000131e-01 -6.743565809718110359e+03
4.148000000000000020e-01 -6.746009607269959815e+03
4.149000000000000465e-01 -6.748458309906803152e+03
4.150000000000000355e-01 -6.750910417902763584e+03
4.151000000000000245e-01 -6.753365795093061024e+03
4.152000000000000135e-01 -6.755827704134615487e+03
4.153000000000000025e-01 -6.758301150654691810e+03
4.154000000000000470e-01 -6.760787175909830694e+03
4.155000000000000360e-01 -6.763284843042820285e+03
4.156000000000000250e-01 -6.765792804409902601e+03
4.157000000000000139e-01 -6.768310378486444279e+03
4.158000000000000029e-01 -6.770837906865227524e+03
4.159000000000000474e-01 -6.773374468797378540e+03
4.160000000000000364e-01 -6.775915907115591835e+03
4.161000000000000254e-01 -6.778457358069587826e+03
4.162000000000000144e-01 -6.780999503757894672e+03
4.163000000000000034e-01 -6.783547129994590250e+03
4.163999999999999924e-01 -6.786110532777051958e+03
4.165000000000000369e-01 -6.788698729713807552e+03
4.166000000000000258e-01 -6.791313792444888350e+03
4.167000000000000148e-01 -6.793965861127660901e+03
4.168000000000000038e-01 -6.796665234518120997e+03
4.168999999999999928e-01 -6.799415118245930898e+03
4.170000000000000373e-01 -6.802216571039848532e+03
4.171000000000000263e-01 -6.805075650750815839e+03
4.172000000000000153e-01 -6.807998646340375672e+03
4.173000000000000043e-01 -6.810993000032873169e+03
4.173999999999999932e-01 -6.814065855839165124e+03
4.175000000000000377e-01 -6.817231438138916019e+03
4.176000000000000267e-01 -6.820517991602916481e+03
4.177000000000000157e-01 -6.823936172205141702e+03
4.178000000000000047e-01 -6.827484003290512192e+03
4.178999999999999937e-01 -6.831151620289888342e+03
4.180000000000000382e-01 -6.834926092481755404e+03
4.181000000000000272e-01 -6.838806408928563542e+03
4.182000000000000162e-01 -6.842818495938570777e+03
4.183000000000000052e-01 -6.847015560064874080e+03
4.183999999999999941e-01 -6.851424014501480087e+03
4.185000000000000386e-01 -6.856077451441488847e+03
4.186000000000000276e-01 -6.861035217414378167e+03
4.187000000000000166e-01 -6.866211500255140891e+03
4.188000000000000056e-01 -6.871359675973024423e+03
4.188999999999999946e-01 -6.875676611695906104e+03
4.190000000000000391e-01 -6.878616078730326080e+03
4.191000000000000281e-01 -6.880900799509930039e+03
4.192000000000000171e-01 -6.883084135158186655e+03
4.193000000000000060e-01 -6.885175745107630064e+03
4.193999999999999950e-01 -6.887144893747985407e+03
4.195000000000000395e-01 -6.889037879769000028e+03
4.196000000000000285e-01 -6.890934068117675452e+03
4.197000000000000175e-01 -6.892879382417744637e+03
4.198000000000000065e-01 -6.894904877999337259e+03
4.198999999999999955e-01 -6.897028963859451324e+03
4.200000000000000400e-01 -6.899255384284355387e+03
4.201000000000000290e-01 -6.901565107989405988e+03
4.202000000000000179e-01 -6.903924253013789894e+03
4.203000000000000069e-01 -6.906302924229657037e+03
4.203999999999999959e-01 -6.908686179032496511e+03
4.205000000000000404e-01 -6.911060179074336702e+03
4.206000000000000294e-01 -6.913413653813087876e+03
4.207000000000000184e-01 -6.915741467290132277e+03
4.208000000000000074e-01 -6.918045310596702620e+03
4.208999999999999964e-01 -6.920331232014498710e+03
4.210000000000000409e-01 -6.922612226619303328e+03
4.211000000000000298e-01 -6.924884964910504095e+03
4.212000000000000188e-01 -6.927161185428997669e+03
4.213000000000000078e-01 -6.929443454430340353e+03
4.213999999999999968e-01 -6.931730739967016234e+03
4.215000000000000413e-01 -6.934028292158150180e+03
4.216000000000000303e-01 -6.936336960379568154e+03
4.217000000000000193e-01 -6.938655514461459461e+03
4.218000000000000083e-01 -6.940980311176665055e+03
4.218999999999999972e-01 -6.943304572812076003e+03
4.220000000000000417e-01 -6.945624054292324217e+03
4.221000000000000307e-01 -6.947936618024437848e+03
4.222000000000000197e-01 -6.950250298886385281e+03
4.223000000000000087e-01 -6.952684383923171481e+03
4.223999999999999977e-01 -6.955277714865070266e+03
4.225000000000000422e-01 -6.958073374721155233e+03
4.226000000000000312e-01 -6.960862121558710896e+03
4.227000000000000202e-01 -6.963537726326189841e+03
4.228000000000000091e-01 -6.966094179168453593e+03
4.228999999999999981e-01 -6.968562983848336444e+03
4.230000000000000426e-01 -6.970980909071941824e+03
4.231000000000000316e-01 -6.973385401949305560e+03
4.232000000000000206e-01 -6.975772645469750387e+03
4.233000000000000096e-01 -6.978129671408440117e+03
4.233999999999999986e-01 -6.980455575002883052e+03
4.235000000000000431e-01 -6.982756105965635470e+03
4.236000000000000321e-01 -6.985039378684507028e+03
4.237000000000000210e-01 -6.987313725680977768e+03
4.238000000000000100e-01 -6.989587743383364796e+03
4.238999999999999990e-01 -6.991866863742457099e+03
4.240000000000000435e-01 -6.994152352048255125e+03
4.241000000000000325e-01 -6.996443256731388828e+03
4.242000000000000215e-01 -6.998738031665086964e+03
4.243000000000000105e-01 -7.001035491401000399e+03
4.243999999999999995e-01 -7.003334783888944003e+03
4.245000000000000440e-01 -7.005635183470646552e+03
4.246000000000000330e-01 -7.007935448521082435e+03
4.247000000000000219e-01 -7.010234912074267413e+03
4.248000000000000109e-01 -7.012533325295611576e+03
4.248999999999999999e-01 -7.014830489094767472e+03
4.250000000000000444e-01 -7.017126280259854866e+03
4.251000000000000334e-01 -7.019420680533025916e+03
4.252000000000000224e-01 -7.021713766281670360e+03
4.253000000000000114e-01 -7.024005688197619747e+03
4.254000000000000004e-01 -7.026296647537385979e+03
4.255000000000000449e-01 -7.028586871235863327e+03
4.256000000000000338e-01 -7.030876587625035427e+03
4.257000000000000228e-01 -7.033166004794721630e+03
4.258000000000000118e-01 -7.035455293804232497e+03
4.259000000000000008e-01 -7.037744578526252553e+03
4.260000000000000453e-01 -7.040033932874393940e+03
4.261000000000000343e-01 -7.042323384934329624e+03
4.262000000000000233e-01 -7.044612723470690071e+03
4.263000000000000123e-01 -7.046900025114385244e+03
4.264000000000000012e-01 -7.049183308501333158e+03
4.265000000000000457e-01 -7.051462532074613591e+03
4.266000000000000347e-01 -7.053737298658583313e+03
4.267000000000000237e-01 -7.056006954123904507e+03
4.268000000000000127e-01 -7.058272521064489410e+03
4.269000000000000017e-01 -7.060535585940274359e+03
4.270000000000000462e-01 -7.062797089229336962e+03
4.271000000000000352e-01 -7.065057540887642062e+03
4.272000000000000242e-01 -7.067317248746159748e+03
4.273000000000000131e-01 -7.069576426316771176e+03
4.274000000000000021e-01 -7.071835256881004170e+03
4.275000000000000466e-01 -7.074093889870378007e+03
4.276000000000000356e-01 -7.076352436298750035e+03
4.277000000000000246e-01 -7.078610967235083081e+03
4.278000000000000136e-01 -7.080869509692029169e+03
4.279000000000000026e-01 -7.083128064711723709e+03
4.280000000000000471e-01 -7.085386616346509072e+03
4.281000000000000361e-01 -7.087645121562550230e+03
4.282000000000000250e-01 -7.089903521587850264e+03
4.283000000000000140e-01 -7.092161752851960046e+03
4.284000000000000030e-01 -7.094419755176869330e+03
4.285000000000000475e-01 -7.096677477806797469e+03
4.286000000000000365e-01 -7.098934883367041948e+03
4.287000000000000255e-01 -7.101191949759579074e+03
4.288000000000000145e-01 -7.103448669967477144e+03
4.289000000000000035e-01 -7.105704940258438000e+03
4.290000000000000480e-01 -7.107960578641399479e+03
4.291000000000000369e-01 -7.110215643727989118e+03
4.292000000000000259e-01 -7.112470086132011602e+03
4.293000000000000149e-01 -7.114723814770992249e+03
4.294000000000000039e-01 -7.116976991934818216e+03
4.294999999999999929e-01 -7.119229843848100245e+03
4.296000000000000374e-01 -7.121482573635495100e+03
4.297000000000000264e-01 -7.123735294982877349e+03
4.298000000000000154e-01 -7.125988140127495171e+03
4.299000000000000044e-01 -7.128241292259584043e+03
4.299999999999999933e-01 -7.130494877993120099e+03
4.301000000000000378e-01 -7.132736117468425618e+03
4.302000000000000268e-01 -7.134936833610073336e+03
4.303000000000000158e-01 -7.137098291628865809e+03
4.304000000000000048e-01 -7.139228991573721032e+03
4.304999999999999938e-01 -7.141336741321705631e+03
4.306000000000000383e-01 -7.143427507020465782e+03
4.307000000000000273e-01 -7.145505624308245388e+03
4.308000000000000163e-01 -7.147574226713108146e+03
4.309000000000000052e-01 -7.149635505802822081e+03
4.309999999999999942e-01 -7.151691055004150257e+03
4.311000000000000387e-01 -7.153741886557234466e+03
4.312000000000000277e-01 -7.155788851467758832e+03
4.313000000000000167e-01 -7.157832698822764542e+03
4.314000000000000057e-01 -7.159874020060112343e+03
4.314999999999999947e-01 -7.161913978754424534e+03
4.316000000000000392e-01 -7.163954461567704129e+03
4.317000000000000282e-01 -7.165992569112991077e+03
4.318000000000000171e-01 -7.168027661691337926e+03
4.319000000000000061e-01 -7.170061797230002412e+03
4.319999999999999951e-01 -7.172095593257209657e+03
4.321000000000000396e-01 -7.174129214022320411e+03
4.322000000000000286e-01 -7.176163111361295705e+03
4.323000000000000176e-01 -7.178197745208371089e+03
4.324000000000000066e-01 -7.180233413830613244e+03
4.324999999999999956e-01 -7.182270220931977747e+03
4.326000000000000401e-01 -7.184308110434646551e+03
4.327000000000000290e-01 -7.186346899906118779e+03
4.328000000000000180e-01 -7.188386328496190799e+03
4.329000000000000070e-01 -7.190426092703690301e+03
4.329999999999999960e-01 -7.192465862344886773e+03
4.331000000000000405e-01 -7.194505347007371711e+03
4.332000000000000295e-01 -7.196544308558023658e+03
4.333000000000000185e-01 -7.198582557959195583e+03
4.334000000000000075e-01 -7.200619956813516183e+03
4.334999999999999964e-01 -7.202656404568087964e+03
4.336000000000000409e-01 -7.204722831889731424e+03
4.337000000000000299e-01 -7.207198674377446878e+03
4.338000000000000189e-01 -7.209828880482677960e+03
4.339000000000000079e-01 -7.212384586996602593e+03
4.339999999999999969e-01 -7.214803030733502055e+03
4.341000000000000414e-01 -7.217198014832926674e+03
4.342000000000000304e-01 -7.220214686196565708e+03
4.343000000000000194e-01 -7.223288729830454031e+03
4.344000000000000083e-01 -7.226053880079589362e+03
4.344999999999999973e-01 -7.228569218018046740e+03
4.346000000000000418e-01 -7.230939781845159814e+03
4.347000000000000308e-01 -7.233221921374210069e+03
4.348000000000000198e-01 -7.235441287262946389e+03
4.349000000000000088e-01 -7.237614305996462463e+03
4.349999999999999978e-01 -7.239785921470176618e+03
4.351000000000000423e-01 -7.242151147482894885e+03
4.352000000000000313e-01 -7.244554711440803658e+03
4.353000000000000203e-01 -7.246928105923935618e+03
4.354000000000000092e-01 -7.249613091765213539e+03
4.354999999999999982e-01 -7.252438280978426519e+03
4.356000000000000427e-01 -7.255150987049240030e+03
4.357000000000000317e-01 -7.257712962418779171e+03
4.358000000000000207e-01 -7.260142744261152075e+03
4.359000000000000097e-01 -7.262468004312161611e+03
4.359999999999999987e-01 -7.264714793014443785e+03
4.361000000000000432e-01 -7.266902864605300238e+03
4.362000000000000322e-01 -7.269046513450925886e+03
4.363000000000000211e-01 -7.271156216457043229e+03
4.364000000000000101e-01 -7.273239411063363150e+03
4.364999999999999991e-01 -7.275299350918501659e+03
4.366000000000000436e-01 -7.277339743818819443e+03
4.367000000000000326e-01 -7.279364323118559696e+03
4.368000000000000216e-01 -7.281376973161956812e+03
4.369000000000000106e-01 -7.283378077219849729e+03
4.369999999999999996e-01 -7.285367534493384483e+03
4.371000000000000441e-01 -7.287346601147367437e+03
4.372000000000000330e-01 -7.289316543843525324e+03
4.373000000000000220e-01 -7.291279367019651545e+03
4.374000000000000110e-01 -7.293236326021725290e+03
4.375000000000000000e-01 -7.295188181193583659e+03
4.376000000000000445e-01 -7.297135206340941295e+03
4.377000000000000335e-01 -7.299076620343672403e+03
4.378000000000000225e-01 -7.301012225542071064e+03
4.379000000000000115e-01 -7.302942386824809546e+03
4.380000000000000004e-01 -7.304867538937849531e+03
4.381000000000000449e-01 -7.306787949411991576e+03
4.382000000000000339e-01 -7.308703776208038107e+03
4.383000000000000229e-01 -7.310614917256608351e+03
4.384000000000000119e-01 -7.312520535797953016e+03
4.385000000000000009e-01 -7.314415792857636006e+03
4.386000000000000454e-01 -7.316298141105859941e+03
4.387000000000000344e-01 -7.318168669237318682e+03
4.388000000000000234e-01 -7.320028891267919789e+03
4.389000000000000123e-01 -7.321879991439410333e+03
4.390000000000000013e-01 -7.323723525068988238e+03
4.391000000000000458e-01 -7.325559908549177635e+03
4.392000000000000348e-01 -7.327389017058068021e+03
4.393000000000000238e-01 -7.329215525067879753e+03
4.394000000000000128e-01 -7.331032265185307551e+03
4.395000000000000018e-01 -7.332844213648722871e+03
4.396000000000000463e-01 -7.334653654076488237e+03
4.397000000000000353e-01 -7.336468744626511580e+03
4.398000000000000242e-01 -7.338287776256249344e+03
4.399000000000000132e-01 -7.340115773154875569e+03
4.400000000000000022e-01 -7.341941993251492931e+03
4.401000000000000467e-01 -7.343741810596180585e+03
4.402000000000000357e-01 -7.345537575921224743e+03
4.403000000000000247e-01 -7.347371137250027459e+03
4.404000000000000137e-01 -7.349190464022463857e+03
4.405000000000000027e-01 -7.350968633007527387e+03
4.406000000000000472e-01 -7.352740837338245001e+03
4.407000000000000361e-01 -7.354521542508772654e+03
4.408000000000000251e-01 -7.356416908093502570e+03
4.409000000000000141e-01 -7.358428984725159353e+03
4.410000000000000031e-01 -7.360455716887907329e+03
4.411000000000000476e-01 -7.362429981592255899e+03
4.412000000000000366e-01 -7.364336993310047546e+03
4.413000000000000256e-01 -7.366216838668056880e+03
4.414000000000000146e-01 -7.368121334046029006e+03
4.415000000000000036e-01 -7.370057075884040387e+03
4.416000000000000481e-01 -7.372006397825416570e+03
4.417000000000000370e-01 -7.373955875710472355e+03
4.418000000000000260e-01 -7.375923214246724456e+03
4.419000000000000150e-01 -7.377914953262760719e+03
4.420000000000000040e-01 -7.379910308436216837e+03
4.421000000000000485e-01 -7.381884787921931093e+03
4.422000000000000375e-01 -7.383829110538030363e+03
4.423000000000000265e-01 -7.385748514251996312e+03
4.424000000000000155e-01 -7.387648719586310108e+03
4.425000000000000044e-01 -7.389516942976640166e+03
4.426000000000000489e-01 -7.391332741877461558e+03
4.427000000000000379e-01 -7.393077986515186240e+03
4.428000000000000269e-01 -7.394735661197933950e+03
4.429000000000000159e-01 -7.396285306417926222e+03
4.430000000000000049e-01 -7.397701753212301810e+03
4.430999999999999939e-01 -7.398957789569302804e+03
4.432000000000000384e-01 -7.400027506042415553e+03
4.433000000000000274e-01 -7.400887529826291939e+03
4.434000000000000163e-01 -7.401517519480402370e+03
4.435000000000000053e-01 -7.401898820633695323e+03
4.435999999999999943e-01 -7.402026212336420940e+03
4.437000000000000388e-01 -7.401879898218507151e+03
4.438000000000000278e-01 -7.401456645234229654e+03
4.439000000000000168e-01 -7.400761323494229146e+03
4.440000000000000058e-01 -7.399784711266958766e+03
4.440999999999999948e-01 -7.398529859258513170e+03
4.442000000000000393e-01 -7.397000329942464305e+03
4.443000000000000282e-01 -7.395284962197420100e+03
4.444000000000000172e-01 -7.393599508013702689e+03
4.445000000000000062e-01 -7.391997443029623355e+03
4.445999999999999952e-01 -7.390597025696974015e+03
4.447000000000000397e-01 -7.389563675851494736e+03
4.448000000000000287e-01 -7.388905131481796161e+03
4.449000000000000177e-01 -7.388798313268288439e+03
4.450000000000000067e-01 -7.389599261787026080e+03
4.450999999999999956e-01 -7.391130580429075962e+03
4.452000000000000401e-01 -7.393030958243279201e+03
4.453000000000000291e-01 -7.395057075023243669e+03
4.454000000000000181e-01 -7.397128236953361920e+03
4.455000000000000071e-01 -7.399205459280653486e+03
4.455999999999999961e-01 -7.401287021741386525e+03
4.457000000000000406e-01 -7.403278235146726729e+03
4.458000000000000296e-01 -7.405269626112018159e+03
4.459000000000000186e-01 -7.407263290390835209e+03
4.460000000000000075e-01 -7.409299736769384253e+03
4.460999999999999965e-01 -7.411441432920091756e+03
4.462000000000000410e-01 -7.413703462995801601e+03
4.463000000000000300e-01 -7.415964303267770447e+03
4.464000000000000190e-01 -7.418152374076051274e+03
4.465000000000000080e-01 -7.420258845660602674e+03
4.465999999999999970e-01 -7.422301406308783044e+03
4.467000000000000415e-01 -7.424332432945859182e+03
4.468000000000000305e-01 -7.426352889130894255e+03
4.469000000000000195e-01 -7.428398629301066649e+03
4.470000000000000084e-01 -7.430492519482982061e+03
4.470999999999999974e-01 -7.432618158433941971e+03
4.472000000000000419e-01 -7.434750913851274163e+03
4.473000000000000309e-01 -7.436878810252017502e+03
4.474000000000000199e-01 -7.438995074170449698e+03
4.475000000000000089e-01 -7.441096247989788935e+03
4.475999999999999979e-01 -7.443180606248399272e+03
4.477000000000000424e-01 -7.445247124537604577e+03
4.478000000000000314e-01 -7.447296150324494192e+03
4.479000000000000203e-01 -7.449338772906500708e+03
4.480000000000000093e-01 -7.451353447655715172e+03
4.480999999999999983e-01 -7.453351284086646046e+03
4.482000000000000428e-01 -7.455359993492903413e+03
4.483000000000000318e-01 -7.457336024035995251e+03
4.484000000000000208e-01 -7.459301562017672950e+03
4.485000000000000098e-01 -7.461264796438007579e+03
4.485999999999999988e-01 -7.463228779654418759e+03
4.487000000000000433e-01 -7.465198315603719493e+03
4.488000000000000322e-01 -7.467178138069702072e+03
4.489000000000000212e-01 -7.469173047523746391e+03
4.490000000000000102e-01 -7.471173549631746027e+03
4.490999999999999992e-01 -7.473184391673185928e+03
4.492000000000000437e-01 -7.475203627663695443e+03
4.493000000000000327e-01 -7.477225808414484163e+03
4.494000000000000217e-01 -7.479253854570286421e+03
4.495000000000000107e-01 -7.481287981576095262e+03
4.495999999999999996e-01 -7.483328848945467143e+03
4.497000000000000441e-01 -7.485375776964429861e+03
4.498000000000000331e-01 -7.487421966229522695e+03
4.499000000000000221e-01 -7.489472612392512929e+03
4.500000000000000111e-01 -7.491524766825889856e+03
4.501000000000000001e-01 -7.495290710457861678e+03
4.502000000000000446e-01 -7.499994098102793032e+03
4.503000000000000336e-01 -7.504938384817870428e+03
4.504000000000000226e-01 -7.510241414612102744e+03
4.505000000000000115e-01 -7.516326317337365253e+03
4.506000000000000005e-01 -7.523244024042840465e+03
4.507000000000000450e-01 -7.530872483397491123e+03
4.508000000000000340e-01 -7.538950602177068504e+03
4.509000000000000230e-01 -7.547581309230036823e+03
4.510000000000000120e-01 -7.556771092341989970e+03
4.511000000000000010e-01 -7.566288596145202064e+03
4.512000000000000455e-01 -7.575711888878186983e+03
4.513000000000000345e-01 -7.582637974850909814e+03
4.514000000000000234e-01 -7.586166180267103300e+03
4.515000000000000124e-01 -7.588213552829460241e+03
4.516000000000000014e-01 -7.589589206113269029e+03
4.517000000000000459e-01 -7.590638767925509455e+03
4.518000000000000349e-01 -7.591634640768674217e+03
4.519000000000000239e-01 -7.592523000967112239e+03
4.520000000000000129e-01 -7.593307164937714333e+03
4.521000000000000019e-01 -7.593940330849675775e+03
4.522000000000000464e-01 -7.595598482689035336e+03
4.523000000000000353e-01 -7.598802040326616407e+03
4.524000000000000243e-01 -7.601851208283695996e+03
4.525000000000000133e-01 -7.604154961312447085e+03
4.526000000000000023e-01 -7.605906127334857956e+03
4.527000000000000468e-01 -7.607326083929539891e+03
4.528000000000000358e-01 -7.608542821267940781e+03
4.529000000000000248e-01 -7.609612315792471236e+03
4.530000000000000138e-01 -7.610563140478717287e+03
4.531000000000000028e-01 -7.611413333614616931e+03
4.532000000000000473e-01 -7.612165646829927937e+03
4.533000000000000362e-01 -7.612820165229608392e+03
4.534000000000000252e-01 -7.613366860505378099e+03
4.535000000000000142e-01 -7.613781627154877242e+03
4.536000000000000032e-01 -7.614035008188751817e+03
4.537000000000000477e-01 -7.614114815189913315e+03
4.538000000000000367e-01 -7.614010420501248518e+03
4.539000000000000257e-01 -7.613703156638296605e+03
4.540000000000000147e-01 -7.613188985140150180e+03
4.541000000000000036e-01 -7.612476989859000241e+03
4.542000000000000481e-01 -7.611622854207177625e+03
4.543000000000000371e-01 -7.610639142735010864e+03
4.544000000000000261e-01 -7.609696544772193192e+03
4.545000000000000151e-01 -7.608893072449950523e+03
4.546000000000000041e-01 -7.608205231976204232e+03
4.547000000000000486e-01 -7.607762309067334172e+03
4.548000000000000376e-01 -7.607568620401690168e+03
4.549000000000000266e-01 -7.607585060929138308e+03
4.550000000000000155e-01 -7.607814033636845124e+03
4.551000000000000045e-01 -7.608508148682863975e+03
4.552000000000000490e-01 -7.609760929661757473e+03
4.553000000000000380e-01 -7.611367733276090803e+03
4.554000000000000270e-01 -7.613159100030993613e+03
4.555000000000000160e-01 -7.615047346242901767e+03
4.556000000000000050e-01 -7.616986443505647003e+03
4.557000000000000495e-01 -7.618957894939350808e+03
4.558000000000000385e-01 -7.620971069860618627e+03
4.559000000000000274e-01 -7.623008561106691559e+03
4.560000000000000164e-01 -7.625142140432067208e+03
4.561000000000000054e-01 -7.627349969975975910e+03
4.561999999999999944e-01 -7.629548603283283228e+03
4.563000000000000389e-01 -7.631709310450652083e+03
4.564000000000000279e-01 -7.633828276280497448e+03
4.565000000000000169e-01 -7.635910922073381698e+03
4.566000000000000059e-01 -7.637982828533200518e+03
4.566999999999999948e-01 -7.640065962176919129e+03
4.568000000000000393e-01 -7.642164103399937630e+03
4.569000000000000283e-01 -7.644275194933557032e+03
4.570000000000000173e-01 -7.646395238564440660e+03
4.571000000000000063e-01 -7.648521253416808577e+03
4.571999999999999953e-01 -7.650648452425933101e+03
4.573000000000000398e-01 -7.652761040177466384e+03
4.574000000000000288e-01 -7.654859872379528497e+03
4.575000000000000178e-01 -7.656945667132619747e+03
4.576000000000000068e-01 -7.659017081246827729e+03
4.576999999999999957e-01 -7.661069633651424738e+03
4.578000000000000402e-01 -7.663114407952969486e+03
4.579000000000000292e-01 -7.665139163003928843e+03
4.580000000000000182e-01 -7.667148678470043706e+03
4.581000000000000072e-01 -7.669146724308379817e+03
4.581999999999999962e-01 -7.671135956207977870e+03
4.583000000000000407e-01 -7.673119086854259876e+03
4.584000000000000297e-01 -7.675120709669477037e+03
4.585000000000000187e-01 -7.677100059996508207e+03
4.586000000000000076e-01 -7.679073200710555284e+03
4.586999999999999966e-01 -7.681053014189283203e+03
4.588000000000000411e-01 -7.683042642424628866e+03
4.589000000000000301e-01 -7.685042531689113275e+03
4.590000000000000191e-01 -7.687045880614139605e+03
4.591000000000000081e-01 -7.689051872473143703e+03
4.591999999999999971e-01 -7.691061057053603690e+03
4.593000000000000416e-01 -7.693073726455403630e+03
4.594000000000000306e-01 -7.695091038852263409e+03
4.595000000000000195e-01 -7.697113697424544625e+03
4.596000000000000085e-01 -7.699141490868869369e+03
4.596999999999999975e-01 -7.701176413513458101e+03
4.598000000000000420e-01 -7.703212109508547655e+03
4.599000000000000310e-01 -7.705249368379920270e+03
4.600000000000000200e-01 -7.707288320881913023e+03
4.601000000000000090e-01 -7.709341778778619300e+03
4.601999999999999980e-01 -7.711440526359208889e+03
4.603000000000000425e-01 -7.713583255210356583e+03
4.604000000000000314e-01 -7.715760489304010662e+03
4.605000000000000204e-01 -7.717963869372594672e+03
4.606000000000000094e-01 -7.720187109241247526e+03
4.606999999999999984e-01 -7.722425557127548018e+03
4.608000000000000429e-01 -7.724675729025453620e+03
4.609000000000000319e-01 -7.726935040874762308e+03
4.610000000000000209e-01 -7.729201406726422647e+03
4.611000000000000099e-01 -7.731473435425919888e+03
4.611999999999999988e-01 -7.733749977350875270e+03
4.613000000000000433e-01 -7.736028545300237965e+03
4.614000000000000323e-01 -7.738309023925903603e+03
4.615000000000000213e-01 -7.740591264848049832e+03
4.616000000000000103e-01 -7.742876117076224546e+03
4.616999999999999993e-01 -7.745160542669140341e+03
4.618000000000000438e-01 -7.747447042772259920e+03
4.619000000000000328e-01 -7.749732878029680251e+03
4.620000000000000218e-01 -7.752017605439959880e+03
4.621000000000000107e-01 -7.754302547250272255e+03
4.621999999999999997e-01 -7.756588134771607656e+03
4.623000000000000442e-01 -7.758874416401490635e+03
4.624000000000000332e-01 -7.761161396713184331e+03
4.625000000000000222e-01 -7.763446773296288484e+03
4.626000000000000112e-01 -7.765732295008922847e+03
4.627000000000000002e-01 -7.768020199289939228e+03
4.628000000000000447e-01 -7.770311331531390351e+03
4.629000000000000337e-01 -7.772606056048179198e+03
4.630000000000000226e-01 -7.774904853908294172e+03
4.631000000000000116e-01 -7.777210116101841777e+03
4.632000000000000006e-01 -7.779525093016423853e+03
4.633000000000000451e-01 -7.781850515438391994e+03
4.634000000000000341e-01 -7.784185836534743430e+03
4.635000000000000231e-01 -7.786530354727773556e+03
4.636000000000000121e-01 -7.788886942725517656e+03
4.637000000000000011e-01 -7.791251605880393981e+03
4.638000000000000456e-01 -7.793623347065061353e+03
4.639000000000000346e-01 -7.796002244509980301e+03
4.640000000000000235e-01 -7.798387443789474673e+03
4.641000000000000125e-01 -7.800777904835703339e+03
4.642000000000000015e-01 -7.803172683215571851e+03
4.643000000000000460e-01 -7.805571018949978679e+03
4.644000000000000350e-01 -7.807972338840828343e+03
4.645000000000000240e-01 -7.810376271930046642e+03
4.646000000000000130e-01 -7.812782670145123120e+03
4.647000000000000020e-01 -7.815191166279307254e+03
4.648000000000000465e-01 -7.817599517637882855e+03
4.649000000000000354e-01 -7.820008536053540411e+03
4.650000000000000244e-01 -7.822419153355041999e+03
4.651000000000000134e-01 -7.824831607665386400e+03
4.652000000000000024e-01 -7.827245288065538261e+03
4.653000000000000469e-01 -7.829667297901229176e+03
4.654000000000000359e-01 -7.832103232935107371e+03
4.655000000000000249e-01 -7.834555398750653694e+03
4.656000000000000139e-01 -7.837024432176118353e+03
4.657000000000000028e-01 -7.839510808189668751e+03
4.658000000000000473e-01 -7.842015606769446094e+03
4.659000000000000363e-01 -7.844543856993176632e+03
4.660000000000000253e-01 -7.847102221706063574e+03
4.661000000000000143e-01 -7.849696532721197400e+03
4.662000000000000033e-01 -7.852335089047609472e+03
4.663000000000000478e-01 -7.855024360603927562e+03
4.664000000000000368e-01 -7.857768842009175387e+03
4.665000000000000258e-01 -7.860572282135847672e+03
4.666000000000000147e-01 -7.863436569290943225e+03
4.667000000000000037e-01 -7.866361237011142293e+03
4.668000000000000482e-01 -7.869346177647311379e+03
4.669000000000000372e-01 -7.872395092287423722e+03
4.670000000000000262e-01 -7.875510727687353210e+03
4.671000000000000152e-01 -7.878680507773950922e+03
4.672000000000000042e-01 -7.881939065391547956e+03
4.673000000000000487e-01 -7.885293470886440446e+03
4.674000000000000377e-01 -7.888755383210727814e+03
4.675000000000000266e-01 -7.892332621940972786e+03
4.676000000000000156e-01 -7.896003956296450269e+03
4.677000000000000046e-01 -7.899808027720687278e+03
4.678000000000000491e-01 -7.903758590806569373e+03
4.679000000000000381e-01 -7.907831128946078934e+03
4.680000000000000271e-01 -7.912130126075514454e+03
4.681000000000000161e-01 -7.916762568497380016e+03
4.682000000000000051e-01 -7.921702282093959184e+03
4.683000000000000496e-01 -7.926960819832956986e+03
4.684000000000000385e-01 -7.932439119506867428e+03
4.685000000000000275e-01 -7.938158490229047857e+03
4.686000000000000165e-01 -7.944098736543569430e+03
4.687000000000000055e-01 -7.949023790783720870e+03
4.688000000000000500e-01 -7.951929064296525212e+03
4.689000000000000390e-01 -7.954040039714108389e+03
4.690000000000000280e-01 -7.956024348522409127e+03
4.691000000000000170e-01 -7.957894344751302924e+03
4.692000000000000060e-01 -7.959680351484054881e+03
4.692999999999999949e-01 -7.961468486547183602e+03
4.694000000000000394e-01 -7.963326242478196946e+03
4.695000000000000284e-01 -7.965289640492462240e+03
4.696000000000000174e-01 -7.967357223538650032e+03
4.697000000000000064e-01 -7.969510687713375773e+03
4.697999999999999954e-01 -7.971731036949898225e+03
4.699000000000000399e-01 -7.974000962206780969e+03
4.700000000000000289e-01 -7.976300353072340840e+03
4.701000000000000179e-01 -7.978607423008274054e+03
4.702000000000000068e-01 -7.980907035015476140e+03
4.702999999999999958e-01 -7.983192866941730244e+03
4.704000000000000403e-01 -7.985460731691830915e+03
4.705000000000000293e-01 -7.987709059803501987e+03
4.706000000000000183e-01 -7.989940946988586802e+03
4.707000000000000073e-01 -7.992163909504438379e+03
4.707999999999999963e-01 -7.994383808098221380e+03
4.709000000000000408e-01 -7.996603980436232632e+03
4.710000000000000298e-01 -7.998826256241021838e+03
4.711000000000000187e-01 -8.001053631083712389e+03
4.712000000000000077e-01 -8.003289275909432035e+03
4.712999999999999967e-01 -8.005533432124149840e+03
4.714000000000000412e-01 -8.007785089301564767e+03
4.715000000000000302e-01 -8.010042843135234762e+03
4.716000000000000192e-01 -8.012305124783510109e+03
4.717000000000000082e-01 -8.014570823106908392e+03
4.717999999999999972e-01 -8.016838942741837855e+03
4.719000000000000417e-01 -8.019108535368090088e+03
4.720000000000000306e-01 -8.021379140747759266e+03
4.721000000000000196e-01 -8.023651133844217838e+03
4.722000000000000086e-01 -8.025924735169584892e+03
4.722999999999999976e-01 -8.028199622721053856e+03
4.724000000000000421e-01 -8.030473524467915013e+03
4.725000000000000311e-01 -8.032741323353892767e+03
4.726000000000000201e-01 -8.035001398753672220e+03
4.727000000000000091e-01 -8.037254212504313728e+03
4.727999999999999980e-01 -8.039500393360299313e+03
4.729000000000000425e-01 -8.041741017554757491e+03
4.730000000000000315e-01 -8.043977558110152131e+03
4.731000000000000205e-01 -8.046211054633345157e+03
4.732000000000000095e-01 -8.048442117621335456e+03
4.732999999999999985e-01 -8.050671128609377774e+03
4.734000000000000430e-01 -8.052898375309651783e+03
4.735000000000000320e-01 -8.055124126925431483e+03
4.736000000000000210e-01 -8.057348666133395454e+03
4.737000000000000099e-01 -8.059572293977305890e+03
4.737999999999999989e-01 -8.061795320004131099e+03
4.739000000000000434e-01 -8.064018046121133011e+03
4.740000000000000324e-01 -8.066240770565186722e+03
4.741000000000000214e-01 -8.068463829914621783e+03
4.742000000000000104e-01 -8.070687429724136564e+03
4.742999999999999994e-01 -8.072911672313222880e+03
4.744000000000000439e-01 -8.075136611228233050e+03
4.745000000000000329e-01 -8.077362276405945522e+03
4.746000000000000218e-01 -8.079588884359461190e+03
4.747000000000000108e-01 -8.081816780686409402e+03
4.747999999999999998e-01 -8.084045771145760227e+03
4.749000000000000443e-01 -8.086275466535904343e+03
4.750000000000000333e-01 -8.088505512079300388e+03
4.751000000000000223e-01 -8.090735641544523787e+03
4.752000000000000113e-01 -8.092965674799312183e+03
4.753000000000000003e-01 -8.095195498917244549e+03
4.754000000000000448e-01 -8.097425047402395649e+03
4.755000000000000338e-01 -8.099654282616469573e+03
4.756000000000000227e-01 -8.101883182899420717e+03
4.757000000000000117e-01 -8.104111734417937441e+03
4.758000000000000007e-01 -8.106339927065301708e+03
4.759000000000000452e-01 -8.108567753397247543e+03
4.760000000000000342e-01 -8.110795209474795229e+03
4.761000000000000232e-01 -8.113022296546932012e+03
4.762000000000000122e-01 -8.115249022703068476e+03
4.763000000000000012e-01 -8.117475403909454144e+03
4.764000000000000457e-01 -8.119701464149433377e+03
4.765000000000000346e-01 -8.121927234673645216e+03
4.766000000000000236e-01 -8.124152580183776081e+03
4.767000000000000126e-01 -8.126375628194843557e+03
4.768000000000000016e-01 -8.128594294235969755e+03
4.769000000000000461e-01 -8.130808949943853804e+03
4.770000000000000351e-01 -8.133020676635615018e+03
4.771000000000000241e-01 -8.135230467266078449e+03
4.772000000000000131e-01 -8.137439184688657406e+03
4.773000000000000020e-01 -8.139647523825163262e+03
4.774000000000000465e-01 -8.141855866833634536e+03
4.775000000000000355e-01 -8.144064430651278599e+03
4.776000000000000245e-01 -8.146273341048447946e+03
4.777000000000000135e-01 -8.148482659135500398e+03
4.778000000000000025e-01 -8.150692393071064544e+03
4.779000000000000470e-01 -8.152902506139431352e+03
4.780000000000000360e-01 -8.155112925370053745e+03
4.781000000000000250e-01 -8.157323551985583435e+03
4.782000000000000139e-01 -8.159534273392907380e+03
4.783000000000000029e-01 -8.161744977819230371e+03
4.784000000000000474e-01 -8.163955580397300764e+03
4.785000000000000364e-01 -8.166165998084923558e+03
4.786000000000000254e-01 -8.168376160741628155e+03
4.787000000000000144e-01 -8.170586024999081019e+03
4.788000000000000034e-01 -8.172795574086418128e+03
4.789000000000000479e-01 -8.175004813410101633e+03
4.790000000000000369e-01 -8.177213582416246936e+03
4.791000000000000258e-01 -8.179421359490258510e+03
4.792000000000000148e-01 -8.181628066510022109e+03
4.793000000000000038e-01 -8.183833192714203506e+03
4.794000000000000483e-01 -8.186036729153108354e+03
4.795000000000000373e-01 -8.188238998914771400e+03
4.796000000000000263e-01 -8.190440324354963195e+03
4.797000000000000153e-01 -8.192640950545675878e+03
4.798000000000000043e-01 -8.194841049012098665e+03
4.799000000000000488e-01 -8.197040736192482655e+03
4.800000000000000377e-01 -8.199240090128565498e+03
4.801000000000000267e-01 -8.201426299780279805e+03
4.802000000000000157e-01 -8.203571374413679223e+03
4.803000000000000047e-01 -8.205677550901789800e+03
4.804000000000000492e-01 -8.207754109344867175e+03
4.805000000000000382e-01 -8.209809084985123263e+03
4.806000000000000272e-01 -8.211848405055790863e+03
4.807000000000000162e-01 -8.213876286253031139e+03
4.808000000000000052e-01 -8.215895697860130895e+03
4.809000000000000496e-01 -8.217908686778500851e+03
4.810000000000000386e-01 -8.219916382883538972e+03
4.811000000000000276e-01 -8.221918143571576366e+03
4.812000000000000166e-01 -8.223914738956895235e+03
4.813000000000000056e-01 -8.225906635147537600e+03
4.814000000000000501e-01 -8.227895608716256902e+03
4.815000000000000391e-01 -8.229882593342626933e+03
4.816000000000000281e-01 -8.231868922129368002e+03
4.817000000000000171e-01 -8.233854403823139364e+03
4.818000000000000060e-01 -8.235839077160211673e+03
4.819000000000000505e-01 -8.237822875167872553e+03
4.820000000000000395e-01 -8.239805828619102613e+03
4.821000000000000285e-01 -8.241788024732406484e+03
4.822000000000000175e-01 -8.243769590481908381e+03
4.823000000000000065e-01 -8.245750660031098960e+03
4.823999999999999955e-01 -8.247731336253105837e+03
4.825000000000000400e-01 -8.249711724063725342e+03
4.826000000000000290e-01 -8.251691909242881593e+03
4.827000000000000179e-01 -8.253671945967969805e+03
4.828000000000000069e-01 -8.255651859607562074e+03
4.828999999999999959e-01 -8.257631654039065324e+03
4.830000000000000404e-01 -8.259611319771127455e+03
4.831000000000000294e-01 -8.261590841044673653e+03
4.832000000000000184e-01 -8.263571657176684312e+03
4.833000000000000074e-01 -8.265552097189249253e+03
4.833999999999999964e-01 -8.267531226387853167e+03
4.835000000000000409e-01 -8.269510970465402352e+03
4.836000000000000298e-01 -8.271491984101186972e+03
4.837000000000000188e-01 -8.273473635429028946e+03
4.838000000000000078e-01 -8.275455188789277599e+03
4.838999999999999968e-01 -8.277436294702141822e+03
4.840000000000000413e-01 -8.279416930125991712e+03
4.841000000000000303e-01 -8.281397205657312952e+03
4.842000000000000193e-01 -8.283377153945642931e+03
4.843000000000000083e-01 -8.285356646767695565e+03
4.843999999999999972e-01 -8.287335421558813323e+03
4.845000000000000417e-01 -8.289313224813646229e+03
4.846000000000000307e-01 -8.291289925998111357e+03
4.847000000000000197e-01 -8.293265513723432377e+03
4.848000000000000087e-01 -8.295240069914441847e+03
4.848999999999999977e-01 -8.297213734865135848e+03
4.850000000000000422e-01 -8.299186674762697294e+03
4.851000000000000312e-01 -8.301159178563262685e+03
4.852000000000000202e-01 -8.303131173711155498e+03
4.853000000000000091e-01 -8.305102447977325937e+03
4.853999999999999981e-01 -8.307073024995233936e+03
4.855000000000000426e-01 -8.309043200333639106e+03
4.856000000000000316e-01 -8.311013779494807750e+03
4.857000000000000206e-01 -8.312984786847911892e+03
4.858000000000000096e-01 -8.314955811925650778e+03
4.858999999999999986e-01 -8.316926508940679923e+03
4.860000000000000431e-01 -8.318896549852839598e+03
4.861000000000000321e-01 -8.320865624105186726e+03
4.862000000000000210e-01 -8.322833492016254240e+03
4.863000000000000100e-01 -8.324799957140385231e+03
4.863999999999999990e-01 -8.326764703135761010e+03
4.865000000000000435e-01 -8.328727427515317686e+03
4.866000000000000325e-01 -8.330686409150481268e+03
4.867000000000000215e-01 -8.332637591349046488e+03
4.868000000000000105e-01 -8.334579106603980108e+03
4.868999999999999995e-01 -8.336511122522135338e+03
4.870000000000000440e-01 -8.338434657117046299e+03
4.871000000000000330e-01 -8.340350809369563649e+03
4.872000000000000219e-01 -8.342260614210998028e+03
4.873000000000000109e-01 -8.344165060288118184e+03
4.873999999999999999e-01 -8.346065111056890601e+03
4.875000000000000444e-01 -8.347961728546270024e+03
4.876000000000000334e-01 -8.349855831202059562e+03
4.877000000000000224e-01 -8.351748438853688640e+03
4.878000000000000114e-01 -8.353640163023712375e+03
4.879000000000000004e-01 -8.355533592394780499e+03
4.880000000000000449e-01 -8.357430684464312435e+03
4.881000000000000338e-01 -8.359331855694450496e+03
4.882000000000000228e-01 -8.361238913465242149e+03
4.883000000000000118e-01 -8.363153091329502786e+03
4.884000000000000008e-01 -8.365075252398823068e+03
4.885000000000000453e-01 -8.367005415581714260e+03
4.886000000000000343e-01 -8.368943822617426122e+03
4.887000000000000233e-01 -8.370888563638814958e+03
4.888000000000000123e-01 -8.372845627213413536e+03
4.889000000000000012e-01 -8.374815936320033870e+03
4.890000000000000457e-01 -8.376797970243522286e+03
4.891000000000000347e-01 -8.378790510240285585e+03
4.892000000000000237e-01 -8.380792303344442189e+03
4.893000000000000127e-01 -8.382798905606772678e+03
4.894000000000000017e-01 -8.384805339551750876e+03
4.895000000000000462e-01 -8.386807998216565466e+03
4.896000000000000352e-01 -8.388805117401245298e+03
4.897000000000000242e-01 -8.390796387081360081e+03
4.898000000000000131e-01 -8.392782543642106248e+03
4.899000000000000021e-01 -8.394767473582525781e+03
4.900000000000000466e-01 -8.396752908017479058e+03
4.901000000000000356e-01 -8.398736716701449041e+03
4.902000000000000246e-01 -8.400717927435698584e+03
4.903000000000000136e-01 -8.402697365000711216e+03
4.904000000000000026e-01 -8.404676146502675692e+03
4.905000000000000471e-01 -8.406654732191218500e+03
4.906000000000000361e-01 -8.408633646001608213e+03
4.907000000000000250e-01 -8.410612504758217256e+03
4.908000000000000140e-01 -8.412575118782340724e+03
4.909000000000000030e-01 -8.414509959454309865e+03
4.910000000000000475e-01 -8.416456806675625558e+03
4.911000000000000365e-01 -8.418426595650160380e+03
4.912000000000000255e-01 -8.420427343055820529e+03
4.913000000000000145e-01 -8.422458393016777336e+03
4.914000000000000035e-01 -8.424497661346660607e+03
4.915000000000000480e-01 -8.426529099168006724e+03
4.916000000000000369e-01 -8.428541953697371355e+03
4.917000000000000259e-01 -8.430530138418407660e+03
4.918000000000000149e-01 -8.432489586883311858e+03
4.919000000000000039e-01 -8.434422356314786157e+03
4.920000000000000484e-01 -8.436326132681653689e+03
4.921000000000000374e-01 -8.438197008368964816e+03
4.922000000000000264e-01 -8.440029659726958926e+03
4.923000000000000154e-01 -8.441818433066682701e+03
4.924000000000000044e-01 -8.443564348694779255e+03
4.925000000000000488e-01 -8.445272051580601328e+03
4.926000000000000378e-01 -8.446948521105592590e+03
4.927000000000000268e-01 -8.448599449194700355e+03
4.928000000000000158e-01 -8.450223072742855948e+03
4.929000000000000048e-01 -8.451799791196108345e+03
4.930000000000000493e-01 -8.453309611849814246e+03
4.931000000000000383e-01 -8.454738489059520361e+03
4.932000000000000273e-01 -8.456074879110936308e+03
4.933000000000000163e-01 -8.457307837159300107e+03
4.934000000000000052e-01 -8.458427520176059261e+03
4.935000000000000497e-01 -8.459427743950313015e+03
4.936000000000000387e-01 -8.460302259933157984e+03
4.937000000000000277e-01 -8.461043722700120270e+03
4.938000000000000167e-01 -8.461646410909232145e+03
4.939000000000000057e-01 -8.462145860680018814e+03
4.940000000000000502e-01 -8.462594924943266960e+03
4.941000000000000392e-01 -8.463007201556052678e+03
4.942000000000000282e-01 -8.463380769521774710e+03
4.943000000000000171e-01 -8.463718537883831232e+03
4.944000000000000061e-01 -8.464030596652812164e+03
4.945000000000000506e-01 -8.464360846697143643e+03
4.946000000000000396e-01 -8.464772011844086592e+03
4.947000000000000286e-01 -8.465260588284561891e+03
4.948000000000000176e-01 -8.465695028755879321e+03
4.949000000000000066e-01 -8.465243214898599035e+03
4.950000000000000511e-01 -8.464179429861675089e+03
4.951000000000000401e-01 -8.463215579216272090e+03
4.952000000000000290e-01 -8.462870933588847038e+03
4.953000000000000180e-01 -8.463198978524591439e+03
4.954000000000000070e-01 -8.464092963752367723e+03
4.954999999999999960e-01 -8.465378926518042135e+03
4.956000000000000405e-01 -8.466893602017931698e+03
4.957000000000000295e-01 -8.468540214392483904e+03
4.958000000000000185e-01 -8.470262443192488718e+03
4.959000000000000075e-01 -8.472036316375604656e+03
4.959999999999999964e-01 -8.473868498021838604e+03
4.961000000000000409e-01 -8.475756336472531984e+03
4.962000000000000299e-01 -8.477694333190302132e+03
4.963000000000000189e-01 -8.479674943439675189e+03
4.964000000000000079e-01 -8.481689710585238572e+03
4.964999999999999969e-01 -8.483728421733008872e+03
4.966000000000000414e-01 -8.485783370141021805e+03
4.967000000000000304e-01 -8.487823474192142385e+03
4.968000000000000194e-01 -8.489884878157025014e+03
4.969000000000000083e-01 -8.491969657490035388e+03
4.969999999999999973e-01 -8.494060530125369041e+03
4.971000000000000418e-01 -8.496149805286395349e+03
4.972000000000000308e-01 -8.498235171654092483e+03
4.973000000000000198e-01 -8.500315661311924487e+03
4.974000000000000088e-01 -8.502391314222211804e+03
4.974999999999999978e-01 -8.504461174016263612e+03
4.976000000000000423e-01 -8.506526399866603242e+03
4.977000000000000313e-01 -8.508583781183746396e+03
4.978000000000000203e-01 -8.510639235087237466e+03
4.979000000000000092e-01 -8.512684141145567992e+03
4.979999999999999982e-01 -8.514726939706581106e+03
4.981000000000000427e-01 -8.516764845819354377e+03
4.982000000000000317e-01 -8.518797287820347265e+03
4.983000000000000207e-01 -8.520831847840781847e+03
4.984000000000000097e-01 -8.522858278052004607e+03
4.984999999999999987e-01 -8.524889538017063387e+03
4.986000000000000432e-01 -8.526917187649092739e+03
4.987000000000000322e-01 -8.528943607047094702e+03
4.988000000000000211e-01 -8.530976921597017281e+03
4.989000000000000101e-01 -8.533006346916825350e+03
4.989999999999999991e-01 -8.535037416300714540e+03
4.991000000000000436e-01 -8.537070624290792694e+03
4.992000000000000326e-01 -8.539107039194814206e+03
4.993000000000000216e-01 -8.541146318877777958e+03
4.994000000000000106e-01 -8.543187160568488252e+03
4.994999999999999996e-01 -8.545229966186407182e+03
4.996000000000000441e-01 -8.547274681704948307e+03
4.997000000000000330e-01 -8.549323194438355131e+03
4.998000000000000220e-01 -8.551372097060182568e+03
4.999000000000000110e-01 -8.553419220528285223e+03
5.000000000000000000e-01 -8.555468041722953785e+03
5.000999999999999890e-01 -8.559337742450294172e+03
5.001999999999999780e-01 -8.564394171047584678e+03
5.003000000000000780e-01 -8.569662681860359953e+03
5.004000000000000670e-01 -8.575274129929181072e+03
5.005000000000000560e-01 -8.581526978838346622e+03
5.006000000000000449e-01 -8.588602358846761490e+03
5.007000000000000339e-01 -8.596370730064521922e+03
5.008000000000000229e-01 -8.604690948525272688e+03
5.009000000000000119e-01 -8.613459024001109356e+03
5.010000000000000009e-01 -8.621990762732475559e+03
5.010999999999999899e-01 -8.628158130831010567e+03
5.011999999999999789e-01 -8.632199527853708787e+03
5.013000000000000789e-01 -8.635256580361216038e+03
5.014000000000000679e-01 -8.637835526646204016e+03
5.015000000000000568e-01 -8.640149519478030925e+03
5.016000000000000458e-01 -8.642267628921339565e+03
5.017000000000000348e-01 -8.644156768553872098e+03
5.018000000000000238e-01 -8.645796896803462005e+03
5.019000000000000128e-01 -8.647365356771473671e+03
5.020000000000000018e-01 -8.649706551344121181e+03
5.020999999999999908e-01 -8.653043504597011633e+03
5.021999999999999797e-01 -8.655845854064024024e+03
5.022999999999999687e-01 -8.657905946742494052e+03
5.024000000000000687e-01 -8.659515155087501626e+03
5.025000000000000577e-01 -8.660884706613782328e+03
5.026000000000000467e-01 -8.662123762184859515e+03
5.027000000000000357e-01 -8.663291895287311490e+03
5.028000000000000247e-01 -8.664412966740868796e+03
5.029000000000000137e-01 -8.665467743699877246e+03
5.030000000000000027e-01 -8.666453522113553845e+03
5.030999999999999917e-01 -8.667385356774186221e+03
5.031999999999999806e-01 -8.668271677626651581e+03
5.032999999999999696e-01 -8.669100440925316434e+03
5.034000000000000696e-01 -8.669846858976379735e+03
5.035000000000000586e-01 -8.670498436914534977e+03
5.036000000000000476e-01 -8.671054676213481798e+03
5.037000000000000366e-01 -8.671519870539792464e+03
5.038000000000000256e-01 -8.671895415136448719e+03
5.039000000000000146e-01 -8.672169888025819091e+03
5.040000000000000036e-01 -8.672336803746862643e+03
5.040999999999999925e-01 -8.672454190267390004e+03
5.041999999999999815e-01 -8.672587777491833549e+03
5.042999999999999705e-01 -8.672747469098991132e+03
5.044000000000000705e-01 -8.672930442047983888e+03
5.045000000000000595e-01 -8.673142466423558290e+03
5.046000000000000485e-01 -8.673464899816721299e+03
5.047000000000000375e-01 -8.673929459840846903e+03
5.048000000000000265e-01 -8.674512049514112732e+03
5.049000000000000155e-01 -8.675192202465739683e+03
5.050000000000000044e-01 -8.675949704629709231e+03
5.050999999999999934e-01 -8.676778659352270552e+03
5.051999999999999824e-01 -8.677749734228336820e+03
5.052999999999999714e-01 -8.678915109847652275e+03
5.054000000000000714e-01 -8.680277036728191888e+03
5.055000000000000604e-01 -8.681820591561718174e+03
5.056000000000000494e-01 -8.683519680154811795e+03
5.057000000000000384e-01 -8.685323380356423513e+03
5.058000000000000274e-01 -8.687191524525418572e+03
5.059000000000000163e-01 -8.689101347511661515e+03
5.060000000000000053e-01 -8.691043000394238334e+03
5.060999999999999943e-01 -8.693012799336178432e+03
5.061999999999999833e-01 -8.695009434152132599e+03
5.062999999999999723e-01 -8.697022385849653801e+03
5.064000000000000723e-01 -8.699046943215409556e+03
5.065000000000000613e-01 -8.701114306845369356e+03
5.066000000000000503e-01 -8.703195139431676580e+03
5.067000000000000393e-01 -8.705281317048222263e+03
5.068000000000000282e-01 -8.707367588739383791e+03
5.069000000000000172e-01 -8.709450114260105693e+03
5.070000000000000062e-01 -8.711527011727406716e+03
5.070999999999999952e-01 -8.713597204915302427e+03
5.071999999999999842e-01 -8.715659923597058878e+03
5.072999999999999732e-01 -8.717714439182631395e+03
5.074000000000000732e-01 -8.719760538527843892e+03
5.075000000000000622e-01 -8.721798307563281924e+03
5.076000000000000512e-01 -8.723827476934045990e+03
5.077000000000000401e-01 -8.725847642547205396e+03
5.078000000000000291e-01 -8.727843709105511152e+03
5.079000000000000181e-01 -8.729841268950423910e+03
5.080000000000000071e-01 -8.731838735068598908e+03
5.080999999999999961e-01 -8.733831403982696429e+03
5.081999999999999851e-01 -8.735817528796429542e+03
5.082999999999999741e-01 -8.737798628038086463e+03
5.084000000000000741e-01 -8.739775481083870545e+03
5.085000000000000631e-01 -8.741749357729942858e+03
5.086000000000000520e-01 -8.743721636748934543e+03
5.087000000000000410e-01 -8.745692768377586617e+03
5.088000000000000300e-01 -8.747662591131436784e+03
5.089000000000000190e-01 -8.749632344137979089e+03
5.090000000000000080e-01 -8.751602334628509198e+03
5.090999999999999970e-01 -8.753513026377735514e+03
5.091999999999999860e-01 -8.754893168056723880e+03
5.092999999999999750e-01 -8.756079218488339393e+03
5.094000000000000750e-01 -8.757350198208849179e+03
5.095000000000000639e-01 -8.758747740484579481e+03
5.096000000000000529e-01 -8.760067031799360848e+03
5.097000000000000419e-01 -8.760946642216342298e+03
5.098000000000000309e-01 -8.761690724814972782e+03
5.099000000000000199e-01 -8.762439284525855328e+03
5.100000000000000089e-01 -8.763237918426935721e+03
5.100999999999999979e-01 -8.764140120877609661e+03
5.101999999999999869e-01 -8.765219251906930367e+03
5.102999999999999758e-01 -8.766541042760616619e+03
5.104000000000000759e-01 -8.768150411878204977e+03
5.105000000000000648e-01 -8.770058875832131889e+03
5.106000000000000538e-01 -8.772069467659590373e+03
5.107000000000000428e-01 -8.773896118799426404e+03
5.108000000000000318e-01 -8.775767086126094000e+03
5.109000000000000208e-01 -8.777766457959511172e+03
5.110000000000000098e-01 -8.779885977487832861e+03
5.110999999999999988e-01 -8.781961532507384618e+03
5.111999999999999877e-01 -8.783756757041799574e+03
5.112999999999999767e-01 -8.785542668360929383e+03
5.114000000000000767e-01 -8.787431287570654604e+03
5.115000000000000657e-01 -8.789437951729201814e+03
5.116000000000000547e-01 -8.791549387196062526e+03
5.117000000000000437e-01 -8.793738500108112930e+03
5.118000000000000327e-01 -8.795979422174697902e+03
5.119000000000000217e-01 -8.798252072125607810e+03
5.120000000000000107e-01 -8.800542729923676234e+03
5.120999999999999996e-01 -8.802844121756263121e+03
5.121999999999999886e-01 -8.805150671928713564e+03
5.122999999999999776e-01 -8.807457822580747234e+03
5.124000000000000776e-01 -8.809766238934318608e+03
5.125000000000000666e-01 -8.812078206138874521e+03
5.126000000000000556e-01 -8.814395971870375433e+03
5.127000000000000446e-01 -8.816720053496774199e+03
5.128000000000000336e-01 -8.819050215155853948e+03
5.129000000000000226e-01 -8.821385497735045647e+03
5.130000000000000115e-01 -8.823725623823196656e+03
5.131000000000000005e-01 -8.826070634897663695e+03
5.131999999999999895e-01 -8.828419750582766937e+03
5.132999999999999785e-01 -8.830774177734156183e+03
5.134000000000000785e-01 -8.833130160991513549e+03
5.135000000000000675e-01 -8.835487643093390943e+03
5.136000000000000565e-01 -8.837847100912787937e+03
5.137000000000000455e-01 -8.840208692323274590e+03
5.138000000000000345e-01 -8.842572475698032576e+03
5.139000000000000234e-01 -8.844938488597554169e+03
5.140000000000000124e-01 -8.847306796766051775e+03
5.141000000000000014e-01 -8.849678257696938090e+03
5.141999999999999904e-01 -8.852053056984343129e+03
5.142999999999999794e-01 -8.854430363003993989e+03
5.144000000000000794e-01 -8.856811198107297969e+03
5.145000000000000684e-01 -8.859196187698991707e+03
5.146000000000000574e-01 -8.861585503373653410e+03
5.147000000000000464e-01 -8.863978326392279996e+03
5.148000000000000353e-01 -8.866376161565294751e+03
5.149000000000000243e-01 -8.868778678175598543e+03
5.150000000000000133e-01 -8.871185512913503771e+03
5.151000000000000023e-01 -8.873597349474970542e+03
5.151999999999999913e-01 -8.876012512050170699e+03
5.152999999999999803e-01 -8.878430796748105422e+03
5.153999999999999693e-01 -8.880852519573723839e+03
5.155000000000000693e-01 -8.883277863485520356e+03
5.156000000000000583e-01 -8.885707080001060604e+03
5.157000000000000473e-01 -8.888141261010121525e+03
5.158000000000000362e-01 -8.890585763127244718e+03
5.159000000000000252e-01 -8.893044237296930078e+03
5.160000000000000142e-01 -8.895518042297868305e+03
5.161000000000000032e-01 -8.898007226947189338e+03
5.161999999999999922e-01 -8.900510900405151915e+03
5.162999999999999812e-01 -8.903028465961559050e+03
5.163999999999999702e-01 -8.905559462650526257e+03
5.165000000000000702e-01 -8.908103577115509324e+03
5.166000000000000592e-01 -8.910661286983287937e+03
5.167000000000000481e-01 -8.913236059726052190e+03
5.168000000000000371e-01 -8.915837635036734355e+03
5.169000000000000261e-01 -8.918473374034614608e+03
5.170000000000000151e-01 -8.921147980754905802e+03
5.171000000000000041e-01 -8.923865039300762874e+03
5.171999999999999931e-01 -8.926633280224661576e+03
5.172999999999999821e-01 -8.929460094302683501e+03
5.173999999999999710e-01 -8.932348808691243903e+03
5.175000000000000711e-01 -8.935301914152450991e+03
5.176000000000000600e-01 -8.938320807927564601e+03
5.177000000000000490e-01 -8.941404763916552838e+03
5.178000000000000380e-01 -8.944554075774229204e+03
5.179000000000000270e-01 -8.947773005983784969e+03
5.180000000000000160e-01 -8.951073715964372241e+03
5.181000000000000050e-01 -8.954481073511631621e+03
5.181999999999999940e-01 -8.958015160203272899e+03
5.182999999999999829e-01 -8.961691112211121435e+03
5.183999999999999719e-01 -8.965529907042669947e+03
5.185000000000000719e-01 -8.969577422702443073e+03
5.186000000000000609e-01 -8.973897734640468116e+03
5.187000000000000499e-01 -8.978614576383277381e+03
5.188000000000000389e-01 -8.983790456739694491e+03
5.189000000000000279e-01 -8.989474638481253351e+03
5.190000000000000169e-01 -8.995645339983482700e+03
5.191000000000000059e-01 -9.002252964853103549e+03
5.191999999999999948e-01 -9.009311023094915072e+03
5.192999999999999838e-01 -9.016928675067050790e+03
5.193999999999999728e-01 -9.023796016627915378e+03
5.195000000000000728e-01 -9.027251690639181106e+03
5.196000000000000618e-01 -9.028894805780653769e+03
5.197000000000000508e-01 -9.030190362995501346e+03
5.198000000000000398e-01 -9.031604192829199746e+03
5.199000000000000288e-01 -9.033221845863054114e+03
5.200000000000000178e-01 -9.035118603163275111e+03
5.201000000000000068e-01 -9.037286112540330578e+03
5.201999999999999957e-01 -9.039539424394843081e+03
5.202999999999999847e-01 -9.041791980890837294e+03
5.203999999999999737e-01 -9.044038457356578874e+03
5.205000000000000737e-01 -9.046298951843242321e+03
5.206000000000000627e-01 -9.048584121348130793e+03
5.207000000000000517e-01 -9.050888142551857527e+03
5.208000000000000407e-01 -9.053199097297450862e+03
5.209000000000000297e-01 -9.055503326526291858e+03
5.210000000000000187e-01 -9.057796524155295629e+03
5.211000000000000076e-01 -9.060088687942914476e+03
5.211999999999999966e-01 -9.062384046209215740e+03
5.212999999999999856e-01 -9.064671541837977202e+03
5.213999999999999746e-01 -9.066953544123081883e+03
5.215000000000000746e-01 -9.069236446056718705e+03
5.216000000000000636e-01 -9.071521792004861709e+03
5.217000000000000526e-01 -9.073809632602045895e+03
5.218000000000000416e-01 -9.076112225315409887e+03
5.219000000000000306e-01 -9.078473574571487916e+03
5.220000000000000195e-01 -9.080930892220403621e+03
5.221000000000000085e-01 -9.083413847334213642e+03
5.221999999999999975e-01 -9.085867970107672591e+03
5.222999999999999865e-01 -9.088279035214716714e+03
5.223999999999999755e-01 -9.090646182225309531e+03
5.225000000000000755e-01 -9.092966488656074944e+03
5.226000000000000645e-01 -9.095254560179278997e+03
5.227000000000000535e-01 -9.097525728997259648e+03
5.228000000000000425e-01 -9.099796206274704673e+03
5.229000000000000314e-01 -9.102074316839372841e+03
5.230000000000000204e-01 -9.104361419197335636e+03
5.231000000000000094e-01 -9.106647139808110296e+03
5.231999999999999984e-01 -9.108938068589854083e+03
5.232999999999999874e-01 -9.111237423397109524e+03
5.233999999999999764e-01 -9.113546253500826424e+03
5.235000000000000764e-01 -9.115864805762676042e+03
5.236000000000000654e-01 -9.118193017769335711e+03
5.237000000000000544e-01 -9.120530715521008460e+03
5.238000000000000433e-01 -9.122877687046096980e+03
5.239000000000000323e-01 -9.125233704065805796e+03
5.240000000000000213e-01 -9.127598453918872110e+03
5.241000000000000103e-01 -9.129968725843746142e+03
5.241999999999999993e-01 -9.132343318056982753e+03
5.242999999999999883e-01 -9.134725202854211602e+03
5.243999999999999773e-01 -9.137116250077957375e+03
5.245000000000000773e-01 -9.139508249298070950e+03
5.246000000000000663e-01 -9.141887502640805906e+03
5.247000000000000552e-01 -9.144258700248201421e+03
5.248000000000000442e-01 -9.146625402710787966e+03
5.249000000000000332e-01 -9.148983794983656480e+03
5.250000000000000222e-01 -9.151323147780871295e+03
5.251000000000000112e-01 -9.153626444453484510e+03
5.252000000000000002e-01 -9.155899387576637309e+03
5.252999999999999892e-01 -9.158155308542776766e+03
5.253999999999999782e-01 -9.160402258497630100e+03
5.255000000000000782e-01 -9.162644310337069328e+03
5.256000000000000671e-01 -9.164883160275072441e+03
5.257000000000000561e-01 -9.167119432122817670e+03
5.258000000000000451e-01 -9.169353170150612641e+03
5.259000000000000341e-01 -9.171584285478151287e+03
5.260000000000000231e-01 -9.173812842251430993e+03
5.261000000000000121e-01 -9.176039133081880209e+03
5.262000000000000011e-01 -9.178263659273537996e+03
5.262999999999999901e-01 -9.180487065909061130e+03
5.263999999999999790e-01 -9.182710062055521121e+03
5.265000000000000790e-01 -9.184933344208948256e+03
5.266000000000000680e-01 -9.187157532262093810e+03
5.267000000000000570e-01 -9.189383124899253744e+03
5.268000000000000460e-01 -9.191610540314783066e+03
5.269000000000000350e-01 -9.193840084977890001e+03
5.270000000000000240e-01 -9.196071767747282138e+03
5.271000000000000130e-01 -9.198305460547284383e+03
5.272000000000000020e-01 -9.200540913809119957e+03
5.272999999999999909e-01 -9.202777837148785693e+03
5.273999999999999799e-01 -9.205015926228712488e+03
5.275000000000000799e-01 -9.207254875820806774e+03
5.276000000000000689e-01 -9.209494184344410314e+03
5.277000000000000579e-01 -9.211733979557713610e+03
5.278000000000000469e-01 -9.213974001495151242e+03
5.279000000000000359e-01 -9.216213970549490114e+03
5.280000000000000249e-01 -9.218453710208592383e+03
5.281000000000000139e-01 -9.220693082887048149e+03
5.282000000000000028e-01 -9.222932076333534496e+03
5.282999999999999918e-01 -9.225170305277151783e+03
5.283999999999999808e-01 -9.227408007590864145e+03
5.285000000000000808e-01 -9.229645556471399686e+03
5.286000000000000698e-01 -9.231882641081763722e+03
5.287000000000000588e-01 -9.234119190546012760e+03
5.288000000000000478e-01 -9.236355199810779595e+03
5.289000000000000368e-01 -9.238590464552924459e+03
5.290000000000000258e-01 -9.240826456119337308e+03
5.291000000000000147e-01 -9.243061420052215908e+03
5.292000000000000037e-01 -9.245295254067661517e+03
5.292999999999999927e-01 -9.247529054136035484e+03
5.293999999999999817e-01 -9.249762588301382493e+03
5.294999999999999707e-01 -9.251995640755494605e+03
5.296000000000000707e-01 -9.254227832259433853e+03
5.297000000000000597e-01 -9.256459261139987575e+03
5.298000000000000487e-01 -9.258689589918269121e+03
5.299000000000000377e-01 -9.260918461672994454e+03
5.300000000000000266e-01 -9.263146199437305768e+03
5.301000000000000156e-01 -9.265360726929502562e+03
5.302000000000000046e-01 -9.267535729814961087e+03
5.302999999999999936e-01 -9.269671812306718493e+03
5.303999999999999826e-01 -9.271776200866770523e+03
5.304999999999999716e-01 -9.273856567529863241e+03
5.306000000000000716e-01 -9.275919157942005768e+03
5.307000000000000606e-01 -9.277968343118023768e+03
5.308000000000000496e-01 -9.280007206164693343e+03
5.309000000000000385e-01 -9.282037261203911839e+03
5.310000000000000275e-01 -9.284059742574445409e+03
5.311000000000000165e-01 -9.286076388749062971e+03
5.312000000000000055e-01 -9.288088624699510547e+03
5.312999999999999945e-01 -9.290097508369613934e+03
5.313999999999999835e-01 -9.292103885527236343e+03
5.314999999999999725e-01 -9.294108375341302235e+03
5.316000000000000725e-01 -9.296111450528067508e+03
5.317000000000000615e-01 -9.298113478726334506e+03
5.318000000000000504e-01 -9.300115004528033751e+03
5.319000000000000394e-01 -9.302117079594263487e+03
5.320000000000000284e-01 -9.304117911105715393e+03
5.321000000000000174e-01 -9.306117906399314961e+03
5.322000000000000064e-01 -9.308117518255081450e+03
5.322999999999999954e-01 -9.310116937244232759e+03
5.323999999999999844e-01 -9.312116255257660669e+03
5.324999999999999734e-01 -9.314115518751592390e+03
5.326000000000000734e-01 -9.316114749428812502e+03
5.327000000000000624e-01 -9.318113953493846566e+03
5.328000000000000513e-01 -9.320113126544150873e+03
5.329000000000000403e-01 -9.322112256646993046e+03
5.330000000000000293e-01 -9.324111326558571818e+03
5.331000000000000183e-01 -9.326110315452568102e+03
5.332000000000000073e-01 -9.328109200303159014e+03
5.332999999999999963e-01 -9.330107928581564920e+03
5.333999999999999853e-01 -9.332106367907354070e+03
5.334999999999999742e-01 -9.334104481847753050e+03
5.336000000000000743e-01 -9.336102276684789103e+03
5.337000000000000632e-01 -9.338099761697265421e+03
5.338000000000000522e-01 -9.340096941275212885e+03
5.339000000000000412e-01 -9.342093813972174758e+03
5.340000000000000302e-01 -9.344090373273635123e+03
5.341000000000000192e-01 -9.346086608516239721e+03
5.342000000000000082e-01 -9.348082505469034004e+03
5.342999999999999972e-01 -9.350078046450684269e+03
5.343999999999999861e-01 -9.352073209931320889e+03
5.344999999999999751e-01 -9.354067960530997880e+03
5.346000000000000751e-01 -9.356062220636111306e+03
5.347000000000000641e-01 -9.358056384982486634e+03
5.348000000000000531e-01 -9.360050809903765185e+03
5.349000000000000421e-01 -9.362043384217038692e+03
5.350000000000000311e-01 -9.364034709527033556e+03
5.351000000000000201e-01 -9.366024989494515467e+03
5.352000000000000091e-01 -9.368013596797358332e+03
5.352999999999999980e-01 -9.369996098786639777e+03
5.353999999999999870e-01 -9.371973678180105708e+03
5.354999999999999760e-01 -9.373947745315230350e+03
5.356000000000000760e-01 -9.375919000114106893e+03
5.357000000000000650e-01 -9.377888480127456205e+03
5.358000000000000540e-01 -9.379856472160136036e+03
5.359000000000000430e-01 -9.381823534371433198e+03
5.360000000000000320e-01 -9.383789881328317279e+03
5.361000000000000210e-01 -9.385755854952689333e+03
5.362000000000000099e-01 -9.387722015935549280e+03
5.362999999999999989e-01 -9.389688327734120321e+03
5.363999999999999879e-01 -9.391654277027217177e+03
5.364999999999999769e-01 -9.393619447993920403e+03
5.366000000000000769e-01 -9.395583699553515544e+03
5.367000000000000659e-01 -9.397547198163398207e+03
5.368000000000000549e-01 -9.399511057729256208e+03
5.369000000000000439e-01 -9.401476174245864968e+03
5.370000000000000329e-01 -9.403440787824793006e+03
5.371000000000000218e-01 -9.405403937405950273e+03
5.372000000000000108e-01 -9.407366017715801718e+03
5.372999999999999998e-01 -9.409327739328093230e+03
5.373999999999999888e-01 -9.411289529053956358e+03
5.374999999999999778e-01 -9.413251112433325034e+03
5.376000000000000778e-01 -9.415211570331193798e+03
5.377000000000000668e-01 -9.417170035428021947e+03
5.378000000000000558e-01 -9.419126912960269692e+03
5.379000000000000448e-01 -9.421083508633695601e+03
5.380000000000000338e-01 -9.423040190612326114e+03
5.381000000000000227e-01 -9.425000040659262595e+03
5.382000000000000117e-01 -9.426966014800596895e+03
5.383000000000000007e-01 -9.428925921107951581e+03
5.383999999999999897e-01 -9.430881780658944990e+03
5.384999999999999787e-01 -9.432835077525991437e+03
5.386000000000000787e-01 -9.434786414178453924e+03
5.387000000000000677e-01 -9.436736014096321014e+03
5.388000000000000567e-01 -9.438684470646410773e+03
5.389000000000000457e-01 -9.440632442170943250e+03
5.390000000000000346e-01 -9.442576486747397212e+03
5.391000000000000236e-01 -9.444524653190526806e+03
5.392000000000000126e-01 -9.446476776170398807e+03
5.393000000000000016e-01 -9.448427860091122056e+03
5.393999999999999906e-01 -9.450384195706314131e+03
5.394999999999999796e-01 -9.452341708838963314e+03
5.396000000000000796e-01 -9.454294698876066832e+03
5.397000000000000686e-01 -9.456237965328389691e+03
5.398000000000000576e-01 -9.458166265121728429e+03
5.399000000000000465e-01 -9.460076201734307688e+03
5.400000000000000355e-01 -9.461967544602721318e+03
5.401000000000000245e-01 -9.463845335483541930e+03
5.402000000000000135e-01 -9.465726072827990720e+03
5.403000000000000025e-01 -9.467616547059060395e+03
5.403999999999999915e-01 -9.469513662197397935e+03
5.404999999999999805e-01 -9.471412935558571917e+03
5.406000000000000805e-01 -9.473326864731592650e+03
5.407000000000000695e-01 -9.475243429246180312e+03
5.408000000000000584e-01 -9.477156343956612545e+03
5.409000000000000474e-01 -9.479062259022575745e+03
5.410000000000000364e-01 -9.481001205221598866e+03
5.411000000000000254e-01 -9.482981408511619520e+03
5.412000000000000144e-01 -9.484954571014544854e+03
5.413000000000000034e-01 -9.486896399767752882e+03
5.413999999999999924e-01 -9.488814624673406797e+03
5.414999999999999813e-01 -9.490735472083850254e+03
5.416000000000000814e-01 -9.492664436100078092e+03
5.417000000000000703e-01 -9.494595242112740380e+03
5.418000000000000593e-01 -9.496534718099712336e+03
5.419000000000000483e-01 -9.498489486817623401e+03
5.420000000000000373e-01 -9.500456993582674841e+03
5.421000000000000263e-01 -9.502428956526555339e+03
5.422000000000000153e-01 -9.504395137233545029e+03
5.423000000000000043e-01 -9.506343788164038415e+03
5.423999999999999932e-01 -9.508264919477318472e+03
5.424999999999999822e-01 -9.510147975200863584e+03
5.425999999999999712e-01 -9.511977564696446279e+03
5.427000000000000712e-01 -9.513730611852966831e+03
5.428000000000000602e-01 -9.515367420407004829e+03
5.429000000000000492e-01 -9.516855169314791056e+03
5.430000000000000382e-01 -9.518176972407076391e+03
5.431000000000000272e-01 -9.519321665422206934e+03
5.432000000000000162e-01 -9.520276914026751911e+03
5.433000000000000052e-01 -9.521026789272607857e+03
5.433999999999999941e-01 -9.521553077770797245e+03
5.434999999999999831e-01 -9.521845435887753410e+03
5.435999999999999721e-01 -9.521937904963418987e+03
5.437000000000000721e-01 -9.521864472242059492e+03
5.438000000000000611e-01 -9.521619843035181475e+03
5.439000000000000501e-01 -9.521206496553941179e+03
5.440000000000000391e-01 -9.520733333637703254e+03
5.441000000000000281e-01 -9.520249505859874262e+03
5.442000000000000171e-01 -9.519790153045994884e+03
5.443000000000000060e-01 -9.519442580959774205e+03
5.443999999999999950e-01 -9.519316757296403011e+03
5.444999999999999840e-01 -9.519390293743230359e+03
5.445999999999999730e-01 -9.519622352879598111e+03
5.447000000000000730e-01 -9.520059405447869722e+03
5.448000000000000620e-01 -9.520426465714572259e+03
5.449000000000000510e-01 -9.520895040593019075e+03
5.450000000000000400e-01 -9.521815370771211747e+03
5.451000000000000290e-01 -9.523233897246360357e+03
5.452000000000000179e-01 -9.525029557487230704e+03
5.453000000000000069e-01 -9.527055348042440528e+03
5.453999999999999959e-01 -9.529173711691670178e+03
5.454999999999999849e-01 -9.531298729899130194e+03
5.455999999999999739e-01 -9.533382908942145150e+03
5.457000000000000739e-01 -9.535378473345454040e+03
5.458000000000000629e-01 -9.537358506468328414e+03
5.459000000000000519e-01 -9.539313280559372288e+03
5.460000000000000409e-01 -9.541224436557527952e+03
5.461000000000000298e-01 -9.543192538602797867e+03
5.462000000000000188e-01 -9.545247281400210341e+03
5.463000000000000078e-01 -9.547389803844727794e+03
5.463999999999999968e-01 -9.549553966619214407e+03
5.464999999999999858e-01 -9.551703087118135954e+03
5.465999999999999748e-01 -9.553823166194335499e+03
5.467000000000000748e-01 -9.555910468184612910e+03
5.468000000000000638e-01 -9.557964628812647788e+03
5.469000000000000528e-01 -9.560001778155192369e+03
5.470000000000000417e-01 -9.562041074762801145e+03
5.471000000000000307e-01 -9.564074204065605954e+03
5.472000000000000197e-01 -9.566110269515693290e+03
5.473000000000000087e-01 -9.568163317405887938e+03
5.473999999999999977e-01 -9.570235544496184957e+03
5.474999999999999867e-01 -9.572314336070438003e+03
5.475999999999999757e-01 -9.574389369003727552e+03
5.477000000000000757e-01 -9.576454996127458799e+03
5.478000000000000647e-01 -9.578504018156727398e+03
5.479000000000000536e-01 -9.580548666603854144e+03
5.480000000000000426e-01 -9.582587053912260671e+03
5.481000000000000316e-01 -9.584616431762957291e+03
5.482000000000000206e-01 -9.586638971036714793e+03
5.483000000000000096e-01 -9.588655734118805412e+03
5.483999999999999986e-01 -9.590668167714218725e+03
5.484999999999999876e-01 -9.592700620191320922e+03
5.485999999999999766e-01 -9.594711511638954107e+03
5.487000000000000766e-01 -9.596715146096157696e+03
5.488000000000000655e-01 -9.598711972584336763e+03
5.489000000000000545e-01 -9.600708108880086002e+03
5.490000000000000435e-01 -9.602707262707957852e+03
5.491000000000000325e-01 -9.604709646991399495e+03
5.492000000000000215e-01 -9.606715141427554045e+03
5.493000000000000105e-01 -9.608730955748624183e+03
5.493999999999999995e-01 -9.610744787988527605e+03
5.494999999999999885e-01 -9.612757606379043864e+03
5.495999999999999774e-01 -9.614772815194393843e+03
5.497000000000000774e-01 -9.616791207112633856e+03
5.498000000000000664e-01 -9.618812217387127021e+03
5.499000000000000554e-01 -9.620836235311697237e+03
5.500000000000000444e-01 -9.622865680571760095e+03
5.501000000000000334e-01 -9.626681608397524542e+03
5.502000000000000224e-01 -9.631605010915307503e+03
5.503000000000000114e-01 -9.636811105878927265e+03
5.504000000000000004e-01 -9.642362948449821488e+03
5.504999999999999893e-01 -9.648587422876102210e+03
5.505999999999999783e-01 -9.655682516727727489e+03
5.507000000000000783e-01 -9.663440508577381479e+03
5.508000000000000673e-01 -9.671518000326206675e+03
5.509000000000000563e-01 -9.680171542639245672e+03
5.510000000000000453e-01 -9.689169578050368727e+03
5.511000000000000343e-01 -9.696795183171227109e+03
5.512000000000000233e-01 -9.701753036200339920e+03
5.513000000000000123e-01 -9.705358913098458288e+03
5.514000000000000012e-01 -9.708313091407721004e+03
5.514999999999999902e-01 -9.710851912578447809e+03
5.515999999999999792e-01 -9.713105523993266615e+03
5.517000000000000792e-01 -9.715134555128921420e+03
5.518000000000000682e-01 -9.716966121464747630e+03
5.519000000000000572e-01 -9.718612483503335170e+03
5.520000000000000462e-01 -9.720129600758316883e+03
5.521000000000000352e-01 -9.721436680704828177e+03
5.522000000000000242e-01 -9.723161459968456256e+03
5.523000000000000131e-01 -9.726362527691006107e+03
5.524000000000000021e-01 -9.729440064732052633e+03
5.524999999999999911e-01 -9.731774360357223486e+03
5.525999999999999801e-01 -9.733523448262463717e+03
5.527000000000000801e-01 -9.734930225916981726e+03
5.528000000000000691e-01 -9.736122514434313416e+03
5.529000000000000581e-01 -9.737154172017668316e+03
5.530000000000000471e-01 -9.738038025016490792e+03
5.531000000000000361e-01 -9.738785170560122424e+03
5.532000000000000250e-01 -9.739409891350305770e+03
5.533000000000000140e-01 -9.739915474000461472e+03
5.534000000000000030e-01 -9.740294697764626108e+03
5.534999999999999920e-01 -9.740522298029836747e+03
5.535999999999999810e-01 -9.740569252884555681e+03
5.537000000000000810e-01 -9.740357743263786688e+03
5.538000000000000700e-01 -9.739655536113517883e+03
5.539000000000000590e-01 -9.738475632906473038e+03
5.540000000000000480e-01 -9.737081366412965508e+03
5.541000000000000369e-01 -9.735655726392511497e+03
5.542000000000000259e-01 -9.734243286454578993e+03
5.543000000000000149e-01 -9.732960682395738331e+03
5.544000000000000039e-01 -9.732039904490935442e+03
5.544999999999999929e-01 -9.731448478135962432e+03
5.545999999999999819e-01 -9.731278747675090926e+03
5.547000000000000819e-01 -9.731591463197908524e+03
5.548000000000000709e-01 -9.732449313731125585e+03
5.549000000000000599e-01 -9.733875146155278344e+03
5.550000000000000488e-01 -9.735729655188746619e+03
5.551000000000000378e-01 -9.737814126753868550e+03
5.552000000000000268e-01 -9.739986241497786978e+03
5.553000000000000158e-01 -9.742152361457752704e+03
5.554000000000000048e-01 -9.744284690485155807e+03
5.554999999999999938e-01 -9.746365542699340949e+03
5.555999999999999828e-01 -9.748311068649280060e+03
5.556999999999999718e-01 -9.750265858822542214e+03
5.558000000000000718e-01 -9.752214865815962185e+03
5.559000000000000608e-01 -9.754217120607861943e+03
5.560000000000000497e-01 -9.756344047759463137e+03
5.561000000000000387e-01 -9.758536624868218496e+03
5.562000000000000277e-01 -9.760731972793726527e+03
5.563000000000000167e-01 -9.762907945822644251e+03
5.564000000000000057e-01 -9.765047974675584555e+03
5.564999999999999947e-01 -9.767139661701692603e+03
5.565999999999999837e-01 -9.769185196563226782e+03
5.566999999999999726e-01 -9.771199383522627613e+03
5.568000000000000727e-01 -9.773199388368573636e+03
5.569000000000000616e-01 -9.775198450168869385e+03
5.570000000000000506e-01 -9.777213676977064097e+03
5.571000000000000396e-01 -9.779260076440841658e+03
5.572000000000000286e-01 -9.781347165433875489e+03
5.573000000000000176e-01 -9.783436746861352731e+03
5.574000000000000066e-01 -9.785522050960680644e+03
5.574999999999999956e-01 -9.787598747221378289e+03
5.575999999999999845e-01 -9.789663732972445359e+03
5.576999999999999735e-01 -9.791715759965331017e+03
5.578000000000000735e-01 -9.793754982193837350e+03
5.579000000000000625e-01 -9.795782485148740307e+03
5.580000000000000515e-01 -9.797805377564000082e+03
5.581000000000000405e-01 -9.799835843964270680e+03
5.582000000000000295e-01 -9.801838928290764670e+03
5.583000000000000185e-01 -9.803832166400055939e+03
5.584000000000000075e-01 -9.805829292862968941e+03
5.584999999999999964e-01 -9.807823130382079398e+03
5.585999999999999854e-01 -9.809819668940448537e+03
5.586999999999999744e-01 -9.811817484444054571e+03
5.588000000000000744e-01 -9.813818619132856838e+03
5.589000000000000634e-01 -9.815818753692585233e+03
5.590000000000000524e-01 -9.817821480715692815e+03
5.591000000000000414e-01 -9.819827368200712954e+03
5.592000000000000304e-01 -9.821846079623594051e+03
5.593000000000000194e-01 -9.823866731332102063e+03
5.594000000000000083e-01 -9.825891693756897439e+03
5.594999999999999973e-01 -9.827922179221786791e+03
5.595999999999999863e-01 -9.829960712182135467e+03
5.596999999999999753e-01 -9.832004037628137667e+03
5.598000000000000753e-01 -9.834051769103076367e+03
5.599000000000000643e-01 -9.836104111379516326e+03
5.600000000000000533e-01 -9.838162641780772901e+03
5.601000000000000423e-01 -9.840229988990251513e+03
5.602000000000000313e-01 -9.842340454230410614e+03
5.603000000000000203e-01 -9.844493025003857838e+03
5.604000000000000092e-01 -9.846676223665535872e+03
5.604999999999999982e-01 -9.848885194037751717e+03
5.605999999999999872e-01 -9.851112527930221404e+03
5.606999999999999762e-01 -9.853352517461693424e+03
5.608000000000000762e-01 -9.855601555387183907e+03
5.609000000000000652e-01 -9.857857144759596849e+03
5.610000000000000542e-01 -9.860117450974561507e+03
5.611000000000000432e-01 -9.862381364643086272e+03
5.612000000000000322e-01 -9.864647849370014228e+03
5.613000000000000211e-01 -9.866914784556571249e+03
5.614000000000000101e-01 -9.869184168503361434e+03
5.614999999999999991e-01 -9.871457644152575085e+03
5.615999999999999881e-01 -9.873734880312258611e+03
5.616999999999999771e-01 -9.876014913277313099e+03
5.618000000000000771e-01 -9.878297416184819667e+03
5.619000000000000661e-01 -9.880581089769313621e+03
5.620000000000000551e-01 -9.882868925157084959e+03
5.621000000000000441e-01 -9.885160673603058967e+03
5.622000000000000330e-01 -9.887455176938839941e+03
5.623000000000000220e-01 -9.889751973955113499e+03
5.624000000000000110e-01 -9.892050295839530008e+03
5.625000000000000000e-01 -9.894348673681937726e+03
5.625999999999999890e-01 -9.896648090106593372e+03
5.626999999999999780e-01 -9.898948742173986830e+03
5.628000000000000780e-01 -9.901248444108496187e+03
5.629000000000000670e-01 -9.903548231832970487e+03
5.630000000000000560e-01 -9.905848366087166141e+03
5.631000000000000449e-01 -9.908148868023099567e+03
5.632000000000000339e-01 -9.910450026334150607e+03
5.633000000000000229e-01 -9.912752410823784885e+03
5.634000000000000119e-01 -9.915055251634998058e+03
5.635000000000000009e-01 -9.917358933262463324e+03
5.635999999999999899e-01 -9.919663594782778091e+03
5.636999999999999789e-01 -9.921968922957110408e+03
5.638000000000000789e-01 -9.924273735394670439e+03
5.639000000000000679e-01 -9.926580179467327980e+03
5.640000000000000568e-01 -9.928888785449917123e+03
5.641000000000000458e-01 -9.931198661687127242e+03
5.642000000000000348e-01 -9.933510013431885454e+03
5.643000000000000238e-01 -9.935824468559305387e+03
5.644000000000000128e-01 -9.938139403720417249e+03
5.645000000000000018e-01 -9.940456136136937857e+03
5.645999999999999908e-01 -9.942775264029804021e+03
5.646999999999999797e-01 -9.945097593682225124e+03
5.648000000000000798e-01 -9.947425133144879510e+03
5.649000000000000687e-01 -9.949760849196811250e+03
5.650000000000000577e-01 -9.952107925790567606e+03
5.651000000000000467e-01 -9.954469936751611385e+03
5.652000000000000357e-01 -9.956847029615813881e+03
5.653000000000000247e-01 -9.959238330029214922e+03
5.654000000000000137e-01 -9.961643053920408420e+03
5.655000000000000027e-01 -9.964060626736481936e+03
5.655999999999999917e-01 -9.966490627763678276e+03
5.656999999999999806e-01 -9.968934982211436363e+03
5.658000000000000806e-01 -9.971401215882862743e+03
5.659000000000000696e-01 -9.973896093426943480e+03
5.660000000000000586e-01 -9.976422113158609136e+03
5.661000000000000476e-01 -9.978978754723208112e+03
5.662000000000000366e-01 -9.981565371525644878e+03
5.663000000000000256e-01 -9.984182246977634350e+03
5.664000000000000146e-01 -9.986829549174210115e+03
5.665000000000000036e-01 -9.989507215550640467e+03
5.665999999999999925e-01 -9.992216638169602447e+03
5.666999999999999815e-01 -9.994959843890183038e+03
5.668000000000000815e-01 -9.997742266798039054e+03
5.669000000000000705e-01 -1.000058196589259205e+04
5.670000000000000595e-01 -1.000349368667121598e+04
5.671000000000000485e-01 -1.000648029586284792e+04
5.672000000000000375e-01 -1.000954058393579908e+04
5.673000000000000265e-01 -1.001266921688373804e+04
5.674000000000000155e-01 -1.001586277736871307e+04
5.675000000000000044e-01 -1.001912229437980022e+04
5.675999999999999934e-01 -1.002251647090801998e+04
5.676999999999999824e-01 -1.002615198809884714e+04
5.678000000000000824e-01 -1.003001752808995298e+04
5.679000000000000714e-01 -1.003405344707628865e+04
5.680000000000000604e-01 -1.003817259038247903e+04
5.681000000000000494e-01 -1.004241948023074474e+04
5.682000000000000384e-01 -1.004682301248353906e+04
5.683000000000000274e-01 -1.005140245321967814e+04
5.684000000000000163e-01 -1.005620092843548082e+04
5.685000000000000053e-01 -1.006125720112608360e+04
5.685999999999999943e-01 -1.006655546607694851e+04
5.686999999999999833e-01 -1.007212263596688899e+04
5.687999999999999723e-01 -1.007799576566487667e+04
5.689000000000000723e-01 -1.008424359967320561e+04
5.690000000000000613e-01 -1.009023523123180348e+04
5.691000000000000503e-01 -1.009415454949248124e+04
5.692000000000000393e-01 -1.009648483007844879e+04
5.693000000000000282e-01 -1.009853054627403799e+04
5.694000000000000172e-01 -1.010046814240165440e+04
5.695000000000000062e-01 -1.010230176116408802e+04
5.695999999999999952e-01 -1.010412161309682597e+04
5.696999999999999842e-01 -1.010599424730921965e+04
5.697999999999999732e-01 -1.010795874239269142e+04
5.699000000000000732e-01 -1.011002761946491955e+04
5.700000000000000622e-01 -1.011218889038539601e+04
5.701000000000000512e-01 -1.011441074749329709e+04
5.702000000000000401e-01 -1.011665810902652083e+04
5.703000000000000291e-01 -1.011890550826763501e+04
5.704000000000000181e-01 -1.012114964391382819e+04
5.705000000000000071e-01 -1.012340406203872226e+04
5.705999999999999961e-01 -1.012566281895277461e+04
5.706999999999999851e-01 -1.012793107467144182e+04
5.707999999999999741e-01 -1.013020795883243773e+04
5.709000000000000741e-01 -1.013248237488913037e+04
5.710000000000000631e-01 -1.013474686083827328e+04
5.711000000000000520e-01 -1.013699907161801821e+04
5.712000000000000410e-01 -1.013924046921139961e+04
5.713000000000000300e-01 -1.014147777754173694e+04
5.714000000000000190e-01 -1.014371995206050815e+04
5.715000000000000080e-01 -1.014597408713862205e+04
5.715999999999999970e-01 -1.014824361753786616e+04
5.716999999999999860e-01 -1.015051414808364279e+04
5.717999999999999750e-01 -1.015278118691872260e+04
5.719000000000000750e-01 -1.015504740905248400e+04
5.720000000000000639e-01 -1.015731474510120461e+04
5.721000000000000529e-01 -1.015958371357457145e+04
5.722000000000000419e-01 -1.016185424499228429e+04
5.723000000000000309e-01 -1.016412610554700586e+04
5.724000000000000199e-01 -1.016639905164065567e+04
5.725000000000000089e-01 -1.016867287823570223e+04
5.725999999999999979e-01 -1.017094742107148340e+04
5.726999999999999869e-01 -1.017322252049949566e+04
5.727999999999999758e-01 -1.017549803975860777e+04
5.729000000000000759e-01 -1.017777383116868987e+04
5.730000000000000648e-01 -1.018004974133192809e+04
5.731000000000000538e-01 -1.018232562709198828e+04
5.732000000000000428e-01 -1.018460136396397502e+04
5.733000000000000318e-01 -1.018687685048368621e+04
5.734000000000000208e-01 -1.018915201018952393e+04
5.735000000000000098e-01 -1.019142680896595266e+04
5.735999999999999988e-01 -1.019370136624457700e+04
5.736999999999999877e-01 -1.019597565423084052e+04
5.737999999999999767e-01 -1.019824871164260003e+04
5.739000000000000767e-01 -1.020051929451469368e+04
5.740000000000000657e-01 -1.020278665419248318e+04
5.741000000000000547e-01 -1.020505125849642900e+04
5.742000000000000437e-01 -1.020731341675441945e+04
5.743000000000000327e-01 -1.020957225960931100e+04
5.744000000000000217e-01 -1.021182690518107302e+04
5.745000000000000107e-01 -1.021407810296844218e+04
5.745999999999999996e-01 -1.021632737041192559e+04
5.746999999999999886e-01 -1.021857619978289404e+04
5.747999999999999776e-01 -1.022082573119836707e+04
5.749000000000000776e-01 -1.022307683463318244e+04
5.750000000000000666e-01 -1.022533023571319791e+04
5.751000000000000556e-01 -1.022758637967512004e+04
5.752000000000000446e-01 -1.022984554690110417e+04
5.753000000000000336e-01 -1.023210791802486892e+04
5.754000000000000226e-01 -1.023437359711646604e+04
5.755000000000000115e-01 -1.023664262518051146e+04
5.756000000000000005e-01 -1.023891499173905140e+04
5.756999999999999895e-01 -1.024119045140176786e+04
5.757999999999999785e-01 -1.024346747582541684e+04
5.759000000000000785e-01 -1.024574291409260877e+04
5.760000000000000675e-01 -1.024801672848220005e+04
5.761000000000000565e-01 -1.025028980086723641e+04
5.762000000000000455e-01 -1.025256242088161525e+04
5.763000000000000345e-01 -1.025483448962323200e+04
5.764000000000000234e-01 -1.025710579805734051e+04
5.765000000000000124e-01 -1.025937542192018191e+04
5.766000000000000014e-01 -1.026164150986892128e+04
5.766999999999999904e-01 -1.026390577550252601e+04
5.767999999999999794e-01 -1.026616921176591677e+04
5.769000000000000794e-01 -1.026843177471794297e+04
5.770000000000000684e-01 -1.027068908955534971e+04
5.771000000000000574e-01 -1.027293223503644913e+04
5.772000000000000464e-01 -1.027516084835021866e+04
5.773000000000000353e-01 -1.027737819631189632e+04
5.774000000000000243e-01 -1.027958981137243791e+04
5.775000000000000133e-01 -1.028179823595547350e+04
5.776000000000000023e-01 -1.028400463911580846e+04
5.776999999999999913e-01 -1.028620973270547438e+04
5.777999999999999803e-01 -1.028841401329942346e+04
5.779000000000000803e-01 -1.029061773474679831e+04
5.780000000000000693e-01 -1.029282112159593453e+04
5.781000000000000583e-01 -1.029502441355621340e+04
5.782000000000000473e-01 -1.029722786091394846e+04
5.783000000000000362e-01 -1.029943171300533140e+04
5.784000000000000252e-01 -1.030163620468417139e+04
5.785000000000000142e-01 -1.030384154237339135e+04
5.786000000000000032e-01 -1.030604789113118022e+04
5.786999999999999922e-01 -1.030825536423544509e+04
5.787999999999999812e-01 -1.031046401661197160e+04
5.789000000000000812e-01 -1.031267384297202261e+04
5.790000000000000702e-01 -1.031488478089322234e+04
5.791000000000000592e-01 -1.031709671839668408e+04
5.792000000000000481e-01 -1.031930950498549464e+04
5.793000000000000371e-01 -1.032152296472483249e+04
5.794000000000000261e-01 -1.032373690982202424e+04
5.795000000000000151e-01 -1.032595135309177567e+04
5.796000000000000041e-01 -1.032816560387318896e+04
5.796999999999999931e-01 -1.033037834201382793e+04
5.797999999999999821e-01 -1.033258941568881164e+04
5.799000000000000821e-01 -1.033479901298139157e+04
5.800000000000000711e-01 -1.033700741914238642e+04
5.801000000000000600e-01 -1.033920229812764046e+04
5.802000000000000490e-01 -1.034135404005066812e+04
5.803000000000000380e-01 -1.034346444163337583e+04
5.804000000000000270e-01 -1.034554305266761185e+04
5.805000000000000160e-01 -1.034759827930202664e+04
5.806000000000000050e-01 -1.034963635973399323e+04
5.806999999999999940e-01 -1.035166156526256964e+04
5.807999999999999829e-01 -1.035367782213005376e+04
5.809000000000000830e-01 -1.035568737974701617e+04
5.810000000000000719e-01 -1.035769190003389485e+04
5.811000000000000609e-01 -1.035969269331026226e+04
5.812000000000000499e-01 -1.036169073999761895e+04
5.813000000000000389e-01 -1.036368681469067269e+04
5.814000000000000279e-01 -1.036568152908504999e+04
5.815000000000000169e-01 -1.036767538428854095e+04
5.816000000000000059e-01 -1.036966871480301052e+04
5.816999999999999948e-01 -1.037166240034780458e+04
5.817999999999999838e-01 -1.037365792050328491e+04
5.818999999999999728e-01 -1.037565329273262432e+04
5.820000000000000728e-01 -1.037764884669657658e+04
5.821000000000000618e-01 -1.037964498926047781e+04
5.822000000000000508e-01 -1.038164168360983058e+04
5.823000000000000398e-01 -1.038363875833604652e+04
5.824000000000000288e-01 -1.038563600124461118e+04
5.825000000000000178e-01 -1.038763319350572237e+04
5.826000000000000068e-01 -1.038963005965487719e+04
5.826999999999999957e-01 -1.039162630679888025e+04
5.827999999999999847e-01 -1.039362281368634831e+04
5.828999999999999737e-01 -1.039561900758184674e+04
5.830000000000000737e-01 -1.039761594651281121e+04
5.831000000000000627e-01 -1.039961178490244856e+04
5.832000000000000517e-01 -1.040160626228836736e+04
5.833000000000000407e-01 -1.040359963169023104e+04
5.834000000000000297e-01 -1.040559211219773533e+04
5.835000000000000187e-01 -1.040758388109240514e+04
5.836000000000000076e-01 -1.040957507748884018e+04
5.836999999999999966e-01 -1.041156575421264279e+04
5.837999999999999856e-01 -1.041355584621353410e+04
5.838999999999999746e-01 -1.041554484515124204e+04
5.840000000000000746e-01 -1.041753094503853936e+04
5.841000000000000636e-01 -1.041951265443440570e+04
5.842000000000000526e-01 -1.042148937569188456e+04
5.843000000000000416e-01 -1.042346164363780190e+04
5.844000000000000306e-01 -1.042543018729431060e+04
5.845000000000000195e-01 -1.042739561364013207e+04
5.846000000000000085e-01 -1.042935838136550956e+04
5.846999999999999975e-01 -1.043131883175704024e+04
5.847999999999999865e-01 -1.043327722269204060e+04
5.848999999999999755e-01 -1.043523375487267003e+04
5.850000000000000755e-01 -1.043718859018582225e+04
5.851000000000000645e-01 -1.043914186417271776e+04
5.852000000000000535e-01 -1.044109369449250335e+04
5.853000000000000425e-01 -1.044304418670773339e+04
5.854000000000000314e-01 -1.044499343824636162e+04
5.855000000000000204e-01 -1.044694165260973023e+04
5.856000000000000094e-01 -1.044888956069270171e+04
5.856999999999999984e-01 -1.045083595763931771e+04
5.857999999999999874e-01 -1.045278102807002506e+04
5.858999999999999764e-01 -1.045472509708198777e+04
5.860000000000000764e-01 -1.045666834194133480e+04
5.861000000000000654e-01 -1.045861088164733155e+04
5.862000000000000544e-01 -1.046055296115986312e+04
5.863000000000000433e-01 -1.046249525897151943e+04
5.864000000000000323e-01 -1.046443733028813222e+04
5.865000000000000213e-01 -1.046638016113684898e+04
5.866000000000000103e-01 -1.046832418428878009e+04
5.866999999999999993e-01 -1.047026371653669958e+04
5.867999999999999883e-01 -1.047220296824115212e+04
5.868999999999999773e-01 -1.047414341390940535e+04
5.870000000000000773e-01 -1.047608744751520317e+04
5.871000000000000663e-01 -1.047804027325601783e+04
5.872000000000000552e-01 -1.047999263927134052e+04
5.873000000000000442e-01 -1.048195177317368871e+04
5.874000000000000332e-01 -1.048391199706339103e+04
5.875000000000000222e-01 -1.048587476376091035e+04
5.876000000000000112e-01 -1.048784211782312013e+04
5.877000000000000002e-01 -1.048981285330656101e+04
5.877999999999999892e-01 -1.049178952757203115e+04
5.878999999999999782e-01 -1.049376746618803190e+04
5.880000000000000782e-01 -1.049574811729191060e+04
5.881000000000000671e-01 -1.049773623972541282e+04
5.882000000000000561e-01 -1.049972655357330223e+04
5.883000000000000451e-01 -1.050171410635938082e+04
5.884000000000000341e-01 -1.050369645516622040e+04
5.885000000000000231e-01 -1.050567842473915152e+04
5.886000000000000121e-01 -1.050766140452712170e+04
5.887000000000000011e-01 -1.050964147151019279e+04
5.887999999999999901e-01 -1.051161877644157721e+04
5.888999999999999790e-01 -1.051359479880912113e+04
5.890000000000000790e-01 -1.051556975844838234e+04
5.891000000000000680e-01 -1.051754652107695074e+04
5.892000000000000570e-01 -1.051952944423976805e+04
5.893000000000000460e-01 -1.052151728679838197e+04
5.894000000000000350e-01 -1.052349774723764676e+04
5.895000000000000240e-01 -1.052547222834290733e+04
5.896000000000000130e-01 -1.052745465796793724e+04
5.897000000000000020e-01 -1.052944705162299579e+04
5.897999999999999909e-01 -1.053144478428882576e+04
5.898999999999999799e-01 -1.053344160435805861e+04
5.900000000000000799e-01 -1.053543695853535428e+04
5.901000000000000689e-01 -1.053742978555220179e+04
5.902000000000000579e-01 -1.053941322975802177e+04
5.903000000000000469e-01 -1.054138401504241301e+04
5.904000000000000359e-01 -1.054334436642675792e+04
5.905000000000000249e-01 -1.054529872547687410e+04
5.906000000000000139e-01 -1.054724938376757746e+04
5.907000000000000028e-01 -1.054919602482219670e+04
5.907999999999999918e-01 -1.055113885352173565e+04
5.908999999999999808e-01 -1.055307998358590703e+04
5.910000000000000808e-01 -1.055502321295825641e+04
5.911000000000000698e-01 -1.055696696949063517e+04
5.912000000000000588e-01 -1.055890783089317483e+04
5.913000000000000478e-01 -1.056084380836650053e+04
5.914000000000000368e-01 -1.056277499971701218e+04
5.915000000000000258e-01 -1.056470280607823588e+04
5.916000000000000147e-01 -1.056662890766981218e+04
5.917000000000000037e-01 -1.056855459378757769e+04
5.917999999999999927e-01 -1.057048053862492998e+04
5.918999999999999817e-01 -1.057240687146100026e+04
5.920000000000000817e-01 -1.057433335517480555e+04
5.921000000000000707e-01 -1.057625955142615749e+04
5.922000000000000597e-01 -1.057818492664759106e+04
5.923000000000000487e-01 -1.058010889801120538e+04
5.924000000000000377e-01 -1.058203084982037399e+04
5.925000000000000266e-01 -1.058395011591554430e+04
5.926000000000000156e-01 -1.058586592085213488e+04
5.927000000000000046e-01 -1.058777726461757447e+04
5.927999999999999936e-01 -1.058968234732301971e+04
5.928999999999999826e-01 -1.059157469236034194e+04
5.930000000000000826e-01 -1.059344228058396402e+04
5.931000000000000716e-01 -1.059526544715530690e+04
5.932000000000000606e-01 -1.059702574958772857e+04
5.933000000000000496e-01 -1.059871027066306488e+04
5.934000000000000385e-01 -1.060030981143668032e+04
5.935000000000000275e-01 -1.060181727552935445e+04
5.936000000000000165e-01 -1.060322015189729609e+04
5.937000000000000055e-01 -1.060450013993653010e+04
5.937999999999999945e-01 -1.060563750279888336e+04
5.938999999999999835e-01 -1.060661351190234927e+04
5.940000000000000835e-01 -1.060741826547491110e+04
5.941000000000000725e-01 -1.060806593152711503e+04
5.942000000000000615e-01 -1.060856402971337411e+04
5.943000000000000504e-01 -1.060890941222482070e+04
5.944000000000000394e-01 -1.060910674045909764e+04
5.945000000000000284e-01 -1.060915316572266784e+04
5.946000000000000174e-01 -1.060906879862694586e+04
5.947000000000000064e-01 -1.060892548700936459e+04
5.947999999999999954e-01 -1.060875036806954267e+04
5.948999999999999844e-01 -1.060856883085785012e+04
5.949999999999999734e-01 -1.060848725873710282e+04
5.951000000000000734e-01 -1.060861451324846530e+04
5.952000000000000624e-01 -1.060893429976381231e+04
5.953000000000000513e-01 -1.060943846602167105e+04
5.954000000000000403e-01 -1.061010861291294714e+04
5.955000000000000293e-01 -1.061097180865368682e+04
5.956000000000000183e-01 -1.061204257928615152e+04
5.957000000000000073e-01 -1.061328557041050954e+04
5.957999999999999963e-01 -1.061467327078956987e+04
5.958999999999999853e-01 -1.061617124032309584e+04
5.959999999999999742e-01 -1.061775382043944410e+04
5.961000000000000743e-01 -1.061941640132896828e+04
5.962000000000000632e-01 -1.062116890655906536e+04
5.963000000000000522e-01 -1.062298540904283982e+04
5.964000000000000412e-01 -1.062486368943076923e+04
5.965000000000000302e-01 -1.062679538988760032e+04
5.966000000000000192e-01 -1.062875872958051878e+04
5.967000000000000082e-01 -1.063074863936111069e+04
5.967999999999999972e-01 -1.063277236813185118e+04
5.968999999999999861e-01 -1.063480050757971912e+04
5.969999999999999751e-01 -1.063683933022077144e+04
5.971000000000000751e-01 -1.063890472733244860e+04
5.972000000000000641e-01 -1.064097386121448108e+04
5.973000000000000531e-01 -1.064303808957279216e+04
5.974000000000000421e-01 -1.064509474495100767e+04
5.975000000000000311e-01 -1.064714404889768593e+04
5.976000000000000201e-01 -1.064918049846451140e+04
5.977000000000000091e-01 -1.065121000405276027e+04
5.977999999999999980e-01 -1.065324071880414704e+04
5.978999999999999870e-01 -1.065526741591098835e+04
5.979999999999999760e-01 -1.065728912722766108e+04
5.981000000000000760e-01 -1.065930627013639969e+04
5.982000000000000650e-01 -1.066131953771119151e+04
5.983000000000000540e-01 -1.066332957628152872e+04
5.984000000000000430e-01 -1.066533695099197394e+04
5.985000000000000320e-01 -1.066734216004861810e+04
5.986000000000000210e-01 -1.066934564996902373e+04
5.987000000000000099e-01 -1.067134782405130500e+04
5.987999999999999989e-01 -1.067334904576525514e+04
5.988999999999999879e-01 -1.067534964002054767e+04
5.989999999999999769e-01 -1.067734989425756976e+04
5.991000000000000769e-01 -1.067935006012658050e+04
5.992000000000000659e-01 -1.068135035574819449e+04
5.993000000000000549e-01 -1.068335096818940292e+04
5.994000000000000439e-01 -1.068535205579118883e+04
5.995000000000000329e-01 -1.068735375012079021e+04
5.996000000000000218e-01 -1.068935615750430406e+04
5.997000000000000108e-01 -1.069135936021908310e+04
5.997999999999999998e-01 -1.069336350916957963e+04
5.998999999999999888e-01 -1.069536975822475688e+04
5.999999999999999778e-01 -1.069738078892619524e+04
6.001000000000000778e-01 -1.070123699858543114e+04
6.002000000000000668e-01 -1.070622960482573035e+04
6.003000000000000558e-01 -1.071149911076116950e+04
6.004000000000000448e-01 -1.071706986807007706e+04
6.005000000000000338e-01 -1.072325903106475562e+04
6.006000000000000227e-01 -1.073030508237314461e+04
6.007000000000000117e-01 -1.073790108026637790e+04
6.008000000000000007e-01 -1.074603413402211663e+04
6.008999999999999897e-01 -1.075464268272841400e+04
6.009999999999999787e-01 -1.076203015025971217e+04
6.011000000000000787e-01 -1.076691685180478635e+04
6.012000000000000677e-01 -1.077048309063423585e+04
6.013000000000000567e-01 -1.077332328705148757e+04
6.014000000000000457e-01 -1.077558529692565935e+04
6.015000000000000346e-01 -1.077730981627790788e+04
6.016000000000000236e-01 -1.077909871337001459e+04
6.017000000000000126e-01 -1.078159589530880839e+04
6.018000000000000016e-01 -1.078448627996466166e+04
6.018999999999999906e-01 -1.078703784142423865e+04
6.019999999999999796e-01 -1.078905007850617221e+04
6.021000000000000796e-01 -1.079070128770410338e+04
6.022000000000000686e-01 -1.079215435518983395e+04
6.023000000000000576e-01 -1.079351185193674428e+04
6.024000000000000465e-01 -1.079483951222544965e+04
6.025000000000000355e-01 -1.079618642067055043e+04
6.026000000000000245e-01 -1.079759347424878979e+04
6.027000000000000135e-01 -1.079908209687691487e+04
6.028000000000000025e-01 -1.080066087801353569e+04
6.028999999999999915e-01 -1.080232467555323274e+04
6.029999999999999805e-01 -1.080405524160492678e+04
6.031000000000000805e-01 -1.080583297591414885e+04
6.032000000000000695e-01 -1.080763529653273145e+04
6.033000000000000584e-01 -1.080943794559532398e+04
6.034000000000000474e-01 -1.081121867732597457e+04
6.035000000000000364e-01 -1.081295769404302700e+04
6.036000000000000254e-01 -1.081463553479693655e+04
6.037000000000000144e-01 -1.081623134928108448e+04
6.038000000000000034e-01 -1.081773038692839873e+04
6.038999999999999924e-01 -1.081912081104705612e+04
6.039999999999999813e-01 -1.082039050054280960e+04
6.041000000000000814e-01 -1.082152889489047993e+04
6.042000000000000703e-01 -1.082252793274595751e+04
6.043000000000000593e-01 -1.082338189913868518e+04
6.044000000000000483e-01 -1.082408704549303729e+04
6.045000000000000373e-01 -1.082464179583718396e+04
6.046000000000000263e-01 -1.082505210480936148e+04
6.047000000000000153e-01 -1.082536062012325783e+04
6.048000000000000043e-01 -1.082560011202102942e+04
6.048999999999999932e-01 -1.082578774487658848e+04
6.049999999999999822e-01 -1.082595885702584565e+04
6.051000000000000822e-01 -1.082615854780034897e+04
6.052000000000000712e-01 -1.082647571134494683e+04
6.053000000000000602e-01 -1.082694942382929912e+04
6.054000000000000492e-01 -1.082758493894262756e+04
6.055000000000000382e-01 -1.082834523984434054e+04
6.056000000000000272e-01 -1.082922497513815870e+04
6.057000000000000162e-01 -1.083025429562135650e+04
6.058000000000000052e-01 -1.083145726514800845e+04
6.058999999999999941e-01 -1.083281528667840394e+04
6.059999999999999831e-01 -1.083429910372445374e+04
6.061000000000000831e-01 -1.083588120382588386e+04
6.062000000000000721e-01 -1.083752382829600174e+04
6.063000000000000611e-01 -1.083923344547952911e+04
6.064000000000000501e-01 -1.084100302815474060e+04
6.065000000000000391e-01 -1.084282103050812111e+04
6.066000000000000281e-01 -1.084468246603291118e+04
6.067000000000000171e-01 -1.084656548120590378e+04
6.068000000000000060e-01 -1.084847713970637051e+04
6.068999999999999950e-01 -1.085044042250949860e+04
6.069999999999999840e-01 -1.085243371816024228e+04
6.071000000000000840e-01 -1.085444287276354771e+04
6.072000000000000730e-01 -1.085646012348668592e+04
6.073000000000000620e-01 -1.085848259400739698e+04
6.074000000000000510e-01 -1.086050912971178332e+04
6.075000000000000400e-01 -1.086253367943498051e+04
6.076000000000000290e-01 -1.086456361180012391e+04
6.077000000000000179e-01 -1.086659388975609727e+04
6.078000000000000069e-01 -1.086862062721055190e+04
6.078999999999999959e-01 -1.087064412980949237e+04
6.079999999999999849e-01 -1.087266488332180415e+04
6.080999999999999739e-01 -1.087468269585501730e+04
6.082000000000000739e-01 -1.087669604423872443e+04
6.083000000000000629e-01 -1.087870962565046830e+04
6.084000000000000519e-01 -1.088072348374987087e+04
6.085000000000000409e-01 -1.088273747964126051e+04
6.086000000000000298e-01 -1.088475135665456583e+04
6.087000000000000188e-01 -1.088676560056325434e+04
6.088000000000000078e-01 -1.088878015118334224e+04
6.088999999999999968e-01 -1.089078675708683477e+04
6.089999999999999858e-01 -1.089230006649511051e+04
6.090999999999999748e-01 -1.089324188035640873e+04
6.092000000000000748e-01 -1.089414197559110653e+04
6.093000000000000638e-01 -1.089521697670912545e+04
6.094000000000000528e-01 -1.089649480081261390e+04
6.095000000000000417e-01 -1.089794273076923673e+04
6.096000000000000307e-01 -1.089953083698692353e+04
6.097000000000000197e-01 -1.090123220785778904e+04
6.098000000000000087e-01 -1.090301798018883710e+04
6.098999999999999977e-01 -1.090486458943889011e+04
6.099999999999999867e-01 -1.090675490362150595e+04
6.100999999999999757e-01 -1.090869082930586410e+04
6.102000000000000757e-01 -1.091069865356797709e+04
6.103000000000000647e-01 -1.091277431153380348e+04
6.104000000000000536e-01 -1.091490345418220932e+04
6.105000000000000426e-01 -1.091707259981441712e+04
6.106000000000000316e-01 -1.091927127637055492e+04
6.107000000000000206e-01 -1.092149178514009691e+04
6.108000000000000096e-01 -1.092372853606082208e+04
6.108999999999999986e-01 -1.092597745867004960e+04
6.109999999999999876e-01 -1.092823557140687444e+04
6.110999999999999766e-01 -1.093050068538022970e+04
6.112000000000000766e-01 -1.093277120298674708e+04
6.113000000000000655e-01 -1.093504597959408966e+04
6.114000000000000545e-01 -1.093732422904361010e+04
6.115000000000000435e-01 -1.093960547026763197e+04
6.116000000000000325e-01 -1.094188961505601219e+04
6.117000000000000215e-01 -1.094417846609822664e+04
6.118000000000000105e-01 -1.094647373085061190e+04
6.118999999999999995e-01 -1.094877507672509273e+04
6.119999999999999885e-01 -1.095108167212976150e+04
6.120999999999999774e-01 -1.095339269510954000e+04
6.122000000000000774e-01 -1.095570743893885083e+04
6.123000000000000664e-01 -1.095801845464491271e+04
6.124000000000000554e-01 -1.095995548441159008e+04
6.125000000000000444e-01 -1.096162744632627619e+04
6.126000000000000334e-01 -1.096332538874046440e+04
6.127000000000000224e-01 -1.096513506362313638e+04
6.128000000000000114e-01 -1.096705985615670761e+04
6.129000000000000004e-01 -1.096907946218473262e+04
6.129999999999999893e-01 -1.097117153926257015e+04
6.130999999999999783e-01 -1.097331796789739383e+04
6.132000000000000783e-01 -1.097550561022893453e+04
6.133000000000000673e-01 -1.097772449267321463e+04
6.134000000000000563e-01 -1.097996766151113843e+04
6.135000000000000453e-01 -1.098223021670578237e+04
6.136000000000000343e-01 -1.098450865505896581e+04
6.137000000000000233e-01 -1.098680043454006045e+04
6.138000000000000123e-01 -1.098910370296114525e+04
6.139000000000000012e-01 -1.099141759299867772e+04
6.139999999999999902e-01 -1.099374271877882347e+04
6.140999999999999792e-01 -1.099607881370841824e+04
6.142000000000000792e-01 -1.099842481625955224e+04
6.143000000000000682e-01 -1.100077959913991072e+04
6.144000000000000572e-01 -1.100314235913413904e+04
6.145000000000000462e-01 -1.100551251908015547e+04
6.146000000000000352e-01 -1.100788993382870649e+04
6.147000000000000242e-01 -1.101027721392841704e+04
6.148000000000000131e-01 -1.101267948722406800e+04
6.149000000000000021e-01 -1.101509848421734750e+04
6.149999999999999911e-01 -1.101753439357727075e+04
6.150999999999999801e-01 -1.101998688302581650e+04
6.152000000000000801e-01 -1.102245275558541834e+04
6.153000000000000691e-01 -1.102493471682911877e+04
6.154000000000000581e-01 -1.102743417292490631e+04
6.155000000000000471e-01 -1.102995160889902400e+04
6.156000000000000361e-01 -1.103248745388849238e+04
6.157000000000000250e-01 -1.103504274941362564e+04
6.158000000000000140e-01 -1.103761338627719306e+04
6.159000000000000030e-01 -1.104019543196860468e+04
6.159999999999999920e-01 -1.104280181214355616e+04
6.160999999999999810e-01 -1.104543125182355470e+04
6.162000000000000810e-01 -1.104808246495333515e+04
6.163000000000000700e-01 -1.105075848358353687e+04
6.164000000000000590e-01 -1.105346103523973943e+04
6.165000000000000480e-01 -1.105619044307885815e+04
6.166000000000000369e-01 -1.105896352142664182e+04
6.167000000000000259e-01 -1.106178665652256677e+04
6.168000000000000149e-01 -1.106466333899827441e+04
6.169000000000000039e-01 -1.106759145163576250e+04
6.169999999999999929e-01 -1.107055742446922886e+04
6.170999999999999819e-01 -1.107338289884529149e+04
6.172000000000000819e-01 -1.107610331145336932e+04
6.173000000000000709e-01 -1.107889796296324130e+04
6.174000000000000599e-01 -1.108180654086598224e+04
6.175000000000000488e-01 -1.108496697516736276e+04
6.176000000000000378e-01 -1.108831053755955872e+04
6.177000000000000268e-01 -1.109187867888345500e+04
6.178000000000000158e-01 -1.109547131081561929e+04
6.179000000000000048e-01 -1.109912368266270278e+04
6.179999999999999938e-01 -1.110280936292347906e+04
6.180999999999999828e-01 -1.110671999336617228e+04
6.182000000000000828e-01 -1.111078018398574568e+04
6.183000000000000718e-01 -1.111502509985315919e+04
6.184000000000000608e-01 -1.111953695730294203e+04
6.185000000000000497e-01 -1.112436918888704895e+04
6.186000000000000387e-01 -1.112952838023650111e+04
6.187000000000000277e-01 -1.113506883758460572e+04
6.188000000000000167e-01 -1.114047792451522037e+04
6.189000000000000057e-01 -1.114461554290280401e+04
6.189999999999999947e-01 -1.114732948682335336e+04
6.190999999999999837e-01 -1.114955894274344610e+04
6.192000000000000837e-01 -1.115147391087658616e+04
6.193000000000000727e-01 -1.115330631273665131e+04
6.194000000000000616e-01 -1.115517163223960961e+04
6.195000000000000506e-01 -1.115711398466633182e+04
6.196000000000000396e-01 -1.115915530575052253e+04
6.197000000000000286e-01 -1.116130342549462875e+04
6.198000000000000176e-01 -1.116353686822169766e+04
6.199000000000000066e-01 -1.116581967403209637e+04
6.199999999999999956e-01 -1.116812188102685286e+04
6.200999999999999845e-01 -1.117042646663541927e+04
6.202000000000000846e-01 -1.117272801578057806e+04
6.203000000000000735e-01 -1.117502767268035495e+04
6.204000000000000625e-01 -1.117732590142935624e+04
6.205000000000000515e-01 -1.117962231536689251e+04
6.206000000000000405e-01 -1.118191796297062501e+04
6.207000000000000295e-01 -1.118421458591649207e+04
6.208000000000000185e-01 -1.118651380187345967e+04
6.209000000000000075e-01 -1.118881654123192675e+04
6.209999999999999964e-01 -1.119112203095442237e+04
6.210999999999999854e-01 -1.119342783304745717e+04
6.211999999999999744e-01 -1.119573039926784259e+04
6.213000000000000744e-01 -1.119803018991217323e+04
6.214000000000000634e-01 -1.120033112711118520e+04
6.215000000000000524e-01 -1.120263544802983961e+04
6.216000000000000414e-01 -1.120494351977748374e+04
6.217000000000000304e-01 -1.120725608872320117e+04
6.218000000000000194e-01 -1.120957370077326414e+04
6.219000000000000083e-01 -1.121189720418162142e+04
6.219999999999999973e-01 -1.121422740143844749e+04
6.220999999999999863e-01 -1.121656491801262564e+04
6.221999999999999753e-01 -1.121891022202356362e+04
6.223000000000000753e-01 -1.122126367866059445e+04
6.224000000000000643e-01 -1.122362558955667191e+04
6.225000000000000533e-01 -1.122599622297725546e+04
6.226000000000000423e-01 -1.122837613023550512e+04
6.227000000000000313e-01 -1.123076494664112579e+04
6.228000000000000203e-01 -1.123316235783611046e+04
6.229000000000000092e-01 -1.123556819175858800e+04
6.229999999999999982e-01 -1.123798058044187019e+04
6.230999999999999872e-01 -1.124039817295007742e+04
6.231999999999999762e-01 -1.124281952741362147e+04
6.233000000000000762e-01 -1.124524014609765072e+04
6.234000000000000652e-01 -1.124765093461841207e+04
6.235000000000000542e-01 -1.125005240780009444e+04
6.236000000000000432e-01 -1.125245088469159782e+04
6.237000000000000322e-01 -1.125480743444974723e+04
6.238000000000000211e-01 -1.125704490432570856e+04
6.239000000000000101e-01 -1.125918374901913012e+04
6.239999999999999991e-01 -1.126131383724547595e+04
6.240999999999999881e-01 -1.126347160612006155e+04
6.241999999999999771e-01 -1.126566023229456368e+04
6.243000000000000771e-01 -1.126787056214164113e+04
6.244000000000000661e-01 -1.127009190388176103e+04
6.245000000000000551e-01 -1.127231646025778355e+04
6.246000000000000441e-01 -1.127453993050854478e+04
6.247000000000000330e-01 -1.127676074346504174e+04
6.248000000000000220e-01 -1.127897905196418833e+04
6.249000000000000110e-01 -1.128119634618666714e+04
6.250000000000000000e-01 -1.128341310160969260e+04
6.250999999999999890e-01 -1.128562866621887952e+04
6.251999999999999780e-01 -1.128784312857655641e+04
6.253000000000000780e-01 -1.129005658977742132e+04
6.254000000000000670e-01 -1.129226874517131910e+04
6.255000000000000560e-01 -1.129447902089372292e+04
6.256000000000000449e-01 -1.129668684867674347e+04
6.257000000000000339e-01 -1.129889185112180348e+04
6.258000000000000229e-01 -1.130109410340417890e+04
6.259000000000000119e-01 -1.130329406011428000e+04
6.260000000000000009e-01 -1.130549199808371486e+04
6.260999999999999899e-01 -1.130768857978416781e+04
6.261999999999999789e-01 -1.130988491498378971e+04
6.263000000000000789e-01 -1.131208190971222393e+04
6.264000000000000679e-01 -1.131427993294426051e+04
6.265000000000000568e-01 -1.131647921194293303e+04
6.266000000000000458e-01 -1.131867986293483409e+04
6.267000000000000348e-01 -1.132088161218205823e+04
6.268000000000000238e-01 -1.132308288934873963e+04
6.269000000000000128e-01 -1.132528262624073432e+04
6.270000000000000018e-01 -1.132748088440016727e+04
6.270999999999999908e-01 -1.132967777665966423e+04
6.271999999999999797e-01 -1.133187392814857776e+04
6.273000000000000798e-01 -1.133407014101435379e+04
6.274000000000000687e-01 -1.133626674697163253e+04
6.275000000000000577e-01 -1.133846324918500795e+04
6.276000000000000467e-01 -1.134065917324354086e+04
6.277000000000000357e-01 -1.134285538623559296e+04
6.278000000000000247e-01 -1.134505075361055606e+04
6.279000000000000137e-01 -1.134724473253458564e+04
6.280000000000000027e-01 -1.134943768179756989e+04
6.280999999999999917e-01 -1.135163017262189533e+04
6.281999999999999806e-01 -1.135382260734544798e+04
6.283000000000000806e-01 -1.135601516687993717e+04
6.284000000000000696e-01 -1.135820788473620814e+04
6.285000000000000586e-01 -1.136040073032891087e+04
6.286000000000000476e-01 -1.136259379606889706e+04
6.287000000000000366e-01 -1.136478679747495698e+04
6.288000000000000256e-01 -1.136697958632656810e+04
6.289000000000000146e-01 -1.136917227436600115e+04
6.290000000000000036e-01 -1.137136487995012067e+04
6.290999999999999925e-01 -1.137355878591819965e+04
6.291999999999999815e-01 -1.137575383165833591e+04
6.293000000000000815e-01 -1.137794822086831118e+04
6.294000000000000705e-01 -1.138014156080264002e+04
6.295000000000000595e-01 -1.138233394777861395e+04
6.296000000000000485e-01 -1.138452552232651760e+04
6.297000000000000375e-01 -1.138671654364196911e+04
6.298000000000000265e-01 -1.138890686480856493e+04
6.299000000000000155e-01 -1.139109641565980746e+04
6.300000000000000044e-01 -1.139328379298384607e+04
6.300999999999999934e-01 -1.139546024374513217e+04
6.301999999999999824e-01 -1.139760043164839044e+04
6.303000000000000824e-01 -1.139970773584143535e+04
6.304000000000000714e-01 -1.140179101671908211e+04
6.305000000000000604e-01 -1.140385727563452747e+04
6.306000000000000494e-01 -1.140591121485803706e+04
6.307000000000000384e-01 -1.140795497621313007e+04
6.308000000000000274e-01 -1.140998948348031627e+04
6.309000000000000163e-01 -1.141201656407837982e+04
6.310000000000000053e-01 -1.141403795050484405e+04
6.310999999999999943e-01 -1.141605498394971619e+04
6.311999999999999833e-01 -1.141806865191242832e+04
6.313000000000000833e-01 -1.142007968189323401e+04
6.314000000000000723e-01 -1.142208862208787286e+04
6.315000000000000613e-01 -1.142409589833555583e+04
6.316000000000000503e-01 -1.142610185101985735e+04
6.317000000000000393e-01 -1.142810675775378695e+04
6.318000000000000282e-01 -1.143011084684019625e+04
6.319000000000000172e-01 -1.143211430520285103e+04
6.320000000000000062e-01 -1.143411728332105486e+04
6.320999999999999952e-01 -1.143611989878767054e+04
6.321999999999999842e-01 -1.143812223942288620e+04
6.323000000000000842e-01 -1.144012436640184569e+04
6.324000000000000732e-01 -1.144212631754700124e+04
6.325000000000000622e-01 -1.144412819236955875e+04
6.326000000000000512e-01 -1.144613033919019654e+04
6.327000000000000401e-01 -1.144813431039467287e+04
6.328000000000000291e-01 -1.145014079674783170e+04
6.329000000000000181e-01 -1.145214948733779238e+04
6.330000000000000071e-01 -1.145415986056358270e+04
6.330999999999999961e-01 -1.145617129710099834e+04
6.331999999999999851e-01 -1.145818413367709582e+04
6.333000000000000851e-01 -1.146019988906176513e+04
6.334000000000000741e-01 -1.146221809309456512e+04
6.335000000000000631e-01 -1.146423771904647947e+04
6.336000000000000520e-01 -1.146625784592567106e+04
6.337000000000000410e-01 -1.146827792205424157e+04
6.338000000000000300e-01 -1.147029763665590872e+04
6.339000000000000190e-01 -1.147231676153933040e+04
6.340000000000000080e-01 -1.147433459637466694e+04
6.340999999999999970e-01 -1.147634966113685550e+04
6.341999999999999860e-01 -1.147836145005512117e+04
6.342999999999999750e-01 -1.148036955596747248e+04
6.344000000000000750e-01 -1.148237458809243435e+04
6.345000000000000639e-01 -1.148437737789184939e+04
6.346000000000000529e-01 -1.148637859526361171e+04
6.347000000000000419e-01 -1.148837871969096159e+04
6.348000000000000309e-01 -1.149037812077191666e+04
6.349000000000000199e-01 -1.149237714029816561e+04
6.350000000000000089e-01 -1.149437567864247103e+04
6.350999999999999979e-01 -1.149637445641140948e+04
6.351999999999999869e-01 -1.149837374624819859e+04
6.352999999999999758e-01 -1.150037332105266069e+04
6.354000000000000759e-01 -1.150237188743261686e+04
6.355000000000000648e-01 -1.150436898552506864e+04
6.356000000000000538e-01 -1.150636481193513464e+04
6.357000000000000428e-01 -1.150835943156468238e+04
6.358000000000000318e-01 -1.151035319521980273e+04
6.359000000000000208e-01 -1.151234658519089317e+04
6.360000000000000098e-01 -1.151433978963961272e+04
6.360999999999999988e-01 -1.151633290996336837e+04
6.361999999999999877e-01 -1.151832594126660661e+04
6.362999999999999767e-01 -1.152031881674429496e+04
6.364000000000000767e-01 -1.152231122653403509e+04
6.365000000000000657e-01 -1.152430338124278933e+04
6.366000000000000547e-01 -1.152629510543746801e+04
6.367000000000000437e-01 -1.152828640502133385e+04
6.368000000000000327e-01 -1.153027748240815890e+04
6.369000000000000217e-01 -1.153226854528848344e+04
6.370000000000000107e-01 -1.153425972568221914e+04
6.370999999999999996e-01 -1.153625106744016193e+04
6.371999999999999886e-01 -1.153824222293458661e+04
6.372999999999999776e-01 -1.154023286411485242e+04
6.374000000000000776e-01 -1.154222377247337681e+04
6.375000000000000666e-01 -1.154421517248506825e+04
6.376000000000000556e-01 -1.154620647629819723e+04
6.377000000000000446e-01 -1.154819722865970107e+04
6.378000000000000336e-01 -1.155018730758217134e+04
6.379000000000000226e-01 -1.155217666533673582e+04
6.380000000000000115e-01 -1.155416407504321614e+04
6.381000000000000005e-01 -1.155614774271491478e+04
6.381999999999999895e-01 -1.155812724394477482e+04
6.382999999999999785e-01 -1.156010283627413264e+04
6.384000000000000785e-01 -1.156207487287725053e+04
6.385000000000000675e-01 -1.156404357826106752e+04
6.386000000000000565e-01 -1.156601047300499704e+04
6.387000000000000455e-01 -1.156797594118617599e+04
6.388000000000000345e-01 -1.156993462265086600e+04
6.389000000000000234e-01 -1.157188855361209971e+04
6.390000000000000124e-01 -1.157383870212420334e+04
6.391000000000000014e-01 -1.157578524906276471e+04
6.391999999999999904e-01 -1.157772831091188345e+04
6.392999999999999794e-01 -1.157966530310563394e+04
6.394000000000000794e-01 -1.158159256703973915e+04
6.395000000000000684e-01 -1.158350913540273177e+04
6.396000000000000574e-01 -1.158541511507258110e+04
6.397000000000000464e-01 -1.158731087062744155e+04
6.398000000000000353e-01 -1.158919974220121912e+04
6.399000000000000243e-01 -1.159107956844948785e+04
6.400000000000000133e-01 -1.159294836614871929e+04
6.401000000000000023e-01 -1.159480622001525990e+04
6.401999999999999913e-01 -1.159665373484134943e+04
6.402999999999999803e-01 -1.159849907364841238e+04
6.404000000000000803e-01 -1.160034225321367558e+04
6.405000000000000693e-01 -1.160217819135770878e+04
6.406000000000000583e-01 -1.160402450950008460e+04
6.407000000000000473e-01 -1.160590028963770965e+04
6.408000000000000362e-01 -1.160781801735108274e+04
6.409000000000000252e-01 -1.160977852658542179e+04
6.410000000000000142e-01 -1.161180534383843042e+04
6.411000000000000032e-01 -1.161387336780876285e+04
6.411999999999999922e-01 -1.161587965437008461e+04
6.412999999999999812e-01 -1.161779507758848922e+04
6.414000000000000812e-01 -1.161964150183859601e+04
6.415000000000000702e-01 -1.162145367754611107e+04
6.416000000000000592e-01 -1.162326730112225050e+04
6.417000000000000481e-01 -1.162510910139888801e+04
6.418000000000000371e-01 -1.162698144755798421e+04
6.419000000000000261e-01 -1.162887352013960844e+04
6.420000000000000151e-01 -1.163078013030592956e+04
6.421000000000000041e-01 -1.163270951551968210e+04
6.421999999999999931e-01 -1.163466498341751139e+04
6.422999999999999821e-01 -1.163663627728193933e+04
6.424000000000000821e-01 -1.163859838313843829e+04
6.425000000000000711e-01 -1.164051890068808825e+04
6.426000000000000600e-01 -1.164237511891214308e+04
6.427000000000000490e-01 -1.164415509661437318e+04
6.428000000000000380e-01 -1.164584914666701297e+04
6.429000000000000270e-01 -1.164744408008596474e+04
6.430000000000000160e-01 -1.164892330041690730e+04
6.431000000000000050e-01 -1.165026653586566863e+04
6.431999999999999940e-01 -1.165144757653075249e+04
6.432999999999999829e-01 -1.165244160341493625e+04
6.434000000000000830e-01 -1.165323192628710785e+04
6.435000000000000719e-01 -1.165380825894724694e+04
6.436000000000000609e-01 -1.165419779741209095e+04
6.437000000000000499e-01 -1.165442175515198323e+04
6.438000000000000389e-01 -1.165445197534229192e+04
6.439000000000000279e-01 -1.165428329640099764e+04
6.440000000000000169e-01 -1.165392856411008870e+04
6.441000000000000059e-01 -1.165342257927970604e+04
6.441999999999999948e-01 -1.165275811872772283e+04
6.442999999999999838e-01 -1.165211517866927898e+04
6.444000000000000838e-01 -1.165166577589393819e+04
6.445000000000000728e-01 -1.165154261351465902e+04
6.446000000000000618e-01 -1.165167288592767909e+04
6.447000000000000508e-01 -1.165208716418132826e+04
6.448000000000000398e-01 -1.165285580013078106e+04
6.449000000000000288e-01 -1.165393108175686757e+04
6.450000000000000178e-01 -1.165521512541721495e+04
6.451000000000000068e-01 -1.165661592851793648e+04
6.451999999999999957e-01 -1.165807928086047468e+04
6.452999999999999847e-01 -1.165947327746782503e+04
6.454000000000000847e-01 -1.166083691918203112e+04
6.455000000000000737e-01 -1.166230208407634200e+04
6.456000000000000627e-01 -1.166388967092865460e+04
6.457000000000000517e-01 -1.166553068923994942e+04
6.458000000000000407e-01 -1.166727285889294762e+04
6.459000000000000297e-01 -1.166909037131255354e+04
6.460000000000000187e-01 -1.167093510088757284e+04
6.461000000000000076e-01 -1.167282828195044931e+04
6.461999999999999966e-01 -1.167476359907515325e+04
6.462999999999999856e-01 -1.167672770681274415e+04
6.464000000000000856e-01 -1.167871271967316352e+04
6.465000000000000746e-01 -1.168071528603541447e+04
6.466000000000000636e-01 -1.168272572457293973e+04
6.467000000000000526e-01 -1.168473829380468487e+04
6.468000000000000416e-01 -1.168677120721255960e+04
6.469000000000000306e-01 -1.168882080269676771e+04
6.470000000000000195e-01 -1.169086538094976277e+04
6.471000000000000085e-01 -1.169289074736204202e+04
6.471999999999999975e-01 -1.169489113212784468e+04
6.472999999999999865e-01 -1.169686965012516885e+04
6.474000000000000865e-01 -1.169884010212393696e+04
6.475000000000000755e-01 -1.170081235521492999e+04
6.476000000000000645e-01 -1.170279239927985145e+04
6.477000000000000535e-01 -1.170478101707652604e+04
6.478000000000000425e-01 -1.170677349627089825e+04
6.479000000000000314e-01 -1.170876953669313662e+04
6.480000000000000204e-01 -1.171077088668544275e+04
6.481000000000000094e-01 -1.171277781309022430e+04
6.481999999999999984e-01 -1.171478757251088427e+04
6.482999999999999874e-01 -1.171679749952933162e+04
6.483999999999999764e-01 -1.171880844992076891e+04
6.485000000000000764e-01 -1.172081996791463644e+04
6.486000000000000654e-01 -1.172283099500700882e+04
6.487000000000000544e-01 -1.172483532098433534e+04
6.488000000000000433e-01 -1.172683228656830579e+04
6.489000000000000323e-01 -1.172882463364380237e+04
6.490000000000000213e-01 -1.173081384043304934e+04
6.491000000000000103e-01 -1.173280065473128161e+04
6.491999999999999993e-01 -1.173478552798874443e+04
6.492999999999999883e-01 -1.173676909974450064e+04
6.493999999999999773e-01 -1.173875498460536073e+04
6.495000000000000773e-01 -1.174074481589603784e+04
6.496000000000000663e-01 -1.174272977916608033e+04
6.497000000000000552e-01 -1.174471696224817242e+04
6.498000000000000442e-01 -1.174671040348261340e+04
6.499000000000000332e-01 -1.174870100048351924e+04
6.500000000000000222e-01 -1.175069391747165901e+04
6.501000000000000112e-01 -1.175458288576073028e+04
6.502000000000000002e-01 -1.176005311340576918e+04
6.502999999999999892e-01 -1.176613765935168885e+04
6.503999999999999782e-01 -1.177260092596189679e+04
6.505000000000000782e-01 -1.177955420512661294e+04
6.506000000000000671e-01 -1.178734215880757620e+04
6.507000000000000561e-01 -1.179552255110970873e+04
6.508000000000000451e-01 -1.180342279715175391e+04
6.509000000000000341e-01 -1.180946838315698733e+04
6.510000000000000231e-01 -1.181432906181424551e+04
6.511000000000000121e-01 -1.181858464659319361e+04
6.512000000000000011e-01 -1.182245344748946991e+04
6.512999999999999901e-01 -1.182607237900833934e+04
6.513999999999999790e-01 -1.182952334404766953e+04
6.515000000000000790e-01 -1.183282052086751719e+04
6.516000000000000680e-01 -1.183582271055744422e+04
6.517000000000000570e-01 -1.183848251416894891e+04
6.518000000000000460e-01 -1.184088397975908629e+04
6.519000000000000350e-01 -1.184301387910908670e+04
6.520000000000000240e-01 -1.184486274777980725e+04
6.521000000000000130e-01 -1.184693375080565056e+04
6.522000000000000020e-01 -1.184988978046967532e+04
6.522999999999999909e-01 -1.185267912771832744e+04
6.523999999999999799e-01 -1.185488584486531363e+04
6.525000000000000799e-01 -1.185661854582524938e+04
6.526000000000000689e-01 -1.185803577335324007e+04
6.527000000000000579e-01 -1.185924520560304336e+04
6.528000000000000469e-01 -1.186030062225967777e+04
6.529000000000000359e-01 -1.186120228757923178e+04
6.530000000000000249e-01 -1.186193110900590727e+04
6.531000000000000139e-01 -1.186249377028619165e+04
6.532000000000000028e-01 -1.186293159374442439e+04
6.532999999999999918e-01 -1.186331181032289896e+04
6.533999999999999808e-01 -1.186364970681603336e+04
6.535000000000000808e-01 -1.186392229325998596e+04
6.536000000000000698e-01 -1.186408027144942571e+04
6.537000000000000588e-01 -1.186403577699082598e+04
6.538000000000000478e-01 -1.186382303767392477e+04
6.539000000000000368e-01 -1.186351173075474981e+04
6.540000000000000258e-01 -1.186319807451342604e+04
6.541000000000000147e-01 -1.186292991864372743e+04
6.542000000000000037e-01 -1.186274467931079926e+04
6.542999999999999927e-01 -1.186271846117378482e+04
6.543999999999999817e-01 -1.186287183057346374e+04
6.545000000000000817e-01 -1.186318882652166576e+04
6.546000000000000707e-01 -1.186370142765541641e+04
6.547000000000000597e-01 -1.186446932855448540e+04
6.548000000000000487e-01 -1.186546144724603982e+04
6.549000000000000377e-01 -1.186662878977119180e+04
6.550000000000000266e-01 -1.186795478390623794e+04
6.551000000000000156e-01 -1.186941904840580537e+04
6.552000000000000046e-01 -1.187101804221269776e+04
6.552999999999999936e-01 -1.187274381418050871e+04
6.553999999999999826e-01 -1.187458086547654239e+04
6.555000000000000826e-01 -1.187649588789748304e+04
6.556000000000000716e-01 -1.187845214361955368e+04
6.557000000000000606e-01 -1.188042949959841098e+04
6.558000000000000496e-01 -1.188241359545329760e+04
6.559000000000000385e-01 -1.188439776031325164e+04
6.560000000000000275e-01 -1.188634777378159561e+04
6.561000000000000165e-01 -1.188832681592642075e+04
6.562000000000000055e-01 -1.189033611676604232e+04
6.562999999999999945e-01 -1.189236309125022672e+04
6.563999999999999835e-01 -1.189439353059014502e+04
6.565000000000000835e-01 -1.189644225562776046e+04
6.566000000000000725e-01 -1.189852051280999876e+04
6.567000000000000615e-01 -1.190061161482280841e+04
6.568000000000000504e-01 -1.190268794280230941e+04
6.569000000000000394e-01 -1.190474254052500692e+04
6.570000000000000284e-01 -1.190676967723658890e+04
6.571000000000000174e-01 -1.190876527483193240e+04
6.572000000000000064e-01 -1.191073039370056540e+04
6.572999999999999954e-01 -1.191267019390280620e+04
6.573999999999999844e-01 -1.191459144391060727e+04
6.575000000000000844e-01 -1.191650214049726492e+04
6.576000000000000734e-01 -1.191841059326589129e+04
6.577000000000000624e-01 -1.192033105418938794e+04
6.578000000000000513e-01 -1.192226952656086905e+04
6.579000000000000403e-01 -1.192422953338578191e+04
6.580000000000000293e-01 -1.192620617962474716e+04
6.581000000000000183e-01 -1.192819066905202271e+04
6.582000000000000073e-01 -1.193018180062574538e+04
6.582999999999999963e-01 -1.193217751101790782e+04
6.583999999999999853e-01 -1.193417857049490885e+04
6.585000000000000853e-01 -1.193618371180652503e+04
6.586000000000000743e-01 -1.193819119651942856e+04
6.587000000000000632e-01 -1.194019938882359202e+04
6.588000000000000522e-01 -1.194220689839426086e+04
6.589000000000000412e-01 -1.194421269918901999e+04
6.590000000000000302e-01 -1.194621619010606446e+04
6.591000000000000192e-01 -1.194821722322696769e+04
6.592000000000000082e-01 -1.195022035182540458e+04
6.592999999999999972e-01 -1.195221948128618533e+04
6.593999999999999861e-01 -1.195421444576490103e+04
6.595000000000000862e-01 -1.195620658092755912e+04
6.596000000000000751e-01 -1.195818782624869164e+04
6.597000000000000641e-01 -1.196017135305154079e+04
6.598000000000000531e-01 -1.196215028236600301e+04
6.599000000000000421e-01 -1.196411717253616007e+04
6.600000000000000311e-01 -1.196607671591970757e+04
6.601000000000000201e-01 -1.196805103992808836e+04
6.602000000000000091e-01 -1.197008297913790375e+04
6.602999999999999980e-01 -1.197218467779385719e+04
6.603999999999999870e-01 -1.197435076788462356e+04
6.605000000000000870e-01 -1.197656899769160918e+04
6.606000000000000760e-01 -1.197882579789768897e+04
6.607000000000000650e-01 -1.198110911787546502e+04
6.608000000000000540e-01 -1.198340953156566684e+04
6.609000000000000430e-01 -1.198572032459695220e+04
6.610000000000000320e-01 -1.198803575639781775e+04
6.611000000000000210e-01 -1.199034696500400605e+04
6.612000000000000099e-01 -1.199265113694365937e+04
6.612999999999999989e-01 -1.199494922299852078e+04
6.613999999999999879e-01 -1.199724210249528551e+04
6.614999999999999769e-01 -1.199953225876730176e+04
6.616000000000000769e-01 -1.200182350874376971e+04
6.617000000000000659e-01 -1.200411646368998299e+04
6.618000000000000549e-01 -1.200641119397118018e+04
6.619000000000000439e-01 -1.200870689110278727e+04
6.620000000000000329e-01 -1.201100301687752108e+04
6.621000000000000218e-01 -1.201329929479197926e+04
6.622000000000000108e-01 -1.201559562831181393e+04
6.622999999999999998e-01 -1.201789202541477061e+04
6.623999999999999888e-01 -1.202018715050486571e+04
6.624999999999999778e-01 -1.202247985199552568e+04
6.626000000000000778e-01 -1.202477132266454100e+04
6.627000000000000668e-01 -1.202706247184805943e+04
6.628000000000000558e-01 -1.202935349386025337e+04
6.629000000000000448e-01 -1.203164583937006319e+04
6.630000000000000338e-01 -1.203393910211757793e+04
6.631000000000000227e-01 -1.203623140759462513e+04
6.632000000000000117e-01 -1.203852491339235530e+04
6.633000000000000007e-01 -1.204082346814059747e+04
6.633999999999999897e-01 -1.204312593219737391e+04
6.634999999999999787e-01 -1.204543181912477121e+04
6.636000000000000787e-01 -1.204774182040008054e+04
6.637000000000000677e-01 -1.205005567312507083e+04
6.638000000000000567e-01 -1.205237318122604484e+04
6.639000000000000457e-01 -1.205469555979172583e+04
6.640000000000000346e-01 -1.205701996627676272e+04
6.641000000000000236e-01 -1.205934423952078942e+04
6.642000000000000126e-01 -1.206167202582148821e+04
6.643000000000000016e-01 -1.206400428254170220e+04
6.643999999999999906e-01 -1.206633920188795673e+04
6.644999999999999796e-01 -1.206867715380290974e+04
6.646000000000000796e-01 -1.207101867155419495e+04
6.647000000000000686e-01 -1.207336555895727361e+04
6.648000000000000576e-01 -1.207572272960963710e+04
6.649000000000000465e-01 -1.207809576069225113e+04
6.650000000000000355e-01 -1.208045946397305852e+04
6.651000000000000245e-01 -1.208265255229127979e+04
6.652000000000000135e-01 -1.208472374398909415e+04
6.653000000000000025e-01 -1.208647529416062935e+04
6.653999999999999915e-01 -1.208803035616106717e+04
6.654999999999999805e-01 -1.208961052963919246e+04
6.656000000000000805e-01 -1.209135557633181452e+04
6.657000000000000695e-01 -1.209330206766970332e+04
6.658000000000000584e-01 -1.209543013122617413e+04
6.659000000000000474e-01 -1.209771278291725139e+04
6.660000000000000364e-01 -1.210011269516212815e+04
6.661000000000000254e-01 -1.210258994821160377e+04
6.662000000000000144e-01 -1.210511409776407345e+04
6.663000000000000034e-01 -1.210767389003150492e+04
6.663999999999999924e-01 -1.211027218854355306e+04
6.664999999999999813e-01 -1.211290762182921753e+04
6.666000000000000814e-01 -1.211557896049313058e+04
6.667000000000000703e-01 -1.211828584231780951e+04
6.668000000000000593e-01 -1.212102603156027544e+04
6.669000000000000483e-01 -1.212381675566306149e+04
6.670000000000000373e-01 -1.212669036877312647e+04
6.671000000000000263e-01 -1.212968964817557207e+04
6.672000000000000153e-01 -1.213275978058973487e+04
6.673000000000000043e-01 -1.213584680335004850e+04
6.673999999999999932e-01 -1.213893463591791806e+04
6.674999999999999822e-01 -1.214201264116450875e+04
6.676000000000000822e-01 -1.214508875574215199e+04
6.677000000000000712e-01 -1.214819930928399117e+04
6.678000000000000602e-01 -1.215139756081638188e+04
6.679000000000000492e-01 -1.215472820613247313e+04
6.680000000000000382e-01 -1.215822134514683967e+04
6.681000000000000272e-01 -1.216189585242920111e+04
6.682000000000000162e-01 -1.216575746421268559e+04
6.683000000000000052e-01 -1.216980568581394073e+04
6.683999999999999941e-01 -1.217404341164300968e+04
6.684999999999999831e-01 -1.217849166441018860e+04
6.686000000000000831e-01 -1.218319231220707115e+04
6.687000000000000721e-01 -1.218820264609258084e+04
6.688000000000000611e-01 -1.219356478172937386e+04
6.689000000000000501e-01 -1.219918076348931027e+04
6.690000000000000391e-01 -1.220526466689244080e+04
6.691000000000000281e-01 -1.221189562183124690e+04
6.692000000000000171e-01 -1.221899289937553294e+04
6.693000000000000060e-01 -1.222578031108564392e+04
6.693999999999999950e-01 -1.222958955076321399e+04
6.694999999999999840e-01 -1.223133411155292924e+04
6.696000000000000840e-01 -1.223281251622143645e+04
6.697000000000000730e-01 -1.223462167833515377e+04
6.698000000000000620e-01 -1.223661203711565577e+04
6.699000000000000510e-01 -1.223861024589257613e+04
6.700000000000000400e-01 -1.224061822326645415e+04
6.701000000000000290e-01 -1.224268905994279157e+04
6.702000000000000179e-01 -1.224487088692286306e+04
6.703000000000000069e-01 -1.224716144285508744e+04
6.703999999999999959e-01 -1.224952446145929207e+04
6.704999999999999849e-01 -1.225191446782409548e+04
6.706000000000000849e-01 -1.225429593137477423e+04
6.707000000000000739e-01 -1.225665034865782218e+04
6.708000000000000629e-01 -1.225897329175068626e+04
6.709000000000000519e-01 -1.226126934084430832e+04
6.710000000000000409e-01 -1.226355629160886747e+04
6.711000000000000298e-01 -1.226619528745248317e+04
6.712000000000000188e-01 -1.226945981403063524e+04
6.713000000000000078e-01 -1.227295721598908312e+04
6.713999999999999968e-01 -1.227633923538401541e+04
6.714999999999999858e-01 -1.227942796159947648e+04
6.716000000000000858e-01 -1.228224661864916743e+04
6.717000000000000748e-01 -1.228487757371267980e+04
6.718000000000000638e-01 -1.228736751190223004e+04
6.719000000000000528e-01 -1.228976468209978702e+04
6.720000000000000417e-01 -1.229211330514636757e+04
6.721000000000000307e-01 -1.229444149225363617e+04
6.722000000000000197e-01 -1.229676398094131946e+04
6.723000000000000087e-01 -1.229908734552934766e+04
6.723999999999999977e-01 -1.230141405628532993e+04
6.724999999999999867e-01 -1.230374488573608505e+04
6.726000000000000867e-01 -1.230607999589259634e+04
6.727000000000000757e-01 -1.230841935053467751e+04
6.728000000000000647e-01 -1.231076282817114225e+04
6.729000000000000536e-01 -1.231311222011088466e+04
6.730000000000000426e-01 -1.231546716527073113e+04
6.731000000000000316e-01 -1.231782267640043756e+04
6.732000000000000206e-01 -1.232018112535092405e+04
6.733000000000000096e-01 -1.232254310419470858e+04
6.733999999999999986e-01 -1.232490860155515838e+04
6.734999999999999876e-01 -1.232727725985420329e+04
6.736000000000000876e-01 -1.232964656827547333e+04
6.737000000000000766e-01 -1.233200731894180353e+04
6.738000000000000655e-01 -1.233435776497559709e+04
6.739000000000000545e-01 -1.233670138221411980e+04
6.740000000000000435e-01 -1.233903846329577391e+04
6.741000000000000325e-01 -1.234137184878646985e+04
6.742000000000000215e-01 -1.234370313056398845e+04
6.743000000000000105e-01 -1.234603299178741509e+04
6.743999999999999995e-01 -1.234836183190311931e+04
6.744999999999999885e-01 -1.235068999731382792e+04
6.745999999999999774e-01 -1.235301448980456553e+04
6.747000000000000774e-01 -1.235529953727571592e+04
6.748000000000000664e-01 -1.235757542066017413e+04
6.749000000000000554e-01 -1.235982483602865250e+04
6.750000000000000444e-01 -1.236200955711115785e+04
6.751000000000000334e-01 -1.236416735533838619e+04
6.752000000000000224e-01 -1.236634889242267309e+04
6.753000000000000114e-01 -1.236853814170673832e+04
6.754000000000000004e-01 -1.237073496276698097e+04
6.754999999999999893e-01 -1.237293920331165282e+04
6.755999999999999783e-01 -1.237514827871885791e+04
6.757000000000000783e-01 -1.237735949920731036e+04
6.758000000000000673e-01 -1.237957213903512820e+04
6.759000000000000563e-01 -1.238178604773206644e+04
6.760000000000000453e-01 -1.238400098570289992e+04
6.761000000000000343e-01 -1.238621735584009002e+04
6.762000000000000233e-01 -1.238843551366650900e+04
6.763000000000000123e-01 -1.239065489802733646e+04
6.764000000000000012e-01 -1.239287411741123469e+04
6.764999999999999902e-01 -1.239509249094245752e+04
6.765999999999999792e-01 -1.239730969438473585e+04
6.767000000000000792e-01 -1.239952543682473333e+04
6.768000000000000682e-01 -1.240173787337171780e+04
6.769000000000000572e-01 -1.240394673460140984e+04
6.770000000000000462e-01 -1.240615312377948067e+04
6.771000000000000352e-01 -1.240835781722556385e+04
6.772000000000000242e-01 -1.241055406578325164e+04
6.773000000000000131e-01 -1.241275770670061320e+04
6.774000000000000021e-01 -1.241496423276667520e+04
6.774999999999999911e-01 -1.241717113376035559e+04
6.775999999999999801e-01 -1.241937831716918663e+04
6.777000000000000801e-01 -1.242158595607786629e+04
6.778000000000000691e-01 -1.242379414138479842e+04
6.779000000000000581e-01 -1.242600286349930684e+04
6.780000000000000471e-01 -1.242821204225999645e+04
6.781000000000000361e-01 -1.243042155620883750e+04
6.782000000000000250e-01 -1.243263126593563538e+04
6.783000000000000140e-01 -1.243484103255175796e+04
6.784000000000000030e-01 -1.243705073206123780e+04
6.784999999999999920e-01 -1.243926026556464421e+04
6.785999999999999810e-01 -1.244146974162891820e+04
6.787000000000000810e-01 -1.244367860775376175e+04
6.788000000000000700e-01 -1.244588718004803559e+04
6.789000000000000590e-01 -1.244809541555952637e+04
6.790000000000000480e-01 -1.245030338966577074e+04
6.791000000000000369e-01 -1.245251122564673824e+04
6.792000000000000259e-01 -1.245471901343269565e+04
6.793000000000000149e-01 -1.245692680708214175e+04
6.794000000000000039e-01 -1.245913463518727986e+04
6.794999999999999929e-01 -1.246134250889378382e+04
6.795999999999999819e-01 -1.246355042768300154e+04
6.797000000000000819e-01 -1.246575838326242956e+04
6.798000000000000709e-01 -1.246796635120806059e+04
6.799000000000000599e-01 -1.247017431722014408e+04
6.800000000000000488e-01 -1.247238227250915952e+04
6.801000000000000378e-01 -1.247457788552520833e+04
6.802000000000000268e-01 -1.247673647335397254e+04
6.803000000000000158e-01 -1.247886131734424271e+04
6.804000000000000048e-01 -1.248096041208529823e+04
6.804999999999999938e-01 -1.248304109235554461e+04
6.805999999999999828e-01 -1.248510827082795549e+04
6.807000000000000828e-01 -1.248716534970725297e+04
6.808000000000000718e-01 -1.248921475358832504e+04
6.809000000000000608e-01 -1.249125824396594362e+04
6.810000000000000497e-01 -1.249329712518238557e+04
6.811000000000000387e-01 -1.249533238361876647e+04
6.812000000000000277e-01 -1.249736478222737242e+04
6.813000000000000167e-01 -1.249939492426413199e+04
6.814000000000000057e-01 -1.250142329564248394e+04
6.814999999999999947e-01 -1.250345029262303615e+04
6.815999999999999837e-01 -1.250547623971340909e+04
6.817000000000000837e-01 -1.250750140133229797e+04
6.818000000000000727e-01 -1.250952598976488116e+04
6.819000000000000616e-01 -1.251155017112250789e+04
6.820000000000000506e-01 -1.251357407040204089e+04
6.821000000000000396e-01 -1.251559777623575064e+04
6.822000000000000286e-01 -1.251762134558237267e+04
6.823000000000000176e-01 -1.251964528742814036e+04
6.824000000000000066e-01 -1.252167149257545861e+04
6.824999999999999956e-01 -1.252369793198805019e+04
6.825999999999999845e-01 -1.252572404526731771e+04
6.827000000000000846e-01 -1.252774988814361677e+04
6.828000000000000735e-01 -1.252977553415348302e+04
6.829000000000000625e-01 -1.253180093156823204e+04
6.830000000000000515e-01 -1.253382572280639761e+04
6.831000000000000405e-01 -1.253585275910699966e+04
6.832000000000000295e-01 -1.253788057177883456e+04
6.833000000000000185e-01 -1.253990613502608903e+04
6.834000000000000075e-01 -1.254192930958721445e+04
6.834999999999999964e-01 -1.254395070811049300e+04
6.835999999999999854e-01 -1.254597095542345414e+04
6.837000000000000854e-01 -1.254799052476422185e+04
6.838000000000000744e-01 -1.255000974092810793e+04
6.839000000000000634e-01 -1.255202880794784687e+04
6.840000000000000524e-01 -1.255404783494727599e+04
6.841000000000000414e-01 -1.255606685602797552e+04
6.842000000000000304e-01 -1.255808584206208252e+04
6.843000000000000194e-01 -1.256010469184858630e+04
6.844000000000000083e-01 -1.256212283568060411e+04
6.844999999999999973e-01 -1.256413934739396609e+04
6.845999999999999863e-01 -1.256615401599793222e+04
6.847000000000000863e-01 -1.256816650635344013e+04
6.848000000000000753e-01 -1.257017589846056762e+04
6.849000000000000643e-01 -1.257218179900190989e+04
6.850000000000000533e-01 -1.257418405663027261e+04
6.851000000000000423e-01 -1.257618253182458284e+04
6.852000000000000313e-01 -1.257817791160182969e+04
6.853000000000000203e-01 -1.258016862760611548e+04
6.854000000000000092e-01 -1.258215451050938464e+04
6.854999999999999982e-01 -1.258413554584658050e+04
6.855999999999999872e-01 -1.258611145722267065e+04
6.857000000000000872e-01 -1.258808211842571109e+04
6.858000000000000762e-01 -1.259004776690724611e+04
6.859000000000000652e-01 -1.259200862830656843e+04
6.860000000000000542e-01 -1.259396490350924068e+04
6.861000000000000432e-01 -1.259591682265440613e+04
6.862000000000000322e-01 -1.259786458628823675e+04
6.863000000000000211e-01 -1.259980835064581697e+04
6.864000000000000101e-01 -1.260174823083336923e+04
6.864999999999999991e-01 -1.260368428733543624e+04
6.865999999999999881e-01 -1.260561654136681864e+04
6.867000000000000881e-01 -1.260754501497935235e+04
6.868000000000000771e-01 -1.260946969795317455e+04
6.869000000000000661e-01 -1.261139052214506046e+04
6.870000000000000551e-01 -1.261330729670550863e+04
6.871000000000000441e-01 -1.261521957034461957e+04
6.872000000000000330e-01 -1.261712504660931700e+04
6.873000000000000220e-01 -1.261902289301211022e+04
6.874000000000000110e-01 -1.262090969225443587e+04
6.875000000000000000e-01 -1.262278580712957046e+04
6.875999999999999890e-01 -1.262465203022621063e+04
6.876999999999999780e-01 -1.262650285904663178e+04
6.878000000000000780e-01 -1.262834982810501606e+04
6.879000000000000670e-01 -1.263019051705052152e+04
6.880000000000000560e-01 -1.263201910862808472e+04
6.881000000000000449e-01 -1.263384465255942087e+04
6.882000000000000339e-01 -1.263566675887695055e+04
6.883000000000000229e-01 -1.263751801268748750e+04
6.884000000000000119e-01 -1.263943795802143904e+04
6.885000000000000009e-01 -1.264148396169816078e+04
6.885999999999999899e-01 -1.264357754376753110e+04
6.886999999999999789e-01 -1.264564221858971905e+04
6.888000000000000789e-01 -1.264765363924699523e+04
6.889000000000000679e-01 -1.264962016471457719e+04
6.890000000000000568e-01 -1.265156834139733655e+04
6.891000000000000458e-01 -1.265350098333401183e+04
6.892000000000000348e-01 -1.265542187743502109e+04
6.893000000000000238e-01 -1.265733838799770274e+04
6.894000000000000128e-01 -1.265925404709225768e+04
6.895000000000000018e-01 -1.266117794428127308e+04
6.895999999999999908e-01 -1.266311476150358249e+04
6.896999999999999797e-01 -1.266506932766775753e+04
6.898000000000000798e-01 -1.266703937984254480e+04
6.899000000000000687e-01 -1.266901863205745576e+04
6.900000000000000577e-01 -1.267099269229411402e+04
6.901000000000000467e-01 -1.267296121300746927e+04
6.902000000000000357e-01 -1.267491245715628247e+04
6.903000000000000247e-01 -1.267684463235213843e+04
6.904000000000000137e-01 -1.267879287422224843e+04
6.905000000000000027e-01 -1.268076649463973081e+04
6.905999999999999917e-01 -1.268276486698769077e+04
6.906999999999999806e-01 -1.268477117764494869e+04
6.908000000000000806e-01 -1.268676956195494131e+04
6.909000000000000696e-01 -1.268875417145604115e+04
6.910000000000000586e-01 -1.269072534887725487e+04
6.911000000000000476e-01 -1.269268754788109618e+04
6.912000000000000366e-01 -1.269464596330793393e+04
6.913000000000000256e-01 -1.269660430052811171e+04
6.914000000000000146e-01 -1.269856370264190627e+04
6.915000000000000036e-01 -1.270052349435600081e+04
6.915999999999999925e-01 -1.270248597042884830e+04
6.916999999999999815e-01 -1.270445385519079173e+04
6.918000000000000815e-01 -1.270642354310182418e+04
6.919000000000000705e-01 -1.270839017006607355e+04
6.920000000000000595e-01 -1.271035109951022059e+04
6.921000000000000485e-01 -1.271230605121329427e+04
6.922000000000000375e-01 -1.271425485362410109e+04
6.923000000000000265e-01 -1.271619020328128317e+04
6.924000000000000155e-01 -1.271810177407162155e+04
6.925000000000000044e-01 -1.271998374854173017e+04
6.925999999999999934e-01 -1.272183303255224746e+04
6.926999999999999824e-01 -1.272364739639765139e+04
6.928000000000000824e-01 -1.272542371378820644e+04
6.929000000000000714e-01 -1.272714953893920756e+04
6.930000000000000604e-01 -1.272880129133760784e+04
6.931000000000000494e-01 -1.273035907900268830e+04
6.932000000000000384e-01 -1.273181039147567026e+04
6.933000000000000274e-01 -1.273315343299008418e+04
6.934000000000000163e-01 -1.273438408234421513e+04
6.935000000000000053e-01 -1.273549057205362442e+04
6.935999999999999943e-01 -1.273645845299263237e+04
6.936999999999999833e-01 -1.273727468614733334e+04
6.938000000000000833e-01 -1.273792712051667331e+04
6.939000000000000723e-01 -1.273840129238063491e+04
6.940000000000000613e-01 -1.273868705094033430e+04
6.941000000000000503e-01 -1.273876404313257262e+04
6.942000000000000393e-01 -1.273861514336840810e+04
6.943000000000000282e-01 -1.273826843641274718e+04
6.944000000000000172e-01 -1.273777932977717683e+04
6.945000000000000062e-01 -1.273711576603325557e+04
6.945999999999999952e-01 -1.273627463078506844e+04
6.946999999999999842e-01 -1.273529803352429917e+04
6.948000000000000842e-01 -1.273420032691430606e+04
6.949000000000000732e-01 -1.273310219260926533e+04
6.950000000000000622e-01 -1.273212539839385863e+04
6.951000000000000512e-01 -1.273160288858930289e+04
6.952000000000000401e-01 -1.273167235208250713e+04
6.953000000000000291e-01 -1.273226278307457324e+04
6.954000000000000181e-01 -1.273327260656252838e+04
6.955000000000000071e-01 -1.273460964605614936e+04
6.955999999999999961e-01 -1.273620052314597524e+04
6.956999999999999851e-01 -1.273799611968126374e+04
6.958000000000000851e-01 -1.273995167919123742e+04
6.959000000000000741e-01 -1.274196868072278085e+04
6.960000000000000631e-01 -1.274403812910265697e+04
6.961000000000000520e-01 -1.274612236328841573e+04
6.962000000000000410e-01 -1.274819134842818312e+04
6.963000000000000300e-01 -1.275027446904079079e+04
6.964000000000000190e-01 -1.275237549635744654e+04
6.965000000000000080e-01 -1.275450169852767067e+04
6.965999999999999970e-01 -1.275664438717603480e+04
6.966999999999999860e-01 -1.275878879535805572e+04
6.968000000000000860e-01 -1.276095294438176825e+04
6.969000000000000750e-01 -1.276314888279226398e+04
6.970000000000000639e-01 -1.276538395710924306e+04
6.971000000000000529e-01 -1.276763859101865455e+04
6.972000000000000419e-01 -1.276989267830561221e+04
6.973000000000000309e-01 -1.277211755051234286e+04
6.974000000000000199e-01 -1.277434724649745476e+04
6.975000000000000089e-01 -1.277653253308206695e+04
6.975999999999999979e-01 -1.277863025950070187e+04
6.976999999999999869e-01 -1.278063672067047628e+04
6.978000000000000869e-01 -1.278256210097010990e+04
6.979000000000000759e-01 -1.278442417766512881e+04
6.980000000000000648e-01 -1.278625360986879423e+04
6.981000000000000538e-01 -1.278806892329944094e+04
6.982000000000000428e-01 -1.278989979596062403e+04
6.983000000000000318e-01 -1.279177171333444676e+04
6.984000000000000208e-01 -1.279369323463724140e+04
6.985000000000000098e-01 -1.279565556532985647e+04
6.985999999999999988e-01 -1.279764717617729912e+04
6.986999999999999877e-01 -1.279966195733610039e+04
6.988000000000000878e-01 -1.280169544455167124e+04
6.989000000000000767e-01 -1.280374419430422313e+04
6.990000000000000657e-01 -1.280580935526240864e+04
6.991000000000000547e-01 -1.280788860402386126e+04
6.992000000000000437e-01 -1.280995812295153337e+04
6.993000000000000327e-01 -1.281202499855407223e+04
6.994000000000000217e-01 -1.281408498637720913e+04
6.995000000000000107e-01 -1.281614337643444742e+04
6.995999999999999996e-01 -1.281819748641632214e+04
6.996999999999999886e-01 -1.282024357429143311e+04
6.998000000000000886e-01 -1.282228116778481672e+04
6.999000000000000776e-01 -1.282431191592575487e+04
7.000000000000000666e-01 -1.282633853826349514e+04
7.001000000000000556e-01 -1.283021974025448981e+04
7.002000000000000446e-01 -1.283539148591689263e+04
7.003000000000000336e-01 -1.284085416038974472e+04
7.004000000000000226e-01 -1.284658084826024788e+04
7.005000000000000115e-01 -1.285284859340737239e+04
7.006000000000000005e-01 -1.285995045803542416e+04
7.006999999999999895e-01 -1.286786734833100127e+04
7.007999999999999785e-01 -1.287621057395684329e+04
7.009000000000000785e-01 -1.288495054152148623e+04
7.010000000000000675e-01 -1.289421007120237664e+04
7.011000000000000565e-01 -1.290335260886527067e+04
7.012000000000000455e-01 -1.290920032324796739e+04
7.013000000000000345e-01 -1.291213899762466463e+04
7.014000000000000234e-01 -1.291369371654545466e+04
7.015000000000000124e-01 -1.291466477214048427e+04
7.016000000000000014e-01 -1.291532676379280201e+04
7.016999999999999904e-01 -1.291640192151589690e+04
7.017999999999999794e-01 -1.291854950744546841e+04
7.019000000000000794e-01 -1.292081978458223603e+04
7.020000000000000684e-01 -1.292293504456786104e+04
7.021000000000000574e-01 -1.292522871613034113e+04
7.022000000000000464e-01 -1.292720846184723996e+04
7.023000000000000353e-01 -1.292885726952814730e+04
7.024000000000000243e-01 -1.293031400590079465e+04
7.025000000000000133e-01 -1.293169828613306163e+04
7.026000000000000023e-01 -1.293309839835788807e+04
7.026999999999999913e-01 -1.293455040974079566e+04
7.027999999999999803e-01 -1.293605654892513667e+04
7.029000000000000803e-01 -1.293759757592527239e+04
7.030000000000000693e-01 -1.293915481565533810e+04
7.031000000000000583e-01 -1.294071731007837843e+04
7.032000000000000473e-01 -1.294227337822348272e+04
7.033000000000000362e-01 -1.294380739136029115e+04
7.034000000000000252e-01 -1.294529924508855220e+04
7.035000000000000142e-01 -1.294672760749155168e+04
7.036000000000000032e-01 -1.294807162832042377e+04
7.036999999999999922e-01 -1.294931323893835179e+04
7.037999999999999812e-01 -1.295043613124940566e+04
7.039000000000000812e-01 -1.295142292322676622e+04
7.040000000000000702e-01 -1.295225952537194462e+04
7.041000000000000592e-01 -1.295295778815177982e+04
7.042000000000000481e-01 -1.295352842879530363e+04
7.043000000000000371e-01 -1.295395329995174870e+04
7.044000000000000261e-01 -1.295422571291628446e+04
7.045000000000000151e-01 -1.295434654703163687e+04
7.046000000000000041e-01 -1.295431326060152605e+04
7.046999999999999931e-01 -1.295412584200925630e+04
7.047999999999999821e-01 -1.295377208024430547e+04
7.049000000000000821e-01 -1.295335004344866502e+04
7.050000000000000711e-01 -1.295290119967605824e+04
7.051000000000000600e-01 -1.295250144168612132e+04
7.052000000000000490e-01 -1.295232127067299552e+04
7.053000000000000380e-01 -1.295241466452345412e+04
7.054000000000000270e-01 -1.295284680631250194e+04
7.055000000000000160e-01 -1.295365057603272180e+04
7.056000000000000050e-01 -1.295475073149554919e+04
7.056999999999999940e-01 -1.295606943737609436e+04
7.057999999999999829e-01 -1.295755122728250899e+04
7.059000000000000830e-01 -1.295915184107907589e+04
7.060000000000000719e-01 -1.296085338648517427e+04
7.061000000000000609e-01 -1.296264362188161249e+04
7.062000000000000499e-01 -1.296449871283942775e+04
7.063000000000000389e-01 -1.296641527978463637e+04
7.064000000000000279e-01 -1.296838688302049741e+04
7.065000000000000169e-01 -1.297039494900183126e+04
7.066000000000000059e-01 -1.297242521627178030e+04
7.066999999999999948e-01 -1.297444082418571452e+04
7.067999999999999838e-01 -1.297651061580527312e+04
7.069000000000000838e-01 -1.297860133624709124e+04
7.070000000000000728e-01 -1.298069862718981676e+04
7.071000000000000618e-01 -1.298279666091950457e+04
7.072000000000000508e-01 -1.298489456136186891e+04
7.073000000000000398e-01 -1.298699182273354927e+04
7.074000000000000288e-01 -1.298909677530656154e+04
7.075000000000000178e-01 -1.299121009378944473e+04
7.076000000000000068e-01 -1.299332374583049022e+04
7.076999999999999957e-01 -1.299541930780449184e+04
7.077999999999999847e-01 -1.299748257239419218e+04
7.079000000000000847e-01 -1.299951134890444700e+04
7.080000000000000737e-01 -1.300150465305793841e+04
7.081000000000000627e-01 -1.300345701172785994e+04
7.082000000000000517e-01 -1.300538001403633098e+04
7.083000000000000407e-01 -1.300728662026450911e+04
7.084000000000000297e-01 -1.300918070628749956e+04
7.085000000000000187e-01 -1.301108738485992399e+04
7.086000000000000076e-01 -1.301300747749180300e+04
7.086999999999999966e-01 -1.301494292404344378e+04
7.087999999999999856e-01 -1.301689185400323549e+04
7.089000000000000856e-01 -1.301885384302120474e+04
7.090000000000000746e-01 -1.302082860901077584e+04
7.091000000000000636e-01 -1.302281823950541366e+04
7.092000000000000526e-01 -1.302482441600614948e+04
7.093000000000000416e-01 -1.302684254747236082e+04
7.094000000000000306e-01 -1.302886783832412402e+04
7.095000000000000195e-01 -1.303089768279086456e+04
7.096000000000000085e-01 -1.303293025970116469e+04
7.096999999999999975e-01 -1.303496459789661822e+04
7.097999999999999865e-01 -1.303699934816628229e+04
7.099000000000000865e-01 -1.303903315373804617e+04
7.100000000000000755e-01 -1.304106573734021003e+04
7.101000000000000645e-01 -1.304311199469884741e+04
7.102000000000000535e-01 -1.304520455320714791e+04
7.103000000000000425e-01 -1.304734667965977860e+04
7.104000000000000314e-01 -1.304952309619652988e+04
7.105000000000000204e-01 -1.305172259534274235e+04
7.106000000000000094e-01 -1.305394240997559609e+04
7.106999999999999984e-01 -1.305617740573867559e+04
7.107999999999999874e-01 -1.305842429780006205e+04
7.109000000000000874e-01 -1.306068046006367149e+04
7.110000000000000764e-01 -1.306294373880324383e+04
7.111000000000000654e-01 -1.306521182764384139e+04
7.112000000000000544e-01 -1.306748509250937786e+04
7.113000000000000433e-01 -1.306976336241124955e+04
7.114000000000000323e-01 -1.307204754433604103e+04
7.115000000000000213e-01 -1.307433786180511015e+04
7.116000000000000103e-01 -1.307663334634151397e+04
7.116999999999999993e-01 -1.307893312062332916e+04
7.117999999999999883e-01 -1.308123648101352592e+04
7.119000000000000883e-01 -1.308354195676159179e+04
7.120000000000000773e-01 -1.308585000176377980e+04
7.121000000000000663e-01 -1.308816075938067661e+04
7.122000000000000552e-01 -1.309047406027378020e+04
7.123000000000000442e-01 -1.309278962700002558e+04
7.124000000000000332e-01 -1.309510701825516662e+04
7.125000000000000222e-01 -1.309742582664189104e+04
7.126000000000000112e-01 -1.309974573409369259e+04
7.127000000000000002e-01 -1.310206646861871559e+04
7.127999999999999892e-01 -1.310438775468580934e+04
7.129000000000000892e-01 -1.310670979352572613e+04
7.130000000000000782e-01 -1.310903260817871524e+04
7.131000000000000671e-01 -1.311135614157054806e+04
7.132000000000000561e-01 -1.311368039235152537e+04
7.133000000000000451e-01 -1.311600546452349045e+04
7.134000000000000341e-01 -1.311833194297427144e+04
7.135000000000000231e-01 -1.312066193632029535e+04
7.136000000000000121e-01 -1.312299667569652956e+04
7.137000000000000011e-01 -1.312533630776023347e+04
7.137999999999999901e-01 -1.312768063508092018e+04
7.138999999999999790e-01 -1.313002946865280319e+04
7.140000000000000790e-01 -1.313238277513626963e+04
7.141000000000000680e-01 -1.313474089779959832e+04
7.142000000000000570e-01 -1.313710636473334489e+04
7.143000000000000460e-01 -1.313948272435489707e+04
7.144000000000000350e-01 -1.314187173211900335e+04
7.145000000000000240e-01 -1.314427365808381546e+04
7.146000000000000130e-01 -1.314668818824957270e+04
7.147000000000000020e-01 -1.314911481581196131e+04
7.147999999999999909e-01 -1.315155296629461373e+04
7.148999999999999799e-01 -1.315400310477098174e+04
7.150000000000000799e-01 -1.315646532445158482e+04
7.151000000000000689e-01 -1.315894013068807180e+04
7.152000000000000579e-01 -1.316142719853133895e+04
7.153000000000000469e-01 -1.316392181656458888e+04
7.154000000000000359e-01 -1.316643080569852464e+04
7.155000000000000249e-01 -1.316895561062444358e+04
7.156000000000000139e-01 -1.317149736325969934e+04
7.157000000000000028e-01 -1.317405517660068472e+04
7.157999999999999918e-01 -1.317662620913472165e+04
7.158999999999999808e-01 -1.317920782414136374e+04
7.160000000000000808e-01 -1.318180259150308484e+04
7.161000000000000698e-01 -1.318441513671303437e+04
7.162000000000000588e-01 -1.318706306819907513e+04
7.163000000000000478e-01 -1.318975169476673182e+04
7.164000000000000368e-01 -1.319246418293010356e+04
7.165000000000000258e-01 -1.319520527623318776e+04
7.166000000000000147e-01 -1.319797863825679815e+04
7.167000000000000037e-01 -1.320077737352223085e+04
7.167999999999999927e-01 -1.320359890143965458e+04
7.168999999999999817e-01 -1.320644237782842538e+04
7.170000000000000817e-01 -1.320930718966294626e+04
7.171000000000000707e-01 -1.321219464106579835e+04
7.172000000000000597e-01 -1.321510824700874218e+04
7.173000000000000487e-01 -1.321805354416139744e+04
7.174000000000000377e-01 -1.322103876944986405e+04
7.175000000000000266e-01 -1.322408149526365014e+04
7.176000000000000156e-01 -1.322719834668570365e+04
7.177000000000000046e-01 -1.323039221776595150e+04
7.177999999999999936e-01 -1.323365490791794582e+04
7.178999999999999826e-01 -1.323700595800843985e+04
7.180000000000000826e-01 -1.324048462642880622e+04
7.181000000000000716e-01 -1.324412168999591449e+04
7.182000000000000606e-01 -1.324790144420784782e+04
7.183000000000000496e-01 -1.325183532822827328e+04
7.184000000000000385e-01 -1.325596405241370303e+04
7.185000000000000275e-01 -1.326032042581922178e+04
7.186000000000000165e-01 -1.326492975950786786e+04
7.187000000000000055e-01 -1.326973515561016029e+04
7.187999999999999945e-01 -1.327419106564561480e+04
7.188999999999999835e-01 -1.327773009666899088e+04
7.190000000000000835e-01 -1.328048918510139083e+04
7.191000000000000725e-01 -1.328307047900613725e+04
7.192000000000000615e-01 -1.328558423367713294e+04
7.193000000000000504e-01 -1.328788471890723849e+04
7.194000000000000394e-01 -1.328997416008731307e+04
7.195000000000000284e-01 -1.329192427103514456e+04
7.196000000000000174e-01 -1.329380830512323519e+04
7.197000000000000064e-01 -1.329568425544336787e+04
7.197999999999999954e-01 -1.329759817764243780e+04
7.198999999999999844e-01 -1.329957954948809675e+04
7.200000000000000844e-01 -1.330163702617837407e+04
7.201000000000000734e-01 -1.330376298200532801e+04
7.202000000000000624e-01 -1.330594341152987909e+04
7.203000000000000513e-01 -1.330816529648684445e+04
7.204000000000000403e-01 -1.331042127202748634e+04
7.205000000000000293e-01 -1.331271063921365567e+04
7.206000000000000183e-01 -1.331501886434839616e+04
7.207000000000000073e-01 -1.331732473763927374e+04
7.207999999999999963e-01 -1.331962280600138729e+04
7.208999999999999853e-01 -1.332191426505265372e+04
7.210000000000000853e-01 -1.332419952828707937e+04
7.211000000000000743e-01 -1.332647777465823310e+04
7.212000000000000632e-01 -1.332874681323850564e+04
7.213000000000000522e-01 -1.333100399219621249e+04
7.214000000000000412e-01 -1.333324894125198443e+04
7.215000000000000302e-01 -1.333548397917112015e+04
7.216000000000000192e-01 -1.333771277143406405e+04
7.217000000000000082e-01 -1.333993857825426312e+04
7.217999999999999972e-01 -1.334216386945938757e+04
7.218999999999999861e-01 -1.334439037028463281e+04
7.220000000000000862e-01 -1.334661920741516224e+04
7.221000000000000751e-01 -1.334885099964889559e+04
7.222000000000000641e-01 -1.335108593616316648e+04
7.223000000000000531e-01 -1.335332387428115908e+04
7.224000000000000421e-01 -1.335556473559843471e+04
7.225000000000000311e-01 -1.335780868191237278e+04
7.226000000000000201e-01 -1.336005511042343096e+04
7.227000000000000091e-01 -1.336230308922751647e+04
7.227999999999999980e-01 -1.336455175678949672e+04
7.228999999999999870e-01 -1.336680046226073864e+04
7.230000000000000870e-01 -1.336904878352929336e+04
7.231000000000000760e-01 -1.337129651255511817e+04
7.232000000000000650e-01 -1.337354390716246598e+04
7.233000000000000540e-01 -1.337579186559789559e+04
7.234000000000000430e-01 -1.337804046785905848e+04
7.235000000000000320e-01 -1.338028868821425385e+04
7.236000000000000210e-01 -1.338253510983210799e+04
7.237000000000000099e-01 -1.338477875378594581e+04
7.237999999999999989e-01 -1.338701991006699791e+04
7.238999999999999879e-01 -1.338925925155894038e+04
7.240000000000000879e-01 -1.339149739023641268e+04
7.241000000000000769e-01 -1.339373479717072769e+04
7.242000000000000659e-01 -1.339597180955256590e+04
7.243000000000000549e-01 -1.339820866008626217e+04
7.244000000000000439e-01 -1.340044550431188145e+04
7.245000000000000329e-01 -1.340268244650695488e+04
7.246000000000000218e-01 -1.340491960919658959e+04
7.247000000000000108e-01 -1.340715704918963820e+04
7.247999999999999998e-01 -1.340939474659687949e+04
7.248999999999999888e-01 -1.341163265524827148e+04
7.250000000000000888e-01 -1.341387071954076600e+04
7.251000000000000778e-01 -1.341610888035872085e+04
7.252000000000000668e-01 -1.341834707773695300e+04
7.253000000000000558e-01 -1.342058523489395702e+04
7.254000000000000448e-01 -1.342276863037282419e+04
7.255000000000000338e-01 -1.342502311327554889e+04
7.256000000000000227e-01 -1.342731719750327829e+04
7.257000000000000117e-01 -1.342958791880402896e+04
7.258000000000000007e-01 -1.343182924918885510e+04
7.258999999999999897e-01 -1.343405013934553426e+04
7.260000000000000897e-01 -1.343626046561257317e+04
7.261000000000000787e-01 -1.343846629269458208e+04
7.262000000000000677e-01 -1.344067096450356803e+04
7.263000000000000567e-01 -1.344287632487907467e+04
7.264000000000000457e-01 -1.344508330396194833e+04
7.265000000000000346e-01 -1.344729145310705280e+04
7.266000000000000236e-01 -1.344950038794149259e+04
7.267000000000000126e-01 -1.345171037384071133e+04
7.268000000000000016e-01 -1.345392161963363105e+04
7.268999999999999906e-01 -1.345613336234407689e+04
7.269999999999999796e-01 -1.345834525356605081e+04
7.271000000000000796e-01 -1.346055750542163514e+04
7.272000000000000686e-01 -1.346277038601694039e+04
7.273000000000000576e-01 -1.346498407456565292e+04
7.274000000000000465e-01 -1.346719858823674076e+04
7.275000000000000355e-01 -1.346941382848354442e+04
7.276000000000000245e-01 -1.347162947915826044e+04
7.277000000000000135e-01 -1.347384464465786186e+04
7.278000000000000025e-01 -1.347605792801784810e+04
7.278999999999999915e-01 -1.347826713189807197e+04
7.279999999999999805e-01 -1.348047130264903353e+04
7.281000000000000805e-01 -1.348267245026385899e+04
7.282000000000000695e-01 -1.348487200470269818e+04
7.283000000000000584e-01 -1.348707163673887771e+04
7.284000000000000474e-01 -1.348927338260696342e+04
7.285000000000000364e-01 -1.349147733712267109e+04
7.286000000000000254e-01 -1.349368278229427960e+04
7.287000000000000144e-01 -1.349588789231984811e+04
7.288000000000000034e-01 -1.349809453288631812e+04
7.288999999999999924e-01 -1.350030468242665665e+04
7.289999999999999813e-01 -1.350251890384676153e+04
7.291000000000000814e-01 -1.350473584895081513e+04
7.292000000000000703e-01 -1.350695442912725775e+04
7.293000000000000593e-01 -1.350917409614139979e+04
7.294000000000000483e-01 -1.351139251167291877e+04
7.295000000000000373e-01 -1.351361250938293415e+04
7.296000000000000263e-01 -1.351590864805409365e+04
7.297000000000000153e-01 -1.351824396664502092e+04
7.298000000000000043e-01 -1.352077117610739697e+04
7.298999999999999932e-01 -1.352330858103152059e+04
7.299999999999999822e-01 -1.352577540333670549e+04
7.301000000000000822e-01 -1.352815393388085613e+04
7.302000000000000712e-01 -1.353044037555514660e+04
7.303000000000000602e-01 -1.353265511562529900e+04
7.304000000000000492e-01 -1.353481861407081306e+04
7.305000000000000382e-01 -1.353694833719934104e+04
7.306000000000000272e-01 -1.353905419955777506e+04
7.307000000000000162e-01 -1.354113627637920763e+04
7.308000000000000052e-01 -1.354319835259236424e+04
7.308999999999999941e-01 -1.354524531986124566e+04
7.309999999999999831e-01 -1.354728194157531834e+04
7.311000000000000831e-01 -1.354930840781372171e+04
7.312000000000000721e-01 -1.355132271838698580e+04
7.313000000000000611e-01 -1.355333220885221272e+04
7.314000000000000501e-01 -1.355533490674547465e+04
7.315000000000000391e-01 -1.355732955006178599e+04
7.316000000000000281e-01 -1.355932226693171651e+04
7.317000000000000171e-01 -1.356131713104837036e+04
7.318000000000000060e-01 -1.356331514334898020e+04
7.318999999999999950e-01 -1.356531609821564052e+04
7.319999999999999840e-01 -1.356731958209957338e+04
7.321000000000000840e-01 -1.356932564822353015e+04
7.322000000000000730e-01 -1.357133139157559890e+04
7.323000000000000620e-01 -1.357333629884194306e+04
7.324000000000000510e-01 -1.357533945118522024e+04
7.325000000000000400e-01 -1.357734232151658216e+04
7.326000000000000290e-01 -1.357934552090858233e+04
7.327000000000000179e-01 -1.358135002586077462e+04
7.328000000000000069e-01 -1.358335462368894514e+04
7.328999999999999959e-01 -1.358535770024054727e+04
7.329999999999999849e-01 -1.358736042579899367e+04
7.331000000000000849e-01 -1.358936290753119283e+04
7.332000000000000739e-01 -1.359136463637074485e+04
7.333000000000000629e-01 -1.359336359176812584e+04
7.334000000000000519e-01 -1.359535828974842480e+04
7.335000000000000409e-01 -1.359734831542813299e+04
7.336000000000000298e-01 -1.359933473365634745e+04
7.337000000000000188e-01 -1.360131845503626027e+04
7.338000000000000078e-01 -1.360329995878755653e+04
7.338999999999999968e-01 -1.360527866170193738e+04
7.339999999999999858e-01 -1.360725561825545628e+04
7.341000000000000858e-01 -1.360923154210395296e+04
7.342000000000000748e-01 -1.361120648593221449e+04
7.343000000000000638e-01 -1.361318038226109638e+04
7.344000000000000528e-01 -1.361515316406739657e+04
7.345000000000000417e-01 -1.361712478194114556e+04
7.346000000000000307e-01 -1.361909520172076373e+04
7.347000000000000197e-01 -1.362106439977629998e+04
7.348000000000000087e-01 -1.362303255945729688e+04
7.348999999999999977e-01 -1.362499960577762249e+04
7.349999999999999867e-01 -1.362696310601165533e+04
7.351000000000000867e-01 -1.362892579285878128e+04
7.352000000000000757e-01 -1.363088732925638396e+04
7.353000000000000647e-01 -1.363284939007514549e+04
7.354000000000000536e-01 -1.363481205400357430e+04
7.355000000000000426e-01 -1.363677465046485668e+04
7.356000000000000316e-01 -1.363873666548587607e+04
7.357000000000000206e-01 -1.364069902863058451e+04
7.358000000000000096e-01 -1.364266335239026921e+04
7.358999999999999986e-01 -1.364463307708473803e+04
7.359999999999999876e-01 -1.364660285746994668e+04
7.361000000000000876e-01 -1.364858037674461411e+04
7.362000000000000766e-01 -1.365056030695656045e+04
7.363000000000000655e-01 -1.365255053663940271e+04
7.364000000000000545e-01 -1.365455227208609904e+04
7.365000000000000435e-01 -1.365656028159367452e+04
7.366000000000000325e-01 -1.365857332943513211e+04
7.367000000000000215e-01 -1.366058215068035133e+04
7.368000000000000105e-01 -1.366258815857521040e+04
7.368999999999999995e-01 -1.366459442136621692e+04
7.369999999999999885e-01 -1.366659953478471652e+04
7.371000000000000885e-01 -1.366859864115712480e+04
7.372000000000000774e-01 -1.367059455390062431e+04
7.373000000000000664e-01 -1.367258838659030880e+04
7.374000000000000554e-01 -1.367458204818346712e+04
7.375000000000000444e-01 -1.367657827248933609e+04
7.376000000000000334e-01 -1.367857320455514491e+04
7.377000000000000224e-01 -1.368056415048709823e+04
7.378000000000000114e-01 -1.368255345231459432e+04
7.379000000000000004e-01 -1.368454331398761497e+04
7.379999999999999893e-01 -1.368653465810039415e+04
7.381000000000000894e-01 -1.368852855765882305e+04
7.382000000000000783e-01 -1.369052673930081073e+04
7.383000000000000673e-01 -1.369253164528510024e+04
7.384000000000000563e-01 -1.369453938381130683e+04
7.385000000000000453e-01 -1.369654619719228685e+04
7.386000000000000343e-01 -1.369854935231636955e+04
7.387000000000000233e-01 -1.370054785629391881e+04
7.388000000000000123e-01 -1.370254209340695888e+04
7.389000000000000012e-01 -1.370453618070171615e+04
7.389999999999999902e-01 -1.370652752536019580e+04
7.391000000000000902e-01 -1.370851731517363078e+04
7.392000000000000792e-01 -1.371050896481569544e+04
7.393000000000000682e-01 -1.371250139534950176e+04
7.394000000000000572e-01 -1.371450098974298635e+04
7.395000000000000462e-01 -1.371649893282115409e+04
7.396000000000000352e-01 -1.371848497540776225e+04
7.397000000000000242e-01 -1.372045953319157707e+04
7.398000000000000131e-01 -1.372243663973554794e+04
7.399000000000000021e-01 -1.372441630561583406e+04
7.399999999999999911e-01 -1.372638835411977743e+04
7.400999999999999801e-01 -1.372835376249672117e+04
7.402000000000000801e-01 -1.373031915200829462e+04
7.403000000000000691e-01 -1.373228432156803501e+04
7.404000000000000581e-01 -1.373424623207840887e+04
7.405000000000000471e-01 -1.373620300778483943e+04
7.406000000000000361e-01 -1.373815488419041867e+04
7.407000000000000250e-01 -1.374010376231255213e+04
7.408000000000000140e-01 -1.374205207088467068e+04
7.409000000000000030e-01 -1.374400227500459550e+04
7.409999999999999920e-01 -1.374595602606694410e+04
7.410999999999999810e-01 -1.374791356462598014e+04
7.412000000000000810e-01 -1.374987396899746091e+04
7.413000000000000700e-01 -1.375183570352267816e+04
7.414000000000000590e-01 -1.375379812081435011e+04
7.415000000000000480e-01 -1.375576117701954718e+04
7.416000000000000369e-01 -1.375772452544551197e+04
7.417000000000000259e-01 -1.375968729360083489e+04
7.418000000000000149e-01 -1.376164828165201470e+04
7.419000000000000039e-01 -1.376360636389833053e+04
7.419999999999999929e-01 -1.376556077658828326e+04
7.420999999999999819e-01 -1.376751117881319624e+04
7.422000000000000819e-01 -1.376945753636220979e+04
7.423000000000000709e-01 -1.377139992806061673e+04
7.424000000000000599e-01 -1.377333832574230837e+04
7.425000000000000488e-01 -1.377527231435966132e+04
7.426000000000000378e-01 -1.377719929893768494e+04
7.427000000000000268e-01 -1.377910976417972779e+04
7.428000000000000158e-01 -1.378099507988108780e+04
7.429000000000000048e-01 -1.378285050489599234e+04
7.429999999999999938e-01 -1.378457904597598099e+04
7.430999999999999828e-01 -1.378598233026088383e+04
7.432000000000000828e-01 -1.378713130179764812e+04
7.433000000000000718e-01 -1.378817575876442606e+04
7.434000000000000608e-01 -1.378918664741905559e+04
7.435000000000000497e-01 -1.379012842464015739e+04
7.436000000000000387e-01 -1.379094200158650165e+04
7.437000000000000277e-01 -1.379158980460555358e+04
7.438000000000000167e-01 -1.379206259114258319e+04
7.439000000000000057e-01 -1.379235003021459306e+04
7.439999999999999947e-01 -1.379246235514257933e+04
7.440999999999999837e-01 -1.379238807195415575e+04
7.442000000000000837e-01 -1.379213486325648046e+04
7.443000000000000727e-01 -1.379169277517056616e+04
7.444000000000000616e-01 -1.379105528909134409e+04
7.445000000000000506e-01 -1.379020381173537316e+04
7.446000000000000396e-01 -1.378918710286240275e+04
7.447000000000000286e-01 -1.378811276503501176e+04
7.448000000000000176e-01 -1.378693707211580295e+04
7.449000000000000066e-01 -1.378575256962100502e+04
7.449999999999999956e-01 -1.378491334661881774e+04
7.450999999999999845e-01 -1.378451925552507237e+04
7.452000000000000846e-01 -1.378450433078030619e+04
7.453000000000000735e-01 -1.378486819471250419e+04
7.454000000000000625e-01 -1.378559654961442357e+04
7.455000000000000515e-01 -1.378669390197574103e+04
7.456000000000000405e-01 -1.378823507867336048e+04
7.457000000000000295e-01 -1.379019028318493656e+04
7.458000000000000185e-01 -1.379236686820919567e+04
7.459000000000000075e-01 -1.379460957472116206e+04
7.459999999999999964e-01 -1.379682194303456163e+04
7.460999999999999854e-01 -1.379894293788114555e+04
7.462000000000000854e-01 -1.380095499419765656e+04
7.463000000000000744e-01 -1.380291419722649152e+04
7.464000000000000634e-01 -1.380481947702230900e+04
7.465000000000000524e-01 -1.380672524452379548e+04
7.466000000000000414e-01 -1.380867751626615609e+04
7.467000000000000304e-01 -1.381070494835029058e+04
7.468000000000000194e-01 -1.381287851094509824e+04
7.469000000000000083e-01 -1.381509631835296932e+04
7.469999999999999973e-01 -1.381728070565660892e+04
7.470999999999999863e-01 -1.381939996181893002e+04
7.472000000000000863e-01 -1.382145704044185550e+04
7.473000000000000753e-01 -1.382342693059299199e+04
7.474000000000000643e-01 -1.382529057047265633e+04
7.475000000000000533e-01 -1.382708979804462069e+04
7.476000000000000423e-01 -1.382879593121186554e+04
7.477000000000000313e-01 -1.383044618991410971e+04
7.478000000000000203e-01 -1.383213279791191962e+04
7.479000000000000092e-01 -1.383390449924761924e+04
7.479999999999999982e-01 -1.383577172012478331e+04
7.480999999999999872e-01 -1.383771979222981645e+04
7.482000000000000872e-01 -1.383972786222436116e+04
7.483000000000000762e-01 -1.384177540557302200e+04
7.484000000000000652e-01 -1.384383461245031140e+04
7.485000000000000542e-01 -1.384588856122454854e+04
7.486000000000000432e-01 -1.384793479607825066e+04
7.487000000000000322e-01 -1.384997388518378830e+04
7.488000000000000211e-01 -1.385200822121089550e+04
7.489000000000000101e-01 -1.385404271499280185e+04
7.489999999999999991e-01 -1.385607024659983472e+04
7.490999999999999881e-01 -1.385808297216994470e+04
7.492000000000000881e-01 -1.386008728985773450e+04
7.493000000000000771e-01 -1.386208747392923397e+04
7.494000000000000661e-01 -1.386408456405894322e+04
7.495000000000000551e-01 -1.386607932166204591e+04
7.496000000000000441e-01 -1.386807783508171997e+04
7.497000000000000330e-01 -1.387007975024381449e+04
7.498000000000000220e-01 -1.387208306251868089e+04
7.499000000000000110e-01 -1.387408851312171646e+04
7.500000000000000000e-01 -1.387609313433287025e+04
7.500999999999999890e-01 -1.387986456482325957e+04
7.502000000000000890e-01 -1.388505738038051641e+04
7.503000000000000780e-01 -1.389103681905358826e+04
7.504000000000000670e-01 -1.389759218027377938e+04
7.505000000000000560e-01 -1.390477146009302487e+04
7.506000000000000449e-01 -1.391264160841240482e+04
7.507000000000000339e-01 -1.392127554728718678e+04
7.508000000000000229e-01 -1.393044019558724722e+04
7.509000000000000119e-01 -1.394014378788870272e+04
7.510000000000000009e-01 -1.395025367951751832e+04
7.510999999999999899e-01 -1.396033310970607636e+04
7.512000000000000899e-01 -1.396747941853995508e+04
7.513000000000000789e-01 -1.397150017434269648e+04
7.514000000000000679e-01 -1.397371618966529786e+04
7.515000000000000568e-01 -1.397500770340698909e+04
7.516000000000000458e-01 -1.397585739290208403e+04
7.517000000000000348e-01 -1.397660537241446218e+04
7.518000000000000238e-01 -1.397709910472167940e+04
7.519000000000000128e-01 -1.397777239393474156e+04
7.520000000000000018e-01 -1.397977158705704278e+04
7.520999999999999908e-01 -1.398211096715023814e+04
7.522000000000000908e-01 -1.398450822491236795e+04
7.523000000000000798e-01 -1.398694281253864756e+04
7.524000000000000687e-01 -1.398896559279631583e+04
7.525000000000000577e-01 -1.399060386348632528e+04
7.526000000000000467e-01 -1.399197211526968749e+04
7.527000000000000357e-01 -1.399314865005489264e+04
7.528000000000000247e-01 -1.399419341472575798e+04
7.529000000000000137e-01 -1.399514826330177311e+04
7.530000000000000027e-01 -1.399600900829174316e+04
7.530999999999999917e-01 -1.399669579191302000e+04
7.531999999999999806e-01 -1.399720213492456605e+04
7.533000000000000806e-01 -1.399760757390224353e+04
7.534000000000000696e-01 -1.399796226293094878e+04
7.535000000000000586e-01 -1.399824977107567793e+04
7.536000000000000476e-01 -1.399842322411156965e+04
7.537000000000000366e-01 -1.399843137393091092e+04
7.538000000000000256e-01 -1.399824695067364337e+04
7.539000000000000146e-01 -1.399790733118972275e+04
7.540000000000000036e-01 -1.399744917042121233e+04
7.540999999999999925e-01 -1.399683531429769755e+04
7.541999999999999815e-01 -1.399608229485578886e+04
7.543000000000000815e-01 -1.399516732451710595e+04
7.544000000000000705e-01 -1.399412176017760066e+04
7.545000000000000595e-01 -1.399301376308991348e+04
7.546000000000000485e-01 -1.399188148750710388e+04
7.547000000000000375e-01 -1.399088652162336621e+04
7.548000000000000265e-01 -1.399038662131594356e+04
7.549000000000000155e-01 -1.399047363957676498e+04
7.550000000000000044e-01 -1.399110648414207753e+04
7.550999999999999934e-01 -1.399219123464511358e+04
7.551999999999999824e-01 -1.399361811774033413e+04
7.553000000000000824e-01 -1.399536800362019130e+04
7.554000000000000714e-01 -1.399744625106279818e+04
7.555000000000000604e-01 -1.399971787642353775e+04
7.556000000000000494e-01 -1.400204463158282306e+04
7.557000000000000384e-01 -1.400431458418088550e+04
7.558000000000000274e-01 -1.400649941623340055e+04
7.559000000000000163e-01 -1.400859093015330654e+04
7.560000000000000053e-01 -1.401059193701618642e+04
7.560999999999999943e-01 -1.401249578380085404e+04
7.561999999999999833e-01 -1.401432712673160131e+04
7.563000000000000833e-01 -1.401615974525024831e+04
7.564000000000000723e-01 -1.401809240840228631e+04
7.565000000000000613e-01 -1.402024149473118814e+04
7.566000000000000503e-01 -1.402247258134756703e+04
7.567000000000000393e-01 -1.402467804534085735e+04
7.568000000000000282e-01 -1.402681869795281091e+04
7.569000000000000172e-01 -1.402889049103074285e+04
7.570000000000000062e-01 -1.403092145186522612e+04
7.570999999999999952e-01 -1.403292049956865412e+04
7.571999999999999842e-01 -1.403488731397612901e+04
7.573000000000000842e-01 -1.403682200397289671e+04
7.574000000000000732e-01 -1.403873622537060692e+04
7.575000000000000622e-01 -1.404064368606331300e+04
7.576000000000000512e-01 -1.404256770224922366e+04
7.577000000000000401e-01 -1.404452720568957557e+04
7.578000000000000291e-01 -1.404650214266811781e+04
7.579000000000000181e-01 -1.404849318302021675e+04
7.580000000000000071e-01 -1.405052144712147492e+04
7.580999999999999961e-01 -1.405259539463608417e+04
7.581999999999999851e-01 -1.405469368657816267e+04
7.583000000000000851e-01 -1.405679728189427442e+04
7.584000000000000741e-01 -1.405890215014987007e+04
7.585000000000000631e-01 -1.406100116860314301e+04
7.586000000000000520e-01 -1.406308596291258254e+04
7.587000000000000410e-01 -1.406516262199772973e+04
7.588000000000000300e-01 -1.406723213671027042e+04
7.589000000000000190e-01 -1.406928979304716086e+04
7.590000000000000080e-01 -1.407134123290676143e+04
7.590999999999999970e-01 -1.407339274503482011e+04
7.591999999999999860e-01 -1.407543777079502797e+04
7.593000000000000860e-01 -1.407747975019719888e+04
7.594000000000000750e-01 -1.407952274845057218e+04
7.595000000000000639e-01 -1.408156562083143035e+04
7.596000000000000529e-01 -1.408361431660766357e+04
7.597000000000000419e-01 -1.408566736520391714e+04
7.598000000000000309e-01 -1.408772161885659443e+04
7.599000000000000199e-01 -1.408977836556577677e+04
7.600000000000000089e-01 -1.409183724405329303e+04
7.600999999999999979e-01 -1.409391072360486032e+04
7.601999999999999869e-01 -1.409603167433587441e+04
7.603000000000000869e-01 -1.409820710485611744e+04
7.604000000000000759e-01 -1.410042580004822594e+04
7.605000000000000648e-01 -1.410267691206618474e+04
7.606000000000000538e-01 -1.410495303119055643e+04
7.607000000000000428e-01 -1.410724823791414565e+04
7.608000000000000318e-01 -1.410955793749031363e+04
7.609000000000000208e-01 -1.411187881957467107e+04
7.610000000000000098e-01 -1.411420795428271231e+04
7.610999999999999988e-01 -1.411654294641683919e+04
7.611999999999999877e-01 -1.411888193964527454e+04
7.613000000000000878e-01 -1.412122272399731264e+04
7.614000000000000767e-01 -1.412356141686604860e+04
7.615000000000000657e-01 -1.412589706152910730e+04
7.616000000000000547e-01 -1.412822995380409884e+04
7.617000000000000437e-01 -1.413056167564016323e+04
7.618000000000000327e-01 -1.413289230510587004e+04
7.619000000000000217e-01 -1.413522673750898321e+04
7.620000000000000107e-01 -1.413757104443210483e+04
7.620999999999999996e-01 -1.413992181128437005e+04
7.621999999999999886e-01 -1.414227637911886995e+04
7.623000000000000886e-01 -1.414462951860184512e+04
7.624000000000000776e-01 -1.414698041879906486e+04
7.625000000000000666e-01 -1.414933016112042060e+04
7.626000000000000556e-01 -1.415167959823395722e+04
7.627000000000000446e-01 -1.415402903698962109e+04
7.628000000000000336e-01 -1.415637743291358493e+04
7.629000000000000226e-01 -1.415872415559727051e+04
7.630000000000000115e-01 -1.416107166160262204e+04
7.631000000000000005e-01 -1.416341874085558447e+04
7.631999999999999895e-01 -1.416576485263589893e+04
7.633000000000000895e-01 -1.416810999729613104e+04
7.634000000000000785e-01 -1.417045451417462391e+04
7.635000000000000675e-01 -1.417279891546742874e+04
7.636000000000000565e-01 -1.417514383369362440e+04
7.637000000000000455e-01 -1.417749007469837670e+04
7.638000000000000345e-01 -1.417983824378034114e+04
7.639000000000000234e-01 -1.418219310534402757e+04
7.640000000000000124e-01 -1.418455472058690248e+04
7.641000000000000014e-01 -1.418692240650772874e+04
7.641999999999999904e-01 -1.418929702444884060e+04
7.643000000000000904e-01 -1.419167833117546616e+04
7.644000000000000794e-01 -1.419406605166851296e+04
7.645000000000000684e-01 -1.419646090043106415e+04
7.646000000000000574e-01 -1.419886240918475414e+04
7.647000000000000464e-01 -1.420126957996035708e+04
7.648000000000000353e-01 -1.420368181069720958e+04
7.649000000000000243e-01 -1.420609907229439341e+04
7.650000000000000133e-01 -1.420852171214665577e+04
7.651000000000000023e-01 -1.421094884540868043e+04
7.651999999999999913e-01 -1.421337964204686250e+04
7.653000000000000913e-01 -1.421581391226665619e+04
7.654000000000000803e-01 -1.421825377612535522e+04
7.655000000000000693e-01 -1.422070224142624102e+04
7.656000000000000583e-01 -1.422316398145387757e+04
7.657000000000000473e-01 -1.422564399636707458e+04
7.658000000000000362e-01 -1.422814329816465215e+04
7.659000000000000252e-01 -1.423066111606119011e+04
7.660000000000000142e-01 -1.423319626950331076e+04
7.661000000000000032e-01 -1.423574702241963678e+04
7.661999999999999922e-01 -1.423831276394039560e+04
7.663000000000000922e-01 -1.424089527004187585e+04
7.664000000000000812e-01 -1.424349386195131592e+04
7.665000000000000702e-01 -1.424610757514841316e+04
7.666000000000000592e-01 -1.424873573510573624e+04
7.667000000000000481e-01 -1.425137802111995552e+04
7.668000000000000371e-01 -1.425403462447201309e+04
7.669000000000000261e-01 -1.425670676858665865e+04
7.670000000000000151e-01 -1.425939268771429124e+04
7.671000000000000041e-01 -1.426209518319752715e+04
7.671999999999999931e-01 -1.426481855089314740e+04
7.672999999999999821e-01 -1.426757456105677193e+04
7.674000000000000821e-01 -1.427038198046486468e+04
7.675000000000000711e-01 -1.427326252718013893e+04
7.676000000000000600e-01 -1.427622461522613048e+04
7.677000000000000490e-01 -1.427926502195921603e+04
7.678000000000000380e-01 -1.428238467574709466e+04
7.679000000000000270e-01 -1.428559832894012106e+04
7.680000000000000160e-01 -1.428891636546779773e+04
7.681000000000000050e-01 -1.429230718529677688e+04
7.681999999999999940e-01 -1.429582678898578888e+04
7.682999999999999829e-01 -1.429950434657373989e+04
7.684000000000000830e-01 -1.430337021347134578e+04
7.685000000000000719e-01 -1.430745316266375448e+04
7.686000000000000609e-01 -1.431176104823973037e+04
7.687000000000000499e-01 -1.431635685455579369e+04
7.688000000000000389e-01 -1.432131718293339327e+04
7.689000000000000279e-01 -1.432668192891424769e+04
7.690000000000000169e-01 -1.433243043738910274e+04
7.691000000000000059e-01 -1.433861795267759226e+04
7.691999999999999948e-01 -1.434511218107903551e+04
7.692999999999999838e-01 -1.435042574540930400e+04
7.694000000000000838e-01 -1.435346784894778466e+04
7.695000000000000728e-01 -1.435528656486054206e+04
7.696000000000000618e-01 -1.435682689172621212e+04
7.697000000000000508e-01 -1.435873550325652832e+04
7.698000000000000398e-01 -1.436107883471752211e+04
7.699000000000000288e-01 -1.436337369082530131e+04
7.700000000000000178e-01 -1.436550548679439089e+04
7.701000000000000068e-01 -1.436754411716757022e+04
7.701999999999999957e-01 -1.436956473449642544e+04
7.702999999999999847e-01 -1.437161723373278437e+04
7.704000000000000847e-01 -1.437372920615579460e+04
7.705000000000000737e-01 -1.437590885888727826e+04
7.706000000000000627e-01 -1.437814987660498264e+04
7.707000000000000517e-01 -1.438043605051467785e+04
7.708000000000000407e-01 -1.438274879920891544e+04
7.709000000000000297e-01 -1.438506854572237899e+04
7.710000000000000187e-01 -1.438737959563144068e+04
7.711000000000000076e-01 -1.438967555814944535e+04
7.711999999999999966e-01 -1.439195767570252428e+04
7.712999999999999856e-01 -1.439424258994450429e+04
7.714000000000000856e-01 -1.439653642218509958e+04
7.715000000000000746e-01 -1.439884127056561374e+04
7.716000000000000636e-01 -1.440114618932615485e+04
7.717000000000000526e-01 -1.440343907746848708e+04
7.718000000000000416e-01 -1.440571974386572037e+04
7.719000000000000306e-01 -1.440798709532337853e+04
7.720000000000000195e-01 -1.441023810206059170e+04
7.721000000000000085e-01 -1.441248277492329180e+04
7.721999999999999975e-01 -1.441472923617481683e+04
7.722999999999999865e-01 -1.441698096088289458e+04
7.724000000000000865e-01 -1.441923782014232711e+04
7.725000000000000755e-01 -1.442149845673486379e+04
7.726000000000000645e-01 -1.442376154819798103e+04
7.727000000000000535e-01 -1.442602637868265083e+04
7.728000000000000425e-01 -1.442829245320656264e+04
7.729000000000000314e-01 -1.443055958737290166e+04
7.730000000000000204e-01 -1.443282749193365453e+04
7.731000000000000094e-01 -1.443509567021807925e+04
7.731999999999999984e-01 -1.443736402772321344e+04
7.732999999999999874e-01 -1.443963248177413880e+04
7.734000000000000874e-01 -1.444190100012619041e+04
7.735000000000000764e-01 -1.444416985361558000e+04
7.736000000000000654e-01 -1.444643937627879495e+04
7.737000000000000544e-01 -1.444870964691868539e+04
7.738000000000000433e-01 -1.445098062857505829e+04
7.739000000000000323e-01 -1.445325226018928879e+04
7.740000000000000213e-01 -1.445552448646668563e+04
7.741000000000000103e-01 -1.445779726146494431e+04
7.741999999999999993e-01 -1.446007054401758069e+04
7.742999999999999883e-01 -1.446234429257539341e+04
7.744000000000000883e-01 -1.446461846189490097e+04
7.745000000000000773e-01 -1.446689300196503791e+04
7.746000000000000663e-01 -1.446916785892559164e+04
7.747000000000000552e-01 -1.447144293623922022e+04
7.748000000000000442e-01 -1.447371776510929521e+04
7.749000000000000332e-01 -1.447599203589814715e+04
7.750000000000000222e-01 -1.447826558840314465e+04
7.751000000000000112e-01 -1.448053812576197561e+04
7.752000000000000002e-01 -1.448281071029389204e+04
7.752999999999999892e-01 -1.448508406141503838e+04
7.754000000000000892e-01 -1.448735831604636041e+04
7.755000000000000782e-01 -1.448963341858165404e+04
7.756000000000000671e-01 -1.449190929130158656e+04
7.757000000000000561e-01 -1.449418587432491040e+04
7.758000000000000451e-01 -1.449646312859307181e+04
7.759000000000000341e-01 -1.449874102976067297e+04
7.760000000000000231e-01 -1.450101956157989844e+04
7.761000000000000121e-01 -1.450329871088851360e+04
7.762000000000000011e-01 -1.450557846430044447e+04
7.762999999999999901e-01 -1.450785880621214346e+04
7.764000000000000901e-01 -1.451013972662134256e+04
7.765000000000000790e-01 -1.451242269784526434e+04
7.766000000000000680e-01 -1.451470882261971201e+04
7.767000000000000570e-01 -1.451699532958596683e+04
7.768000000000000460e-01 -1.451928050232495116e+04
7.769000000000000350e-01 -1.452156416671302213e+04
7.770000000000000240e-01 -1.452384659515363455e+04
7.771000000000000130e-01 -1.452612812584505991e+04
7.772000000000000020e-01 -1.452840946982079913e+04
7.772999999999999909e-01 -1.453069014177579993e+04
7.774000000000000909e-01 -1.453296834617551576e+04
7.775000000000000799e-01 -1.453524359022456520e+04
7.776000000000000689e-01 -1.453751631900962275e+04
7.777000000000000579e-01 -1.453978717343105563e+04
7.778000000000000469e-01 -1.454205668244656044e+04
7.779000000000000359e-01 -1.454432397318770745e+04
7.780000000000000249e-01 -1.454659137089824799e+04
7.781000000000000139e-01 -1.454885798554204666e+04
7.782000000000000028e-01 -1.455132382067834078e+04
7.782999999999999918e-01 -1.455404578260380185e+04
7.784000000000000918e-01 -1.455677698276088449e+04
7.785000000000000808e-01 -1.455985436178121563e+04
7.786000000000000698e-01 -1.456300397761531531e+04
7.787000000000000588e-01 -1.456599830843949894e+04
7.788000000000000478e-01 -1.456880792462217323e+04
7.789000000000000368e-01 -1.457146814947064559e+04
7.790000000000000258e-01 -1.457401747505189996e+04
7.791000000000000147e-01 -1.457648641529503038e+04
7.792000000000000037e-01 -1.457895832173723102e+04
7.792999999999999927e-01 -1.458151403277943973e+04
7.794000000000000927e-01 -1.458402846085406054e+04
7.795000000000000817e-01 -1.458646990199825086e+04
7.796000000000000707e-01 -1.458884899422611306e+04
7.797000000000000597e-01 -1.459126673359823690e+04
7.798000000000000487e-01 -1.459377288086146837e+04
7.799000000000000377e-01 -1.459622033423078574e+04
7.800000000000000266e-01 -1.459861466364878834e+04
7.801000000000000156e-01 -1.460095551577036895e+04
7.802000000000000046e-01 -1.460322705516821588e+04
7.802999999999999936e-01 -1.460543804112150428e+04
7.803999999999999826e-01 -1.460760162521406346e+04
7.805000000000000826e-01 -1.460972969055401882e+04
7.806000000000000716e-01 -1.461183162065476972e+04
7.807000000000000606e-01 -1.461391224785657687e+04
7.808000000000000496e-01 -1.461597632844834152e+04
7.809000000000000385e-01 -1.461802840268914406e+04
7.810000000000000275e-01 -1.462007176545775837e+04
7.811000000000000165e-01 -1.462210580835579822e+04
7.812000000000000055e-01 -1.462413711282845725e+04
7.812999999999999945e-01 -1.462616442415541496e+04
7.813999999999999835e-01 -1.462818690991442236e+04
7.815000000000000835e-01 -1.463020673405974776e+04
7.816000000000000725e-01 -1.463222517669131594e+04
7.817000000000000615e-01 -1.463424282092371868e+04
7.818000000000000504e-01 -1.463625956330213739e+04
7.819000000000000394e-01 -1.463827367033342489e+04
7.820000000000000284e-01 -1.464028083489348319e+04
7.821000000000000174e-01 -1.464228198592420995e+04
7.822000000000000064e-01 -1.464428474908313729e+04
7.822999999999999954e-01 -1.464628567553131143e+04
7.823999999999999844e-01 -1.464828403268306283e+04
7.825000000000000844e-01 -1.465028013798844586e+04
7.826000000000000734e-01 -1.465227453099714876e+04
7.827000000000000624e-01 -1.465426769124761086e+04
7.828000000000000513e-01 -1.465626000956729513e+04
7.829000000000000403e-01 -1.465825230805588762e+04
7.830000000000000293e-01 -1.466024781259067822e+04
7.831000000000000183e-01 -1.466224520134417617e+04
7.832000000000000073e-01 -1.466424317488463748e+04
7.832999999999999963e-01 -1.466624119828789662e+04
7.833999999999999853e-01 -1.466823905126707541e+04
7.835000000000000853e-01 -1.467023659203133320e+04
7.836000000000000743e-01 -1.467223509186237789e+04
7.837000000000000632e-01 -1.467423071618061658e+04
7.838000000000000522e-01 -1.467622348653823792e+04
7.839000000000000412e-01 -1.467821392333324548e+04
7.840000000000000302e-01 -1.468020293557662990e+04
7.841000000000000192e-01 -1.468219028821484790e+04
7.842000000000000082e-01 -1.468417559152777903e+04
7.842999999999999972e-01 -1.468615892563904163e+04
7.843999999999999861e-01 -1.468814039719088760e+04
7.845000000000000862e-01 -1.469011974014465704e+04
7.846000000000000751e-01 -1.469209699999353506e+04
7.847000000000000641e-01 -1.469407353027118188e+04
7.848000000000000531e-01 -1.469604666585921041e+04
7.849000000000000421e-01 -1.469801756677438607e+04
7.850000000000000311e-01 -1.469998685414597821e+04
7.851000000000000201e-01 -1.470195477830643176e+04
7.852000000000000091e-01 -1.470392144902243126e+04
7.852999999999999980e-01 -1.470588691961788027e+04
7.853999999999999870e-01 -1.470785120815608207e+04
7.855000000000000870e-01 -1.470981513931332483e+04
7.856000000000000760e-01 -1.471178125551687845e+04
7.857000000000000650e-01 -1.471374871789161989e+04
7.858000000000000540e-01 -1.471571924355187366e+04
7.859000000000000430e-01 -1.471808235234802669e+04
7.860000000000000320e-01 -1.472093005975506276e+04
7.861000000000000210e-01 -1.472366503217582613e+04
7.862000000000000099e-01 -1.472617055927436377e+04
7.862999999999999989e-01 -1.472850448162552129e+04
7.863999999999999879e-01 -1.473072818756947163e+04
7.865000000000000879e-01 -1.473316348473849030e+04
7.866000000000000769e-01 -1.473624293346308514e+04
7.867000000000000659e-01 -1.473923068061246704e+04
7.868000000000000549e-01 -1.474193884185353272e+04
7.869000000000000439e-01 -1.474443620859963448e+04
7.870000000000000329e-01 -1.474679101967592942e+04
7.871000000000000218e-01 -1.474904745796321731e+04
7.872000000000000108e-01 -1.475123046816050919e+04
7.872999999999999998e-01 -1.475335563879658912e+04
7.873999999999999888e-01 -1.475543524595672716e+04
7.875000000000000888e-01 -1.475747288320663210e+04
7.876000000000000778e-01 -1.475947713968594871e+04
7.877000000000000668e-01 -1.476145565463269304e+04
7.878000000000000558e-01 -1.476341430916574245e+04
7.879000000000000448e-01 -1.476535784507807148e+04
7.880000000000000338e-01 -1.476729012494638118e+04
7.881000000000000227e-01 -1.476921415573533704e+04
7.882000000000000117e-01 -1.477113150751120156e+04
7.883000000000000007e-01 -1.477303898599496461e+04
7.883999999999999897e-01 -1.477493530301419014e+04
7.885000000000000897e-01 -1.477682240238437407e+04
7.886000000000000787e-01 -1.477870223172867918e+04
7.887000000000000677e-01 -1.478057573493526434e+04
7.888000000000000567e-01 -1.478244383386619666e+04
7.889000000000000457e-01 -1.478430750366854954e+04
7.890000000000000346e-01 -1.478616722022258728e+04
7.891000000000000236e-01 -1.478802313493896872e+04
7.892000000000000126e-01 -1.478987515812446873e+04
7.893000000000000016e-01 -1.479172333441488991e+04
7.893999999999999906e-01 -1.479357057866911236e+04
7.895000000000000906e-01 -1.479542282845491536e+04
7.896000000000000796e-01 -1.479727191776402469e+04
7.897000000000000686e-01 -1.479911000863004119e+04
7.898000000000000576e-01 -1.480093829495659702e+04
7.899000000000000465e-01 -1.480275422260936830e+04
7.900000000000000355e-01 -1.480454602779039851e+04
7.901000000000000245e-01 -1.480634569539982294e+04
7.902000000000000135e-01 -1.480827473368375831e+04
7.903000000000000025e-01 -1.481032168568560701e+04
7.903999999999999915e-01 -1.481237357165557114e+04
7.905000000000000915e-01 -1.481434244766680968e+04
7.906000000000000805e-01 -1.481621187367963284e+04
7.907000000000000695e-01 -1.481800227485131290e+04
7.908000000000000584e-01 -1.481974724469888315e+04
7.909000000000000474e-01 -1.482147539423365197e+04
7.910000000000000364e-01 -1.482320877446142367e+04
7.911000000000000254e-01 -1.482498247122848079e+04
7.912000000000000144e-01 -1.482685613120537164e+04
7.913000000000000034e-01 -1.482885401099064802e+04
7.913999999999999924e-01 -1.483092868918571367e+04
7.915000000000000924e-01 -1.483300457320200076e+04
7.916000000000000814e-01 -1.483502477895421180e+04
7.917000000000000703e-01 -1.483697455544576223e+04
7.918000000000000593e-01 -1.483887467346354788e+04
7.919000000000000483e-01 -1.484076093059234881e+04
7.920000000000000373e-01 -1.484266055269739081e+04
7.921000000000000263e-01 -1.484458092035099617e+04
7.922000000000000153e-01 -1.484651092224742388e+04
7.923000000000000043e-01 -1.484842587765937060e+04
7.923999999999999932e-01 -1.485030769325865185e+04
7.925000000000000933e-01 -1.485214892518922716e+04
7.926000000000000822e-01 -1.485394014018463713e+04
7.927000000000000712e-01 -1.485566366584977368e+04
7.928000000000000602e-01 -1.485729454631295084e+04
7.929000000000000492e-01 -1.485880536306584145e+04
7.930000000000000382e-01 -1.486017043285714681e+04
7.931000000000000272e-01 -1.486136532183715099e+04
7.932000000000000162e-01 -1.486236504957568286e+04
7.933000000000000052e-01 -1.486314477967847779e+04
7.933999999999999941e-01 -1.486369076251099432e+04
7.934999999999999831e-01 -1.486400833989997955e+04
7.936000000000000831e-01 -1.486409941418002381e+04
7.937000000000000721e-01 -1.486395129054251993e+04
7.938000000000000611e-01 -1.486354841504287106e+04
7.939000000000000501e-01 -1.486289191393846158e+04
7.940000000000000391e-01 -1.486206044653842036e+04
7.941000000000000281e-01 -1.486108828615828679e+04
7.942000000000000171e-01 -1.485998018838068128e+04
7.943000000000000060e-01 -1.485872737437370597e+04
7.943999999999999950e-01 -1.485738948564747625e+04
7.944999999999999840e-01 -1.485607458180212052e+04
7.946000000000000840e-01 -1.485476392617400234e+04
7.947000000000000730e-01 -1.485355723146714263e+04
7.948000000000000620e-01 -1.485299944846984363e+04
7.949000000000000510e-01 -1.485338161415180548e+04
7.950000000000000400e-01 -1.485450459089409196e+04
7.951000000000000290e-01 -1.485606156260352873e+04
7.952000000000000179e-01 -1.485784386407051716e+04
7.953000000000000069e-01 -1.485982071735822865e+04
7.953999999999999959e-01 -1.486192413496403060e+04
7.954999999999999849e-01 -1.486408009134365784e+04
7.956000000000000849e-01 -1.486626827693907944e+04
7.957000000000000739e-01 -1.486844960949785309e+04
7.958000000000000629e-01 -1.487056540811331070e+04
7.959000000000000519e-01 -1.487256366207118117e+04
7.960000000000000409e-01 -1.487454288379416539e+04
7.961000000000000298e-01 -1.487650552035803594e+04
7.962000000000000188e-01 -1.487845836612059611e+04
7.963000000000000078e-01 -1.488041541595846866e+04
7.963999999999999968e-01 -1.488239655990470419e+04
7.964999999999999858e-01 -1.488452938270975756e+04
7.966000000000000858e-01 -1.488684842386277705e+04
7.967000000000000748e-01 -1.488919940974275596e+04
7.968000000000000638e-01 -1.489149327030319546e+04
7.969000000000000528e-01 -1.489369833991082305e+04
7.970000000000000417e-01 -1.489582108159348172e+04
7.971000000000000307e-01 -1.489788450388638012e+04
7.972000000000000197e-01 -1.489990111842713486e+04
7.973000000000000087e-01 -1.490189031659881766e+04
7.973999999999999977e-01 -1.490387312920318982e+04
7.974999999999999867e-01 -1.490582401356253831e+04
7.976000000000000867e-01 -1.490774174193694307e+04
7.977000000000000757e-01 -1.490963896413622751e+04
7.978000000000000647e-01 -1.491152455767742686e+04
7.979000000000000536e-01 -1.491340573014213260e+04
7.980000000000000426e-01 -1.491529924259875770e+04
7.981000000000000316e-01 -1.491721969040668046e+04
7.982000000000000206e-01 -1.491915177260295968e+04
7.983000000000000096e-01 -1.492110162503960782e+04
7.983999999999999986e-01 -1.492306349116467391e+04
7.984999999999999876e-01 -1.492503669784915292e+04
7.986000000000000876e-01 -1.492703090651442471e+04
7.987000000000000766e-01 -1.492904924247170857e+04
7.988000000000000655e-01 -1.493108247281053627e+04
7.989000000000000545e-01 -1.493312609892356159e+04
7.990000000000000435e-01 -1.493517763756693785e+04
7.991000000000000325e-01 -1.493722610897823870e+04
7.992000000000000215e-01 -1.493927575099702335e+04
7.993000000000000105e-01 -1.494132625984045444e+04
7.993999999999999995e-01 -1.494338309371926334e+04
7.994999999999999885e-01 -1.494543438100992535e+04
7.996000000000000885e-01 -1.494748047862870953e+04
7.997000000000000774e-01 -1.494952708701726078e+04
7.998000000000000664e-01 -1.495157222916282808e+04
7.999000000000000554e-01 -1.495361556108746845e+04
8.000000000000000444e-01 -1.495565941893003401e+04
8.001000000000000334e-01 -1.495948762316596913e+04
8.002000000000000224e-01 -1.496446743005934150e+04
8.003000000000000114e-01 -1.496971462729081395e+04
8.004000000000000004e-01 -1.497526173501408812e+04
8.004999999999999893e-01 -1.498140129551832069e+04
8.006000000000000894e-01 -1.498837546781412493e+04
8.007000000000000783e-01 -1.499610969566490712e+04
8.008000000000000673e-01 -1.500446696378198249e+04
8.009000000000000563e-01 -1.501324299219779641e+04
8.010000000000000453e-01 -1.502246654945735281e+04
8.011000000000000343e-01 -1.503208893801634986e+04
8.012000000000000233e-01 -1.504064431563320613e+04
8.013000000000000123e-01 -1.504590780311617527e+04
8.014000000000000012e-01 -1.504871206280491970e+04
8.014999999999999902e-01 -1.505036855060330890e+04
8.016000000000000902e-01 -1.505152551454239438e+04
8.017000000000000792e-01 -1.505238778878363701e+04
8.018000000000000682e-01 -1.505321369511006378e+04
8.019000000000000572e-01 -1.505398249713618316e+04
8.020000000000000462e-01 -1.505561484047448903e+04
8.021000000000000352e-01 -1.505798033079167180e+04
8.022000000000000242e-01 -1.506025695703575002e+04
8.023000000000000131e-01 -1.506273796852680061e+04
8.024000000000000021e-01 -1.506496059053257522e+04
8.024999999999999911e-01 -1.506674276819956867e+04
8.026000000000000911e-01 -1.506819103441701009e+04
8.027000000000000801e-01 -1.506941922834909747e+04
8.028000000000000691e-01 -1.507051639283098120e+04
8.029000000000000581e-01 -1.507154475316686694e+04
8.030000000000000471e-01 -1.507252425475011114e+04
8.031000000000000361e-01 -1.507341943567777344e+04
8.032000000000000250e-01 -1.507419848816841659e+04
8.033000000000000140e-01 -1.507485947485731231e+04
8.034000000000000030e-01 -1.507540190210668334e+04
8.034999999999999920e-01 -1.507581128448978961e+04
8.036000000000000920e-01 -1.507606166182989546e+04
8.037000000000000810e-01 -1.507613076521929543e+04
8.038000000000000700e-01 -1.507602785347048302e+04
8.039000000000000590e-01 -1.507581446088474149e+04
8.040000000000000480e-01 -1.507550255323005513e+04
8.041000000000000369e-01 -1.507507985008891774e+04
8.042000000000000259e-01 -1.507453684475415139e+04
8.043000000000000149e-01 -1.507384816252611381e+04
8.044000000000000039e-01 -1.507309298650438359e+04
8.044999999999999929e-01 -1.507230958822562752e+04
8.046000000000000929e-01 -1.507149628639912771e+04
8.047000000000000819e-01 -1.507072989507138300e+04
8.048000000000000709e-01 -1.507031025814290115e+04
8.049000000000000599e-01 -1.507048285745279281e+04
8.050000000000000488e-01 -1.507120264230505381e+04
8.051000000000000378e-01 -1.507239746460218339e+04
8.052000000000000268e-01 -1.507390496592994896e+04
8.053000000000000158e-01 -1.507561854488846075e+04
8.054000000000000048e-01 -1.507746523549653102e+04
8.054999999999999938e-01 -1.507940893464894725e+04
8.056000000000000938e-01 -1.508140651029203400e+04
8.057000000000000828e-01 -1.508345951703984792e+04
8.058000000000000718e-01 -1.508554900070771509e+04
8.059000000000000608e-01 -1.508765516369515717e+04
8.060000000000000497e-01 -1.508974836352087368e+04
8.061000000000000387e-01 -1.509181906300758601e+04
8.062000000000000277e-01 -1.509387315362328627e+04
8.063000000000000167e-01 -1.509599439569407150e+04
8.064000000000000057e-01 -1.509818531118452847e+04
8.064999999999999947e-01 -1.510035953266142496e+04
8.065999999999999837e-01 -1.510249835075608098e+04
8.067000000000000837e-01 -1.510461925682089895e+04
8.068000000000000727e-01 -1.510673558839404359e+04
8.069000000000000616e-01 -1.510885214303018256e+04
8.070000000000000506e-01 -1.511096995805586448e+04
8.071000000000000396e-01 -1.511308097527357313e+04
8.072000000000000286e-01 -1.511517347356783102e+04
8.073000000000000176e-01 -1.511724461568685547e+04
8.074000000000000066e-01 -1.511929544145494583e+04
8.074999999999999956e-01 -1.512132623544112357e+04
8.075999999999999845e-01 -1.512333294668381859e+04
8.077000000000000846e-01 -1.512532001391920858e+04
8.078000000000000735e-01 -1.512728902932065830e+04
8.079000000000000625e-01 -1.512924141071270242e+04
8.080000000000000515e-01 -1.513117965347611971e+04
8.081000000000000405e-01 -1.513310608357951060e+04
8.082000000000000295e-01 -1.513502337208245081e+04
8.083000000000000185e-01 -1.513693345324568509e+04
8.084000000000000075e-01 -1.513884030204754163e+04
8.084999999999999964e-01 -1.514075107619748269e+04
8.085999999999999854e-01 -1.514265726562705095e+04
8.087000000000000854e-01 -1.514458656492424052e+04
8.088000000000000744e-01 -1.514653803502482879e+04
8.089000000000000634e-01 -1.514850641986420487e+04
8.090000000000000524e-01 -1.515049323423187525e+04
8.091000000000000414e-01 -1.515249984356820823e+04
8.092000000000000304e-01 -1.515451915348746297e+04
8.093000000000000194e-01 -1.515654556415941624e+04
8.094000000000000083e-01 -1.515857606408396532e+04
8.094999999999999973e-01 -1.516060898909924254e+04
8.095999999999999863e-01 -1.516264314590149297e+04
8.097000000000000863e-01 -1.516467750153239649e+04
8.098000000000000753e-01 -1.516671112808001453e+04
8.099000000000000643e-01 -1.516874347834056789e+04
8.100000000000000533e-01 -1.517077456051264562e+04
8.101000000000000423e-01 -1.517281821903041600e+04
8.102000000000000313e-01 -1.517490887627743541e+04
8.103000000000000203e-01 -1.517704787311356631e+04
8.104000000000000092e-01 -1.517922273911629418e+04
8.104999999999999982e-01 -1.518142891272969791e+04
8.105999999999999872e-01 -1.518365568686537699e+04
8.107000000000000872e-01 -1.518589736051050568e+04
8.108000000000000762e-01 -1.518815064514602636e+04
8.109000000000000652e-01 -1.519041381785766498e+04
8.110000000000000542e-01 -1.519268558388282872e+04
8.111000000000000432e-01 -1.519496434787492035e+04
8.112000000000000322e-01 -1.519724856576067577e+04
8.113000000000000211e-01 -1.519953702723802053e+04
8.114000000000000101e-01 -1.520182875351428811e+04
8.114999999999999991e-01 -1.520412286918578684e+04
8.115999999999999881e-01 -1.520641866738113276e+04
8.117000000000000881e-01 -1.520871562687886762e+04
8.118000000000000771e-01 -1.521101298283561482e+04
8.119000000000000661e-01 -1.521330495015678025e+04
8.120000000000000551e-01 -1.521559833677927418e+04
8.121000000000000441e-01 -1.521789291907952065e+04
8.122000000000000330e-01 -1.522019066125201607e+04
8.123000000000000220e-01 -1.522249052171135190e+04
8.124000000000000110e-01 -1.522479210583208442e+04
8.125000000000000000e-01 -1.522709566500782785e+04
8.125999999999999890e-01 -1.522940349680689360e+04
8.127000000000000890e-01 -1.523171633624663264e+04
8.128000000000000780e-01 -1.523403012233347727e+04
8.129000000000000670e-01 -1.523635210546039343e+04
8.130000000000000560e-01 -1.523868011416437548e+04
8.131000000000000449e-01 -1.524101225500052169e+04
8.132000000000000339e-01 -1.524334784325087276e+04
8.133000000000000229e-01 -1.524568664600065676e+04
8.134000000000000119e-01 -1.524802740053952220e+04
8.135000000000000009e-01 -1.525036815679489155e+04
8.135999999999999899e-01 -1.525271333657011201e+04
8.137000000000000899e-01 -1.525506362300247565e+04
8.138000000000000789e-01 -1.525741874336940236e+04
8.139000000000000679e-01 -1.525977819528993859e+04
8.140000000000000568e-01 -1.526214164265635009e+04
8.141000000000000458e-01 -1.526450896590327648e+04
8.142000000000000348e-01 -1.526687842004368758e+04
8.143000000000000238e-01 -1.526924896725668077e+04
8.144000000000000128e-01 -1.527162020295751427e+04
8.145000000000000018e-01 -1.527399196964466864e+04
8.145999999999999908e-01 -1.527636420264879962e+04
8.147000000000000908e-01 -1.527873687906550913e+04
8.148000000000000798e-01 -1.528111001635527100e+04
8.149000000000000687e-01 -1.528348369788363561e+04
8.150000000000000577e-01 -1.528585811086715876e+04
8.151000000000000467e-01 -1.528823362192091736e+04
8.152000000000000357e-01 -1.529061152074295387e+04
8.153000000000000247e-01 -1.529299479825110211e+04
8.154000000000000137e-01 -1.529538503535021664e+04
8.155000000000000027e-01 -1.529778438571614242e+04
8.155999999999999917e-01 -1.530020012901592963e+04
8.157000000000000917e-01 -1.530263695576469036e+04
8.158000000000000806e-01 -1.530509577992471532e+04
8.159000000000000696e-01 -1.530757600541731335e+04
8.160000000000000586e-01 -1.531007670231903285e+04
8.161000000000000476e-01 -1.531259706900805031e+04
8.162000000000000366e-01 -1.531513736107332807e+04
8.163000000000000256e-01 -1.531769855263684440e+04
8.164000000000000146e-01 -1.532028058010146560e+04
8.165000000000000036e-01 -1.532288297736817913e+04
8.165999999999999925e-01 -1.532550523740040080e+04
8.167000000000000925e-01 -1.532814752678766672e+04
8.168000000000000815e-01 -1.533081587467523241e+04
8.169000000000000705e-01 -1.533352198197125472e+04
8.170000000000000595e-01 -1.533627876735188875e+04
8.171000000000000485e-01 -1.533909197337205478e+04
8.172000000000000375e-01 -1.534196021041961467e+04
8.173000000000000265e-01 -1.534488840912622072e+04
8.174000000000000155e-01 -1.534789502619625273e+04
8.175000000000000044e-01 -1.535099208315536271e+04
8.175999999999999934e-01 -1.535418396494730587e+04
8.177000000000000934e-01 -1.535747305379168392e+04
8.178000000000000824e-01 -1.536086287762973552e+04
8.179000000000000714e-01 -1.536435974036618427e+04
8.180000000000000604e-01 -1.536797471892552858e+04
8.181000000000000494e-01 -1.537173360335109828e+04
8.182000000000000384e-01 -1.537567091564026123e+04
8.183000000000000274e-01 -1.537978218431524328e+04
8.184000000000000163e-01 -1.538411279877391826e+04
8.185000000000000053e-01 -1.538869437936332542e+04
8.185999999999999943e-01 -1.539355349518572802e+04
8.187000000000000943e-01 -1.539869124590884167e+04
8.188000000000000833e-01 -1.540409716170305728e+04
8.189000000000000723e-01 -1.540987989870277306e+04
8.190000000000000613e-01 -1.541575397704866555e+04
8.191000000000000503e-01 -1.542037133486014318e+04
8.192000000000000393e-01 -1.542330418975332213e+04
8.193000000000000282e-01 -1.542549717462108492e+04
8.194000000000000172e-01 -1.542755252572065910e+04
8.195000000000000062e-01 -1.542956086295135356e+04
8.195999999999999952e-01 -1.543146928436458802e+04
8.196999999999999842e-01 -1.543333266639130306e+04
8.198000000000000842e-01 -1.543521518555602779e+04
8.199000000000000732e-01 -1.543715631787858911e+04
8.200000000000000622e-01 -1.543916952536769531e+04
8.201000000000000512e-01 -1.544125775482682911e+04
8.202000000000000401e-01 -1.544342129930818919e+04
8.203000000000000291e-01 -1.544565170012543967e+04
8.204000000000000181e-01 -1.544793360210907485e+04
8.205000000000000071e-01 -1.545024605581347532e+04
8.205999999999999961e-01 -1.545256627576707979e+04
8.206999999999999851e-01 -1.545487907593212003e+04
8.208000000000000851e-01 -1.545717820073289477e+04
8.209000000000000741e-01 -1.545946250446410158e+04
8.210000000000000631e-01 -1.546173113406461562e+04
8.211000000000000520e-01 -1.546398261845596608e+04
8.212000000000000410e-01 -1.546621871331253715e+04
8.213000000000000300e-01 -1.546844610510554230e+04
8.214000000000000190e-01 -1.547067140632366500e+04
8.215000000000000080e-01 -1.547289703582348920e+04
8.215999999999999970e-01 -1.547512433227861220e+04
8.216999999999999860e-01 -1.547735380576066927e+04
8.218000000000000860e-01 -1.547958533309510312e+04
8.219000000000000750e-01 -1.548181845943823282e+04
8.220000000000000639e-01 -1.548405260492689740e+04
8.221000000000000529e-01 -1.548628711560269221e+04
8.222000000000000419e-01 -1.548852163351712443e+04
8.223000000000000309e-01 -1.549075701932069933e+04
8.224000000000000199e-01 -1.549299200282145284e+04
8.225000000000000089e-01 -1.549522570717368217e+04
8.225999999999999979e-01 -1.549745784217073196e+04
8.226999999999999869e-01 -1.549968850744245356e+04
8.228000000000000869e-01 -1.550191801720371950e+04
8.229000000000000759e-01 -1.550414676384747509e+04
8.230000000000000648e-01 -1.550637515602453095e+04
8.231000000000000538e-01 -1.550860355113629885e+04
8.232000000000000428e-01 -1.551083263464694210e+04
8.233000000000000318e-01 -1.551306432537034379e+04
8.234000000000000208e-01 -1.551529755468668736e+04
8.235000000000000098e-01 -1.551753189688839848e+04
8.235999999999999988e-01 -1.551976716662431863e+04
8.236999999999999877e-01 -1.552200299644815459e+04
8.238000000000000878e-01 -1.552423895568576336e+04
8.239000000000000767e-01 -1.552647467255032279e+04
8.240000000000000657e-01 -1.552870975920405363e+04
8.241000000000000547e-01 -1.553094382198364292e+04
8.242000000000000437e-01 -1.553317684285521136e+04
8.243000000000000327e-01 -1.553540855365235075e+04
8.244000000000000217e-01 -1.553763898662920838e+04
8.245000000000000107e-01 -1.553986844799226128e+04
8.245999999999999996e-01 -1.554209726719852915e+04
8.246999999999999886e-01 -1.554432573544542356e+04
8.248000000000000886e-01 -1.554655400402675878e+04
8.249000000000000776e-01 -1.554878210324137763e+04
8.250000000000000666e-01 -1.555101001786372399e+04
8.251000000000000556e-01 -1.555323776215610815e+04
8.252000000000000446e-01 -1.555546539147104158e+04
8.253000000000000336e-01 -1.555769291540567247e+04
8.254000000000000226e-01 -1.555992033216661366e+04
8.255000000000000115e-01 -1.556214764076867505e+04
8.256000000000000005e-01 -1.556437458290216819e+04
8.256999999999999895e-01 -1.556660060726362644e+04
8.258000000000000895e-01 -1.556882697076094519e+04
8.259000000000000785e-01 -1.557105399589511217e+04
8.260000000000000675e-01 -1.557328158121715387e+04
8.261000000000000565e-01 -1.557550958164614894e+04
8.262000000000000455e-01 -1.557773764290552390e+04
8.263000000000000345e-01 -1.557996592678481829e+04
8.264000000000000234e-01 -1.558219553594046556e+04
8.265000000000000124e-01 -1.558442659174893015e+04
8.266000000000000014e-01 -1.558665878568795051e+04
8.266999999999999904e-01 -1.558889171016751061e+04
8.268000000000000904e-01 -1.559112500409976928e+04
8.269000000000000794e-01 -1.559335840904669749e+04
8.270000000000000684e-01 -1.559559177469934730e+04
8.271000000000000574e-01 -1.559782503545389955e+04
8.272000000000000464e-01 -1.560005816675444839e+04
8.273000000000000353e-01 -1.560229118660731910e+04
8.274000000000000243e-01 -1.560452413647593312e+04
8.275000000000000133e-01 -1.560675702396036286e+04
8.276000000000000023e-01 -1.560898985077605539e+04
8.276999999999999913e-01 -1.561122261637144402e+04
8.278000000000000913e-01 -1.561345535527134962e+04
8.279000000000000803e-01 -1.561568813790844251e+04
8.280000000000000693e-01 -1.561792098789526790e+04
8.281000000000000583e-01 -1.562015390457103240e+04
8.282000000000000473e-01 -1.562238709850030318e+04
8.283000000000000362e-01 -1.562461908531715380e+04
8.284000000000000252e-01 -1.562684879886903764e+04
8.285000000000000142e-01 -1.562907605578862785e+04
8.286000000000000032e-01 -1.563130131541926858e+04
8.286999999999999922e-01 -1.563352507810016868e+04
8.288000000000000922e-01 -1.563574784816276770e+04
8.289000000000000812e-01 -1.563797130434162136e+04
8.290000000000000702e-01 -1.564019328957888138e+04
8.291000000000000592e-01 -1.564241403379676376e+04
8.292000000000000481e-01 -1.564463338650067453e+04
8.293000000000000371e-01 -1.564685082458067336e+04
8.294000000000000261e-01 -1.564906657724830256e+04
8.295000000000000151e-01 -1.565128111872956288e+04
8.296000000000000041e-01 -1.565349480342181414e+04
8.296999999999999931e-01 -1.565570784605204972e+04
8.298000000000000931e-01 -1.565792035778131321e+04
8.299000000000000821e-01 -1.566013239281048664e+04
8.300000000000000711e-01 -1.566234398392418552e+04
8.301000000000000600e-01 -1.566454212842201923e+04
8.302000000000000490e-01 -1.566669890793132072e+04
8.303000000000000380e-01 -1.566881810068824234e+04
8.304000000000000270e-01 -1.567091013319344165e+04
8.305000000000000160e-01 -1.567298321645274882e+04
8.306000000000000050e-01 -1.567504278857625104e+04
8.306999999999999940e-01 -1.567709277463029321e+04
8.308000000000000940e-01 -1.567913609593944420e+04
8.309000000000000830e-01 -1.568117423900932226e+04
8.310000000000000719e-01 -1.568320825564660481e+04
8.311000000000000609e-01 -1.568523901618877971e+04
8.312000000000000499e-01 -1.568726723829162438e+04
8.313000000000000389e-01 -1.568929350040144527e+04
8.314000000000000279e-01 -1.569131821275556285e+04
8.315000000000000169e-01 -1.569334109055760018e+04
8.316000000000000059e-01 -1.569536130264940221e+04
8.316999999999999948e-01 -1.569737910041302530e+04
8.318000000000000949e-01 -1.569939511703390963e+04
8.319000000000000838e-01 -1.570140978131545853e+04
8.320000000000000728e-01 -1.570342315143343694e+04
8.321000000000000618e-01 -1.570543522108370962e+04
8.322000000000000508e-01 -1.570744641363515802e+04
8.323000000000000398e-01 -1.570945707387502080e+04
8.324000000000000288e-01 -1.571146580303211158e+04
8.325000000000000178e-01 -1.571347349156289056e+04
8.326000000000000068e-01 -1.571548038061049738e+04
8.326999999999999957e-01 -1.571748614849925616e+04
8.327999999999999847e-01 -1.571949035164564157e+04
8.329000000000000847e-01 -1.572149274605912797e+04
8.330000000000000737e-01 -1.572349352108697167e+04
8.331000000000000627e-01 -1.572549289819331534e+04
8.332000000000000517e-01 -1.572749105298787799e+04
8.333000000000000407e-01 -1.572948816723505843e+04
8.334000000000000297e-01 -1.573148435245249129e+04
8.335000000000000187e-01 -1.573347961230837427e+04
8.336000000000000076e-01 -1.573547395428575874e+04
8.336999999999999966e-01 -1.573746742420910232e+04
8.337999999999999856e-01 -1.573946010768601991e+04
8.339000000000000856e-01 -1.574145211654453124e+04
8.340000000000000746e-01 -1.574344347539587761e+04
8.341000000000000636e-01 -1.574543448380806331e+04
8.342000000000000526e-01 -1.574742641066230863e+04
8.343000000000000416e-01 -1.574941935132085200e+04
8.344000000000000306e-01 -1.575141303555657214e+04
8.345000000000000195e-01 -1.575340720426819644e+04
8.346000000000000085e-01 -1.575540169463958773e+04
8.346999999999999975e-01 -1.575739677689072414e+04
8.347999999999999865e-01 -1.575939332015241052e+04
8.349000000000000865e-01 -1.576139208282931213e+04
8.350000000000000755e-01 -1.576339371244066751e+04
8.351000000000000645e-01 -1.576539759134774249e+04
8.352000000000000535e-01 -1.576740281834679263e+04
8.353000000000000425e-01 -1.576940865221423701e+04
8.354000000000000314e-01 -1.577141384049403314e+04
8.355000000000000204e-01 -1.577341824247575096e+04
8.356000000000000094e-01 -1.577542250268923272e+04
8.356999999999999984e-01 -1.577742699991646259e+04
8.357999999999999874e-01 -1.577943128714404520e+04
8.359000000000000874e-01 -1.578143547415990179e+04
8.360000000000000764e-01 -1.578343948827792337e+04
8.361000000000000654e-01 -1.578544280050248381e+04
8.362000000000000544e-01 -1.578744502847169315e+04
8.363000000000000433e-01 -1.578944583149316350e+04
8.364000000000000323e-01 -1.579144455867134457e+04
8.365000000000000213e-01 -1.579344143502370025e+04
8.366000000000000103e-01 -1.579543704149469340e+04
8.366999999999999993e-01 -1.579743199865091992e+04
8.367999999999999883e-01 -1.579942669770827888e+04
8.369000000000000883e-01 -1.580142122139779894e+04
8.370000000000000773e-01 -1.580341618860679228e+04
8.371000000000000663e-01 -1.580541190871623621e+04
8.372000000000000552e-01 -1.580740505778111401e+04
8.373000000000000442e-01 -1.580939786157174240e+04
8.374000000000000332e-01 -1.581139264833221205e+04
8.375000000000000222e-01 -1.581339087511604157e+04
8.376000000000000112e-01 -1.581538784375755858e+04
8.377000000000000002e-01 -1.581739069565041245e+04
8.377999999999999892e-01 -1.581940032012826305e+04
8.379000000000000892e-01 -1.582141905205259900e+04
8.380000000000000782e-01 -1.582343939976896218e+04
8.381000000000000671e-01 -1.582545460893132440e+04
8.382000000000000561e-01 -1.582746547704036493e+04
8.383000000000000451e-01 -1.582947457758884593e+04
8.384000000000000341e-01 -1.583148201239254377e+04
8.385000000000000231e-01 -1.583348846921980839e+04
8.386000000000000121e-01 -1.583549486443515525e+04
8.387000000000000011e-01 -1.583750126673491832e+04
8.387999999999999901e-01 -1.583950683667519115e+04
8.389000000000000901e-01 -1.584150981565632355e+04
8.390000000000000790e-01 -1.584350938863046213e+04
8.391000000000000680e-01 -1.584550563942432382e+04
8.392000000000000570e-01 -1.584749787731137076e+04
8.393000000000000460e-01 -1.584948416614376220e+04
8.394000000000000350e-01 -1.585146444322506613e+04
8.395000000000000240e-01 -1.585343965117882544e+04
8.396000000000000130e-01 -1.585541074148471853e+04
8.397000000000000020e-01 -1.585737849150387956e+04
8.397999999999999909e-01 -1.585934356344408843e+04
8.399000000000000909e-01 -1.586130655773690160e+04
8.400000000000000799e-01 -1.586326801012329997e+04
8.401000000000000689e-01 -1.586522834187356239e+04
8.402000000000000579e-01 -1.586718762692650671e+04
8.403000000000000469e-01 -1.586914582713204254e+04
8.404000000000000359e-01 -1.587110294589576915e+04
8.405000000000000249e-01 -1.587305913961162150e+04
8.406000000000000139e-01 -1.587501459446321860e+04
8.407000000000000028e-01 -1.587696938656283055e+04
8.407999999999999918e-01 -1.587892349263695723e+04
8.409000000000000918e-01 -1.588087684289604658e+04
8.410000000000000808e-01 -1.588282936070429423e+04
8.411000000000000698e-01 -1.588478097662640357e+04
8.412000000000000588e-01 -1.588673162391045844e+04
8.413000000000000478e-01 -1.588868122444609980e+04
8.414000000000000368e-01 -1.589062966537690954e+04
8.415000000000000258e-01 -1.589257667855185900e+04
8.416000000000000147e-01 -1.589452091367363573e+04
8.417000000000000037e-01 -1.589646124953182334e+04
8.417999999999999927e-01 -1.589839801679904303e+04
8.419000000000000927e-01 -1.590033188157469340e+04
8.420000000000000817e-01 -1.590226329207537128e+04
8.421000000000000707e-01 -1.590419238798182232e+04
8.422000000000000597e-01 -1.590611908448829490e+04
8.423000000000000487e-01 -1.590804314040662939e+04
8.424000000000000377e-01 -1.590996412579219577e+04
8.425000000000000266e-01 -1.591188127730037013e+04
8.426000000000000156e-01 -1.591379214560808032e+04
8.427000000000000046e-01 -1.591568931535017873e+04
8.427999999999999936e-01 -1.591756413366843299e+04
8.429000000000000936e-01 -1.591941050791926136e+04
8.430000000000000826e-01 -1.592122450828383444e+04
8.431000000000000716e-01 -1.592300497121503395e+04
8.432000000000000606e-01 -1.592475625201020921e+04
8.433000000000000496e-01 -1.592647841790430175e+04
8.434000000000000385e-01 -1.592815945068032306e+04
8.435000000000000275e-01 -1.592978457564625569e+04
8.436000000000000165e-01 -1.593131921844764838e+04
8.437000000000000055e-01 -1.593260348900754070e+04
8.437999999999999945e-01 -1.593367471144026786e+04
8.439000000000000945e-01 -1.593468688076474609e+04
8.440000000000000835e-01 -1.593569478801079822e+04
8.441000000000000725e-01 -1.593667495411034906e+04
8.442000000000000615e-01 -1.593758928393482347e+04
8.443000000000000504e-01 -1.593840976715411307e+04
8.444000000000000394e-01 -1.593911974343042311e+04
8.445000000000000284e-01 -1.593971476319641260e+04
8.446000000000000174e-01 -1.594017578308035445e+04
8.447000000000000064e-01 -1.594050312345163729e+04
8.447999999999999954e-01 -1.594074187684422031e+04
8.449000000000000954e-01 -1.594091605880633506e+04
8.450000000000000844e-01 -1.594102074644943059e+04
8.451000000000000734e-01 -1.594103923861981275e+04
8.452000000000000624e-01 -1.594100150497561117e+04
8.453000000000000513e-01 -1.594093505652133899e+04
8.454000000000000403e-01 -1.594090775790435873e+04
8.455000000000000293e-01 -1.594104018724488378e+04
8.456000000000000183e-01 -1.594145998301148938e+04
8.457000000000000073e-01 -1.594220707322429735e+04
8.457999999999999963e-01 -1.594320616949609393e+04
8.458999999999999853e-01 -1.594439397691380509e+04
8.460000000000000853e-01 -1.594578503637095673e+04
8.461000000000000743e-01 -1.594738239295210224e+04
8.462000000000000632e-01 -1.594913601408079012e+04
8.463000000000000522e-01 -1.595099453704558437e+04
8.464000000000000412e-01 -1.595292225169027915e+04
8.465000000000000302e-01 -1.595489965052115440e+04
8.466000000000000192e-01 -1.595691556701988884e+04
8.467000000000000082e-01 -1.595897335489892430e+04
8.467999999999999972e-01 -1.596105127633957454e+04
8.468999999999999861e-01 -1.596315015218566259e+04
8.470000000000000862e-01 -1.596526833813183475e+04
8.471000000000000751e-01 -1.596735644978339951e+04
8.472000000000000641e-01 -1.596945175483369167e+04
8.473000000000000531e-01 -1.597154378400444511e+04
8.474000000000000421e-01 -1.597362478606407603e+04
8.475000000000000311e-01 -1.597569423674585414e+04
8.476000000000000201e-01 -1.597775141737741433e+04
8.477000000000000091e-01 -1.597979596353851048e+04
8.477999999999999980e-01 -1.598182077985657088e+04
8.478999999999999870e-01 -1.598383279412119555e+04
8.480000000000000870e-01 -1.598583798331756770e+04
8.481000000000000760e-01 -1.598783434826189296e+04
8.482000000000000650e-01 -1.598982122016178255e+04
8.483000000000000540e-01 -1.599180284268110699e+04
8.484000000000000430e-01 -1.599378135301257498e+04
8.485000000000000320e-01 -1.599574478684148380e+04
8.486000000000000210e-01 -1.599769697188203281e+04
8.487000000000000099e-01 -1.599957022505464374e+04
8.487999999999999989e-01 -1.600098958775213760e+04
8.488999999999999879e-01 -1.600227412459657171e+04
8.490000000000000879e-01 -1.600362320829523378e+04
8.491000000000000769e-01 -1.600507365058692994e+04
8.492000000000000659e-01 -1.600638429028324208e+04
8.493000000000000549e-01 -1.600699038834376915e+04
8.494000000000000439e-01 -1.600749579113469554e+04
8.495000000000000329e-01 -1.600817229649230103e+04
8.496000000000000218e-01 -1.600884444253157562e+04
8.497000000000000108e-01 -1.600947873093066664e+04
8.497999999999999998e-01 -1.601024429907876038e+04
8.498999999999999888e-01 -1.601115754104446205e+04
8.500000000000000888e-01 -1.601222854892289070e+04
8.501000000000000778e-01 -1.601527280583616448e+04
8.502000000000000668e-01 -1.601949573980650530e+04
8.503000000000000558e-01 -1.602407201631486168e+04
8.504000000000000448e-01 -1.602896217914809495e+04
8.505000000000000338e-01 -1.603431500620509178e+04
8.506000000000000227e-01 -1.604046720918713072e+04
8.507000000000000117e-01 -1.604738691166878925e+04
8.508000000000000007e-01 -1.605487982401447516e+04
8.508999999999999897e-01 -1.606287950450585231e+04
8.510000000000000897e-01 -1.607143834169946786e+04
8.511000000000000787e-01 -1.608028300473253512e+04
8.512000000000000677e-01 -1.608907243577726695e+04
8.513000000000000567e-01 -1.609699447164127923e+04
8.514000000000000457e-01 -1.610380126181334526e+04
8.515000000000000346e-01 -1.610841231336485725e+04
8.516000000000000236e-01 -1.611103213983637579e+04
8.517000000000000126e-01 -1.611264291068263810e+04
8.518000000000000016e-01 -1.611369160170681789e+04
8.518999999999999906e-01 -1.611447261320345569e+04
8.520000000000000906e-01 -1.611522998738786737e+04
8.521000000000000796e-01 -1.611592450587329040e+04
8.522000000000000686e-01 -1.611644374805104053e+04
8.523000000000000576e-01 -1.611760461268041399e+04
8.524000000000000465e-01 -1.612038519518606881e+04
8.525000000000000355e-01 -1.612354410633011321e+04
8.526000000000000245e-01 -1.612631208710744068e+04
8.527000000000000135e-01 -1.612828037930321625e+04
8.528000000000000025e-01 -1.612970610403310457e+04
8.528999999999999915e-01 -1.613081549030433598e+04
8.530000000000000915e-01 -1.613170359766604452e+04
8.531000000000000805e-01 -1.613238002452828005e+04
8.532000000000000695e-01 -1.613283279626579133e+04
8.533000000000000584e-01 -1.613305149828125832e+04
8.534000000000000474e-01 -1.613303256990929913e+04
8.535000000000000364e-01 -1.613277149395606648e+04
8.536000000000000254e-01 -1.613226479496859065e+04
8.537000000000000144e-01 -1.613151434900657296e+04
8.538000000000000034e-01 -1.613050513800246881e+04
8.538999999999999924e-01 -1.612921866703181513e+04
8.540000000000000924e-01 -1.612770552397400934e+04
8.541000000000000814e-01 -1.612602575338099086e+04
8.542000000000000703e-01 -1.612412582360868873e+04
8.543000000000000593e-01 -1.612214800732055301e+04
8.544000000000000483e-01 -1.612020025568289020e+04
8.545000000000000373e-01 -1.611839837164915662e+04
8.546000000000000263e-01 -1.611684169894446859e+04
8.547000000000000153e-01 -1.611620911211796920e+04
8.548000000000000043e-01 -1.611665168596752301e+04
8.548999999999999932e-01 -1.611786825569208668e+04
8.550000000000000933e-01 -1.611964531241706027e+04
8.551000000000000822e-01 -1.612177153493981859e+04
8.552000000000000712e-01 -1.612413152608715791e+04
8.553000000000000602e-01 -1.612660586384372982e+04
8.554000000000000492e-01 -1.612914725094990536e+04
8.555000000000000382e-01 -1.613162833256110935e+04
8.556000000000000272e-01 -1.613399079831962808e+04
8.557000000000000162e-01 -1.613621425836577146e+04
8.558000000000000052e-01 -1.613826364541655130e+04
8.558999999999999941e-01 -1.614014887953470316e+04
8.560000000000000941e-01 -1.614190325366625075e+04
8.561000000000000831e-01 -1.614359736500887448e+04
8.562000000000000721e-01 -1.614529025221607480e+04
8.563000000000000611e-01 -1.614702675803820603e+04
8.564000000000000501e-01 -1.614884163623805398e+04
8.565000000000000391e-01 -1.615088547461245435e+04
8.566000000000000281e-01 -1.615312984819379562e+04
8.567000000000000171e-01 -1.615543938325770614e+04
8.568000000000000060e-01 -1.615770066524244612e+04
8.568999999999999950e-01 -1.615988463295287875e+04
8.570000000000000950e-01 -1.616199863642107084e+04
8.571000000000000840e-01 -1.616405674174707383e+04
8.572000000000000730e-01 -1.616609639609993610e+04
8.573000000000000620e-01 -1.616809760983289016e+04
8.574000000000000510e-01 -1.617007604957299009e+04
8.575000000000000400e-01 -1.617204240850287169e+04
8.576000000000000290e-01 -1.617400163768054335e+04
8.577000000000000179e-01 -1.617595616494647402e+04
8.578000000000000069e-01 -1.617791471779501262e+04
8.578999999999999959e-01 -1.617988736289688677e+04
8.580000000000000959e-01 -1.618187712784376527e+04
8.581000000000000849e-01 -1.618386922245170354e+04
8.582000000000000739e-01 -1.618585249899205337e+04
8.583000000000000629e-01 -1.618788429526033906e+04
8.584000000000000519e-01 -1.618993623235908308e+04
8.585000000000000409e-01 -1.619200360411999281e+04
8.586000000000000298e-01 -1.619408115135991648e+04
8.587000000000000188e-01 -1.619616119327390516e+04
8.588000000000000078e-01 -1.619824241459738369e+04
8.588999999999999968e-01 -1.620032422605514694e+04
8.589999999999999858e-01 -1.620239540513444990e+04
8.591000000000000858e-01 -1.620446170080977026e+04
8.592000000000000748e-01 -1.620652609111499623e+04
8.593000000000000638e-01 -1.620859014241443219e+04
8.594000000000000528e-01 -1.621065453832474850e+04
8.595000000000000417e-01 -1.621271945024205525e+04
8.596000000000000307e-01 -1.621478475034757685e+04
8.597000000000000197e-01 -1.621685016504654777e+04
8.598000000000000087e-01 -1.621891540441309007e+04
8.598999999999999977e-01 -1.622098026047559870e+04
8.599999999999999867e-01 -1.622304466292040161e+04
8.601000000000000867e-01 -1.622512221796145059e+04
8.602000000000000757e-01 -1.622724661512739840e+04
8.603000000000000647e-01 -1.622942036172932785e+04
8.604000000000000536e-01 -1.623163352566396497e+04
8.605000000000000426e-01 -1.623387407989451094e+04
8.606000000000000316e-01 -1.623613306657404610e+04
8.607000000000000206e-01 -1.623840234071367558e+04
8.608000000000000096e-01 -1.624067826380260703e+04
8.608999999999999986e-01 -1.624296040127680681e+04
8.609999999999999876e-01 -1.624524557720852135e+04
8.611000000000000876e-01 -1.624753099884212679e+04
8.612000000000000766e-01 -1.624981570774752436e+04
8.613000000000000655e-01 -1.625209843488689330e+04
8.614000000000000545e-01 -1.625438763804576047e+04
8.615000000000000435e-01 -1.625667924313679396e+04
8.616000000000000325e-01 -1.625897133067207687e+04
8.617000000000000215e-01 -1.626126322527515367e+04
8.618000000000000105e-01 -1.626355480802138663e+04
8.618999999999999995e-01 -1.626584621279359089e+04
8.619999999999999885e-01 -1.626813772860263816e+04
8.621000000000000885e-01 -1.627043030859458486e+04
8.622000000000000774e-01 -1.627272647194756064e+04
8.623000000000000664e-01 -1.627502688738186589e+04
8.624000000000000554e-01 -1.627733099839096394e+04
8.625000000000000444e-01 -1.627963805150569351e+04
8.626000000000000334e-01 -1.628194742835894431e+04
8.627000000000000224e-01 -1.628425869412035354e+04
8.628000000000000114e-01 -1.628657155937948664e+04
8.629000000000000004e-01 -1.628888583131466294e+04
8.629999999999999893e-01 -1.629120137481484744e+04
8.631000000000000894e-01 -1.629351234970443693e+04
8.632000000000000783e-01 -1.629582737911899130e+04
8.633000000000000673e-01 -1.629814817664600560e+04
8.634000000000000563e-01 -1.630047348158209206e+04
8.635000000000000453e-01 -1.630280336823890866e+04
8.636000000000000343e-01 -1.630513731528856988e+04
8.637000000000000233e-01 -1.630747479940524317e+04
8.638000000000000123e-01 -1.630981552856664348e+04
8.639000000000000012e-01 -1.631216027900839254e+04
8.639999999999999902e-01 -1.631451070702088327e+04
8.641000000000000902e-01 -1.631686683935819019e+04
8.642000000000000792e-01 -1.631922812893040827e+04
8.643000000000000682e-01 -1.632159406162466075e+04
8.644000000000000572e-01 -1.632396444704542955e+04
8.645000000000000462e-01 -1.632633915357807928e+04
8.646000000000000352e-01 -1.632871623973357418e+04
8.647000000000000242e-01 -1.633109412355816130e+04
8.648000000000000131e-01 -1.633347610968058689e+04
8.649000000000000021e-01 -1.633586240465425362e+04
8.649999999999999911e-01 -1.633825245168858055e+04
8.651000000000000911e-01 -1.634064588144700974e+04
8.652000000000000801e-01 -1.634304246921989761e+04
8.653000000000000691e-01 -1.634544207622977774e+04
8.654000000000000581e-01 -1.634784460736287474e+04
8.655000000000000471e-01 -1.635024998351189424e+04
8.656000000000000361e-01 -1.635265812461133100e+04
8.657000000000000250e-01 -1.635506949873295525e+04
8.658000000000000140e-01 -1.635748568077780510e+04
8.659000000000000030e-01 -1.635990482526586129e+04
8.659999999999999920e-01 -1.636232547505934599e+04
8.661000000000000920e-01 -1.636474718043645589e+04
8.662000000000000810e-01 -1.636717006330946970e+04
8.663000000000000700e-01 -1.636959445688705637e+04
8.664000000000000590e-01 -1.637202070743956938e+04
8.665000000000000480e-01 -1.637444940511293316e+04
8.666000000000000369e-01 -1.637688351210100882e+04
8.667000000000000259e-01 -1.637932327314118265e+04
8.668000000000000149e-01 -1.638177234211226096e+04
8.669000000000000039e-01 -1.638423431616913149e+04
8.669999999999999929e-01 -1.638670896414696108e+04
8.671000000000000929e-01 -1.638919483542717717e+04
8.672000000000000819e-01 -1.639169131047384144e+04
8.673000000000000709e-01 -1.639420271419907294e+04
8.674000000000000599e-01 -1.639673405184823059e+04
8.675000000000000488e-01 -1.639928658751205512e+04
8.676000000000000378e-01 -1.640185959181553335e+04
8.677000000000000268e-01 -1.640445206275882811e+04
8.678000000000000158e-01 -1.640706415751266104e+04
8.679000000000000048e-01 -1.640970046503181584e+04
8.679999999999999938e-01 -1.641237922310942668e+04
8.681000000000000938e-01 -1.641512042040972665e+04
8.682000000000000828e-01 -1.641794262053540660e+04
8.683000000000000718e-01 -1.642086358062067666e+04
8.684000000000000608e-01 -1.642391955255995344e+04
8.685000000000000497e-01 -1.642715690432295378e+04
8.686000000000000387e-01 -1.643062983596292179e+04
8.687000000000000277e-01 -1.643440180609198069e+04
8.688000000000000167e-01 -1.643853105650741782e+04
8.689000000000000057e-01 -1.644308069296917165e+04
8.689999999999999947e-01 -1.644810816051948132e+04
8.691000000000000947e-01 -1.645369134532614771e+04
8.692000000000000837e-01 -1.645975896968282905e+04
8.693000000000000727e-01 -1.646637523125534426e+04
8.694000000000000616e-01 -1.647365685636029229e+04
8.695000000000000506e-01 -1.648146989546092664e+04
8.696000000000000396e-01 -1.648801118779512035e+04
8.697000000000000286e-01 -1.649160559914672194e+04
8.698000000000000176e-01 -1.649380896628542905e+04
8.699000000000000066e-01 -1.649563828521005416e+04
8.699999999999999956e-01 -1.649740630990003410e+04
8.701000000000000956e-01 -1.649929587734918823e+04
8.702000000000000846e-01 -1.650132812462487345e+04
8.703000000000000735e-01 -1.650348065472441158e+04
8.704000000000000625e-01 -1.650565156756606302e+04
8.705000000000000515e-01 -1.650779699750586224e+04
8.706000000000000405e-01 -1.650992055718981283e+04
8.707000000000000295e-01 -1.651200226605869830e+04
8.708000000000000185e-01 -1.651406585591560361e+04
8.709000000000000075e-01 -1.651616313406510017e+04
8.709999999999999964e-01 -1.651841681466892987e+04
8.711000000000000965e-01 -1.652085775417738114e+04
8.712000000000000854e-01 -1.652331958775014573e+04
8.713000000000000744e-01 -1.652571259997915331e+04
8.714000000000000634e-01 -1.652804037690772384e+04
8.715000000000000524e-01 -1.653034210670349421e+04
8.716000000000000414e-01 -1.653262688188868924e+04
8.717000000000000304e-01 -1.653489994044010382e+04
8.718000000000000194e-01 -1.653717367638549695e+04
8.719000000000000083e-01 -1.653945312489097705e+04
8.719999999999999973e-01 -1.654173488012674716e+04
8.720999999999999863e-01 -1.654401639204380263e+04
8.722000000000000863e-01 -1.654629627656829689e+04
8.723000000000000753e-01 -1.654857295294138385e+04
8.724000000000000643e-01 -1.655084385046255193e+04
8.725000000000000533e-01 -1.655310636556764803e+04
8.726000000000000423e-01 -1.655535812884460393e+04
8.727000000000000313e-01 -1.655759898168739164e+04
8.728000000000000203e-01 -1.655982968966861517e+04
8.729000000000000092e-01 -1.656205182475110269e+04
8.729999999999999982e-01 -1.656426850435971573e+04
8.730999999999999872e-01 -1.656648093762223289e+04
8.732000000000000872e-01 -1.656868972582016795e+04
8.733000000000000762e-01 -1.657089812252593401e+04
8.734000000000000652e-01 -1.657311041586661668e+04
8.735000000000000542e-01 -1.657533129614015706e+04
8.736000000000000432e-01 -1.657756028591527866e+04
8.737000000000000322e-01 -1.657979514049015415e+04
8.738000000000000211e-01 -1.658203713025302568e+04
8.739000000000000101e-01 -1.658428565573289961e+04
8.739999999999999991e-01 -1.658653849529490981e+04
8.740999999999999881e-01 -1.658879791242405190e+04
8.742000000000000881e-01 -1.659105974326744763e+04
8.743000000000000771e-01 -1.659331593441596851e+04
8.744000000000000661e-01 -1.659556463162857108e+04
8.745000000000000551e-01 -1.659780800559291674e+04
8.746000000000000441e-01 -1.660005045589967631e+04
8.747000000000000330e-01 -1.660229360683346385e+04
8.748000000000000220e-01 -1.660453712586487018e+04
8.749000000000000110e-01 -1.660678049812131576e+04
8.750000000000000000e-01 -1.660902336282194301e+04
8.750999999999999890e-01 -1.661126518273138208e+04
8.752000000000000890e-01 -1.661350383821082869e+04
8.753000000000000780e-01 -1.661573807391529044e+04
8.754000000000000670e-01 -1.661796895933798805e+04
8.755000000000000560e-01 -1.662019805490999715e+04
8.756000000000000449e-01 -1.662243722109186638e+04
8.757000000000000339e-01 -1.662478750002909146e+04
8.758000000000000229e-01 -1.662717324842213566e+04
8.759000000000000119e-01 -1.662953277265751967e+04
8.760000000000000009e-01 -1.663186201506582438e+04
8.760999999999999899e-01 -1.663416558677213470e+04
8.762000000000000899e-01 -1.663647894190481020e+04
8.763000000000000789e-01 -1.663883825942358089e+04
8.764000000000000679e-01 -1.664119180482653974e+04
8.765000000000000568e-01 -1.664352358595138139e+04
8.766000000000000458e-01 -1.664583708817600564e+04
8.767000000000000348e-01 -1.664813384069700260e+04
8.768000000000000238e-01 -1.665041640396709408e+04
8.769000000000000128e-01 -1.665269215929963684e+04
8.770000000000000018e-01 -1.665496374511861723e+04
8.770999999999999908e-01 -1.665723121292855285e+04
8.772000000000000908e-01 -1.665949510130624549e+04
8.773000000000000798e-01 -1.666175599962284832e+04
8.774000000000000687e-01 -1.666401436424884378e+04
8.775000000000000577e-01 -1.666627055143566031e+04
8.776000000000000467e-01 -1.666852484408875898e+04
8.777000000000000357e-01 -1.667077746244067748e+04
8.778000000000000247e-01 -1.667302856947753753e+04
8.779000000000000137e-01 -1.667527827668933969e+04
8.780000000000000027e-01 -1.667752666681259871e+04
8.780999999999999917e-01 -1.667977382661199590e+04
8.782000000000000917e-01 -1.668201977921193975e+04
8.783000000000000806e-01 -1.668426454067167288e+04
8.784000000000000696e-01 -1.668650808880834666e+04
8.785000000000000586e-01 -1.668875039074852975e+04
8.786000000000000476e-01 -1.669099142183507502e+04
8.787000000000000366e-01 -1.669323116989503978e+04
8.788000000000000256e-01 -1.669546963851090914e+04
8.789000000000000146e-01 -1.669770684761229131e+04
8.790000000000000036e-01 -1.669994283298496885e+04
8.790999999999999925e-01 -1.670217764519283446e+04
8.792000000000000925e-01 -1.670441134806121408e+04
8.793000000000000815e-01 -1.670664401680996161e+04
8.794000000000000705e-01 -1.670887573594726200e+04
8.795000000000000595e-01 -1.671110659734857109e+04
8.796000000000000485e-01 -1.671333670212752622e+04
8.797000000000000375e-01 -1.671556615378462084e+04
8.798000000000000265e-01 -1.671779504992625516e+04
8.799000000000000155e-01 -1.672002348627525498e+04
8.800000000000000044e-01 -1.672225155633952454e+04
8.800999999999999934e-01 -1.672446677269536303e+04
8.802000000000000934e-01 -1.672664281490113353e+04
8.803000000000000824e-01 -1.672878218521862800e+04
8.804000000000000714e-01 -1.673089324624863366e+04
8.805000000000000604e-01 -1.673298326970936614e+04
8.806000000000000494e-01 -1.673505776693991356e+04
8.807000000000000384e-01 -1.673712079203195754e+04
8.808000000000000274e-01 -1.673917531456286815e+04
8.809000000000000163e-01 -1.674122351449793496e+04
8.810000000000000053e-01 -1.674326699733094210e+04
8.810999999999999943e-01 -1.674530694883580509e+04
8.812000000000000943e-01 -1.674734441472318213e+04
8.813000000000000833e-01 -1.674937999340512033e+04
8.814000000000000723e-01 -1.675141371465157863e+04
8.815000000000000613e-01 -1.675344621724741228e+04
8.816000000000000503e-01 -1.675547783110039745e+04
8.817000000000000393e-01 -1.675750876242504819e+04
8.818000000000000282e-01 -1.675953915537373177e+04
8.819000000000000172e-01 -1.676156911453034627e+04
8.820000000000000062e-01 -1.676359871658235352e+04
8.820999999999999952e-01 -1.676562801773843603e+04
8.822000000000000952e-01 -1.676765705888828597e+04
8.823000000000000842e-01 -1.676968586930081074e+04
8.824000000000000732e-01 -1.677171446927947181e+04
8.825000000000000622e-01 -1.677374287204088978e+04
8.826000000000000512e-01 -1.677577107966294352e+04
8.827000000000000401e-01 -1.677779906475692405e+04
8.828000000000000291e-01 -1.677982682022171139e+04
8.829000000000000181e-01 -1.678185434797803464e+04
8.830000000000000071e-01 -1.678388164459969630e+04
8.830999999999999961e-01 -1.678590869940439370e+04
8.832000000000000961e-01 -1.678793549349499517e+04
8.833000000000000851e-01 -1.678996199795327266e+04
8.834000000000000741e-01 -1.679198816997339964e+04
8.835000000000000631e-01 -1.679401394422694648e+04
8.836000000000000520e-01 -1.679603920908045984e+04
8.837000000000000410e-01 -1.679806356701654295e+04
8.838000000000000300e-01 -1.680008545451774626e+04
8.839000000000000190e-01 -1.680210379097371333e+04
8.840000000000000080e-01 -1.680411898417493649e+04
8.840999999999999970e-01 -1.680613230514456882e+04
8.842000000000000970e-01 -1.680814425406177179e+04
8.843000000000000860e-01 -1.681015418278585639e+04
8.844000000000000750e-01 -1.681216283138244034e+04
8.845000000000000639e-01 -1.681417064046359155e+04
8.846000000000000529e-01 -1.681617782294411518e+04
8.847000000000000419e-01 -1.681818449321302251e+04
8.848000000000000309e-01 -1.682019071939300193e+04
8.849000000000000199e-01 -1.682220423891142127e+04
8.850000000000000089e-01 -1.682434798870082159e+04
8.850999999999999979e-01 -1.682658045607977328e+04
8.852000000000000979e-01 -1.682894282960503551e+04
8.853000000000000869e-01 -1.683130888547860013e+04
8.854000000000000759e-01 -1.683360828385132845e+04
8.855000000000000648e-01 -1.683583139738739919e+04
8.856000000000000538e-01 -1.683798840248079432e+04
8.857000000000000428e-01 -1.684009370980967287e+04
8.858000000000000318e-01 -1.684216050260363409e+04
8.859000000000000208e-01 -1.684419861653118642e+04
8.860000000000000098e-01 -1.684621562152432307e+04
8.860999999999999988e-01 -1.684821715187788504e+04
8.861999999999999877e-01 -1.685020732383184804e+04
8.863000000000000878e-01 -1.685218900453992319e+04
8.864000000000000767e-01 -1.685416424689919950e+04
8.865000000000000657e-01 -1.685613459916773354e+04
8.866000000000000547e-01 -1.685810117702677235e+04
8.867000000000000437e-01 -1.686006561189407512e+04
8.868000000000000327e-01 -1.686202677689867414e+04
8.869000000000000217e-01 -1.686398548563125951e+04
8.870000000000000107e-01 -1.686593924735032488e+04
8.870999999999999996e-01 -1.686788963171576688e+04
8.871999999999999886e-01 -1.686983761317278913e+04
8.873000000000000886e-01 -1.687178426799693625e+04
8.874000000000000776e-01 -1.687373218374618591e+04
8.875000000000000666e-01 -1.687567686628827869e+04
8.876000000000000556e-01 -1.687762091346158923e+04
8.877000000000000446e-01 -1.687957302832543064e+04
8.878000000000000336e-01 -1.688154153478900844e+04
8.879000000000000226e-01 -1.688352428346927627e+04
8.880000000000000115e-01 -1.688553024058297160e+04
8.881000000000000005e-01 -1.688753981583257701e+04
8.881999999999999895e-01 -1.688953470812970409e+04
8.883000000000000895e-01 -1.689151048218516735e+04
8.884000000000000785e-01 -1.689347019168506449e+04
8.885000000000000675e-01 -1.689542027852473257e+04
8.886000000000000565e-01 -1.689736646384329651e+04
8.887000000000000455e-01 -1.689931240258541948e+04
8.888000000000000345e-01 -1.690126115252203454e+04
8.889000000000000234e-01 -1.690321322768853133e+04
8.890000000000000124e-01 -1.690516946113124504e+04
8.891000000000000014e-01 -1.690713083500213907e+04
8.891999999999999904e-01 -1.690909800471042035e+04
8.893000000000000904e-01 -1.691107204112789987e+04
8.894000000000000794e-01 -1.691305071664964998e+04
8.895000000000000684e-01 -1.691502916228657341e+04
8.896000000000000574e-01 -1.691700187573139920e+04
8.897000000000000464e-01 -1.691896525409418609e+04
8.898000000000000353e-01 -1.692091976407715265e+04
8.899000000000000243e-01 -1.692286486920022435e+04
8.900000000000000133e-01 -1.692480036670982736e+04
8.901000000000000023e-01 -1.692672641593124717e+04
8.901999999999999913e-01 -1.692864122551162291e+04
8.903000000000000913e-01 -1.693054166473545047e+04
8.904000000000000803e-01 -1.693242836162435924e+04
8.905000000000000693e-01 -1.693431133333604885e+04
8.906000000000000583e-01 -1.693617669924747315e+04
8.907000000000000473e-01 -1.693802622330264785e+04
8.908000000000000362e-01 -1.693986471927359889e+04
8.909000000000000252e-01 -1.694170009882352315e+04
8.910000000000000142e-01 -1.694354955379875173e+04
8.911000000000000032e-01 -1.694541062029220120e+04
8.911999999999999922e-01 -1.694728343879249951e+04
8.913000000000000922e-01 -1.694920358837717140e+04
8.914000000000000812e-01 -1.695117373453309483e+04
8.915000000000000702e-01 -1.695314817524169484e+04
8.916000000000000592e-01 -1.695509793568769601e+04
8.917000000000000481e-01 -1.695701924888792928e+04
8.918000000000000371e-01 -1.695892484060933930e+04
8.919000000000000261e-01 -1.696083145701538524e+04
8.920000000000000151e-01 -1.696275061331603501e+04
8.921000000000000041e-01 -1.696468482104308350e+04
8.921999999999999931e-01 -1.696662890418510142e+04
8.923000000000000931e-01 -1.696857194731807613e+04
8.924000000000000821e-01 -1.697049577616531678e+04
8.925000000000000711e-01 -1.697238491432574665e+04
8.926000000000000600e-01 -1.697423061326704556e+04
8.927000000000000490e-01 -1.697601879109291258e+04
8.928000000000000380e-01 -1.697772471655891059e+04
8.929000000000000270e-01 -1.697932654044666197e+04
8.930000000000000160e-01 -1.698080430613693170e+04
8.931000000000000050e-01 -1.698213916904075450e+04
8.931999999999999940e-01 -1.698331049147135491e+04
8.933000000000000940e-01 -1.698429808709240024e+04
8.934000000000000830e-01 -1.698510092160304703e+04
8.935000000000000719e-01 -1.698574289648473496e+04
8.936000000000000609e-01 -1.698622709474046133e+04
8.937000000000000499e-01 -1.698655553556756058e+04
8.938000000000000389e-01 -1.698672509203998925e+04
8.939000000000000279e-01 -1.698674442011891733e+04
8.940000000000000169e-01 -1.698661205405562214e+04
8.941000000000000059e-01 -1.698640347075137470e+04
8.941999999999999948e-01 -1.698617033445740526e+04
8.943000000000000949e-01 -1.698589398203510791e+04
8.944000000000000838e-01 -1.698557148790877181e+04
8.945000000000000728e-01 -1.698521851783428792e+04
8.946000000000000618e-01 -1.698490871827636511e+04
8.947000000000000508e-01 -1.698467974348015196e+04
8.948000000000000398e-01 -1.698469242146936449e+04
8.949000000000000288e-01 -1.698511099643505440e+04
8.950000000000000178e-01 -1.698595870897932036e+04
8.951000000000000068e-01 -1.698720344464755181e+04
8.951999999999999957e-01 -1.698873597393336604e+04
8.953000000000000957e-01 -1.699044652711051458e+04
8.954000000000000847e-01 -1.699225604623740946e+04
8.955000000000000737e-01 -1.699412016453031902e+04
8.956000000000000627e-01 -1.699604101657634965e+04
8.957000000000000517e-01 -1.699797789106309574e+04
8.958000000000000407e-01 -1.699988661536493601e+04
8.959000000000000297e-01 -1.700186466934735654e+04
8.960000000000000187e-01 -1.700384554979570748e+04
8.961000000000000076e-01 -1.700581777603537193e+04
8.961999999999999966e-01 -1.700781958330039561e+04
8.963000000000000966e-01 -1.700984112752305737e+04
8.964000000000000856e-01 -1.701187777440057835e+04
8.965000000000000746e-01 -1.701395511947088380e+04
8.966000000000000636e-01 -1.701605261351547597e+04
8.967000000000000526e-01 -1.701812680228395766e+04
8.968000000000000416e-01 -1.702019056233417359e+04
8.969000000000000306e-01 -1.702226636966389560e+04
8.970000000000000195e-01 -1.702434827965733712e+04
8.971000000000000085e-01 -1.702642797364709986e+04
8.971999999999999975e-01 -1.702849632268189089e+04
8.973000000000000975e-01 -1.703054870569474951e+04
8.974000000000000865e-01 -1.703258168493800622e+04
8.975000000000000755e-01 -1.703459755963428688e+04
8.976000000000000645e-01 -1.703660461851934815e+04
8.977000000000000535e-01 -1.703853968088977126e+04
8.978000000000000425e-01 -1.704029328775503745e+04
8.979000000000000314e-01 -1.704199572965357220e+04
8.980000000000000204e-01 -1.704370482840394834e+04
8.981000000000000094e-01 -1.704544848106368227e+04
8.981999999999999984e-01 -1.704712358375609983e+04
8.983000000000000984e-01 -1.704866868079862979e+04
8.984000000000000874e-01 -1.705024931410124555e+04
8.985000000000000764e-01 -1.705192561348362142e+04
8.986000000000000654e-01 -1.705372375813035251e+04
8.987000000000000544e-01 -1.705562453796193950e+04
8.988000000000000433e-01 -1.705761164638021364e+04
8.989000000000000323e-01 -1.705967654852503256e+04
8.990000000000000213e-01 -1.706178191313487332e+04
8.991000000000000103e-01 -1.706390271234841202e+04
8.991999999999999993e-01 -1.706601455347545561e+04
8.992999999999999883e-01 -1.706811168215309226e+04
8.994000000000000883e-01 -1.707020007804720080e+04
8.995000000000000773e-01 -1.707226977771628299e+04
8.996000000000000663e-01 -1.707432658116032690e+04
8.997000000000000552e-01 -1.707637607675168692e+04
8.998000000000000442e-01 -1.707842139866964499e+04
8.999000000000000332e-01 -1.708046416623985351e+04
9.000000000000000222e-01 -1.708250648432070375e+04
9.001000000000000112e-01 -1.708632917613903555e+04
9.002000000000000002e-01 -1.709136667647129070e+04
9.002999999999999892e-01 -1.709675420597179254e+04
9.004000000000000892e-01 -1.710241847277518900e+04
9.005000000000000782e-01 -1.710881602291302625e+04
9.006000000000000671e-01 -1.711598558394651991e+04
9.007000000000000561e-01 -1.712372871396959818e+04
9.008000000000000451e-01 -1.713213808521302053e+04
9.009000000000000341e-01 -1.714106978405818882e+04
9.010000000000000231e-01 -1.715042323403220144e+04
9.011000000000000121e-01 -1.715961300007254977e+04
9.012000000000000011e-01 -1.716698809278799672e+04
9.012999999999999901e-01 -1.717191429474817778e+04
9.014000000000000901e-01 -1.717513892541451787e+04
9.015000000000000790e-01 -1.717738311443427301e+04
9.016000000000000680e-01 -1.717902035130315562e+04
9.017000000000000570e-01 -1.718021942731026138e+04
9.018000000000000460e-01 -1.718114743974836892e+04
9.019000000000000350e-01 -1.718202887591901890e+04
9.020000000000000240e-01 -1.718271433759529464e+04
9.021000000000000130e-01 -1.718479778256263307e+04
9.022000000000000020e-01 -1.718792295877791184e+04
9.022999999999999909e-01 -1.719081874507799512e+04
9.024000000000000909e-01 -1.719301369840881671e+04
9.025000000000000799e-01 -1.719468429525219472e+04
9.026000000000000689e-01 -1.719602538923542670e+04
9.027000000000000579e-01 -1.719713943525405557e+04
9.028000000000000469e-01 -1.719806969479056715e+04
9.029000000000000359e-01 -1.719883569124332644e+04
9.030000000000000249e-01 -1.719945181143012087e+04
9.031000000000000139e-01 -1.719993071307033460e+04
9.032000000000000028e-01 -1.720026749548513544e+04
9.032999999999999918e-01 -1.720047926036757053e+04
9.034000000000000918e-01 -1.720054750549083110e+04
9.035000000000000808e-01 -1.720043364707508226e+04
9.036000000000000698e-01 -1.720010693002114567e+04
9.037000000000000588e-01 -1.719957262404470748e+04
9.038000000000000478e-01 -1.719887756146151150e+04
9.039000000000000368e-01 -1.719801978286049780e+04
9.040000000000000258e-01 -1.719700881681566898e+04
9.041000000000000147e-01 -1.719598907114898611e+04
9.042000000000000037e-01 -1.719503023227495214e+04
9.042999999999999927e-01 -1.719410645888630825e+04
9.044000000000000927e-01 -1.719283453768406252e+04
9.045000000000000817e-01 -1.719127262044657982e+04
9.046000000000000707e-01 -1.719046904329266908e+04
9.047000000000000597e-01 -1.719102027403917236e+04
9.048000000000000487e-01 -1.719256964258958760e+04
9.049000000000000377e-01 -1.719459696317115595e+04
9.050000000000000266e-01 -1.719679412377857079e+04
9.051000000000000156e-01 -1.719900957418246253e+04
9.052000000000000046e-01 -1.720120065600203452e+04
9.052999999999999936e-01 -1.720338623796928005e+04
9.054000000000000936e-01 -1.720559268216962300e+04
9.055000000000000826e-01 -1.720776488640177558e+04
9.056000000000000716e-01 -1.720983310195741433e+04
9.057000000000000606e-01 -1.721187288375637218e+04
9.058000000000000496e-01 -1.721407744397120041e+04
9.059000000000000385e-01 -1.721632635577983456e+04
9.060000000000000275e-01 -1.721853059836359898e+04
9.061000000000000165e-01 -1.722059782283517416e+04
9.062000000000000055e-01 -1.722255538554524173e+04
9.062999999999999945e-01 -1.722446768979766057e+04
9.064000000000000945e-01 -1.722639180146130093e+04
9.065000000000000835e-01 -1.722835523554464453e+04
9.066000000000000725e-01 -1.723040011225012495e+04
9.067000000000000615e-01 -1.723253029384291222e+04
9.068000000000000504e-01 -1.723469704068682040e+04
9.069000000000000394e-01 -1.723687496620804450e+04
9.070000000000000284e-01 -1.723904581495172533e+04
9.071000000000000174e-01 -1.724119856940037062e+04
9.072000000000000064e-01 -1.724332697568280128e+04
9.072999999999999954e-01 -1.724542843276088024e+04
9.074000000000000954e-01 -1.724750979911812465e+04
9.075000000000000844e-01 -1.724957524819565515e+04
9.076000000000000734e-01 -1.725160532639365192e+04
9.077000000000000624e-01 -1.725358532469147030e+04
9.078000000000000513e-01 -1.725554202673000327e+04
9.079000000000000403e-01 -1.725748497448056150e+04
9.080000000000000293e-01 -1.725942184746170096e+04
9.081000000000000183e-01 -1.726135300827095489e+04
9.082000000000000073e-01 -1.726328096714996718e+04
9.082999999999999963e-01 -1.726520873601968560e+04
9.084000000000000963e-01 -1.726714292728173677e+04
9.085000000000000853e-01 -1.726909050549905805e+04
9.086000000000000743e-01 -1.727104040305508897e+04
9.087000000000000632e-01 -1.727299604198177258e+04
9.088000000000000522e-01 -1.727496861322912810e+04
9.089000000000000412e-01 -1.727695928585996444e+04
9.090000000000000302e-01 -1.727896500399353681e+04
9.091000000000000192e-01 -1.728098635272704632e+04
9.092000000000000082e-01 -1.728301905323608662e+04
9.092999999999999972e-01 -1.728505704657399110e+04
9.094000000000000972e-01 -1.728709915010386976e+04
9.095000000000000862e-01 -1.728914709641868831e+04
9.096000000000000751e-01 -1.729119863669924962e+04
9.097000000000000641e-01 -1.729325176600450504e+04
9.098000000000000531e-01 -1.729530538759861156e+04
9.099000000000000421e-01 -1.729735879140896577e+04
9.100000000000000311e-01 -1.729941134546143076e+04
9.101000000000000201e-01 -1.730147551575819671e+04
9.102000000000000091e-01 -1.730357955825534737e+04
9.102999999999999980e-01 -1.730572118654338192e+04
9.104000000000000981e-01 -1.730789181155261394e+04
9.105000000000000870e-01 -1.731008481777586348e+04
9.106000000000000760e-01 -1.731229486195664504e+04
9.107000000000000650e-01 -1.731451812275922202e+04
9.108000000000000540e-01 -1.731675021993729024e+04
9.109000000000000430e-01 -1.731898862743512655e+04
9.110000000000000320e-01 -1.732123281029933787e+04
9.111000000000000210e-01 -1.732348165667688954e+04
9.112000000000000099e-01 -1.732573407929483074e+04
9.112999999999999989e-01 -1.732798919573099920e+04
9.114000000000000989e-01 -1.733024634533280187e+04
9.115000000000000879e-01 -1.733250507344334255e+04
9.116000000000000769e-01 -1.733476521025215334e+04
9.117000000000000659e-01 -1.733702663314898746e+04
9.118000000000000549e-01 -1.733928917253356485e+04
9.119000000000000439e-01 -1.734155279064000206e+04
9.120000000000000329e-01 -1.734381768696559448e+04
9.121000000000000218e-01 -1.734608556380650043e+04
9.122000000000000108e-01 -1.734835989932541997e+04
9.122999999999999998e-01 -1.735063572247730553e+04
9.123999999999999888e-01 -1.735291456230822223e+04
9.125000000000000888e-01 -1.735519791506726688e+04
9.126000000000000778e-01 -1.735748604051534858e+04
9.127000000000000668e-01 -1.735977881056275510e+04
9.128000000000000558e-01 -1.736207596951231972e+04
9.129000000000000448e-01 -1.736437724646142306e+04
9.130000000000000338e-01 -1.736668236710100609e+04
9.131000000000000227e-01 -1.736899104852591699e+04
9.132000000000000117e-01 -1.737130299518378160e+04
9.133000000000000007e-01 -1.737361789871010842e+04
9.133999999999999897e-01 -1.737593544101037696e+04
9.135000000000000897e-01 -1.737825529950655982e+04
9.136000000000000787e-01 -1.738057715368197751e+04
9.137000000000000677e-01 -1.738290069234722614e+04
9.138000000000000567e-01 -1.738522562129949438e+04
9.139000000000000457e-01 -1.738755167125969092e+04
9.140000000000000346e-01 -1.738987860620367792e+04
9.141000000000000236e-01 -1.739220623255949249e+04
9.142000000000000126e-01 -1.739453441046868102e+04
9.143000000000000016e-01 -1.739686307016271530e+04
9.143999999999999906e-01 -1.739919224258334361e+04
9.145000000000000906e-01 -1.740152214635370547e+04
9.146000000000000796e-01 -1.740385430537024513e+04
9.147000000000000686e-01 -1.740619246619261685e+04
9.148000000000000576e-01 -1.740853770139791959e+04
9.149000000000000465e-01 -1.741088954479308450e+04
9.150000000000000355e-01 -1.741324732870830485e+04
9.151000000000000245e-01 -1.741561048883157491e+04
9.152000000000000135e-01 -1.741797857549585024e+04
9.153000000000000025e-01 -1.742035122783817860e+04
9.153999999999999915e-01 -1.742272814533152996e+04
9.155000000000000915e-01 -1.742510908057827692e+04
9.156000000000000805e-01 -1.742749385707506735e+04
9.157000000000000695e-01 -1.742988240561094062e+04
9.158000000000000584e-01 -1.743227481304704997e+04
9.159000000000000474e-01 -1.743467146812640567e+04
9.160000000000000364e-01 -1.743707470854998246e+04
9.161000000000000254e-01 -1.743948851763466882e+04
9.162000000000000144e-01 -1.744191416058830509e+04
9.163000000000000034e-01 -1.744435176597033933e+04
9.163999999999999924e-01 -1.744680163433684720e+04
9.165000000000000924e-01 -1.744926499323263852e+04
9.166000000000000814e-01 -1.745174716826692747e+04
9.167000000000000703e-01 -1.745425807742293910e+04
9.168000000000000593e-01 -1.745680488059236450e+04
9.169000000000000483e-01 -1.745939690308841818e+04
9.170000000000000373e-01 -1.746204501299346884e+04
9.171000000000000263e-01 -1.746475485209947146e+04
9.172000000000000153e-01 -1.746752969790435600e+04
9.173000000000000043e-01 -1.747037152659955245e+04
9.173999999999999932e-01 -1.747328326549480335e+04
9.175000000000000933e-01 -1.747627200661559982e+04
9.176000000000000822e-01 -1.747935006197649273e+04
9.177000000000000712e-01 -1.748254268784798842e+04
9.178000000000000602e-01 -1.748587530872859497e+04
9.179000000000000492e-01 -1.748935877196365254e+04
9.180000000000000382e-01 -1.749299954249388975e+04
9.181000000000000272e-01 -1.749681242121332980e+04
9.182000000000000162e-01 -1.750081843195226611e+04
9.183000000000000052e-01 -1.750503106399568787e+04
9.183999999999999941e-01 -1.750947125356150354e+04
9.185000000000000941e-01 -1.751416868751029324e+04
9.186000000000000831e-01 -1.751917543096661029e+04
9.187000000000000721e-01 -1.752455577042608638e+04
9.188000000000000611e-01 -1.753040535956312669e+04
9.189000000000000501e-01 -1.753674809643079789e+04
9.190000000000000391e-01 -1.754352736718397500e+04
9.191000000000000281e-01 -1.755080772912431712e+04
9.192000000000000171e-01 -1.755807729943779123e+04
9.193000000000000060e-01 -1.756261993577117755e+04
9.193999999999999950e-01 -1.756470045480919362e+04
9.195000000000000950e-01 -1.756637605450108822e+04
9.196000000000000840e-01 -1.756825773819490496e+04
9.197000000000000730e-01 -1.757013717236558296e+04
9.198000000000000620e-01 -1.757198671732113507e+04
9.199000000000000510e-01 -1.757386345893483667e+04
9.200000000000000400e-01 -1.757581496165924909e+04
9.201000000000000290e-01 -1.757787569595072273e+04
9.202000000000000179e-01 -1.758004787440001746e+04
9.203000000000000069e-01 -1.758230222330450852e+04
9.203999999999999959e-01 -1.758459403590329748e+04
9.205000000000000959e-01 -1.758688538623323257e+04
9.206000000000000849e-01 -1.758916366652334182e+04
9.207000000000000739e-01 -1.759143137290605227e+04
9.208000000000000629e-01 -1.759371357630775310e+04
9.209000000000000519e-01 -1.759600432389553316e+04
9.210000000000000409e-01 -1.759828501332698579e+04
9.211000000000000298e-01 -1.760055243155542848e+04
9.212000000000000188e-01 -1.760281264509211906e+04
9.213000000000000078e-01 -1.760506808642654505e+04
9.213999999999999968e-01 -1.760732139149207796e+04
9.215000000000000968e-01 -1.760958179273573842e+04
9.216000000000000858e-01 -1.761185582614905798e+04
9.217000000000000748e-01 -1.761414352830798452e+04
9.218000000000000638e-01 -1.761642678377315315e+04
9.219000000000000528e-01 -1.761870660229330315e+04
9.220000000000000417e-01 -1.762098930562492751e+04
9.221000000000000307e-01 -1.762327805403692764e+04
9.222000000000000197e-01 -1.762557260764760576e+04
9.223000000000000087e-01 -1.762787169469999571e+04
9.223999999999999977e-01 -1.763017340467216854e+04
9.225000000000000977e-01 -1.763247745731840041e+04
9.226000000000000867e-01 -1.763478426252885765e+04
9.227000000000000757e-01 -1.763709417353508979e+04
9.228000000000000647e-01 -1.763940722477050804e+04
9.229000000000000536e-01 -1.764172312732118007e+04
9.230000000000000426e-01 -1.764403839484044147e+04
9.231000000000000316e-01 -1.764634852604632033e+04
9.232000000000000206e-01 -1.764865271093495903e+04
9.233000000000000096e-01 -1.765095156155279619e+04
9.233999999999999986e-01 -1.765324589288714924e+04
9.235000000000000986e-01 -1.765553547723309384e+04
9.236000000000000876e-01 -1.765782089464220553e+04
9.237000000000000766e-01 -1.766010294982930282e+04
9.238000000000000655e-01 -1.766238212813361315e+04
9.239000000000000545e-01 -1.766465870236432966e+04
9.240000000000000435e-01 -1.766693250683472797e+04
9.241000000000000325e-01 -1.766920055045593472e+04
9.242000000000000215e-01 -1.767145968308796364e+04
9.243000000000000105e-01 -1.767371048336187232e+04
9.243999999999999995e-01 -1.767595475180131689e+04
9.245000000000000995e-01 -1.767819388112497472e+04
9.246000000000000885e-01 -1.768042874560778728e+04
9.247000000000000774e-01 -1.768265996684186393e+04
9.248000000000000664e-01 -1.768488805277458232e+04
9.249000000000000554e-01 -1.768711348500663735e+04
9.250000000000000444e-01 -1.768933674023122512e+04
9.251000000000000334e-01 -1.769155829002400060e+04
9.252000000000000224e-01 -1.769377869981749609e+04
9.253000000000000114e-01 -1.769599997584866287e+04
9.254000000000000004e-01 -1.769821834954185761e+04
9.254999999999999893e-01 -1.770043555290343284e+04
9.256000000000000894e-01 -1.770265318343578110e+04
9.257000000000000783e-01 -1.770487172636752803e+04
9.258000000000000673e-01 -1.770709134492695739e+04
9.259000000000000563e-01 -1.770931213404642403e+04
9.260000000000000453e-01 -1.771153414061375588e+04
9.261000000000000343e-01 -1.771375728511657144e+04
9.262000000000000233e-01 -1.771598179782942316e+04
9.263000000000000123e-01 -1.771820760510960827e+04
9.264000000000000012e-01 -1.772043488838815392e+04
9.264999999999999902e-01 -1.772266346764521222e+04
9.266000000000000902e-01 -1.772489295822649365e+04
9.267000000000000792e-01 -1.772712299962049292e+04
9.268000000000000682e-01 -1.772935326030448050e+04
9.269000000000000572e-01 -1.773158345734490285e+04
9.270000000000000462e-01 -1.773381344968028498e+04
9.271000000000000352e-01 -1.773604313945992544e+04
9.272000000000000242e-01 -1.773827237487728416e+04
9.273000000000000131e-01 -1.774050103523471626e+04
9.274000000000000021e-01 -1.774272906071467514e+04
9.274999999999999911e-01 -1.774495646856086751e+04
9.276000000000000911e-01 -1.774718339034649034e+04
9.277000000000000801e-01 -1.774941008793040601e+04
9.278000000000000691e-01 -1.775163685553453615e+04
9.279000000000000581e-01 -1.775386361062469223e+04
9.280000000000000471e-01 -1.775609053907706038e+04
9.281000000000000361e-01 -1.775831769342087864e+04
9.282000000000000250e-01 -1.776054393742068714e+04
9.283000000000000140e-01 -1.776276752253934683e+04
9.284000000000000030e-01 -1.776498674809971999e+04
9.284999999999999920e-01 -1.776720148344316840e+04
9.286000000000000920e-01 -1.776941209370064098e+04
9.287000000000000810e-01 -1.777161946020813048e+04
9.288000000000000700e-01 -1.777382440905630574e+04
9.289000000000000590e-01 -1.777602760266355108e+04
9.290000000000000480e-01 -1.777822955050174642e+04
9.291000000000000369e-01 -1.778043063622246336e+04
9.292000000000000259e-01 -1.778263114331664474e+04
9.293000000000000149e-01 -1.778483127610356678e+04
9.294000000000000039e-01 -1.778703117594278228e+04
9.294999999999999929e-01 -1.778923092069564518e+04
9.296000000000000929e-01 -1.779143058054049470e+04
9.297000000000000819e-01 -1.779363019566640287e+04
9.298000000000000709e-01 -1.779582973790935648e+04
9.299000000000000599e-01 -1.779802923382865265e+04
9.300000000000000488e-01 -1.780022870302088631e+04
9.301000000000000378e-01 -1.780241528015742733e+04
9.302000000000000268e-01 -1.780456150323335896e+04
9.303000000000000158e-01 -1.780666999943109840e+04
9.304000000000000048e-01 -1.780874955103100001e+04
9.304999999999999938e-01 -1.781080759898035831e+04
9.306000000000000938e-01 -1.781284971389873681e+04
9.307000000000000828e-01 -1.781488003244502761e+04
9.308000000000000718e-01 -1.781690159450441934e+04
9.309000000000000608e-01 -1.781891651675396861e+04
9.310000000000000497e-01 -1.782092646098077967e+04
9.311000000000000387e-01 -1.782293265262321074e+04
9.312000000000000277e-01 -1.782493600488153243e+04
9.313000000000000167e-01 -1.782693721075686335e+04
9.314000000000000057e-01 -1.782893712806742406e+04
9.314999999999999947e-01 -1.783093538396708391e+04
9.316000000000000947e-01 -1.783293260388990893e+04
9.317000000000000837e-01 -1.783492870975033293e+04
9.318000000000000727e-01 -1.783692414801479026e+04
9.319000000000000616e-01 -1.783892010031405152e+04
9.320000000000000506e-01 -1.784091661866411232e+04
9.321000000000000396e-01 -1.784291372324139957e+04
9.322000000000000286e-01 -1.784491160714182115e+04
9.323000000000000176e-01 -1.784691013784747338e+04
9.324000000000000066e-01 -1.784890877774818728e+04
9.324999999999999956e-01 -1.785090641303360462e+04
9.326000000000000956e-01 -1.785290242422069787e+04
9.327000000000000846e-01 -1.785489660963448114e+04
9.328000000000000735e-01 -1.785688876434175108e+04
9.329000000000000625e-01 -1.785887869317783770e+04
9.330000000000000515e-01 -1.786086631860867419e+04
9.331000000000000405e-01 -1.786285169673991913e+04
9.332000000000000295e-01 -1.786483637691345939e+04
9.333000000000000185e-01 -1.786682027480267789e+04
9.334000000000000075e-01 -1.786879966246891127e+04
9.334999999999999964e-01 -1.787077631048118201e+04
9.336000000000000965e-01 -1.787275114602849135e+04
9.337000000000000854e-01 -1.787472448273454938e+04
9.338000000000000744e-01 -1.787669643907236969e+04
9.339000000000000634e-01 -1.787866726505970655e+04
9.340000000000000524e-01 -1.788063722381557454e+04
9.341000000000000414e-01 -1.788260714779217233e+04
9.342000000000000304e-01 -1.788457740469595956e+04
9.343000000000000194e-01 -1.788654762753981413e+04
9.344000000000000083e-01 -1.788851739115927558e+04
9.344999999999999973e-01 -1.789048779833623485e+04
9.346000000000000973e-01 -1.789245988829259295e+04
9.347000000000000863e-01 -1.789443245134429890e+04
9.348000000000000753e-01 -1.789640590693181366e+04
9.349000000000000643e-01 -1.789838037373290717e+04
9.350000000000000533e-01 -1.790035549693825669e+04
9.351000000000000423e-01 -1.790233077460751156e+04
9.352000000000000313e-01 -1.790430575611757013e+04
9.353000000000000203e-01 -1.790628028652456487e+04
9.354000000000000092e-01 -1.790825727384513448e+04
9.354999999999999982e-01 -1.791023029153391326e+04
9.356000000000000982e-01 -1.791220097321916910e+04
9.357000000000000872e-01 -1.791417104417473456e+04
9.358000000000000762e-01 -1.791613959356717533e+04
9.359000000000000652e-01 -1.791810324235635198e+04
9.360000000000000542e-01 -1.792006448485505098e+04
9.361000000000000432e-01 -1.792202380747871575e+04
9.362000000000000322e-01 -1.792398003157323546e+04
9.363000000000000211e-01 -1.792593227219863184e+04
9.364000000000000101e-01 -1.792788087895581702e+04
9.364999999999999991e-01 -1.792982763990690364e+04
9.366000000000000991e-01 -1.793177430794609245e+04
9.367000000000000881e-01 -1.793372127156354691e+04
9.368000000000000771e-01 -1.793566907187908510e+04
9.369000000000000661e-01 -1.793761815938560176e+04
9.370000000000000551e-01 -1.793956858044979526e+04
9.371000000000000441e-01 -1.794152080468044005e+04
9.372000000000000330e-01 -1.794347456004119886e+04
9.373000000000000220e-01 -1.794543191879719598e+04
9.374000000000000110e-01 -1.794739142087874279e+04
9.375000000000000000e-01 -1.794935181121340065e+04
9.376000000000001000e-01 -1.795131277194466384e+04
9.377000000000000890e-01 -1.795327514032126055e+04
9.378000000000000780e-01 -1.795524104825419636e+04
9.379000000000000670e-01 -1.795721172802950969e+04
9.380000000000000560e-01 -1.795918252133462374e+04
9.381000000000000449e-01 -1.796114834941338631e+04
9.382000000000000339e-01 -1.796310791783854438e+04
9.383000000000000229e-01 -1.796506326352708857e+04
9.384000000000000119e-01 -1.796701600367797073e+04
9.385000000000000009e-01 -1.796896639421708824e+04
9.385999999999999899e-01 -1.797091656396561302e+04
9.387000000000000899e-01 -1.797286689640029363e+04
9.388000000000000789e-01 -1.797480896701792881e+04
9.389000000000000679e-01 -1.797674693996363567e+04
9.390000000000000568e-01 -1.797868298872528612e+04
9.391000000000000458e-01 -1.798061714367504464e+04
9.392000000000000348e-01 -1.798255563866037846e+04
9.393000000000000238e-01 -1.798451818749618178e+04
9.394000000000000128e-01 -1.798650957262532393e+04
9.395000000000000018e-01 -1.798852257544383974e+04
9.395999999999999908e-01 -1.799054351093388686e+04
9.397000000000000908e-01 -1.799255661358166981e+04
9.398000000000000798e-01 -1.799455548741622260e+04
9.399000000000000687e-01 -1.799654150028804725e+04
9.400000000000000577e-01 -1.799851923809058280e+04
9.401000000000000467e-01 -1.800049380309648768e+04
9.402000000000000357e-01 -1.800246852652871530e+04
9.403000000000000247e-01 -1.800444502187440958e+04
9.404000000000000137e-01 -1.800642544857112807e+04
9.405000000000000027e-01 -1.800841242501393208e+04
9.405999999999999917e-01 -1.801040476674395904e+04
9.407000000000000917e-01 -1.801239834280085051e+04
9.408000000000000806e-01 -1.801438862490192696e+04
9.409000000000000696e-01 -1.801637062381393116e+04
9.410000000000000586e-01 -1.801834034585295376e+04
9.411000000000000476e-01 -1.802029712101997211e+04
9.412000000000000366e-01 -1.802224312181785353e+04
9.413000000000000256e-01 -1.802418087684722195e+04
9.414000000000000146e-01 -1.802611235175856928e+04
9.415000000000000036e-01 -1.802803900655793041e+04
9.415999999999999925e-01 -1.802996207633037920e+04
9.417000000000000925e-01 -1.803188271671565963e+04
9.418000000000000815e-01 -1.803380197513426174e+04
9.419000000000000705e-01 -1.803572068235676852e+04
9.420000000000000595e-01 -1.803763935912031229e+04
9.421000000000000485e-01 -1.803955818236070627e+04
9.422000000000000375e-01 -1.804147700951244042e+04
9.423000000000000265e-01 -1.804339543494102691e+04
9.424000000000000155e-01 -1.804531284270311880e+04
9.425000000000000044e-01 -1.804722846266291890e+04
9.425999999999999934e-01 -1.804914138791314326e+04
9.427000000000000934e-01 -1.805105049386242899e+04
9.428000000000000824e-01 -1.805295355773690244e+04
9.429000000000000714e-01 -1.805484413527062497e+04
9.430000000000000604e-01 -1.805671610528750898e+04
9.431000000000000494e-01 -1.805855855190238435e+04
9.432000000000000384e-01 -1.806035206901784113e+04
9.433000000000000274e-01 -1.806207970437804761e+04
9.434000000000000163e-01 -1.806372483050844676e+04
9.435000000000000053e-01 -1.806526725581861319e+04
9.435999999999999943e-01 -1.806668705331599267e+04
9.437000000000000943e-01 -1.806796512354190054e+04
9.438000000000000833e-01 -1.806908348670855776e+04
9.439000000000000723e-01 -1.807002550289764622e+04
9.440000000000000613e-01 -1.807077658033127955e+04
9.441000000000000503e-01 -1.807135257878673292e+04
9.442000000000000393e-01 -1.807179187035133873e+04
9.443000000000000282e-01 -1.807209677493642448e+04
9.444000000000000172e-01 -1.807225816104835758e+04
9.445000000000000062e-01 -1.807227221621175704e+04
9.445999999999999952e-01 -1.807214805464666279e+04
9.447000000000000952e-01 -1.807198755981853901e+04
9.448000000000000842e-01 -1.807184221550813163e+04
9.449000000000000732e-01 -1.807171483117256867e+04
9.450000000000000622e-01 -1.807159994826064576e+04
9.451000000000000512e-01 -1.807150160459746985e+04
9.452000000000000401e-01 -1.807151071978276377e+04
9.453000000000000291e-01 -1.807167294435913936e+04
9.454000000000000181e-01 -1.807198404692360054e+04
9.455000000000000071e-01 -1.807242487024682123e+04
9.455999999999999961e-01 -1.807308122276921131e+04
9.457000000000000961e-01 -1.807406513091124725e+04
9.458000000000000851e-01 -1.807537150791790918e+04
9.459000000000000741e-01 -1.807693761921112309e+04
9.460000000000000631e-01 -1.807866780447571364e+04
9.461000000000000520e-01 -1.808049411397582298e+04
9.462000000000000410e-01 -1.808237669276716042e+04
9.463000000000000300e-01 -1.808429602964079459e+04
9.464000000000000190e-01 -1.808624448131412646e+04
9.465000000000000080e-01 -1.808821941804133894e+04
9.465999999999999970e-01 -1.809021894975231044e+04
9.467000000000000970e-01 -1.809223481995052134e+04
9.468000000000000860e-01 -1.809421470480842618e+04
9.469000000000000750e-01 -1.809626420012020753e+04
9.470000000000000639e-01 -1.809834378957200170e+04
9.471000000000000529e-01 -1.810043266364145529e+04
9.472000000000000419e-01 -1.810251606014490972e+04
9.473000000000000309e-01 -1.810459923438216720e+04
9.474000000000000199e-01 -1.810667845980724815e+04
9.475000000000000089e-01 -1.810874870232058674e+04
9.475999999999999979e-01 -1.811080851602600524e+04
9.477000000000000979e-01 -1.811285336627881770e+04
9.478000000000000869e-01 -1.811489171998814709e+04
9.479000000000000759e-01 -1.811692319343915369e+04
9.480000000000000648e-01 -1.811894641565513666e+04
9.481000000000000538e-01 -1.812096117819246138e+04
9.482000000000000428e-01 -1.812296698386890057e+04
9.483000000000000318e-01 -1.812496317279577488e+04
9.484000000000000208e-01 -1.812694954941064498e+04
9.485000000000000098e-01 -1.812892599488402993e+04
9.485999999999999988e-01 -1.813089120420045583e+04
9.487000000000000988e-01 -1.813285031445636196e+04
9.488000000000000878e-01 -1.813480300115696446e+04
9.489000000000000767e-01 -1.813674953803433891e+04
9.490000000000000657e-01 -1.813869305288438409e+04
9.491000000000000547e-01 -1.814063810658785951e+04
9.492000000000000437e-01 -1.814258675063035116e+04
9.493000000000000327e-01 -1.814453973524427056e+04
9.494000000000000217e-01 -1.814649723245520727e+04
9.495000000000000107e-01 -1.814845917986749919e+04
9.495999999999999996e-01 -1.815042493720829953e+04
9.497000000000000997e-01 -1.815239582861764939e+04
9.498000000000000886e-01 -1.815437519932202122e+04
9.499000000000000776e-01 -1.815636172255863494e+04
9.500000000000000666e-01 -1.815835918718659741e+04
9.501000000000000556e-01 -1.816219221626802391e+04
9.502000000000000446e-01 -1.816723989860175061e+04
9.503000000000000336e-01 -1.817258113746439631e+04
9.504000000000000226e-01 -1.817823477575659490e+04
9.505000000000000115e-01 -1.818461635608876531e+04
9.506000000000000005e-01 -1.819182864443790459e+04
9.507000000000001005e-01 -1.819960543025389416e+04
9.508000000000000895e-01 -1.820725528748566285e+04
9.509000000000000785e-01 -1.821436327143523886e+04
9.510000000000000675e-01 -1.822029911075022756e+04
9.511000000000000565e-01 -1.822502553523336610e+04
9.512000000000000455e-01 -1.822886544236678674e+04
9.513000000000000345e-01 -1.823207444731691794e+04
9.514000000000000234e-01 -1.823488497083824041e+04
9.515000000000000124e-01 -1.823740065002424308e+04
9.516000000000000014e-01 -1.823970043943045675e+04
9.516999999999999904e-01 -1.824183203347599192e+04
9.518000000000000904e-01 -1.824441936364248613e+04
9.519000000000000794e-01 -1.824774264282820513e+04
9.520000000000000684e-01 -1.825078828499457086e+04
9.521000000000000574e-01 -1.825310146674067073e+04
9.522000000000000464e-01 -1.825487090191145398e+04
9.523000000000000353e-01 -1.825631401757655112e+04
9.524000000000000243e-01 -1.825756827046568651e+04
9.525000000000000133e-01 -1.825871908590532621e+04
9.526000000000000023e-01 -1.825982011380155018e+04
9.526999999999999913e-01 -1.826089747433085722e+04
9.528000000000000913e-01 -1.826195163581886300e+04
9.529000000000000803e-01 -1.826298017292935401e+04
9.530000000000000693e-01 -1.826399171661348009e+04
9.531000000000000583e-01 -1.826499815274000139e+04
9.532000000000000473e-01 -1.826601439006329747e+04
9.533000000000000362e-01 -1.826703565222522593e+04
9.534000000000000252e-01 -1.826803444625993507e+04
9.535000000000000142e-01 -1.826898571454547709e+04
9.536000000000000032e-01 -1.826987261709870654e+04
9.536999999999999922e-01 -1.827068085922103637e+04
9.538000000000000922e-01 -1.827139990947147089e+04
9.539000000000000812e-01 -1.827202827195668942e+04
9.540000000000000702e-01 -1.827261062532673532e+04
9.541000000000000592e-01 -1.827317756331206328e+04
9.542000000000000481e-01 -1.827372240161236914e+04
9.543000000000000371e-01 -1.827423008281374132e+04
9.544000000000000261e-01 -1.827470455580342968e+04
9.545000000000000151e-01 -1.827514575231895651e+04
9.546000000000000041e-01 -1.827555649347047074e+04
9.546999999999999931e-01 -1.827599103427897353e+04
9.548000000000000931e-01 -1.827646775007585165e+04
9.549000000000000821e-01 -1.827699317242845427e+04
9.550000000000000711e-01 -1.827763119208801072e+04
9.551000000000000600e-01 -1.827839954834577293e+04
9.552000000000000490e-01 -1.827937473957991460e+04
9.553000000000000380e-01 -1.828058970765758204e+04
9.554000000000000270e-01 -1.828200300635350141e+04
9.555000000000000160e-01 -1.828358405913842580e+04
9.556000000000000050e-01 -1.828529871178604299e+04
9.556999999999999940e-01 -1.828709949453173249e+04
9.558000000000000940e-01 -1.828895199816776221e+04
9.559000000000000830e-01 -1.829083675131177733e+04
9.560000000000000719e-01 -1.829274751745181857e+04
9.561000000000000609e-01 -1.829468120170098337e+04
9.562000000000000499e-01 -1.829667640254971411e+04
9.563000000000000389e-01 -1.829872470112447991e+04
9.564000000000000279e-01 -1.830080310080009804e+04
9.565000000000000169e-01 -1.830289612934804973e+04
9.566000000000000059e-01 -1.830499445156218644e+04
9.566999999999999948e-01 -1.830707571540538265e+04
9.568000000000000949e-01 -1.830914179690712990e+04
9.569000000000000838e-01 -1.831120598019433601e+04
9.570000000000000728e-01 -1.831327521141184479e+04
9.571000000000000618e-01 -1.831535300744544293e+04
9.572000000000000508e-01 -1.831743353993753044e+04
9.573000000000000398e-01 -1.831951218243295443e+04
9.574000000000000288e-01 -1.832155133531200045e+04
9.575000000000000178e-01 -1.832338894441704542e+04
9.576000000000000068e-01 -1.832517251933871012e+04
9.576999999999999957e-01 -1.832698918361310280e+04
9.578000000000000957e-01 -1.832885749106266303e+04
9.579000000000000847e-01 -1.833076874865745413e+04
9.580000000000000737e-01 -1.833262107625344288e+04
9.581000000000000627e-01 -1.833424041929607847e+04
9.582000000000000517e-01 -1.833584911970746907e+04
9.583000000000000407e-01 -1.833751906187802888e+04
9.584000000000000297e-01 -1.833925268326731020e+04
9.585000000000000187e-01 -1.834104175972868688e+04
9.586000000000000076e-01 -1.834287845413796094e+04
9.586999999999999966e-01 -1.834475214055378092e+04
9.588000000000000966e-01 -1.834665422514842430e+04
9.589000000000000856e-01 -1.834857820758357411e+04
9.590000000000000746e-01 -1.835051831952128123e+04
9.591000000000000636e-01 -1.835247169191759895e+04
9.592000000000000526e-01 -1.835443748699538992e+04
9.593000000000000416e-01 -1.835641254240780472e+04
9.594000000000000306e-01 -1.835839736130921665e+04
9.595000000000000195e-01 -1.836038653751273159e+04
9.596000000000000085e-01 -1.836237949478848532e+04
9.596999999999999975e-01 -1.836437940459505626e+04
9.598000000000000975e-01 -1.836638471399972696e+04
9.599000000000000865e-01 -1.836817359518440935e+04
9.600000000000000755e-01 -1.836956077810144780e+04
9.601000000000000645e-01 -1.837097602807121802e+04
9.602000000000000535e-01 -1.837256855181506035e+04
9.603000000000000425e-01 -1.837434029579157141e+04
9.604000000000000314e-01 -1.837625522075497065e+04
9.605000000000000204e-01 -1.837815411335306635e+04
9.606000000000000094e-01 -1.837945865277848497e+04
9.606999999999999984e-01 -1.838070380316522278e+04
9.608000000000000984e-01 -1.838211956503125111e+04
9.609000000000000874e-01 -1.838373507800715743e+04
9.610000000000000764e-01 -1.838552035710661221e+04
9.611000000000000654e-01 -1.838743517002412045e+04
9.612000000000000544e-01 -1.838944576757385948e+04
9.613000000000000433e-01 -1.839152985249757694e+04
9.614000000000000323e-01 -1.839367152167185850e+04
9.615000000000000213e-01 -1.839585127366622328e+04
9.616000000000000103e-01 -1.839805421317022046e+04
9.616999999999999993e-01 -1.840027166702576505e+04
9.618000000000000993e-01 -1.840249801479290909e+04
9.619000000000000883e-01 -1.840473119513857455e+04
9.620000000000000773e-01 -1.840697098925779210e+04
9.621000000000000663e-01 -1.840921797459106165e+04
9.622000000000000552e-01 -1.841147403458677945e+04
9.623000000000000442e-01 -1.841374006437201024e+04
9.624000000000000332e-01 -1.841601515789659243e+04
9.625000000000000222e-01 -1.841829852474264408e+04
9.626000000000000112e-01 -1.842059130345579615e+04
9.627000000000000002e-01 -1.842288686552546642e+04
9.628000000000001002e-01 -1.842518612466150807e+04
9.629000000000000892e-01 -1.842748946377126776e+04
9.630000000000000782e-01 -1.842979664056058027e+04
9.631000000000000671e-01 -1.843210727139692244e+04
9.632000000000000561e-01 -1.843442116238731251e+04
9.633000000000000451e-01 -1.843674001323031916e+04
9.634000000000000341e-01 -1.843906549174831162e+04
9.635000000000000231e-01 -1.844139736176567749e+04
9.636000000000000121e-01 -1.844373553562939924e+04
9.637000000000000011e-01 -1.844607413641757375e+04
9.638000000000001011e-01 -1.844841999858301278e+04
9.639000000000000901e-01 -1.845076888204613715e+04
9.640000000000000790e-01 -1.845311870831081251e+04
9.641000000000000680e-01 -1.845546911011989141e+04
9.642000000000000570e-01 -1.845782186293649647e+04
9.643000000000000460e-01 -1.846017798301513540e+04
9.644000000000000350e-01 -1.846253757360910458e+04
9.645000000000000240e-01 -1.846489925700721142e+04
9.646000000000000130e-01 -1.846726072140898032e+04
9.647000000000000020e-01 -1.846962816230534008e+04
9.647999999999999909e-01 -1.847199895497742182e+04
9.649000000000000909e-01 -1.847437346681161944e+04
9.650000000000000799e-01 -1.847675149382942982e+04
9.651000000000000689e-01 -1.847913116940381587e+04
9.652000000000000579e-01 -1.848151241233404653e+04
9.653000000000000469e-01 -1.848389596480846376e+04
9.654000000000000359e-01 -1.848628271619871521e+04
9.655000000000000249e-01 -1.848867340226539454e+04
9.656000000000000139e-01 -1.849106852381135104e+04
9.657000000000000028e-01 -1.849346837964953011e+04
9.657999999999999918e-01 -1.849587315901217880e+04
9.659000000000000918e-01 -1.849828315530329201e+04
9.660000000000000808e-01 -1.850069944702834255e+04
9.661000000000000698e-01 -1.850312460560338513e+04
9.662000000000000588e-01 -1.850556537752000804e+04
9.663000000000000478e-01 -1.850802454546977606e+04
9.664000000000000368e-01 -1.851050132766475144e+04
9.665000000000000258e-01 -1.851299400295368832e+04
9.666000000000000147e-01 -1.851550120723333384e+04
9.667000000000000037e-01 -1.851802247262793753e+04
9.667999999999999927e-01 -1.852055844561385311e+04
9.669000000000000927e-01 -1.852311135941655812e+04
9.670000000000000817e-01 -1.852569168074617119e+04
9.671000000000000707e-01 -1.852831673837189737e+04
9.672000000000000597e-01 -1.853098391552956673e+04
9.673000000000000487e-01 -1.853371335526022449e+04
9.674000000000000377e-01 -1.853650396847655429e+04
9.675000000000000266e-01 -1.853935086070385660e+04
9.676000000000000156e-01 -1.854225123086839449e+04
9.677000000000000046e-01 -1.854520520055680390e+04
9.677999999999999936e-01 -1.854821595170959336e+04
9.679000000000000936e-01 -1.855129604218030363e+04
9.680000000000000826e-01 -1.855446880009693268e+04
9.681000000000000716e-01 -1.855772941847954644e+04
9.682000000000000606e-01 -1.856112164664792726e+04
9.683000000000000496e-01 -1.856469657566008391e+04
9.684000000000000385e-01 -1.856846343841001726e+04
9.685000000000000275e-01 -1.857243309078065795e+04
9.686000000000000165e-01 -1.857664166582133112e+04
9.687000000000000055e-01 -1.858112641439522486e+04
9.687999999999999945e-01 -1.858596211291676809e+04
9.689000000000000945e-01 -1.859121687101100906e+04
9.690000000000000835e-01 -1.859694459286192796e+04
9.691000000000000725e-01 -1.860313456432512248e+04
9.692000000000000615e-01 -1.860974553617573838e+04
9.693000000000000504e-01 -1.861582940525272352e+04
9.694000000000000394e-01 -1.861939652375521837e+04
9.695000000000000284e-01 -1.862128273539411020e+04
9.696000000000000174e-01 -1.862278041554957963e+04
9.697000000000000064e-01 -1.862467141796693613e+04
9.697999999999999954e-01 -1.862672705743061306e+04
9.699000000000000954e-01 -1.862884132864938874e+04
9.700000000000000844e-01 -1.863095557190361069e+04
9.701000000000000734e-01 -1.863302575781046835e+04
9.702000000000000624e-01 -1.863506633471576788e+04
9.703000000000000513e-01 -1.863711100920569515e+04
9.704000000000000403e-01 -1.863919878864415296e+04
9.705000000000000293e-01 -1.864136213290488740e+04
9.706000000000000183e-01 -1.864360816419451658e+04
9.707000000000000073e-01 -1.864592154752426359e+04
9.707999999999999963e-01 -1.864827685780384490e+04
9.709000000000000963e-01 -1.865065020575021481e+04
9.710000000000000853e-01 -1.865302097652007069e+04
9.711000000000000743e-01 -1.865537810241009356e+04
9.712000000000000632e-01 -1.865771315743737068e+04
9.713000000000000522e-01 -1.866001696319089024e+04
9.714000000000000412e-01 -1.866229198753225501e+04
9.715000000000000302e-01 -1.866454409364816456e+04
9.716000000000000192e-01 -1.866677958461213348e+04
9.717000000000000082e-01 -1.866900481051635143e+04
9.717999999999999972e-01 -1.867122534356444521e+04
9.719000000000000972e-01 -1.867344576105420128e+04
9.720000000000000862e-01 -1.867566988244055028e+04
9.721000000000000751e-01 -1.867789858815704065e+04
9.722000000000000641e-01 -1.868013141103296948e+04
9.723000000000000531e-01 -1.868236791724803334e+04
9.724000000000000421e-01 -1.868460766181538202e+04
9.725000000000000311e-01 -1.868684986083434706e+04
9.726000000000000201e-01 -1.868909340006963612e+04
9.727000000000000091e-01 -1.869133729543113077e+04
9.727999999999999980e-01 -1.869358100377882874e+04
9.729000000000000981e-01 -1.869582426580926040e+04
9.730000000000000870e-01 -1.869806726618284665e+04
9.731000000000000760e-01 -1.870031019960354024e+04
9.732000000000000650e-01 -1.870255318626421285e+04
9.733000000000000540e-01 -1.870479625756033420e+04
9.734000000000000430e-01 -1.870704138160320872e+04
9.735000000000000320e-01 -1.870928719609917243e+04
9.736000000000000210e-01 -1.871152934160930818e+04
9.737000000000000099e-01 -1.871377052424416615e+04
9.737999999999999989e-01 -1.871601126478583683e+04
9.739000000000000989e-01 -1.871825149248251182e+04
9.740000000000000879e-01 -1.872049119676639020e+04
9.741000000000000769e-01 -1.872273035915294167e+04
9.742000000000000659e-01 -1.872496894806921773e+04
9.743000000000000549e-01 -1.872720696173070974e+04
9.744000000000000439e-01 -1.872944442624990916e+04
9.745000000000000329e-01 -1.873168138784200346e+04
9.746000000000000218e-01 -1.873391791697805456e+04
9.747000000000000108e-01 -1.873615409329333488e+04
9.747999999999999998e-01 -1.873838998297032958e+04
9.749000000000000998e-01 -1.874062564550509705e+04
9.750000000000000888e-01 -1.874288197574045626e+04
9.751000000000000778e-01 -1.874527721348249543e+04
9.752000000000000668e-01 -1.874769571874654139e+04
9.753000000000000558e-01 -1.875008557434747490e+04
9.754000000000000448e-01 -1.875244744219253698e+04
9.755000000000000338e-01 -1.875484129427148218e+04
9.756000000000000227e-01 -1.875729297181662696e+04
9.757000000000000117e-01 -1.875971991776652067e+04
9.758000000000000007e-01 -1.876211638857826256e+04
9.759000000000001007e-01 -1.876449318781140755e+04
9.760000000000000897e-01 -1.876685715997810621e+04
9.761000000000000787e-01 -1.876920877858777749e+04
9.762000000000000677e-01 -1.877152934664691202e+04
9.763000000000000567e-01 -1.877381998839841253e+04
9.764000000000000457e-01 -1.877608919262200652e+04
9.765000000000000346e-01 -1.877834359370383390e+04
9.766000000000000236e-01 -1.878058772380461232e+04
9.767000000000000126e-01 -1.878282421804135811e+04
9.768000000000000016e-01 -1.878505630170787845e+04
9.769000000000001016e-01 -1.878728654704485962e+04
9.770000000000000906e-01 -1.878951582576453075e+04
9.771000000000000796e-01 -1.879174533991921999e+04
9.772000000000000686e-01 -1.879397452607349624e+04
9.773000000000000576e-01 -1.879620134936129034e+04
9.774000000000000465e-01 -1.879842936465515959e+04
9.775000000000000355e-01 -1.880065820996738694e+04
9.776000000000000245e-01 -1.880288722976267672e+04
9.777000000000000135e-01 -1.880511639002507945e+04
9.778000000000000025e-01 -1.880734579682901676e+04
9.778999999999999915e-01 -1.880957538307227878e+04
9.780000000000000915e-01 -1.881180479932705930e+04
9.781000000000000805e-01 -1.881404832080981214e+04
9.782000000000000695e-01 -1.881632470171227396e+04
9.783000000000000584e-01 -1.881861973696224595e+04
9.784000000000000474e-01 -1.882091802678293607e+04
9.785000000000000364e-01 -1.882321313357379040e+04
9.786000000000000254e-01 -1.882549540740650264e+04
9.787000000000000144e-01 -1.882776355555639020e+04
9.788000000000000034e-01 -1.883002127813591142e+04
9.788999999999999924e-01 -1.883226926928174362e+04
9.790000000000000924e-01 -1.883450808904993028e+04
9.791000000000000814e-01 -1.883673943628764755e+04
9.792000000000000703e-01 -1.883896534283651636e+04
9.793000000000000593e-01 -1.884118762457109187e+04
9.794000000000000483e-01 -1.884340761297493736e+04
9.795000000000000373e-01 -1.884562628098447749e+04
9.796000000000000263e-01 -1.884784417678616956e+04
9.797000000000000153e-01 -1.885006157572345910e+04
9.798000000000000043e-01 -1.885227861465883689e+04
9.798999999999999932e-01 -1.885449536653685936e+04
9.800000000000000933e-01 -1.885671188311482183e+04
9.801000000000000822e-01 -1.885891589855628627e+04
9.802000000000000712e-01 -1.886108220232472013e+04
9.803000000000000602e-01 -1.886321221642875025e+04
9.804000000000000492e-01 -1.886531303892319193e+04
9.805000000000000382e-01 -1.886739101307321471e+04
9.806000000000000272e-01 -1.886945150046885465e+04
9.807000000000000162e-01 -1.887149885275025736e+04
9.808000000000000052e-01 -1.887353645932527434e+04
9.808999999999999941e-01 -1.887556688773920905e+04
9.810000000000000941e-01 -1.887759205280978131e+04
9.811000000000000831e-01 -1.887961329697383917e+04
9.812000000000000721e-01 -1.888163340945497475e+04
9.813000000000000611e-01 -1.888365367240642809e+04
9.814000000000000501e-01 -1.888567340099982903e+04
9.815000000000000391e-01 -1.888769227552339726e+04
9.816000000000000281e-01 -1.888971025383456072e+04
9.817000000000000171e-01 -1.889172740878985860e+04
9.818000000000000060e-01 -1.889374383372327793e+04
9.818999999999999950e-01 -1.889575905725978373e+04
9.820000000000000950e-01 -1.889777193810592507e+04
9.821000000000000840e-01 -1.889978388223391084e+04
9.822000000000000730e-01 -1.890179542951819167e+04
9.823000000000000620e-01 -1.890380632082885131e+04
9.824000000000000510e-01 -1.890581671299123263e+04
9.825000000000000400e-01 -1.890782676193930456e+04
9.826000000000000290e-01 -1.890983659366407301e+04
9.827000000000000179e-01 -1.891184630816106437e+04
9.828000000000000069e-01 -1.891385598395916531e+04
9.828999999999999959e-01 -1.891586568112117675e+04
9.830000000000000959e-01 -1.891787544380013424e+04
9.831000000000000849e-01 -1.891988531084331407e+04
9.832000000000000739e-01 -1.892189529893331564e+04
9.833000000000000629e-01 -1.892390540536018671e+04
9.834000000000000519e-01 -1.892591561788144099e+04
9.835000000000000409e-01 -1.892792591570021250e+04
9.836000000000000298e-01 -1.892993627348744849e+04
9.837000000000000188e-01 -1.893194615160833564e+04
9.838000000000000078e-01 -1.893395404131152100e+04
9.838999999999999968e-01 -1.893596241813589950e+04
9.840000000000000968e-01 -1.893797276766472714e+04
9.841000000000000858e-01 -1.893998523909143114e+04
9.842000000000000748e-01 -1.894199930107302134e+04
9.843000000000000638e-01 -1.894401435071857850e+04
9.844000000000000528e-01 -1.894602970210935382e+04
9.845000000000000417e-01 -1.894804520550195230e+04
9.846000000000000307e-01 -1.895006077070720130e+04
9.847000000000000197e-01 -1.895207653927975844e+04
9.848000000000000087e-01 -1.895409223954921981e+04
9.848999999999999977e-01 -1.895610662172696175e+04
9.850000000000000977e-01 -1.895812033674398845e+04
9.851000000000000867e-01 -1.896013402403568762e+04
9.852000000000000757e-01 -1.896214690301508017e+04
9.853000000000000647e-01 -1.896415701406832159e+04
9.854000000000000536e-01 -1.896616403959759919e+04
9.855000000000000426e-01 -1.896816822744187084e+04
9.856000000000000316e-01 -1.897016950003047168e+04
9.857000000000000206e-01 -1.897216842795820048e+04
9.858000000000000096e-01 -1.897416427206492517e+04
9.858999999999999986e-01 -1.897615571989133969e+04
9.860000000000000986e-01 -1.897814252320589731e+04
9.861000000000000876e-01 -1.898012485892422774e+04
9.862000000000000766e-01 -1.898210285167490292e+04
9.863000000000000655e-01 -1.898407670039308869e+04
9.864000000000000545e-01 -1.898604642132900335e+04
9.865000000000000435e-01 -1.898801220158553770e+04
9.866000000000000325e-01 -1.898997371400623888e+04
9.867000000000000215e-01 -1.899193136817081177e+04
9.868000000000000105e-01 -1.899388535614104694e+04
9.868999999999999995e-01 -1.899583618158333047e+04
9.870000000000000995e-01 -1.899778474477653435e+04
9.871000000000000885e-01 -1.899973118765885010e+04
9.872000000000000774e-01 -1.900167548518341209e+04
9.873000000000000664e-01 -1.900361815577883317e+04
9.874000000000000554e-01 -1.900555925668816781e+04
9.875000000000000444e-01 -1.900749467054991692e+04
9.876000000000000334e-01 -1.900942033883960903e+04
9.877000000000000224e-01 -1.901133589139942706e+04
9.878000000000000114e-01 -1.901324270562742822e+04
9.879000000000000004e-01 -1.901514362796665955e+04
9.880000000000001004e-01 -1.901704030228874035e+04
9.881000000000000894e-01 -1.901893562828497670e+04
9.882000000000000783e-01 -1.902083340433343255e+04
9.883000000000000673e-01 -1.902273622854057248e+04
9.884000000000000563e-01 -1.902464560611170964e+04
9.885000000000000453e-01 -1.902656383935133272e+04
9.886000000000000343e-01 -1.902849050673972670e+04
9.887000000000000233e-01 -1.903041763117215305e+04
9.888000000000000123e-01 -1.903234858594730031e+04
9.889000000000000012e-01 -1.903428648744797465e+04
9.890000000000001013e-01 -1.903622798497024996e+04
9.891000000000000902e-01 -1.903818354612647818e+04
9.892000000000000792e-01 -1.904013099644266185e+04
9.893000000000000682e-01 -1.904207575027118946e+04
9.894000000000000572e-01 -1.904402270559225508e+04
9.895000000000000462e-01 -1.904597818174516215e+04
9.896000000000000352e-01 -1.904794756149673049e+04
9.897000000000000242e-01 -1.904992789373864434e+04
9.898000000000000131e-01 -1.905190370766058550e+04
9.899000000000000021e-01 -1.905389253934967201e+04
9.900000000000001021e-01 -1.905589261199879911e+04
9.901000000000000911e-01 -1.905789973335462491e+04
9.902000000000000801e-01 -1.905990609810899696e+04
9.903000000000000691e-01 -1.906190737566844109e+04
9.904000000000000581e-01 -1.906390377281927795e+04
9.905000000000000471e-01 -1.906589798609297941e+04
9.906000000000000361e-01 -1.906789213601070878e+04
9.907000000000000250e-01 -1.906988592039881405e+04
9.908000000000000140e-01 -1.907187801661219055e+04
9.909000000000000030e-01 -1.907386833369643500e+04
9.909999999999999920e-01 -1.907585791019086537e+04
9.911000000000000920e-01 -1.907784793437615372e+04
9.912000000000000810e-01 -1.907983924640217083e+04
9.913000000000000700e-01 -1.908183160883284290e+04
9.914000000000000590e-01 -1.908382328906604380e+04
9.915000000000000480e-01 -1.908581142513232771e+04
9.916000000000000369e-01 -1.908779179977286185e+04
9.917000000000000259e-01 -1.908975632139500522e+04
9.918000000000000149e-01 -1.909169955625997682e+04
9.919000000000000039e-01 -1.909362092973056861e+04
9.919999999999999929e-01 -1.909552279158153033e+04
9.921000000000000929e-01 -1.909740845929083662e+04
9.922000000000000819e-01 -1.909927914169608994e+04
9.923000000000000709e-01 -1.910113405097321447e+04
9.924000000000000599e-01 -1.910296992019273603e+04
9.925000000000000488e-01 -1.910478471494698169e+04
9.926000000000000378e-01 -1.910657708425949750e+04
9.927000000000000268e-01 -1.910834461627402197e+04
9.928000000000000158e-01 -1.911007327462158719e+04
9.929000000000000048e-01 -1.911173979090772264e+04
9.929999999999999938e-01 -1.911332699558116656e+04
9.931000000000000938e-01 -1.911481871535886239e+04
9.932000000000000828e-01 -1.911618952808435643e+04
9.933000000000000718e-01 -1.911738130771913347e+04
9.934000000000000608e-01 -1.911838538156882350e+04
9.935000000000000497e-01 -1.911923849561610405e+04
9.936000000000000387e-01 -1.911996796627934236e+04
9.937000000000000277e-01 -1.912055314382414508e+04
9.938000000000000167e-01 -1.912095135774388473e+04
9.939000000000000057e-01 -1.912112597041676418e+04
9.939999999999999947e-01 -1.912105309586489602e+04
9.941000000000000947e-01 -1.912074670486861578e+04
9.942000000000000837e-01 -1.912024246106986539e+04
9.943000000000000727e-01 -1.911956475272579701e+04
9.944000000000000616e-01 -1.911881268843197176e+04
9.945000000000000506e-01 -1.911804669543505952e+04
9.946000000000000396e-01 -1.911731029985001078e+04
9.947000000000000286e-01 -1.911668223056540955e+04
9.948000000000000176e-01 -1.911626769314187914e+04
9.949000000000000066e-01 -1.911611549795820247e+04
9.949999999999999956e-01 -1.911620397111122656e+04
9.951000000000000956e-01 -1.911652820090355090e+04
9.952000000000000846e-01 -1.911733567733782911e+04
9.953000000000000735e-01 -1.911867004924666981e+04
9.954000000000000625e-01 -1.912034017979304917e+04
9.955000000000000515e-01 -1.912219521201124371e+04
9.956000000000000405e-01 -1.912413384281016988e+04
9.957000000000000295e-01 -1.912611272428650773e+04
9.958000000000000185e-01 -1.912812854119739859e+04
9.959000000000000075e-01 -1.913014327271244474e+04
9.959999999999999964e-01 -1.913213912939311922e+04
9.961000000000000965e-01 -1.913422603165106557e+04
9.962000000000000854e-01 -1.913637560480220782e+04
9.963000000000000744e-01 -1.913855073561377867e+04
9.964000000000000634e-01 -1.914072512152630225e+04
9.965000000000000524e-01 -1.914287630416821412e+04
9.966000000000000414e-01 -1.914500650095805395e+04
9.967000000000000304e-01 -1.914711542459395059e+04
9.968000000000000194e-01 -1.914919374745265668e+04
9.969000000000000083e-01 -1.915123928349561538e+04
9.969999999999999973e-01 -1.915326321161695159e+04
9.971000000000000973e-01 -1.915528302063899537e+04
9.972000000000000863e-01 -1.915731109679674046e+04
9.973000000000000753e-01 -1.915934528736479115e+04
9.974000000000000643e-01 -1.916138324337365339e+04
9.975000000000000533e-01 -1.916342764347103730e+04
9.976000000000000423e-01 -1.916546398033228252e+04
9.977000000000000313e-01 -1.916749282191190287e+04
9.978000000000000203e-01 -1.916951911112211383e+04
9.979000000000000092e-01 -1.917153462689201478e+04
9.979999999999999982e-01 -1.917353815957465849e+04
9.981000000000000982e-01 -1.917553994288310787e+04
9.982000000000000872e-01 -1.917753821028842867e+04
9.983000000000000762e-01 -1.917953139405231559e+04
9.984000000000000652e-01 -1.918152126127116207e+04
9.985000000000000542e-01 -1.918351076831132377e+04
9.986000000000000432e-01 -1.918549815205225605e+04
9.987000000000000322e-01 -1.918748856076056836e+04
9.988000000000000211e-01 -1.918949138402682001e+04
9.989000000000000101e-01 -1.919149061858017740e+04
9.989999999999999991e-01 -1.919349037776100522e+04
9.991000000000000991e-01 -1.919549396461739161e+04
9.992000000000000881e-01 -1.919750159331161922e+04
9.993000000000000771e-01 -1.919951388200318252e+04
9.994000000000000661e-01 -1.920153652819791751e+04
9.995000000000000551e-01 -1.920355758236345355e+04
9.996000000000000441e-01 -1.920558027552879867e+04
9.997000000000000330e-01 -1.920760595026348892e+04
9.998000000000000220e-01 -1.920962957695369187e+04
9.999000000000000110e-01 -1.921165417859978697e+04
1.000000000000000000e+00 -1.921368071958332439e+04
