time R11 R12 R13 R21 R22 R23 R31 R32 R33
0.000000000000000000e+00 1.000000000000000000e+00 -0.000000000000000000e+00 0.000000000000000000e+00 0.000000000000000000e+00 1.000000000000000000e+00 -0.000000000000000000e+00 0.000000000000000000e+00 0.000000000000000000e+00 1.000000000000000000e+00
9.999999999999990992e-05 9.999999999999992228e-01 -3.564939744926546917e-08 0.000000000000000000e+00 3.564939744926546917e-08 9.999999999999992228e-01 -0.000000000000000000e+00 0.000000000000000000e+00 0.000000000000000000e+00 1.000000000000000000e+00
1.999999999999996301e-04 9.999999999999708011e-01 -2.410035418612311067e-07 0.000000000000000000e+00 2.410035418612311067e-07 9.999999999999708011e-01 -0.000000000000000000e+00 0.000000000000000000e+00 0.000000000000000000e+00 1.000000000000000000e+00
2.999999999999993774e-04 9.999999999994906297e-01 -1.009213370542060023e-06 0.000000000000000000e+00 1.009213370542060023e-06 9.999999999994906297e-01 -0.000000000000000000e+00 0.000000000000000000e+00 0.000000000000000000e+00 1.000000000000000000e+00
3.999999999999990976e-04 9.999999999256861116e-01 -1.219128880182116117e-05 0.000000000000000000e+00 1.219128880182116117e-05 9.999999999256861116e-01 -0.000000000000000000e+00 0.000000000000000000e+00 0.000000000000000000e+00 1.000000000000000000e+00
4.999999999999991430e-04 9.999999993068973136e-01 -3.723177832549205235e-05 0.000000000000000000e+00 3.723177832549205235e-05 9.999999993068973136e-01 -0.000000000000000000e+00 0.000000000000000000e+00 0.000000000000000000e+00 1.000000000000000000e+00
6.000000000000015737e-04 9.999999980215767970e-01 -6.290346613911774706e-05 0.000000000000000000e+00 6.290346613911774706e-05 9.999999980215767970e-01 -0.000000000000000000e+00 0.000000000000000000e+00 0.000000000000000000e+00 1.000000000000000000e+00
7.000000000000040044e-04 9.999999963925447766e-01 -8.494062653632643810e-05 0.000000000000000000e+00 8.494062653632643810e-05 9.999999963925447766e-01 -0.000000000000000000e+00 0.000000000000000000e+00 0.000000000000000000e+00 1.000000000000000000e+00
8.000000000000064351e-04 9.999999947555542334e-01 -1.024152881977410636e-04 0.000000000000000000e+00 1.024152881977410636e-04 9.999999947555542334e-01 -0.000000000000000000e+00 0.000000000000000000e+00 0.000000000000000000e+00 1.000000000000000000e+00
9.000000000000088658e-04 9.999999931761249794e-01 -1.168235846555776432e-04 0.000000000000000000e+00 1.168235846555776432e-04 9.999999931761249794e-01 -0.000000000000000000e+00 0.000000000000000000e+00 0.000000000000000000e+00 1.000000000000000000e+00
1.000000000000011297e-03 9.999999917549051709e-01 -1.284141328152976942e-04 0.000000000000000000e+00 1.284141328152976942e-04 9.999999917549051709e-01 -0.000000000000000000e+00 0.000000000000000000e+00 0.000000000000000000e+00 1.000000000000000000e+00
1.100000000000013727e-03 9.999999905453340610e-01 -1.375112060688695338e-04 0.000000000000000000e+00 1.375112060688695338e-04 9.999999905453340610e-01 -0.000000000000000000e+00 0.000000000000000000e+00 0.000000000000000000e+00 1.000000000000000000e+00
1.200000000000016158e-03 9.999999895874299716e-01 -1.443091801351725290e-04 0.000000000000000000e+00 1.443091801351725290e-04 9.999999895874299716e-01 -0.000000000000000000e+00 0.000000000000000000e+00 0.000000000000000000e+00 1.000000000000000000e+00
1.300000000000018589e-03 9.999999888042027107e-01 -1.496382116979002642e-04 0.000000000000000000e+00 1.496382116979002642e-04 9.999999888042027107e-01 -0.000000000000000000e+00 0.000000000000000000e+00 0.000000000000000000e+00 1.000000000000000000e+00
1.400000000000021019e-03 9.999999880961988330e-01 -1.542971221751516316e-04 0.000000000000000000e+00 1.542971221751516316e-04 9.999999880961988330e-01 -0.000000000000000000e+00 0.000000000000000000e+00 0.000000000000000000e+00 1.000000000000000000e+00
1.500000000000023450e-03 9.999999873823566254e-01 -1.588561815825638977e-04 0.000000000000000000e+00 1.588561815825638977e-04 9.999999873823566254e-01 -0.000000000000000000e+00 0.000000000000000000e+00 0.000000000000000000e+00 1.000000000000000000e+00
1.600000000000025881e-03 9.999999866300376405e-01 -1.635234667808550162e-04 0.000000000000000000e+00 1.635234667808550162e-04 9.999999866300376405e-01 -0.000000000000000000e+00 0.000000000000000000e+00 0.000000000000000000e+00 1.000000000000000000e+00
1.700000000000028311e-03 9.999999858164544397e-01 -1.684253270009539714e-04 0.000000000000000000e+00 1.684253270009539714e-04 9.999999858164544397e-01 -0.000000000000000000e+00 0.000000000000000000e+00 0.000000000000000000e+00 1.000000000000000000e+00
1.800000000000030742e-03 9.999999850139179580e-01 -1.731247052710448576e-04 0.000000000000000000e+00 1.731247052710448576e-04 9.999999850139179580e-01 -0.000000000000000000e+00 0.000000000000000000e+00 0.000000000000000000e+00 1.000000000000000000e+00
1.900000000000033173e-03 9.999999841998974404e-01 -1.777644634700963544e-04 0.000000000000000000e+00 1.777644634700963544e-04 9.999999841998974404e-01 -0.000000000000000000e+00 0.000000000000000000e+00 0.000000000000000000e+00 1.000000000000000000e+00
2.000000000000030399e-03 9.999999837160293836e-01 -1.804658990285590238e-04 0.000000000000000000e+00 1.804658990285590238e-04 9.999999837160293836e-01 -0.000000000000000000e+00 0.000000000000000000e+00 0.000000000000000000e+00 1.000000000000000000e+00
2.100000000000021988e-03 9.999999836557962318e-01 -1.807993556566564301e-04 0.000000000000000000e+00 1.807993556566564301e-04 9.999999836557962318e-01 -0.000000000000000000e+00 0.000000000000000000e+00 0.000000000000000000e+00 1.000000000000000000e+00
2.200000000000013577e-03 9.999999837265904912e-01 -1.804073680741694464e-04 0.000000000000000000e+00 1.804073680741694464e-04 9.999999837265904912e-01 -0.000000000000000000e+00 0.000000000000000000e+00 0.000000000000000000e+00 1.000000000000000000e+00
2.300000000000005165e-03 9.999999845096599893e-01 -1.760132936664349842e-04 0.000000000000000000e+00 1.760132936664349842e-04 9.999999845096599893e-01 -0.000000000000000000e+00 0.000000000000000000e+00 0.000000000000000000e+00 1.000000000000000000e+00
2.399999999999996754e-03 9.999999851612543234e-01 -1.722715610528240636e-04 0.000000000000000000e+00 1.722715610528240636e-04 9.999999851612543234e-01 -0.000000000000000000e+00 0.000000000000000000e+00 0.000000000000000000e+00 1.000000000000000000e+00
2.499999999999988343e-03 9.999999853348361389e-01 -1.712609915470728929e-04 0.000000000000000000e+00 1.712609915470728929e-04 9.999999853348361389e-01 -0.000000000000000000e+00 0.000000000000000000e+00 0.000000000000000000e+00 1.000000000000000000e+00
2.599999999999979931e-03 9.999999851627486835e-01 -1.722628859900328705e-04 0.000000000000000000e+00 1.722628859900328705e-04 9.999999851627486835e-01 -0.000000000000000000e+00 0.000000000000000000e+00 0.000000000000000000e+00 1.000000000000000000e+00
2.699999999999971520e-03 9.999999847548922682e-01 -1.746144751502736380e-04 0.000000000000000000e+00 1.746144751502736380e-04 9.999999847548922682e-01 -0.000000000000000000e+00 0.000000000000000000e+00 0.000000000000000000e+00 1.000000000000000000e+00
2.799999999999963109e-03 9.999999841717824856e-01 -1.779225515144770809e-04 0.000000000000000000e+00 1.779225515144770809e-04 9.999999841717824856e-01 -0.000000000000000000e+00 0.000000000000000000e+00 0.000000000000000000e+00 1.000000000000000000e+00
2.899999999999954697e-03 9.999999834229454931e-01 -1.820826967723319120e-04 0.000000000000000000e+00 1.820826967723319120e-04 9.999999834229454931e-01 -0.000000000000000000e+00 0.000000000000000000e+00 0.000000000000000000e+00 1.000000000000000000e+00
2.999999999999946286e-03 9.999999824701780726e-01 -1.872422045901765133e-04 0.000000000000000000e+00 1.872422045901765133e-04 9.999999824701780726e-01 -0.000000000000000000e+00 0.000000000000000000e+00 0.000000000000000000e+00 1.000000000000000000e+00
3.099999999999937875e-03 9.999999812197634119e-01 -1.938052438811568520e-04 0.000000000000000000e+00 1.938052438811568520e-04 9.999999812197634119e-01 -0.000000000000000000e+00 0.000000000000000000e+00 0.000000000000000000e+00 1.000000000000000000e+00
3.199999999999929463e-03 9.999999795746860043e-01 -2.021153814594357334e-04 0.000000000000000000e+00 2.021153814594357334e-04 9.999999795746860043e-01 -0.000000000000000000e+00 0.000000000000000000e+00 0.000000000000000000e+00 1.000000000000000000e+00
3.299999999999921052e-03 9.999999774857269985e-01 -2.121993050686495335e-04 0.000000000000000000e+00 2.121993050686495335e-04 9.999999774857269985e-01 -0.000000000000000000e+00 0.000000000000000000e+00 0.000000000000000000e+00 1.000000000000000000e+00
3.399999999999912641e-03 9.999999750165662338e-01 -2.235326971438923651e-04 0.000000000000000000e+00 2.235326971438923651e-04 9.999999750165662338e-01 -0.000000000000000000e+00 0.000000000000000000e+00 0.000000000000000000e+00 1.000000000000000000e+00
3.499999999999904229e-03 9.999999722352114206e-01 -2.356471433379346634e-04 0.000000000000000000e+00 2.356471433379346634e-04 9.999999722352114206e-01 -0.000000000000000000e+00 0.000000000000000000e+00 0.000000000000000000e+00 1.000000000000000000e+00
3.599999999999895818e-03 9.999999691191837625e-01 -2.485188749047822837e-04 0.000000000000000000e+00 2.485188749047822837e-04 9.999999691191837625e-01 -0.000000000000000000e+00 0.000000000000000000e+00 0.000000000000000000e+00 1.000000000000000000e+00
3.699999999999887407e-03 9.999999656123337299e-01 -2.622505117083542424e-04 0.000000000000000000e+00 2.622505117083542424e-04 9.999999656123337299e-01 -0.000000000000000000e+00 0.000000000000000000e+00 0.000000000000000000e+00 1.000000000000000000e+00
3.799999999999878995e-03 9.999999616610165676e-01 -2.769078641966397697e-04 0.000000000000000000e+00 2.769078641966397697e-04 9.999999616610165676e-01 -0.000000000000000000e+00 0.000000000000000000e+00 0.000000000000000000e+00 1.000000000000000000e+00
3.899999999999870584e-03 9.999999573221181048e-01 -2.921570841352927827e-04 0.000000000000000000e+00 2.921570841352927827e-04 9.999999573221181048e-01 -0.000000000000000000e+00 0.000000000000000000e+00 0.000000000000000000e+00 1.000000000000000000e+00
3.999999999999882122e-03 9.999999526554563811e-01 -3.077159156388733336e-04 0.000000000000000000e+00 3.077159156388733336e-04 9.999999526554563811e-01 -0.000000000000000000e+00 0.000000000000000000e+00 0.000000000000000000e+00 1.000000000000000000e+00
4.099999999999895395e-03 9.999999476482611671e-01 -3.235791627916368329e-04 0.000000000000000000e+00 3.235791627916368329e-04 9.999999476482611671e-01 -0.000000000000000000e+00 0.000000000000000000e+00 0.000000000000000000e+00 1.000000000000000000e+00
4.199999999999908668e-03 9.999999423335036441e-01 -3.396071100632136594e-04 0.000000000000000000e+00 3.396071100632136594e-04 9.999999423335036441e-01 -0.000000000000000000e+00 0.000000000000000000e+00 0.000000000000000000e+00 1.000000000000000000e+00
4.299999999999921940e-03 9.999999369352796652e-01 -3.551470629972978553e-04 0.000000000000000000e+00 3.551470629972978553e-04 9.999999369352796652e-01 -0.000000000000000000e+00 0.000000000000000000e+00 0.000000000000000000e+00 1.000000000000000000e+00
4.399999999999935213e-03 9.999999317387977538e-01 -3.694893769976478610e-04 0.000000000000000000e+00 3.694893769976478610e-04 9.999999317387977538e-01 -0.000000000000000000e+00 0.000000000000000000e+00 0.000000000000000000e+00 1.000000000000000000e+00
4.499999999999948486e-03 9.999999272352795288e-01 -3.814832046037802140e-04 0.000000000000000000e+00 3.814832046037802140e-04 9.999999272352795288e-01 -0.000000000000000000e+00 0.000000000000000000e+00 0.000000000000000000e+00 1.000000000000000000e+00
4.599999999999961758e-03 9.999999234767551481e-01 -3.912115587127876562e-04 0.000000000000000000e+00 3.912115587127876562e-04 9.999999234767551481e-01 -0.000000000000000000e+00 0.000000000000000000e+00 0.000000000000000000e+00 1.000000000000000000e+00
4.699999999999975031e-03 9.999999205027266802e-01 -3.987411943869283572e-04 0.000000000000000000e+00 3.987411943869283572e-04 9.999999205027266802e-01 -0.000000000000000000e+00 0.000000000000000000e+00 0.000000000000000000e+00 1.000000000000000000e+00
4.799999999999988304e-03 9.999999183570602579e-01 -4.040864666350553643e-04 0.000000000000000000e+00 4.040864666350553643e-04 9.999999183570602579e-01 -0.000000000000000000e+00 0.000000000000000000e+00 0.000000000000000000e+00 1.000000000000000000e+00
4.900000000000001577e-03 9.999999169591591297e-01 -4.075311948016494597e-04 0.000000000000000000e+00 4.075311948016494597e-04 9.999999169591591297e-01 -0.000000000000000000e+00 0.000000000000000000e+00 0.000000000000000000e+00 1.000000000000000000e+00
5.000000000000014849e-03 9.999999161413667403e-01 -4.095329769992265244e-04 0.000000000000000000e+00 4.095329769992265244e-04 9.999999161413667403e-01 -0.000000000000000000e+00 0.000000000000000000e+00 0.000000000000000000e+00 1.000000000000000000e+00
5.100000000000028122e-03 9.999999157339792832e-01 -4.105265327485698476e-04 0.000000000000000000e+00 4.105265327485698476e-04 9.999999157339792832e-01 -0.000000000000000000e+00 0.000000000000000000e+00 0.000000000000000000e+00 1.000000000000000000e+00
5.200000000000041395e-03 9.999999156939302081e-01 -4.106240766626293739e-04 0.000000000000000000e+00 4.106240766626293739e-04 9.999999156939302081e-01 -0.000000000000000000e+00 0.000000000000000000e+00 0.000000000000000000e+00 1.000000000000000000e+00
5.300000000000054667e-03 9.999999160465670167e-01 -4.097643938767157098e-04 0.000000000000000000e+00 4.097643938767157098e-04 9.999999160465670167e-01 -0.000000000000000000e+00 0.000000000000000000e+00 0.000000000000000000e+00 1.000000000000000000e+00
5.400000000000067940e-03 9.999999168545867789e-01 -4.077877136274599720e-04 0.000000000000000000e+00 4.077877136274599720e-04 9.999999168545867789e-01 -0.000000000000000000e+00 0.000000000000000000e+00 0.000000000000000000e+00 1.000000000000000000e+00
5.500000000000081213e-03 9.999999182016937604e-01 -4.044707721248296038e-04 0.000000000000000000e+00 4.044707721248296038e-04 9.999999182016937604e-01 -0.000000000000000000e+00 0.000000000000000000e+00 0.000000000000000000e+00 1.000000000000000000e+00
5.600000000000094486e-03 9.999999197779868565e-01 -4.005546399806523086e-04 0.000000000000000000e+00 4.005546399806523086e-04 9.999999197779868565e-01 -0.000000000000000000e+00 0.000000000000000000e+00 0.000000000000000000e+00 1.000000000000000000e+00
5.700000000000107758e-03 9.999999214194279507e-01 -3.964355407677435674e-04 0.000000000000000000e+00 3.964355407677435674e-04 9.999999214194279507e-01 -0.000000000000000000e+00 0.000000000000000000e+00 0.000000000000000000e+00 1.000000000000000000e+00
5.800000000000121031e-03 9.999999230284792873e-01 -3.923557509531196141e-04 0.000000000000000000e+00 3.923557509531196141e-04 9.999999230284792873e-01 -0.000000000000000000e+00 0.000000000000000000e+00 0.000000000000000000e+00 1.000000000000000000e+00
5.900000000000134304e-03 9.999999245214132859e-01 -3.885320676887063377e-04 0.000000000000000000e+00 3.885320676887063377e-04 9.999999245214132859e-01 -0.000000000000000000e+00 0.000000000000000000e+00 0.000000000000000000e+00 1.000000000000000000e+00
6.000000000000147576e-03 9.999999258127263424e-01 -3.851941608456043039e-04 0.000000000000000000e+00 3.851941608456043039e-04 9.999999258127263424e-01 -0.000000000000000000e+00 0.000000000000000000e+00 0.000000000000000000e+00 1.000000000000000000e+00
6.100000000000160849e-03 9.999999268618445791e-01 -3.824608544080822020e-04 0.000000000000000000e+00 3.824608544080822020e-04 9.999999268618445791e-01 -0.000000000000000000e+00 0.000000000000000000e+00 0.000000000000000000e+00 1.000000000000000000e+00
6.200000000000174122e-03 9.999999276440330043e-01 -3.804102107443545558e-04 0.000000000000000000e+00 3.804102107443545558e-04 9.999999276440330043e-01 -0.000000000000000000e+00 0.000000000000000000e+00 0.000000000000000000e+00 1.000000000000000000e+00
6.300000000000187395e-03 9.999999281399328810e-01 -3.791043770806031324e-04 0.000000000000000000e+00 3.791043770806031324e-04 9.999999281399328810e-01 -0.000000000000000000e+00 0.000000000000000000e+00 0.000000000000000000e+00 1.000000000000000000e+00
6.400000000000200667e-03 9.999999283850953269e-01 -3.784571360859615764e-04 0.000000000000000000e+00 3.784571360859615764e-04 9.999999283850953269e-01 -0.000000000000000000e+00 0.000000000000000000e+00 0.000000000000000000e+00 1.000000000000000000e+00
6.500000000000213940e-03 9.999999283576437303e-01 -3.785296647416505123e-04 0.000000000000000000e+00 3.785296647416505123e-04 9.999999283576437303e-01 -0.000000000000000000e+00 0.000000000000000000e+00 0.000000000000000000e+00 1.000000000000000000e+00
6.600000000000227213e-03 9.999999280960084613e-01 -3.792202233716953177e-04 0.000000000000000000e+00 3.792202233716953177e-04 9.999999280960084613e-01 -0.000000000000000000e+00 0.000000000000000000e+00 0.000000000000000000e+00 1.000000000000000000e+00
6.700000000000240485e-03 9.999999275711247693e-01 -3.806018193903323832e-04 0.000000000000000000e+00 3.806018193903323832e-04 9.999999275711247693e-01 -0.000000000000000000e+00 0.000000000000000000e+00 0.000000000000000000e+00 1.000000000000000000e+00
6.800000000000253758e-03 9.999999267157592131e-01 -3.828426253460358504e-04 0.000000000000000000e+00 3.828426253460358504e-04 9.999999267157592131e-01 -0.000000000000000000e+00 0.000000000000000000e+00 0.000000000000000000e+00 1.000000000000000000e+00
6.900000000000267031e-03 9.999999254917181224e-01 -3.860266288246913535e-04 0.000000000000000000e+00 3.860266288246913535e-04 9.999999254917181224e-01 -0.000000000000000000e+00 0.000000000000000000e+00 0.000000000000000000e+00 1.000000000000000000e+00
7.000000000000280304e-03 9.999999238411468871e-01 -3.902790031788151161e-04 0.000000000000000000e+00 3.902790031788151161e-04 9.999999238411468871e-01 -0.000000000000000000e+00 0.000000000000000000e+00 0.000000000000000000e+00 1.000000000000000000e+00
7.100000000000293576e-03 9.999999217419868192e-01 -3.956210560874848887e-04 0.000000000000000000e+00 3.956210560874848887e-04 9.999999217419868192e-01 -0.000000000000000000e+00 0.000000000000000000e+00 0.000000000000000000e+00 1.000000000000000000e+00
7.200000000000306849e-03 9.999999192912142343e-01 -4.017680484214150366e-04 0.000000000000000000e+00 4.017680484214150366e-04 9.999999192912142343e-01 -0.000000000000000000e+00 0.000000000000000000e+00 0.000000000000000000e+00 1.000000000000000000e+00
7.300000000000320122e-03 9.999999166434778708e-01 -4.083050783106301445e-04 0.000000000000000000e+00 4.083050783106301445e-04 9.999999166434778708e-01 -0.000000000000000000e+00 0.000000000000000000e+00 0.000000000000000000e+00 1.000000000000000000e+00
7.400000000000333394e-03 9.999999139963748895e-01 -4.147375586230947053e-04 0.000000000000000000e+00 4.147375586230947053e-04 9.999999139963748895e-01 -0.000000000000000000e+00 0.000000000000000000e+00 0.000000000000000000e+00 1.000000000000000000e+00
7.500000000000346667e-03 9.999999114836415348e-01 -4.207525505960100142e-04 0.000000000000000000e+00 4.207525505960100142e-04 9.999999114836415348e-01 -0.000000000000000000e+00 0.000000000000000000e+00 0.000000000000000000e+00 1.000000000000000000e+00
7.600000000000359940e-03 9.999999091707491017e-01 -4.262141403001873299e-04 0.000000000000000000e+00 4.262141403001873299e-04 9.999999091707491017e-01 -0.000000000000000000e+00 0.000000000000000000e+00 0.000000000000000000e+00 1.000000000000000000e+00
7.700000000000373213e-03 9.999999071561287423e-01 -4.309149958875501752e-04 0.000000000000000000e+00 4.309149958875501752e-04 9.999999071561287423e-01 -0.000000000000000000e+00 0.000000000000000000e+00 0.000000000000000000e+00 1.000000000000000000e+00
7.800000000000386485e-03 9.999999056344981430e-01 -4.344318063017896464e-04 0.000000000000000000e+00 4.344318063017896464e-04 9.999999056344981430e-01 -0.000000000000000000e+00 0.000000000000000000e+00 0.000000000000000000e+00 1.000000000000000000e+00
7.900000000000399758e-03 9.999999046662508828e-01 -4.366548852807375218e-04 0.000000000000000000e+00 4.366548852807375218e-04 9.999999046662508828e-01 -0.000000000000000000e+00 0.000000000000000000e+00 0.000000000000000000e+00 1.000000000000000000e+00
8.000000000000413031e-03 9.999999041352287676e-01 -4.378693104909654765e-04 0.000000000000000000e+00 4.378693104909654765e-04 9.999999041352287676e-01 -0.000000000000000000e+00 0.000000000000000000e+00 0.000000000000000000e+00 1.000000000000000000e+00
8.100000000000426303e-03 9.999999039735140149e-01 -4.382384767435019090e-04 0.000000000000000000e+00 4.382384767435019090e-04 9.999999039735140149e-01 -0.000000000000000000e+00 0.000000000000000000e+00 0.000000000000000000e+00 1.000000000000000000e+00
8.200000000000439576e-03 9.999999041001905731e-01 -4.379493228866506078e-04 0.000000000000000000e+00 4.379493228866506078e-04 9.999999041001905731e-01 -0.000000000000000000e+00 0.000000000000000000e+00 0.000000000000000000e+00 1.000000000000000000e+00
8.300000000000452849e-03 9.999999044401782777e-01 -4.371723161254648300e-04 0.000000000000000000e+00 4.371723161254648300e-04 9.999999044401782777e-01 -0.000000000000000000e+00 0.000000000000000000e+00 0.000000000000000000e+00 1.000000000000000000e+00
8.400000000000466122e-03 9.999999049364002301e-01 -4.360357673836871210e-04 0.000000000000000000e+00 4.360357673836871210e-04 9.999999049364002301e-01 -0.000000000000000000e+00 0.000000000000000000e+00 0.000000000000000000e+00 1.000000000000000000e+00
8.500000000000479394e-03 9.999999055481186838e-01 -4.346305942509659580e-04 0.000000000000000000e+00 4.346305942509659580e-04 9.999999055481186838e-01 -0.000000000000000000e+00 0.000000000000000000e+00 0.000000000000000000e+00 1.000000000000000000e+00
8.600000000000492667e-03 9.999999062370893421e-01 -4.330425064505473713e-04 0.000000000000000000e+00 4.330425064505473713e-04 9.999999062370893421e-01 -0.000000000000000000e+00 0.000000000000000000e+00 0.000000000000000000e+00 1.000000000000000000e+00
8.700000000000505940e-03 9.999999069406743102e-01 -4.314146991903595541e-04 0.000000000000000000e+00 4.314146991903595541e-04 9.999999069406743102e-01 -0.000000000000000000e+00 0.000000000000000000e+00 0.000000000000000000e+00 1.000000000000000000e+00
8.800000000000519212e-03 9.999999075937802129e-01 -4.298981632634589142e-04 0.000000000000000000e+00 4.298981632634589142e-04 9.999999075937802129e-01 -0.000000000000000000e+00 0.000000000000000000e+00 0.000000000000000000e+00 1.000000000000000000e+00
8.900000000000532485e-03 9.999999081620243313e-01 -4.285743142263681040e-04 0.000000000000000000e+00 4.285743142263681040e-04 9.999999081620243313e-01 -0.000000000000000000e+00 0.000000000000000000e+00 0.000000000000000000e+00 1.000000000000000000e+00
9.000000000000545758e-03 9.999999085690414180e-01 -4.276235593238052299e-04 0.000000000000000000e+00 4.276235593238052299e-04 9.999999085690414180e-01 -0.000000000000000000e+00 0.000000000000000000e+00 0.000000000000000000e+00 1.000000000000000000e+00
9.100000000000559031e-03 9.999999087518213203e-01 -4.271959135696614947e-04 0.000000000000000000e+00 4.271959135696614947e-04 9.999999087518213203e-01 -0.000000000000000000e+00 0.000000000000000000e+00 0.000000000000000000e+00 1.000000000000000000e+00
9.200000000000572303e-03 9.999999086736374165e-01 -4.273788910617928329e-04 0.000000000000000000e+00 4.273788910617928329e-04 9.999999086736374165e-01 -0.000000000000000000e+00 0.000000000000000000e+00 0.000000000000000000e+00 1.000000000000000000e+00
9.300000000000585576e-03 9.999999083209225592e-01 -4.282033935420135316e-04 0.000000000000000000e+00 4.282033935420135316e-04 9.999999083209225592e-01 -0.000000000000000000e+00 0.000000000000000000e+00 0.000000000000000000e+00 1.000000000000000000e+00
9.400000000000598849e-03 9.999999076903201001e-01 -4.296735402921795849e-04 0.000000000000000000e+00 4.296735402921795849e-04 9.999999076903201001e-01 -0.000000000000000000e+00 0.000000000000000000e+00 0.000000000000000000e+00 1.000000000000000000e+00
9.500000000000612121e-03 9.999999067692252330e-01 -4.318119274217267528e-04 0.000000000000000000e+00 4.318119274217267528e-04 9.999999067692252330e-01 -0.000000000000000000e+00 0.000000000000000000e+00 0.000000000000000000e+00 1.000000000000000000e+00
9.600000000000625394e-03 9.999999055521060498e-01 -4.346214201873183146e-04 0.000000000000000000e+00 4.346214201873183146e-04 9.999999055521060498e-01 -0.000000000000000000e+00 0.000000000000000000e+00 0.000000000000000000e+00 1.000000000000000000e+00
9.700000000000638667e-03 9.999999040029257102e-01 -4.381713582163693850e-04 0.000000000000000000e+00 4.381713582163693850e-04 9.999999040029257102e-01 -0.000000000000000000e+00 0.000000000000000000e+00 0.000000000000000000e+00 1.000000000000000000e+00
9.800000000000651940e-03 9.999999021624510487e-01 -4.423517694755653039e-04 0.000000000000000000e+00 4.423517694755653039e-04 9.999999021624510487e-01 -0.000000000000000000e+00 0.000000000000000000e+00 0.000000000000000000e+00 1.000000000000000000e+00
9.900000000000665212e-03 9.999999003250903407e-01 -4.464860682428261653e-04 0.000000000000000000e+00 4.464860682428261653e-04 9.999999003250903407e-01 -0.000000000000000000e+00 0.000000000000000000e+00 0.000000000000000000e+00 1.000000000000000000e+00
1.000000000000067849e-02 9.999998987316607302e-01 -4.500407400913211480e-04 0.000000000000000000e+00 4.500407400913211480e-04 9.999998987316607302e-01 -0.000000000000000000e+00 0.000000000000000000e+00 0.000000000000000000e+00 1.000000000000000000e+00
1.010000000000069176e-02 9.999998975058690398e-01 -4.527562821480449586e-04 0.000000000000000000e+00 4.527562821480449586e-04 9.999998975058690398e-01 -0.000000000000000000e+00 0.000000000000000000e+00 0.000000000000000000e+00 1.000000000000000000e+00
1.020000000000070503e-02 9.999998967314562837e-01 -4.544635040927212351e-04 0.000000000000000000e+00 4.544635040927212351e-04 9.999998967314562837e-01 -0.000000000000000000e+00 0.000000000000000000e+00 0.000000000000000000e+00 1.000000000000000000e+00
1.030000000000071830e-02 9.999998963302846322e-01 -4.553453849262082700e-04 0.000000000000000000e+00 4.553453849262082700e-04 9.999998963302846322e-01 -0.000000000000000000e+00 0.000000000000000000e+00 0.000000000000000000e+00 1.000000000000000000e+00
1.040000000000073158e-02 9.999998962647647094e-01 -4.554892530170166830e-04 0.000000000000000000e+00 4.554892530170166830e-04 9.999998962647647094e-01 -0.000000000000000000e+00 0.000000000000000000e+00 0.000000000000000000e+00 1.000000000000000000e+00
1.050000000000074485e-02 9.999998964822059966e-01 -4.550116231049288851e-04 0.000000000000000000e+00 4.550116231049288851e-04 9.999998964822059966e-01 -0.000000000000000000e+00 0.000000000000000000e+00 0.000000000000000000e+00 1.000000000000000000e+00
1.060000000000075812e-02 9.999998969265561088e-01 -4.540340040843519670e-04 0.000000000000000000e+00 4.540340040843519670e-04 9.999998969265561088e-01 -0.000000000000000000e+00 0.000000000000000000e+00 0.000000000000000000e+00 1.000000000000000000e+00
1.070000000000077139e-02 9.999998975523132216e-01 -4.526536894331299071e-04 0.000000000000000000e+00 4.526536894331299071e-04 9.999998975523132216e-01 -0.000000000000000000e+00 0.000000000000000000e+00 0.000000000000000000e+00 1.000000000000000000e+00
1.080000000000078467e-02 9.999998983264681840e-01 -4.509401880291810812e-04 0.000000000000000000e+00 4.509401880291810812e-04 9.999998983264681840e-01 -0.000000000000000000e+00 0.000000000000000000e+00 0.000000000000000000e+00 1.000000000000000000e+00
1.090000000000079794e-02 9.999998992299666822e-01 -4.489321289336826093e-04 0.000000000000000000e+00 4.489321289336826093e-04 9.999998992299666822e-01 -0.000000000000000000e+00 0.000000000000000000e+00 0.000000000000000000e+00 1.000000000000000000e+00
1.100000000000081121e-02 9.999999002380491886e-01 -4.466809729515244950e-04 0.000000000000000000e+00 4.466809729515244950e-04 9.999999002380491886e-01 -0.000000000000000000e+00 0.000000000000000000e+00 0.000000000000000000e+00 1.000000000000000000e+00
1.110000000000082448e-02 9.999999013144986737e-01 -4.442645528676429298e-04 0.000000000000000000e+00 4.442645528676429298e-04 9.999999013144986737e-01 -0.000000000000000000e+00 0.000000000000000000e+00 0.000000000000000000e+00 1.000000000000000000e+00
1.120000000000083776e-02 9.999999024066794640e-01 -4.417993111475045608e-04 0.000000000000000000e+00 4.417993111475045608e-04 9.999999024066794640e-01 -0.000000000000000000e+00 0.000000000000000000e+00 0.000000000000000000e+00 1.000000000000000000e+00
1.130000000000085103e-02 9.999999034872971704e-01 -4.393465556878294281e-04 0.000000000000000000e+00 4.393465556878294281e-04 9.999999034872971704e-01 -0.000000000000000000e+00 0.000000000000000000e+00 0.000000000000000000e+00 1.000000000000000000e+00
1.140000000000086430e-02 9.999999045340043358e-01 -4.369576430900942764e-04 0.000000000000000000e+00 4.369576430900942764e-04 9.999999045340043358e-01 -0.000000000000000000e+00 0.000000000000000000e+00 0.000000000000000000e+00 1.000000000000000000e+00
1.150000000000087758e-02 9.999999055150263771e-01 -4.347067266590568012e-04 0.000000000000000000e+00 4.347067266590568012e-04 9.999999055150263771e-01 -0.000000000000000000e+00 0.000000000000000000e+00 0.000000000000000000e+00 1.000000000000000000e+00
1.160000000000089085e-02 9.999999064072971899e-01 -4.326492767313748055e-04 0.000000000000000000e+00 4.326492767313748055e-04 9.999999064072971899e-01 -0.000000000000000000e+00 0.000000000000000000e+00 0.000000000000000000e+00 1.000000000000000000e+00
1.170000000000090412e-02 9.999999071999721156e-01 -4.308132389092350027e-04 0.000000000000000000e+00 4.308132389092350027e-04 9.999999071999721156e-01 -0.000000000000000000e+00 0.000000000000000000e+00 0.000000000000000000e+00 1.000000000000000000e+00
1.180000000000091739e-02 9.999999078909729278e-01 -4.292062968604200995e-04 0.000000000000000000e+00 4.292062968604200995e-04 9.999999078909729278e-01 -0.000000000000000000e+00 0.000000000000000000e+00 0.000000000000000000e+00 1.000000000000000000e+00
1.190000000000093067e-02 9.999999084860550225e-01 -4.278175795481426987e-04 0.000000000000000000e+00 4.278175795481426987e-04 9.999999084860550225e-01 -0.000000000000000000e+00 0.000000000000000000e+00 0.000000000000000000e+00 1.000000000000000000e+00
1.200000000000094394e-02 9.999999089971389754e-01 -4.266212767131590802e-04 0.000000000000000000e+00 4.266212767131590802e-04 9.999999089971389754e-01 -0.000000000000000000e+00 0.000000000000000000e+00 0.000000000000000000e+00 1.000000000000000000e+00
1.210000000000095721e-02 9.999999094404805611e-01 -4.255808152383534966e-04 0.000000000000000000e+00 4.255808152383534966e-04 9.999999094404805611e-01 -0.000000000000000000e+00 0.000000000000000000e+00 0.000000000000000000e+00 1.000000000000000000e+00
1.220000000000097048e-02 9.999999098349444671e-01 -4.246529203643892194e-04 0.000000000000000000e+00 4.246529203643892194e-04 9.999999098349444671e-01 -0.000000000000000000e+00 0.000000000000000000e+00 0.000000000000000000e+00 1.000000000000000000e+00
1.230000000000098376e-02 9.999999102004054619e-01 -4.237914355623762820e-04 0.000000000000000000e+00 4.237914355623762820e-04 9.999999102004054619e-01 -0.000000000000000000e+00 0.000000000000000000e+00 0.000000000000000000e+00 1.000000000000000000e+00
1.240000000000099703e-02 9.999999105562428214e-01 -4.229509500711243737e-04 0.000000000000000000e+00 4.229509500711243737e-04 9.999999105562428214e-01 -0.000000000000000000e+00 0.000000000000000000e+00 0.000000000000000000e+00 1.000000000000000000e+00
1.250000000000101030e-02 9.999999109202903913e-01 -4.220893400451680797e-04 0.000000000000000000e+00 4.220893400451680797e-04 9.999999109202903913e-01 -0.000000000000000000e+00 0.000000000000000000e+00 0.000000000000000000e+00 1.000000000000000000e+00
1.260000000000102358e-02 9.999999113081227131e-01 -4.211694985824640980e-04 0.000000000000000000e+00 4.211694985824640980e-04 9.999999113081227131e-01 -0.000000000000000000e+00 0.000000000000000000e+00 0.000000000000000000e+00 1.000000000000000000e+00
1.270000000000103685e-02 9.999999117311251240e-01 -4.201639460144049234e-04 0.000000000000000000e+00 4.201639460144049234e-04 9.999999117311251240e-01 -0.000000000000000000e+00 0.000000000000000000e+00 0.000000000000000000e+00 1.000000000000000000e+00
1.280000000000105012e-02 9.999999121956506531e-01 -4.190569064462805102e-04 0.000000000000000000e+00 4.190569064462805102e-04 9.999999121956506531e-01 -0.000000000000000000e+00 0.000000000000000000e+00 0.000000000000000000e+00 1.000000000000000000e+00
1.290000000000106339e-02 9.999999127126564247e-01 -4.178213485450225657e-04 0.000000000000000000e+00 4.178213485450225657e-04 9.999999127126564247e-01 -0.000000000000000000e+00 0.000000000000000000e+00 0.000000000000000000e+00 1.000000000000000000e+00
1.300000000000107667e-02 9.999999132870670548e-01 -4.164443037020879187e-04 0.000000000000000000e+00 4.164443037020879187e-04 9.999999132870670548e-01 -0.000000000000000000e+00 0.000000000000000000e+00 0.000000000000000000e+00 1.000000000000000000e+00
1.310000000000108994e-02 9.999999139195944187e-01 -4.149226475424771274e-04 0.000000000000000000e+00 4.149226475424771274e-04 9.999999139195944187e-01 -0.000000000000000000e+00 0.000000000000000000e+00 0.000000000000000000e+00 1.000000000000000000e+00
1.320000000000110321e-02 9.999999146089116886e-01 -4.132579934926633989e-04 0.000000000000000000e+00 4.132579934926633989e-04 9.999999146089116886e-01 -0.000000000000000000e+00 0.000000000000000000e+00 0.000000000000000000e+00 1.000000000000000000e+00
1.330000000000111648e-02 9.999999153561004439e-01 -4.114459765869671933e-04 0.000000000000000000e+00 4.114459765869671933e-04 9.999999153561004439e-01 -0.000000000000000000e+00 0.000000000000000000e+00 0.000000000000000000e+00 1.000000000000000000e+00
1.340000000000112976e-02 9.999999161534571801e-01 -4.095034535520529289e-04 0.000000000000000000e+00 4.095034535520529289e-04 9.999999161534571801e-01 -0.000000000000000000e+00 0.000000000000000000e+00 0.000000000000000000e+00 1.000000000000000000e+00
1.350000000000114303e-02 9.999999170108356816e-01 -4.074043710382349039e-04 0.000000000000000000e+00 4.074043710382349039e-04 9.999999170108356816e-01 -0.000000000000000000e+00 0.000000000000000000e+00 0.000000000000000000e+00 1.000000000000000000e+00
1.360000000000115630e-02 9.999999179368505020e-01 -4.051250326303125092e-04 0.000000000000000000e+00 4.051250326303125092e-04 9.999999179368505020e-01 -0.000000000000000000e+00 0.000000000000000000e+00 0.000000000000000000e+00 1.000000000000000000e+00
1.370000000000116958e-02 9.999999189324045856e-01 -4.026601346331644231e-04 0.000000000000000000e+00 4.026601346331644231e-04 9.999999189324045856e-01 -0.000000000000000000e+00 0.000000000000000000e+00 0.000000000000000000e+00 1.000000000000000000e+00
1.380000000000118285e-02 9.999999199997009480e-01 -4.000007393108031347e-04 0.000000000000000000e+00 4.000007393108031347e-04 9.999999199997009480e-01 -0.000000000000000000e+00 0.000000000000000000e+00 0.000000000000000000e+00 1.000000000000000000e+00
1.390000000000119612e-02 9.999999211295041990e-01 -3.971661936651184051e-04 0.000000000000000000e+00 3.971661936651184051e-04 9.999999211295041990e-01 -0.000000000000000000e+00 0.000000000000000000e+00 0.000000000000000000e+00 1.000000000000000000e+00
1.400000000000120939e-02 9.999999223145458194e-01 -3.941711584227917758e-04 0.000000000000000000e+00 3.941711584227917758e-04 9.999999223145458194e-01 -0.000000000000000000e+00 0.000000000000000000e+00 0.000000000000000000e+00 1.000000000000000000e+00
1.410000000000122267e-02 9.999999235536635167e-01 -3.910149190672387843e-04 0.000000000000000000e+00 3.910149190672387843e-04 9.999999235536635167e-01 -0.000000000000000000e+00 0.000000000000000000e+00 0.000000000000000000e+00 1.000000000000000000e+00
1.420000000000123594e-02 9.999999248116071549e-01 -3.877844501813176924e-04 0.000000000000000000e+00 3.877844501813176924e-04 9.999999248116071549e-01 -0.000000000000000000e+00 0.000000000000000000e+00 0.000000000000000000e+00 1.000000000000000000e+00
1.430000000000124921e-02 9.999999260852224792e-01 -3.844860846760527547e-04 0.000000000000000000e+00 3.844860846760527547e-04 9.999999260852224792e-01 -0.000000000000000000e+00 0.000000000000000000e+00 0.000000000000000000e+00 1.000000000000000000e+00
1.440000000000126248e-02 9.999999273703377156e-01 -3.811290057137337560e-04 0.000000000000000000e+00 3.811290057137337560e-04 9.999999273703377156e-01 -0.000000000000000000e+00 0.000000000000000000e+00 0.000000000000000000e+00 1.000000000000000000e+00
1.450000000000127576e-02 9.999999286756608985e-01 -3.776885922995758607e-04 0.000000000000000000e+00 3.776885922995758607e-04 9.999999286756608985e-01 -0.000000000000000000e+00 0.000000000000000000e+00 0.000000000000000000e+00 1.000000000000000000e+00
1.460000000000128903e-02 9.999999300185183904e-01 -3.741162360870521641e-04 0.000000000000000000e+00 3.741162360870521641e-04 9.999999300185183904e-01 -0.000000000000000000e+00 0.000000000000000000e+00 0.000000000000000000e+00 1.000000000000000000e+00
1.470000000000130230e-02 9.999999314072212098e-01 -3.703856811371446104e-04 0.000000000000000000e+00 3.703856811371446104e-04 9.999999314072212098e-01 -0.000000000000000000e+00 0.000000000000000000e+00 0.000000000000000000e+00 1.000000000000000000e+00
1.480000000000131558e-02 9.999999328496709250e-01 -3.664705357604570828e-04 0.000000000000000000e+00 3.664705357604570828e-04 9.999999328496709250e-01 -0.000000000000000000e+00 0.000000000000000000e+00 0.000000000000000000e+00 1.000000000000000000e+00
1.490000000000132885e-02 9.999999343556758014e-01 -3.623377483231769269e-04 0.000000000000000000e+00 3.623377483231769269e-04 9.999999343556758014e-01 -0.000000000000000000e+00 0.000000000000000000e+00 0.000000000000000000e+00 1.000000000000000000e+00
1.500000000000134212e-02 9.999999359391329445e-01 -3.579409586254926850e-04 0.000000000000000000e+00 3.579409586254926850e-04 9.999999359391329445e-01 -0.000000000000000000e+00 0.000000000000000000e+00 0.000000000000000000e+00 1.000000000000000000e+00
1.510000000000135539e-02 9.999999376197988843e-01 -3.532143798473027780e-04 0.000000000000000000e+00 3.532143798473027780e-04 9.999999376197988843e-01 -0.000000000000000000e+00 0.000000000000000000e+00 0.000000000000000000e+00 1.000000000000000000e+00
1.520000000000136867e-02 9.999999394087626392e-01 -3.481127272571233147e-04 0.000000000000000000e+00 3.481127272571233147e-04 9.999999394087626392e-01 -0.000000000000000000e+00 0.000000000000000000e+00 0.000000000000000000e+00 1.000000000000000000e+00
1.530000000000138194e-02 9.999999413117912628e-01 -3.426024133894638927e-04 0.000000000000000000e+00 3.426024133894638927e-04 9.999999413117912628e-01 -0.000000000000000000e+00 0.000000000000000000e+00 0.000000000000000000e+00 1.000000000000000000e+00
1.540000000000139521e-02 9.999999433362540824e-01 -3.366414835676281511e-04 0.000000000000000000e+00 3.366414835676281511e-04 9.999999433362540824e-01 -0.000000000000000000e+00 0.000000000000000000e+00 0.000000000000000000e+00 1.000000000000000000e+00
1.550000000000140848e-02 9.999999454866808080e-01 -3.301918154923389912e-04 0.000000000000000000e+00 3.301918154923389912e-04 9.999999454866808080e-01 -0.000000000000000000e+00 0.000000000000000000e+00 0.000000000000000000e+00 1.000000000000000000e+00
1.560000000000142176e-02 9.999999477634028411e-01 -3.232231292348120119e-04 0.000000000000000000e+00 3.232231292348120119e-04 9.999999477634028411e-01 -0.000000000000000000e+00 0.000000000000000000e+00 0.000000000000000000e+00 1.000000000000000000e+00
1.570000000000136911e-02 9.999999501635644661e-01 -3.157101016334513000e-04 0.000000000000000000e+00 3.157101016334513000e-04 9.999999501635644661e-01 -0.000000000000000000e+00 0.000000000000000000e+00 0.000000000000000000e+00 1.000000000000000000e+00
1.580000000000129565e-02 9.999999526793850180e-01 -3.076381442511326295e-04 0.000000000000000000e+00 3.076381442511326295e-04 9.999999526793850180e-01 -0.000000000000000000e+00 0.000000000000000000e+00 0.000000000000000000e+00 1.000000000000000000e+00
1.590000000000122218e-02 9.999999552936471581e-01 -2.990195705441916758e-04 0.000000000000000000e+00 2.990195705441916758e-04 9.999999552936471581e-01 -0.000000000000000000e+00 0.000000000000000000e+00 0.000000000000000000e+00 1.000000000000000000e+00
1.600000000000114872e-02 9.999999580013945177e-01 -2.898227194533842558e-04 0.000000000000000000e+00 2.898227194533842558e-04 9.999999580013945177e-01 -0.000000000000000000e+00 0.000000000000000000e+00 0.000000000000000000e+00 1.000000000000000000e+00
1.610000000000107526e-02 9.999999607934322299e-01 -2.800234523710734471e-04 0.000000000000000000e+00 2.800234523710734471e-04 9.999999607934322299e-01 -0.000000000000000000e+00 0.000000000000000000e+00 0.000000000000000000e+00 1.000000000000000000e+00
1.620000000000100179e-02 9.999999636195892050e-01 -2.697421359282664252e-04 0.000000000000000000e+00 2.697421359282664252e-04 9.999999636195892050e-01 -0.000000000000000000e+00 0.000000000000000000e+00 0.000000000000000000e+00 1.000000000000000000e+00
1.630000000000092833e-02 9.999999664459605642e-01 -2.590522680956843372e-04 0.000000000000000000e+00 2.590522680956843372e-04 9.999999664459605642e-01 -0.000000000000000000e+00 0.000000000000000000e+00 0.000000000000000000e+00 1.000000000000000000e+00
1.640000000000085487e-02 9.999999692233343396e-01 -2.480994358426749907e-04 0.000000000000000000e+00 2.480994358426749907e-04 9.999999692233343396e-01 -0.000000000000000000e+00 0.000000000000000000e+00 0.000000000000000000e+00 1.000000000000000000e+00
1.650000000000078140e-02 9.999999719097156792e-01 -2.370244026113194318e-04 0.000000000000000000e+00 2.370244026113194318e-04 9.999999719097156792e-01 -0.000000000000000000e+00 0.000000000000000000e+00 0.000000000000000000e+00 1.000000000000000000e+00
1.660000000000070794e-02 9.999999744974241711e-01 -2.258431997654985080e-04 0.000000000000000000e+00 2.258431997654985080e-04 9.999999744974241711e-01 -0.000000000000000000e+00 0.000000000000000000e+00 0.000000000000000000e+00 1.000000000000000000e+00
1.670000000000063448e-02 9.999999768866971728e-01 -2.150037323425882255e-04 0.000000000000000000e+00 2.150037323425882255e-04 9.999999768866971728e-01 -0.000000000000000000e+00 0.000000000000000000e+00 0.000000000000000000e+00 1.000000000000000000e+00
1.680000000000056101e-02 9.999999789806102157e-01 -2.050336046898205142e-04 0.000000000000000000e+00 2.050336046898205142e-04 9.999999789806102157e-01 -0.000000000000000000e+00 0.000000000000000000e+00 0.000000000000000000e+00 1.000000000000000000e+00
1.690000000000048755e-02 9.999999803421063538e-01 -1.982820882826495928e-04 0.000000000000000000e+00 1.982820882826495928e-04 9.999999803421063538e-01 -0.000000000000000000e+00 0.000000000000000000e+00 0.000000000000000000e+00 1.000000000000000000e+00
1.700000000000041409e-02 9.999999806873030028e-01 -1.965334406702283997e-04 0.000000000000000000e+00 1.965334406702283997e-04 9.999999806873030028e-01 -0.000000000000000000e+00 0.000000000000000000e+00 0.000000000000000000e+00 1.000000000000000000e+00
1.710000000000034062e-02 9.999999804361874300e-01 -1.978070386461140175e-04 0.000000000000000000e+00 1.978070386461140175e-04 9.999999804361874300e-01 -0.000000000000000000e+00 0.000000000000000000e+00 0.000000000000000000e+00 1.000000000000000000e+00
1.720000000000026716e-02 9.999999798787172489e-01 -2.006054958256408747e-04 0.000000000000000000e+00 2.006054958256408747e-04 9.999999798787172489e-01 -0.000000000000000000e+00 0.000000000000000000e+00 0.000000000000000000e+00 1.000000000000000000e+00
1.730000000000019370e-02 9.999999791442092389e-01 -2.042341322809197485e-04 0.000000000000000000e+00 2.042341322809197485e-04 9.999999791442092389e-01 -0.000000000000000000e+00 0.000000000000000000e+00 0.000000000000000000e+00 1.000000000000000000e+00
1.740000000000012023e-02 9.999999782910405921e-01 -2.083696672363210959e-04 0.000000000000000000e+00 2.083696672363210959e-04 9.999999782910405921e-01 -0.000000000000000000e+00 0.000000000000000000e+00 0.000000000000000000e+00 1.000000000000000000e+00
1.750000000000004677e-02 9.999999773522249003e-01 -2.128275115644298555e-04 0.000000000000000000e+00 2.128275115644298555e-04 9.999999773522249003e-01 -0.000000000000000000e+00 0.000000000000000000e+00 0.000000000000000000e+00 1.000000000000000000e+00
1.759999999999997330e-02 9.999999763461147051e-01 -2.175034932971995510e-04 0.000000000000000000e+00 2.175034932971995510e-04 9.999999763461147051e-01 -0.000000000000000000e+00 0.000000000000000000e+00 0.000000000000000000e+00 1.000000000000000000e+00
1.769999999999989984e-02 9.999999753000009539e-01 -2.222611016117027676e-04 0.000000000000000000e+00 2.222611016117027676e-04 9.999999753000009539e-01 -0.000000000000000000e+00 0.000000000000000000e+00 0.000000000000000000e+00 1.000000000000000000e+00
1.779999999999982638e-02 9.999999742735160568e-01 -2.268324644084442900e-04 0.000000000000000000e+00 2.268324644084442900e-04 9.999999742735160568e-01 -0.000000000000000000e+00 0.000000000000000000e+00 0.000000000000000000e+00 1.000000000000000000e+00
1.789999999999975291e-02 9.999999733608072594e-01 -2.308211095048204179e-04 0.000000000000000000e+00 2.308211095048204179e-04 9.999999733608072594e-01 -0.000000000000000000e+00 0.000000000000000000e+00 0.000000000000000000e+00 1.000000000000000000e+00
1.799999999999967945e-02 9.999999726662218702e-01 -2.338109392830342581e-04 0.000000000000000000e+00 2.338109392830342581e-04 9.999999726662218702e-01 -0.000000000000000000e+00 0.000000000000000000e+00 0.000000000000000000e+00 1.000000000000000000e+00
1.809999999999960599e-02 9.999999722763522891e-01 -2.354724916836796358e-04 0.000000000000000000e+00 2.354724916836796358e-04 9.999999722763522891e-01 -0.000000000000000000e+00 0.000000000000000000e+00 0.000000000000000000e+00 1.000000000000000000e+00
1.819999999999953252e-02 9.999999722476115016e-01 -2.355945163335877778e-04 0.000000000000000000e+00 2.355945163335877778e-04 9.999999722476115016e-01 -0.000000000000000000e+00 0.000000000000000000e+00 0.000000000000000000e+00 1.000000000000000000e+00
1.829999999999945906e-02 9.999999725771997472e-01 -2.341913737436661911e-04 0.000000000000000000e+00 2.341913737436661911e-04 9.999999725771997472e-01 -0.000000000000000000e+00 0.000000000000000000e+00 0.000000000000000000e+00 1.000000000000000000e+00
1.839999999999938560e-02 9.999999732499922356e-01 -2.313007017151660471e-04 0.000000000000000000e+00 2.313007017151660471e-04 9.999999732499922356e-01 -0.000000000000000000e+00 0.000000000000000000e+00 0.000000000000000000e+00 1.000000000000000000e+00
1.849999999999931213e-02 9.999999743105537631e-01 -2.266691236971676154e-04 0.000000000000000000e+00 2.266691236971676154e-04 9.999999743105537631e-01 -0.000000000000000000e+00 0.000000000000000000e+00 0.000000000000000000e+00 1.000000000000000000e+00
1.859999999999923867e-02 9.999999756073302271e-01 -2.208740337738108691e-04 0.000000000000000000e+00 2.208740337738108691e-04 9.999999756073302271e-01 -0.000000000000000000e+00 0.000000000000000000e+00 0.000000000000000000e+00 1.000000000000000000e+00
1.869999999999916521e-02 9.999999769796015237e-01 -2.145711913717784664e-04 0.000000000000000000e+00 2.145711913717784664e-04 9.999999769796015237e-01 -0.000000000000000000e+00 0.000000000000000000e+00 0.000000000000000000e+00 1.000000000000000000e+00
1.879999999999909174e-02 9.999999781943215149e-01 -2.088333218394202242e-04 0.000000000000000000e+00 2.088333218394202242e-04 9.999999781943215149e-01 -0.000000000000000000e+00 0.000000000000000000e+00 0.000000000000000000e+00 1.000000000000000000e+00
1.889999999999901828e-02 9.999999790080925655e-01 -2.048995216848790025e-04 0.000000000000000000e+00 2.048995216848790025e-04 9.999999790080925655e-01 -0.000000000000000000e+00 0.000000000000000000e+00 0.000000000000000000e+00 1.000000000000000000e+00
1.899999999999894482e-02 9.999999795190209761e-01 -2.023906056879880104e-04 0.000000000000000000e+00 2.023906056879880104e-04 9.999999795190209761e-01 -0.000000000000000000e+00 0.000000000000000000e+00 0.000000000000000000e+00 1.000000000000000000e+00
1.909999999999887135e-02 9.999999797982874750e-01 -2.010060309345198311e-04 0.000000000000000000e+00 2.010060309345198311e-04 9.999999797982874750e-01 -0.000000000000000000e+00 0.000000000000000000e+00 0.000000000000000000e+00 1.000000000000000000e+00
1.919999999999879789e-02 9.999999798836176623e-01 -2.005810654084503263e-04 0.000000000000000000e+00 2.005810654084503263e-04 9.999999798836176623e-01 -0.000000000000000000e+00 0.000000000000000000e+00 0.000000000000000000e+00 1.000000000000000000e+00
1.929999999999872443e-02 9.999999798286345332e-01 -2.008549979585744867e-04 0.000000000000000000e+00 2.008549979585744867e-04 9.999999798286345332e-01 -0.000000000000000000e+00 0.000000000000000000e+00 0.000000000000000000e+00 1.000000000000000000e+00
1.939999999999865096e-02 9.999999796794822871e-01 -2.015962170071284253e-04 0.000000000000000000e+00 2.015962170071284253e-04 9.999999796794822871e-01 -0.000000000000000000e+00 0.000000000000000000e+00 0.000000000000000000e+00 1.000000000000000000e+00
1.949999999999857750e-02 9.999999794686820209e-01 -2.026391748642184919e-04 0.000000000000000000e+00 2.026391748642184919e-04 9.999999794686820209e-01 -0.000000000000000000e+00 0.000000000000000000e+00 0.000000000000000000e+00 1.000000000000000000e+00
1.959999999999850404e-02 9.999999792186547998e-01 -2.038692953826842639e-04 0.000000000000000000e+00 2.038692953826842639e-04 9.999999792186547998e-01 -0.000000000000000000e+00 0.000000000000000000e+00 0.000000000000000000e+00 1.000000000000000000e+00
1.969999999999843057e-02 9.999999789472374667e-01 -2.051963066895845002e-04 0.000000000000000000e+00 2.051963066895845002e-04 9.999999789472374667e-01 -0.000000000000000000e+00 0.000000000000000000e+00 0.000000000000000000e+00 1.000000000000000000e+00
1.979999999999835711e-02 9.999999786766491372e-01 -2.065107768169172422e-04 0.000000000000000000e+00 2.065107768169172422e-04 9.999999786766491372e-01 -0.000000000000000000e+00 0.000000000000000000e+00 0.000000000000000000e+00 1.000000000000000000e+00
1.989999999999828365e-02 9.999999784300807049e-01 -2.077013188568122329e-04 0.000000000000000000e+00 2.077013188568122329e-04 9.999999784300807049e-01 -0.000000000000000000e+00 0.000000000000000000e+00 0.000000000000000000e+00 1.000000000000000000e+00
1.999999999999821018e-02 9.999999782267990911e-01 -2.086777441736087705e-04 0.000000000000000000e+00 2.086777441736087705e-04 9.999999782267990911e-01 -0.000000000000000000e+00 0.000000000000000000e+00 0.000000000000000000e+00 1.000000000000000000e+00
2.009999999999813672e-02 9.999999780733208610e-01 -2.094119321634601953e-04 0.000000000000000000e+00 2.094119321634601953e-04 9.999999780733208610e-01 -0.000000000000000000e+00 0.000000000000000000e+00 0.000000000000000000e+00 1.000000000000000000e+00
2.019999999999806325e-02 9.999999779671059352e-01 -2.099185253729554180e-04 0.000000000000000000e+00 2.099185253729554180e-04 9.999999779671059352e-01 -0.000000000000000000e+00 0.000000000000000000e+00 0.000000000000000000e+00 1.000000000000000000e+00
2.029999999999798979e-02 9.999999779016947032e-01 -2.102298974200253186e-04 0.000000000000000000e+00 2.102298974200253186e-04 9.999999779016947032e-01 -0.000000000000000000e+00 0.000000000000000000e+00 0.000000000000000000e+00 1.000000000000000000e+00
2.039999999999791633e-02 9.999999778721810895e-01 -2.103702380293114916e-04 0.000000000000000000e+00 2.103702380293114916e-04 9.999999778721810895e-01 -0.000000000000000000e+00 0.000000000000000000e+00 0.000000000000000000e+00 1.000000000000000000e+00
2.049999999999784286e-02 9.999999778725714439e-01 -2.103683831031805021e-04 0.000000000000000000e+00 2.103683831031805021e-04 9.999999778725714439e-01 -0.000000000000000000e+00 0.000000000000000000e+00 0.000000000000000000e+00 1.000000000000000000e+00
2.059999999999776940e-02 9.999999778970937170e-01 -2.102517822491255586e-04 0.000000000000000000e+00 2.102517822491255586e-04 9.999999778970937170e-01 -0.000000000000000000e+00 0.000000000000000000e+00 0.000000000000000000e+00 1.000000000000000000e+00
2.069999999999769594e-02 9.999999779316455228e-01 -2.100873823537492170e-04 0.000000000000000000e+00 2.100873823537492170e-04 9.999999779316455228e-01 -0.000000000000000000e+00 0.000000000000000000e+00 0.000000000000000000e+00 1.000000000000000000e+00
2.079999999999762247e-02 9.999999779650848852e-01 -2.099281535526175747e-04 0.000000000000000000e+00 2.099281535526175747e-04 9.999999779650848852e-01 -0.000000000000000000e+00 0.000000000000000000e+00 0.000000000000000000e+00 1.000000000000000000e+00
2.089999999999754901e-02 9.999999779966879387e-01 -2.097775565803656659e-04 0.000000000000000000e+00 2.097775565803656659e-04 9.999999779966879387e-01 -0.000000000000000000e+00 0.000000000000000000e+00 0.000000000000000000e+00 1.000000000000000000e+00
2.099999999999747555e-02 9.999999780293392648e-01 -2.096218521929152248e-04 0.000000000000000000e+00 2.096218521929152248e-04 9.999999780293392648e-01 -0.000000000000000000e+00 0.000000000000000000e+00 0.000000000000000000e+00 1.000000000000000000e+00
2.109999999999740208e-02 9.999999780626062096e-01 -2.094630923133561069e-04 0.000000000000000000e+00 2.094630923133561069e-04 9.999999780626062096e-01 -0.000000000000000000e+00 0.000000000000000000e+00 0.000000000000000000e+00 1.000000000000000000e+00
2.119999999999732862e-02 9.999999780908261915e-01 -2.093283235131000427e-04 0.000000000000000000e+00 2.093283235131000427e-04 9.999999780908261915e-01 -0.000000000000000000e+00 0.000000000000000000e+00 0.000000000000000000e+00 1.000000000000000000e+00
2.129999999999725516e-02 9.999999781094006668e-01 -2.092395707665627364e-04 0.000000000000000000e+00 2.092395707665627364e-04 9.999999781094006668e-01 -0.000000000000000000e+00 0.000000000000000000e+00 0.000000000000000000e+00 1.000000000000000000e+00
2.139999999999718169e-02 9.999999781187284276e-01 -2.091949869413303406e-04 0.000000000000000000e+00 2.091949869413303406e-04 9.999999781187284276e-01 -0.000000000000000000e+00 0.000000000000000000e+00 0.000000000000000000e+00 1.000000000000000000e+00
2.149999999999710823e-02 9.999999781253735565e-01 -2.091632186806372136e-04 0.000000000000000000e+00 2.091632186806372136e-04 9.999999781253735565e-01 -0.000000000000000000e+00 0.000000000000000000e+00 0.000000000000000000e+00 1.000000000000000000e+00
2.159999999999703477e-02 9.999999781364887763e-01 -2.091100708383768127e-04 0.000000000000000000e+00 2.091100708383768127e-04 9.999999781364887763e-01 -0.000000000000000000e+00 0.000000000000000000e+00 0.000000000000000000e+00 1.000000000000000000e+00
2.169999999999696130e-02 9.999999781545479971e-01 -2.090236907182266139e-04 0.000000000000000000e+00 2.090236907182266139e-04 9.999999781545479971e-01 -0.000000000000000000e+00 0.000000000000000000e+00 0.000000000000000000e+00 1.000000000000000000e+00
2.179999999999688784e-02 9.999999781791681919e-01 -2.089058711972209786e-04 0.000000000000000000e+00 2.089058711972209786e-04 9.999999781791681919e-01 -0.000000000000000000e+00 0.000000000000000000e+00 0.000000000000000000e+00 1.000000000000000000e+00
2.189999999999681438e-02 9.999999782090226441e-01 -2.087629134744588126e-04 0.000000000000000000e+00 2.087629134744588126e-04 9.999999782090226441e-01 -0.000000000000000000e+00 0.000000000000000000e+00 0.000000000000000000e+00 1.000000000000000000e+00
2.199999999999674091e-02 9.999999782427835271e-01 -2.086011322502593181e-04 0.000000000000000000e+00 2.086011322502593181e-04 9.999999782427835271e-01 -0.000000000000000000e+00 0.000000000000000000e+00 0.000000000000000000e+00 1.000000000000000000e+00
2.209999999999666745e-02 9.999999782793899117e-01 -2.084255733792651668e-04 0.000000000000000000e+00 2.084255733792651668e-04 9.999999782793899117e-01 -0.000000000000000000e+00 0.000000000000000000e+00 0.000000000000000000e+00 1.000000000000000000e+00
2.219999999999659399e-02 9.999999783180204549e-01 -2.082401456483861182e-04 0.000000000000000000e+00 2.082401456483861182e-04 9.999999783180204549e-01 -0.000000000000000000e+00 0.000000000000000000e+00 0.000000000000000000e+00 1.000000000000000000e+00
2.229999999999652052e-02 9.999999783578430446e-01 -2.080488237346752895e-04 0.000000000000000000e+00 2.080488237346752895e-04 9.999999783578430446e-01 -0.000000000000000000e+00 0.000000000000000000e+00 0.000000000000000000e+00 1.000000000000000000e+00
2.239999999999644706e-02 9.999999783978478218e-01 -2.078564497805847355e-04 0.000000000000000000e+00 2.078564497805847355e-04 9.999999783978478218e-01 -0.000000000000000000e+00 0.000000000000000000e+00 0.000000000000000000e+00 1.000000000000000000e+00
2.249999999999637360e-02 9.999999784372731737e-01 -2.076666868359915239e-04 0.000000000000000000e+00 2.076666868359915239e-04 9.999999784372731737e-01 -0.000000000000000000e+00 0.000000000000000000e+00 0.000000000000000000e+00 1.000000000000000000e+00
2.259999999999630013e-02 9.999999784748782039e-01 -2.074855243137120587e-04 0.000000000000000000e+00 2.074855243137120587e-04 9.999999784748782039e-01 -0.000000000000000000e+00 0.000000000000000000e+00 0.000000000000000000e+00 1.000000000000000000e+00
2.269999999999622667e-02 9.999999785076200132e-01 -2.073276613253702413e-04 0.000000000000000000e+00 2.073276613253702413e-04 9.999999785076200132e-01 -0.000000000000000000e+00 0.000000000000000000e+00 0.000000000000000000e+00 1.000000000000000000e+00
2.279999999999615320e-02 9.999999785333983926e-01 -2.072032873716050428e-04 0.000000000000000000e+00 2.072032873716050428e-04 9.999999785333983926e-01 -0.000000000000000000e+00 0.000000000000000000e+00 0.000000000000000000e+00 1.000000000000000000e+00
2.289999999999607974e-02 9.999999785527062812e-01 -2.071100837381489976e-04 0.000000000000000000e+00 2.071100837381489976e-04 9.999999785527062812e-01 -0.000000000000000000e+00 0.000000000000000000e+00 0.000000000000000000e+00 1.000000000000000000e+00
2.299999999999600628e-02 9.999999785670111718e-01 -2.070410034883844524e-04 0.000000000000000000e+00 2.070410034883844524e-04 9.999999785670111718e-01 -0.000000000000000000e+00 0.000000000000000000e+00 0.000000000000000000e+00 1.000000000000000000e+00
2.309999999999593281e-02 9.999999785777404782e-01 -2.069891744852488742e-04 0.000000000000000000e+00 2.069891744852488742e-04 9.999999785777404782e-01 -0.000000000000000000e+00 0.000000000000000000e+00 0.000000000000000000e+00 1.000000000000000000e+00
2.319999999999585935e-02 9.999999785859698953e-01 -2.069494124950093414e-04 0.000000000000000000e+00 2.069494124950093414e-04 9.999999785859698953e-01 -0.000000000000000000e+00 0.000000000000000000e+00 0.000000000000000000e+00 1.000000000000000000e+00
2.329999999999578589e-02 9.999999785924312823e-01 -2.069181887600240230e-04 0.000000000000000000e+00 2.069181887600240230e-04 9.999999785924312823e-01 -0.000000000000000000e+00 0.000000000000000000e+00 0.000000000000000000e+00 1.000000000000000000e+00
2.339999999999571242e-02 9.999999785976032562e-01 -2.068931917556231118e-04 0.000000000000000000e+00 2.068931917556231118e-04 9.999999785976032562e-01 -0.000000000000000000e+00 0.000000000000000000e+00 0.000000000000000000e+00 1.000000000000000000e+00
2.349999999999563896e-02 9.999999786017950143e-01 -2.068729300201987726e-04 0.000000000000000000e+00 2.068729300201987726e-04 9.999999786017950143e-01 -0.000000000000000000e+00 0.000000000000000000e+00 0.000000000000000000e+00 1.000000000000000000e+00
2.359999999999556550e-02 9.999999786051997352e-01 -2.068564717459739355e-04 0.000000000000000000e+00 2.068564717459739355e-04 9.999999786051997352e-01 -0.000000000000000000e+00 0.000000000000000000e+00 0.000000000000000000e+00 1.000000000000000000e+00
2.369999999999549203e-02 9.999999786079258879e-01 -2.068432927724095989e-04 0.000000000000000000e+00 2.068432927724095989e-04 9.999999786079258879e-01 -0.000000000000000000e+00 0.000000000000000000e+00 0.000000000000000000e+00 1.000000000000000000e+00
2.379999999999541857e-02 9.999999786100167709e-01 -2.068331834619201517e-04 0.000000000000000000e+00 2.068331834619201517e-04 9.999999786100167709e-01 -0.000000000000000000e+00 0.000000000000000000e+00 0.000000000000000000e+00 1.000000000000000000e+00
2.389999999999534511e-02 9.999999786114180944e-01 -2.068264076950523478e-04 0.000000000000000000e+00 2.068264076950523478e-04 9.999999786114180944e-01 -0.000000000000000000e+00 0.000000000000000000e+00 0.000000000000000000e+00 1.000000000000000000e+00
2.399999999999527164e-02 9.999999786112860889e-01 -2.068270466465631349e-04 0.000000000000000000e+00 2.068270466465631349e-04 9.999999786112860889e-01 -0.000000000000000000e+00 0.000000000000000000e+00 0.000000000000000000e+00 1.000000000000000000e+00
2.409999999999519818e-02 9.999999786086493092e-01 -2.068397945400026145e-04 0.000000000000000000e+00 2.068397945400026145e-04 9.999999786086493092e-01 -0.000000000000000000e+00 0.000000000000000000e+00 0.000000000000000000e+00 1.000000000000000000e+00
2.419999999999512472e-02 9.999999786030127069e-01 -2.068670437185380229e-04 0.000000000000000000e+00 2.068670437185380229e-04 9.999999786030127069e-01 -0.000000000000000000e+00 0.000000000000000000e+00 0.000000000000000000e+00 1.000000000000000000e+00
2.429999999999505125e-02 9.999999785946394049e-01 -2.069075165252779694e-04 0.000000000000000000e+00 2.069075165252779694e-04 9.999999785946394049e-01 -0.000000000000000000e+00 0.000000000000000000e+00 0.000000000000000000e+00 1.000000000000000000e+00
2.439999999999497779e-02 9.999999785837305755e-01 -2.069602333913045573e-04 0.000000000000000000e+00 2.069602333913045573e-04 9.999999785837305755e-01 -0.000000000000000000e+00 0.000000000000000000e+00 0.000000000000000000e+00 1.000000000000000000e+00
2.449999999999490433e-02 9.999999785705234734e-01 -2.070240381202290484e-04 0.000000000000000000e+00 2.070240381202290484e-04 9.999999785705234734e-01 -0.000000000000000000e+00 0.000000000000000000e+00 0.000000000000000000e+00 1.000000000000000000e+00
2.459999999999483086e-02 9.999999785553908005e-01 -2.070971214602638567e-04 0.000000000000000000e+00 2.070971214602638567e-04 9.999999785553908005e-01 -0.000000000000000000e+00 0.000000000000000000e+00 0.000000000000000000e+00 1.000000000000000000e+00
2.469999999999475740e-02 9.999999785388121731e-01 -2.071771584159960179e-04 0.000000000000000000e+00 2.071771584159960179e-04 9.999999785388121731e-01 -0.000000000000000000e+00 0.000000000000000000e+00 0.000000000000000000e+00 1.000000000000000000e+00
2.479999999999468394e-02 9.999999785219906290e-01 -2.072583365600779977e-04 0.000000000000000000e+00 2.072583365600779977e-04 9.999999785219906290e-01 -0.000000000000000000e+00 0.000000000000000000e+00 0.000000000000000000e+00 1.000000000000000000e+00
2.489999999999461047e-02 9.999999785029493049e-01 -2.073501888871747800e-04 0.000000000000000000e+00 2.073501888871747800e-04 9.999999785029493049e-01 -0.000000000000000000e+00 0.000000000000000000e+00 0.000000000000000000e+00 1.000000000000000000e+00
2.499999999999453701e-02 9.999999784822435345e-01 -2.074500237772787309e-04 0.000000000000000000e+00 2.074500237772787309e-04 9.999999784822435345e-01 -0.000000000000000000e+00 0.000000000000000000e+00 0.000000000000000000e+00 1.000000000000000000e+00
2.509999999999446355e-02 9.999999784604309827e-01 -2.075551429818488821e-04 0.000000000000000000e+00 2.075551429818488821e-04 9.999999784604309827e-01 -0.000000000000000000e+00 0.000000000000000000e+00 0.000000000000000000e+00 1.000000000000000000e+00
2.519999999999439008e-02 9.999999784377152645e-01 -2.076645580079201534e-04 0.000000000000000000e+00 2.076645580079201534e-04 9.999999784377152645e-01 -0.000000000000000000e+00 0.000000000000000000e+00 0.000000000000000000e+00 1.000000000000000000e+00
2.529999999999431662e-02 9.999999784142008519e-01 -2.077777602524559866e-04 0.000000000000000000e+00 2.077777602524559866e-04 9.999999784142008519e-01 -0.000000000000000000e+00 0.000000000000000000e+00 0.000000000000000000e+00 1.000000000000000000e+00
2.539999999999424315e-02 9.999999783899650163e-01 -2.078943700338390451e-04 0.000000000000000000e+00 2.078943700338390451e-04 9.999999783899650163e-01 -0.000000000000000000e+00 0.000000000000000000e+00 0.000000000000000000e+00 1.000000000000000000e+00
2.549999999999416969e-02 9.999999783650747043e-01 -2.080140615314659213e-04 0.000000000000000000e+00 2.080140615314659213e-04 9.999999783650747043e-01 -0.000000000000000000e+00 0.000000000000000000e+00 0.000000000000000000e+00 1.000000000000000000e+00
2.559999999999409623e-02 9.999999783395835395e-01 -2.081365714999631718e-04 0.000000000000000000e+00 2.081365714999631718e-04 9.999999783395835395e-01 -0.000000000000000000e+00 0.000000000000000000e+00 0.000000000000000000e+00 1.000000000000000000e+00
2.569999999999402276e-02 9.999999783135268272e-01 -2.082617241304518670e-04 0.000000000000000000e+00 2.082617241304518670e-04 9.999999783135268272e-01 -0.000000000000000000e+00 0.000000000000000000e+00 0.000000000000000000e+00 1.000000000000000000e+00
2.579999999999394930e-02 9.999999782869183340e-01 -2.083894494292817812e-04 0.000000000000000000e+00 2.083894494292817812e-04 9.999999782869183340e-01 -0.000000000000000000e+00 0.000000000000000000e+00 0.000000000000000000e+00 1.000000000000000000e+00
2.589999999999387584e-02 9.999999782597486231e-01 -2.085197885240354821e-04 0.000000000000000000e+00 2.085197885240354821e-04 9.999999782597486231e-01 -0.000000000000000000e+00 0.000000000000000000e+00 0.000000000000000000e+00 1.000000000000000000e+00
2.599999999999380237e-02 9.999999782319862751e-01 -2.086528853833814182e-04 0.000000000000000000e+00 2.086528853833814182e-04 9.999999782319862751e-01 -0.000000000000000000e+00 0.000000000000000000e+00 0.000000000000000000e+00 1.000000000000000000e+00
2.609999999999372891e-02 9.999999782035832174e-01 -2.087889671442741792e-04 0.000000000000000000e+00 2.087889671442741792e-04 9.999999782035832174e-01 -0.000000000000000000e+00 0.000000000000000000e+00 0.000000000000000000e+00 1.000000000000000000e+00
2.619999999999365545e-02 9.999999781744789429e-01 -2.089283165590727538e-04 0.000000000000000000e+00 2.089283165590727538e-04 9.999999781744789429e-01 -0.000000000000000000e+00 0.000000000000000000e+00 0.000000000000000000e+00 1.000000000000000000e+00
2.629999999999358198e-02 9.999999781446078373e-01 -2.090712405343167935e-04 0.000000000000000000e+00 2.090712405343167935e-04 9.999999781446078373e-01 -0.000000000000000000e+00 0.000000000000000000e+00 0.000000000000000000e+00 1.000000000000000000e+00
2.639999999999350852e-02 9.999999781139058408e-01 -2.092180386299883699e-04 0.000000000000000000e+00 2.092180386299883699e-04 9.999999781139058408e-01 -0.000000000000000000e+00 0.000000000000000000e+00 0.000000000000000000e+00 1.000000000000000000e+00
2.649999999999343506e-02 9.999999780823158879e-01 -2.093689748346168431e-04 0.000000000000000000e+00 2.093689748346168431e-04 9.999999780823158879e-01 -0.000000000000000000e+00 0.000000000000000000e+00 0.000000000000000000e+00 1.000000000000000000e+00
2.659999999999336159e-02 9.999999780497929036e-01 -2.095242551125062289e-04 0.000000000000000000e+00 2.095242551125062289e-04 9.999999780497929036e-01 -0.000000000000000000e+00 0.000000000000000000e+00 0.000000000000000000e+00 1.000000000000000000e+00
2.669999999999328813e-02 9.999999780163071339e-01 -2.096840123622411883e-04 0.000000000000000000e+00 2.096840123622411883e-04 9.999999780163071339e-01 -0.000000000000000000e+00 0.000000000000000000e+00 0.000000000000000000e+00 1.000000000000000000e+00
2.679999999999321467e-02 9.999999779818452561e-01 -2.098482994113643819e-04 0.000000000000000000e+00 2.098482994113643819e-04 9.999999779818452561e-01 -0.000000000000000000e+00 0.000000000000000000e+00 0.000000000000000000e+00 1.000000000000000000e+00
2.689999999999314120e-02 9.999999779464106009e-01 -2.100170898587742625e-04 0.000000000000000000e+00 2.100170898587742625e-04 9.999999779464106009e-01 -0.000000000000000000e+00 0.000000000000000000e+00 0.000000000000000000e+00 1.000000000000000000e+00
2.699999999999306774e-02 9.999999779100214869e-01 -2.101902858615404580e-04 0.000000000000000000e+00 2.101902858615404580e-04 9.999999779100214869e-01 -0.000000000000000000e+00 0.000000000000000000e+00 0.000000000000000000e+00 1.000000000000000000e+00
2.709999999999299428e-02 9.999999778727085564e-01 -2.103677313657225550e-04 0.000000000000000000e+00 2.103677313657225550e-04 9.999999778727085564e-01 -0.000000000000000000e+00 0.000000000000000000e+00 0.000000000000000000e+00 1.000000000000000000e+00
2.719999999999292081e-02 9.999999778345106671e-01 -2.105492290396122879e-04 0.000000000000000000e+00 2.105492290396122879e-04 9.999999778345106671e-01 -0.000000000000000000e+00 0.000000000000000000e+00 0.000000000000000000e+00 1.000000000000000000e+00
2.729999999999284735e-02 9.999999777954724500e-01 -2.107345590266765042e-04 0.000000000000000000e+00 2.107345590266765042e-04 9.999999777954724500e-01 -0.000000000000000000e+00 0.000000000000000000e+00 0.000000000000000000e+00 1.000000000000000000e+00
2.739999999999277389e-02 9.999999777556387581e-01 -2.109234976706110066e-04 0.000000000000000000e+00 2.109234976706110066e-04 9.999999777556387581e-01 -0.000000000000000000e+00 0.000000000000000000e+00 0.000000000000000000e+00 1.000000000000000000e+00
2.749999999999270042e-02 9.999999777150517799e-01 -2.111158346325259618e-04 0.000000000000000000e+00 2.111158346325259618e-04 9.999999777150517799e-01 -0.000000000000000000e+00 0.000000000000000000e+00 0.000000000000000000e+00 1.000000000000000000e+00
2.759999999999262696e-02 9.999999776737484858e-01 -2.113113871595763676e-04 0.000000000000000000e+00 2.113113871595763676e-04 9.999999776737484858e-01 -0.000000000000000000e+00 0.000000000000000000e+00 0.000000000000000000e+00 1.000000000000000000e+00
2.769999999999255350e-02 9.999999776317574085e-01 -2.115100106632300774e-04 0.000000000000000000e+00 2.115100106632300774e-04 9.999999776317574085e-01 -0.000000000000000000e+00 0.000000000000000000e+00 0.000000000000000000e+00 1.000000000000000000e+00
2.779999999999248003e-02 9.999999775890977549e-01 -2.117116051897872334e-04 0.000000000000000000e+00 2.117116051897872334e-04 9.999999775890977549e-01 -0.000000000000000000e+00 0.000000000000000000e+00 0.000000000000000000e+00 1.000000000000000000e+00
2.789999999999240657e-02 9.999999775457790729e-01 -2.119161177591738401e-04 0.000000000000000000e+00 2.119161177591738401e-04 9.999999775457790729e-01 -0.000000000000000000e+00 0.000000000000000000e+00 0.000000000000000000e+00 1.000000000000000000e+00
2.799999999999233311e-02 9.999999775018135750e-01 -2.121234829687743909e-04 0.000000000000000000e+00 2.121234829687743909e-04 9.999999775018135750e-01 -0.000000000000000000e+00 0.000000000000000000e+00 0.000000000000000000e+00 1.000000000000000000e+00
2.809999999999225964e-02 9.999999774572380096e-01 -2.123335190480058171e-04 0.000000000000000000e+00 2.123335190480058171e-04 9.999999774572380096e-01 -0.000000000000000000e+00 0.000000000000000000e+00 0.000000000000000000e+00 1.000000000000000000e+00
2.819999999999218618e-02 9.999999774120795770e-01 -2.125460894744955558e-04 0.000000000000000000e+00 2.125460894744955558e-04 9.999999774120795770e-01 -0.000000000000000000e+00 0.000000000000000000e+00 0.000000000000000000e+00 1.000000000000000000e+00
2.829999999999211271e-02 9.999999773663323932e-01 -2.127612145837048680e-04 0.000000000000000000e+00 2.127612145837048680e-04 9.999999773663323932e-01 -0.000000000000000000e+00 0.000000000000000000e+00 0.000000000000000000e+00 1.000000000000000000e+00
2.839999999999203925e-02 9.999999773199367281e-01 -2.129791672792264627e-04 0.000000000000000000e+00 2.129791672792264627e-04 9.999999773199367281e-01 -0.000000000000000000e+00 0.000000000000000000e+00 0.000000000000000000e+00 1.000000000000000000e+00
2.849999999999196579e-02 9.999999772723641156e-01 -2.132024183067856768e-04 0.000000000000000000e+00 2.132024183067856768e-04 9.999999772723641156e-01 -0.000000000000000000e+00 0.000000000000000000e+00 0.000000000000000000e+00 1.000000000000000000e+00
2.859999999999189232e-02 9.999999772232389672e-01 -2.134327095371509563e-04 0.000000000000000000e+00 2.134327095371509563e-04 9.999999772232389672e-01 -0.000000000000000000e+00 0.000000000000000000e+00 0.000000000000000000e+00 1.000000000000000000e+00
2.869999999999181886e-02 9.999999771723520059e-01 -2.136709980319192667e-04 0.000000000000000000e+00 2.136709980319192667e-04 9.999999771723520059e-01 -0.000000000000000000e+00 0.000000000000000000e+00 0.000000000000000000e+00 1.000000000000000000e+00
2.879999999999174540e-02 9.999999771190003495e-01 -2.139205427191971502e-04 0.000000000000000000e+00 2.139205427191971502e-04 9.999999771190003495e-01 -0.000000000000000000e+00 0.000000000000000000e+00 0.000000000000000000e+00 1.000000000000000000e+00
2.889999999999167193e-02 9.999999770631089469e-01 -2.141816547562197027e-04 0.000000000000000000e+00 2.141816547562197027e-04 9.999999770631089469e-01 -0.000000000000000000e+00 0.000000000000000000e+00 0.000000000000000000e+00 1.000000000000000000e+00
2.899999999999159847e-02 9.999999770048811909e-01 -2.144533447364340350e-04 0.000000000000000000e+00 2.144533447364340350e-04 9.999999770048811909e-01 -0.000000000000000000e+00 0.000000000000000000e+00 0.000000000000000000e+00 1.000000000000000000e+00
2.909999999999152501e-02 9.999999769445869768e-01 -2.147343135351442256e-04 0.000000000000000000e+00 2.147343135351442256e-04 9.999999769445869768e-01 -0.000000000000000000e+00 0.000000000000000000e+00 0.000000000000000000e+00 1.000000000000000000e+00
2.919999999999145154e-02 9.999999768825130753e-01 -2.150231925312714749e-04 0.000000000000000000e+00 2.150231925312714749e-04 9.999999768825130753e-01 -0.000000000000000000e+00 0.000000000000000000e+00 0.000000000000000000e+00 1.000000000000000000e+00
2.929999999999137808e-02 9.999999768189405946e-01 -2.153186430530749961e-04 0.000000000000000000e+00 2.153186430530749961e-04 9.999999768189405946e-01 -0.000000000000000000e+00 0.000000000000000000e+00 0.000000000000000000e+00 1.000000000000000000e+00
2.939999999999130462e-02 9.999999767541313256e-01 -2.156194252906410661e-04 0.000000000000000000e+00 2.156194252906410661e-04 9.999999767541313256e-01 -0.000000000000000000e+00 0.000000000000000000e+00 0.000000000000000000e+00 1.000000000000000000e+00
2.949999999999123115e-02 9.999999766883196362e-01 -2.159244314835513775e-04 0.000000000000000000e+00 2.159244314835513775e-04 9.999999766883196362e-01 -0.000000000000000000e+00 0.000000000000000000e+00 0.000000000000000000e+00 1.000000000000000000e+00
2.959999999999115769e-02 9.999999766216900454e-01 -2.162327893958041077e-04 0.000000000000000000e+00 2.162327893958041077e-04 9.999999766216900454e-01 -0.000000000000000000e+00 0.000000000000000000e+00 0.000000000000000000e+00 1.000000000000000000e+00
2.969999999999108423e-02 9.999999765543758912e-01 -2.165438695889458306e-04 0.000000000000000000e+00 2.165438695889458306e-04 9.999999765543758912e-01 -0.000000000000000000e+00 0.000000000000000000e+00 0.000000000000000000e+00 1.000000000000000000e+00
2.979999999999101076e-02 9.999999764864508922e-01 -2.168573200708425385e-04 0.000000000000000000e+00 2.168573200708425385e-04 9.999999764864508922e-01 -0.000000000000000000e+00 0.000000000000000000e+00 0.000000000000000000e+00 1.000000000000000000e+00
2.989999999999093730e-02 9.999999764180569350e-01 -2.171724785545923705e-04 0.000000000000000000e+00 2.171724785545923705e-04 9.999999764180569350e-01 -0.000000000000000000e+00 0.000000000000000000e+00 0.000000000000000000e+00 1.000000000000000000e+00
2.999999999999086384e-02 9.999999763492992688e-01 -2.174888519266530583e-04 0.000000000000000000e+00 2.174888519266530583e-04 9.999999763492992688e-01 -0.000000000000000000e+00 0.000000000000000000e+00 0.000000000000000000e+00 1.000000000000000000e+00
3.009999999999079037e-02 9.999999762657308944e-01 -2.178727554061814589e-04 0.000000000000000000e+00 2.178727554061814589e-04 9.999999762657308944e-01 -0.000000000000000000e+00 0.000000000000000000e+00 0.000000000000000000e+00 1.000000000000000000e+00
3.019999999999071691e-02 9.999999761355725658e-01 -2.184693435241192238e-04 0.000000000000000000e+00 2.184693435241192238e-04 9.999999761355725658e-01 -0.000000000000000000e+00 0.000000000000000000e+00 0.000000000000000000e+00 1.000000000000000000e+00
3.029999999999064345e-02 9.999999759609642380e-01 -2.192671218150684894e-04 0.000000000000000000e+00 2.192671218150684894e-04 9.999999759609642380e-01 -0.000000000000000000e+00 0.000000000000000000e+00 0.000000000000000000e+00 1.000000000000000000e+00
3.039999999999056998e-02 9.999999757458785110e-01 -2.202458676321263715e-04 0.000000000000000000e+00 2.202458676321263715e-04 9.999999757458785110e-01 -0.000000000000000000e+00 0.000000000000000000e+00 0.000000000000000000e+00 1.000000000000000000e+00
3.049999999999049652e-02 9.999999754994485235e-01 -2.213619256152198577e-04 0.000000000000000000e+00 2.213619256152198577e-04 9.999999754994485235e-01 -0.000000000000000000e+00 0.000000000000000000e+00 0.000000000000000000e+00 1.000000000000000000e+00
3.059999999999042306e-02 9.999999752286260479e-01 -2.225820001637381410e-04 0.000000000000000000e+00 2.225820001637381410e-04 9.999999752286260479e-01 -0.000000000000000000e+00 0.000000000000000000e+00 0.000000000000000000e+00 1.000000000000000000e+00
3.069999999999034959e-02 9.999999749390159343e-01 -2.238793593144958432e-04 0.000000000000000000e+00 2.238793593144958432e-04 9.999999749390159343e-01 -0.000000000000000000e+00 0.000000000000000000e+00 0.000000000000000000e+00 1.000000000000000000e+00
3.079999999999027613e-02 9.999999746351407870e-01 -2.252325851650078810e-04 0.000000000000000000e+00 2.252325851650078810e-04 9.999999746351407870e-01 -0.000000000000000000e+00 0.000000000000000000e+00 0.000000000000000000e+00 1.000000000000000000e+00
3.089999999999020266e-02 9.999999743182288459e-01 -2.266352608143772985e-04 0.000000000000000000e+00 2.266352608143772985e-04 9.999999743182288459e-01 -0.000000000000000000e+00 0.000000000000000000e+00 0.000000000000000000e+00 1.000000000000000000e+00
3.099999999999012920e-02 9.999999739921894282e-01 -2.280693322881291560e-04 0.000000000000000000e+00 2.280693322881291560e-04 9.999999739921894282e-01 -0.000000000000000000e+00 0.000000000000000000e+00 0.000000000000000000e+00 1.000000000000000000e+00
3.109999999999005574e-02 9.999999736593344624e-01 -2.295241382228348096e-04 0.000000000000000000e+00 2.295241382228348096e-04 9.999999736593344624e-01 -0.000000000000000000e+00 0.000000000000000000e+00 0.000000000000000000e+00 1.000000000000000000e+00
3.119999999998998227e-02 9.999999733215407804e-01 -2.309911630594483202e-04 0.000000000000000000e+00 2.309911630594483202e-04 9.999999733215407804e-01 -0.000000000000000000e+00 0.000000000000000000e+00 0.000000000000000000e+00 1.000000000000000000e+00
3.129999999998999555e-02 9.999999729799231574e-01 -2.324653795707439267e-04 0.000000000000000000e+00 2.324653795707439267e-04 9.999999729799231574e-01 -0.000000000000000000e+00 0.000000000000000000e+00 0.000000000000000000e+00 1.000000000000000000e+00
3.139999999999009556e-02 9.999999726344541706e-01 -2.339467687976553515e-04 0.000000000000000000e+00 2.339467687976553515e-04 9.999999726344541706e-01 -0.000000000000000000e+00 0.000000000000000000e+00 0.000000000000000000e+00 1.000000000000000000e+00
3.149999999999019556e-02 9.999999722848701422e-01 -2.354363156941192839e-04 0.000000000000000000e+00 2.354363156941192839e-04 9.999999722848701422e-01 -0.000000000000000000e+00 0.000000000000000000e+00 0.000000000000000000e+00 1.000000000000000000e+00
3.159999999999029557e-02 9.999999719314711655e-01 -2.369325991421187584e-04 0.000000000000000000e+00 2.369325991421187584e-04 9.999999719314711655e-01 -0.000000000000000000e+00 0.000000000000000000e+00 0.000000000000000000e+00 1.000000000000000000e+00
3.169999999999039558e-02 9.999999715746252793e-01 -2.384339497743032847e-04 0.000000000000000000e+00 2.384339497743032847e-04 9.999999715746252793e-01 -0.000000000000000000e+00 0.000000000000000000e+00 0.000000000000000000e+00 1.000000000000000000e+00
3.179999999999049559e-02 9.999999712145580810e-01 -2.399393309995934511e-04 0.000000000000000000e+00 2.399393309995934511e-04 9.999999712145580810e-01 -0.000000000000000000e+00 0.000000000000000000e+00 0.000000000000000000e+00 1.000000000000000000e+00
3.189999999999059560e-02 9.999999708514261121e-01 -2.414480209409620277e-04 0.000000000000000000e+00 2.414480209409620277e-04 9.999999708514261121e-01 -0.000000000000000000e+00 0.000000000000000000e+00 0.000000000000000000e+00 1.000000000000000000e+00
3.199999999999069561e-02 9.999999704852100546e-01 -2.429600354388023018e-04 0.000000000000000000e+00 2.429600354388023018e-04 9.999999704852100546e-01 -0.000000000000000000e+00 0.000000000000000000e+00 0.000000000000000000e+00 1.000000000000000000e+00
3.209999999999079562e-02 9.999999701162690657e-01 -2.444738446895728876e-04 0.000000000000000000e+00 2.444738446895728876e-04 9.999999701162690657e-01 -0.000000000000000000e+00 0.000000000000000000e+00 0.000000000000000000e+00 1.000000000000000000e+00
3.219999999999089563e-02 9.999999697444359459e-01 -2.459900952838811215e-04 0.000000000000000000e+00 2.459900952838811215e-04 9.999999697444359459e-01 -0.000000000000000000e+00 0.000000000000000000e+00 0.000000000000000000e+00 1.000000000000000000e+00
3.229999999999099564e-02 9.999999693685948099e-01 -2.475132504100956404e-04 0.000000000000000000e+00 2.475132504100956404e-04 9.999999693685948099e-01 -0.000000000000000000e+00 0.000000000000000000e+00 0.000000000000000000e+00 1.000000000000000000e+00
3.239999999999109564e-02 9.999999689891740928e-01 -2.490414635545799512e-04 0.000000000000000000e+00 2.490414635545799512e-04 9.999999689891740928e-01 -0.000000000000000000e+00 0.000000000000000000e+00 0.000000000000000000e+00 1.000000000000000000e+00
3.249999999999119565e-02 9.999999686124135811e-01 -2.505497387331351864e-04 0.000000000000000000e+00 2.505497387331351864e-04 9.999999686124135811e-01 -0.000000000000000000e+00 0.000000000000000000e+00 0.000000000000000000e+00 1.000000000000000000e+00
3.259999999999129566e-02 9.999999682317864957e-01 -2.520643286791568395e-04 0.000000000000000000e+00 2.520643286791568395e-04 9.999999682317864957e-01 -0.000000000000000000e+00 0.000000000000000000e+00 0.000000000000000000e+00 1.000000000000000000e+00
3.269999999999139567e-02 9.999999678505082645e-01 -2.535724401006280099e-04 0.000000000000000000e+00 2.535724401006280099e-04 9.999999678505082645e-01 -0.000000000000000000e+00 0.000000000000000000e+00 0.000000000000000000e+00 1.000000000000000000e+00
3.279999999999149568e-02 9.999999674692308105e-01 -2.550716315360231816e-04 0.000000000000000000e+00 2.550716315360231816e-04 9.999999674692308105e-01 -0.000000000000000000e+00 0.000000000000000000e+00 0.000000000000000000e+00 1.000000000000000000e+00
3.289999999999159569e-02 9.999999670889144765e-01 -2.565583164838543067e-04 0.000000000000000000e+00 2.565583164838543067e-04 9.999999670889144765e-01 -0.000000000000000000e+00 0.000000000000000000e+00 0.000000000000000000e+00 1.000000000000000000e+00
3.299999999999169570e-02 9.999999667078257604e-01 -2.580394291242921992e-04 0.000000000000000000e+00 2.580394291242921992e-04 9.999999667078257604e-01 -0.000000000000000000e+00 0.000000000000000000e+00 0.000000000000000000e+00 1.000000000000000000e+00
3.309999999999179571e-02 9.999999663235479286e-01 -2.595243776462678991e-04 0.000000000000000000e+00 2.595243776462678991e-04 9.999999663235479286e-01 -0.000000000000000000e+00 0.000000000000000000e+00 0.000000000000000000e+00 1.000000000000000000e+00
3.319999999999189572e-02 9.999999659354128489e-01 -2.610156564625024881e-04 0.000000000000000000e+00 2.610156564625024881e-04 9.999999659354128489e-01 -0.000000000000000000e+00 0.000000000000000000e+00 0.000000000000000000e+00 1.000000000000000000e+00
3.329999999999199572e-02 9.999999655438732704e-01 -2.625114323384153880e-04 0.000000000000000000e+00 2.625114323384153880e-04 9.999999655438732704e-01 -0.000000000000000000e+00 0.000000000000000000e+00 0.000000000000000000e+00 1.000000000000000000e+00
3.339999999999209573e-02 9.999999651487689878e-01 -2.640122354710009800e-04 0.000000000000000000e+00 2.640122354710009800e-04 9.999999651487689878e-01 -0.000000000000000000e+00 0.000000000000000000e+00 0.000000000000000000e+00 1.000000000000000000e+00
3.349999999999219574e-02 9.999999647499702160e-01 -2.655184705478836585e-04 0.000000000000000000e+00 2.655184705478836585e-04 9.999999647499702160e-01 -0.000000000000000000e+00 0.000000000000000000e+00 0.000000000000000000e+00 1.000000000000000000e+00
3.359999999999229575e-02 9.999999643476007449e-01 -2.670295808507437045e-04 0.000000000000000000e+00 2.670295808507437045e-04 9.999999643476007449e-01 -0.000000000000000000e+00 0.000000000000000000e+00 0.000000000000000000e+00 1.000000000000000000e+00
3.369999999999239576e-02 9.999999639433254650e-01 -2.685392851710026278e-04 0.000000000000000000e+00 2.685392851710026278e-04 9.999999639433254650e-01 -0.000000000000000000e+00 0.000000000000000000e+00 0.000000000000000000e+00 1.000000000000000000e+00
3.379999999999249577e-02 9.999999635395184772e-01 -2.700388150832369128e-04 0.000000000000000000e+00 2.700388150832369128e-04 9.999999635395184772e-01 -0.000000000000000000e+00 0.000000000000000000e+00 0.000000000000000000e+00 1.000000000000000000e+00
3.389999999999259578e-02 9.999999631365247277e-01 -2.715270687836188602e-04 0.000000000000000000e+00 2.715270687836188602e-04 9.999999631365247277e-01 -0.000000000000000000e+00 0.000000000000000000e+00 0.000000000000000000e+00 1.000000000000000000e+00
3.399999999999269579e-02 9.999999627329486662e-01 -2.730093424533311559e-04 0.000000000000000000e+00 2.730093424533311559e-04 9.999999627329486662e-01 -0.000000000000000000e+00 0.000000000000000000e+00 0.000000000000000000e+00 1.000000000000000000e+00
3.409999999999279580e-02 9.999999623317833430e-01 -2.744748289193202026e-04 0.000000000000000000e+00 2.744748289193202026e-04 9.999999623317833430e-01 -0.000000000000000000e+00 0.000000000000000000e+00 0.000000000000000000e+00 1.000000000000000000e+00
3.419999999999289580e-02 9.999999619280087737e-01 -2.759419880380101111e-04 0.000000000000000000e+00 2.759419880380101111e-04 9.999999619280087737e-01 -0.000000000000000000e+00 0.000000000000000000e+00 0.000000000000000000e+00 1.000000000000000000e+00
3.429999999999299581e-02 9.999999615143443377e-01 -2.774370372773084714e-04 0.000000000000000000e+00 2.774370372773084714e-04 9.999999615143443377e-01 -0.000000000000000000e+00 0.000000000000000000e+00 0.000000000000000000e+00 1.000000000000000000e+00
3.439999999999309582e-02 9.999999610938042904e-01 -2.789487222551402437e-04 0.000000000000000000e+00 2.789487222551402437e-04 9.999999610938042904e-01 -0.000000000000000000e+00 0.000000000000000000e+00 0.000000000000000000e+00 1.000000000000000000e+00
3.449999999999319583e-02 9.999999606788834150e-01 -2.804322225558342229e-04 0.000000000000000000e+00 2.804322225558342229e-04 9.999999606788834150e-01 -0.000000000000000000e+00 0.000000000000000000e+00 0.000000000000000000e+00 1.000000000000000000e+00
3.459999999999329584e-02 9.999999602780217378e-01 -2.818580396913179516e-04 0.000000000000000000e+00 2.818580396913179516e-04 9.999999602780217378e-01 -0.000000000000000000e+00 0.000000000000000000e+00 0.000000000000000000e+00 1.000000000000000000e+00
3.469999999999339585e-02 9.999999598846046611e-01 -2.832503993738425094e-04 0.000000000000000000e+00 2.832503993738425094e-04 9.999999598846046611e-01 -0.000000000000000000e+00 0.000000000000000000e+00 0.000000000000000000e+00 1.000000000000000000e+00
3.479999999999349586e-02 9.999999594863460128e-01 -2.846529573760180195e-04 0.000000000000000000e+00 2.846529573760180195e-04 9.999999594863460128e-01 -0.000000000000000000e+00 0.000000000000000000e+00 0.000000000000000000e+00 1.000000000000000000e+00
3.489999999999359587e-02 9.999999590845940478e-01 -2.860608501816934196e-04 0.000000000000000000e+00 2.860608501816934196e-04 9.999999590845940478e-01 -0.000000000000000000e+00 0.000000000000000000e+00 0.000000000000000000e+00 1.000000000000000000e+00
3.499999999999369588e-02 9.999999586838959065e-01 -2.874581818386019944e-04 0.000000000000000000e+00 2.874581818386019944e-04 9.999999586838959065e-01 -0.000000000000000000e+00 0.000000000000000000e+00 0.000000000000000000e+00 1.000000000000000000e+00
3.509999999999379589e-02 9.999999582792492570e-01 -2.888624230503965534e-04 0.000000000000000000e+00 2.888624230503965534e-04 9.999999582792492570e-01 -0.000000000000000000e+00 0.000000000000000000e+00 0.000000000000000000e+00 1.000000000000000000e+00
3.519999999999389589e-02 9.999999578687688295e-01 -2.902799687927306118e-04 0.000000000000000000e+00 2.902799687927306118e-04 9.999999578687688295e-01 -0.000000000000000000e+00 0.000000000000000000e+00 0.000000000000000000e+00 1.000000000000000000e+00
3.529999999999399590e-02 9.999999574519621293e-01 -2.917123134234220509e-04 0.000000000000000000e+00 2.917123134234220509e-04 9.999999574519621293e-01 -0.000000000000000000e+00 0.000000000000000000e+00 0.000000000000000000e+00 1.000000000000000000e+00
3.539999999999409591e-02 9.999999570300307505e-01 -2.931551407881098702e-04 0.000000000000000000e+00 2.931551407881098702e-04 9.999999570300307505e-01 -0.000000000000000000e+00 0.000000000000000000e+00 0.000000000000000000e+00 1.000000000000000000e+00
3.549999999999419592e-02 9.999999566055641775e-01 -2.945995071156313236e-04 0.000000000000000000e+00 2.945995071156313236e-04 9.999999566055641775e-01 -0.000000000000000000e+00 0.000000000000000000e+00 0.000000000000000000e+00 1.000000000000000000e+00
3.559999999999429593e-02 9.999999561802760395e-01 -2.960396016673997699e-04 0.000000000000000000e+00 2.960396016673997699e-04 9.999999561802760395e-01 -0.000000000000000000e+00 0.000000000000000000e+00 0.000000000000000000e+00 1.000000000000000000e+00
3.569999999999439594e-02 9.999999557548915341e-01 -2.974730487766509882e-04 0.000000000000000000e+00 2.974730487766509882e-04 9.999999557548915341e-01 -0.000000000000000000e+00 0.000000000000000000e+00 0.000000000000000000e+00 1.000000000000000000e+00
3.579999999999449595e-02 9.999999553294763865e-01 -2.988997237033788937e-04 0.000000000000000000e+00 2.988997237033788937e-04 9.999999553294763865e-01 -0.000000000000000000e+00 0.000000000000000000e+00 0.000000000000000000e+00 1.000000000000000000e+00
3.589999999999459596e-02 9.999999549057693171e-01 -3.003139342605047027e-04 0.000000000000000000e+00 3.003139342605047027e-04 9.999999549057693171e-01 -0.000000000000000000e+00 0.000000000000000000e+00 0.000000000000000000e+00 1.000000000000000000e+00
3.599999999999469597e-02 9.999999544819334618e-01 -3.017219426674491115e-04 0.000000000000000000e+00 3.017219426674491115e-04 9.999999544819334618e-01 -0.000000000000000000e+00 0.000000000000000000e+00 0.000000000000000000e+00 1.000000000000000000e+00
3.609999999999479597e-02 9.999999540538330178e-01 -3.031374801143781397e-04 0.000000000000000000e+00 3.031374801143781397e-04 9.999999540538330178e-01 -0.000000000000000000e+00 0.000000000000000000e+00 0.000000000000000000e+00 1.000000000000000000e+00
3.619999999999489598e-02 9.999999536190546934e-01 -3.045683637370145904e-04 0.000000000000000000e+00 3.045683637370145904e-04 9.999999536190546934e-01 -0.000000000000000000e+00 0.000000000000000000e+00 0.000000000000000000e+00 1.000000000000000000e+00
3.629999999999499599e-02 9.999999531778543949e-01 -3.060135433121883154e-04 0.000000000000000000e+00 3.060135433121883154e-04 9.999999531778543949e-01 -0.000000000000000000e+00 0.000000000000000000e+00 0.000000000000000000e+00 1.000000000000000000e+00
3.639999999999509600e-02 9.999999527338102601e-01 -3.074611796897076962e-04 0.000000000000000000e+00 3.074611796897076962e-04 9.999999527338102601e-01 -0.000000000000000000e+00 0.000000000000000000e+00 0.000000000000000000e+00 1.000000000000000000e+00
3.649999999999519601e-02 9.999999522884457370e-01 -3.089063061814102630e-04 0.000000000000000000e+00 3.089063061814102630e-04 9.999999522884457370e-01 -0.000000000000000000e+00 0.000000000000000000e+00 0.000000000000000000e+00 1.000000000000000000e+00
3.659999999999529602e-02 9.999999518412148181e-01 -3.103507174474068580e-04 0.000000000000000000e+00 3.103507174474068580e-04 9.999999518412148181e-01 -0.000000000000000000e+00 0.000000000000000000e+00 0.000000000000000000e+00 1.000000000000000000e+00
3.669999999999539603e-02 9.999999513913032656e-01 -3.117970348780567109e-04 0.000000000000000000e+00 3.117970348780567109e-04 9.999999513913032656e-01 -0.000000000000000000e+00 0.000000000000000000e+00 0.000000000000000000e+00 1.000000000000000000e+00
3.679999999999549604e-02 9.999999509380933516e-01 -3.132472036822657739e-04 0.000000000000000000e+00 3.132472036822657739e-04 9.999999509380933516e-01 -0.000000000000000000e+00 0.000000000000000000e+00 0.000000000000000000e+00 1.000000000000000000e+00
3.689999999999559605e-02 9.999999504812088214e-01 -3.147023667018325108e-04 0.000000000000000000e+00 3.147023667018325108e-04 9.999999504812088214e-01 -0.000000000000000000e+00 0.000000000000000000e+00 0.000000000000000000e+00 1.000000000000000000e+00
3.699999999999569605e-02 9.999999500203082814e-01 -3.161635348781120184e-04 0.000000000000000000e+00 3.161635348781120184e-04 9.999999500203082814e-01 -0.000000000000000000e+00 0.000000000000000000e+00 0.000000000000000000e+00 1.000000000000000000e+00
3.709999999999579606e-02 9.999999495549980466e-01 -3.176318643763326849e-04 0.000000000000000000e+00 3.176318643763326849e-04 9.999999495549980466e-01 -0.000000000000000000e+00 0.000000000000000000e+00 0.000000000000000000e+00 1.000000000000000000e+00
3.719999999999589607e-02 9.999999490851320116e-01 -3.191077142212284980e-04 0.000000000000000000e+00 3.191077142212284980e-04 9.999999490851320116e-01 -0.000000000000000000e+00 0.000000000000000000e+00 0.000000000000000000e+00 1.000000000000000000e+00
3.729999999999599608e-02 9.999999486107942204e-01 -3.205907185699128736e-04 0.000000000000000000e+00 3.205907185699128736e-04 9.999999486107942204e-01 -0.000000000000000000e+00 0.000000000000000000e+00 0.000000000000000000e+00 1.000000000000000000e+00
3.739999999999609609e-02 9.999999481322124906e-01 -3.220800709205424214e-04 0.000000000000000000e+00 3.220800709205424214e-04 9.999999481322124906e-01 -0.000000000000000000e+00 0.000000000000000000e+00 0.000000000000000000e+00 1.000000000000000000e+00
3.749999999999619610e-02 9.999999476496267414e-01 -3.235749425778152539e-04 0.000000000000000000e+00 3.235749425778152539e-04 9.999999476496267414e-01 -0.000000000000000000e+00 0.000000000000000000e+00 0.000000000000000000e+00 1.000000000000000000e+00
3.759999999999629611e-02 9.999999471629565928e-01 -3.250755049101783107e-04 0.000000000000000000e+00 3.250755049101783107e-04 9.999999471629565928e-01 -0.000000000000000000e+00 0.000000000000000000e+00 0.000000000000000000e+00 1.000000000000000000e+00
3.769999999999639612e-02 9.999999466717469643e-01 -3.265830722070280903e-04 0.000000000000000000e+00 3.265830722070280903e-04 9.999999466717469643e-01 -0.000000000000000000e+00 0.000000000000000000e+00 0.000000000000000000e+00 1.000000000000000000e+00
3.779999999999649613e-02 9.999999461756728936e-01 -3.280985387466221585e-04 0.000000000000000000e+00 3.280985387466221585e-04 9.999999461756728936e-01 -0.000000000000000000e+00 0.000000000000000000e+00 0.000000000000000000e+00 1.000000000000000000e+00
3.789999999999659613e-02 9.999999456745800597e-01 -3.296222637380550593e-04 0.000000000000000000e+00 3.296222637380550593e-04 9.999999456745800597e-01 -0.000000000000000000e+00 0.000000000000000000e+00 0.000000000000000000e+00 1.000000000000000000e+00
3.799999999999669614e-02 9.999999451679812967e-01 -3.311556040018878624e-04 0.000000000000000000e+00 3.311556040018878624e-04 9.999999451679812967e-01 -0.000000000000000000e+00 0.000000000000000000e+00 0.000000000000000000e+00 1.000000000000000000e+00
3.809999999999679615e-02 9.999999446548561988e-01 -3.327014944437136452e-04 0.000000000000000000e+00 3.327014944437136452e-04 9.999999446548561988e-01 -0.000000000000000000e+00 0.000000000000000000e+00 0.000000000000000000e+00 1.000000000000000000e+00
3.819999999999689616e-02 9.999999441345526208e-01 -3.342617110526715260e-04 0.000000000000000000e+00 3.342617110526715260e-04 9.999999441345526208e-01 -0.000000000000000000e+00 0.000000000000000000e+00 0.000000000000000000e+00 1.000000000000000000e+00
3.829999999999699617e-02 9.999999436073613301e-01 -3.358351886004809755e-04 0.000000000000000000e+00 3.358351886004809755e-04 9.999999436073613301e-01 -0.000000000000000000e+00 0.000000000000000000e+00 0.000000000000000000e+00 1.000000000000000000e+00
3.839999999999709618e-02 9.999999430737778194e-01 -3.374202734223314933e-04 0.000000000000000000e+00 3.374202734223314933e-04 9.999999430737778194e-01 -0.000000000000000000e+00 0.000000000000000000e+00 0.000000000000000000e+00 1.000000000000000000e+00
3.849999999999719619e-02 9.999999425342409598e-01 -3.390155076383875627e-04 0.000000000000000000e+00 3.390155076383875627e-04 9.999999425342409598e-01 -0.000000000000000000e+00 0.000000000000000000e+00 0.000000000000000000e+00 1.000000000000000000e+00
3.859999999999729620e-02 9.999999419890832630e-01 -3.406197729952158094e-04 0.000000000000000000e+00 3.406197729952158094e-04 9.999999419890832630e-01 -0.000000000000000000e+00 0.000000000000000000e+00 0.000000000000000000e+00 1.000000000000000000e+00
3.869999999999739621e-02 9.999999414383653473e-01 -3.422327651282564736e-04 0.000000000000000000e+00 3.422327651282564736e-04 9.999999414383653473e-01 -0.000000000000000000e+00 0.000000000000000000e+00 0.000000000000000000e+00 1.000000000000000000e+00
3.879999999999749621e-02 9.999999408805381185e-01 -3.438588665848613785e-04 0.000000000000000000e+00 3.438588665848613785e-04 9.999999408805381185e-01 -0.000000000000000000e+00 0.000000000000000000e+00 0.000000000000000000e+00 1.000000000000000000e+00
3.889999999999759622e-02 9.999999403135461096e-01 -3.455038410013470561e-04 0.000000000000000000e+00 3.455038410013470561e-04 9.999999403135461096e-01 -0.000000000000000000e+00 0.000000000000000000e+00 0.000000000000000000e+00 1.000000000000000000e+00
3.899999999999769623e-02 9.999999397375858301e-01 -3.471668542326852825e-04 0.000000000000000000e+00 3.471668542326852825e-04 9.999999397375858301e-01 -0.000000000000000000e+00 0.000000000000000000e+00 0.000000000000000000e+00 1.000000000000000000e+00
3.909999999999779624e-02 9.999999391535322468e-01 -3.488451396306742900e-04 0.000000000000000000e+00 3.488451396306742900e-04 9.999999391535322468e-01 -0.000000000000000000e+00 0.000000000000000000e+00 0.000000000000000000e+00 1.000000000000000000e+00
3.919999999999789625e-02 9.999999385621634040e-01 -3.505362593852840640e-04 0.000000000000000000e+00 3.505362593852840640e-04 9.999999385621634040e-01 -0.000000000000000000e+00 0.000000000000000000e+00 0.000000000000000000e+00 1.000000000000000000e+00
3.929999999999799626e-02 9.999999379641245634e-01 -3.522381958926547427e-04 0.000000000000000000e+00 3.522381958926547427e-04 9.999999379641245634e-01 -0.000000000000000000e+00 0.000000000000000000e+00 0.000000000000000000e+00 1.000000000000000000e+00
3.939999999999809627e-02 9.999999373599861574e-01 -3.539491821544824652e-04 0.000000000000000000e+00 3.539491821544824652e-04 9.999999373599861574e-01 -0.000000000000000000e+00 0.000000000000000000e+00 0.000000000000000000e+00 1.000000000000000000e+00
3.949999999999819628e-02 9.999999367502594438e-01 -3.556676493602613578e-04 0.000000000000000000e+00 3.556676493602613578e-04 9.999999367502594438e-01 -0.000000000000000000e+00 0.000000000000000000e+00 0.000000000000000000e+00 1.000000000000000000e+00
3.959999999999829629e-02 9.999999361353828498e-01 -3.573922635347746195e-04 0.000000000000000000e+00 3.573922635347746195e-04 9.999999361353828498e-01 -0.000000000000000000e+00 0.000000000000000000e+00 0.000000000000000000e+00 1.000000000000000000e+00
3.969999999999839629e-02 9.999999355157019876e-01 -3.591219732700950571e-04 0.000000000000000000e+00 3.591219732700950571e-04 9.999999355157019876e-01 -0.000000000000000000e+00 0.000000000000000000e+00 0.000000000000000000e+00 1.000000000000000000e+00
3.979999999999849630e-02 9.999999348914621056e-01 -3.608560257955144355e-04 0.000000000000000000e+00 3.608560257955144355e-04 9.999999348914621056e-01 -0.000000000000000000e+00 0.000000000000000000e+00 0.000000000000000000e+00 1.000000000000000000e+00
3.989999999999859631e-02 9.999999342628135279e-01 -3.625939443711897851e-04 0.000000000000000000e+00 3.625939443711897851e-04 9.999999342628135279e-01 -0.000000000000000000e+00 0.000000000000000000e+00 0.000000000000000000e+00 1.000000000000000000e+00
3.999999999999869632e-02 9.999999336298271979e-01 -3.643354786552823756e-04 0.000000000000000000e+00 3.643354786552823756e-04 9.999999336298271979e-01 -0.000000000000000000e+00 0.000000000000000000e+00 0.000000000000000000e+00 1.000000000000000000e+00
4.009999999999879633e-02 9.999999329925153280e-01 -3.660805439061838367e-04 0.000000000000000000e+00 3.660805439061838367e-04 9.999999329925153280e-01 -0.000000000000000000e+00 0.000000000000000000e+00 0.000000000000000000e+00 1.000000000000000000e+00
4.019999999999889634e-02 9.999999323508511617e-01 -3.678291627843191373e-04 0.000000000000000000e+00 3.678291627843191373e-04 9.999999323508511617e-01 -0.000000000000000000e+00 0.000000000000000000e+00 0.000000000000000000e+00 1.000000000000000000e+00
4.029999999999899635e-02 9.999999317047856273e-01 -3.695814173551526731e-04 0.000000000000000000e+00 3.695814173551526731e-04 9.999999317047856273e-01 -0.000000000000000000e+00 0.000000000000000000e+00 0.000000000000000000e+00 1.000000000000000000e+00
4.039999999999909636e-02 9.999999310542598829e-01 -3.713374143339069318e-04 0.000000000000000000e+00 3.713374143339069318e-04 9.999999310542598829e-01 -0.000000000000000000e+00 0.000000000000000000e+00 0.000000000000000000e+00 1.000000000000000000e+00
4.049999999999919637e-02 9.999999303992135324e-01 -3.730972631963385528e-04 0.000000000000000000e+00 3.730972631963385528e-04 9.999999303992135324e-01 -0.000000000000000000e+00 0.000000000000000000e+00 0.000000000000000000e+00 1.000000000000000000e+00
4.059999999999929637e-02 9.999999297395884001e-01 -3.748610648821452170e-04 0.000000000000000000e+00 3.748610648821452170e-04 9.999999297395884001e-01 -0.000000000000000000e+00 0.000000000000000000e+00 0.000000000000000000e+00 1.000000000000000000e+00
4.069999999999939638e-02 9.999999290753301961e-01 -3.766289081598861053e-04 0.000000000000000000e+00 3.766289081598861053e-04 9.999999290753301961e-01 -0.000000000000000000e+00 0.000000000000000000e+00 0.000000000000000000e+00 1.000000000000000000e+00
4.079999999999949639e-02 9.999999284063877392e-01 -3.784008708758802896e-04 0.000000000000000000e+00 3.784008708758802896e-04 9.999999284063877392e-01 -0.000000000000000000e+00 0.000000000000000000e+00 0.000000000000000000e+00 1.000000000000000000e+00
4.089999999999959640e-02 9.999999277327054070e-01 -3.801770427850062126e-04 0.000000000000000000e+00 3.801770427850062126e-04 9.999999277327054070e-01 -0.000000000000000000e+00 0.000000000000000000e+00 0.000000000000000000e+00 1.000000000000000000e+00
4.099999999999969641e-02 9.999999270542280216e-01 -3.819575084874907633e-04 0.000000000000000000e+00 3.819575084874907633e-04 9.999999270542280216e-01 -0.000000000000000000e+00 0.000000000000000000e+00 0.000000000000000000e+00 1.000000000000000000e+00
4.109999999999979642e-02 9.999999263720457110e-01 -3.837393686621295985e-04 0.000000000000000000e+00 3.837393686621295985e-04 9.999999263720457110e-01 -0.000000000000000000e+00 0.000000000000000000e+00 0.000000000000000000e+00 1.000000000000000000e+00
4.119999999999989643e-02 9.999999256866900499e-01 -3.855212241208577748e-04 0.000000000000000000e+00 3.855212241208577748e-04 9.999999256866900499e-01 -0.000000000000000000e+00 0.000000000000000000e+00 0.000000000000000000e+00 1.000000000000000000e+00
4.129999999999999644e-02 9.999999249997661988e-01 -3.872989306310137703e-04 0.000000000000000000e+00 3.872989306310137703e-04 9.999999249997661988e-01 -0.000000000000000000e+00 0.000000000000000000e+00 0.000000000000000000e+00 1.000000000000000000e+00
4.140000000000009645e-02 9.999999243118168346e-01 -3.890711508894574523e-04 0.000000000000000000e+00 3.890711508894574523e-04 9.999999243118168346e-01 -0.000000000000000000e+00 0.000000000000000000e+00 0.000000000000000000e+00 1.000000000000000000e+00
4.150000000000019645e-02 9.999999236216992049e-01 -3.908408824912837625e-04 0.000000000000000000e+00 3.908408824912837625e-04 9.999999236216992049e-01 -0.000000000000000000e+00 0.000000000000000000e+00 0.000000000000000000e+00 1.000000000000000000e+00
4.160000000000029646e-02 9.999999229281081314e-01 -3.926114842824593616e-04 0.000000000000000000e+00 3.926114842824593616e-04 9.999999229281081314e-01 -0.000000000000000000e+00 0.000000000000000000e+00 0.000000000000000000e+00 1.000000000000000000e+00
4.170000000000039647e-02 9.999999222307365265e-01 -3.943837225876197254e-04 0.000000000000000000e+00 3.943837225876197254e-04 9.999999222307365265e-01 -0.000000000000000000e+00 0.000000000000000000e+00 0.000000000000000000e+00 1.000000000000000000e+00
4.180000000000049648e-02 9.999999215304367084e-01 -3.961554242410558909e-04 0.000000000000000000e+00 3.961554242410558909e-04 9.999999215304367084e-01 -0.000000000000000000e+00 0.000000000000000000e+00 0.000000000000000000e+00 1.000000000000000000e+00
4.190000000000059649e-02 9.999999208267180695e-01 -3.979278292903698413e-04 0.000000000000000000e+00 3.979278292903698413e-04 9.999999208267180695e-01 -0.000000000000000000e+00 0.000000000000000000e+00 0.000000000000000000e+00 1.000000000000000000e+00
4.200000000000069650e-02 9.999999201185871822e-01 -3.997034141033672158e-04 0.000000000000000000e+00 3.997034141033672158e-04 9.999999201185871822e-01 -0.000000000000000000e+00 0.000000000000000000e+00 0.000000000000000000e+00 1.000000000000000000e+00
4.210000000000079651e-02 9.999999194051932827e-01 -4.014842547065411980e-04 0.000000000000000000e+00 4.014842547065411980e-04 9.999999194051932827e-01 -0.000000000000000000e+00 0.000000000000000000e+00 0.000000000000000000e+00 1.000000000000000000e+00
4.220000000000089652e-02 9.999999186850689892e-01 -4.032739207327812499e-04 0.000000000000000000e+00 4.032739207327812499e-04 9.999999186850689892e-01 -0.000000000000000000e+00 0.000000000000000000e+00 0.000000000000000000e+00 1.000000000000000000e+00
4.230000000000099653e-02 9.999999179553249462e-01 -4.050794281790496458e-04 0.000000000000000000e+00 4.050794281790496458e-04 9.999999179553249462e-01 -0.000000000000000000e+00 0.000000000000000000e+00 0.000000000000000000e+00 1.000000000000000000e+00
4.240000000000109653e-02 9.999999172155726868e-01 -4.069015207907260680e-04 0.000000000000000000e+00 4.069015207907260680e-04 9.999999172155726868e-01 -0.000000000000000000e+00 0.000000000000000000e+00 0.000000000000000000e+00 1.000000000000000000e+00
4.250000000000119654e-02 9.999999164668089691e-01 -4.087375378239491673e-04 0.000000000000000000e+00 4.087375378239491673e-04 9.999999164668089691e-01 -0.000000000000000000e+00 0.000000000000000000e+00 0.000000000000000000e+00 1.000000000000000000e+00
4.260000000000129655e-02 9.999999157100728508e-01 -4.105847621536260969e-04 0.000000000000000000e+00 4.105847621536260969e-04 9.999999157100728508e-01 -0.000000000000000000e+00 0.000000000000000000e+00 0.000000000000000000e+00 1.000000000000000000e+00
4.270000000000139656e-02 9.999999149461796799e-01 -4.124410660940135533e-04 0.000000000000000000e+00 4.124410660940135533e-04 9.999999149461796799e-01 -0.000000000000000000e+00 0.000000000000000000e+00 0.000000000000000000e+00 1.000000000000000000e+00
4.280000000000149657e-02 9.999999141757167642e-01 -4.143049104730860805e-04 0.000000000000000000e+00 4.143049104730860805e-04 9.999999141757167642e-01 -0.000000000000000000e+00 0.000000000000000000e+00 0.000000000000000000e+00 1.000000000000000000e+00
4.290000000000159658e-02 9.999999133990778999e-01 -4.161752474811409057e-04 0.000000000000000000e+00 4.161752474811409057e-04 9.999999133990778999e-01 -0.000000000000000000e+00 0.000000000000000000e+00 0.000000000000000000e+00 1.000000000000000000e+00
4.300000000000169659e-02 9.999999126164446084e-01 -4.180515555575577613e-04 0.000000000000000000e+00 4.180515555575577613e-04 9.999999126164446084e-01 -0.000000000000000000e+00 0.000000000000000000e+00 0.000000000000000000e+00 1.000000000000000000e+00
4.310000000000179660e-02 9.999999118277583809e-01 -4.199338936567808926e-04 0.000000000000000000e+00 4.199338936567808926e-04 9.999999118277583809e-01 -0.000000000000000000e+00 0.000000000000000000e+00 0.000000000000000000e+00 1.000000000000000000e+00
4.320000000000189661e-02 9.999999110327039142e-01 -4.218229296430316372e-04 0.000000000000000000e+00 4.218229296430316372e-04 9.999999110327039142e-01 -0.000000000000000000e+00 0.000000000000000000e+00 0.000000000000000000e+00 1.000000000000000000e+00
4.330000000000199661e-02 9.999999102306618148e-01 -4.237200350338090130e-04 0.000000000000000000e+00 4.237200350338090130e-04 9.999999102306618148e-01 -0.000000000000000000e+00 0.000000000000000000e+00 0.000000000000000000e+00 1.000000000000000000e+00
4.340000000000209662e-02 9.999999094199766292e-01 -4.256289916756735969e-04 0.000000000000000000e+00 4.256289916756735969e-04 9.999999094199766292e-01 -0.000000000000000000e+00 0.000000000000000000e+00 0.000000000000000000e+00 1.000000000000000000e+00
4.350000000000219663e-02 9.999999085978145130e-01 -4.275562680143172797e-04 0.000000000000000000e+00 4.275562680143172797e-04 9.999999085978145130e-01 -0.000000000000000000e+00 0.000000000000000000e+00 0.000000000000000000e+00 1.000000000000000000e+00
4.360000000000229664e-02 9.999999077613700438e-01 -4.295081501814527179e-04 0.000000000000000000e+00 4.295081501814527179e-04 9.999999077613700438e-01 -0.000000000000000000e+00 0.000000000000000000e+00 0.000000000000000000e+00 1.000000000000000000e+00
4.370000000000239665e-02 9.999999069018743469e-01 -4.315046262008383421e-04 0.000000000000000000e+00 4.315046262008383421e-04 9.999999069018743469e-01 -0.000000000000000000e+00 0.000000000000000000e+00 0.000000000000000000e+00 1.000000000000000000e+00
4.380000000000249666e-02 9.999999060073588852e-01 -4.335726850876922664e-04 0.000000000000000000e+00 4.335726850876922664e-04 9.999999060073588852e-01 -0.000000000000000000e+00 0.000000000000000000e+00 0.000000000000000000e+00 1.000000000000000000e+00
4.390000000000259667e-02 9.999999050683757718e-01 -4.357329907141523529e-04 0.000000000000000000e+00 4.357329907141523529e-04 9.999999050683757718e-01 -0.000000000000000000e+00 0.000000000000000000e+00 0.000000000000000000e+00 1.000000000000000000e+00
4.400000000000269668e-02 9.999999040782436843e-01 -4.379994329880798577e-04 0.000000000000000000e+00 4.379994329880798577e-04 9.999999040782436843e-01 -0.000000000000000000e+00 0.000000000000000000e+00 0.000000000000000000e+00 1.000000000000000000e+00
4.410000000000279669e-02 9.999999030304260739e-01 -4.403852157615968004e-04 0.000000000000000000e+00 4.403852157615968004e-04 9.999999030304260739e-01 -0.000000000000000000e+00 0.000000000000000000e+00 0.000000000000000000e+00 1.000000000000000000e+00
4.420000000000289669e-02 9.999999019210170648e-01 -4.428972298149615877e-04 0.000000000000000000e+00 4.428972298149615877e-04 9.999999019210170648e-01 -0.000000000000000000e+00 0.000000000000000000e+00 0.000000000000000000e+00 1.000000000000000000e+00
4.430000000000299670e-02 9.999999007486989333e-01 -4.455362970737540627e-04 0.000000000000000000e+00 4.455362970737540627e-04 9.999999007486989333e-01 -0.000000000000000000e+00 0.000000000000000000e+00 0.000000000000000000e+00 1.000000000000000000e+00
4.440000000000309671e-02 9.999998995132144408e-01 -4.483007479444487808e-04 0.000000000000000000e+00 4.483007479444487808e-04 9.999998995132144408e-01 -0.000000000000000000e+00 0.000000000000000000e+00 0.000000000000000000e+00 1.000000000000000000e+00
4.450000000000319672e-02 9.999998982072214604e-01 -4.512045504586343204e-04 0.000000000000000000e+00 4.512045504586343204e-04 9.999998982072214604e-01 -0.000000000000000000e+00 0.000000000000000000e+00 0.000000000000000000e+00 1.000000000000000000e+00
4.460000000000329673e-02 9.999998968112016051e-01 -4.542879987376614165e-04 0.000000000000000000e+00 4.542879987376614165e-04 9.999998968112016051e-01 -0.000000000000000000e+00 0.000000000000000000e+00 0.000000000000000000e+00 1.000000000000000000e+00
4.470000000000339674e-02 9.999998952966987487e-01 -4.576096494656683544e-04 0.000000000000000000e+00 4.576096494656683544e-04 9.999998952966987487e-01 -0.000000000000000000e+00 0.000000000000000000e+00 0.000000000000000000e+00 1.000000000000000000e+00
4.480000000000349675e-02 9.999998936318396092e-01 -4.612334650634779287e-04 0.000000000000000000e+00 4.612334650634779287e-04 9.999998936318396092e-01 -0.000000000000000000e+00 0.000000000000000000e+00 0.000000000000000000e+00 1.000000000000000000e+00
4.490000000000359676e-02 9.999998917928857312e-01 -4.652034143078762800e-04 0.000000000000000000e+00 4.652034143078762800e-04 9.999998917928857312e-01 -0.000000000000000000e+00 0.000000000000000000e+00 0.000000000000000000e+00 1.000000000000000000e+00
4.500000000000369677e-02 9.999998897592194957e-01 -4.695546280232041443e-04 0.000000000000000000e+00 4.695546280232041443e-04 9.999998897592194957e-01 -0.000000000000000000e+00 0.000000000000000000e+00 0.000000000000000000e+00 1.000000000000000000e+00
4.510000000000379677e-02 9.999998875115093666e-01 -4.743173709591094376e-04 0.000000000000000000e+00 4.743173709591094376e-04 9.999998875115093666e-01 -0.000000000000000000e+00 0.000000000000000000e+00 0.000000000000000000e+00 1.000000000000000000e+00
4.520000000000389678e-02 9.999998850316217380e-01 -4.795171979653348225e-04 0.000000000000000000e+00 4.795171979653348225e-04 9.999998850316217380e-01 -0.000000000000000000e+00 0.000000000000000000e+00 0.000000000000000000e+00 1.000000000000000000e+00
4.530000000000399679e-02 9.999998822999414116e-01 -4.851804850861369893e-04 0.000000000000000000e+00 4.851804850861369893e-04 9.999998822999414116e-01 -0.000000000000000000e+00 0.000000000000000000e+00 0.000000000000000000e+00 1.000000000000000000e+00
4.540000000000409680e-02 9.999998792877099474e-01 -4.913497381447806244e-04 0.000000000000000000e+00 4.913497381447806244e-04 9.999998792877099474e-01 -0.000000000000000000e+00 0.000000000000000000e+00 0.000000000000000000e+00 1.000000000000000000e+00
4.550000000000419681e-02 9.999998759501552703e-01 -4.980960488799103828e-04 0.000000000000000000e+00 4.980960488799103828e-04 9.999998759501552703e-01 -0.000000000000000000e+00 0.000000000000000000e+00 0.000000000000000000e+00 1.000000000000000000e+00
4.560000000000429682e-02 9.999998722280658559e-01 -5.055134534382598908e-04 0.000000000000000000e+00 5.055134534382598908e-04 9.999998722280658559e-01 -0.000000000000000000e+00 0.000000000000000000e+00 0.000000000000000000e+00 1.000000000000000000e+00
4.570000000000439683e-02 9.999998680702095744e-01 -5.136726227556206829e-04 0.000000000000000000e+00 5.136726227556206829e-04 9.999998680702095744e-01 -0.000000000000000000e+00 0.000000000000000000e+00 0.000000000000000000e+00 1.000000000000000000e+00
4.580000000000449684e-02 9.999998634686749766e-01 -5.225539506504009923e-04 0.000000000000000000e+00 5.225539506504009923e-04 9.999998634686749766e-01 -0.000000000000000000e+00 0.000000000000000000e+00 0.000000000000000000e+00 1.000000000000000000e+00
4.590000000000459685e-02 9.999998584040706850e-01 -5.321577193933800520e-04 0.000000000000000000e+00 5.321577193933800520e-04 9.999998584040706850e-01 -0.000000000000000000e+00 0.000000000000000000e+00 0.000000000000000000e+00 1.000000000000000000e+00
4.600000000000469685e-02 9.999998528558246003e-01 -5.424834826231012767e-04 0.000000000000000000e+00 5.424834826231012767e-04 9.999998528558246003e-01 -0.000000000000000000e+00 0.000000000000000000e+00 0.000000000000000000e+00 1.000000000000000000e+00
4.610000000000479686e-02 9.999998467596978857e-01 -5.536068828469716332e-04 0.000000000000000000e+00 5.536068828469716332e-04 9.999998467596978857e-01 -0.000000000000000000e+00 0.000000000000000000e+00 0.000000000000000000e+00 1.000000000000000000e+00
4.620000000000489687e-02 9.999998400887786243e-01 -5.655284405068755887e-04 0.000000000000000000e+00 5.655284405068755887e-04 9.999998400887786243e-01 -0.000000000000000000e+00 0.000000000000000000e+00 0.000000000000000000e+00 1.000000000000000000e+00
4.630000000000499688e-02 9.999998327876630233e-01 -5.782946013374810337e-04 0.000000000000000000e+00 5.782946013374810337e-04 9.999998327876630233e-01 -0.000000000000000000e+00 0.000000000000000000e+00 0.000000000000000000e+00 1.000000000000000000e+00
4.640000000000509689e-02 9.999998248421722025e-01 -5.918746700011157233e-04 0.000000000000000000e+00 5.918746700011157233e-04 9.999998248421722025e-01 -0.000000000000000000e+00 0.000000000000000000e+00 0.000000000000000000e+00 1.000000000000000000e+00
4.650000000000519690e-02 9.999998163051948552e-01 -6.061266998142566913e-04 0.000000000000000000e+00 6.061266998142566913e-04 9.999998163051948552e-01 -0.000000000000000000e+00 0.000000000000000000e+00 0.000000000000000000e+00 1.000000000000000000e+00
4.660000000000529691e-02 9.999998072461053766e-01 -6.208927056267375460e-04 0.000000000000000000e+00 6.208927056267375460e-04 9.999998072461053766e-01 -0.000000000000000000e+00 0.000000000000000000e+00 0.000000000000000000e+00 1.000000000000000000e+00
4.670000000000539692e-02 9.999997979120317515e-01 -6.357482956588387732e-04 0.000000000000000000e+00 6.357482956588387732e-04 9.999997979120317515e-01 -0.000000000000000000e+00 0.000000000000000000e+00 0.000000000000000000e+00 1.000000000000000000e+00
4.680000000000549693e-02 9.999997888479601471e-01 -6.498492402416620453e-04 0.000000000000000000e+00 6.498492402416620453e-04 9.999997888479601471e-01 -0.000000000000000000e+00 0.000000000000000000e+00 0.000000000000000000e+00 1.000000000000000000e+00
4.690000000000559693e-02 9.999997804512691379e-01 -6.626442583906322348e-04 0.000000000000000000e+00 6.626442583906322348e-04 9.999997804512691379e-01 -0.000000000000000000e+00 0.000000000000000000e+00 0.000000000000000000e+00 1.000000000000000000e+00
4.700000000000569694e-02 9.999997728723174495e-01 -6.739846534610994437e-04 0.000000000000000000e+00 6.739846534610994437e-04 9.999997728723174495e-01 -0.000000000000000000e+00 0.000000000000000000e+00 0.000000000000000000e+00 1.000000000000000000e+00
4.710000000000579695e-02 9.999997662166918433e-01 -6.837883894325116896e-04 0.000000000000000000e+00 6.837883894325116896e-04 9.999997662166918433e-01 -0.000000000000000000e+00 0.000000000000000000e+00 0.000000000000000000e+00 1.000000000000000000e+00
4.720000000000589696e-02 9.999997606949361240e-01 -6.918165004981679123e-04 0.000000000000000000e+00 6.918165004981679123e-04 9.999997606949361240e-01 -0.000000000000000000e+00 0.000000000000000000e+00 0.000000000000000000e+00 1.000000000000000000e+00
4.730000000000599697e-02 9.999997563431017866e-01 -6.980786036126224300e-04 0.000000000000000000e+00 6.980786036126224300e-04 9.999997563431017866e-01 -0.000000000000000000e+00 0.000000000000000000e+00 0.000000000000000000e+00 1.000000000000000000e+00
4.740000000000609698e-02 9.999997530738886642e-01 -7.027461573153291358e-04 0.000000000000000000e+00 7.027461573153291358e-04 9.999997530738886642e-01 -0.000000000000000000e+00 0.000000000000000000e+00 0.000000000000000000e+00 1.000000000000000000e+00
4.750000000000619699e-02 9.999997507650746353e-01 -7.060239291076993726e-04 0.000000000000000000e+00 7.060239291076993726e-04 9.999997507650746353e-01 -0.000000000000000000e+00 0.000000000000000000e+00 0.000000000000000000e+00 1.000000000000000000e+00
4.760000000000629700e-02 9.999997493062084963e-01 -7.080872263688294281e-04 0.000000000000000000e+00 7.080872263688294281e-04 9.999997493062084963e-01 -0.000000000000000000e+00 0.000000000000000000e+00 0.000000000000000000e+00 1.000000000000000000e+00
4.770000000000639701e-02 9.999997485619803728e-01 -7.091374872708470275e-04 0.000000000000000000e+00 7.091374872708470275e-04 9.999997485619803728e-01 -0.000000000000000000e+00 0.000000000000000000e+00 0.000000000000000000e+00 1.000000000000000000e+00
4.780000000000649701e-02 9.999997483190865566e-01 -7.094799245429152636e-04 0.000000000000000000e+00 7.094799245429152636e-04 9.999997483190865566e-01 -0.000000000000000000e+00 0.000000000000000000e+00 0.000000000000000000e+00 1.000000000000000000e+00
4.790000000000659702e-02 9.999997484210553234e-01 -7.093361867457752832e-04 0.000000000000000000e+00 7.093361867457752832e-04 9.999997484210553234e-01 -0.000000000000000000e+00 0.000000000000000000e+00 0.000000000000000000e+00 1.000000000000000000e+00
4.800000000000669703e-02 9.999997487597889201e-01 -7.088584900246614005e-04 0.000000000000000000e+00 7.088584900246614005e-04 9.999997487597889201e-01 -0.000000000000000000e+00 0.000000000000000000e+00 0.000000000000000000e+00 1.000000000000000000e+00
4.810000000000679704e-02 9.999997492438686963e-01 -7.081752605086825665e-04 0.000000000000000000e+00 7.081752605086825665e-04 9.999997492438686963e-01 -0.000000000000000000e+00 0.000000000000000000e+00 0.000000000000000000e+00 1.000000000000000000e+00
4.820000000000689705e-02 9.999997497477023378e-01 -7.074634496352024153e-04 0.000000000000000000e+00 7.074634496352024153e-04 9.999997497477023378e-01 -0.000000000000000000e+00 0.000000000000000000e+00 0.000000000000000000e+00 1.000000000000000000e+00
4.830000000000699706e-02 9.999997502397253157e-01 -7.067676328307878446e-04 0.000000000000000000e+00 7.067676328307878446e-04 9.999997502397253157e-01 -0.000000000000000000e+00 0.000000000000000000e+00 0.000000000000000000e+00 1.000000000000000000e+00
4.840000000000709707e-02 9.999997506781461709e-01 -7.061470422105459990e-04 0.000000000000000000e+00 7.061470422105459990e-04 9.999997506781461709e-01 -0.000000000000000000e+00 0.000000000000000000e+00 0.000000000000000000e+00 1.000000000000000000e+00
4.850000000000719708e-02 9.999997510352072183e-01 -7.056412142756186400e-04 0.000000000000000000e+00 7.056412142756186400e-04 9.999997510352072183e-01 -0.000000000000000000e+00 0.000000000000000000e+00 0.000000000000000000e+00 1.000000000000000000e+00
4.860000000000729709e-02 9.999997512669719368e-01 -7.053126922611140321e-04 0.000000000000000000e+00 7.053126922611140321e-04 9.999997512669719368e-01 -0.000000000000000000e+00 0.000000000000000000e+00 0.000000000000000000e+00 1.000000000000000000e+00
4.870000000000739709e-02 9.999997512787281995e-01 -7.052960241482093698e-04 0.000000000000000000e+00 7.052960241482093698e-04 9.999997512787281995e-01 -0.000000000000000000e+00 0.000000000000000000e+00 0.000000000000000000e+00 1.000000000000000000e+00
4.880000000000749710e-02 9.999997510179035043e-01 -7.056657359628776228e-04 0.000000000000000000e+00 7.056657359628776228e-04 9.999997510179035043e-01 -0.000000000000000000e+00 0.000000000000000000e+00 0.000000000000000000e+00 1.000000000000000000e+00
4.890000000000759711e-02 9.999997504441926477e-01 -7.064782743279611390e-04 0.000000000000000000e+00 7.064782743279611390e-04 9.999997504441926477e-01 -0.000000000000000000e+00 0.000000000000000000e+00 0.000000000000000000e+00 1.000000000000000000e+00
4.900000000000769712e-02 9.999997494796692976e-01 -7.078422129802292408e-04 0.000000000000000000e+00 7.078422129802292408e-04 9.999997494796692976e-01 -0.000000000000000000e+00 0.000000000000000000e+00 0.000000000000000000e+00 1.000000000000000000e+00
4.910000000000779713e-02 9.999997480269681160e-01 -7.098915411291828416e-04 0.000000000000000000e+00 7.098915411291828416e-04 9.999997480269681160e-01 -0.000000000000000000e+00 0.000000000000000000e+00 0.000000000000000000e+00 1.000000000000000000e+00
4.920000000000789714e-02 9.999997460013692052e-01 -7.127392208459840724e-04 0.000000000000000000e+00 7.127392208459840724e-04 9.999997460013692052e-01 -0.000000000000000000e+00 0.000000000000000000e+00 0.000000000000000000e+00 1.000000000000000000e+00
4.930000000000799715e-02 9.999997433394817170e-01 -7.164642143502787273e-04 0.000000000000000000e+00 7.164642143502787273e-04 9.999997433394817170e-01 -0.000000000000000000e+00 0.000000000000000000e+00 0.000000000000000000e+00 1.000000000000000000e+00
4.940000000000809716e-02 9.999997400523414903e-01 -7.210376199075559534e-04 0.000000000000000000e+00 7.210376199075559534e-04 9.999997400523414903e-01 -0.000000000000000000e+00 0.000000000000000000e+00 0.000000000000000000e+00 1.000000000000000000e+00
4.950000000000819717e-02 9.999997363103232395e-01 -7.262088430807301168e-04 0.000000000000000000e+00 7.262088430807301168e-04 9.999997363103232395e-01 -0.000000000000000000e+00 0.000000000000000000e+00 0.000000000000000000e+00 1.000000000000000000e+00
4.960000000000829717e-02 9.999997323118970938e-01 -7.316940166399759282e-04 0.000000000000000000e+00 7.316940166399759282e-04 9.999997323118970938e-01 -0.000000000000000000e+00 0.000000000000000000e+00 0.000000000000000000e+00 1.000000000000000000e+00
4.970000000000839718e-02 9.999997282474697435e-01 -7.372279067285790683e-04 0.000000000000000000e+00 7.372279067285790683e-04 9.999997282474697435e-01 -0.000000000000000000e+00 0.000000000000000000e+00 0.000000000000000000e+00 1.000000000000000000e+00
4.980000000000849719e-02 9.999997242407795417e-01 -7.426428244662342795e-04 0.000000000000000000e+00 7.426428244662342795e-04 9.999997242407795417e-01 -0.000000000000000000e+00 0.000000000000000000e+00 0.000000000000000000e+00 1.000000000000000000e+00
4.990000000000859720e-02 9.999997203362492870e-01 -7.478819579106394180e-04 0.000000000000000000e+00 7.478819579106394180e-04 9.999997203362492870e-01 -0.000000000000000000e+00 0.000000000000000000e+00 0.000000000000000000e+00 1.000000000000000000e+00
5.000000000000000278e-02 9.999997166168141938e-01 -7.528388214843025972e-04 0.000000000000000000e+00 7.528388214843025972e-04 9.999997166168141938e-01 -0.000000000000000000e+00 0.000000000000000000e+00 0.000000000000000000e+00 1.000000000000000000e+00
