frequency[Hz],flange_omega_z[rad/s],flange_alpha_z[rad/s2],cycloid_acc_xy[m/s2]
0.000000000000000000e+00,1.271549453827204134e-04,2.324043674985728017e-02,1.057804832431472469e-01
1.176445591011230363e+00,7.577433937577610827e-05,1.489033817482022029e-02,1.268962044665823408e-01
2.352891182022460725e+00,3.139397485187416084e-05,3.719733029150146513e-03,5.776605627456671277e-02
3.529336773033691088e+00,3.433367774902320202e-05,3.985915982562743438e-03,3.553162117928380243e-02
4.705782364044921451e+00,2.831257289769520486e-05,3.243339665410700096e-03,2.662620708665984492e-02
5.882227955056151814e+00,1.923940719583862861e-05,1.756958851291242230e-03,3.488829577772700752e-02
7.058673546067382176e+00,1.421146845868454825e-05,6.846230506245943410e-04,3.157138360930730747e-02
8.235119137078612539e+00,1.514759756657523987e-05,2.475018053842377875e-03,3.336611277619785931e-02
9.411564728089842902e+00,2.046450297284918069e-05,4.821968125331827643e-03,2.780820505183201341e-02
1.058801031910107326e+01,3.233193494309172245e-05,7.644445872513718973e-03,1.662378909553538509e-02
1.176445591011230363e+01,4.813551515856397264e-05,1.078997991018078653e-02,8.770975182992562375e-03
1.294090150112353399e+01,6.318072739039759067e-05,1.387362138952148542e-02,1.606056955391969333e-03
1.411734709213476435e+01,7.589578500246109654e-05,1.668976393976263906e-02,8.765089941739722876e-03
1.529379268314599472e+01,8.882151255712788043e-05,1.950346537669911395e-02,1.750926547143012019e-02
1.647023827415722508e+01,1.066606163437141966e-04,2.293313370524135628e-02,5.073864575203322451e-03
1.764668386516845544e+01,1.280597438202875100e-04,2.710296272793876263e-02,2.876021481480996872e-02
1.882312945617968580e+01,1.485369751970077841e-04,3.158631691321427820e-02,2.599303262690536021e-02
1.999957504719091617e+01,1.651213043841653948e-04,3.586484957439726312e-02,1.840141109473471259e-02
2.117602063820214653e+01,1.810714894917946332e-04,4.001229993352795056e-02,8.327959605328212264e-03
2.235246622921337689e+01,1.954378295087335043e-04,4.356722555523865476e-02,6.558224919788577419e-03
2.352891182022460725e+01,2.137262711378835683e-04,4.705464569613617559e-02,2.156120501587590558e-03
2.470535741123583762e+01,2.229884721114958122e-04,4.866313619278667124e-02,1.385703808201502315e-03
2.588180300224706798e+01,2.116007739647674587e-04,4.657326878803510345e-02,3.025698625231065114e-03
2.705824859325829834e+01,1.814332833051035207e-04,4.090043833014874591e-02,4.021919878755364150e-03
2.823469418426952871e+01,1.484405940453024594e-04,3.421071536751469494e-02,7.174076182485805697e-03
2.941113977528075907e+01,1.281879184446690163e-04,2.958418950919728882e-02,6.722535281560464149e-03
3.058758536629198943e+01,1.294166778172539938e-04,2.942930923220705292e-02,1.054331690202833793e-02
3.176403095730321979e+01,1.824914876994680345e-04,3.988567009326519225e-02,6.802803291898997656e-03
3.294047654831445016e+01,2.903297928737851594e-04,6.196680057638869615e-02,1.283288602420913464e-02
3.411692213932568052e+01,4.200931413095360307e-04,8.952961361370113946e-02,1.931150961786074621e-02
3.529336773033691088e+01,7.171072625786783410e-04,1.538807750062544666e-01,1.097967353015586421e-02
3.646981332134814124e+01,1.131061630727699498e-03,2.409508523003580649e-01,2.173409182984099158e-02
3.764625891235937161e+01,8.476138737333777399e-04,1.812026681552753038e-01,3.119934716974431810e-02
3.882270450337060197e+01,2.931981288758593596e-04,6.285949670942946044e-02,1.298983449341955913e-02
3.999915009438183233e+01,4.612980837052618928e-05,8.380002609414313394e-03,1.527532239441389481e-02
4.117559568539306269e+01,5.833455947894554058e-05,1.391079770001089205e-02,5.487058759824394762e-03
4.235204127640429306e+01,6.974631491523586226e-05,1.698841197459930244e-02,6.712036848769164545e-03
4.352848686741552342e+01,6.288122205418761530e-05,1.569330664804523615e-02,9.399679428076306367e-03
4.470493245842675378e+01,4.683252338790116294e-05,1.188361127292786833e-02,1.982538898653266220e-03
4.588137804943798415e+01,2.803613325751086823e-05,7.251548443171749320e-03,4.933365652521367987e-03
4.705782364044921451e+01,1.527269678901449994e-05,4.016632369602262005e-03,2.088169501137810899e-03
4.823426923146044487e+01,1.057005554887226006e-05,2.891537869787091757e-03,6.983994518760673620e-03
4.941071482247167523e+01,1.086323120739369227e-05,2.760950802066409245e-03,4.688513091661967135e-03
5.058716041348290560e+01,1.437209208310041764e-05,3.185656320849257570e-03,6.895797737091303309e-03
5.176360600449413596e+01,1.654651239659772358e-05,3.256992073648380150e-03,8.475177463348792031e-03
5.294005159550536632e+01,1.647452702457366256e-05,2.916430050855429047e-03,1.458049195488016897e-02
5.411649718651659668e+01,1.317270691228695251e-05,1.826650930264069094e-03,3.164553943961691956e-02
5.529294277752782705e+01,9.387816007972655846e-06,1.166822544961455821e-03,2.142633964158643673e-03
5.646938836853905741e+01,7.308342844166702822e-06,1.527220786753578441e-03,1.131165508298555798e-02
5.764583395955028777e+01,7.362757238314962572e-06,2.088251081286875404e-03,8.234167330385924050e-03
5.882227955056151814e+01,8.986733479022978175e-06,2.527891685954541858e-03,2.116600741750091202e-03
5.999872514157274850e+01,5.010082262926345652e-06,1.460876902228851800e-03,7.636812025780628267e-03
6.117517073258397886e+01,2.234398107880268150e-06,7.083628278830217178e-04,1.056480527978025281e-02
6.235161632359520922e+01,1.672346354091094448e-06,4.252714680705467465e-04,8.188128100106793761e-03
6.352806191460643959e+01,2.034101974155922140e-06,5.923562208784373308e-04,5.030171107096906812e-03
6.470450750561766995e+01,4.909857631419979618e-06,1.502855184141824391e-03,1.248404231099444449e-02
6.588095309662890031e+01,7.675095214843429041e-06,2.018396044416398936e-03,3.399214250971001154e-03
6.705739868764013067e+01,1.053082914224335773e-05,2.373013242696441708e-03,1.161807594359911579e-02
6.823384427865136104e+01,1.157852521352985983e-05,2.353427541531223893e-03,1.353959377058093320e-02
6.941028986966259140e+01,1.079249924925575285e-05,2.490718505286331711e-03,6.744858819972341171e-03
7.058673546067382176e+01,1.130860101056060843e-05,3.581425491105277598e-03,2.102202921507816732e-03
7.176318105168505213e+01,1.171308854945651560e-05,4.373957362815445588e-03,1.721708513755966161e-02
7.293962664269628249e+01,1.241239696679368952e-05,4.041233739992934962e-03,2.262697594380023644e-02
7.411607223370751285e+01,1.751259698808812227e-05,6.197395318587018385e-03,2.412993955693562217e-02
7.529251782471874321e+01,1.388217428101429117e-05,5.607399014322429417e-03,2.799541562535976663e-02
7.646896341572997358e+01,7.644627409472582811e-06,3.230271208608284129e-03,1.449983398466412644e-02
7.764540900674120394e+01,3.727692349754706774e-06,1.545202618190103351e-03,1.416958760110674162e-02
7.882185459775243430e+01,3.654478763811467361e-06,6.473959877430272803e-04,2.743006897884138658e-03
7.999830018876366466e+01,5.137241865946407969e-06,7.332682223228598022e-04,1.791992687999283910e-03
8.117474577977489503e+01,5.693734879486301316e-06,8.415587821876462050e-04,7.098838400713079581e-03
8.235119137078612539e+01,4.786680819719708898e-06,7.207012581731753534e-04,5.904730806624424767e-03
8.352763696179735575e+01,3.608099958439121655e-06,5.980930797926790367e-04,4.489445668888416771e-03
8.470408255280858612e+01,1.889874120326089723e-06,2.230021915791778999e-04,1.049619440421583998e-02
8.588052814381981648e+01,1.597978005342579864e-06,4.116134099236050067e-04,1.293563955345144838e-02
8.705697373483104684e+01,3.051649538021916188e-06,5.103209360886652203e-04,1.408002313267373365e-02
8.823341932584227720e+01,5.191356627721858703e-06,2.639444403342653669e-04,1.016413418055668767e-02
8.940986491685350757e+01,6.421066398921674021e-06,5.094871406542195906e-04,1.348438235019160970e-02
9.058631050786473793e+01,6.126423639280996617e-06,1.039522705009652843e-03,4.214805083247443081e-03
9.176275609887596829e+01,5.283389696058200474e-06,1.291147002475241017e-03,1.141767984832851857e-02
9.293920168988719865e+01,4.542663703194674304e-06,1.356968906123913162e-03,2.384610386553285763e-02
9.411564728089842902e+01,4.300472381577802071e-06,1.123183306006745154e-03,1.355048943256662031e-02
9.529209287190965938e+01,3.698492108981698901e-06,6.909681787879064924e-04,4.831183236377900939e-03
9.646853846292088974e+01,2.748166574746447663e-06,4.748722911522671071e-04,5.372755758587501734e-03
9.764498405393212010e+01,1.876348576823142343e-06,9.706574646889846525e-04,6.752634305027191419e-03
9.882142964494335047e+01,1.501191856193754572e-06,1.318299775961930768e-03,4.942185631470212039e-03
9.999787523595458083e+01,2.066554482020705818e-06,1.169038496721613776e-03,5.893174817761786394e-03
1.011743208269658112e+02,3.589034691102884030e-06,7.198973225141436965e-04,7.811225227223553974e-03
1.023507664179770416e+02,5.295964007959779147e-06,1.019926316652400880e-04,7.037321233437224439e-03
1.035272120089882719e+02,6.213472665156331091e-06,2.707347997195855434e-04,3.259441459367861532e-03
1.047036575999995023e+02,7.079058778813020216e-06,1.077489260519366547e-03,6.043715001953945537e-03
1.058801031910107326e+02,6.194432927029528466e-06,2.097911255125924340e-03,1.088013024813807607e-02
1.070565487820219630e+02,3.811355166227416744e-06,2.679809062531316941e-03,1.259968217868178732e-02
1.082329943730331934e+02,2.132005750980822204e-06,3.118885220431658663e-03,1.035740840502337445e-02
1.094094399640444237e+02,3.839426037306020656e-06,2.947031164305513769e-03,2.441957013606623015e-03
1.105858855550556541e+02,4.639130195772102431e-06,2.206663756079952320e-03,1.761760972919169596e-02
1.117623311460668845e+02,5.040269601910131816e-06,2.234202332029733371e-03,3.856095095071211676e-02
1.129387767370781148e+02,3.685427857947542349e-06,2.290187679920852211e-03,2.977533846853490374e-02
1.141152223280893452e+02,1.193244760251926675e-06,1.660070340459276475e-03,2.192132916009184931e-02
1.152916679191005755e+02,1.385954186492631593e-06,8.151030756269174535e-04,7.844416841178673480e-03
1.164681135101118059e+02,2.120958136047208822e-06,4.238736509100451684e-04,8.355016205377775382e-03
1.176445591011230363e+02,2.000669514139126344e-06,1.015841895327918975e-03,8.422868906158519769e-03
1.188210046921342666e+02,2.379674499998178553e-06,8.123199120767664750e-04,1.133540626261904209e-02
1.199974502831454970e+02,2.125642062700980681e-06,7.943945804879028877e-04,1.083542326431635207e-02
1.211738958741567274e+02,1.659862434691435619e-06,6.942889785692857611e-04,9.290367907423529442e-03
1.223503414651679577e+02,8.044700347242731181e-07,7.181885399739490472e-04,1.096479906011678385e-02
1.235267870561791881e+02,2.705728731781630700e-07,6.665700247106056417e-04,1.545460571063664822e-02
1.247032326471904184e+02,7.566727345833238273e-07,8.557177149344381275e-04,1.391805512371933895e-02
1.258796782382016488e+02,3.541454919491777424e-07,8.959491876099806617e-04,9.365896014536391478e-03
1.270561238292128792e+02,8.499227919800052511e-07,6.653070065794801976e-04,1.474608207701558205e-02
1.282325694202241095e+02,1.860734519512513373e-06,4.066215741395148701e-04,2.007794974757630326e-03
1.294090150112353399e+02,2.457106215891380143e-06,4.310557335344767705e-04,1.189033747774865743e-02
1.305854606022465703e+02,2.836970878075216665e-06,4.809548413314687566e-04,7.342661472721649478e-03
1.317619061932578006e+02,2.781067061468548756e-06,2.772661472382543287e-04,8.357400616536119972e-03
1.329383517842690310e+02,2.521157310325369960e-06,1.479089468753678885e-04,1.122707240726747435e-02
1.341147973752802613e+02,2.302178617577871286e-06,6.597983103403086413e-04,1.213584232217971952e-02
1.352912429662914917e+02,2.580534383870256477e-06,1.174299976669552483e-03,6.901163216648861266e-03
1.364676885573027221e+02,3.071254275389305209e-06,1.354236797136342159e-03,3.370064174848632840e-03
1.376441341483139524e+02,3.291528722994134999e-06,1.368105664395937457e-03,1.052707805676130967e-02
1.388205797393251828e+02,2.739643413660616910e-06,9.073799883776536342e-04,5.226652397925999477e-03
1.399970253303364132e+02,1.671997384289337432e-06,7.630005592186236713e-04,6.672825210931878151e-03
1.411734709213476435e+02,2.505850158841939579e-06,1.274359548730679683e-03,1.142491533886560648e-02
1.423499165123588739e+02,2.912585107044474890e-06,1.536980909631963359e-03,1.949755794647990356e-02
1.435263621033701043e+02,2.789292267443520986e-06,2.025170904802086735e-03,1.736741002321510671e-02
1.447028076943813346e+02,2.851358136878648133e-06,2.157341347524687532e-03,2.485009911752103853e-02
1.458792532853925650e+02,4.617294438213279693e-06,2.269310283623194886e-03,2.758660250987544221e-02
1.470556988764037953e+02,6.582876019950180854e-06,2.284447395156599062e-03,1.406207775326731059e-02
1.482321444674150257e+02,6.947158063180377546e-06,1.635421163750260280e-03,2.378636041465133702e-02
1.494085900584262561e+02,5.711186818708455698e-06,7.757724634169336098e-04,1.546464423146410271e-02
1.505850356494374864e+02,3.674364192519794944e-06,6.354081359847634468e-04,5.246249139174158013e-03
1.517614812404487168e+02,2.383412968281833218e-06,9.483039306830494571e-04,1.009246055365200026e-02
1.529379268314599472e+02,1.658367743334071765e-06,1.051942036762041699e-03,1.475923820972465869e-02
1.541143724224711775e+02,1.757582346100477198e-06,7.186211787261089076e-04,1.281804622685848646e-02
1.552908180134824079e+02,2.083809822159255865e-06,3.948095326642504701e-04,6.803896939855387342e-03
1.564672636044936382e+02,2.509507377041843683e-06,4.766568632228521379e-04,5.043312879273638590e-03
1.576437091955048686e+02,2.691991237316252556e-06,5.355339372957534190e-04,7.030092328257365672e-03
1.588201547865160990e+02,3.017944225586587426e-06,6.797110280214366772e-04,8.210641688722118692e-03
1.599966003775273293e+02,3.404233763280054638e-06,8.648407364014942204e-04,6.697020774082730783e-03
1.611730459685385597e+02,3.630630808094534349e-06,9.758970464936542882e-04,1.391552995227026031e-02
1.623494915595497901e+02,3.498680760750563243e-06,6.203402485145738691e-04,1.083651305058878911e-02
1.635259371505610204e+02,3.385172543975221468e-06,4.840215070856174803e-04,1.313156366115536371e-02
1.647023827415722508e+02,2.611786320624591145e-06,2.629993088981157794e-05,1.341706929022846821e-02
1.658788283325834811e+02,1.968416003231310510e-06,4.867865748239509280e-04,6.914381351912360189e-03
1.670552739235947115e+02,1.357975451044116815e-06,6.038030037497535245e-04,9.557717662806280642e-03
1.682317195146059419e+02,8.023238906970342944e-07,5.262520100318376134e-04,1.130434881246555716e-02
1.694081651056171722e+02,8.579976417703460774e-07,6.524321406003941648e-04,1.308875175553749458e-02
1.705846106966284026e+02,1.658140087464480570e-06,1.186752167740319584e-03,1.220558821089285338e-02
1.717610562876396330e+02,2.212846340428140615e-06,1.454287030431340678e-03,3.448880475031951363e-03
1.729375018786508633e+02,2.361170641498583983e-06,1.231921355269611660e-03,1.208011983774185012e-02
1.741139474696620937e+02,2.430505919994950142e-06,6.206183826231597995e-04,8.943465425943290456e-03
1.752903930606733240e+02,2.647465428877967028e-06,4.269378437501322168e-04,1.854785629833477978e-03
1.764668386516845544e+02,2.571505909904743855e-06,6.557985598264656464e-04,7.159260260327896148e-03
1.776432842426957848e+02,2.184783538690516111e-06,5.795076184841387338e-04,7.727204842481096708e-03
1.788197298337070151e+02,2.132265805072233961e-06,4.171358715333149821e-04,3.537530897252305975e-03
1.799961754247182455e+02,3.094219526610622932e-06,1.096591860623527146e-03,3.334065395930889408e-03
1.811726210157294759e+02,4.091014941643822305e-06,1.724774422896628405e-03,4.256132852719161051e-03
1.823490666067407062e+02,4.035438853322535486e-06,1.817836319092843485e-03,5.811743528866005967e-03
1.835255121977519366e+02,3.045045027420806424e-06,1.280954059248307596e-03,1.218658998319056136e-02
1.847019577887631669e+02,2.215404205439223329e-06,5.220626128901142060e-04,1.599622973741349208e-02
1.858784033797743973e+02,1.539958121310170224e-06,3.662787036724102089e-04,1.968181448140106718e-02
1.870548489707856277e+02,9.658531406197138596e-07,6.893663443087546432e-04,9.797786308577992320e-03
1.882312945617968580e+02,1.266651968357607697e-06,8.681348975324291355e-04,2.208986128396416351e-03
1.894077401528080884e+02,1.497970450043721145e-06,6.722368548317756700e-04,2.117611102243836807e-03
1.905841857438193188e+02,1.893708614130385988e-06,6.403850209695914489e-04,7.703898758523127811e-03
1.917606313348305491e+02,2.249013399984396692e-06,5.182003137057069383e-04,1.117460607963440510e-02
1.929370769258417795e+02,2.369142662169367063e-06,2.875602774655307671e-04,4.544802913952443804e-03
1.941135225168530098e+02,2.407096430326094312e-06,6.450748789499084453e-05,5.836869050644378186e-03
1.952899681078642402e+02,2.407613798713295667e-06,2.732519968001841321e-04,9.452640710184378320e-03
1.964664136988754706e+02,2.211614372181689593e-06,3.429155154489893238e-04,6.045897694972787381e-03
1.976428592898867009e+02,1.738695177561931556e-06,4.252801390348423896e-04,9.416337078279254924e-03
1.988193048808979313e+02,1.129567699891590044e-06,5.998785576938905038e-04,1.098716717421484648e-02
1.999957504719091617e+02,6.406697565074355685e-07,7.053888302768398372e-04,5.213007017842388562e-03
2.011721960629203920e+02,4.777764447488468985e-07,7.318887711995939686e-04,9.083934942712966823e-03
2.023486416539316224e+02,6.957937054276052128e-07,5.807824180451725453e-04,6.017372517225524561e-03
2.035250872449428527e+02,1.124399315448147490e-06,3.653253748056403032e-04,9.424379067810144742e-03
2.047015328359540831e+02,1.368213076277368226e-06,1.308340886640549405e-04,1.173887699022975635e-02
2.058779784269653135e+02,1.599200157409830235e-06,2.552356318539368801e-04,7.474550564610578721e-03
2.070544240179765438e+02,1.431444978126814455e-06,7.324945674727380545e-04,1.065502373506950658e-02
2.082308696089877742e+02,1.111300894691615867e-06,1.121371753809991987e-03,1.090779345403921144e-02
2.094073151999990046e+02,1.002781838086483050e-06,1.147970641236360561e-03,2.273946062163201449e-03
2.105837607910102349e+02,9.460226902361954159e-07,9.819877716560068085e-04,3.196598355350218149e-03
2.117602063820214653e+02,1.146094809834664190e-06,5.193239288969164454e-04,5.894544589436920105e-03
2.129366519730326957e+02,1.333042690665426590e-06,2.068541872975643346e-04,4.693865400761994093e-03
2.141130975640439260e+02,1.125723555365839753e-06,5.497938358265722601e-04,6.145910113626663722e-03
2.152895431550551564e+02,8.272796069565150597e-07,6.519699553439081132e-04,1.666268285058065610e-02
2.164659887460663867e+02,7.929625918058868429e-07,5.735190296463671573e-04,1.476657801593260835e-02
2.176424343370776171e+02,1.082740215172526111e-06,5.822708765695701512e-04,8.105237791595321789e-03
2.188188799280888475e+02,1.238567393875860309e-06,9.650083866149288198e-04,1.129540901910646052e-02
2.199953255191000778e+02,1.166534086837968374e-06,1.260919996501308656e-03,7.289524895628307979e-03
2.211717711101113082e+02,1.119174711300927802e-06,1.552444833667533707e-03,3.302599209590566069e-03
2.223482167011225386e+02,8.802916021742302214e-07,1.240031002966209255e-03,1.771325717083628570e-02
2.235246622921337689e+02,9.284433699764326481e-07,9.327281290836894482e-04,1.788015481365485063e-02
2.247011078831449993e+02,7.178016760839897491e-07,6.047261878418775608e-04,9.974091731415531473e-03
2.258775534741562296e+02,5.680451340293463416e-07,5.874168964646806477e-05,5.969309322932387328e-03
2.270539990651674600e+02,5.262228650385067264e-07,1.292416958232740721e-04,3.343516792193581937e-03
2.282304446561786904e+02,9.016794121722941737e-07,4.463964993579087014e-04,8.564690979990257150e-03
2.294068902471899207e+02,8.708650883150060322e-07,6.079807182358271936e-04,1.472634850645625215e-02
2.305833358382011511e+02,8.977448911054926576e-07,5.309308501028664517e-04,1.652088823109352372e-02
2.317597814292123815e+02,5.144576489233267999e-07,7.884772675005849354e-04,1.119165618574094120e-02
2.329362270202236118e+02,5.365523742900839088e-07,6.523759052271503600e-04,1.045845376601564104e-02
2.341126726112348422e+02,5.123324094910699843e-07,8.238978106806688377e-04,1.394291592708447403e-03
2.352891182022460725e+02,8.434203242656214609e-07,8.823720157649339287e-04,1.264603508389755028e-02
2.364655637932573029e+02,8.559619885108480138e-07,6.566704042194805189e-04,1.505262762456084993e-02
2.376420093842685333e+02,6.006442600157805995e-07,2.989619314896189311e-04,1.430493247232365005e-02
2.388184549752797636e+02,2.001764620011930859e-07,3.440044808498776783e-04,9.980706663205232698e-03
2.399949005662909940e+02,4.331755817133267610e-07,6.313116459581081434e-04,5.316495379143869153e-03
2.411713461573022244e+02,6.193571897391433722e-07,7.635197741301517384e-04,1.447381349924777884e-02
2.423477917483134547e+02,4.829722008762911885e-07,6.131714237413368610e-04,1.227441249283667268e-02
2.435242373393246851e+02,5.179426761538653981e-07,7.208195164123002222e-04,8.068687504957114051e-03
2.447006829303359154e+02,6.337549789071301722e-07,1.099395189268619847e-03,5.537883330637627041e-03
2.458771285213471458e+02,8.535965294723899329e-07,1.325246003464965270e-03,2.995338741066430176e-03
2.470535741123583762e+02,8.258362843815380587e-07,1.190083512990216044e-03,3.386892216810071052e-03
2.482300197033696065e+02,6.413839875075753354e-07,8.559767534906358166e-04,4.770628695386095776e-03
2.494064652943808369e+02,6.717018431242941189e-07,4.312127993616293969e-04,5.576004353549685044e-03
2.505829108853920673e+02,1.105952794604504277e-06,4.517973042374945022e-04,7.404645283186484309e-03
2.517593564764032976e+02,1.437138820166431993e-06,8.153489921973752861e-04,8.743536922923142093e-03
2.529358020674145280e+02,1.503901463968916568e-06,9.973195205049301560e-04,9.112482922532246649e-03
2.541122476584257583e+02,1.491432825587400817e-06,1.054484437889435496e-03,2.099016149294223588e-02
2.552886932494369887e+02,1.430759126925136890e-06,9.177216204624465351e-04,1.591716370775992165e-02
2.564651388404482191e+02,1.216985771901262861e-06,6.065913557056481706e-04,1.631830781722333479e-02
2.576415844314594779e+02,1.022749841204186638e-06,5.825942439274387668e-04,1.151392465308017504e-02
2.588180300224706798e+02,6.615372552991643888e-07,8.043235847930364953e-04,3.607850927901656672e-03
2.599944756134818817e+02,4.332494490744720944e-07,7.472154058080828507e-04,1.058258874017226243e-02
2.611709212044931405e+02,3.335319129626018547e-07,6.208365076674101073e-04,1.082877720169463619e-02
2.623473667955043993e+02,4.857589720708183137e-07,2.525456877295853184e-04,1.145265750495635428e-02
2.635238123865156012e+02,5.472368040637840383e-07,3.958198416994517270e-04,9.026874972418927334e-03
2.647002579775268032e+02,5.599715565338203703e-07,6.883968629787625337e-04,3.887386679105503656e-03
2.658767035685380620e+02,5.055021722472157881e-07,7.998861776435009074e-04,9.319083395281592755e-03
2.670531491595493208e+02,4.227619463740313530e-07,1.003194742025427001e-03,1.136507852070586105e-02
2.682295947505605227e+02,1.447642193811370980e-07,1.272464331135080571e-03,9.082748559611608652e-03
2.694060403415717246e+02,1.624511821950582693e-07,1.425415316271579861e-03,6.666647164402998531e-03
2.705824859325829834e+02,3.702013876520727717e-07,1.632209359382041404e-03,1.307627241328764706e-02
2.717589315235942422e+02,5.574899717102320426e-07,1.793177224943777112e-03,9.099386348835473634e-03
2.729353771146054441e+02,5.514081875226391015e-07,1.676652450298685105e-03,5.419606260908873922e-03
2.741118227056166461e+02,3.572965650758369609e-07,1.375362453132187137e-03,5.422675469935198458e-03
2.752882682966279049e+02,1.259594075804318323e-07,1.236647127454881291e-03,4.110964270468623130e-03
2.764647138876391637e+02,4.056279670451682407e-07,1.667079948154393237e-03,6.183413789928661128e-03
2.776411594786503656e+02,6.156566028584556140e-07,2.348741602519125848e-03,1.240452634758869646e-02
2.788176050696615675e+02,6.553701416553893144e-07,2.703822794957891438e-03,9.580832419840834904e-03
2.799940506606728263e+02,6.562858937474425590e-07,2.746602063067618300e-03,2.970537622401304631e-03
2.811704962516840851e+02,5.731464855807513336e-07,2.363816580097815191e-03,7.200188150604221529e-03
2.823469418426952871e+02,4.531122732356301123e-07,1.713248607950292870e-03,8.709700527774703188e-03
2.835233874337064890e+02,3.619474712865617476e-07,9.321873100504692511e-04,3.740453145990534252e-03
2.846998330247177478e+02,6.399744880948908847e-07,1.176798350769822860e-03,3.361876076834831219e-03
2.858762786157290066e+02,6.729442867770574105e-07,1.623109276907939253e-03,7.560382922205315624e-03
2.870527242067402085e+02,5.163201601192265628e-07,1.698128070250069571e-03,1.376201635339707741e-02
2.882291697977514104e+02,5.623060685272106585e-07,1.542752932601003900e-03,2.027653153831426164e-02
2.894056153887626692e+02,6.874841956411442613e-07,8.687157157574478244e-04,1.255329757215600806e-02
2.905820609797739280e+02,6.201957758879121682e-07,7.957785366851865497e-04,8.779612537701791952e-03
2.917585065707851300e+02,4.831825409435993274e-07,1.058187843024976579e-03,1.153948396979634881e-02
2.929349521617963319e+02,5.073460057739299943e-07,1.341358456219700433e-03,1.020000923521827314e-02
2.941113977528075907e+02,7.124810640966586152e-07,1.249447455144459332e-03,1.013396029054293261e-02
2.952878433438188495e+02,6.530391205328477415e-07,7.566538717647807322e-04,8.834400942370448234e-03
2.964642889348300514e+02,3.082937232098280294e-07,3.479577171613616304e-04,1.849746330223739181e-03
2.976407345258412533e+02,4.145329443573097106e-07,6.314248563398644747e-04,7.608600857020419127e-03
2.988171801168525121e+02,6.918770251401177586e-07,9.225953080506973762e-04,1.176873631356469344e-02
2.999936257078637709e+02,7.724165521407753043e-07,8.086926075911159443e-04,1.776510081498655289e-02
3.011700712988749729e+02,7.294078678990527442e-07,6.622610262959246737e-04,1.345484667090587026e-02
3.023465168898861748e+02,5.538679709450974098e-07,5.490223011420453580e-04,8.808991986142674854e-03
3.035229624808974336e+02,5.829472622133471478e-07,9.528080142851641727e-04,2.796526100489779825e-03
3.046994080719086924e+02,6.045926624478629113e-07,1.041311590576615232e-03,5.202450687273270369e-03
3.058758536629198943e+02,7.628239105589597350e-07,1.224332937613784424e-03,8.158756514384496450e-03
3.070522992539310962e+02,9.191227422672521642e-07,1.363329240079657690e-03,4.983377395845822906e-03
3.082287448449423550e+02,8.969147559356803379e-07,1.227695765886372119e-03,6.030376326780136423e-03
3.094051904359536138e+02,8.787854032173847028e-07,1.150781941012733473e-03,5.665226969901413293e-03
3.105816360269648158e+02,6.384216955861436525e-07,7.766541454607175758e-04,9.567062196780485445e-03
3.117580816179760177e+02,3.462369435133356724e-07,3.940079497091432338e-04,6.988546795171198846e-03
3.129345272089872765e+02,3.592677170774147256e-07,6.918620674985790026e-04,6.069379354029736696e-03
3.141109727999985353e+02,3.726604629503046714e-07,8.143841789040481794e-04,1.181028951753556808e-02
3.152874183910097372e+02,2.325243643305470589e-07,5.458060089326741788e-04,1.007364392986081353e-02
3.164638639820209391e+02,2.343922845639501125e-07,3.577193857720377358e-04,7.546992324855142549e-03
3.176403095730321979e+02,4.663774162789568229e-07,1.100818459106510990e-03,1.552530755866267029e-02
3.188167551640434567e+02,6.606083038050372878e-07,1.854441229162743761e-03,1.034151149711533789e-02
3.199932007550546587e+02,6.736417492053021854e-07,2.176958502122306946e-03,1.028398316989801754e-02
3.211696463460658606e+02,5.626791681169848382e-07,2.006093400147338033e-03,7.226113582453981034e-03
3.223460919370771194e+02,4.183332773552289853e-07,1.576582177534631294e-03,7.009586652899277986e-03
3.235225375280883782e+02,4.451761595300633285e-07,1.191332176224241170e-03,8.732951618023230764e-03
3.246989831190995801e+02,7.100656840029849628e-07,1.243373392594622918e-03,8.998099714216251099e-03
3.258754287101107820e+02,9.849608863542059757e-07,1.607078852092304333e-03,4.925533381043203235e-03
3.270518743011220408e+02,1.132643379168477909e-06,1.919226781427777308e-03,5.269663594513312663e-03
3.282283198921332996e+02,1.022385385808208742e-06,1.759806014017911441e-03,4.572961406194766577e-03
3.294047654831445016e+02,7.784911453243663992e-07,1.195302138938331843e-03,5.708579803901132378e-03
3.305812110741557035e+02,5.240327359251701845e-07,6.596355283244490723e-04,1.132047112042820249e-02
3.317576566651669623e+02,4.008556889052254667e-07,6.424469754974745407e-04,6.641729317403304023e-03
3.329341022561782211e+02,3.031982978204876013e-07,1.027487877103510153e-03,4.430795969202976949e-03
3.341105478471894230e+02,5.451961185356177752e-07,1.241753469802014519e-03,9.182180639378189138e-03
3.352869934382006250e+02,5.896860751945695406e-07,1.091774371817407375e-03,3.122383645110974031e-03
3.364634390292118837e+02,5.498126621825200287e-07,9.274147409231339300e-04,5.981710833611469241e-03
3.376398846202231425e+02,5.166376419846231975e-07,8.346907231379073217e-04,9.642400795093281768e-03
3.388163302112343445e+02,4.742873740198759431e-07,6.673334202672568565e-04,2.870384088031952084e-03
3.399927758022455464e+02,4.042285172387893157e-07,7.210397803235206763e-04,8.932610248191263230e-03
3.411692213932568052e+02,3.282743331270279517e-07,7.831716736164494449e-04,5.193683521037736547e-03
3.423456669842680640e+02,3.302711361404723644e-07,9.566743896482136737e-04,7.383276953286859422e-03
3.435221125752792659e+02,3.438156423261817849e-07,1.031107156462229314e-03,3.256197299346686065e-03
3.446985581662904679e+02,5.329252879651340609e-07,1.248763711876501713e-03,1.296860053383002732e-02
3.458750037573017266e+02,7.297099074672145006e-07,1.501594532257181447e-03,2.995733544050335154e-03
3.470514493483129854e+02,7.986224599666743527e-07,1.582102283490152521e-03,1.392854595554639772e-02
3.482278949393241874e+02,7.046556902434342985e-07,1.438632164387484546e-03,1.317984674640999138e-02
3.494043405303353893e+02,4.013239149529018020e-07,8.496626511522639962e-04,6.901943396434215977e-03
3.505807861213466481e+02,8.873694614970442948e-08,3.756962544261081274e-04,2.030259743537429513e-03
3.517572317123579069e+02,2.878199219649585389e-07,1.035903619424316437e-03,9.654812817736575098e-03
3.529336773033691088e+02,5.148614254999990756e-07,1.784440721850103764e-03,1.410334767942234870e-02
3.541101228943803108e+02,5.339429688382384112e-07,1.874568674689329429e-03,1.523718541219556445e-02
3.552865684853915695e+02,4.658024504609032329e-07,1.517757258520765345e-03,9.236710003357751983e-03
3.564630140764028283e+02,4.661483467018885154e-07,1.346791065408213094e-03,4.384326173405114074e-03
3.576394596674140303e+02,4.021392064398953427e-07,1.396054766942829645e-03,6.862664765044550370e-03
3.588159052584252322e+02,1.965120879927432649e-07,1.177871273874610963e-03,7.378969075707206976e-03
3.599923508494364910e+02,8.409551521541108130e-08,8.284775538091672430e-04,3.864408409621655337e-03
3.611687964404477498e+02,3.815056624164160808e-07,3.288862873141031951e-04,6.050914067249951386e-03
3.623452420314589517e+02,6.285610901726124983e-07,7.935442689683648099e-04,9.453728939909878878e-03
3.635216876224701537e+02,6.647283805532150026e-07,9.238951819267054609e-04,4.699769499592082456e-03
3.646981332134814124e+02,5.663672280559466437e-07,7.481893858550204765e-04,5.940058085171955223e-03
3.658745788044926712e+02,3.859936622693018701e-07,5.838974954316813537e-04,8.477849620061897419e-04
3.670510243955038732e+02,7.755960199492790040e-08,4.667001765529649703e-04,7.560228379957330790e-03
3.682274699865150751e+02,1.237370506499735255e-07,4.632344195774036133e-04,8.386153338388926612e-03
3.694039155775263339e+02,2.512382827111283969e-07,4.760453079526363461e-04,7.716146910286381978e-03
3.705803611685375927e+02,3.705968656203975890e-07,5.426872871014632935e-04,1.196006411092215716e-03
3.717568067595487946e+02,3.182238072182451254e-07,6.319752584233037044e-04,5.456933285073658872e-03
3.729332523505599966e+02,2.607920335800294324e-07,7.641625108130025530e-04,4.290427462465308539e-03
3.741096979415712553e+02,3.155586240427280868e-07,9.027287617269060460e-04,9.613177254070858629e-03
3.752861435325825141e+02,3.278312266201064068e-07,7.864544862836182065e-04,1.609209099927174161e-02
3.764625891235937161e+02,2.882841938664603373e-07,5.839446677264319586e-04,9.875864877453375407e-03
3.776390347146049180e+02,1.778120323898355994e-07,3.329769415927202620e-04,4.359220497992473235e-03
3.788154803056161768e+02,3.425363371779172282e-08,1.410660104787921987e-04,3.721460364256820239e-03
3.799919258966274356e+02,9.233205044898964478e-08,1.540132307742891546e-04,5.266551647212188748e-03
3.811683714876386375e+02,2.378810423285083394e-07,4.366340067640135376e-04,4.344638691788109061e-03
3.823448170786498395e+02,3.252188498393257450e-07,5.949388846663546462e-04,6.579544242163084394e-03
3.835212626696610982e+02,4.399592232589355011e-07,9.406800297961021625e-04,5.234592008202389873e-03
3.846977082606723570e+02,3.308640192985501626e-07,6.496652853767100099e-04,5.919691386283044109e-03
3.858741538516835590e+02,2.098723524001979424e-07,2.052736062591783419e-04,6.263288543124719346e-03
3.870505994426947609e+02,6.374581784301033990e-08,3.659471947735908493e-04,2.118645487762561841e-03
3.882270450337060197e+02,2.455003609087828703e-07,9.872564925974627609e-04,6.433642503625518726e-03
3.894034906247172785e+02,5.501260715774291943e-07,1.718399689707246188e-03,1.431844766510370973e-02
3.905799362157284804e+02,6.388284661393671526e-07,2.054044816182025272e-03,1.324432305293280106e-02
3.917563818067396824e+02,5.902546079501283622e-07,2.164960123322982530e-03,1.017479872504071202e-02
3.929328273977509411e+02,4.320070522967102566e-07,2.000129042536343167e-03,1.132603060153541778e-02
3.941092729887621999e+02,2.906047231530578493e-07,1.502100104879535748e-03,7.041254100321832701e-03
3.952857185797734019e+02,2.246538110654158487e-07,7.888744659526761380e-04,1.657919390338963945e-03
3.964621641707846038e+02,4.799013551779465686e-08,2.148053553428723287e-04,3.072012733224367773e-03
3.976386097617958626e+02,1.771233363124095656e-07,5.157824245221458463e-04,6.997737734858805285e-03
3.988150553528071214e+02,4.159758939232167591e-07,9.025843680195696833e-04,4.025640495756701784e-03
3.999915009438183233e+02,5.626350821912772067e-07,1.093067872598501786e-03,1.349216684564952425e-02
4.011679465348295253e+02,5.286330130557950268e-07,9.798082491695506418e-04,1.311241115503480360e-02
4.023443921258407840e+02,2.554201617978615682e-07,3.731996785798984920e-04,8.812159941295761786e-03
4.035208377168520428e+02,1.355794918350431498e-07,1.809743641390731755e-04,3.152910669021819368e-03
4.046972833078632448e+02,2.988875850554141919e-07,7.214898338705170869e-04,1.005844076298928295e-02
4.058737288988744467e+02,4.472400165287595018e-07,1.036003926657262826e-03,7.794887458898868034e-03
4.070501744898857055e+02,4.594373381658397024e-07,9.988276470560134620e-04,5.331168953158602238e-03
4.082266200808969643e+02,4.286808793674144740e-07,8.521007302291498837e-04,6.217952864098926641e-03
4.094030656719081662e+02,2.235489811298287858e-07,3.600990066517727292e-04,1.961168496350159871e-03
4.105795112629193682e+02,1.204767861385020551e-07,1.658836569323616827e-05,7.355442186643901085e-03
4.117559568539306269e+02,1.005790510220515531e-07,8.619839420478998967e-05,7.761309373205374680e-03
4.129324024449418857e+02,5.339428281605492621e-08,3.018114163671409343e-04,3.875976681795998292e-03
4.141088480359530877e+02,1.651329971738916449e-07,1.704819405356568945e-04,8.615531435362998314e-03
4.152852936269642896e+02,2.595801092652042397e-07,2.056562984104733040e-04,3.137818530110901907e-03
4.164617392179755484e+02,2.459003387821933760e-07,1.296668241803973661e-04,4.678050198209320054e-03
4.176381848089868072e+02,3.535663950597328242e-07,1.588231285992233591e-04,7.743224645110919485e-04
4.188146303999980091e+02,4.191135731385775974e-07,2.535038310540502042e-04,3.039923435763953498e-03
4.199910759910092111e+02,4.538732746547219965e-07,3.394774958889776968e-04,7.300935534458443364e-03
4.211675215820204699e+02,4.682686706664396365e-07,6.090055888531131084e-04,6.737256406628385104e-03
4.223439671730317286e+02,4.016150688071818158e-07,9.039169912556649497e-04,3.611016598081090608e-03
4.235204127640429306e+02,2.963980988301584261e-07,1.072751875220806462e-03,9.620953261339713555e-03
4.246968583550541325e+02,2.051988547035037270e-07,1.142076170476669355e-03,1.074426351949527014e-02
4.258733039460653913e+02,2.313283274892273444e-07,1.187167144128794660e-03,9.205881575146384471e-03
4.270497495370766501e+02,3.965767546130415770e-07,1.446225990276604409e-03,1.055244691032199839e-02
4.282261951280878520e+02,5.855463343026712244e-07,1.742332508233886482e-03,1.528437432567215405e-02
4.294026407190990540e+02,6.843400006096048464e-07,1.815904616160685971e-03,1.187409650619586539e-02
4.305790863101103128e+02,7.063540631986563744e-07,1.767790557225197394e-03,4.243784637369723417e-03
4.317555319011215715e+02,6.237180659662935430e-07,1.511785184109858083e-03,8.275899121907294778e-03
4.329319774921327735e+02,4.239387903626641191e-07,9.844097157285665832e-04,5.796717614247571052e-03
4.341084230831439754e+02,2.746525283391709969e-07,5.870239291009535015e-04,1.884922869617303501e-02
4.352848686741552342e+02,7.637788019063825002e-08,2.942324617893596925e-04,1.725222439004288344e-02
4.364613142651664930e+02,1.609115372544041949e-07,2.223726644612398053e-04,4.632333208572310228e-03
4.376377598561776949e+02,3.171910604093093261e-07,4.315072900173484347e-04,6.112995221341219199e-03
4.388142054471888969e+02,5.065924595249643508e-07,8.369137389369420187e-04,6.162233314595655549e-03
4.399906510382001557e+02,4.938845031420972435e-07,8.893449959574417640e-04,7.384997369362481488e-03
4.411670966292114144e+02,3.389244737091000308e-07,7.045497519723232290e-04,6.321825333614495938e-03
4.423435422202226164e+02,2.511427230453359450e-07,8.766273339706713704e-04,4.461796368181766836e-03
4.435199878112338183e+02,1.713403495702393551e-07,8.869302958470253384e-04,8.055505763142850259e-03
4.446964334022450771e+02,9.601225214809799401e-08,7.769404218201278163e-04,5.147517044533843518e-03
4.458728789932563359e+02,1.365475086220136171e-07,5.812196419341773704e-04,4.347895240852757935e-03
4.470493245842675378e+02,4.892462781970088140e-07,5.420802133061425115e-04,9.342728420661727470e-03
4.482257701752787398e+02,6.228636173085642014e-07,9.790478438758995310e-04,1.495224776951252325e-02
4.494022157662899986e+02,4.310368352961285755e-07,6.519129412035758403e-04,1.432933207599001828e-02
4.505786613573012573e+02,4.877118682373557487e-07,5.903812990731335114e-04,1.328238936728162733e-02
4.517551069483124593e+02,5.808265455315466926e-07,8.537210637573313310e-04,3.337417552923831795e-03
4.529315525393236612e+02,5.697818647638662722e-07,9.265441507599330318e-04,7.872785740693550097e-03
4.541079981303349200e+02,5.047179565212683434e-07,8.136853649061292658e-04,4.837647323909652179e-03
4.552844437213461788e+02,4.719794403790254877e-07,6.892042472315979430e-04,1.033565336005067350e-02
4.564608893123573807e+02,4.654571159675260877e-07,6.846271958803402035e-04,4.268640953323566550e-03
4.576373349033685827e+02,3.232786693780158320e-07,2.172236898739000346e-04,6.513178447421942921e-03
4.588137804943798415e+02,2.904423266752233443e-07,3.334406180418090886e-04,2.031986445760281500e-03
4.599902260853911002e+02,2.993619167223404501e-07,8.457305246260881726e-04,4.826977760751032138e-03
4.611666716764023022e+02,5.412692077437847239e-07,1.400762841905543602e-03,8.456204730243240810e-04
4.623431172674135041e+02,8.328898326966591500e-07,1.811547624203878847e-03,8.188546494756325858e-03
4.635195628584247629e+02,1.014210192320523920e-06,2.127180488624001286e-03,1.001664315936782665e-02
4.646960084494360217e+02,1.029483463369119905e-06,2.390752706943746926e-03,1.243143549753215199e-02
4.658724540404472236e+02,9.810279964737143199e-07,2.545025531307807450e-03,1.752208828842146196e-02
4.670488996314584256e+02,8.874134677641556506e-07,2.304584049852056223e-03,6.640424272831576581e-03
4.682253452224696844e+02,7.101496604196047965e-07,1.596544994106427473e-03,8.834181181707147570e-03
4.694017908134809431e+02,4.116117100832496542e-07,6.983047461761599916e-04,6.979939662393978318e-03
4.705782364044921451e+02,1.773624845548533847e-07,5.766346721747260583e-04,6.765301576320545580e-03
4.717546819955033470e+02,3.390093664052043551e-07,5.457658629518034703e-04,1.207600340540889057e-02
4.729311275865146058e+02,3.640747108164216426e-07,4.222316373663555656e-05,1.190072197404987674e-02
4.741075731775258646e+02,3.602494971270344429e-07,7.404332386342695480e-04,3.559226602995268704e-03
4.752840187685370665e+02,3.307530295427897205e-07,1.205651439105000916e-03,3.380024349678333300e-03
4.764604643595482685e+02,2.488270794375899565e-07,1.090604127697739545e-03,6.540527871483749721e-03
4.776369099505595273e+02,8.615929652406195709e-08,4.699828076975418522e-04,5.450546740657135139e-03
4.788133555415707860e+02,1.526725323107247753e-07,2.469228626897518883e-04,6.279472920406419835e-03
4.799898011325819880e+02,2.773361645534323509e-07,7.759627471362127559e-04,3.874974645878102517e-03
4.811662467235931899e+02,3.241147636434925461e-07,8.205640450765829550e-04,9.880267811350609830e-03
4.823426923146044487e+02,3.496031165427587356e-07,5.716370752291599806e-04,8.773174878363111315e-03
4.835191379056157075e+02,4.394641422285375716e-07,6.854840288954743227e-04,8.450073746479934075e-03
4.846955834966269094e+02,3.443780194057431593e-07,4.620264677392088939e-04,1.176855366576212356e-02
4.858720290876381114e+02,3.939969598998557625e-07,5.534919700435084406e-04,1.556734326127764620e-02
4.870484746786493702e+02,3.848202381037960962e-07,7.189043416124835540e-04,1.313585678251123073e-02
4.882249202696606289e+02,1.753303809214191666e-07,2.048154266845568917e-04,1.011730485004400104e-02
4.894013658606718309e+02,2.177178599598577449e-07,4.385306805572979257e-04,2.237927907980668315e-03
4.905778114516830328e+02,1.369032528596086926e-07,2.890819687591100469e-04,4.263072708595039978e-03
4.917542570426942916e+02,9.935735917071025210e-08,1.125926627541045083e-04,3.456379682845877807e-03
4.929307026337055504e+02,1.104507909982536931e-07,1.898828708877837860e-04,4.300724645487802658e-03
4.941071482247167523e+02,1.711900936626939672e-07,4.518329302766808768e-04,7.764766549543103934e-03
4.952835938157279543e+02,1.865091556857605467e-07,5.889508351025272547e-04,1.365296378468147144e-02
4.964600394067392131e+02,3.836307928089497793e-07,9.353136584817154514e-04,4.874207408478225395e-03
4.976364849977504718e+02,6.774985929199171144e-07,1.558988230412428587e-03,4.580700788974858585e-03
4.988129305887616738e+02,9.157689641462865616e-07,2.338849574566317317e-03,6.986163499670766663e-03
4.999893761797728757e+02,9.559159119662575359e-07,2.912728396550046551e-03,4.077866763204620465e-03
5.011658217707841345e+02,8.175661395610566295e-07,3.047492620076526319e-03,1.289359076670136550e-02
5.023422673617953933e+02,6.243637267339996069e-07,2.619178341775829210e-03,2.432217578093603255e-02
5.035187129528065952e+02,5.511669195085934939e-07,1.964427891549466558e-03,2.102487174698750363e-02
5.046951585438177972e+02,5.488219114734502411e-07,1.496236127429057938e-03,4.229260225503531090e-03
5.058716041348290560e+02,5.342623515879412645e-07,1.454159729929972158e-03,4.609437852048855165e-03
5.070480497258403147e+02,4.134636824396858167e-07,1.317802690371922035e-03,9.598638397885122034e-03
5.082244953168515167e+02,2.478053008636534186e-07,7.478475109506741835e-04,7.263486038655546199e-03
5.094009409078627186e+02,2.307284085774071375e-07,4.779857026070249678e-04,4.817058157297693030e-03
5.105773864988739774e+02,2.678550664118628486e-07,8.306048408554212933e-04,1.032349430922739446e-02
5.117538320898852362e+02,9.425173284849002569e-08,8.390457351896684355e-04,8.466891439358857283e-03
5.129302776808964381e+02,1.655553906984440067e-07,5.250071299752784477e-04,1.248056906044081593e-02
5.141067232719076401e+02,4.156375512165442294e-07,7.062359072629399498e-04,8.257119994247221276e-03
5.152831688629189557e+02,4.741977732428104838e-07,1.043893336564355326e-03,2.824672404569990216e-03
5.164596144539301577e+02,5.060521283772932489e-07,1.398036751326296821e-03,1.027753099304965813e-02
5.176360600449413596e+02,3.784136650784207111e-07,1.207753669288041433e-03,1.417107849711235143e-02
5.188125056359525615e+02,1.374969475883716870e-07,5.516959743535015774e-04,5.155032614259789231e-03
5.199889512269637635e+02,2.743721320909951009e-07,1.031047579499367759e-03,5.485504475289830484e-03
5.211653968179750791e+02,5.967170821810957122e-07,1.647555869240204104e-03,1.484791258887560974e-03
5.223418424089862810e+02,5.890657073816945508e-07,1.137660842657453337e-03,1.646542228857118470e-02
5.235182879999974830e+02,3.194823233354531667e-07,1.851150983065446296e-03,2.022809283250495346e-02
5.246947335910087986e+02,5.105791843537134558e-07,1.547489860841325940e-03,5.524894981163260693e-03
5.258711791820200006e+02,3.496049366418741747e-07,3.152399392640035242e-04,1.471826672077793802e-02
5.270476247730312025e+02,2.611568264744185659e-07,8.332897890166079328e-05,8.614666087846842638e-03
5.282240703640424044e+02,2.542274155948348303e-07,1.325422639316663231e-04,7.301465367406619923e-03
5.294005159550536064e+02,2.692985569207609836e-07,3.456924898198002628e-04,4.829477488475782815e-03
5.305769615460649220e+02,2.521680053445931499e-07,5.516395015844181328e-04,4.965025358199020439e-03
5.317534071370761239e+02,1.978337185574930043e-07,9.772269419032195755e-04,1.199710642160209569e-02
5.329298527280873259e+02,2.931465659545090749e-07,1.408311480774536049e-03,3.177133555191970042e-03
5.341062983190986415e+02,5.445586346411184124e-07,2.040902278758644894e-03,1.030240935685567197e-02
5.352827439101098435e+02,8.206178831997690106e-07,2.812096102782450993e-03,1.311352100929142131e-02
5.364591895011210454e+02,1.032900722632600591e-06,3.350422152175852250e-03,8.054771662253412332e-03
5.376356350921322473e+02,1.219016962963291618e-06,3.689456964317708396e-03,1.487254209108699026e-03
5.388120806831434493e+02,1.283397975385362328e-06,3.639240546218260475e-03,6.317981930315099554e-03
5.399885262741547649e+02,1.116451271378390767e-06,3.122896823769801510e-03,2.861966545510162552e-02
5.411649718651659668e+02,8.856515813999471042e-07,2.648080028408788048e-03,3.225817700574964975e-02
5.423414174561771688e+02,7.002541940489036132e-07,2.225583789972029793e-03,9.427856486552428639e-03
5.435178630471884844e+02,5.499703268780962514e-07,1.699970715920719926e-03,8.334912744525397807e-03
5.446943086381996864e+02,2.623584377701061259e-07,8.411026665290198415e-04,8.218526074217321828e-03
5.458707542292108883e+02,1.468957860816760373e-07,6.095885456150431552e-04,7.794951114245839835e-03
5.470471998202220902e+02,4.920667363081665245e-07,1.375956325689381941e-03,9.166897670442165566e-03
5.482236454112332922e+02,6.298516501916702633e-07,1.706214719208249764e-03,1.286348198116981853e-02
5.494000910022446078e+02,4.381043782506198816e-07,1.337939991870921996e-03,9.210508850878309714e-03
5.505765365932558097e+02,2.158212763457944569e-07,9.773620592603857269e-04,9.265715445092085473e-03
5.517529821842670117e+02,2.622341816634731377e-07,9.003343764719580217e-04,8.331350383459560499e-03
5.529294277752783273e+02,3.166991896489330041e-07,9.049898092077275505e-04,6.128945844137340983e-03
5.541058733662895293e+02,3.070516168748653635e-07,1.092619595472758961e-03,1.019279204235507864e-02
5.552823189573007312e+02,9.502960873557062976e-08,1.009194757907270514e-03,1.113508572655527024e-02
5.564587645483119331e+02,2.797085352909090593e-07,8.803648949414618827e-04,7.099093235409850364e-03
5.576352101393231351e+02,6.638018438104495050e-07,1.422421918992327651e-03,8.142640998828431023e-03
5.588116557303344507e+02,7.334444392770495388e-07,1.729395527280921507e-03,4.083889038183186916e-03
5.599881013213456527e+02,2.642843674258931890e-07,9.731177416303765908e-04,2.602759360166824465e-02
5.611645469123568546e+02,1.469312618019237323e-07,8.587549383680030766e-04,2.069408709519445291e-02
5.623409925033681702e+02,3.811048386153413964e-07,1.230459325097615648e-03,7.497933781072960678e-03
5.635174380943793722e+02,4.265440809883083385e-07,1.258164857649577426e-03,1.133080777631601324e-02
5.646938836853905741e+02,3.291112333025583551e-07,8.546835126920376575e-04,9.974405692795906136e-03
5.658703292764017760e+02,8.333722485726816813e-08,1.744331193308084878e-04,1.020228133479017703e-02
5.670467748674129780e+02,2.040988253231679846e-07,9.319908261879782194e-04,6.021669632728542630e-03
5.682232204584242936e+02,6.542725032485287001e-07,2.199292483211569543e-03,1.069876692385994359e-02
5.693996660494354956e+02,1.115858320792942252e-06,3.457314491370808585e-03,1.162065699113890536e-02
5.705761116404466975e+02,1.489625375161838916e-06,4.667421054588849656e-03,1.233524926873989618e-02
5.717525572314580131e+02,1.811392510733201111e-06,6.022568309095891088e-03,1.302776164228736620e-02
5.729290028224692151e+02,1.995180432288854893e-06,6.958169348358586928e-03,1.266281091012566931e-02
5.741054484134804170e+02,2.159679258872482669e-06,7.433551770801249264e-03,2.099476880865816866e-02
5.752818940044916189e+02,2.293000008122322497e-06,7.567733763719237255e-03,1.922151418114941696e-02
5.764583395955028209e+02,2.214102478039940141e-06,7.314317592155655974e-03,2.086913588371495584e-02
5.776347851865141365e+02,1.867723819624243623e-06,6.556366613130869096e-03,4.099291739936672396e-02
5.788112307775253385e+02,1.558620112088272797e-06,5.642710814497265207e-03,4.210972667781382600e-03
5.799876763685365404e+02,1.402293187558791300e-06,4.658702869095321560e-03,2.438190690125688342e-02
5.811641219595478560e+02,1.164416108051465732e-06,3.650499568194016768e-03,1.676590475556027915e-02
5.823405675505590580e+02,7.538067860115420276e-07,2.919334577374137207e-03,8.868986506077168597e-03
5.835170131415702599e+02,6.981139806350177754e-07,2.946029498054728718e-03,1.022398670015796547e-02
5.846934587325814618e+02,1.243593032872160994e-06,4.059415576508142685e-03,1.188275177141686310e-02
5.858699043235926638e+02,1.694173817942570864e-06,5.494113909978923065e-03,1.298676725156954100e-02
5.870463499146039794e+02,1.866756402549009586e-06,6.459525005390480412e-03,6.900098639946563965e-03
5.882227955056151814e+02,1.965160565763018542e-06,7.027762104247387530e-03,4.787745898329328828e-03
5.893992410966263833e+02,2.048218550524943045e-06,7.292485832330159248e-03,1.261561558189765175e-02
5.905756866876376989e+02,1.711595627772364842e-06,6.187131541261763935e-03,1.071329822344596790e-02
5.917521322786489009e+02,1.199489793141797808e-06,4.554826292054518257e-03,1.367331844386002887e-02
5.929285778696601028e+02,1.213266983379581800e-06,4.264162067989199500e-03,1.454996170609357611e-02
5.941050234606713047e+02,2.023591621391133962e-06,6.524016122281574293e-03,1.190636203977621550e-02
5.952814690516825067e+02,8.732321732124307035e-06,3.009906271144948200e-02,5.690820019344706993e-02
5.964579146426938223e+02,1.853025826997553588e-05,6.583452358571227625e-02,9.181875445145828984e-02
5.976343602337050243e+02,1.707603796058286891e-05,6.014865960036414744e-02,7.588274796487431972e-02
5.988108058247162262e+02,7.094042732002628951e-06,2.492960404657036319e-02,3.738329601842543815e-02
5.999872514157275418e+02,2.066322052902000696e-06,7.668018503018547358e-03,1.603411253917161675e-02
6.011636970067387438e+02,1.520537086477039162e-06,5.409573661507570061e-03,1.115571987571377204e-02
6.023401425977499457e+02,1.183652533441597945e-06,3.686001428290837639e-03,5.029143231900779637e-03
6.035165881887611476e+02,8.514121311556168663e-07,2.979595563541618999e-03,1.049603614654495004e-02
6.046930337797723496e+02,1.153250157415452052e-06,4.484243892678358920e-03,1.637587263762068507e-02
6.058694793707836652e+02,1.849145663807318274e-06,6.621418589892898859e-03,1.248500511792030761e-02
6.070459249617948672e+02,2.483910113682241627e-06,8.600757513723038608e-03,6.643766014637030905e-03
6.082223705528060691e+02,2.840352502422212695e-06,9.860164563148598321e-03,5.968730114735295265e-03
6.093988161438173847e+02,2.927935626949192122e-06,1.034953339375849560e-02,9.205693600536113061e-03
6.105752617348285867e+02,2.842012192536526584e-06,1.031171510009742075e-02,1.259409652678846088e-02
6.117517073258397886e+02,2.712847120678249276e-06,1.010154077806598577e-02,3.096024655479944800e-03
6.129281529168509906e+02,2.463504829648419230e-06,9.365500633087242913e-03,2.097419129387098971e-02
6.141045985078621925e+02,2.019557363578764619e-06,7.864051312000391175e-03,2.096465299105739963e-02
6.152810440988735081e+02,1.370949395803312289e-06,5.543195376675073838e-03,8.360132990232740577e-03
6.164574896898847101e+02,7.594160246891624005e-07,2.947777318688011693e-03,1.338210056078258277e-02
6.176339352808959120e+02,6.087843501095439979e-07,1.288191302838595292e-03,1.051824017790102019e-02
6.188103808719072276e+02,7.114751426875410064e-07,1.929014320904771885e-03,3.605817202935391892e-03
6.199868264629184296e+02,6.373414106417566244e-07,2.597425011004188006e-03,5.368902655506734879e-03
6.211632720539296315e+02,5.632316448633408490e-07,2.928832963256219283e-03,7.195625377098839766e-03
6.223397176449408335e+02,6.682254008590504769e-07,2.997453897961202107e-03,1.248801736808234815e-02
6.235161632359520354e+02,6.444754131478720422e-07,2.348275756177417919e-03,1.086786581023737458e-02
6.246926088269633510e+02,5.034100497173968295e-07,1.367865308975903900e-03,1.057672494120125151e-02
6.258690544179745530e+02,3.222866954447575037e-07,4.034682853389519905e-04,1.682565657483969628e-03
6.270455000089857549e+02,2.782894133717437294e-07,7.361114280633319733e-04,3.270562175492434682e-03
6.282219455999970705e+02,3.547801572163794814e-07,1.241049880059765876e-03,4.858484036298782276e-03
6.293983911910082725e+02,2.937035743658068324e-07,1.120662839920863896e-03,1.115522817708818233e-02
6.305748367820194744e+02,2.298393600441448226e-07,8.191825721172609062e-04,1.518733183379194530e-02
6.317512823730306764e+02,2.164452189457899482e-07,1.064429499508588554e-03,6.902349395950068203e-03
6.329277279640418783e+02,7.352647992286091884e-07,2.632486432645107961e-03,2.253561999847500733e-02
6.341041735550531939e+02,5.412856360795493079e-07,2.085324815520774987e-03,2.063886801261323456e-02
6.352806191460643959e+02,2.824073558019091591e-07,1.262658305705847842e-03,1.966668021239875025e-02
6.364570647370755978e+02,3.221387895146272012e-07,1.143161667460180836e-03,1.002998490914123152e-02
6.376335103280869134e+02,3.450976702255698550e-07,1.095386646353331160e-03,1.261751626854802286e-02
6.388099559190981154e+02,2.066783654275394501e-07,6.197797417788694380e-04,1.554891283462030496e-02
6.399864015101093173e+02,4.078653495000271616e-08,7.840771300175283678e-05,8.238931101602252338e-03
6.411628471011205193e+02,1.425062333141843101e-07,3.735240792670014610e-04,7.631952662511931607e-03
6.423392926921317212e+02,2.883878648315153410e-07,9.438548378199644942e-04,1.091937570046778300e-02
6.435157382831430368e+02,3.998774854460203262e-07,1.602407175027429319e-03,9.988936750768258668e-03
6.446921838741542388e+02,5.313854414607776928e-07,2.341138658250197391e-03,5.370430468491498022e-03
6.458686294651654407e+02,6.143668417906569659e-07,2.815328382751228035e-03,1.920295523925101035e-03
6.470450750561767563e+02,6.385686306576271025e-07,2.847337562762074052e-03,7.742024991234923263e-03
6.482215206471879583e+02,7.067358171096430756e-07,2.822111303453694875e-03,1.820416166302369146e-02
6.493979662381991602e+02,7.145931354160695570e-07,2.556696731109622724e-03,2.059909795290447432e-02
6.505744118292103622e+02,5.760327205447202947e-07,2.033131116794318662e-03,1.236151032165822700e-02
6.517508574202215641e+02,4.348250784295292124e-07,1.657259645871504618e-03,5.955762280535037770e-03
6.529273030112328797e+02,3.220831831329624030e-07,1.159061868923920088e-03,1.538040568808325508e-02
6.541037486022440817e+02,2.891999533360278273e-07,7.265216822146388850e-04,8.957317425910188424e-03
6.552801941932552836e+02,2.307341431188667764e-07,6.981145539887532048e-04,9.248414703727560540e-03
6.564566397842665992e+02,1.257074080390259574e-07,9.387240611580137048e-04,5.760922192356559418e-03
6.576330853752778012e+02,2.972307613331796982e-07,1.106391629902517271e-03,6.265994165013310732e-03
6.588095309662890031e+02,3.988318431910503926e-07,1.103819887700120033e-03,4.735329062669123290e-03
6.599859765573002051e+02,4.124068204218385316e-07,1.073724821485653449e-03,4.057071032464274959e-03
6.611624221483114070e+02,2.353973540198776800e-07,6.033994934169127026e-04,8.519888087370678167e-03
6.623388677393227226e+02,1.020920651155661142e-07,3.843872356975313481e-04,8.943141210671124580e-03
6.635153133303339246e+02,1.924147453650734180e-07,7.825530280010128178e-04,4.867445217907700322e-03
6.646917589213451265e+02,1.302840200812083279e-07,6.540824701976346829e-04,4.264094430030609603e-03
6.658682045123564421e+02,1.046347387293662531e-07,4.070153132709159816e-04,3.749923890985203210e-03
6.670446501033676441e+02,7.661027412114266247e-08,3.514915925149213497e-04,9.859563332806804692e-03
6.682210956943788460e+02,1.651008467728591863e-07,7.237538413392424633e-04,1.328183953256177781e-02
6.693975412853900480e+02,4.960527763761229782e-07,1.660490069304245645e-03,1.301585551952617881e-02
6.705739868764012499e+02,4.522755670022493328e-07,1.809187321189530129e-03,1.477392967627380593e-02
6.717504324674125655e+02,4.538113127738192904e-07,2.161273353664004779e-03,1.142624136134569139e-02
6.729268780584237675e+02,4.275859022458626320e-07,1.847173310345602863e-03,1.585826367170650036e-02
6.741033236494349694e+02,3.030492395468697720e-07,1.062883952483741979e-03,6.395321310013218040e-03
6.752797692404462850e+02,2.446323360253692102e-07,5.774375397128365776e-04,1.215230377254722209e-02
6.764562148314574870e+02,1.968583506714894195e-07,5.591247149700292888e-04,4.092291393232465324e-03
6.776326604224686889e+02,8.944160579911958655e-08,5.076995639386493783e-04,3.669126034514321073e-03
6.788091060134798909e+02,1.562749289734124782e-07,5.683910263443827434e-04,2.153665359794147954e-03
6.799855516044910928e+02,2.665775869997007101e-07,8.436819382104772868e-04,5.228434982720008353e-03
6.811619971955024084e+02,2.964340017819041303e-07,1.053244943460291284e-03,3.868796909598154910e-03
6.823384427865136104e+02,2.786093500766819483e-07,1.204330957519592245e-03,2.083360884564994849e-03
6.835148883775248123e+02,2.999133727708037868e-07,1.419693958629254620e-03,6.554965662475456707e-03
6.846913339685361279e+02,3.553550704981111552e-07,1.656096267421631628e-03,1.114853524393059729e-02
6.858677795595473299e+02,2.766661006972339424e-07,1.236290998560397045e-03,1.063510946718151245e-02
6.870442251505585318e+02,1.849393437013873916e-07,7.857432020937705260e-04,8.745092318047003113e-03
6.882206707415697338e+02,1.112570217316304372e-07,4.700840819230798183e-04,9.404009625719605969e-03
6.893971163325809357e+02,1.921447341948393019e-07,6.707533367037875251e-04,1.268904666999080659e-02
6.905735619235922513e+02,2.899406657469666366e-07,8.750717214612280508e-04,5.476399059999415876e-03
6.917500075146034533e+02,2.869463819388443966e-07,8.818111079703400568e-04,9.496940773799119120e-03
6.929264531056146552e+02,1.994384586291068110e-07,7.826739929883856422e-04,1.031528885577201980e-02
6.941028986966259708e+02,1.366826278348036483e-07,7.530606584106644798e-04,8.177844151905653072e-03
6.952793442876371728e+02,1.310439827971447246e-07,5.376823065923739316e-04,7.105112352955478446e-03
6.964557898786483747e+02,1.555314128378136856e-07,5.274926282224586026e-04,4.442935038072050140e-03
6.976322354696595767e+02,2.207495196659237674e-07,7.663039832946620276e-04,4.086826362503656433e-03
6.988086810606707786e+02,1.933061942433032124e-07,6.320195268869996819e-04,1.251559369578938638e-02
6.999851266516820942e+02,1.799935534873504747e-07,5.751635979579792016e-04,1.082710999107622252e-02
7.011615722426932962e+02,1.442835051997371993e-07,6.027010504233110090e-04,7.300345364539205864e-03
7.023380178337044981e+02,5.664285924208393317e-08,2.680496032980879948e-04,6.582260649693800862e-03
7.035144634247158137e+02,7.126715984216500249e-08,1.195098886137827872e-04,2.859176203446652919e-03
7.046909090157270157e+02,2.461657383403621355e-08,3.063243707353641913e-04,8.822732501225064722e-03
7.058673546067382176e+02,2.379969459322257700e-07,1.183047385545662024e-03,1.864251927092854325e-02
7.070438001977494196e+02,3.122380405445674668e-07,1.246138795780889685e-03,1.573293389400162723e-02
7.082202457887606215e+02,1.008750731911396368e-07,3.256742204691019855e-04,1.033900265320400122e-02
7.093966913797719371e+02,2.576309265398431500e-08,3.720159153182100152e-04,1.368483236369515479e-02
7.105731369707831391e+02,8.239210350465544439e-08,4.236379184808942424e-04,7.042213501857610448e-03
7.117495825617943410e+02,1.105824168607645862e-07,5.655335462080209865e-04,9.374866588876956675e-03
7.129260281528056566e+02,1.018259425594567147e-07,4.750111795571946975e-04,6.725596851034683181e-03
7.141024737438168586e+02,7.673816585556071448e-08,4.233310582733941833e-04,1.685256213816738180e-03
7.152789193348280605e+02,1.497653669182758517e-07,6.314869043804372971e-04,3.807738009897902991e-03
7.164553649258392625e+02,1.436301320240705575e-07,5.399197533856093557e-04,9.423246002895343393e-03
7.176318105168504644e+02,1.398355362658184139e-07,5.207226239338319474e-04,8.929062999058094696e-03
7.188082561078617800e+02,1.040593358945092000e-07,3.047341733534276683e-04,9.876138979489379813e-03
7.199847016988729820e+02,1.256340589025120673e-07,4.110452491325263685e-04,5.986449170270880318e-03
7.211611472898841839e+02,1.138230225107064453e-07,6.336162443895729636e-04,9.974312991375263934e-03
7.223375928808954995e+02,4.751118529637054546e-08,5.465950449911247382e-04,1.497737907190789530e-02
7.235140384719067015e+02,8.364828650924385849e-08,3.887508911165063127e-04,1.187040966417988314e-02
7.246904840629179034e+02,1.254847785975545106e-07,3.427807164569552810e-04,1.264490576198220965e-02
7.258669296539291054e+02,1.161691019434571086e-07,2.956535878331452210e-04,5.836115213469424655e-03
7.270433752449403073e+02,9.243336631334288043e-08,3.029822851193413112e-04,9.548358415150370523e-03
7.282198208359516229e+02,1.130287424020379445e-07,3.157124350729607334e-04,1.261787843107703942e-02
7.293962664269628249e+02,6.507019937870850375e-08,1.575267629565995460e-04,2.629840115804526601e-03
7.305727120179740268e+02,9.078047092687262565e-08,3.420798476394752274e-04,6.138384823149723932e-03
7.317491576089853424e+02,9.470516291736101293e-08,1.386528419192643803e-04,8.544067585603462231e-03
7.329256031999965444e+02,9.433688413880614354e-08,2.614856077603386862e-04,3.603855049936813357e-03
7.341020487910077463e+02,1.245401710695213810e-07,2.632315239402083858e-04,5.116190675952943419e-03
7.352784943820189483e+02,1.260117728746562770e-07,1.933845802651011636e-04,6.697184239351714787e-03
7.364549399730301502e+02,5.946097947353465139e-08,1.030915773619831124e-04,3.959617273005569017e-03
7.376313855640414658e+02,6.617878549480530839e-08,1.139206438890761925e-04,7.130635194517675156e-03
7.388078311550526678e+02,7.877765924276436709e-08,4.720656757235613347e-04,6.509580175969882816e-03
7.399842767460638697e+02,4.710523302064682722e-08,5.544991695715014443e-04,4.493169445725362851e-03
7.411607223370751854e+02,9.416395976827302348e-08,7.784003306856820178e-04,1.153092995762238469e-02
7.423371679280863873e+02,6.480028472087897933e-08,3.014621781030586223e-04,1.761477358250049642e-03
7.435136135190975892e+02,4.840633169094584479e-08,7.223017721103942379e-04,1.240015514813897976e-02
7.446900591101087912e+02,1.347983510137579755e-07,8.358153944656929180e-04,1.830934524540470121e-02
7.458665047011199931e+02,1.532293422466839711e-07,7.305941066311101833e-04,1.207555723677005387e-02
7.470429502921313087e+02,1.647719049273546569e-07,7.425846092773443060e-04,1.250087447182962434e-02
7.482193958831425107e+02,1.943422075303676059e-07,7.152954113529448859e-04,1.281091203652582992e-02
7.493958414741537126e+02,1.666452454401299227e-07,5.905911349033266932e-04,4.446552359428847245e-03
7.505722870651650283e+02,1.291771681633591380e-07,6.554115073580417047e-04,4.523180335657407160e-03
7.517487326561762302e+02,1.168279522672298987e-07,5.539400046938717549e-04,1.689525629431989267e-03
7.529251782471874321e+02,1.787101328296731584e-07,3.895066430227375081e-04,3.869418902078251409e-03
7.541016238381986341e+02,2.176368028181251703e-07,3.805721959538141299e-04,6.349010635338155767e-03
7.552780694292098360e+02,2.129914580050271653e-07,3.933805784097725838e-04,1.527642263200076813e-03
7.564545150202211516e+02,1.441508896628280562e-07,4.797062350348636870e-04,6.307512813201530781e-03
7.576309606112323536e+02,5.541648109141646346e-08,6.086001180925341720e-04,1.602171298271050717e-02
7.588074062022435555e+02,7.100113861380222600e-08,5.973330932435437675e-04,1.639716510359327459e-02
7.599838517932548712e+02,1.677600052746382633e-07,5.488691647878718308e-04,8.657466905915326208e-03
7.611602973842660731e+02,2.598809564843142706e-07,4.689076481064875465e-04,9.239506631627890376e-03
7.623367429752772750e+02,2.440211869695991953e-07,3.906264843509248564e-04,5.226261242226166483e-03
7.635131885662884770e+02,1.714172611548442661e-07,2.730140846007619686e-04,5.235059998390085255e-03
7.646896341572996789e+02,8.319503464716361436e-08,2.562321915474058756e-04,6.926971697014488311e-03
7.658660797483109945e+02,7.240432735561577086e-08,5.336648201188767728e-04,3.569355926649055415e-03
7.670425253393221965e+02,2.081222783157062442e-07,8.883322720183467903e-04,4.920569863435541452e-03
7.682189709303333984e+02,2.166569284415911601e-07,8.375115283407568714e-04,9.071847261311423091e-03
7.693954165213447141e+02,1.681574676182326605e-07,6.445527367619709354e-04,7.847701022988276542e-03
7.705718621123559160e+02,1.200724812823475432e-07,4.793217369451972494e-04,6.757554991325988997e-03
7.717483077033671179e+02,1.069291336093440774e-07,4.105740473415760562e-04,6.855391296717533098e-03
7.729247532943783199e+02,1.439917058400585823e-07,4.996521363368623247e-04,8.140790312358750155e-03
7.741011988853895218e+02,9.985313645445847257e-08,3.539065429600533517e-04,6.458266664475845707e-03
7.752776444764008374e+02,6.182371238530071520e-08,8.985567090740088263e-05,4.791692640188818797e-03
7.764540900674120394e+02,1.436602646294807524e-08,2.122535489619482754e-04,4.375506319173765035e-03
7.776305356584232413e+02,7.321440479338122466e-08,2.499350089942947955e-04,5.917244641696091552e-03
7.788069812494345570e+02,2.208359568238799424e-08,1.605271796011369307e-04,5.702471201850704309e-03
7.799834268404457589e+02,6.949951919084856263e-08,4.340540515473715840e-04,1.554046258377279758e-03
7.811598724314569608e+02,1.595522278199734486e-07,5.014580663378885063e-04,2.490402955425574227e-03
7.823363180224681628e+02,8.245982315374547142e-08,1.013702119953535500e-04,2.796855475668365374e-03
7.835127636134793647e+02,2.430492209539639735e-08,3.597278868442569462e-04,7.678352470230865798e-03
7.846892092044906803e+02,4.821164243930682896e-08,5.199012843190307974e-04,1.041604676360187443e-02
7.858656547955018823e+02,1.268111343874393480e-07,2.896202512923157679e-04,9.173921347305413407e-03
7.870421003865130842e+02,1.178542644997888747e-07,2.615396087512703981e-04,7.889667168223623780e-03
7.882185459775243999e+02,1.881954485689835654e-07,5.253525692406784461e-04,2.659940186406651794e-03
7.893949915685356018e+02,1.228835355133096268e-07,2.258371713622411554e-04,3.930737211025769028e-03
7.905714371595468037e+02,5.595640144205474295e-08,9.003157391797486349e-05,7.469783489957069512e-03
7.917478827505580057e+02,1.681608316740697609e-08,1.865348991536803038e-04,8.389268375960099930e-03
7.929243283415692076e+02,2.516228009248237303e-08,3.274786879830019729e-04,3.394047518556193074e-03
7.941007739325805233e+02,4.800060627546132256e-08,1.892305541264072783e-04,1.194980642613108560e-02
7.952772195235917252e+02,7.803392090747025363e-08,7.058209658304003724e-05,1.611451762460109835e-02
7.964536651146029271e+02,1.163474659560579019e-07,1.639952430762147870e-04,9.129491410422008874e-03
7.976301107056142428e+02,1.374731641722567384e-07,2.833670552509140049e-04,1.231349126722767334e-02
7.988065562966254447e+02,1.132798335362100207e-07,2.628193397767370387e-04,4.415574076683631034e-03
7.999830018876366466e+02,6.176157363916781313e-08,1.728305567559101843e-04,1.166146897697681838e-02
8.011594474786478486e+02,4.611375553023998778e-08,1.256562884012945224e-04,1.887328584425551972e-02
8.023358930696590505e+02,4.585038888870286037e-08,1.324838265251233524e-04,1.118266512392311444e-02
8.035123386606703662e+02,1.111611656585513892e-07,3.765678521137551683e-04,5.556181964100672006e-03
8.046887842516815681e+02,1.251234413657155406e-07,3.958002115045459990e-04,4.045299552071774177e-03
8.058652298426927700e+02,7.559930871059050421e-08,2.214015122568807701e-04,1.946716404020480294e-03
8.070416754337040857e+02,6.084158694097006926e-08,2.214476804596866399e-04,4.662947810931727445e-04
8.082181210247152876e+02,2.204139446620441474e-08,1.492869757038863042e-04,2.268638466549613084e-04
8.093945666157264895e+02,4.965426326069919527e-08,3.837100208500535467e-05,2.553829719260177541e-03
8.105710122067376915e+02,6.335669552147004523e-08,4.347483886988971443e-05,5.729595254336030188e-03
8.117474577977488934e+02,1.169193555506019952e-07,1.506171685948090100e-04,2.703444392748359168e-03
8.129239033887602091e+02,1.790391150550472547e-07,2.824689890625914509e-04,9.782813684912298330e-03
8.141003489797714110e+02,1.523185703681067058e-07,3.781017228635373019e-04,8.359191323591710909e-03
8.152767945707826129e+02,1.293064394173611490e-07,2.306600001448671816e-04,3.861448373340530004e-04
8.164532401617939286e+02,7.280744926951334931e-08,4.552388770802001422e-04,7.361070476167404925e-03
8.176296857528051305e+02,1.193641542475738459e-07,8.538607854903217803e-04,1.857620321440096867e-02
8.188061313438163324e+02,2.017368517826430815e-07,8.928512399710709620e-04,2.338545233969051979e-02
8.199825769348275344e+02,1.171344911018134558e-07,5.097999310231160399e-04,9.232669022069074638e-03
8.211590225258387363e+02,2.650456254236226102e-08,2.503124503519766155e-04,6.575526327410752964e-03
8.223354681168500520e+02,2.633097844717119773e-08,2.805727417920347356e-04,9.235698316712977543e-03
8.235119137078612539e+02,3.876112311849820364e-08,1.370420358158386373e-04,6.967097206405293251e-03
8.246883592988724558e+02,3.930244308567363954e-08,1.514643859787649259e-04,4.052567870949639640e-03
8.258648048898837715e+02,6.060249648165882840e-08,2.321068007119430016e-04,4.065430278745972570e-03
8.270412504808949734e+02,8.777745413930279853e-08,3.176926040115483582e-04,5.234529247627644002e-03
8.282176960719061753e+02,4.562630395990533680e-08,2.878486533593150004e-04,3.869147318726724131e-03
8.293941416629173773e+02,1.857945642237520285e-08,2.564394880829744977e-04,9.900936776596253389e-03
8.305705872539285792e+02,2.401678712420124262e-08,1.488029401681651245e-04,1.164661438412014499e-02
8.317470328449398949e+02,2.616725861217259306e-08,5.506784359615634960e-05,4.514353030542582815e-03
8.329234784359510968e+02,6.126001505288711805e-09,7.517952301857436562e-05,1.131820561271557751e-02
8.340999240269622987e+02,3.726065325583416251e-08,1.885520520974320337e-04,1.307700127872591517e-02
8.352763696179736144e+02,9.930773323314466980e-08,3.858038619789991297e-04,6.897081925575572134e-03
8.364528152089848163e+02,1.247258422711306247e-07,5.235609218562909100e-04,2.141774202498932921e-03
8.376292607999960182e+02,1.003695446273732744e-07,4.285269787145964374e-04,3.191937823711312426e-03
8.388057063910072202e+02,1.067399578740494910e-07,5.459216343245486096e-04,9.616431634844381862e-03
8.399821519820184221e+02,6.573175343965427761e-08,3.641683983287817431e-04,9.829911970626527273e-03
8.411585975730297378e+02,6.592085409216259600e-08,2.229892272370157056e-04,8.912662767335214481e-03
8.423350431640409397e+02,7.475365835314201083e-08,4.098767519197273729e-04,7.503304955978741184e-03
8.435114887550521416e+02,3.677262108871006108e-08,4.698214233697698924e-04,2.300674564991232567e-03
8.446879343460634573e+02,6.102403728718006835e-08,4.574390688616366304e-04,1.855843056659032967e-03
8.458643799370746592e+02,1.063087552050277797e-07,4.628496142865772662e-04,2.784144897849716565e-03
8.470408255280858612e+02,5.911402808859304022e-08,2.194964159295887177e-04,5.511693249910518295e-03
8.482172711190970631e+02,5.811576431892892821e-08,3.217932241207213445e-04,4.184280960020714257e-03
8.493937167101082650e+02,8.076533547284108796e-08,4.295358171565143157e-04,8.119365332619987025e-03
8.505701623011195807e+02,7.092527612048255218e-08,8.829866247746551806e-05,7.561493669009004305e-03
8.517466078921307826e+02,2.892000975673105901e-08,2.993813722590024174e-04,3.835951216354431103e-03
8.529230534831419845e+02,5.520538414131675378e-08,4.715349926856137928e-04,7.843706994019407353e-03
8.540994990741533002e+02,8.556316640043292321e-08,4.279097050835959184e-04,8.317445911598958129e-04
8.552759446651645021e+02,5.969287507449273648e-09,2.608145038930098376e-04,8.840676446837151051e-03
8.564523902561757041e+02,3.669138464443405897e-08,3.959719159512760964e-04,5.861120254631965731e-03
8.576288358471869060e+02,4.535872043917468446e-08,1.668386193919366297e-04,4.931545790980877003e-03
8.588052814381981079e+02,4.345126026699595516e-08,3.312139929585339337e-04,6.625637290085532177e-03
8.599817270292094236e+02,1.366820416130065277e-07,4.692116494558057891e-04,7.834021436392619997e-03
8.611581726202206255e+02,1.062595708011615357e-07,2.064510938675935135e-04,1.228648188973565508e-02
8.623346182112318274e+02,1.356630590796042532e-07,4.246446714842203951e-04,1.366572603258115436e-02
8.635110638022431431e+02,7.431595130215728165e-08,5.580508455240621541e-04,1.008016911529802974e-02
8.646875093932543450e+02,2.506519874926534395e-08,3.853153152892474617e-04,9.725816278039353668e-03
8.658639549842655470e+02,3.997280238598953230e-08,2.619378087490727126e-04,4.164890478007767134e-03
8.670404005752767489e+02,3.357944149287354048e-08,2.493131634580838499e-04,7.231488556827095175e-03
8.682168461662879508e+02,1.035668506970478195e-07,5.114291904758860256e-04,1.341626616779960281e-03
8.693932917572992665e+02,1.353658349507890331e-07,4.323572793183759586e-04,1.740751323082419255e-02
8.705697373483104684e+02,1.883507435244367545e-07,5.381772746111964474e-04,1.001921319233609747e-02
8.717461829393216703e+02,1.394316298353648086e-07,1.223086244322920150e-04,9.032525374368960761e-03
8.729226285303329860e+02,6.490869758269514200e-08,1.934333662256380751e-04,1.023325085656966171e-02
8.740990741213441879e+02,3.994645487920323704e-08,3.928334220027959733e-04,6.022954211937955535e-03
8.752755197123553899e+02,5.603175835504837589e-08,2.849730129005018987e-04,5.149805135365929758e-03
8.764519653033665918e+02,7.743035361954334574e-08,3.793419295894054507e-04,1.550194995070754492e-02
8.776284108943777937e+02,1.018038154905092162e-07,2.233585483261831765e-04,1.971887425400963706e-02
8.788048564853891094e+02,8.078284931099531757e-08,7.570189997833943736e-05,1.042333449644659848e-02
8.799813020764003113e+02,3.958173279024526172e-08,3.119350093177559861e-04,9.192172252116677334e-04
8.811577476674115132e+02,3.553370246701228058e-08,2.494246224184078187e-04,5.552369501816991314e-03
8.823341932584228289e+02,4.631371743349192716e-08,1.954379725930164788e-04,9.300076746657075580e-03
8.835106388494340308e+02,5.543652973720336721e-08,8.544716282579220708e-05,7.877764224418486172e-03
8.846870844404452328e+02,9.048551566679866416e-08,1.289693375526720302e-04,5.197855418997027535e-03
8.858635300314564347e+02,7.533830827323524121e-08,2.750954510942835372e-05,4.380301745319141980e-03
8.870399756224676366e+02,1.038187245948562597e-07,1.633964852359602506e-04,7.673937898771825659e-03
8.882164212134789523e+02,1.178864435312299145e-07,2.297442955364357791e-04,5.742392344406800631e-03
8.893928668044901542e+02,5.882207392224539896e-08,8.018678529562092423e-05,5.476318252890858412e-03
8.905693123955013561e+02,4.263019981008236492e-08,2.884338741044603573e-04,4.736116585165046911e-03
8.917457579865126718e+02,3.320390227279744197e-08,3.984066733702033131e-04,4.428548479925078878e-03
8.929222035775238737e+02,6.267091470886944422e-08,4.580802068842055458e-04,1.445291187525190105e-02
8.940986491685350757e+02,1.221887442854273468e-07,3.393589074322650705e-04,9.158600738867235871e-03
8.952750947595462776e+02,6.314769807700964855e-08,1.041513381924655951e-04,5.773754116296078535e-03
8.964515403505574795e+02,1.255059998336902017e-07,3.365257419172070939e-04,5.302935200648126526e-03
8.976279859415687952e+02,8.522320198831135535e-08,4.605244053442294518e-04,2.035257661511076337e-03
8.988044315325799971e+02,2.801108113797476296e-08,2.836695747638081190e-04,3.774256011365274745e-03
8.999808771235911991e+02,3.581963331966419714e-08,1.166739154783310678e-04,2.160604770771277095e-04
9.011573227146025147e+02,3.228596302466989432e-08,2.153526791106853374e-04,3.180257771455943534e-03
9.023337683056137166e+02,1.425812774008513645e-08,1.044312320811051104e-04,2.583578781502674643e-03
9.035102138966249186e+02,2.688908703792485602e-08,1.173423586667500160e-04,3.464298306252761635e-03
9.046866594876361205e+02,1.586994603627995488e-08,5.879738014781775841e-05,6.158114711608750347e-03
9.058631050786473224e+02,3.691280900453141093e-08,1.165673058374782104e-04,7.068905719208012917e-03
9.070395506696586381e+02,6.267657675671971016e-08,1.975649175586275828e-04,1.034534245968470392e-02
9.082159962606698400e+02,9.371408963363942716e-08,3.908749070443638110e-04,8.549061361844079165e-03
9.093924418516810420e+02,9.517177081803933997e-08,4.985948416134428811e-04,1.044958573463635604e-02
9.105688874426923576e+02,9.983449113195690720e-08,5.588068767604883373e-04,1.253247192358112293e-02
9.117453330337035595e+02,1.004440950538941089e-07,4.029161536409048110e-04,9.839159489594221167e-03
9.129217786247147615e+02,9.468151627258551734e-08,2.774085379656168618e-04,4.079113566662647024e-03
9.140982242157259634e+02,7.911613047808487745e-08,8.929229467546858116e-05,5.062639210996156165e-03
9.152746698067371653e+02,1.567331547509993501e-08,5.128037468070038678e-04,1.418179706596179018e-03
9.164511153977484810e+02,5.683527404876459373e-08,6.453855388547866936e-04,8.304569536450503303e-03
9.176275609887596829e+02,8.001368184497625719e-08,7.216254750421844527e-04,7.603253697388034395e-03
9.188040065797708849e+02,5.015698620187972755e-08,5.942223032926828965e-04,7.809317619974139382e-03
9.199804521707822005e+02,7.542995182730336820e-09,3.458749378205709592e-04,3.159839288026002144e-03
9.211568977617934024e+02,5.878646776321239429e-08,2.559377793272549911e-04,3.163181594076107470e-03
9.223333433528046044e+02,1.083382271490853988e-07,2.171032880581570646e-04,6.670062624717684741e-03
9.235097889438158063e+02,4.867510923602888969e-08,1.306717516605391323e-04,1.117675348973090101e-02
9.246862345348270082e+02,6.965491133190459830e-08,1.447465429434484330e-04,6.331416522831377451e-03
9.258626801258383239e+02,5.479783326660869583e-09,1.642581797909756171e-04,1.178489816893806864e-02
9.270391257168495258e+02,5.552435037109411455e-08,2.548104863844299732e-04,4.993212550977356966e-03
9.282155713078607278e+02,5.817183171123241192e-08,4.542323689998092754e-04,1.851526975452850044e-03
9.293920168988720434e+02,6.250043137353111279e-08,4.104078391576672933e-04,7.117638530500442103e-03
9.305684624898832453e+02,1.468948096231798623e-07,8.806791678786159453e-04,1.147464160777610966e-02
9.317449080808944473e+02,5.165370437695526983e-08,6.452878800155124233e-04,2.743300608762553119e-03
9.329213536719056492e+02,4.346663825766627621e-08,4.612087190380796805e-04,8.133053881696432341e-03
9.340977992629168511e+02,7.090062231013011479e-08,4.952688382586880374e-04,1.113786567983789284e-02
9.352742448539281668e+02,1.283353769034288292e-07,1.442071740246838338e-04,6.178922439228134653e-03
9.364506904449393687e+02,1.561105635514761697e-07,1.758397520482313150e-04,1.884737134195711228e-03
9.376271360359505707e+02,1.233521916327334624e-07,2.634056526080007644e-04,1.503414807504425531e-03
9.388035816269618863e+02,8.857111823016412780e-08,1.460297887654367214e-04,4.562772187591178363e-03
9.399800272179730882e+02,6.949851029631334226e-08,1.564467106597812115e-04,2.378208089896104160e-03
9.411564728089842902e+02,8.379595461491179681e-08,2.043026274078506993e-04,8.705060831988855122e-03
9.423329183999954921e+02,9.312692564894369465e-08,2.991902340748602571e-04,5.657134575250265252e-03
9.435093639910066941e+02,1.146313763231000857e-07,3.211681974821744244e-04,1.070617699757855056e-02
9.446858095820180097e+02,9.604186028165130840e-08,1.829925807536469267e-04,6.601604611503540145e-03
9.458622551730292116e+02,8.652044777364061623e-08,9.635179112843903122e-05,8.082299314452848563e-03
9.470387007640404136e+02,8.688951085869088850e-08,2.528535867086507244e-04,1.065247324195653378e-02
9.482151463550517292e+02,3.516690047627194980e-08,2.933295782555742255e-04,6.172217539214855733e-03
9.493915919460629311e+02,2.094609448873960664e-08,2.354955855720204053e-04,7.418687971923445569e-03
9.505680375370741331e+02,5.434268239952702835e-08,1.897724903132563573e-04,1.067746158256063088e-02
9.517444831280853350e+02,8.951177354642968751e-08,2.829191537027443996e-04,1.478312730427329587e-02
9.529209287190965370e+02,7.288654474140977475e-08,3.360711496676976298e-04,1.054585781532771382e-02
9.540973743101078526e+02,4.794552246546014673e-08,3.350083941070978425e-04,1.258286753051276671e-03
9.552738199011190545e+02,4.878657029768120666e-08,4.316765796048680935e-04,2.904246498525935027e-03
9.564502654921302565e+02,2.602906657266330441e-08,3.796144577494593914e-04,2.455707518172018430e-03
9.576267110831415721e+02,6.016301714738889568e-09,2.792870784383408083e-04,3.438179306175505063e-03
9.588031566741527740e+02,3.710836133007462760e-08,9.541754427811644402e-05,4.203103413432211777e-03
9.599796022651639760e+02,3.301009777792107759e-08,1.940480425691515419e-04,4.952175575662768822e-03
9.611560478561751779e+02,1.549756611868801168e-08,3.818388506825373912e-04,6.496656407155371009e-03
9.623324934471863799e+02,6.324387407969746229e-08,4.027052364685288952e-04,1.005954326479539460e-02
9.635089390381976955e+02,6.349164220057866789e-08,3.896509663921836277e-04,1.565896477524154895e-02
9.646853846292088974e+02,1.004172255752923112e-07,3.973360618637638729e-04,7.332845426416390207e-03
9.658618302202200994e+02,6.842068091516137381e-08,3.767278733612649676e-04,5.484133962885551217e-03
9.670382758112314150e+02,1.072263488132840463e-07,5.544662815966075638e-04,6.624762198651585818e-03
9.682147214022426169e+02,1.361830956352204703e-07,4.818397825124168081e-04,2.202869692814940928e-03
9.693911669932538189e+02,7.650016159939159411e-08,1.419907295011550816e-04,1.017619531513618697e-02
9.705676125842650208e+02,7.249707873413226550e-08,2.257358431838175190e-04,1.413291634490759958e-02
9.717440581752762228e+02,1.125877287921744429e-07,1.856718674106328415e-04,1.560387929311578964e-02
9.729205037662875384e+02,6.651183199643399757e-08,8.539876552299714978e-05,9.354858848548417913e-03
9.740969493572987403e+02,1.184153120040185613e-07,2.646266584028092255e-04,6.170843023856088620e-03
9.752733949483099423e+02,9.658092906961847530e-08,2.677654498310975506e-04,7.541076991991781976e-03
9.764498405393212579e+02,7.043637366051115646e-08,9.666209530114371659e-05,7.448441062418224325e-03
9.776262861303324598e+02,1.033630289743495757e-07,1.776884230837837565e-04,1.318996098827193188e-03
9.788027317213436618e+02,9.850247200748416717e-08,1.831523513873635804e-04,8.291635993597333207e-03
9.799791773123548637e+02,1.033044026783966670e-07,3.320947701994321271e-04,4.495580403946018884e-03
9.811556229033660657e+02,5.342581012413495192e-08,4.392571670708913275e-04,9.701377274775675047e-03
9.823320684943773813e+02,2.980630895762929927e-08,4.086007449890622593e-04,9.644100436578628352e-03
9.835085140853885832e+02,3.546735906427249724e-08,2.255503030485574200e-04,5.898320636060341848e-03
9.846849596763997852e+02,2.338932025573835262e-08,2.456648355627134048e-04,6.400097815488133175e-03
9.858614052674111008e+02,3.623118380490913595e-08,2.379369086137797897e-04,7.460301384880712282e-03
9.870378508584223027e+02,7.282025772123835590e-08,1.749963949929978532e-04,1.124177346783045671e-02
9.882142964494335047e+02,1.127858827794727891e-07,1.902489250048589628e-04,1.260789428559901636e-02
9.893907420404447066e+02,1.649155818505893289e-07,4.741330637271335509e-04,9.768167243771668992e-03
9.905671876314559086e+02,8.658067305679197540e-08,5.771053720160349053e-04,4.224004792811428440e-03
9.917436332224672242e+02,9.949491680324428690e-08,1.822064315127192166e-04,1.754946856011024067e-03
9.929200788134784261e+02,8.118533793907734445e-08,4.322896134074353408e-04,1.619646060128919615e-03
9.940965244044896281e+02,4.222943032529635310e-09,3.971674916090141587e-04,3.277637091709525519e-04
9.952729699955009437e+02,4.055726461006167817e-08,4.014721853597853898e-05,6.703980692870539597e-03
9.964494155865121456e+02,5.904455548491970920e-08,2.932355425939207286e-04,7.320575119304698238e-03
9.976258611775233476e+02,6.700426434125624734e-08,3.361445754550473008e-04,1.301836191769922433e-03
9.988023067685345495e+02,1.386651026456017831e-08,4.091829975901448905e-04,4.275496155463037566e-03
9.999787523595457515e+02,8.880214006630709732e-08,2.967858332251964524e-04,9.380033899938045386e-03
1.001155197950557067e+03,7.579802095849841464e-08,2.458714269966514611e-04,7.389266521952222132e-03
1.002331643541568269e+03,1.258957896958175353e-07,4.100785883938072281e-04,4.537284910716180356e-03
1.003508089132579471e+03,7.659502935914390651e-08,1.098676473316923560e-04,5.799816431753671182e-03
1.004684534723590787e+03,1.049622770447400382e-07,3.740621236726886646e-04,4.551419016592049907e-03
1.005860980314601989e+03,5.301234658123380618e-08,3.679032808967505662e-04,8.698101442436255784e-03
1.007037425905613190e+03,3.461894564324564071e-08,2.362150085656130499e-04,5.230377899198507784e-03
1.008213871496624392e+03,8.471053870383737044e-08,3.716295914134916411e-04,9.819554182077010890e-03
1.009390317087635594e+03,9.501378047390367342e-08,2.895683785175600993e-04,1.441888467951559991e-02
1.010566762678646910e+03,5.479824130918276150e-08,3.136308142933735789e-04,1.044198941718026477e-02
1.011743208269658112e+03,6.088005350926365066e-08,3.740005144303376670e-05,7.523609963451275036e-03
1.012919653860669314e+03,3.201745490284237375e-08,3.477959291649671621e-04,5.314396871384362113e-03
1.014096099451680629e+03,1.511525210856519317e-08,3.308520668983437672e-04,2.367774727718033410e-03
1.015272545042691831e+03,2.862918247750943369e-08,2.205165619399585962e-04,1.038668331870474040e-02
1.016448990633703033e+03,4.171001714182396380e-08,4.440908349111134020e-04,8.018531512239844908e-03
1.017625436224714235e+03,3.271525978878524297e-08,3.359641127590215319e-04,8.365038420156768739e-03
1.018801881815725437e+03,3.718181719349852217e-08,4.547245092898433627e-04,1.131428238518608458e-02
1.019978327406736753e+03,1.205372021611795843e-08,3.642326818542317461e-04,3.919988811604080935e-03
1.021154772997747955e+03,9.723931903530418155e-09,3.486054496804354532e-04,2.980728621403225080e-03
1.022331218588759157e+03,1.379234548226964129e-08,2.682733632333048957e-04,2.249691977711553055e-03
1.023507664179770472e+03,2.931380601193735577e-08,8.055381593450500514e-05,6.414438846173708096e-03
1.024684109770781561e+03,6.728907589085245835e-08,3.661863049140001432e-04,1.038310265866268164e-02
1.025860555361792876e+03,5.803734660316943860e-08,3.097653568840155985e-04,1.359975666126571336e-02
1.027037000952804192e+03,4.181374493630599551e-08,2.025022804208201775e-05,1.139533915592248065e-02
1.028213446543815280e+03,5.879313377376524102e-08,1.633991103222224932e-04,5.468419960136992886e-03
1.029389892134826596e+03,8.654600127307900491e-08,3.455188727256718485e-04,5.868017369569380852e-03
1.030566337725837911e+03,7.506920350754366791e-08,3.075615921361849522e-04,8.610447287975057234e-03
1.031742783316849000e+03,1.793827870530900669e-08,9.881213198933026104e-05,7.089705904630545785e-03
1.032919228907860315e+03,3.387202239299108793e-08,8.827299138646559442e-05,8.089803041197879754e-03
1.034095674498871404e+03,4.861004653015647043e-08,2.065650139400216343e-04,9.809097608683085834e-03
1.035272120089882719e+03,4.933199893272459773e-08,3.484487405706667026e-04,4.259260708945931430e-03
1.036448565680894035e+03,2.991730572603317613e-08,3.245793154196709835e-04,3.447597536701436059e-03
1.037625011271905123e+03,3.179265990789358076e-08,1.638208106277345207e-04,2.583907656421170328e-03
1.038801456862916439e+03,3.331402400636069873e-08,2.189245562765197543e-04,8.223385604183433908e-03
1.039977902453927527e+03,4.815880291749303661e-08,3.993760118010632795e-04,1.127140079143308660e-02
1.041154348044938843e+03,4.499457697857391884e-08,2.706943203086698674e-04,1.109053841128161515e-02
1.042330793635950158e+03,4.013783535640049010e-08,2.737766329273947285e-04,9.784074577832316960e-03
1.043507239226961246e+03,1.214494330038811846e-07,7.445245818494168350e-04,1.241583087888613324e-02
1.044683684817972562e+03,1.569385786255759229e-07,1.013563249052227503e-03,1.741108018447375810e-02
1.045860130408983878e+03,1.614302436799119356e-07,1.051353756301975570e-03,1.503473253420586735e-02
1.047036575999994966e+03,1.741381498389834395e-07,1.041644298734024920e-03,4.147799206281975633e-03
1.048213021591006282e+03,1.712201342089928631e-07,8.822490578779699838e-04,3.176583065393210996e-03
1.049389467182017597e+03,1.245357516582793785e-07,5.688348261088135675e-04,4.136405371433210369e-04
1.050565912773028685e+03,8.999537813024460437e-08,4.694958584897958027e-04,6.543087375944571862e-03
1.051742358364040001e+03,8.217569787441373079e-08,6.140073200566149641e-04,5.708822842982018940e-03
1.052918803955051089e+03,7.588052940494069871e-08,6.278448707433217533e-04,9.132207110457554386e-03
1.054095249546062405e+03,5.953505104821949105e-08,4.929283842430243418e-04,8.745931023383749989e-03
1.055271695137073721e+03,8.352851497598340711e-08,6.408383056371767198e-04,3.628834192963763076e-03
1.056448140728084809e+03,1.130573500246162765e-07,8.055397958724988452e-04,6.044114596876598230e-03
1.057624586319096124e+03,1.094186221177410742e-07,7.750446752080033478e-04,7.495300088607217796e-03
1.058801031910107213e+03,8.614703172656591346e-08,6.532091520877880827e-04,4.062411436388357021e-03
1.059977477501118528e+03,5.389664143888124516e-08,4.645309409584576893e-04,7.021915452091543990e-03
1.061153923092129844e+03,6.278754469611293761e-08,3.761303023946693282e-04,1.015432792039236420e-02
1.062330368683140932e+03,1.037760156572951091e-07,5.317399506490295882e-04,1.810854381134663696e-02
1.063506814274152248e+03,1.063243233701990584e-07,5.714892082816666564e-04,2.615453839842500280e-02
1.064683259865163564e+03,7.663530671893223308e-08,4.711537572000776839e-04,1.834292187208767105e-02
1.065859705456174652e+03,9.247905385469901644e-08,6.306028245993143587e-04,1.279046792947290123e-02
1.067036151047185967e+03,1.019900784571287597e-07,6.787867796941765347e-04,1.882634114292557406e-02
1.068212596638197283e+03,1.086788421555451989e-07,7.276683486212686802e-04,1.465260230145671791e-02
1.069389042229208371e+03,1.137284447633476474e-07,7.061594886813950863e-04,2.091313786229463071e-03
1.070565487820219687e+03,5.247308308065182968e-08,1.929080491962916974e-04,9.638112542860866397e-03
1.071741933411230775e+03,3.102780483338045237e-08,2.636895926766960260e-04,8.955949976182977709e-03
1.072918379002242091e+03,8.602321693332803340e-08,4.130161980819223831e-04,2.486597117699106650e-03
1.074094824593253406e+03,6.113950870186489931e-08,3.992577233153334396e-04,6.408226884962208922e-03
1.075271270184264495e+03,3.370301979487341626e-08,2.732651719552147362e-04,7.678463042414309866e-03
1.076447715775275810e+03,8.401725181926540842e-08,3.846994369970284725e-04,9.888065440743543794e-03
1.077624161366286899e+03,1.024360911680714049e-07,4.539386000733630459e-04,1.074524373199347953e-02
1.078800606957298214e+03,9.236128467536087574e-08,4.826154426915145630e-04,1.272774135490283877e-02
1.079977052548309530e+03,7.711454056586544089e-08,5.566219842986745584e-04,1.242576481999973018e-02
1.081153498139320618e+03,1.078717756596438409e-07,8.570991164781369782e-04,2.260570403307887374e-02
1.082329943730331934e+03,1.848440571509215833e-07,1.180109028010007874e-03,2.899462102034102567e-02
1.083506389321343249e+03,2.363921724167175837e-07,1.536142618928733675e-03,2.753742588268929051e-02
1.084682834912354338e+03,2.294421729963704800e-07,1.229649863866759786e-03,2.786697495504557309e-02
1.085859280503365653e+03,1.746685057524251291e-07,8.129619781136974152e-04,2.076150899929865221e-02
1.087035726094376969e+03,8.992689136585102330e-08,6.285634648755052296e-04,1.892059811101550262e-02
1.088212171685388057e+03,6.441549772774570860e-08,6.702472696384772447e-04,1.840702764338488298e-02
1.089388617276399373e+03,6.412380619547667210e-08,4.332354303821672639e-04,7.743645151730227730e-03
1.090565062867410461e+03,9.674759803748065014e-08,6.577322883228940535e-04,1.509929031510676839e-02
1.091741508458421777e+03,1.166379765146264816e-07,7.966983610438529984e-04,1.789571093477822575e-02
1.092917954049433092e+03,1.126097927313141916e-07,7.118431769852503295e-04,1.163727567811684120e-02
1.094094399640444180e+03,1.295767107083447254e-07,7.467237510076533361e-04,1.644009936441754791e-02
1.095270845231455496e+03,1.016002312586954963e-07,6.124413208900292022e-04,1.769902664091241654e-02
1.096447290822466584e+03,2.559260732816884679e-08,2.294336650020183739e-04,1.155824527483439480e-02
1.097623736413477900e+03,4.817365249208689431e-08,5.436636862817591795e-04,1.007327626373937489e-02
1.098800182004489216e+03,1.042011674335013822e-07,8.735646513371884622e-04,1.088568891624666288e-02
1.099976627595500304e+03,1.126853597356869440e-07,7.033430749138650873e-04,2.956660076279054444e-02
1.101153073186511619e+03,7.114983264859944982e-08,3.691742774035813336e-04,3.574273649463766828e-02
1.102329518777522935e+03,7.151566166398179961e-08,3.093680115828764459e-04,2.920993005172729112e-02
1.103505964368534023e+03,9.207312583635508793e-08,3.548956287582427736e-04,1.852833502076684999e-02
1.104682409959545339e+03,1.165569963680585281e-07,4.688433056897415153e-04,6.644494442669806114e-03
1.105858855550556655e+03,1.285960309968316225e-07,5.947887787365939384e-04,1.061541542153170148e-02
1.107035301141567743e+03,1.082975821061314156e-07,5.738579038887340342e-04,9.751848077492042757e-03
1.108211746732579059e+03,5.504502600062613196e-08,2.947413503543320828e-04,9.612774001216498401e-03
1.109388192323590147e+03,3.590619526671441934e-08,1.574155353307556322e-04,4.520381219855837927e-03
1.110564637914601462e+03,3.304037732834976879e-08,1.229025472224287848e-04,3.577969497244242163e-03
1.111741083505612778e+03,3.568758064671664338e-08,9.610121625223623152e-05,4.455020179956461698e-03
1.112917529096623866e+03,5.603618762882468328e-08,2.863311181623343551e-05,2.187244808921759084e-03
1.114093974687635182e+03,1.039447670256107001e-07,3.149288918947549545e-04,5.831093363756083281e-03
1.115270420278646270e+03,1.024953430313210342e-07,7.633302801614807098e-04,1.314414065907034898e-02
1.116446865869657586e+03,7.392328307302120208e-08,8.592120221434775213e-04,1.349824618341439152e-02
1.117623311460668901e+03,2.139591429855023491e-07,1.688860484748866625e-03,1.765851930255935009e-02
1.118799757051679990e+03,4.334253428629603710e-07,2.789951334604613264e-03,2.999112934417213008e-02
1.119976202642691305e+03,6.112092489240562508e-07,4.096093677378926691e-03,4.531418792719843491e-02
1.121152648233702621e+03,5.723271520813036576e-07,3.881124775006922472e-03,3.457947086303356232e-02
1.122329093824713709e+03,3.177598184504890031e-07,2.194431557151953205e-03,1.974767394096662784e-02
1.123505539415725025e+03,1.555118000820933072e-07,1.081812736901019509e-03,1.034747290892418063e-02
1.124681985006736340e+03,1.150897683544199321e-07,6.784590646865667216e-04,8.163281127370190446e-03
1.125858430597747429e+03,1.213241444689254082e-07,7.556511620956768123e-04,1.250856608649020783e-02
1.127034876188758744e+03,7.983944388014207222e-08,7.130668591229721376e-04,9.276559035224580391e-03
1.128211321779769833e+03,4.754845585099323602e-08,5.824907685411668656e-04,2.387572795094286982e-03
1.129387767370781148e+03,2.751111911324177250e-08,4.413105563366272535e-04,7.710974112929722644e-03
1.130564212961792464e+03,2.889674530842316743e-08,4.070315820558062492e-04,4.548556024906247677e-03
1.131740658552803552e+03,1.171305743468879059e-08,2.600923088953899145e-04,7.315336649802923683e-03
1.132917104143814868e+03,4.120662729352432887e-08,1.852142880685062564e-04,7.487725453742703763e-03
1.134093549734825956e+03,4.402975211931677157e-08,1.247935546683049345e-04,5.390478997138554648e-03
1.135269995325837272e+03,4.689194537305734415e-08,2.943478223421653163e-04,1.356874770659539063e-02
1.136446440916848587e+03,6.315412816481291672e-08,2.199336975438475901e-04,2.757138328798161564e-02
1.137622886507859675e+03,2.331419239295912264e-08,1.972864456646042548e-04,3.434250351747306085e-02
1.138799332098870991e+03,2.759012295940968525e-08,1.812063777350694327e-04,3.770135685353462329e-02
1.139975777689882307e+03,3.023829617088258165e-08,2.890370707541497358e-04,2.341553891318461436e-02
1.141152223280893395e+03,1.922545545868437952e-08,2.261749764956785813e-04,8.684454181467349265e-03
1.142328668871904711e+03,3.322260905643662427e-08,4.097223189373712013e-04,5.617425595784378105e-03
1.143505114462916026e+03,1.254776882208778701e-08,2.139715402725614725e-04,1.558295305718591190e-03
1.144681560053927114e+03,5.883083195126483961e-08,5.509552389477075400e-04,9.474873604830198054e-03
1.145858005644938430e+03,6.870821002114995244e-08,5.285267869821880498e-04,8.693862119644313671e-03
1.147034451235949518e+03,9.719196082370943335e-08,6.897300161715403961e-04,7.041976199244822168e-03
1.148210896826960834e+03,9.535099420494814093e-08,7.380751008209506924e-04,8.963850951708726353e-03
1.149387342417972150e+03,5.345563425384032404e-08,5.365083803514405494e-04,1.027575619227326896e-02
1.150563788008983238e+03,2.038861026324622925e-08,3.045375443614733394e-04,1.366084830360502801e-02
1.151740233599994554e+03,7.526721082985570376e-08,6.617127151944240384e-04,1.808362832908542994e-02
1.152916679191005642e+03,1.869621416679377953e-07,1.451397465644094784e-03,1.435262579230479028e-02
1.154093124782016957e+03,3.382799368318813428e-07,2.416685585865819413e-03,1.198388667532535382e-02
1.155269570373028273e+03,5.157252532708675959e-07,3.545735561634101151e-03,3.052143496587301705e-02
1.156446015964039361e+03,5.220036905850609900e-07,3.669592306088087334e-03,5.379062459791836281e-02
1.157622461555050677e+03,3.502279717985546893e-07,2.664550773329482387e-03,4.987724606101613667e-02
1.158798907146061993e+03,1.744833665561566110e-07,7.938153076066884004e-04,4.040986299114616292e-02
1.159975352737073081e+03,4.698904433669255141e-08,7.406392618471502667e-04,2.651325010128427473e-02
1.161151798328084396e+03,1.880153995310684536e-07,1.252602242827510716e-03,2.130426303816861447e-02
1.162328243919095712e+03,2.498455276397325430e-07,1.461080787766900341e-03,1.035784957344972057e-02
1.163504689510106800e+03,2.067520048680208474e-07,1.227631053592414655e-03,5.900440182644964976e-03
1.164681135101118116e+03,1.544901170110225224e-07,9.961859630595476002e-04,7.779945695932106997e-03
1.165857580692129204e+03,1.189016458049433615e-07,7.842343669899776593e-04,5.379832165898305700e-03
1.167034026283140520e+03,1.134798385192699375e-07,6.844643239007607840e-04,5.263353290992448148e-03
1.168210471874151835e+03,8.334628601712636018e-08,4.816929970767170710e-04,4.099997990856512481e-03
1.169386917465162924e+03,4.432651171143006310e-08,2.336361184236482042e-04,2.548254586392842067e-03
1.170563363056174239e+03,2.513660159225785160e-08,2.509525975997281447e-04,3.943545780305361681e-03
1.171739808647185328e+03,7.737033204957179979e-09,2.067129390889156345e-04,5.442510465990524175e-03
1.172916254238196643e+03,2.379979348675481351e-08,4.122464523848170625e-04,3.454648561863479100e-02
1.174092699829207959e+03,3.981578758411898831e-08,5.256111347714089235e-04,5.215103648012078819e-02
1.175269145420219047e+03,6.322477963506831669e-08,6.628514455593228355e-04,4.119079108442981474e-02
1.176445591011230363e+03,8.599496697580247512e-08,7.482252571273900581e-04,3.510138207934028476e-02
1.177622036602241678e+03,1.295118580818480158e-07,8.735461216956085613e-04,1.384330492685981358e-02
1.178798482193252767e+03,1.319694904356884556e-07,8.574864739847644921e-04,7.177907180377962430e-03
1.179974927784264082e+03,1.884779376689354409e-07,1.273164385739784321e-03,4.779824675612425605e-03
1.181151373375275398e+03,2.377843197379897367e-07,1.596292180808438124e-03,8.381543413287985411e-03
1.182327818966286486e+03,2.585649104110939188e-07,1.694158517409229039e-03,8.531068146619176160e-03
1.183504264557297802e+03,2.589527534410069166e-07,1.708133113865697387e-03,1.395646180977953930e-03
1.184680710148308890e+03,2.524445655783565766e-07,1.776946965742221387e-03,2.612327477335834279e-03
1.185857155739320206e+03,2.557416254369488851e-07,1.945885132427036847e-03,4.206352121635736213e-03
1.187033601330331521e+03,2.971115657019930646e-07,2.466092153469713957e-03,9.517872285668846355e-03
1.188210046921342609e+03,2.495150371963948820e-07,2.235445191121339208e-03,1.306607175840541167e-02
1.189386492512353925e+03,2.146880703597894061e-07,1.881736519278939899e-03,7.069998039991991570e-03
1.190562938103365013e+03,2.884314881262933474e-07,2.154499853563902109e-03,1.157803111240976977e-02
1.191739383694376329e+03,3.295538907693322448e-07,2.655228623353247854e-03,4.609457882756178709e-02
1.192915829285387645e+03,1.827733730740485361e-06,1.313559534770884774e-02,8.542131725160108380e-02
1.194092274876398733e+03,2.762770003910579655e-06,2.024919825187389624e-02,6.944396259642979241e-02
1.195268720467410049e+03,1.929245922911250351e-06,1.394549924405273991e-02,2.363175199606266236e-02
1.196445166058421364e+03,2.953599881028756739e-07,2.219373368765592460e-03,3.427292487649705871e-02
1.197621611649432452e+03,6.828164829263268705e-08,4.674969383116391866e-04,1.472503517506735041e-02
1.198798057240443768e+03,1.516232100396799479e-07,1.061717272659503048e-03,1.193209738620287959e-02
1.199974502831455084e+03,1.607159147388054303e-07,9.863368266922623723e-04,9.232548764414356610e-03
1.201150948422466172e+03,1.415408055388691169e-07,7.426348938939957619e-04,1.144687732453477172e-02
1.202327394013477488e+03,1.641276528098159414e-07,9.320118183588020069e-04,8.259138480148177364e-03
1.203503839604488576e+03,1.281032320038288406e-07,8.196044365899924928e-04,1.187013840545983120e-02
1.204680285195499891e+03,9.396720108952411475e-08,6.743537857909243398e-04,3.261958645484598629e-03
1.205856730786511207e+03,1.081008569608431694e-07,8.719495837270066279e-04,2.776630058816155489e-03
1.207033176377522295e+03,1.177113167811488411e-07,9.898635806782072385e-04,5.297849168716794316e-03
1.208209621968533611e+03,1.065398063970045781e-07,8.131107169170817160e-04,6.111374081069594760e-03
1.209386067559544699e+03,1.027857861185842381e-07,6.422628995668179519e-04,2.316982668482685595e-02
1.210562513150556015e+03,1.135828124088755075e-07,6.385015145393037198e-04,3.270488549380252269e-02
1.211738958741567330e+03,1.274667866984565164e-07,7.905559933767615684e-04,2.259172982964840690e-02
1.212915404332578419e+03,9.295801158260533276e-08,6.959047335305853501e-04,1.380696232605220508e-02
1.214091849923589734e+03,4.422432271412238324e-08,4.593606091243353012e-04,1.205270112359587559e-02
1.215268295514601050e+03,2.751899246846839357e-09,2.467853390810171329e-04,9.500584970493001352e-03
1.216444741105612138e+03,4.999589349231918856e-08,2.638664103763533665e-04,2.727580000308767183e-03
1.217621186696623454e+03,1.205092189889845592e-07,5.875741782267059586e-04,6.748033497678561192e-03
1.218797632287634769e+03,1.114102692552932283e-07,5.027613902620110820e-04,8.961461867173094176e-03
1.219974077878645858e+03,1.263276364691554239e-07,6.821781456055969967e-04,3.198506692924975910e-03
1.221150523469657173e+03,1.734849086512748768e-07,9.894106621894179117e-04,8.916470857976206699e-03
1.222326969060668262e+03,1.458933376835807080e-07,7.741066833129926598e-04,4.083363075897918602e-03
1.223503414651679577e+03,1.241103326660381572e-07,6.411592063254743703e-04,7.937449342294419438e-04
1.224679860242690893e+03,1.044863342362061560e-07,5.001748019550311761e-04,1.361931669466338304e-03
1.225856305833701981e+03,1.452682008784890362e-07,8.761774471368775560e-04,3.444884755153462385e-03
1.227032751424713297e+03,1.536087084287295202e-07,1.055632994450186185e-03,6.098984235524085480e-03
1.228209197015724385e+03,2.973956534353455636e-07,2.369363602888854923e-03,2.255062228652322115e-02
1.229385642606735701e+03,5.332796282761796935e-07,4.199279401450367079e-03,4.308971247529792131e-02
1.230562088197747016e+03,7.467869801894094667e-07,5.296169158419801459e-03,5.039605237092835421e-02
1.231738533788758104e+03,4.372707456640385728e-07,3.423538118138989318e-03,4.277558038644799915e-02
1.232914979379769420e+03,1.359979905189708810e-07,7.990187735518603429e-04,3.610841713990658314e-02
1.234091424970780736e+03,2.859154910284452827e-07,1.883111769696758399e-03,3.344926477023027478e-02
1.235267870561791824e+03,2.709345588366792617e-07,2.010549467710570290e-03,3.094417490224594253e-02
1.236444316152803140e+03,1.927728851961481424e-07,1.605019265002502644e-03,1.191597065799933700e-02
1.237620761743814455e+03,1.291070128610569109e-07,1.152277918028721997e-03,3.581934348112064508e-03
1.238797207334825544e+03,1.227875195255649943e-07,1.071732815759052476e-03,4.188951147068884634e-03
1.239973652925836859e+03,8.591680707911743241e-08,7.624427681069446960e-04,8.820459035166122730e-03
1.241150098516847947e+03,5.094332165870637614e-08,5.473419937140641765e-04,6.949109125044485372e-03
1.242326544107859263e+03,1.569367986957818997e-08,3.594246663611248686e-04,1.024356838132265725e-02
1.243502989698870579e+03,2.915740636633668868e-08,2.548820191356218016e-04,1.145619015606392024e-02
1.244679435289881667e+03,5.171746480228812889e-08,9.387280944414449547e-05,1.116972209107216021e-02
1.245855880880892983e+03,6.737700624021562258e-08,2.640127890848462306e-04,1.365778885866397382e-02
1.247032326471904071e+03,6.418435258456274921e-08,2.079964948429020117e-04,3.577041284673223437e-02
1.248208772062915386e+03,6.282225447868613812e-08,2.863251175646848012e-04,2.437519548868976801e-02
1.249385217653926702e+03,7.990355762592093198e-08,4.147258561430081157e-04,9.609974248471894395e-03
1.250561663244937790e+03,9.328506174354765062e-08,7.073512778040699474e-04,1.842664070231395806e-02
1.251738108835949106e+03,8.009033763058197856e-08,6.517781013015536183e-04,7.165227004185438162e-03
1.252914554426960422e+03,6.670981851462159838e-08,5.262428376670872862e-04,7.226857385714427137e-03
1.254091000017971510e+03,6.331809677027118439e-08,2.774962787697561541e-04,1.209657318222354984e-02
1.255267445608982825e+03,1.171728689459168415e-07,7.464111888265620182e-04,1.364906486947538126e-02
1.256443891199994141e+03,6.748099632558361542e-08,6.578555424284916048e-04,2.558744900507832747e-03
1.257620336791005229e+03,4.299397970908370990e-08,6.281766470139621937e-04,2.335283721290250681e-03
1.258796782382016545e+03,7.534830132981092675e-08,6.385120725600707328e-04,6.181586383965027506e-03
1.259973227973027633e+03,5.432200702926879391e-08,3.825910421467232283e-04,9.327891046795917449e-03
1.261149673564038949e+03,1.201938591379683418e-07,8.891997899805622165e-04,8.833953007959763348e-03
1.262326119155050264e+03,8.036854838211489090e-08,5.590383099456062727e-04,4.092392960884487681e-03
1.263502564746061353e+03,1.179780200165102661e-08,1.575290342061052087e-04,4.466858975465209242e-03
1.264679010337072668e+03,1.671428037279110808e-07,1.040097795546679992e-03,1.795909840511200964e-02
1.265855455928083757e+03,3.666898712159304218e-07,2.973323937918733069e-03,3.089948017283258158e-02
1.267031901519095072e+03,5.643063700540649116e-07,4.671655492689323619e-03,4.153443700865484117e-02
1.268208347110106388e+03,6.846402956576908348e-07,4.973747013136729268e-03,4.173550473824820528e-02
1.269384792701117476e+03,5.187386063460115533e-07,4.010751157418673482e-03,3.006408689978080570e-02
1.270561238292128792e+03,3.038401047993825857e-07,2.594197984459415806e-03,1.854590818136206062e-02
1.271737683883140107e+03,2.122971106666898791e-07,1.680884766201012469e-03,1.063013113982128229e-02
1.272914129474151196e+03,1.784033430370294346e-07,1.310324238586789295e-03,1.241869542207974658e-02
1.274090575065162511e+03,1.234238294896258027e-07,8.049741504280061733e-04,8.044481278844866495e-03
1.275267020656173827e+03,8.944089729635455086e-08,4.489621815692875612e-04,2.238457233936345242e-03
1.276443466247184915e+03,8.988925770896817592e-08,5.905017291531778354e-04,6.875300589009502618e-03
1.277619911838196231e+03,5.688660489704938048e-08,8.191567022147698681e-04,9.508060105277995125e-03
1.278796357429207319e+03,3.883920377840164917e-08,7.219299587679326195e-04,2.676171184120272606e-03
1.279972803020218635e+03,5.274936506455212144e-08,4.265980452746600355e-04,5.806087234714191365e-03
1.281149248611229950e+03,6.619796460090147487e-08,3.268449573735451494e-04,9.274280584955147885e-03
1.282325694202241039e+03,5.655759161430726474e-08,2.872520622708175106e-04,1.086027610461674266e-02
1.283502139793252354e+03,4.896542788582650948e-08,3.771578675280193998e-04,2.169223546527710919e-02
1.284678585384263442e+03,5.319933496294725479e-08,4.730319521321435321e-04,1.593352860559545461e-02
1.285855030975274758e+03,5.868366553802805587e-08,4.061538091568306494e-04,1.477877613403771537e-02
1.287031476566286074e+03,5.725720157479828748e-08,2.844461669431370423e-04,2.461090020142027782e-02
1.288207922157297162e+03,4.256579279037579882e-08,1.497565325531730225e-04,1.852188724726944527e-02
1.289384367748308478e+03,2.763584957646654462e-08,1.262459657601700859e-04,4.746764191204946512e-03
1.290560813339319793e+03,1.400952573147300675e-08,1.714899558946124039e-05,7.022343138376532790e-03
1.291737258930330881e+03,4.095590287257576324e-08,2.623534190208678084e-04,1.170723104548804933e-02
1.292913704521342197e+03,1.551317974654002086e-08,1.299670860225332104e-04,7.150127841514147473e-03
1.294090150112353513e+03,2.940213951960317199e-08,6.498213120903577865e-05,6.158640001857910908e-04
1.295266595703364601e+03,9.212732516780151766e-08,5.314686363205948496e-04,1.148941861609802714e-03
1.296443041294375917e+03,1.109582074159661045e-07,8.434400190732543575e-04,4.836152832217998319e-03
1.297619486885387005e+03,3.639575839419822090e-08,3.985992287702625229e-04,1.579825202321823554e-03
1.298795932476398320e+03,7.451927749150901870e-08,6.440059966366616651e-04,4.150376893911252203e-03
1.299972378067409636e+03,7.993738607295860754e-08,6.618909995175675017e-04,5.597929858866578304e-03
1.301148823658420724e+03,8.004356127413709906e-08,6.729000809613796749e-04,4.758346701524927662e-03
1.302325269249432040e+03,1.846295365978679526e-07,1.553614204798154383e-03,2.356360585339501920e-02
1.303501714840443128e+03,3.025541151169784967e-07,2.312790325889721790e-03,3.986230719654297594e-02
1.304678160431454444e+03,3.394665544963970959e-07,2.560304997010192513e-03,4.156355302875690272e-02
1.305854606022465759e+03,2.798504883037957032e-07,2.373453766365753170e-03,3.246286582126388376e-02
1.307031051613476848e+03,2.204078767611502097e-07,1.949474020074606993e-03,2.253188238665699075e-02
1.308207497204488163e+03,1.658044446055079241e-07,1.284820970844822606e-03,2.224872442319831764e-02
1.309383942795499479e+03,9.874578224835083397e-08,7.421191104794486832e-04,1.473090085257771492e-02
1.310560388386510567e+03,7.919081173346978434e-08,7.245833731883863328e-04,9.031626068052292164e-03
1.311736833977521883e+03,6.155386133721631849e-08,7.056216493538668188e-04,7.460771988853152729e-03
1.312913279568533198e+03,1.625849919179598898e-08,3.583597411931686242e-04,6.435703352208355446e-03
1.314089725159544287e+03,4.515134179843744743e-08,5.266861196878836870e-04,3.435885444817694465e-03
1.315266170750555602e+03,3.779921236166425634e-08,3.177759367579394601e-04,2.857011152119862726e-03
1.316442616341566691e+03,3.313214563159853291e-08,2.233709297316824544e-04,1.081252344530040342e-02
1.317619061932578006e+03,6.665129415391767895e-08,4.101571475579767118e-04,1.829036597088054203e-02
1.318795507523589322e+03,4.673429476366780696e-08,4.615434450472163876e-04,1.339492913175355931e-02
1.319971953114600410e+03,3.263679884749715256e-08,3.691828175606089103e-04,1.264666032871151341e-02
1.321148398705611726e+03,3.766524032604503455e-08,2.723826002037030855e-04,2.203549712989574805e-02
1.322324844296622814e+03,5.667642257974346163e-08,3.947127948005812233e-04,1.824797515575097076e-02
1.323501289887634130e+03,7.411684833847543021e-08,5.767938385716971398e-04,3.441871576306911908e-03
1.324677735478645445e+03,5.520966934299933460e-08,5.632480946734097623e-04,1.111531342453418378e-02
1.325854181069656534e+03,5.186668878801228405e-08,3.680904570722949511e-04,1.148053405110699074e-02
1.327030626660667849e+03,7.097600242206530143e-08,4.239972314143986704e-04,8.196052223409685394e-03
1.328207072251679165e+03,1.278968210808536453e-07,7.541380172673833870e-04,1.373357926700133347e-02
1.329383517842690253e+03,1.078697746959827925e-07,6.695205629129680289e-04,6.392141633212848097e-03
1.330559963433701569e+03,5.291394241178257377e-08,4.382765850676477882e-04,3.200439961071750196e-03
1.331736409024712884e+03,3.507259836143305151e-08,1.680238755141932351e-04,3.593809449157502316e-03
1.332912854615723973e+03,5.997205815429500674e-08,1.248380793338816947e-04,5.610464428006645653e-03
1.334089300206735288e+03,4.094334092222052225e-08,4.222731069883981490e-04,4.561363505923850259e-03
1.335265745797746376e+03,1.258182067802280426e-07,6.075171469100018682e-04,2.776565973630315629e-03
1.336442191388757692e+03,5.658174944740606457e-08,1.426116981544159053e-04,4.486723804038481381e-03
1.337618636979769008e+03,1.010866012492892665e-07,4.911140235732980048e-04,9.401599023024693330e-03
1.338795082570780096e+03,8.857924375736960955e-08,8.580734963843505026e-04,1.075726062609931241e-02
1.339971528161791412e+03,9.764524536087256437e-08,1.075122490158010287e-03,9.473813943381191940e-03
1.341147973752802500e+03,1.486982923116718871e-07,1.284999582190903770e-03,1.492258489316988790e-02
1.342324419343813815e+03,2.486284995807389490e-07,1.837957465575035211e-03,1.472505144249193314e-02
1.343500864934825131e+03,2.566818421676173426e-07,1.913511543244380154e-03,2.186860899167106589e-02
1.344677310525836219e+03,1.793975662341511046e-07,1.615091438831621137e-03,1.589053914420031008e-02
1.345853756116847535e+03,1.174218034151745533e-07,1.232081837791865718e-03,3.523376593621978334e-03
1.347030201707858851e+03,1.348850189042881316e-07,1.067538996574116236e-03,4.751272642823790686e-03
1.348206647298869939e+03,1.199210931424509029e-07,6.473244517979536610e-04,9.322748845450798405e-03
1.349383092889881254e+03,6.386367182848311728e-08,2.328149176935585113e-04,8.781222272814241669e-03
1.350559538480892570e+03,3.992172199838788699e-08,2.084765291769111943e-04,3.922917718201302840e-03
1.351735984071903658e+03,3.773531208609720683e-08,9.768628348018950367e-05,4.548345956981661095e-03
1.352912429662914974e+03,2.113194518863141095e-08,2.445260720215254721e-04,1.130874305809157279e-02
1.354088875253926062e+03,9.416677537796860352e-08,6.386506222102344456e-04,1.231823041401013639e-02
1.355265320844937378e+03,1.544545687453518402e-07,8.838771602876933095e-04,5.109935990025234881e-03
1.356441766435948693e+03,1.150424041089753300e-07,6.540833944700557602e-04,7.106278400625543751e-03
1.357618212026959782e+03,8.749318255855676568e-08,5.636113684492530902e-04,1.501157253204950422e-02
1.358794657617971097e+03,4.110824202529653073e-08,2.509363194209059014e-04,1.343416413134297313e-02
1.359971103208982186e+03,3.845672904484648480e-08,2.114134558966709225e-04,1.022948617458780025e-02
1.361147548799993501e+03,4.328388223870874842e-08,2.160986254555542275e-04,1.606445549886070107e-02
1.362323994391004817e+03,7.374643206684362767e-08,3.412433431474718891e-04,1.439786972199860911e-02
1.363500439982015905e+03,2.326013868904985324e-08,1.832705249271812296e-04,3.194985038859021916e-03
1.364676885573027221e+03,1.033477910147091271e-07,5.065512165588477271e-04,9.896675040099292553e-03
1.365853331164038536e+03,1.173343999670889108e-07,6.140002448572945588e-04,9.084595718165413419e-03
1.367029776755049625e+03,1.013896448279705525e-07,6.289205751015671062e-04,1.367189175022105914e-02
1.368206222346060940e+03,6.427504416705568818e-08,5.355145809740292570e-04,1.360217299563258771e-02
1.369382667937072256e+03,4.766482010223315030e-08,2.178017220688323763e-04,9.114950769584932375e-03
1.370559113528083344e+03,7.094315297367114668e-08,5.695385313369831677e-04,1.223684034411167201e-02
1.371735559119094660e+03,3.039987524382881409e-08,6.459336746044103215e-04,1.168870432779811445e-02
1.372912004710105748e+03,5.851008974683747724e-08,3.007206515118119824e-04,1.067644517438199464e-02
1.374088450301117064e+03,4.604079098358944937e-08,1.083258836189480073e-04,8.748030018226512702e-03
1.375264895892128379e+03,5.406981902420593745e-08,3.467961862605003142e-04,1.262585969346833453e-02
1.376441341483139468e+03,1.038644065017739534e-07,8.847842405356160607e-04,1.821909972171814954e-02
1.377617787074150783e+03,1.523430470479474264e-07,1.347981761147509436e-03,1.466964870781328756e-02
1.378794232665161871e+03,1.269209839077251806e-07,1.237765674716014442e-03,1.563061389219409791e-02
1.379970678256173187e+03,7.860199794777907946e-08,8.164106157792556549e-04,1.748972162116799872e-02
1.381147123847184503e+03,8.665903959532198395e-08,6.778767516541344415e-04,1.100752234535002858e-02
1.382323569438195591e+03,1.080641960722295471e-07,6.596506174876297281e-04,1.155417718398150245e-02
1.383500015029206907e+03,9.564744699057141453e-08,5.062740777177027413e-04,8.608752112168546050e-03
1.384676460620218222e+03,1.375510084208605104e-07,9.063332270127095721e-04,1.162520530785881440e-02
1.385852906211229310e+03,9.457701620935526283e-08,7.624872211821189048e-04,5.640834013285677198e-03
1.387029351802240626e+03,7.788037892383954038e-08,6.699610857676828370e-04,3.813921278221488013e-03
1.388205797393251942e+03,7.231558294892669914e-08,7.011639371939724745e-04,3.683415927232167996e-03
1.389382242984263030e+03,6.984573523702833366e-08,6.026188337563586272e-04,8.108027338839413414e-03
1.390558688575274346e+03,8.059181643081882957e-08,6.921947511628222987e-04,1.471296916618422199e-02
1.391735134166285434e+03,2.517263840048046987e-08,3.768886218314174944e-04,1.045940071007753561e-02
1.392911579757296749e+03,2.937213026884859328e-08,1.864183885362848407e-04,7.730547219407659515e-03
1.394088025348308065e+03,1.808886409484904912e-08,2.912320561216563599e-04,1.273026010615066310e-02
1.395264470939319153e+03,9.602722017761042534e-09,1.510639567040972643e-04,9.871007774902396809e-03
1.396440916530330469e+03,1.274722599206782514e-08,8.226825015696197761e-05,1.033122901979948924e-02
1.397617362121341557e+03,1.554053757524855726e-08,1.660072631634541070e-04,1.082923671789429859e-02
1.398793807712352873e+03,2.943319590370590562e-08,2.268332619454277118e-04,5.598650418599444324e-03
1.399970253303364188e+03,4.488430371242894387e-08,5.100906762691968278e-04,5.825744016281384115e-03
1.401146698894375277e+03,3.323728268652316075e-08,5.776125605197890292e-04,5.858135139057838586e-03
1.402323144485386592e+03,9.963192782513019554e-09,4.014101948318128947e-04,1.048519385567469979e-02
1.403499590076397908e+03,1.488550876188001576e-08,4.650629660233961235e-04,9.952448816890465885e-03
1.404676035667408996e+03,2.832724009704493853e-08,4.916676115295519258e-04,1.645651267617409931e-03
1.405852481258420312e+03,6.695162437328619116e-08,6.119372710087481095e-04,8.262535934385169603e-03
1.407028926849431627e+03,1.041984915620073651e-07,5.989081798321748600e-04,1.298359372692302512e-02
1.408205372440442716e+03,4.609522690812045658e-08,1.441795268943192750e-04,1.305589355246749607e-02
1.409381818031454031e+03,7.617229056900339053e-08,4.598932754772245917e-04,3.023374350286653529e-03
1.410558263622465120e+03,4.604539232994441863e-08,3.617905504262820446e-04,9.503236849540451850e-03
1.411734709213476435e+03,2.500920721642913940e-08,1.733223321019417094e-04,7.874554114424579809e-03
1.412911154804487751e+03,5.136299803166497093e-08,4.584032307325700624e-04,9.103669126357552890e-03
1.414087600395498839e+03,4.891792756150284069e-08,3.845907255482513914e-04,1.520447034830305078e-02
1.415264045986510155e+03,4.019871026069760521e-08,3.785354622463462824e-04,5.119027672959337513e-03
1.416440491577521243e+03,4.791968299774943659e-08,2.113191521720191404e-04,6.586663361218323895e-03
1.417616937168532559e+03,7.243006139112222165e-09,2.147534699094294107e-04,7.302385775776930321e-03
1.418793382759543874e+03,2.094868033547507012e-08,2.146696725688043749e-04,7.353316373308391510e-03
1.419969828350554963e+03,1.210420642338731256e-08,6.602746603055107365e-05,7.280635030452353024e-03
1.421146273941566278e+03,1.650321124016785425e-08,1.336278759430904273e-04,6.725175762727892900e-03
1.422322719532577594e+03,3.285626572374322706e-08,2.734216322444694893e-04,4.800540583023983100e-03
1.423499165123588682e+03,4.568745338413719017e-08,2.813996954421200633e-04,8.986267809215874036e-03
1.424675610714599998e+03,6.132968076645513758e-08,3.023031840432983106e-04,5.760807202672062893e-03
1.425852056305611313e+03,6.887162904424538846e-08,3.772656548202497819e-04,6.821850683086508327e-03
1.427028501896622402e+03,8.291732280083311408e-08,5.273050702332152334e-04,8.176322921680747105e-03
1.428204947487633717e+03,4.597353968985362306e-08,3.063376231215278510e-04,6.669556996559205045e-03
1.429381393078644805e+03,3.992348372955028942e-08,3.168676505587620534e-04,1.569311946928293039e-02
1.430557838669656121e+03,5.692584237465688578e-08,4.523352668869372447e-04,1.847974093914328889e-02
1.431734284260667437e+03,3.610292936268547535e-08,2.123834653628089866e-04,1.171838306631179522e-02
1.432910729851678525e+03,3.748396045693861413e-08,1.309660813022938829e-04,5.737242479196628595e-03
1.434087175442689841e+03,3.992190829957357247e-08,8.166756192763077206e-05,1.537541808883903559e-03
1.435263621033700929e+03,6.605928035534233142e-08,2.386115825580538083e-04,1.617364945123483944e-02
1.436440066624712244e+03,7.061856856412655001e-08,3.878418271143858681e-04,2.050710772937469617e-02
1.437616512215723560e+03,3.108246367423665637e-08,2.213144713117215999e-04,9.033368240474373007e-03
1.438792957806734648e+03,1.240077879564779447e-08,3.343940187343900808e-04,1.071737631687518649e-02
1.439969403397745964e+03,5.744403161712080388e-08,3.439395346256378968e-04,6.915963193758379798e-03
1.441145848988757280e+03,5.265776683246446921e-08,1.667307962288000673e-04,6.196772461205606822e-04
1.442322294579768368e+03,1.911524473868329294e-08,3.500322684124544930e-04,2.327616075370226786e-03
1.443498740170779683e+03,7.613815815193367021e-08,5.036678207942025306e-04,6.515969369258222017e-03
1.444675185761790999e+03,6.765209057203520227e-08,3.915652097345568932e-04,5.369809243588211795e-03
1.445851631352802087e+03,8.539441845979104120e-08,5.934380969388038324e-04,8.635995971487682443e-03
1.447028076943813403e+03,6.856089507597559023e-08,5.137171952748025277e-04,1.093833334076994672e-02
1.448204522534824491e+03,6.348296103928672901e-08,4.799219605006808508e-04,3.946986711471034415e-03
1.449380968125835807e+03,8.429447125824483586e-08,6.331960962660444390e-04,8.215829468471880226e-03
1.450557413716847122e+03,7.190796992400524435e-08,5.624521910174200496e-04,5.127739409062328363e-03
1.451733859307858211e+03,4.670544193905764268e-08,4.315122751024876089e-04,9.802023453386914803e-03
1.452910304898869526e+03,5.797201184530932597e-08,5.405372939906805466e-04,9.770128609553530366e-03
1.454086750489880615e+03,7.775123999591780704e-08,6.235183354722592273e-04,7.463442812889822982e-03
1.455263196080891930e+03,5.423757593700946465e-08,4.674220395482780619e-04,2.582852689493721730e-03
1.456439641671903246e+03,3.341194100450671761e-08,2.987622712533191194e-04,5.901877734782853303e-03
1.457616087262914334e+03,2.307681462002862599e-08,2.352583058513398767e-04,1.122972063474991962e-02
1.458792532853925650e+03,5.035871704791953931e-08,4.941828315189486596e-04,6.898965944542423401e-03
1.459968978444936965e+03,7.948039804725520925e-08,6.360612269817797742e-04,3.910439876547199337e-03
1.461145424035948054e+03,4.811109364194780773e-08,3.047478614967266187e-04,2.285711860281842023e-03
1.462321869626959369e+03,3.849734200815339395e-08,1.506821306559382085e-04,5.381116575153125671e-03
1.463498315217970685e+03,4.892242318994333879e-08,4.046567663132914511e-04,5.975126372747884516e-03
1.464674760808981773e+03,1.709104436048774099e-08,1.694428305108172173e-04,3.948284487329668628e-03
1.465851206399993089e+03,4.215206355530964797e-08,2.946821722247086107e-04,8.389718386513278850e-03
1.467027651991004177e+03,7.128313531811402679e-08,5.469030851257110099e-04,4.170757702228015083e-03
1.468204097582015493e+03,4.883120097352035067e-08,4.271903879667365714e-04,6.674191028848270452e-03
1.469380543173026808e+03,3.552255103192139515e-08,3.606817493712376004e-04,7.043459076094310718e-03
1.470556988764037897e+03,7.630035355596732165e-09,2.788307551264226393e-04,4.653921622362416910e-03
1.471733434355049212e+03,3.349895365082765410e-08,2.404685940614907300e-04,1.032021152657790902e-02
1.472909879946060300e+03,1.555651077161408083e-08,4.017036242413630272e-04,1.613057035825654628e-02
1.474086325537071616e+03,2.084131481317801839e-08,2.956924973239996503e-04,9.404655664889179784e-03
1.475262771128082932e+03,4.087993491419175269e-08,3.605936798560740878e-04,3.609559328793428713e-03
1.476439216719094020e+03,4.477562180886090292e-08,3.126114161233401237e-04,6.976817717426282185e-03
1.477615662310105336e+03,4.918295345638196011e-08,2.511809106333345171e-04,7.781604757374741173e-03
1.478792107901116651e+03,6.668290964779396632e-08,3.546786547918736438e-04,5.048880758061003240e-03
1.479968553492127739e+03,4.445897697804423488e-08,3.646986444572859819e-04,9.234223855575077536e-03
1.481144999083139055e+03,2.466320268896674800e-08,1.172175557785729840e-04,7.440426903050967322e-03
1.482321444674150371e+03,2.366778737682448602e-08,1.144844164294308658e-04,1.407263733483418017e-02
1.483497890265161459e+03,3.971072433910139715e-08,4.983461781170207009e-05,1.594565839705710392e-02
1.484674335856172775e+03,4.028586997258474383e-09,2.717149104928559631e-04,6.855000370524245816e-03
1.485850781447183863e+03,3.898152159050800085e-08,1.821761979340884297e-04,1.612873055129107136e-03
1.487027227038195178e+03,5.205513988388312876e-08,2.133984965452895917e-04,6.414695299370427525e-03
1.488203672629206494e+03,3.461697153406440346e-08,2.280373473453326980e-04,1.057433996537010881e-02
1.489380118220217582e+03,3.198797950842131411e-08,1.535733053193040205e-04,1.007473833180481601e-02
1.490556563811228898e+03,6.266880322104951685e-08,3.488095138155778135e-04,5.973734232774565757e-03
1.491733009402239986e+03,4.535806028339347498e-08,3.191223669932076587e-04,2.862589548787647289e-03
1.492909454993251302e+03,2.617271181608464244e-08,1.011611164588616948e-04,3.441017709828931518e-03
1.494085900584262617e+03,5.188428128731701363e-08,3.042435861807029837e-04,1.226285756786693560e-03
1.495262346175273706e+03,5.497852481325466891e-08,3.017625858599520382e-04,5.243725692240378163e-03
1.496438791766285021e+03,7.290717985411019186e-08,4.701154983917518672e-04,6.595476418965181414e-03
1.497615237357296337e+03,4.676594596860216220e-08,2.962627694978641813e-04,6.025362440245989222e-03
1.498791682948307425e+03,1.471007647159448072e-08,6.979702199714551546e-05,2.021204705544927573e-03
1.499968128539318741e+03,3.079355969020259284e-08,2.846102633971368660e-04,4.917677121531759989e-03
1.501144574130330057e+03,1.352095009783437804e-08,1.164911276553508691e-04,1.331946326416651605e-03
1.502321019721341145e+03,1.837740059161369391e-08,2.486749634719000786e-04,6.185643479310389339e-03
1.503497465312352460e+03,2.201877131861987700e-08,2.483917905347009475e-04,2.456508726261112923e-03
1.504673910903363549e+03,2.416277377025415511e-08,2.127961352692729017e-04,1.644590259237311116e-03
1.505850356494374864e+03,2.136642456544087434e-08,1.167715547565385012e-04,4.256773474944105032e-03
1.507026802085386180e+03,4.224655072152007484e-09,1.220336813550880614e-04,6.186052908231312250e-03
1.508203247676397268e+03,4.354442954729473869e-08,3.858228241806201477e-04,2.659450817323761023e-03
1.509379693267408584e+03,3.272257834624288778e-08,2.082756015606496353e-04,6.425437205283178466e-03
1.510556138858419672e+03,4.079876759562095774e-08,4.473211270389171280e-04,6.307384011424661645e-03
1.511732584449430988e+03,2.500840442486942123e-08,4.483743493882556591e-04,8.627165995402859971e-03
1.512909030040442303e+03,3.194612620327453426e-08,3.824207152893495756e-04,1.129864495533885668e-02
1.514085475631453392e+03,2.357895484096181624e-08,4.921201389595162819e-04,8.522521408733406412e-03
1.515261921222464707e+03,2.378485116550147611e-08,2.299696602587217808e-04,4.881699223198599988e-03
1.516438366813476023e+03,2.286181095125321002e-08,7.149052717261583114e-05,4.084776127386494614e-03
1.517614812404487111e+03,2.453073182176745995e-08,1.650323333598184431e-04,2.381098331601699120e-03
1.518791257995498427e+03,4.210435937428191229e-08,3.349576463210057059e-04,6.235302905180970835e-03
1.519967703586509742e+03,1.820591499677698710e-08,3.189125525238135114e-04,4.177714586736865597e-03
1.521144149177520831e+03,2.144072608699493432e-08,1.162458476974062842e-04,9.045290471938555177e-03
1.522320594768532146e+03,3.671337460163118319e-08,1.763208875976525686e-04,8.017008180126090205e-03
1.523497040359543234e+03,7.095538941647288911e-08,3.721940660369881687e-04,3.710212108381171717e-03
1.524673485950554550e+03,8.431999813795528602e-08,5.027244358741792723e-04,1.742080548362535302e-03
1.525849931541565866e+03,3.108739272793664560e-08,2.328470164209862090e-04,2.260899890741806077e-03
1.527026377132576954e+03,3.763910641453252897e-08,2.219851979383261943e-04,2.957993520632430304e-03
1.528202822723588270e+03,3.587884941258817502e-08,5.133035789336155667e-04,6.988396126632637553e-03
1.529379268314599358e+03,4.159517968546725946e-08,4.699982330440417009e-04,7.941745635916036897e-03
1.530555713905610673e+03,2.020679775641807562e-08,1.537974215403356288e-04,6.904066398046293344e-03
1.531732159496621989e+03,2.428495593290926776e-08,2.365498000301129459e-04,1.029541238156578276e-02
1.532908605087633077e+03,5.253241728969105235e-08,5.010021866563577541e-04,8.802395835562061566e-03
1.534085050678644393e+03,5.914791973053443646e-08,5.681270397440619678e-04,4.785435713599775834e-03
1.535261496269655709e+03,4.379459602900632862e-09,8.205740072926817250e-05,8.767198440588612821e-03
1.536437941860666797e+03,2.961105789478712087e-08,3.036684144707797392e-04,1.261337954939573992e-02
1.537614387451678112e+03,4.188177176176846727e-08,4.704017280984937256e-04,1.048633927905670039e-02
1.538790833042689428e+03,6.187642958853345918e-08,4.417256184497674889e-04,8.335194473420945438e-03
1.539967278633700516e+03,1.503385297892127437e-08,7.979904857401661088e-06,9.639816853858817688e-03
1.541143724224711832e+03,3.385852558992450997e-08,2.493928525458205883e-04,5.495189984197679234e-03
1.542320169815722920e+03,1.396861253331535242e-08,1.275157708772679994e-04,8.577559067739210300e-03
1.543496615406734236e+03,2.788779252515266952e-08,3.169297857549141788e-04,5.883777539776033523e-03
1.544673060997745552e+03,9.002316448800407058e-09,1.400185254681827465e-04,2.494561695900950320e-03
1.545849506588756640e+03,3.083418262569502768e-08,2.773103908282009244e-04,1.137522454535012028e-03
1.547025952179767955e+03,1.959132453834733789e-08,2.956512885056981378e-04,1.339231838409445270e-02
1.548202397770779044e+03,2.850136050769597825e-08,2.047141545735963462e-04,1.933435071905137762e-02
1.549378843361790359e+03,4.219639870087189716e-08,2.949333338241793894e-04,1.632521917483152618e-02
1.550555288952801675e+03,6.423252335919993217e-08,5.599768688862506076e-04,8.879266333593673760e-03
1.551731734543812763e+03,3.932360798072848776e-08,3.240990613817656659e-04,2.255351576818630677e-03
1.552908180134824079e+03,3.132245400798450309e-08,2.926063173624158576e-04,3.630381499254201148e-03
1.554084625725835394e+03,7.007557648355568644e-08,5.536118500831325442e-04,6.039102087831193892e-03
1.555261071316846483e+03,2.068816809340547993e-08,1.259186735471402451e-04,6.282424209931911259e-03
1.556437516907857798e+03,4.433720776728558775e-08,2.868846626610307027e-04,1.099861166465423284e-02
1.557613962498869114e+03,3.744919947323971036e-08,2.987755603845386162e-04,5.747296729955875087e-03
1.558790408089880202e+03,5.214984132358223385e-09,1.740227905842471514e-04,3.344715411077081504e-03
1.559966853680891518e+03,3.458488988048160602e-08,2.433980019831346610e-04,6.999205119672701966e-03
1.561143299271902606e+03,4.302553784436089472e-08,3.157681287143167823e-04,3.917722094936606538e-03
1.562319744862913922e+03,9.694860768110144670e-09,3.517611920542315765e-05,3.504311560956879876e-03
1.563496190453925237e+03,2.932209610834994357e-08,2.168609240241378385e-04,3.113982152130348631e-03
1.564672636044936326e+03,1.831216303895800768e-08,3.609161300393800599e-04,7.327039575363252302e-03
1.565849081635947641e+03,5.271754432905010133e-08,3.197719281818982013e-04,5.027441733325581363e-03
1.567025527226958729e+03,4.447912123943767837e-08,2.644831884728696711e-04,5.733837184615809927e-03
1.568201972817970045e+03,2.943408063307797657e-08,1.545380157143258807e-04,1.162156894560652416e-02
1.569378418408981361e+03,4.159570243657621456e-08,2.044413277021716964e-05,1.191676633492857497e-02
1.570554863999992449e+03,4.955814677968400073e-08,3.142983872460409844e-05,5.704442179297847942e-03
1.571731309591003765e+03,3.207056184935139435e-08,1.388244519689384149e-04,4.381372680841241589e-03
1.572907755182015080e+03,4.072079075242057510e-08,1.847747118491808007e-04,2.249981182306742909e-03
1.574084200773026168e+03,4.433856608987300627e-08,3.044134815318161173e-04,3.616671668752640626e-03
1.575260646364037484e+03,6.929985602620326755e-08,4.247683110782693818e-04,3.222740457064206341e-03
1.576437091955048800e+03,1.247853633652786392e-08,1.154101145056105407e-04,5.257339573386607054e-03
1.577613537546059888e+03,3.582364974516192356e-08,2.235457229816090305e-04,7.226422621796347624e-03
1.578789983137071204e+03,1.364281541380118843e-08,5.465253222560792327e-05,7.341601011718848664e-03
1.579966428728082292e+03,1.203113960209927372e-08,8.627072410978623359e-06,5.720206740678196108e-03
1.581142874319093607e+03,2.885405177051168759e-08,4.691210760355367230e-05,6.756655110789832469e-03
1.582319319910104923e+03,4.219995492661782628e-08,1.054646529206532043e-04,3.208600601158092744e-03
1.583495765501116011e+03,2.496127274144019711e-08,4.809163214602633169e-05,6.616948280207737322e-03
1.584672211092127327e+03,2.566066576718330654e-08,7.730409131180719976e-05,1.616035303161489356e-02
1.585848656683138415e+03,2.303301086613653963e-08,2.825353302780179792e-04,2.212281974740343271e-02
1.587025102274149731e+03,3.876527619503932713e-08,2.879337747048959194e-04,1.968596365621952046e-02
1.588201547865161047e+03,3.034699877468239694e-08,1.898777032376594825e-04,1.102828326280784303e-02
1.589377993456172135e+03,1.742140011230876295e-08,1.897967682060764391e-04,5.864279360461193032e-03
1.590554439047183450e+03,1.385387110226872625e-08,8.769771140762327836e-05,3.240138596164976372e-03
1.591730884638194766e+03,1.451164336046222090e-08,4.941462135837123432e-05,3.267346006421431928e-03
1.592907330229205854e+03,4.459113965112351086e-08,2.304495160873444386e-04,5.465118431441940913e-03
1.594083775820217170e+03,4.824106968847919953e-08,2.704014053182622721e-04,5.438464157869095893e-03
1.595260221411228486e+03,2.031404136821252018e-08,2.260788304105995226e-04,2.088009493631636047e-03
1.596436667002239574e+03,7.330045500071221974e-08,3.439675611910300969e-04,8.581614029284624634e-03
1.597613112593250889e+03,7.135162976701604111e-08,3.489085495065849161e-04,4.986714864072903236e-03
1.598789558184261978e+03,7.424849076627394902e-08,5.071447002726076504e-04,3.444218327317346597e-03
1.599966003775273293e+03,4.420594391659682898e-08,7.053752461153344399e-04,4.895788754085775470e-03
1.601142449366284609e+03,5.770742435883528218e-08,6.370499209534362254e-04,5.256882165951766266e-03
1.602318894957295697e+03,7.364060298913139596e-08,3.889760374492946121e-04,8.975791279748891044e-03
1.603495340548307013e+03,4.208112262596490904e-08,1.617232663593770289e-04,6.433623970592803470e-03
1.604671786139318101e+03,7.583751074941833247e-08,4.253655243399892105e-04,2.654264708389881405e-03
1.605848231730329417e+03,4.428333505396714695e-08,4.003062401640708262e-04,6.751822197654980262e-03
1.607024677321340732e+03,1.068781780425489065e-08,3.233853210788777675e-04,4.776629365569784631e-03
1.608201122912351821e+03,6.730714803538873476e-08,4.341032968343442960e-04,8.010730903974366476e-03
1.609377568503363136e+03,6.327130469946662808e-08,4.293598703333821663e-04,5.368882907509927617e-03
1.610554014094374452e+03,6.509251418471494629e-08,4.798917156149084531e-04,8.924056961743472710e-03
1.611730459685385540e+03,3.086619823821525484e-08,2.631406680455402507e-04,4.615020730512025930e-03
1.612906905276396856e+03,4.074456286172864255e-08,2.968885259447901414e-04,7.251965258901042939e-03
1.614083350867408171e+03,1.221426438800941413e-08,1.750881317373079399e-04,3.511133218199518832e-03
1.615259796458419260e+03,3.766317795416284017e-08,2.078507763426271039e-04,6.018237829947582947e-03
1.616436242049430575e+03,4.617313353614190371e-08,4.212991628102769580e-04,9.386947989898050335e-03
1.617612687640441663e+03,1.845682716137796008e-08,3.245277460421832900e-04,8.685767768700444064e-03
1.618789133231452979e+03,1.425956733924201340e-08,3.322436769195775985e-04,5.688634647081598945e-03
1.619965578822464295e+03,4.601170744787688104e-08,4.898579805594415956e-04,6.156674454309301985e-03
1.621142024413475383e+03,5.459173176287456638e-08,2.608547174158889364e-04,1.329422728136920792e-02
1.622318470004486699e+03,1.229883618458569828e-08,2.168041500276020968e-04,1.025307875919936364e-02
1.623494915595497787e+03,3.295578242264312716e-08,3.368494771063247845e-04,2.872155229978587323e-03
1.624671361186509102e+03,2.997055942175561708e-08,1.899642721852526752e-04,6.473432497866371711e-03
1.625847806777520418e+03,1.113639006400836060e-08,4.970630474220548434e-05,9.485866814314127329e-03
1.627024252368531506e+03,3.251270363758856886e-08,2.370455863372724812e-04,5.248292725396148418e-03
1.628200697959542822e+03,3.998826944403859651e-08,5.797380472995491496e-04,9.799494746068740381e-03
1.629377143550554138e+03,5.644539612399645239e-08,7.400142678615053218e-04,9.965348892506067924e-03
1.630553589141565226e+03,8.390580685280308930e-08,6.848854809854770190e-04,6.462731986015421426e-03
1.631730034732576542e+03,7.172960321091669329e-08,4.913966246428330730e-04,8.891844437087065636e-03
1.632906480323587857e+03,1.257250578152847702e-08,1.442169432886321171e-04,5.443365286980714722e-03
1.634082925914598945e+03,4.942368534983068391e-08,2.593392394002256413e-04,3.818101406885143160e-03
1.635259371505610261e+03,3.537165655144731748e-08,3.193134445204580917e-04,8.249631633895030541e-03
1.636435817096621349e+03,2.260466772670789301e-08,2.490452166378370486e-04,8.169720302092342568e-03
1.637612262687632665e+03,3.871009100059325370e-08,5.842168965282877298e-04,2.389854616896907973e-03
1.638788708278643981e+03,1.015294271574204736e-07,6.352399247009408263e-04,8.979384980330797419e-03
1.639965153869655069e+03,4.814524473761583544e-08,3.154215166256587309e-04,5.735150530660176882e-03
1.641141599460666384e+03,3.976183498774952062e-08,1.785434476179808768e-04,3.460145219683812782e-03
1.642318045051677473e+03,4.493454467033683056e-08,1.745316522435623149e-04,7.211023566360969840e-03
1.643494490642688788e+03,6.112167352719808546e-08,3.184519563462561787e-04,9.189637074030237301e-03
1.644670936233700104e+03,4.077844993890416279e-08,3.641386254234816829e-04,3.964463690264783367e-03
1.645847381824711192e+03,1.219045260923834581e-08,4.795710863695284792e-04,9.485906355509087992e-03
1.647023827415722508e+03,3.102744343883755538e-08,2.281709165844140054e-04,6.931658350240287991e-04
1.648200273006733823e+03,6.014379324462285307e-08,3.019601786932307741e-04,1.594555403984293865e-02
1.649376718597744912e+03,5.055840467382325090e-08,4.505413357376571800e-04,6.040093043898973717e-03
1.650553164188756227e+03,1.505743568433249644e-08,3.505219967547641897e-04,4.504615890556462783e-03
1.651729609779767543e+03,2.160951039821571753e-08,9.196053036512149734e-05,2.646750466528141003e-03
1.652906055370778631e+03,1.105027324618370954e-08,1.444485046850707902e-04,9.692783390213847300e-03
1.654082500961789947e+03,1.956888796322901144e-08,1.782819801333107720e-04,8.726880061164591848e-03
1.655258946552801035e+03,2.759948476709102981e-08,8.160454381937015092e-05,6.778873919944090019e-03
1.656435392143812351e+03,4.550510498822917345e-08,2.426511240667950098e-04,4.024287727556127847e-03
1.657611837734823666e+03,2.973075760367999634e-08,2.058795219449719555e-04,2.873261362948880369e-03
1.658788283325834755e+03,3.326018988216081184e-08,2.196315311035083927e-04,8.541543596246642736e-03
1.659964728916846070e+03,5.977893368705856329e-08,5.937665729994453297e-04,9.598388611126208031e-03
1.661141174507857158e+03,5.639822130845953567e-08,7.265000654820601362e-04,2.083468372165845836e-02
1.662317620098868474e+03,4.280833079202322088e-08,7.457495610535052818e-04,2.607956903896672257e-02
1.663494065689879790e+03,2.710274595997531063e-08,4.926720981336708827e-04,1.808001239514732406e-02
1.664670511280890878e+03,2.088763712450492782e-08,4.051136357196148305e-04,1.019855542195084383e-02
1.665846956871902194e+03,3.700838264305788999e-08,3.290920761978077336e-04,5.624925088412814633e-03
1.667023402462913509e+03,1.296568754522304082e-08,2.532391677149025051e-04,1.042690922392326865e-02
1.668199848053924597e+03,5.270716495045280086e-08,4.049825804480394796e-04,1.317936640095644998e-02
1.669376293644935913e+03,6.160811324567587567e-08,4.880115369425207738e-04,9.217173495539434519e-03
1.670552739235947229e+03,4.406353667684416360e-08,5.171795549700820317e-04,3.181279048366036401e-03
1.671729184826958317e+03,4.456523061300496643e-08,6.248070545601143574e-04,5.727000131659353011e-03
1.672905630417969633e+03,3.205532464303488440e-08,3.090687912990242058e-04,1.066981161650241636e-02
1.674082076008980721e+03,4.285167129724711805e-08,4.408696790414339049e-04,6.572377167756863862e-03
1.675258521599992036e+03,1.098673896843074182e-07,1.047599613971786792e-03,1.218008850558232811e-03
1.676434967191003352e+03,1.002985533575544547e-07,1.023306433236689230e-03,6.427956740036275610e-03
1.677611412782014440e+03,6.681236316963979770e-08,7.503730712166582556e-04,7.077956002431010085e-03
1.678787858373025756e+03,8.095154301360510187e-08,1.008819827394936844e-03,4.561785996864462997e-03
1.679964303964036844e+03,9.639626983639817873e-08,1.042359682734996440e-03,5.068553350170853199e-03
1.681140749555048160e+03,1.004773508031199198e-07,1.127850829697704107e-03,1.121254233449344752e-02
1.682317195146059476e+03,1.067543092449076654e-07,1.135423696585382896e-03,1.372543144751623215e-02
1.683493640737070564e+03,1.113999578548152423e-07,8.622777517986171189e-04,1.354844752713573082e-02
1.684670086328081879e+03,7.921996491047376195e-08,7.711866196638775955e-04,7.916579846029734094e-03
1.685846531919093195e+03,4.863886322365782448e-09,3.980590454241909708e-04,6.775389462230691807e-03
1.687022977510104283e+03,8.427210344759422051e-09,5.045363711215511155e-04,1.662989656745229514e-02
1.688199423101115599e+03,7.139940180060359237e-08,6.802050921725269050e-04,1.253172269280018736e-02
1.689375868692126915e+03,7.978545687886948379e-08,3.652679382646193849e-04,6.117347604485848939e-03
1.690552314283138003e+03,5.325509445808857958e-08,1.193946245097817540e-04,6.168568736378349064e-03
1.691728759874149318e+03,4.447940387168103381e-08,1.768174919190884826e-04,4.786751304900705058e-03
1.692905205465160407e+03,3.211323647969854134e-08,2.103781575374024998e-04,2.545124834447245847e-03
1.694081651056171722e+03,1.006759361798452519e-08,3.080735316842120818e-04,7.648855920768696942e-03
1.695258096647183038e+03,4.333156896073247777e-08,2.144065811183377696e-04,7.278037475650997977e-03
1.696434542238194126e+03,3.079210290942977635e-08,1.598452119185649024e-04,8.579096925536395385e-03
1.697610987829205442e+03,1.222466547923236797e-08,1.411127750978425580e-04,1.653374218728391118e-02
1.698787433420216530e+03,2.099607539661774690e-08,2.234312299513604798e-04,3.133237313253362660e-02
1.699963879011227846e+03,4.395248339269729949e-09,2.460418708826848802e-04,3.185378554357926051e-02
1.701140324602239161e+03,1.557689865644084787e-08,2.080944510735183032e-04,2.228005892240983096e-02
1.702316770193250250e+03,2.896012391202932770e-08,4.986211106088244902e-04,1.798622375809820831e-02
1.703493215784261565e+03,4.339732068315792386e-08,3.634313202310889847e-04,5.935663915348176473e-03
1.704669661375272881e+03,4.333809653027453912e-08,3.425652554038403539e-04,6.981461632796552574e-03
1.705846106966283969e+03,5.356771691910875663e-08,6.760975852081983761e-04,1.343387107497383270e-02
1.707022552557295285e+03,6.398178379824247680e-08,8.314102649497507073e-04,9.259531832538477059e-03
1.708198998148306600e+03,5.753212124311329627e-08,5.606530592021722855e-04,1.591844769314625053e-03
1.709375443739317689e+03,5.568461360433009322e-08,4.944730991008806529e-04,2.262067672985848890e-03
1.710551889330329004e+03,4.285618684341366461e-08,5.524272751317197902e-04,2.169635789718737506e-03
1.711728334921340092e+03,2.457197530827207115e-08,3.569729156757857889e-04,6.206195233245028614e-03
1.712904780512351408e+03,5.667909632579196474e-08,2.631171658132549942e-04,6.503115039159658439e-03
1.714081226103362724e+03,3.860777409680478639e-08,5.929475968805334157e-04,8.460572984934881455e-03
1.715257671694373812e+03,8.333973320969697030e-08,8.908636143282460274e-04,2.238517988288109967e-02
1.716434117285385128e+03,1.238417297052198336e-07,1.284876255687322994e-03,2.765784028379566703e-02
1.717610562876396216e+03,1.049531798107383541e-07,1.421211072211497981e-03,2.677035285017912922e-02
1.718787008467407531e+03,1.009268997695026504e-07,9.849190047459463731e-04,2.344460409888675032e-02
1.719963454058418847e+03,6.260351534526754038e-08,3.417127741350325910e-04,1.441387499876428842e-02
1.721139899649429935e+03,4.974932799234571033e-08,3.319941664829006056e-04,1.285572246465908376e-02
1.722316345240441251e+03,2.413220262975677932e-08,5.657118159821891441e-04,2.076967619911721224e-03
1.723492790831452567e+03,2.706507316026867685e-08,2.595987544410355879e-05,9.749978678313077005e-03
1.724669236422463655e+03,1.885060380479356190e-08,3.641428376098019095e-04,1.127268552371791903e-02
1.725845682013474971e+03,2.836838145773957130e-08,5.085744121271338790e-04,8.782386935799137498e-03
1.727022127604486286e+03,4.515760870985929719e-08,3.137388551506749192e-04,7.567657937480426825e-03
1.728198573195497374e+03,2.761611758456205198e-08,8.910530457943085798e-05,6.009737015894692051e-03
1.729375018786508690e+03,2.793555941706155766e-08,2.704645622961008937e-04,3.798784852717942626e-03
1.730551464377519778e+03,3.971463363181376103e-08,3.888587880534782773e-04,1.377989139230098060e-02
1.731727909968531094e+03,4.543576762540841031e-08,4.820213499168791212e-04,2.063832451015758240e-02
1.732904355559542410e+03,5.018498292193519391e-08,5.051247885889481809e-04,1.772379303100000275e-02
1.734080801150553498e+03,5.299073256213483995e-08,4.641797538277581928e-04,2.315980425062676498e-02
1.735257246741564813e+03,4.350597507645295682e-08,3.597710915989202297e-04,4.119320034636781563e-02
1.736433692332575902e+03,4.096640969378443014e-08,3.991679044225949439e-04,5.180861437484863413e-02
1.737610137923587217e+03,4.767217169830241540e-08,5.381544117222599073e-04,2.713280624776323591e-02
1.738786583514598533e+03,5.158980403274973262e-08,5.179868304769612991e-04,1.056927003770483792e-02
1.739963029105609621e+03,2.988147093170556248e-08,1.873540740051255231e-04,9.215252602450004979e-03
1.741139474696620937e+03,1.359775630323240724e-08,8.778892600846903535e-05,8.702684668314161417e-03
1.742315920287632252e+03,1.787414313557122743e-08,3.876001904017965858e-04,8.186763220082757253e-03
1.743492365878643341e+03,3.733290112621888655e-08,6.351597050207698951e-04,1.182445851427955073e-02
1.744668811469654656e+03,6.756962473696460387e-08,8.284973158445642404e-04,1.663417316676359115e-02
1.745845257060665972e+03,6.961077144985119471e-08,6.639810932249546769e-04,1.210571648217784353e-02
1.747021702651677060e+03,6.218732729143105045e-08,5.898244097198712807e-04,1.984826491171436287e-03
1.748198148242688376e+03,1.169164426111236585e-07,1.120286810635540749e-03,4.744565598150618513e-03
1.749374593833699464e+03,9.361450376217949466e-08,1.011556270075742846e-03,9.721526383811152430e-03
1.750551039424710780e+03,2.758388520716026448e-08,2.705077276301299399e-04,6.131251552564795891e-03
1.751727485015722095e+03,1.125079678122399606e-07,1.158970466928490933e-03,1.754707978105355878e-02
1.752903930606733184e+03,3.025781701313180383e-07,3.764876429220740013e-03,4.622985541864172571e-02
1.754080376197744499e+03,4.630601055695408533e-07,5.268056777895324672e-03,4.595003921976693190e-02
1.755256821788755587e+03,3.735625006514340153e-07,3.861961952845719987e-03,2.954471573148555533e-02
1.756433267379766903e+03,1.927114789667086155e-07,2.501414636395165279e-03,1.746463778401766836e-02
1.757609712970778219e+03,1.754367396205403778e-07,1.996654325483990505e-03,1.610816395288997005e-02
1.758786158561789307e+03,1.235600342352033348e-07,1.148667079544197969e-03,9.908100289077416065e-03
1.759962604152800623e+03,1.051736609924297361e-07,9.483082978876402561e-04,5.743903518336381485e-03
1.761139049743811938e+03,1.047897873075337036e-07,1.146452737822231324e-03,7.321391633474675503e-03
1.762315495334823026e+03,7.621187088698443349e-08,1.004242764154631741e-03,9.287467833261404309e-04
1.763491940925834342e+03,6.771587213282540159e-08,9.225591705979901492e-04,4.863359160653774396e-03
1.764668386516845658e+03,5.115855481111492390e-08,7.782898420277486757e-04,4.138813529396149181e-03
1.765844832107856746e+03,1.509669750415007165e-08,3.960274995331320574e-04,8.392523047958691529e-03
1.767021277698868062e+03,2.062486741530201926e-08,1.583613722564586063e-04,9.364364152239953304e-03
1.768197723289879150e+03,4.419591202907439854e-08,1.816381575049444148e-04,1.295094044285965799e-02
1.769374168880890466e+03,5.850908862992268605e-08,1.963640329346534098e-04,1.871125346976049500e-02
1.770550614471901781e+03,8.695951397567934455e-08,7.395901287157739725e-04,2.548454008539288718e-02
1.771727060062912869e+03,7.199743936864660284e-08,1.070249111801835481e-03,2.855160510743174826e-02
1.772903505653924185e+03,5.243737262011417174e-08,9.311092917170672289e-04,1.972637702777261734e-02
1.774079951244935273e+03,7.291232782596102377e-08,1.077353574794032544e-03,3.322791276511970898e-02
1.775256396835946589e+03,7.699808233838679576e-08,9.415387912635165245e-04,1.371629269744095714e-02
1.776432842426957905e+03,7.260616857176920508e-08,7.768416262011665612e-04,3.389902739730237327e-03
1.777609288017968993e+03,4.804993769396492842e-08,4.694680706183412648e-04,2.186465573490938182e-03
1.778785733608980308e+03,5.242119768668780704e-08,4.826005498286244913e-04,3.707072832228584282e-03
1.779962179199991624e+03,5.334853569533823773e-08,5.468769555916750845e-04,5.555857848193276882e-03
1.781138624791002712e+03,1.368082777774362855e-08,2.510855476522168826e-04,3.966178178648147382e-03
1.782315070382014028e+03,7.610516076317552438e-08,6.230002860834569101e-04,6.541205983905712569e-03
1.783491515973025344e+03,8.668283414711162620e-08,8.911742378000324892e-04,1.382550437183547275e-02
1.784667961564036432e+03,5.026128772803221453e-08,7.801562586918373227e-04,1.425276170632556842e-02
1.785844407155047747e+03,2.079265299031778297e-08,5.131684032886709487e-04,6.942082526038157071e-03
1.787020852746058836e+03,4.089102611102782839e-08,4.816772855266286159e-04,6.277426547431873283e-03
1.788197298337070151e+03,1.379137821037871621e-07,1.321439021939436152e-03,2.103465736346252918e-02
1.789373743928081467e+03,4.037384343480271748e-07,4.387152343354394461e-03,3.918979205293550427e-02
1.790550189519092555e+03,4.418737966697432120e-07,5.438596450231019536e-03,1.853904494552847254e-02
1.791726635110103871e+03,3.103318174347446104e-07,3.351135853568729898e-03,2.518074256663162605e-02
1.792903080701114959e+03,1.024949026548068344e-07,1.314084323008696481e-03,4.462458122032713498e-02
1.794079526292126275e+03,7.323069259051857164e-08,7.639829079929002327e-04,3.328322128730254459e-02
1.795255971883137590e+03,8.189590421189307727e-09,2.205861447900937518e-04,2.141311305037792503e-02
1.796432417474148679e+03,4.371482673075976395e-08,4.756586691711107810e-04,6.472163903474714708e-03
1.797608863065159994e+03,6.747459792242060765e-08,5.705848293384571321e-04,3.411732672018598107e-03
1.798785308656171310e+03,6.178277352946965631e-08,4.608054539738437637e-04,5.802315010962618563e-03
1.799961754247182398e+03,4.521419628726390519e-08,3.101662550227369348e-04,8.257791939363217856e-03
1.801138199838193714e+03,3.200178470393437555e-08,1.495188890024096791e-04,1.223357087292787845e-02
1.802314645429205029e+03,4.721316750572270623e-08,3.316756046691931052e-04,8.437590396681874869e-03
1.803491091020216118e+03,4.494224215261758654e-08,3.241400724839870709e-04,1.366101465232368896e-02
1.804667536611227433e+03,4.616895876071010026e-08,3.904254839025531900e-04,1.865893662366645972e-02
1.805843982202238521e+03,2.965262697347282841e-08,3.712851490364415066e-04,1.111252441764196131e-02
1.807020427793249837e+03,3.430526366384629933e-08,5.208883171125526382e-04,1.295903389480281172e-02
1.808196873384261153e+03,4.627594537764166809e-08,7.381171452307903327e-04,2.397072420937461368e-02
1.809373318975272241e+03,5.882370038685777591e-08,7.126045362738758207e-04,2.222496316461951976e-02
1.810549764566283557e+03,4.209150201110929773e-08,3.761566728932767920e-04,1.505765831867082911e-02
1.811726210157294645e+03,7.829478844346016800e-08,6.588222346832522036e-04,1.696223567442712785e-02
1.812902655748305961e+03,7.309804266769683274e-08,5.228453879201371739e-04,1.948672392674797790e-02
1.814079101339317276e+03,3.056938038652424460e-08,1.355104087993328269e-04,1.795668730369090124e-02
1.815255546930328364e+03,7.189541812618974142e-08,6.180976146124253674e-04,6.845214105131986089e-03
1.816431992521339680e+03,8.105826364008289107e-08,8.686155563267683889e-04,1.151166004543944382e-02
1.817608438112350996e+03,5.395228053052729643e-08,7.546672415590127995e-04,1.383496458133163728e-02
1.818784883703362084e+03,5.501058467287641719e-08,7.327648550790838260e-04,6.124606481150128741e-03
1.819961329294373400e+03,4.743251170590223491e-08,4.914513787678619723e-04,4.890232838020669784e-03
1.821137774885384715e+03,4.017036456082204162e-08,5.162646355015431017e-04,6.997514799700935498e-03
1.822314220476395803e+03,8.858668300148312751e-08,1.081012333608919471e-03,1.288563050318720579e-02
1.823490666067407119e+03,8.671400566533336506e-08,7.943237717590624636e-04,7.333918036005124264e-03
1.824667111658418207e+03,7.431394547395015064e-08,5.417769075168504030e-04,1.335748929396633408e-02
1.825843557249429523e+03,1.557778993602492382e-07,1.593692403092837172e-03,3.535027882040646385e-02
1.827020002840440839e+03,4.550942941979843095e-07,5.192881241675546648e-03,6.362122037731132718e-02
1.828196448431451927e+03,4.476253790473744053e-07,5.522498386045090676e-03,5.569797439474703099e-02
1.829372894022463242e+03,3.502292847894057789e-07,4.008003331423709223e-03,3.398365196636955049e-02
1.830549339613474331e+03,2.056881710464703122e-07,2.582258243276360030e-03,2.050713694703515388e-02
1.831725785204485646e+03,1.668804406036854942e-07,2.016566574942007216e-03,1.429997115544933382e-02
1.832902230795496962e+03,1.084989074579272312e-07,1.275504365524105128e-03,6.047124863662276320e-03
1.834078676386508050e+03,7.345878032116516032e-08,8.267086365036560970e-04,5.310683962251724552e-03
1.835255121977519366e+03,6.082279120789694213e-08,5.658302764961652869e-04,3.576951199245164727e-03
1.836431567568530681e+03,6.576569536250770812e-08,4.968308671365730209e-04,5.942442909695243650e-03
1.837608013159541770e+03,8.006145151247254827e-08,5.688385959048251634e-04,3.443634847644819891e-03
1.838784458750553085e+03,4.587733231205208059e-08,4.626181019412145112e-04,5.856487653839231519e-03
1.839960904341564401e+03,1.828816650495935129e-08,2.090931566456621926e-04,5.865183108550836230e-03
1.841137349932575489e+03,1.371580159186081722e-08,3.039343190188188563e-04,6.293839111967479416e-03
1.842313795523586805e+03,3.662718979579071474e-08,2.855758229294926595e-04,1.498088202996386911e-02
1.843490241114597893e+03,4.718666805149001219e-08,3.659988729252277900e-04,1.499466661325730803e-02
1.844666686705609209e+03,3.265964003584349653e-08,2.614245343760917260e-04,1.804607011742613565e-02
1.845843132296620524e+03,3.838575854304646703e-08,4.402570258177343401e-04,1.720359907086377663e-02
1.847019577887631613e+03,1.269566479466734760e-08,2.076753080131776461e-04,6.796621013674658714e-03
1.848196023478642928e+03,1.064927892809652573e-08,1.307175897844977449e-04,1.518107795398385661e-02
1.849372469069654016e+03,6.059713809264997675e-09,5.401161922597880362e-05,8.449685715109109263e-03
1.850548914660665332e+03,3.742973114536968230e-08,2.085807004665359964e-04,4.851559362739344718e-03
1.851725360251676648e+03,6.425511740222537692e-08,5.611459857016949443e-04,2.876157756765301311e-03
1.852901805842687736e+03,2.909636837210756529e-08,5.721108587253241617e-04,8.414454752015968625e-03
1.854078251433699052e+03,9.663313350401748422e-09,2.885842687237530888e-04,4.690717676425268726e-03
1.855254697024710367e+03,1.708505427256367265e-08,2.561403916250361897e-04,2.558392330858273982e-03
1.856431142615721456e+03,2.143361952091761895e-08,3.306401862017724580e-05,3.628210440506676477e-03
1.857607588206732771e+03,8.656839003248944746e-09,1.407807505631109208e-04,1.727527827294845011e-03
1.858784033797744087e+03,1.525839848672721840e-08,2.039668413744507745e-04,4.384670742215122062e-03
1.859960479388755175e+03,4.943024045559113342e-08,6.389233365011149583e-04,6.677841305429049572e-03
1.861136924979766491e+03,5.927405230015447139e-08,5.194117970118211289e-04,6.450541666346445643e-03
1.862313370570777579e+03,8.482913676647101014e-08,7.828162927784285434e-04,5.759214394560230321e-03
1.863489816161788895e+03,1.411915581665470287e-07,1.886576788987063668e-03,2.360728523307014173e-02
1.864666261752800210e+03,2.270533309377413558e-07,2.764354651506943563e-03,4.611315382242255068e-02
1.865842707343811298e+03,2.383972938330788384e-07,2.828968657933967137e-03,4.742217813054483422e-02
1.867019152934822614e+03,1.337936098655760317e-07,1.722312784723826432e-03,2.587309816343871458e-02
1.868195598525833702e+03,7.818069360156004809e-08,6.955924508102458810e-04,1.220081353050728873e-02
1.869372044116845018e+03,3.142065094203958534e-08,2.748032936521337555e-04,2.430715312285215875e-03
1.870548489707856334e+03,1.038136540155375898e-08,2.423289171840697562e-04,6.548570624534434670e-03
1.871724935298867422e+03,2.164816012587527441e-08,3.016955722445932814e-04,1.073039432114710791e-02
1.872901380889878737e+03,3.422936045506454390e-08,2.998985314635093172e-04,9.171300860752001211e-03
1.874077826480890053e+03,3.879589403807367246e-08,2.783081404156970335e-04,5.009575231335211022e-03
1.875254272071901141e+03,6.991490735071973030e-08,6.250579128265872563e-04,8.466485686185189555e-03
1.876430717662912457e+03,5.710390432694262973e-08,5.971277929901270447e-04,5.808174455810321928e-03
1.877607163253923773e+03,3.613131880803524252e-08,3.982436357394960962e-04,1.586331114882007579e-02
1.878783608844934861e+03,3.104826670745010985e-08,4.585606935387247143e-04,1.935116553006999834e-02
1.879960054435946176e+03,9.000741300124001904e-09,1.984673722785698646e-04,1.646328964306208870e-02
1.881136500026957265e+03,2.014122439865687067e-08,3.469416044366286484e-04,3.137114968462174480e-03
1.882312945617968580e+03,2.679672579509535195e-08,3.991496489283981146e-04,2.981383476831328105e-03
1.883489391208979896e+03,4.979109497269000952e-08,2.579636814821150391e-04,9.426558659801681853e-03
1.884665836799990984e+03,4.259858348671141731e-08,1.652012290570162940e-04,1.322771965484152192e-02
1.885842282391002300e+03,5.608162520841157830e-08,3.277216440139648799e-04,1.895950425202531583e-02
1.887018727982013388e+03,1.020178595393419645e-08,4.773134783664763564e-04,1.466684375957127279e-02
1.888195173573024704e+03,1.723422092204042258e-08,3.659116557544723840e-04,1.069739544927323510e-02
1.889371619164036019e+03,1.082048302291178169e-08,4.429554252669334609e-04,5.234033426039656593e-03
1.890548064755047108e+03,3.813668918108482734e-08,8.009533445290284350e-04,1.196323173315902606e-02
1.891724510346058423e+03,6.498959134592657509e-08,8.820689550147140781e-04,4.855779483058292323e-03
1.892900955937069739e+03,8.462369264341357046e-08,6.957294805953741180e-04,1.657700908591081294e-03
1.894077401528080827e+03,4.918996178371877289e-08,1.979451643020829418e-04,4.995617919946395043e-03
1.895253847119092143e+03,7.227332502689729541e-08,4.575618036821475711e-04,1.820753701395732118e-03
1.896430292710103458e+03,3.855778362627782480e-08,7.477897339658344045e-04,6.578799615494801585e-03
1.897606738301114547e+03,3.741843677382116784e-08,4.896102973640580969e-04,4.081067033453168041e-03
1.898783183892125862e+03,4.368864432584394047e-08,1.072494456205585090e-04,3.539600349037081740e-03
1.899959629483136951e+03,9.035188997425490871e-08,7.727031862884063771e-04,2.698335895443529711e-03
1.901136075074148266e+03,1.497936277553566868e-07,1.766332432474385528e-03,1.321199069888384647e-02
1.902312520665159582e+03,1.751613095282205176e-07,2.513551105444856992e-03,2.103893719703879214e-02
1.903488966256170670e+03,2.078102250200802676e-07,2.382099272366230633e-03,2.478370456120689014e-02
1.904665411847181986e+03,1.673683140782046936e-07,1.757393001098894085e-03,2.255881730174591482e-02
1.905841857438193074e+03,8.711408300935917645e-08,1.197114140178588996e-03,1.512248877138780596e-02
1.907018303029204390e+03,2.655056297649503786e-08,7.439540377660360795e-04,6.455641489409445072e-03
1.908194748620215705e+03,2.758730656028570810e-08,5.181204473717814993e-04,4.755179010637146549e-03
1.909371194211226793e+03,5.489200076020667640e-08,5.067405637026707946e-04,7.790932261604980279e-03
1.910547639802238109e+03,6.359460999135820868e-08,3.892431816566391126e-04,5.340734635923329379e-03
1.911724085393249425e+03,7.295688852296835909e-08,5.196793313905725313e-04,5.852613165728198959e-03
1.912900530984260513e+03,5.245639500263893796e-08,5.126939259194045629e-04,6.411818301367344826e-03
1.914076976575271829e+03,7.153702694763882462e-09,2.652798770632349649e-04,1.000647534233488345e-02
1.915253422166283144e+03,2.564392078831602250e-09,1.017781642912144764e-04,1.057003243918830902e-02
1.916429867757294232e+03,4.034512273850955160e-08,5.076062369271908299e-04,4.359676802764101550e-03
1.917606313348305548e+03,4.013172434724831316e-08,5.940530362049732498e-04,5.568709282661534615e-03
1.918782758939316636e+03,3.775964373418127596e-08,6.737247914727270953e-04,2.061030454755380208e-03
1.919959204530327952e+03,4.136864739585687217e-08,6.772145648858584515e-04,4.028873338994749462e-03
1.921135650121339268e+03,5.927638978455302680e-08,8.314630227088654459e-04,9.315282813096386477e-03
1.922312095712350356e+03,8.561141205836399500e-08,9.456118185151522054e-04,1.224632650706796409e-02
1.923488541303361671e+03,4.219651591310741809e-08,3.474289704460747311e-04,8.028032013005408432e-03
1.924664986894372760e+03,5.538778124996263788e-08,5.170203604756879075e-04,1.084986518298765995e-02
1.925841432485384075e+03,5.204040547577400738e-08,5.261280936380264249e-04,1.507025479108412870e-02
1.927017878076395391e+03,2.730720518372426871e-08,1.243616652622002243e-04,1.087735450030836472e-02
1.928194323667406479e+03,2.959375721240934919e-08,5.802651616869526602e-05,7.158518838851315666e-03
1.929370769258417795e+03,5.717394475758842695e-08,2.355240124281629403e-04,3.697819984626611340e-03
1.930547214849429110e+03,3.715660424681917973e-08,1.836122703337575120e-04,3.062714458444902501e-03
1.931723660440440199e+03,5.619075467652657589e-08,3.964248918667797944e-04,4.553527627586533011e-03
1.932900106031451514e+03,4.125459471119783115e-08,1.388235894594115616e-04,7.259213995391705296e-03
1.934076551622462830e+03,4.899918529349990430e-08,4.328999985403247973e-04,8.223732643570427076e-04
1.935252997213473918e+03,2.965234350197948464e-08,1.270320341901726516e-04,5.242705336794654947e-03
1.936429442804485234e+03,4.367514199149312694e-08,4.211560774626604223e-04,3.648991500554684807e-03
1.937605888395496322e+03,5.574669642370281942e-08,5.254881345744706611e-04,8.176048325986470452e-03
1.938782333986507638e+03,6.653987138640919850e-08,8.686076456372264889e-04,1.706609678336670419e-02
1.939958779577518953e+03,7.721312646827349446e-08,1.233728821276133380e-03,2.337036225510751367e-02
1.941135225168530042e+03,9.937723631577099708e-08,1.259044961687766492e-03,1.819326141678717992e-02
1.942311670759541357e+03,1.065049671834951156e-07,1.077418594755964439e-03,1.155242133222719562e-02
1.943488116350552446e+03,6.706505266906075238e-08,5.333208742219031984e-04,2.184510344031367814e-03
1.944664561941563761e+03,4.177135833137471978e-08,2.784124710655276939e-04,1.107778353079784612e-03
1.945841007532575077e+03,1.518222289963131217e-08,1.820144790807445400e-04,5.389489149016459674e-03
1.947017453123586165e+03,2.178954125752149582e-08,2.505550851712757014e-04,8.785944905683271827e-03
1.948193898714597481e+03,2.916762392916181681e-08,3.468488367575122615e-04,9.746407961707949721e-03
1.949370344305608796e+03,2.711493862213964979e-08,4.728416980631372371e-04,2.750580630212986263e-03
1.950546789896619885e+03,2.758863515893327773e-08,4.889457701552694891e-04,1.251412717971829569e-02
1.951723235487631200e+03,4.194588026904595230e-08,6.175929317186188480e-04,2.234039365731412333e-02
1.952899681078642516e+03,5.839835182978046828e-08,7.270127842589133157e-04,1.691744036664039746e-02
1.954076126669653604e+03,5.031577384771864273e-08,6.181196623059419509e-04,2.042576082513554523e-03
1.955252572260664920e+03,5.449234408037493616e-08,7.395059538505426066e-04,1.091069443237082173e-02
1.956429017851676008e+03,4.070073002291359938e-08,5.584194615056174617e-04,3.511837642986025392e-03
1.957605463442687324e+03,5.169026649062421436e-08,5.544812263527576154e-04,6.726780039079211133e-03
1.958781909033698639e+03,4.968406481678000480e-08,4.269301799385015516e-04,1.162989397761495132e-02
1.959958354624709727e+03,2.027122568148118713e-08,3.941854984863109800e-05,7.008968748615859376e-03
1.961134800215721043e+03,5.366397164528148885e-08,4.886299546971080172e-04,5.392453996379421854e-03
1.962311245806732131e+03,5.757166811399517073e-08,6.862869537254293962e-04,6.447431391442237127e-03
1.963487691397743447e+03,3.304163088773381361e-08,4.912007110118874007e-04,5.275957813465970321e-03
1.964664136988754763e+03,1.439206045667107202e-08,3.512148446471353037e-04,4.056261343213021613e-03
1.965840582579765851e+03,1.713284226921352177e-08,2.055985967782185907e-04,5.031221032538906249e-03
1.967017028170777166e+03,3.010668688293409994e-08,2.942801217852885134e-04,5.331766327835622300e-03
1.968193473761788482e+03,2.023236794812629970e-08,4.021580399671506362e-04,1.091071063089945649e-02
1.969369919352799570e+03,2.194609283983041400e-08,9.883876473308948014e-05,7.544429993787067461e-03
1.970546364943810886e+03,1.313031460175400851e-08,2.804622703639957169e-04,2.435449785129601644e-03
1.971722810534822202e+03,3.531094853899907389e-08,2.874095416265664855e-04,3.648667316134965831e-03
1.972899256125833290e+03,9.298509858861262818e-09,2.357583130151618333e-04,4.683772384450440342e-03
1.974075701716844605e+03,5.058642226373495381e-08,5.857469118517037894e-04,3.696094799686599087e-03
1.975252147307855694e+03,3.176752661584295879e-08,4.279705942635081504e-04,8.863237449418102931e-03
1.976428592898867009e+03,3.683676339259724464e-08,4.888758909109703742e-04,1.025003023408512827e-02
1.977605038489878325e+03,5.936516944726144102e-08,7.756512378875214534e-04,4.205353931403317536e-03
1.978781484080889413e+03,8.534113080948186383e-08,1.029075801177367459e-03,1.379359258857346116e-02
1.979957929671900729e+03,7.194688408292828926e-08,8.068097475086439792e-04,9.765021876949353877e-03
1.981134375262911817e+03,4.167081627477777657e-08,4.415074331154990859e-04,5.698480200872601230e-03
1.982310820853923133e+03,1.661997258917787739e-08,9.612048439787360002e-05,4.321997348572639668e-03
1.983487266444934448e+03,5.552648118459995327e-08,5.273504545132268575e-04,5.165331162342442009e-03
1.984663712035945537e+03,8.516199175310092314e-08,8.729879573376752612e-04,2.413698562923735982e-03
1.985840157626956852e+03,5.340098262980826793e-08,5.203875820806645692e-04,5.247350707942224392e-03
1.987016603217968168e+03,6.911167184112184982e-08,7.953694927217194168e-04,1.298055112866532308e-02
1.988193048808979256e+03,6.472520469771441026e-08,8.629029956285002440e-04,1.490314907156444976e-02
1.989369494399990572e+03,5.534412335863472127e-08,7.531354291113906722e-04,7.706378539455481860e-03
1.990545939991001887e+03,4.821204546417785315e-08,6.588963707336901272e-04,2.891624693426368600e-03
1.991722385582012976e+03,3.056084911230412106e-08,4.874451965590765570e-04,7.941073801807871715e-03
1.992898831173024291e+03,1.184057820049162437e-08,2.756318231588500878e-04,9.232944145959341709e-03
1.994075276764035380e+03,3.185894490410461404e-08,5.169223768779676988e-04,9.776114766648099849e-03
1.995251722355046695e+03,4.297723751157357652e-08,6.060359600229120718e-04,4.466422105754618010e-03
1.996428167946058011e+03,3.220589833215614637e-08,5.008004265679368190e-04,5.742210826857466373e-03
1.997604613537069099e+03,3.923730114319485303e-08,5.364223558669808977e-04,4.414027470103274071e-03
1.998781059128080415e+03,4.309583876370739683e-08,4.032929504537611869e-04,6.382176991782029588e-03
1.999957504719091503e+03,2.272265306235638806e-08,2.012670515337089503e-04,6.465208364277475438e-03
2.001133950310102819e+03,1.474680392608684460e-08,2.391094571897936906e-04,5.475218462968733241e-03
2.002310395901114134e+03,1.234471161280830920e-08,1.678408967066097822e-04,5.876026971163761728e-03
2.003486841492125222e+03,2.120013641039047546e-08,1.443070715019994837e-04,8.025447218485684195e-04
2.004663287083136538e+03,4.749066612978680627e-08,3.794593504343613932e-04,1.127983727995981577e-03
2.005839732674147854e+03,2.856044319083182586e-08,5.851173807580779688e-04,1.619458745028233603e-03
2.007016178265158942e+03,3.146516151740806335e-08,4.227857911309549212e-04,1.642578317322957631e-03
2.008192623856170258e+03,1.905874125254772608e-08,6.933981432992618516e-05,3.736254222142280750e-03
2.009369069447181573e+03,2.517913164669456290e-08,2.800230452390993713e-04,7.420178869019813939e-03
2.010545515038192661e+03,3.448596352562605059e-08,3.203430790899167505e-04,2.897977499715781273e-03
2.011721960629203977e+03,5.213665233654257193e-09,8.134547793678142036e-05,4.193712821518481328e-03
2.012898406220215065e+03,2.651936168506704266e-08,3.231678640097678293e-04,1.206715849795322567e-03
2.014074851811226381e+03,5.137647126893438766e-08,7.913769636120821568e-04,9.735796851140765193e-03
2.015251297402237697e+03,2.131940369244406096e-08,4.898213036528624963e-04,1.217044554848905127e-02
2.016427742993248785e+03,2.993735603277331905e-08,5.636283869685164124e-04,1.154499378418499290e-02
2.017604188584260100e+03,4.254863304819750961e-08,4.396853708303001041e-04,2.436252146489552989e-03
2.018780634175271189e+03,1.818048783131131867e-08,8.652541622239369814e-05,3.675439721408003176e-03
2.019957079766282504e+03,1.095870053470519098e-08,8.467255073561036035e-05,7.436788313201986647e-03
2.021133525357293820e+03,1.313605751180020568e-08,1.678106533372880594e-04,1.014597238854834937e-02
2.022309970948304908e+03,3.536456078600287814e-08,4.294037068083594215e-04,2.532233803039911531e-03
2.023486416539316224e+03,4.155698850195188565e-08,5.608699695116878096e-04,1.136302527488671985e-02
2.024662862130327539e+03,2.655771713989833170e-08,3.754738781165408270e-04,1.300190809949521541e-02
2.025839307721338628e+03,2.936977186178505909e-08,4.439884243744448514e-04,6.578539413198655414e-03
2.027015753312349943e+03,1.242552513026175988e-08,2.367353317159073627e-04,6.310297061869324202e-03
2.028192198903361259e+03,1.350424176804110346e-08,2.415233642508560652e-04,1.444519346220772549e-02
2.029368644494372347e+03,2.495856877010031289e-08,3.195819669335298150e-04,1.386702764030794434e-02
2.030545090085383663e+03,5.056877817570129802e-08,5.123671606119939827e-04,1.061915628594699811e-02
2.031721535676394751e+03,4.172489208851004944e-08,4.777372450941839315e-04,3.321824514356176705e-03
2.032897981267406067e+03,7.507810963633424015e-09,1.723616052625328004e-04,5.964613575253745366e-03
2.034074426858417382e+03,1.699652867334744681e-08,1.201057035001088240e-04,1.002581674862761466e-02
2.035250872449428471e+03,7.473150447700521572e-09,2.133872401845971411e-04,1.249801580561797458e-02
2.036427318040439786e+03,1.247425648542191159e-08,2.282807971744386596e-04,8.647978264473681412e-03
2.037603763631450875e+03,1.621684075395227584e-08,1.766924019684101854e-04,1.008167412785292670e-02
2.038780209222462190e+03,1.158363891899575318e-08,3.298531887594467543e-05,6.949591373512703160e-03
2.039956654813473506e+03,1.454059099303866597e-08,1.558600012802252089e-04,3.368499899642415311e-03
2.041133100404484594e+03,2.134792308560294521e-08,4.734060320648010101e-04,6.723667036218485688e-03
2.042309545995495910e+03,5.643987111084139117e-08,5.346035098328042606e-04,1.188790943637892117e-02
2.043485991586507225e+03,2.834578082473605283e-08,1.033275472591627591e-04,1.583515694999991508e-02
2.044662437177518314e+03,3.166629204707394297e-08,1.797224517150495594e-04,6.318117583794154342e-03
2.045838882768529629e+03,4.049717397977485613e-08,3.113540170911937091e-04,5.388323578314771489e-03
2.047015328359540945e+03,2.243511445638526157e-08,3.850884805533497275e-04,9.980229512977117565e-03
2.048191773950552033e+03,1.825300576711650670e-08,2.266188120495768509e-04,1.068393547571920392e-02
2.049368219541563121e+03,1.418247583705056644e-08,2.233528772894439562e-04,8.658291136383852379e-03
2.050544665132574664e+03,2.336856533906737744e-08,3.017397845509154773e-04,8.175443874029852953e-03
2.051721110723585753e+03,1.827889865691554033e-08,2.858499128815550371e-04,2.458584844515410064e-03
2.052897556314596841e+03,2.189472418266671145e-08,3.113322838472478912e-04,6.431840915380561581e-03
2.054074001905608384e+03,2.678847469753354147e-08,3.591752584414579477e-04,7.170889581154438544e-03
2.055250447496619472e+03,3.243706511293842210e-08,3.310407214422763636e-04,5.292013377788212965e-03
2.056426893087630560e+03,2.354409093855850126e-09,1.951636140499229304e-04,3.103431803715806826e-03
2.057603338678642103e+03,3.175937187814254422e-08,3.211704602951650101e-04,2.173074350926304174e-03
2.058779784269653192e+03,3.543730601398383886e-08,3.701241136016985732e-04,6.764710720768305451e-03
2.059956229860664280e+03,4.372254229606655618e-08,4.722237171951093127e-04,3.172426378185072126e-03
2.061132675451675823e+03,2.242717696549686373e-08,2.523328311073938664e-04,5.965115948258803077e-03
2.062309121042686911e+03,7.473710991332156486e-09,6.862516308891491903e-05,5.095135877376391793e-03
2.063485566633697999e+03,1.527467647281278737e-08,2.033076539600607829e-04,4.778892873352408484e-03
2.064662012224709088e+03,2.703942131851110940e-08,3.928760141764061535e-04,8.081135162138028405e-03
2.065838457815720631e+03,3.171729062215473110e-08,5.112918231628594710e-04,6.370553036577566650e-03
2.067014903406731719e+03,2.484842596924053324e-08,3.857631148746046333e-04,5.331846025010536505e-03
2.068191348997742807e+03,3.403337282293482571e-09,5.460685995446078249e-05,3.346140575054476311e-03
2.069367794588754350e+03,1.700601036012380664e-08,1.525559865418606739e-04,7.740234784116671249e-03
2.070544240179765438e+03,8.484032288971677787e-09,3.293450181415864169e-04,9.754399205634364106e-03
2.071720685770776527e+03,1.741648166815362411e-08,2.889684268460252837e-04,6.819398839233117848e-03
2.072897131361788070e+03,2.556593058107841536e-08,3.031950422008196345e-04,3.061786961182541480e-03
2.074073576952799158e+03,3.707714907554084629e-08,2.298351093984078242e-04,7.044623956533353250e-03
2.075250022543810246e+03,1.734104844744825299e-08,2.378676472006095700e-04,5.173853797122957010e-03
2.076426468134821789e+03,1.321928420697562276e-08,4.614210142936914872e-05,3.802400196273679218e-03
2.077602913725832877e+03,2.306552330378769456e-08,2.310858082039924061e-04,5.589622675300567022e-03
2.078779359316843966e+03,1.266546946142551775e-08,1.943750198257670266e-04,7.423548616000748106e-03
2.079955804907855054e+03,3.681623311707721334e-08,2.708985425436133822e-04,8.847454518177236618e-03
2.081132250498866597e+03,3.458427301554478738e-09,2.820601190743920496e-04,2.288344260584768922e-03
2.082308696089877685e+03,4.699763069286430472e-08,4.883190477364342426e-04,8.831349833012449441e-03
2.083485141680888773e+03,3.563169722671972757e-08,3.851219557057231524e-04,7.389984831998651013e-03
2.084661587271900316e+03,1.202389390877420909e-08,7.967263219133853677e-05,1.288952063355921964e-03
2.085838032862911405e+03,3.143134220366848504e-08,2.546029727137971905e-04,5.381472156369825066e-03
2.087014478453922493e+03,2.680681417278001069e-08,1.123297243058085827e-04,5.552201659558535923e-03
2.088190924044934036e+03,2.887301745043256878e-08,6.218340074693767166e-04,1.294288242152843299e-02
2.089367369635945124e+03,2.094215405583950485e-08,2.985741065055705487e-04,6.299337320031401892e-03
2.090543815226956212e+03,1.175890073927590800e-08,2.635460117097778690e-04,3.120963417185269439e-03
2.091720260817967755e+03,2.990491175507342917e-08,3.167946217443264501e-04,4.277943575917365210e-03
2.092896706408978844e+03,3.373531124966049343e-08,4.768115638797403716e-04,1.948981180603176966e-03
2.094073151999989932e+03,1.791336736770952677e-08,2.748213846725120683e-04,4.061729058077719751e-03
2.095249597591001475e+03,2.145859568961369419e-08,2.346433779738812074e-04,3.184726515547038790e-03
2.096426043182012563e+03,2.102618741276849162e-08,2.746690362431085126e-04,8.118220446319934780e-03
2.097602488773023651e+03,5.474785450916415688e-09,1.597996707636773958e-04,8.104327749137470518e-03
2.098778934364035194e+03,3.313429303763932749e-09,6.875113943714761201e-05,3.878583595804892519e-03
2.099955379955046283e+03,9.167521503236929233e-09,1.870640233920557315e-04,7.164223876971620268e-03
2.101131825546057371e+03,5.731216231116479528e-09,9.193056249470381921e-05,8.491010320953751647e-03
2.102308271137068459e+03,5.027477249486406914e-09,4.367360868943381748e-05,6.013681530862415546e-03
2.103484716728080002e+03,2.033518759034987608e-08,1.929024916778641170e-04,6.153410581622210246e-03
2.104661162319091090e+03,2.476657075433480427e-08,2.429599829149574092e-04,6.134096455660593798e-03
2.105837607910102179e+03,8.767738202659511819e-09,1.269724219784731771e-04,1.460053613610475844e-02
2.107014053501113722e+03,2.372000346414520066e-08,1.001160453693324787e-04,9.516998509350832816e-03
2.108190499092124810e+03,3.886460721778266408e-09,2.304399553521060257e-04,7.663707686601410780e-03
2.109366944683135898e+03,1.118703272501097217e-08,1.462584630537874201e-04,1.012622607043562988e-02
2.110543390274147441e+03,8.088326222935310416e-09,6.374874459211309161e-05,8.651929212985091412e-04
2.111719835865158529e+03,1.001073418071539815e-08,5.440715778575619063e-05,4.655469923210794891e-03
2.112896281456169618e+03,2.290456896794044207e-08,1.287902945372634128e-04,2.106731429529190569e-03
2.114072727047181161e+03,2.093660486706509478e-08,1.007658670696628288e-04,7.563705192574967685e-03
2.115249172638192249e+03,2.769134082428574391e-08,3.894119506924253798e-04,6.381032809480974462e-03
2.116425618229203337e+03,1.284029833874107707e-08,1.748076311276742600e-04,8.149450577012613828e-03
2.117602063820214426e+03,1.488796929072474522e-08,7.738939658700677896e-05,7.280836119657323711e-03
2.118778509411225969e+03,1.457615388588639827e-08,1.537816837183931509e-04,2.363760905238899371e-03
2.119954955002237057e+03,1.411420397308193354e-08,9.276472194987896993e-05,8.541619527702501782e-03
2.121131400593248145e+03,1.650448833580223168e-08,2.057734805148254086e-04,9.585334728058760023e-03
2.122307846184259688e+03,1.695106966991941301e-08,3.486466477303546861e-04,1.001154362457940504e-02
2.123484291775270776e+03,4.961786637313366184e-08,6.083565977322825079e-04,1.194413002718269778e-02
2.124660737366281865e+03,4.344088290523188668e-08,5.219816458720012015e-04,3.525004262094036129e-03
2.125837182957293408e+03,2.880330913776091325e-09,1.173042673906248603e-04,4.351389730480698277e-03
2.127013628548304496e+03,3.504745498292110814e-08,2.933952359909834337e-04,3.946657401877828007e-03
2.128190074139315584e+03,3.773497514934326617e-08,2.886041790236478790e-04,7.379727301803003583e-03
2.129366519730327127e+03,1.163847587437157977e-08,3.550448095405412080e-04,5.071494665983794330e-03
2.130542965321338215e+03,5.580147983198263590e-08,4.499403033962038495e-04,2.901008635179300275e-03
2.131719410912349304e+03,2.964108387416848534e-08,1.999794375222820259e-04,8.700485711870351718e-03
2.132895856503360847e+03,5.250984675650634956e-08,3.775733346912484283e-04,4.094143615269516499e-03
2.134072302094371935e+03,2.632297947940775086e-08,4.477396323739950236e-04,3.968367190757612385e-03
2.135248747685383023e+03,6.220437807707085164e-09,1.875184361323952429e-04,2.258945630315731951e-03
2.136425193276394566e+03,1.672959773154082265e-09,1.500538489770381740e-04,7.963232882510046587e-03
2.137601638867405654e+03,1.962225463903405791e-08,2.737900582355869725e-04,7.616617944925675038e-03
2.138778084458416743e+03,1.905446260244510120e-08,2.366517541583725731e-04,4.817768341172813142e-03
2.139954530049427831e+03,9.848269703744211389e-09,9.077938448976036222e-05,6.558216699155062362e-03
2.141130975640439374e+03,2.810428170805357291e-08,2.504773276695298361e-04,5.837022570117058468e-03
2.142307421231450462e+03,2.963200918978668173e-08,3.682634979150997429e-04,4.614644999882639570e-03
2.143483866822461550e+03,1.637531420102645864e-08,9.127884027588550918e-05,7.490500520771137781e-03
2.144660312413473093e+03,9.152907045245033597e-09,1.993009922864866679e-04,7.599267755587663445e-03
2.145836758004484182e+03,2.191995028295044714e-08,2.166909182875711331e-04,9.969896019608083179e-03
2.147013203595495270e+03,1.366924324830244551e-08,4.134908986823007226e-05,1.123096338857810031e-02
2.148189649186506813e+03,9.067104412522610784e-09,3.123558319256930483e-04,9.057882292117772419e-03
2.149366094777517901e+03,3.592546158118022558e-08,4.589606280530503864e-04,8.016918924072628794e-03
2.150542540368528989e+03,4.211053947949406305e-08,2.915308325478896466e-04,5.661276121669834606e-03
2.151718985959540532e+03,1.502640231243125328e-08,7.598388052667665829e-05,7.594536232531221530e-03
2.152895431550551621e+03,2.341968355899958095e-08,1.217221272292240072e-04,4.385355652081250610e-03
2.154071877141562709e+03,1.044634132060573673e-08,1.580119704872363657e-04,9.452359931271964513e-03
2.155248322732573797e+03,1.305812776824564428e-08,5.724719908483008569e-05,2.507512340886523371e-03
2.156424768323585340e+03,1.745395077079477334e-08,1.463627599135077764e-04,6.653157167724156433e-03
2.157601213914596428e+03,1.653968360925111147e-08,2.439826789076663413e-04,3.327015681245563006e-03
2.158777659505607517e+03,1.725581877256554842e-09,2.527612379836156171e-04,1.823363153866909168e-03
2.159954105096619060e+03,1.556672156060504716e-08,1.750598541530060343e-04,6.941581770266535070e-03
2.161130550687630148e+03,1.297602535994738337e-08,2.681778893785701705e-04,5.418635671006139312e-03
2.162306996278641236e+03,2.880184920111659820e-08,4.225093187661840789e-04,9.576321314428665882e-03
2.163483441869652779e+03,2.724387377023338133e-08,2.660725409688611881e-04,1.181177468031986526e-02
2.164659887460663867e+03,1.777194400778735020e-08,1.336682020200456657e-04,7.406062869628579799e-03
2.165836333051674956e+03,4.524675364643975492e-08,4.639146337210250416e-04,3.917382612996823943e-03
2.167012778642686499e+03,9.002597929640257492e-09,3.756899094785799177e-04,1.843913023332077782e-03
2.168189224233697587e+03,4.825503676465023416e-08,3.392377418533276743e-04,2.010379133231474102e-03
2.169365669824708675e+03,1.853669453018531879e-08,3.491372682685127253e-04,6.933457918921556544e-03
2.170542115415720218e+03,1.769105080296680474e-08,1.751118473095092149e-04,4.336580383864021768e-03
2.171718561006731306e+03,3.096491311545075787e-08,5.975716723372022983e-05,6.649289866678232720e-03
2.172895006597742395e+03,3.148398434306023593e-08,5.191007318718252018e-05,7.077732078437266004e-03
2.174071452188753938e+03,3.667840152371113876e-08,1.688349085513172457e-04,8.118262569687317506e-03
2.175247897779765026e+03,3.309649503727718183e-08,6.544670489929989689e-05,1.070156299156789503e-02
2.176424343370776114e+03,3.940308890986949132e-08,2.516526615969280622e-04,1.138647120662275233e-02
2.177600788961787202e+03,1.992054281726810668e-08,1.081955982813541492e-04,9.587992561626830154e-03
2.178777234552798745e+03,2.684345742708931582e-08,7.329598991855420110e-05,8.950866948080095364e-03
2.179953680143809834e+03,1.319851288663298117e-08,1.378425832856268018e-04,1.252020645089482569e-02
2.181130125734820922e+03,2.826692476648857092e-08,1.575442034642495935e-04,1.306427802371880852e-02
2.182306571325832465e+03,3.090351686351711621e-08,1.617938097364951414e-04,1.272450459372719521e-02
2.183483016916843553e+03,3.703236014110828999e-08,2.924095009668075187e-04,1.460427843490126089e-02
2.184659462507854641e+03,1.780934344486907342e-08,2.002896168180236388e-04,1.063711836563400841e-02
2.185835908098866184e+03,2.767759895373445755e-08,1.466548601110004573e-04,5.439127613848484394e-03
2.187012353689877273e+03,3.625276559417619039e-08,3.758211755968757228e-04,6.201563855302431524e-03
2.188188799280888361e+03,2.058569334584989643e-08,4.270954021449171957e-04,7.591485125698852615e-03
2.189365244871899904e+03,1.791100179500240101e-08,1.991561177913318121e-04,6.766881554580306789e-03
2.190541690462910992e+03,1.786612411054786388e-08,2.673550959475836904e-04,1.116006884729965620e-02
2.191718136053922080e+03,1.360711234232130646e-08,2.334411915809295635e-04,9.665789540330860935e-03
2.192894581644933169e+03,1.724730931414995655e-08,3.194276602530210420e-04,5.383917279725363748e-03
2.194071027235944712e+03,2.290426666831753511e-08,2.524146289990844929e-04,1.615124341213921818e-03
2.195247472826955800e+03,2.681716783318025427e-08,1.697181709993109198e-04,5.885042055157856632e-03
2.196423918417966888e+03,1.749258353011647592e-08,3.341035373364577006e-04,9.635624528458865828e-03
2.197600364008978431e+03,2.663599322318726776e-08,4.921331889806497724e-04,1.007222689351226080e-02
2.198776809599989519e+03,3.798902361454565788e-08,3.577981881823479515e-04,4.734410677560934970e-03
2.199953255191000608e+03,5.217471461164255953e-09,1.729414404345735469e-04,5.208365266759257435e-03
2.201129700782012151e+03,2.381573609916027261e-08,3.351977555482808639e-04,6.081524152453335157e-03
2.202306146373023239e+03,1.597711861409462111e-08,2.619838226864944783e-04,1.615323419689966697e-03
2.203482591964034327e+03,1.845822352928575951e-08,2.747010823613811950e-04,1.060638294272391383e-02
2.204659037555045870e+03,2.079954219080235108e-08,2.976963778696521982e-04,6.081641955407431598e-03
2.205835483146056959e+03,2.825401247046068063e-08,3.988451239703384916e-04,1.918249900935158634e-03
2.207011928737068047e+03,2.156907122994951897e-08,2.522136763742572133e-04,9.693002334136331275e-04
2.208188374328079590e+03,2.722035847569110900e-08,3.138009764624160084e-04,4.361865944684678933e-03
2.209364819919090678e+03,2.673894934773262017e-08,3.986096173297673474e-04,8.938239182255565407e-03
2.210541265510101766e+03,1.007269071749893400e-08,3.975588472256052683e-04,1.030929067143795085e-02
2.211717711101113309e+03,3.551077121825074694e-08,2.438180048545466173e-04,5.127078156431579686e-03
2.212894156692124398e+03,3.987914748674540509e-08,2.058477634826103540e-04,3.643192047605677605e-03
2.214070602283135486e+03,2.416692015212352232e-08,1.807079488117939198e-04,7.512187142544762483e-03
2.215247047874146574e+03,3.014542582372016807e-08,1.906025719809200140e-04,5.873157618473390067e-03
2.216423493465158117e+03,1.423448052592453316e-08,2.157021830198376910e-04,1.611896510061670233e-03
2.217599939056169205e+03,2.433890432371061745e-08,2.773308935877635199e-04,9.727143021561111781e-04
2.218776384647180294e+03,2.119513622611112329e-08,2.995786436736425410e-04,8.015783191645805411e-03
2.219952830238191837e+03,4.060183097127435090e-09,1.633912051675464531e-04,1.403722386743706460e-02
2.221129275829202925e+03,1.694764112996214644e-08,2.415990877794417036e-04,5.101488425307513543e-03
2.222305721420214013e+03,4.323271299821488988e-08,4.252989377771338396e-04,5.597591171823955089e-03
2.223482167011225556e+03,2.116198353978895666e-08,2.607316377086916744e-04,6.002651211534371957e-03
2.224658612602236644e+03,2.291014314450161117e-08,1.201910658624770137e-04,9.616092995969837548e-03
2.225835058193247733e+03,3.292725448568453872e-08,1.852299708794891066e-04,6.715017306160580603e-03
2.227011503784259276e+03,3.679156594727162675e-08,3.894198695807405916e-04,1.885917615466672827e-03
2.228187949375270364e+03,5.811721105279400649e-09,3.316586664593316526e-04,5.275824255449288597e-03
2.229364394966281452e+03,2.424922244565636862e-08,2.228258538393394913e-04,3.196549866827787852e-03
2.230540840557292540e+03,1.411300579841563041e-08,3.393772261423621877e-04,3.376812880687279049e-03
2.231717286148304083e+03,2.933210702789632394e-08,2.190084242988797234e-04,7.265901283189770202e-03
2.232893731739315172e+03,1.044779054802517963e-08,2.218714362034067324e-04,3.632350871845484164e-03
2.234070177330326260e+03,3.432656361022415763e-08,2.602466550317870594e-04,7.084183337755993286e-03
2.235246622921337803e+03,4.233407652577722429e-08,3.553511743557563477e-04,6.137612257940149897e-03
2.236423068512348891e+03,1.916772811755203905e-08,2.075921437033452987e-04,8.238584339171507037e-03
2.237599514103359979e+03,3.671290417560977743e-08,3.183311579612829278e-04,3.420100531392817039e-03
2.238775959694371522e+03,3.036001596215429695e-08,3.352035810138131880e-04,5.153876368100711314e-03
2.239952405285382611e+03,3.837113686649039614e-08,6.230518891720649788e-04,3.027200677320338561e-03
2.241128850876393699e+03,2.198474187366547777e-08,5.386693801197060859e-04,2.682660500357382169e-03
2.242305296467405242e+03,1.357305027176940731e-08,2.037059730806332577e-04,4.201201925485060010e-03
2.243481742058416330e+03,1.543018756965274521e-08,4.223527895384574784e-04,2.540126666115091227e-03
2.244658187649427418e+03,9.567710986083320380e-09,3.122045756142173231e-04,7.252744268182037546e-03
2.245834633240438961e+03,1.851180333138367160e-08,5.481022486095565302e-05,9.351254083015646257e-03
2.247011078831450050e+03,2.494878653125936416e-08,1.686603982138263084e-04,5.519868384802716424e-03
2.248187524422461138e+03,2.573643757900668892e-08,2.682811260273141696e-04,4.448350058210325669e-03
2.249363970013472681e+03,1.667333802260409496e-08,2.842783745225319699e-04,2.571104576609077597e-03
2.250540415604483769e+03,1.711831285471380068e-08,4.310905672677235387e-04,4.524320684280490855e-03
2.251716861195494857e+03,2.554816251979619434e-08,3.178848311080563396e-04,7.575391346760319139e-03
2.252893306786505946e+03,1.966556807669475717e-08,1.859087818055143798e-04,5.954517571766254451e-03
2.254069752377517489e+03,4.037679071344340148e-08,4.081191852166924337e-04,2.826885436565520181e-03
2.255246197968528577e+03,4.095052975591272213e-08,4.451196142696343494e-04,9.733548228730962842e-03
2.256422643559539665e+03,1.047933547058043988e-08,4.150023401160066292e-04,1.864565673749166499e-02
2.257599089150551208e+03,4.931601607851520436e-08,3.673920340276578297e-04,1.651389973021932453e-02
2.258775534741562296e+03,3.056227708264191921e-08,9.309049985933613789e-05,1.340002060402444538e-02
2.259951980332573385e+03,2.712595093242049384e-08,4.818987415659781794e-05,8.273611564436067489e-03
2.261128425923584928e+03,1.590569608713476169e-08,1.059595506632357332e-04,1.393856419811312364e-02
2.262304871514596016e+03,3.588468478875820403e-08,3.917702373204177643e-04,1.797893896829547145e-02
2.263481317105607104e+03,3.918977747510210419e-08,5.373514754569864299e-04,1.545139494963577130e-02
2.264657762696618647e+03,1.714696103036171278e-08,2.887475569868404985e-04,1.997685818883139161e-02
2.265834208287629735e+03,5.827109927481896418e-09,1.311462319586947998e-04,1.607130079951207477e-02
2.267010653878640824e+03,1.460035208811888866e-08,3.108718621350949215e-04,1.859363801799115111e-03
2.268187099469651912e+03,1.481758871120802630e-08,3.396196333683596468e-04,4.845933380920462025e-03
2.269363545060663455e+03,1.957161510229864183e-08,2.644375297276563958e-04,4.161333983011791457e-03
2.270539990651674543e+03,1.638531589103893133e-08,1.214736348580722344e-04,1.929676769143489744e-03
2.271716436242685631e+03,6.986967529136024610e-09,7.632896879274014075e-05,5.994698040857150689e-03
2.272892881833697174e+03,1.724079314188126669e-08,1.116235899247951962e-04,5.209581695546367484e-03
2.274069327424708263e+03,4.518464621831178062e-08,4.934145959047712363e-04,4.029827082209442961e-03
2.275245773015719351e+03,6.199877918243401295e-08,7.575357818951735430e-04,6.077964568386190480e-03
2.276422218606730894e+03,4.402974637120198136e-08,6.175577913707969331e-04,6.358554360046171465e-03
2.277598664197741982e+03,2.927572301221829933e-08,6.190148893403344278e-04,9.648573720149537791e-03
2.278775109788753070e+03,3.335940227102589006e-08,7.249672348980445644e-04,1.510741594933339392e-02
2.279951555379764613e+03,4.029766522085638017e-08,5.470649873560558480e-04,1.751296046690579977e-02
2.281128000970775702e+03,4.490444413664768174e-08,5.535360333943662456e-04,1.591728651172898482e-02
2.282304446561786790e+03,2.799775829467382806e-08,4.409006034627956680e-04,1.160801652822613869e-02
2.283480892152798333e+03,2.148262747836830376e-08,4.658979833524347467e-04,1.576650067065663366e-02
2.284657337743809421e+03,2.549102690621156729e-08,2.387604003270483099e-04,1.017259927115446959e-02
2.285833783334820509e+03,1.004754862551238264e-08,1.134607225211296919e-04,4.976342839772062571e-03
2.287010228925832052e+03,1.115437325324838047e-08,8.073289381238917266e-05,3.739254025330672037e-03
2.288186674516843141e+03,1.135766971144264133e-08,1.011024665811734456e-04,7.607045415927942041e-03
2.289363120107854229e+03,2.392703028508263593e-08,7.490948300265978354e-05,9.339374146215492084e-03
2.290539565698865317e+03,3.605925600171220534e-08,1.409078023149058756e-04,1.095799092899883177e-02
2.291716011289876860e+03,3.712359192815376320e-08,1.189134029196415443e-04,1.184549140871631913e-02
2.292892456880887949e+03,3.441525938953796596e-08,1.053246809471177268e-04,1.593951632885165157e-02
2.294068902471899037e+03,2.355417881672475266e-08,1.498862530333787359e-04,2.620827583526930127e-02
2.295245348062910580e+03,1.529549385014184004e-08,2.925692214289368829e-04,2.670668820786697636e-02
2.296421793653921668e+03,2.287866063743610698e-08,1.579906430901769189e-04,9.136238340816857026e-03
2.297598239244932756e+03,2.183841932365318302e-08,1.435481600302029447e-04,1.275375342124496561e-02
2.298774684835944299e+03,1.954098986009253685e-08,3.287177256239502124e-04,1.098348742481396363e-02
2.299951130426955388e+03,8.043458897945495443e-09,1.535124795411045963e-04,5.521671952420334137e-03
2.301127576017966476e+03,2.421101734133125863e-08,2.629254051330142208e-04,7.981412843894567302e-03
2.302304021608978019e+03,1.559057926262580643e-08,4.471560400641365644e-04,7.955603382505116450e-03
2.303480467199989107e+03,4.918638081518274477e-08,4.349332793988585732e-04,5.658361896868149832e-03
2.304656912791000195e+03,1.811159832415324341e-08,3.167270009492039774e-04,2.505044607953208716e-03
2.305833358382011284e+03,2.366255636983377431e-08,1.248470205845494789e-04,4.391206078668558575e-03
2.307009803973022827e+03,2.703538337444171389e-08,2.062551047302221038e-04,5.115067520236456396e-03
2.308186249564033915e+03,2.441950773104039903e-08,4.173053945314007438e-04,4.295867493492554201e-03
2.309362695155045003e+03,1.630812034828715115e-08,2.943052619738611379e-04,8.181159039702809097e-03
2.310539140746056546e+03,2.488628549511084839e-08,4.058536855642113218e-04,5.640998859198585909e-03
2.311715586337067634e+03,4.576584300722786506e-08,6.673163823010983767e-04,4.807520998457043629e-03
2.312892031928078723e+03,6.677495423152779318e-08,8.868689709242054756e-04,8.271974830120584765e-03
2.314068477519090266e+03,5.980277868465027091e-08,9.867661861333058490e-04,8.059857771112347719e-03
2.315244923110101354e+03,5.265977289887093001e-08,9.850409500296770666e-04,1.447887071748967663e-02
2.316421368701112442e+03,3.727713730798835711e-08,4.645865362822438867e-04,1.333336606469232195e-02
2.317597814292123985e+03,3.584267636936554616e-08,5.191670679070796565e-04,1.553846661899670710e-02
2.318774259883135073e+03,4.470760869636213085e-08,7.046121927468666129e-04,1.582511089687251016e-02
2.319950705474146162e+03,3.603571669684288973e-08,5.255616600393521855e-04,8.662024452122604051e-03
2.321127151065157705e+03,2.083931525517266570e-08,2.524515529340876216e-04,7.837239671868232241e-03
2.322303596656168793e+03,1.110964877103781811e-08,1.831049927651216705e-04,4.977362931442925326e-03
2.323480042247179881e+03,1.147725214434731498e-08,2.379132858761933745e-04,6.836001971151547604e-03
2.324656487838191424e+03,1.375146184393444107e-08,3.452727513129311772e-04,3.970003182068446851e-03
2.325832933429202512e+03,1.318139382775159738e-08,1.563329781104393426e-04,3.881689054998836447e-03
2.327009379020213601e+03,1.709514671984157539e-08,2.179916839689139568e-04,1.292182943758784890e-02
2.328185824611224689e+03,1.092035626141704435e-08,1.410822762467386752e-04,1.727790798619186288e-02
2.329362270202236232e+03,9.489343454808613583e-09,1.691226718375633765e-04,1.922104409332201988e-02
2.330538715793247320e+03,4.306807706418908350e-09,6.323274819246850465e-05,2.738404915194447495e-02
2.331715161384258408e+03,1.799342086975111132e-08,2.411479237416110490e-04,3.120238206383769974e-02
2.332891606975269951e+03,2.106903750710255851e-08,3.396789670015983118e-04,1.115084308145548007e-02
2.334068052566281040e+03,6.038020949621217550e-09,9.435935897756877631e-05,1.124973766827608128e-02
2.335244498157292128e+03,3.733153379825586320e-09,1.025210534294608100e-04,2.018215480837235246e-02
2.336420943748303671e+03,2.033764242845274497e-08,3.899370765559529058e-04,1.405074669519260598e-02
2.337597389339314759e+03,3.834748298337315780e-08,5.371928461439216687e-04,7.881610860626987042e-03
2.338773834930325847e+03,3.070872356051714583e-08,3.537338093860955906e-04,7.826201017981987071e-03
2.339950280521337390e+03,1.533960068320718849e-08,1.961983721032488153e-04,9.801515941874392943e-03
2.341126726112348479e+03,9.929340151168540687e-09,2.861376135450842059e-04,2.977836778179017516e-03
2.342303171703359567e+03,2.348422153196285098e-08,3.941982003525835998e-04,6.320230492959040373e-03
2.343479617294370655e+03,6.493571314531576418e-09,1.150730094453441930e-04,6.630192185035497371e-03
2.344656062885382198e+03,6.368056996742891454e-09,9.361980866360303916e-05,6.186891130621104129e-03
2.345832508476393286e+03,1.756028271033416148e-08,2.548343219292797902e-04,1.037140331973906461e-02
2.347008954067404375e+03,2.303120397967043345e-08,3.479608227092428224e-04,1.157808441268330657e-02
2.348185399658415918e+03,5.064116591972553279e-08,8.556153196128579892e-04,8.318016866958521591e-03
2.349361845249427006e+03,1.331538275135402041e-07,2.022811024184928592e-03,1.710450910761292936e-02
2.350538290840438094e+03,1.744191614963606421e-07,2.626446905365501915e-03,7.582558747962046992e-03
2.351714736431449637e+03,1.016868451925253044e-07,1.957088166849587155e-03,1.179337504767108066e-02
2.352891182022460725e+03,8.939703947637584156e-08,1.317741765172848138e-03,1.576093354449466244e-02
2.354067627613471814e+03,7.157223644998354972e-08,1.064513466682792025e-03,9.370823416184545507e-03
2.355244073204483357e+03,3.036922827413330502e-08,5.433503956817019830e-04,9.112315090749195656e-03
2.356420518795494445e+03,4.170669078959500580e-08,7.658875151262495252e-04,1.078359224183199176e-02
2.357596964386505533e+03,2.918086078124110907e-08,5.776937035386363111e-04,4.498539262199992479e-04
2.358773409977517076e+03,2.631636511683121413e-08,5.295278717170417721e-04,6.342521039405274452e-03
2.359949855568528164e+03,2.782221194224488048e-08,3.839274896513897458e-04,6.596838121540969831e-03
2.361126301159539253e+03,3.164052277850215688e-08,3.562148493020530441e-04,5.187577233258646413e-03
2.362302746750550796e+03,3.270890768475463511e-08,3.149046347854212412e-04,4.307405559642236460e-03
2.363479192341561884e+03,4.326595968655785232e-08,4.686831985487804018e-04,5.531039626662851566e-03
2.364655637932572972e+03,4.195324148169246918e-08,5.051495235847414111e-04,1.700600303760838733e-02
2.365832083523584060e+03,1.923568538839985067e-08,3.745757817780160596e-04,1.611248515355511932e-02
2.367008529114595603e+03,1.247498244795116567e-08,2.420502737499987723e-04,1.755218579616544400e-02
2.368184974705606692e+03,2.221535818351128187e-08,2.470813258092450495e-04,2.466175947883596231e-02
2.369361420296617780e+03,4.676207239690610499e-09,1.915845459960882537e-04,2.459026705438150870e-02
2.370537865887629323e+03,4.694371024830072069e-08,6.943546377977121049e-04,3.353637211007304535e-03
2.371714311478640411e+03,3.814661712644511582e-08,5.062087142312021379e-04,9.405137269031318970e-03
2.372890757069651499e+03,4.623108846242254361e-08,6.694140993412694886e-04,3.193469537606646261e-03
2.374067202660663042e+03,3.641272357406051046e-08,6.056537763744902466e-04,5.753007481708464869e-03
2.375243648251674131e+03,1.649282768651787966e-08,3.321178688384909990e-04,9.521927128820202244e-03
2.376420093842685219e+03,1.146466860232550811e-08,3.271206081710599793e-04,7.123879607851261141e-03
2.377596539433696762e+03,1.012564423296206700e-08,1.380467939663797966e-04,8.406149413360599135e-03
2.378772985024707850e+03,1.264684465495810567e-08,2.563569991935436701e-04,6.559710738914276834e-03
2.379949430615718938e+03,2.491945900762627477e-08,3.427010698927673523e-04,6.668911421408908226e-03
2.381125876206730027e+03,3.889438413779642569e-08,5.182933042229695897e-04,7.928994989018629119e-03
2.382302321797741570e+03,4.122868220075628733e-08,7.697794505435346128e-04,1.361940205865544255e-02
2.383478767388752658e+03,4.861181004948641543e-08,1.078856500858408566e-03,1.360387535260910649e-02
2.384655212979763746e+03,7.503908245942997655e-08,1.424093500675492575e-03,9.791569782997500138e-03
2.385831658570775289e+03,1.990844147843049470e-07,3.386887526575517449e-03,2.789850990637874131e-02
2.387008104161786378e+03,4.226159439592633393e-07,6.916960657838158721e-03,5.032821736219558056e-02
2.388184549752797466e+03,3.422844456273127025e-07,5.798059028298845410e-03,4.880121739902687494e-02
2.389360995343809009e+03,1.408202147149826235e-07,2.320520758036574878e-03,2.378350575584177798e-02
2.390537440934820097e+03,3.847629970734504403e-08,6.780902987373598357e-04,9.318183390325904258e-03
2.391713886525831185e+03,2.699227673342488124e-08,5.489775485493907786e-04,1.424933784595299076e-02
2.392890332116842728e+03,5.156806982266488909e-08,9.417871170130152989e-04,1.380578166878676342e-02
2.394066777707853817e+03,5.593110896212339779e-08,9.700178738326162850e-04,1.045235194341654315e-02
2.395243223298864905e+03,4.093122524531654395e-08,8.138040434677120717e-04,5.323226535525746490e-03
2.396419668889876448e+03,3.430600212344446109e-08,7.176654539483043284e-04,5.389844008401306966e-03
2.397596114480887536e+03,4.362427850125387198e-08,6.725909382912438920e-04,3.832742658085035777e-03
2.398772560071898624e+03,3.348652594517491416e-08,4.801165343137765956e-04,3.803924191586663395e-03
2.399949005662910167e+03,8.039055593633013388e-09,2.055846121918393520e-04,8.789947272415832291e-03
2.401125451253921256e+03,8.658181473852348145e-09,2.069899600883184779e-04,1.065425336596496735e-02
2.402301896844932344e+03,1.908757166946950744e-08,3.510697620740856084e-04,1.116834254966702668e-02
2.403478342435943432e+03,2.083736110768842959e-08,3.750020820739290183e-04,3.043602410474289394e-02
2.404654788026954975e+03,1.783109578147317269e-08,3.202337952285599855e-04,2.892242941495694677e-02
2.405831233617966063e+03,1.351878769429633687e-08,1.924638658819690209e-04,9.495056651764928468e-03
2.407007679208977152e+03,3.136555324599597446e-08,4.565968271627091264e-04,1.533089243432954329e-02
2.408184124799988695e+03,4.356245491472696911e-08,5.081534519113207679e-04,1.484865490690084888e-02
2.409360570390999783e+03,2.152111339068846857e-08,1.470535306566239653e-04,1.411731372438420999e-02
2.410537015982010871e+03,3.745470263452411138e-08,3.654006442676050229e-04,7.436386648768688636e-03
2.411713461573022414e+03,4.033266279134617503e-08,6.530690344761077779e-04,8.661555584358804002e-03
2.412889907164033502e+03,1.653065671228823024e-08,5.857763672851596260e-04,1.285967849816480914e-02
2.414066352755044591e+03,2.780108659273206001e-08,2.979186839729275468e-04,7.871031420915322249e-03
2.415242798346056134e+03,2.659877909833837237e-08,2.498238485779323515e-04,7.591001880492824483e-03
2.416419243937067222e+03,1.341776851046301627e-08,2.582730264687382784e-04,1.078855726521705735e-02
2.417595689528078310e+03,1.557519678551368060e-08,1.224764382393007489e-04,8.504287933319247539e-03
2.418772135119089398e+03,4.042767870633602971e-08,6.810525943358567043e-04,1.003856487687969368e-02
2.419948580710100941e+03,4.240759878314422579e-08,8.872342186383893855e-04,1.025037543237803869e-02
2.421125026301112030e+03,2.570504342257340305e-08,5.285194378491276952e-04,1.403922037296662269e-02
2.422301471892123118e+03,9.834300094469408176e-08,1.739506012310577292e-03,2.334497043722321211e-02
2.423477917483134661e+03,1.885645074321664598e-07,3.413716229546564281e-03,3.063549420954016916e-02
2.424654363074145749e+03,1.508505931233684541e-07,2.615280483690106839e-03,1.457500298414600957e-02
2.425830808665156837e+03,6.710680553199218545e-08,1.036483020662840948e-03,7.467439955579715377e-03
2.427007254256168380e+03,7.303506241869905821e-08,1.274575727476419829e-03,8.177756887350288301e-03
2.428183699847179469e+03,6.859877620424024941e-08,1.162460566015131392e-03,1.346217520750637130e-02
2.429360145438190557e+03,2.786608799997162219e-08,4.888390476608188949e-04,6.783016441312204013e-03
2.430536591029202100e+03,8.222782686174566567e-09,2.263646858881865548e-04,1.293835918618620965e-03
2.431713036620213188e+03,1.671546664690404344e-08,2.489393761293265200e-04,5.714397060424572863e-03
2.432889482211224276e+03,2.399879019474805955e-08,4.398616881463341820e-04,4.512964588782568225e-03
2.434065927802235819e+03,1.673207535281042611e-08,2.337729356066917412e-04,5.380653660771605833e-03
2.435242373393246908e+03,2.076665623350151124e-10,1.024061568407150794e-04,2.666267788696162142e-03
2.436418818984257996e+03,1.044741313297255428e-08,6.471402889280137715e-05,3.558945541023216235e-03
2.437595264575269539e+03,9.921015433243032153e-09,4.233714302719713955e-05,1.002708860421929089e-02
2.438771710166280627e+03,1.074616348685035108e-08,1.182310717197577099e-04,9.126258221926314071e-03
2.439948155757291715e+03,1.066646206761977281e-08,1.875081866359165953e-04,1.618028203308487581e-02
2.441124601348302804e+03,1.185281660525405911e-08,1.525175779668890735e-04,2.772811284279939198e-02
2.442301046939314347e+03,2.539909097630439943e-08,3.822412878252642887e-04,2.105063762914939629e-02
2.443477492530325435e+03,1.154984671282751158e-08,3.108655170565999140e-04,1.477626621691746980e-02
2.444653938121336523e+03,2.102673701532940292e-08,3.007647224120419934e-04,1.208167084931274088e-02
2.445830383712348066e+03,2.829514018446362038e-08,3.422614189526643983e-04,6.937440769004574008e-03
2.447006829303359154e+03,9.529535974977870142e-09,3.225228946666586281e-04,7.657786690788313463e-03
2.448183274894370243e+03,1.527208185331636873e-08,1.302110476819861304e-04,1.000925571910347631e-02
2.449359720485381786e+03,2.101211294297900868e-08,3.029066869752847398e-04,1.060022600020958661e-02
2.450536166076392874e+03,1.895190628462945375e-08,5.384210814911739168e-04,1.137813484534375488e-02
2.451712611667403962e+03,1.829853750437237456e-08,2.921886948785097421e-04,8.434533078817049376e-03
2.452889057258415505e+03,7.329928255240169741e-09,7.551635291672679400e-05,4.332056020964489620e-03
2.454065502849426593e+03,6.425778310489562950e-09,2.554140502409391533e-04,2.954389188902142166e-03
2.455241948440437682e+03,3.843033352767279745e-08,6.175872907685966539e-04,8.344795279749905870e-03
2.456418394031448770e+03,3.339830853676719861e-08,4.101836248459514011e-04,1.055223586971940596e-02
2.457594839622460313e+03,1.545654072916321355e-08,2.229426833397810895e-04,2.767744027618036697e-03
2.458771285213471401e+03,5.349457902494388123e-08,9.408091538161397543e-04,1.534493824305619043e-02
2.459947730804482489e+03,8.628241850819583854e-08,1.453450374470380497e-03,2.370316447144235963e-02
2.461124176395494032e+03,8.974891395827274583e-08,1.557921051776226190e-03,1.655036440976091414e-02
2.462300621986505121e+03,4.189684123628863538e-08,7.962137784231281901e-04,8.843875268733470546e-03
2.463477067577516209e+03,2.860964803752917749e-08,6.622597506078636278e-04,1.062067176233964794e-02
2.464653513168527752e+03,3.642519514894990622e-08,7.548675796035429980e-04,1.223339110935320329e-02
2.465829958759538840e+03,5.785021279940331182e-08,8.394915918369865804e-04,1.461755953698924866e-02
2.467006404350549928e+03,5.879782538952254200e-08,8.605541699456731222e-04,6.578019429504934276e-03
2.468182849941561471e+03,2.475872938144322203e-08,6.748700024594312535e-04,1.172587537871511675e-02
2.469359295532572560e+03,2.905767908237562977e-08,3.770559635454155483e-04,5.486560175649269136e-03
2.470535741123583648e+03,2.732520286739267094e-08,1.723757310618077182e-04,4.974431797379064331e-03
2.471712186714595191e+03,3.037463892799468182e-08,2.013203654479309265e-04,2.494992499113900513e-03
2.472888632305606279e+03,1.738665949112338036e-08,1.934550548295738072e-04,3.685671824665224302e-03
2.474065077896617368e+03,1.135945389398305855e-08,2.130394637471493425e-04,8.433753826365656889e-03
2.475241523487628911e+03,1.041493513751591818e-08,3.339784493303954481e-04,1.234884191261998755e-02
2.476417969078639999e+03,3.074967727291113073e-08,3.470656365701578309e-04,1.464545338299339319e-02
2.477594414669651087e+03,2.015608218051857146e-08,2.448930864813507685e-04,1.320224017281529036e-02
2.478770860260662175e+03,1.650657682952073696e-08,2.545632633118020179e-04,1.005835417964284079e-02
2.479947305851673718e+03,1.240192794259734084e-08,3.443857025266125168e-04,1.126415922942054088e-02
2.481123751442684807e+03,1.531176991597722134e-08,3.755757877614225083e-04,1.216189556353658788e-02
2.482300197033695895e+03,1.507115841154332592e-08,2.499150016402791889e-04,7.895896848593299266e-03
2.483476642624707438e+03,1.185857250655943296e-08,1.797267288050677890e-04,1.428838878130550029e-02
2.484653088215718526e+03,1.664317561826761407e-08,2.363617322997334214e-04,1.203431222813427549e-02
2.485829533806729614e+03,4.783087928410872672e-09,1.973800816030362424e-04,4.847183166927573027e-03
2.487005979397741157e+03,1.384685459916986452e-08,7.999283512403103445e-05,7.917508937680477719e-04
2.488182424988752246e+03,1.030365576638377723e-08,1.219776231380882361e-04,4.438341407303893031e-03
2.489358870579763334e+03,1.389164030408216353e-08,3.091314808270842897e-04,5.702082856685816714e-03
2.490535316170774877e+03,3.802534506559596404e-08,4.118707736011246187e-04,3.825315156732617041e-03
2.491711761761785965e+03,1.793379127888536614e-08,3.487082737068265001e-04,9.474697402130791146e-03
2.492888207352797053e+03,2.451758208445869809e-08,1.568323435728505408e-04,9.666125318719657675e-03
2.494064652943808142e+03,1.766628965137836879e-08,4.631747183115908799e-04,8.167327162886379999e-03
2.495241098534819685e+03,2.497701486332003136e-08,4.382999538995086572e-04,3.301189233384062890e-03
2.496417544125830773e+03,3.182391207566254748e-08,5.794052749124186351e-04,1.017622482108698767e-02
2.497593989716841861e+03,4.936357762374238202e-08,9.640441815762601594e-04,1.867133970022040110e-02
2.498770435307853404e+03,4.725259961030257200e-08,7.527033436382468386e-04,1.648144977525902236e-02
2.499946880898864492e+03,1.407595308359594442e-08,2.360252301808645533e-04,2.388211606612791141e-03
2.501123326489875581e+03,5.469419902246944202e-08,9.497036191772930801e-04,1.178295807567328497e-02
2.502299772080887124e+03,4.699935662384525533e-08,8.110023871198653641e-04,1.670522746168785766e-02
2.503476217671898212e+03,2.402553299170742790e-08,4.458361221115115678e-04,5.385700385754903056e-03
2.504652663262909300e+03,2.570056848589700672e-08,3.832486464266738409e-04,4.440066297101495749e-04
2.505829108853920843e+03,3.345766592869296838e-08,4.675159071471953593e-04,8.336560275919013135e-03
2.507005554444931931e+03,2.047479030490900330e-08,4.731535908045766763e-04,1.331112534236259665e-02
2.508182000035943020e+03,9.135757435444980721e-09,2.580372712106304201e-04,5.221264955040686925e-03
2.509358445626954563e+03,1.244301876168792756e-08,2.035221542951404466e-04,5.908483245545923836e-03
2.510534891217965651e+03,3.859991392973374056e-08,5.056330316734237735e-04,9.315008083360040714e-03
2.511711336808976739e+03,2.416630340207973413e-08,6.224056181453470034e-04,5.241443398684757227e-03
2.512887782399988282e+03,1.810897388991165580e-08,5.104098978771204982e-04,1.072873923263644759e-02
2.514064227990999370e+03,2.310138948442698786e-08,1.733002750648771908e-04,1.113450065619694257e-02
2.515240673582010459e+03,5.079976449404864822e-09,1.498225665430478299e-04,1.251878107679263268e-02
2.516417119173021547e+03,5.851158440044352562e-09,1.812071519420962356e-04,6.945382077941636596e-03
2.517593564764033090e+03,6.615458889048267537e-09,1.898577154127124508e-04,8.901792815160958217e-03
2.518770010355044178e+03,1.234085381503436250e-08,2.273416592484581145e-04,8.367504849525100874e-03
2.519946455946055266e+03,2.673488588493803949e-08,2.855956467521740929e-04,8.205064363317596254e-03
2.521122901537066809e+03,7.336359781015504345e-09,2.982404062762856350e-04,1.153028444639212641e-02
2.522299347128077898e+03,3.634886684439187908e-08,5.170408742381298831e-04,9.329721169052049290e-03
2.523475792719088986e+03,5.327782667416226418e-08,7.431622386025375868e-04,5.640344910748556692e-03
2.524652238310100529e+03,3.029223455735648646e-08,6.565959481171491875e-04,2.861476265029727281e-03
2.525828683901111617e+03,6.636509052197212539e-09,3.769029996163134749e-04,5.913741413521822823e-03
2.527005129492122705e+03,8.737012385156610911e-09,7.690726290524690348e-05,4.667914077344288530e-03
2.528181575083134248e+03,1.476610680976585873e-08,4.688640592299379460e-04,8.409104844111761970e-03
2.529358020674145337e+03,1.986134337710710016e-08,3.787148174893254665e-04,9.301909627359035079e-03
2.530534466265156425e+03,2.338041561858906617e-08,3.588288177695242985e-04,5.666042222328719277e-04
2.531710911856167513e+03,2.400185003327388669e-08,2.181891079218207391e-04,8.283199020532639595e-03
2.532887357447179056e+03,3.891205697787172708e-08,4.541847484917475321e-04,7.731084644955006115e-03
2.534063803038190144e+03,4.900567170950179569e-08,8.505146451038265000e-04,1.272935918891699228e-02
2.535240248629201233e+03,2.329756803224787359e-08,6.998294360821194276e-04,6.980716316101915134e-03
2.536416694220212776e+03,2.487804377246035184e-08,2.363404556429641993e-04,7.204025240414392572e-03
2.537593139811223864e+03,2.138146029509655191e-09,2.459195795843020890e-04,1.194409773236221675e-02
2.538769585402234952e+03,3.236683774839513890e-08,4.929276491137820314e-04,5.246786054626031807e-03
2.539946030993246495e+03,5.933194520987973331e-08,7.747547905803455490e-04,1.211539143601514205e-02
2.541122476584257583e+03,4.856395136605688678e-08,7.657412547262004319e-04,1.199642502705198892e-02
2.542298922175268672e+03,1.719370696634214086e-08,5.856825740839183368e-04,6.511125150571289363e-03
2.543475367766280215e+03,2.170894531061652250e-08,5.232419250404602741e-04,7.598820409200754931e-03
2.544651813357291303e+03,2.894892483422236366e-08,5.648565833229519809e-04,1.520528047657001072e-02
2.545828258948302391e+03,2.087736049422457835e-08,4.923681925298817666e-04,1.503711105558336140e-02
2.547004704539313934e+03,2.223592954483516823e-08,2.300227180003238563e-04,8.421405060644105919e-03
2.548181150130325022e+03,1.739959061128133742e-09,1.947843475758813901e-04,1.074389720614828646e-02
2.549357595721336111e+03,1.178330691640962612e-08,2.278392336649231293e-04,9.242891058632820428e-03
2.550534041312347654e+03,3.869926452969267172e-09,1.818161599041345658e-04,1.243200832517990344e-02
2.551710486903358742e+03,6.571098673099620760e-10,1.684394921220841500e-04,8.628926501566982696e-03
2.552886932494369830e+03,8.293689014728302999e-09,3.458856888888600049e-04,6.491266375280402116e-03
2.554063378085380918e+03,1.000370087381756017e-08,2.076966279539114969e-04,1.149032686786471101e-02
2.555239823676392461e+03,1.176124118764751937e-08,2.721160031358585245e-04,9.906887593636285599e-03
2.556416269267403550e+03,2.220317663878386889e-08,2.126072258926515817e-04,2.364972013086978023e-03
2.557592714858414638e+03,1.304587157761963285e-08,4.943550415082652826e-04,5.391808093027705001e-03
2.558769160449426181e+03,1.576925063113647215e-08,3.197271931306745491e-04,9.023199703367918573e-03
2.559945606040437269e+03,1.448939380140048597e-08,2.659890292004025709e-04,5.842628341207847451e-03
2.561122051631448358e+03,1.931882153167807285e-08,9.349710470038851220e-05,6.896654313412220981e-03
2.562298497222459901e+03,1.474208842379873133e-08,2.333489766055445646e-04,1.187529611293598741e-02
2.563474942813470989e+03,3.283739975156464095e-08,3.559919534582739768e-04,9.040650146341096260e-03
2.564651388404482077e+03,2.120661965295597088e-08,2.756492126573160083e-04,6.308208473691898251e-03
2.565827833995493620e+03,2.244494475804921338e-08,2.028072092609224447e-04,7.090096445680122740e-03
2.567004279586504708e+03,3.042852377996140849e-08,4.396700112799740491e-04,7.343034688147244936e-03
2.568180725177515797e+03,2.079366086624576705e-08,6.023151487757220706e-04,1.015632272509467415e-02
2.569357170768526885e+03,4.401540727883501556e-08,5.610112691185932272e-04,6.464085578683581579e-03
2.570533616359538428e+03,3.878878732899425292e-08,4.803304981536526638e-04,1.310997002196784148e-03
2.571710061950549516e+03,1.878753980418000314e-08,3.684288202529539011e-04,4.947583059430111195e-03
2.572886507541560604e+03,9.774574714316557425e-09,1.767610184200152932e-04,9.780691427422352063e-03
2.574062953132572147e+03,3.676095669260692291e-08,6.689531238039076811e-04,1.319003832148649830e-02
2.575239398723583236e+03,6.014018909757524933e-08,1.039440023841463074e-03,9.403727127556753967e-03
2.576415844314594324e+03,3.527355027912324114e-08,8.240243509214363561e-04,1.460098490134234149e-03
2.577592289905605867e+03,1.763214958344944608e-08,4.793777420913699228e-04,5.529560529050985516e-03
2.578768735496616955e+03,2.675359234572248110e-08,3.564881384569278545e-04,2.540013683592608554e-03
2.579945181087628043e+03,2.901932105337066562e-08,4.025831628177585476e-04,7.514703784423833362e-03
2.581121626678639586e+03,1.409495957422188419e-08,3.000086254670085808e-04,7.258610352715565497e-03
2.582298072269650675e+03,2.624147843904734387e-09,8.688657056259339547e-05,6.685947112030823231e-03
2.583474517860661763e+03,2.240225030234804786e-08,3.815938064589634152e-04,4.950484797346920048e-03
2.584650963451673306e+03,3.188467557616066116e-08,4.106171798826100576e-04,6.626235494658159336e-03
2.585827409042684394e+03,1.456134314837516567e-08,2.430118051278260438e-04,1.050256283930545848e-02
2.587003854633695482e+03,2.369643606885632993e-09,6.056247551902825424e-05,7.408410208062720520e-03
2.588180300224707025e+03,3.651812950782077903e-09,9.017279992607773217e-05,1.566601235315525503e-02
2.589356745815718114e+03,2.117181547990011497e-08,3.508422694076080111e-04,2.235208738443338408e-02
2.590533191406729202e+03,2.544554626546152448e-08,4.203277706065192587e-04,1.072327072331061629e-02
2.591709636997740290e+03,5.136447352089560760e-09,1.693905904845418805e-04,7.270883924895156676e-03
2.592886082588751833e+03,5.174033291381599807e-09,1.854248252162597787e-04,1.084124652485705421e-02
2.594062528179762921e+03,9.646752800478303200e-09,7.110122070636129077e-05,5.560309268024812672e-03
2.595238973770774010e+03,3.282983375549341822e-09,2.234583593995511904e-04,8.500502680937585889e-03
2.596415419361785553e+03,1.768971026475355638e-08,2.917244954173613646e-04,6.247585208097106331e-03
2.597591864952796641e+03,2.282646833818818341e-08,2.698364761726983001e-04,1.224982138602892685e-02
2.598768310543807729e+03,2.278320559629119903e-08,3.109062418798411967e-04,9.844791381787241016e-03
2.599944756134819272e+03,6.121682437070591157e-09,2.119932754490490149e-04,9.466775796125476497e-03
2.601121201725830360e+03,1.680489065783580549e-08,2.053522449428137346e-04,5.378719680676533922e-03
2.602297647316841449e+03,8.544400987657228514e-09,1.420103678459987281e-04,4.087735448141500798e-03
2.603474092907852992e+03,1.907772496621295640e-08,1.925468123523466145e-04,9.980041958371524760e-03
2.604650538498864080e+03,1.315923648979696523e-08,1.166013658571889898e-04,1.260566709879399824e-02
2.605826984089875168e+03,1.040536701066492804e-08,1.393288359137180240e-04,7.942586944432852847e-03
2.607003429680886256e+03,8.399229890929795970e-09,2.674099872361312513e-04,1.147819693333480655e-02
2.608179875271897799e+03,2.481965239741181302e-08,3.897000171525551865e-04,1.709705786749627504e-02
2.609356320862908888e+03,3.218952318514689935e-08,6.358314788979702210e-04,1.733101324916246772e-02
2.610532766453919976e+03,3.683791936426500295e-08,7.581546616819126363e-04,7.180963890236279068e-03
2.611709212044931519e+03,3.811477781578600694e-08,6.652972085956890312e-04,8.728890727245385006e-03
2.612885657635942607e+03,2.938677850935252842e-08,5.395223407409906148e-04,9.807167904659398056e-03
2.614062103226953695e+03,1.857793512322312232e-08,4.073927748109230679e-04,1.084978024055444773e-02
2.615238548817965238e+03,7.802320409035678182e-09,2.394715125951092877e-04,5.184175913226149283e-03
2.616414994408976327e+03,3.470093757777659588e-08,5.423968727538596357e-04,5.436288397507886908e-03
2.617591439999987415e+03,3.882710385489948511e-08,4.680063985167339674e-04,6.827303246152217377e-03
2.618767885590998958e+03,2.181426096890683975e-08,2.831925920000352378e-04,3.025042719767718439e-03
2.619944331182010046e+03,1.165323308986959849e-08,3.406114144410153015e-04,8.339509798543297617e-03
2.621120776773021134e+03,1.765972992515530249e-08,5.513468103164565967e-04,4.364557461072213207e-03
2.622297222364032677e+03,3.187364923054364949e-08,4.634708502105243312e-04,5.691551487395417851e-03
2.623473667955043766e+03,1.644352376522782707e-08,1.956541229011281519e-04,9.724074340257406537e-03
2.624650113546054854e+03,3.884873441697138940e-09,3.173022326499490753e-05,7.634732084789928527e-03
2.625826559137066397e+03,1.144323110548808149e-08,1.632602518948835380e-04,4.642713605930557166e-03
2.627003004728077485e+03,2.923558580904485672e-09,5.183245435587472268e-05,4.232615188823469349e-03
2.628179450319088573e+03,1.557463365688498028e-08,2.591060713900347756e-04,7.861041395017712152e-03
2.629355895910099662e+03,1.361772926223849497e-08,2.459000403713335146e-04,5.003075896336302113e-03
2.630532341501111205e+03,4.830173643279682788e-09,6.832541522698257913e-05,5.527309822458572816e-03
2.631708787092122293e+03,1.054883239789662218e-08,1.619233281638468873e-04,3.727335112219294210e-03
2.632885232683133381e+03,8.863577799758307993e-09,1.897338806596472109e-04,1.397930226641905943e-02
2.634061678274144924e+03,5.762832171586719349e-09,1.379786788513502410e-04,1.050374506255125073e-02
2.635238123865156012e+03,8.581333745627762064e-09,2.426641611768311788e-04,7.440689952714110190e-03
2.636414569456167101e+03,1.627588665905347267e-08,2.505154633571448448e-04,1.322120216076095450e-02
2.637591015047178644e+03,1.361721317341984364e-08,1.347947684523361986e-04,1.234724600070492492e-02
2.638767460638189732e+03,2.374950351201338207e-08,3.117673250660174642e-04,5.478626998438734796e-03
2.639943906229200820e+03,1.044126403950781409e-08,2.982598868019400865e-04,5.621227252848714530e-03
2.641120351820212363e+03,9.288884644811997763e-09,1.321046867120266469e-04,6.556210183048236974e-03
2.642296797411223451e+03,8.229743834152966617e-09,1.672767480012290738e-04,5.174530779559457887e-03
2.643473243002234540e+03,1.037496784561442812e-08,2.099452963944955998e-04,8.456820135053194631e-03
2.644649688593245628e+03,8.294689874374185740e-09,1.156670149981359414e-04,6.408184268918148963e-03
2.645826134184257171e+03,1.622350132357755093e-08,3.237531502702495063e-04,8.919720961540641285e-03
2.647002579775268259e+03,1.185431384384519863e-08,3.335053130554864269e-04,7.035270288477932232e-03
2.648179025366279348e+03,2.550674018147077834e-08,3.730692273762592753e-04,9.729660133508082412e-03
2.649355470957290891e+03,3.151320745813505643e-08,5.225260842140284825e-04,9.188341041972677981e-03
2.650531916548301979e+03,2.093508304530508103e-08,5.096532295141207019e-04,4.540627558758800718e-03
2.651708362139313067e+03,1.149238219462870336e-08,3.891740677805019121e-04,2.905803606813385769e-03
2.652884807730324610e+03,5.475951015913548577e-09,2.364100760059874144e-04,6.742901779819203065e-03
2.654061253321335698e+03,5.263288313114818543e-09,4.995658574643575117e-05,2.757513118570377540e-03
2.655237698912346787e+03,1.124297192781669877e-08,1.848750479574045214e-04,8.359078356921380293e-03
2.656414144503358330e+03,1.405043985854077598e-08,2.770464741631752255e-04,1.113367864294356920e-02
2.657590590094369418e+03,1.085422754972147144e-08,2.975409415281405549e-04,7.105726838901404649e-03
2.658767035685380506e+03,2.572379179434261638e-08,3.304019614886030600e-04,7.341100477899084598e-03
2.659943481276392049e+03,2.372483641202527032e-08,1.744523918875354868e-04,1.009475459549440644e-02
2.661119926867403137e+03,2.452731976401521928e-08,2.275456018556340466e-04,1.137636324028491047e-02
2.662296372458414226e+03,7.534492478790956408e-09,5.691630230484665085e-05,1.036753169879322742e-02
2.663472818049425769e+03,1.999642473914983361e-08,3.296817832847315807e-04,8.279350714805460906e-03
2.664649263640436857e+03,1.825803453871697590e-08,2.967501622413892446e-04,6.459774665269502406e-03
2.665825709231447945e+03,1.267869012554080223e-09,9.117842179685086497e-05,7.449483280729254746e-03
2.667002154822459033e+03,1.826779738207202833e-08,2.173839703622814149e-04,7.956088863850595272e-03
2.668178600413470576e+03,1.266832155703654963e-08,9.808632536112799570e-05,7.646166523859829027e-03
2.669355046004481665e+03,6.163100376709837398e-09,1.438936542392657623e-04,3.463172293998039060e-03
2.670531491595492753e+03,1.956962463210807955e-08,1.826045234845294894e-04,2.234275256764162425e-03
2.671707937186504296e+03,1.782947258376860093e-08,5.821244812277154713e-05,3.337257330491823736e-03
2.672884382777515384e+03,1.627546752887324580e-08,7.847184134504230177e-05,5.391782177049029429e-03
2.674060828368526472e+03,9.031726092562428469e-09,8.982496813127418991e-05,5.144411024763816641e-03
2.675237273959538015e+03,1.165140622521756714e-08,1.841424708542290195e-04,6.644884675458858324e-03
2.676413719550549104e+03,1.152915046907861413e-08,1.854455176911612175e-04,8.414797080637931997e-03
2.677590165141560192e+03,4.432392363494521693e-09,7.946466360324952341e-05,8.463652756303651978e-03
2.678766610732571735e+03,5.620892613771581970e-09,1.577781657360948170e-04,2.799163346312808203e-03
2.679943056323582823e+03,1.294084850248619015e-08,1.912357605556582959e-04,5.056193570848504376e-03
2.681119501914593911e+03,9.664789755626152483e-09,2.836517280144530825e-04,9.708845836749321542e-03
2.682295947505605000e+03,2.431125234331200187e-08,5.598736457299572549e-04,1.244087084240292143e-02
2.683472393096616543e+03,4.418112243296818627e-08,7.511275433841668519e-04,7.729612257051183578e-03
2.684648838687627631e+03,4.075203785530607201e-08,7.044741629216701509e-04,5.435140436475884712e-03
2.685825284278638719e+03,2.614242392339813826e-08,5.588361286352807591e-04,9.811786375060404033e-03
2.687001729869650262e+03,8.005045566752531199e-10,1.370910671932453991e-04,1.266203921145289679e-02
2.688178175460661350e+03,1.774256170056721730e-08,2.107335266656185362e-04,1.062749669690550222e-02
2.689354621051672439e+03,1.603526891201455588e-08,5.005865857619751875e-04,4.146479086652622367e-03
2.690531066642683982e+03,2.698558078422976816e-08,5.040329184525796846e-04,1.049159468780615700e-03
2.691707512233695070e+03,2.689365785738689171e-08,1.143734349004523723e-04,4.781835673340403305e-03
2.692883957824706158e+03,2.768978890191656656e-08,1.624271575354516519e-04,6.031785162282099662e-03
2.694060403415717701e+03,1.608414051525035217e-08,1.323201964286485003e-04,9.540602458165814773e-03
2.695236849006728789e+03,1.452790505441076175e-08,1.008406868807866139e-04,8.085226816545665329e-03
2.696413294597739878e+03,1.372814641138184898e-08,2.026632846431641898e-04,2.795807220118720540e-03
2.697589740188751421e+03,1.455961003311228387e-08,4.415684107045362823e-04,3.702425745133634122e-03
2.698766185779762509e+03,1.831226329543574809e-08,4.046378174853344258e-04,5.356825853493008861e-03
2.699942631370773597e+03,1.330040102756693419e-08,2.695661311639369171e-04,6.545174166163636627e-03
2.701119076961785140e+03,2.249220168477698518e-08,3.798929640046165308e-04,1.118212032197158159e-02
2.702295522552796228e+03,2.164499823584216841e-08,3.559250763234812721e-04,8.130365214043195135e-03
2.703471968143807317e+03,2.439719885817569242e-08,4.251921030988589493e-04,9.066138620087527827e-03
2.704648413734818405e+03,1.074341429822085398e-08,1.484484528759479505e-04,9.930208603429404798e-03
2.705824859325829948e+03,3.429773817865925609e-09,1.080535160649439831e-04,9.124698113125658677e-03
2.707001304916841036e+03,1.470035078087229067e-08,7.593789682911254821e-05,9.015056287066591442e-03
2.708177750507852124e+03,8.937170729372813677e-09,2.965618278173073603e-04,6.840357779801389294e-03
2.709354196098863667e+03,1.924419811994531849e-08,4.087799362847658745e-04,2.745732963628123337e-03
2.710530641689874756e+03,3.243646560951260642e-08,3.332944348336616832e-04,7.352038630413621455e-03
2.711707087280885844e+03,1.079213356467341182e-08,1.302126531591840121e-04,1.265549860165457452e-02
2.712883532871897387e+03,2.261362494290496278e-08,1.677391503367487748e-04,7.762027698427574791e-03
2.714059978462908475e+03,1.791427835828021295e-08,2.581351820118473199e-04,2.825593843627748764e-03
2.715236424053919563e+03,3.543956940543337565e-08,2.385506665795028558e-04,5.012463865068238385e-03
2.716412869644931106e+03,3.372249001837890749e-08,1.995216213313993382e-04,4.491285659033226671e-03
2.717589315235942195e+03,1.921840598642702244e-08,1.019948658574652616e-04,1.004592705299049531e-02
2.718765760826953283e+03,2.510465794591412958e-08,1.066065265021571548e-04,1.298173689418885210e-02
2.719942206417964371e+03,1.373523070991368618e-08,1.879301530894000958e-05,1.279466341199002148e-02
2.721118652008975914e+03,1.059720932010972625e-08,5.792175843796865489e-05,1.122976044162009301e-02
2.722295097599987002e+03,6.544838780405158294e-09,1.647634720413778634e-04,7.037548679372795241e-03
2.723471543190998091e+03,1.113898335678158583e-08,1.142539640386421604e-04,1.328801997692401681e-03
2.724647988782009634e+03,8.476693680238554620e-09,1.409400497533778659e-04,3.677194374370977743e-03
2.725824434373020722e+03,2.022575641265856696e-08,1.367014159329304904e-04,6.785985994628755680e-03
2.727000879964031810e+03,1.749280837949247705e-08,1.148164052798000421e-04,9.584736514546597988e-03
2.728177325555043353e+03,1.479798847564600865e-08,2.410067169078099886e-04,3.073001275013623971e-03
2.729353771146054441e+03,3.651898340777220374e-09,1.378877991722327881e-04,4.893524656911736603e-03
2.730530216737065530e+03,8.143723639719713737e-09,2.666392558207374705e-04,5.275287278837936279e-03
2.731706662328077073e+03,2.048923359331053816e-08,4.311724960521599718e-04,6.305525049553530742e-03
2.732883107919088161e+03,3.212253264816140904e-08,4.797863599004274977e-04,6.640728750380749112e-03
2.734059553510099249e+03,1.761555578326997207e-08,3.273657668866906869e-04,2.389473644074718069e-03
2.735235999101110792e+03,1.583882980782159398e-08,1.085000743457719243e-04,1.059211210578344872e-02
2.736412444692121881e+03,2.619622469901804623e-08,2.932707012852770715e-04,1.657680076086606724e-02
2.737588890283132969e+03,1.958435468822417816e-08,3.391600154307185234e-04,1.476446400262600850e-02
2.738765335874144512e+03,1.112216166741423938e-08,4.901187523048239044e-04,7.406117729689793219e-03
2.739941781465155600e+03,1.098442176898097659e-08,2.898622867307858674e-04,9.539372365554705385e-03
2.741118227056166688e+03,6.963238143009043210e-09,1.955699612861003462e-04,1.525715903150465062e-02
2.742294672647177777e+03,1.574349699760174568e-08,3.154579849348765493e-04,1.249137656782422882e-02
2.743471118238189320e+03,2.242354584455664647e-08,2.439447285963152595e-04,6.658667969346297733e-03
2.744647563829200408e+03,7.765793471865514659e-09,1.558048285205323200e-04,9.252007775133713752e-03
2.745824009420211496e+03,2.783578774950593784e-08,4.097103366269289472e-04,1.927330841232385156e-02
2.747000455011223039e+03,2.443341906276945170e-08,1.580491473992898536e-04,1.625483243415635701e-02
2.748176900602234127e+03,2.637253636695249846e-08,2.139194940003469184e-04,1.332632770566403307e-02
2.749353346193245216e+03,2.058008968718227405e-08,1.109176661423787614e-04,7.292281025714403113e-03
2.750529791784256759e+03,6.972402155334888433e-09,2.118947216088295626e-04,4.916408955019264775e-03
2.751706237375267847e+03,2.271494461723702200e-08,3.252563760675295521e-04,5.239828857680419935e-03
2.752882682966278935e+03,1.040910647705757327e-08,1.552481314390920068e-04,1.180710557233716380e-02
2.754059128557290478e+03,4.762531014281525981e-09,1.093403761285250612e-04,1.314400804565113781e-02
2.755235574148301566e+03,1.605101406844762447e-08,1.647191348839556957e-04,1.220866543785723360e-02
2.756412019739312655e+03,8.144808172791397116e-09,2.076628454225159072e-04,1.230357184242688098e-02
2.757588465330323743e+03,2.680254223293549460e-08,2.952769968673530656e-04,9.610545262078214884e-03
2.758764910921335286e+03,1.109990159521554949e-08,1.374339179222530292e-04,1.370800107675030147e-02
2.759941356512346374e+03,9.642716358341900218e-09,2.169231203489713992e-04,1.281455959561407683e-02
2.761117802103357462e+03,2.570386910643289036e-08,3.273190785825777428e-04,8.714560268320618863e-03
2.762294247694369005e+03,2.462865024179638025e-08,3.679466778309556070e-04,8.555988492761401609e-03
2.763470693285380094e+03,2.032742196744985675e-08,3.667759060597755041e-04,7.201013101252832539e-03
2.764647138876391182e+03,1.543348407542544049e-08,2.470503736039369189e-04,1.588598407214305425e-02
2.765823584467402725e+03,9.889523344857388994e-09,9.583197908526454810e-05,1.110521249516740507e-02
2.767000030058413813e+03,1.541486712635010150e-08,1.157905617821204848e-04,7.515595961634914841e-03
2.768176475649424901e+03,2.958865226496146252e-09,3.018617430131778417e-04,4.078254384065377498e-03
2.769352921240436444e+03,3.110982730469559152e-08,5.173346012657894805e-04,5.748572239576721712e-03
2.770529366831447533e+03,2.056271558478667837e-08,9.219719429864656050e-05,8.818959167855560527e-03
2.771705812422458621e+03,2.067909311892612169e-08,3.390246779718904865e-04,1.988571178919942839e-02
2.772882258013470164e+03,3.572299133707170772e-08,4.198155900686596016e-04,1.757115459054930592e-02
2.774058703604481252e+03,1.234133767653245382e-08,7.343296337921552419e-05,9.285781265365137746e-03
2.775235149195492340e+03,2.743698927449620292e-08,2.717630379453281472e-04,1.119217047983155772e-02
2.776411594786503883e+03,1.404965964167572410e-08,1.141248817406822114e-04,1.750345275691412086e-02
2.777588040377514972e+03,3.146860310166103785e-08,4.732431548957216649e-04,1.505030971219119620e-02
2.778764485968526060e+03,3.338451305249729330e-08,5.182834262162838625e-04,7.898561676088509953e-03
2.779940931559537148e+03,2.146831500583408027e-08,3.245883783983258058e-04,1.380326517085444724e-02
2.781117377150548691e+03,1.130150438221385169e-08,2.238661368222333943e-04,2.043060785118307535e-02
2.782293822741559779e+03,1.559465112379182006e-08,1.126746455243528153e-04,2.148350330809983832e-02
2.783470268332570868e+03,2.270732801019420177e-08,3.577530369634845616e-04,2.226915411816907456e-02
2.784646713923582411e+03,3.625015348552206997e-09,1.999836172676184610e-04,1.858885932274107269e-02
2.785823159514593499e+03,2.150650195348687846e-08,2.602365434432995909e-04,1.456580419282454096e-02
2.786999605105604587e+03,8.994211814114067668e-09,3.877430766068078291e-04,9.444200318375251327e-03
2.788176050696616130e+03,1.519539747215617155e-08,2.329932370287342562e-04,4.731170092964913365e-03
2.789352496287627218e+03,2.566377367809010618e-08,1.988863608121340830e-04,2.449257354694241249e-03
2.790528941878638307e+03,1.891726721938829206e-08,2.318382027442283326e-04,2.557437082303478347e-03
2.791705387469649850e+03,1.899702448714415497e-08,1.030383055907744042e-04,2.465992668360495604e-03
2.792881833060660938e+03,2.144807953067886672e-08,2.915457148066661567e-04,4.819085384796781973e-03
2.794058278651672026e+03,7.375677284762325485e-09,3.559102827338368573e-04,9.412107048370484119e-03
2.795234724242683114e+03,2.139228724466702133e-08,2.117093861967057748e-04,6.813602788247542959e-03
2.796411169833694657e+03,2.271597387109039461e-08,2.097706717352308269e-04,1.033917721942486994e-03
2.797587615424705746e+03,1.053208392418853944e-08,8.992518387683487761e-05,6.254878640106444586e-03
2.798764061015716834e+03,1.782935618260448247e-08,1.316184836359548377e-04,6.016695020427635134e-03
2.799940506606728377e+03,3.831281368235462175e-09,2.381118111984649249e-04,8.888416752050288042e-03
2.801116952197739465e+03,2.523059234152941344e-08,2.669764095976835021e-04,6.666224152368440889e-03
2.802293397788750553e+03,2.464084826049675739e-08,1.723292245327055891e-04,3.716749320590882061e-03
2.803469843379762096e+03,1.810200777305717043e-08,9.034827948201623442e-05,8.226180745898249019e-03
2.804646288970773185e+03,1.849147992982559416e-08,9.981609383496842204e-05,6.368869529814321848e-03
2.805822734561784273e+03,2.748811005384261845e-08,3.324352333200493816e-04,3.873655388650350771e-03
2.806999180152795816e+03,4.367595586750968654e-08,5.206753434058289040e-04,3.635185948601287343e-03
2.808175625743806904e+03,1.986387109555683772e-08,4.821421226116278476e-04,3.631419035318162337e-03
2.809352071334817992e+03,1.625424395983851467e-08,1.452796597586921801e-04,1.082164517041508955e-02
2.810528516925829535e+03,1.624786173868225917e-08,1.504209569714192764e-04,8.909418521714390984e-03
2.811704962516840624e+03,7.596801521791118393e-09,1.454898948505199121e-04,8.445052271339070771e-03
2.812881408107851712e+03,1.217794099690664823e-08,1.432355071254844754e-04,1.470905292070791119e-02
2.814057853698863255e+03,2.327992009282183254e-08,2.887328138062260070e-04,1.805261635371805881e-02
2.815234299289874343e+03,2.804913332060022480e-08,4.562378519351054313e-04,2.258259050507141485e-02
2.816410744880885431e+03,9.355814407614804620e-09,3.482825054747756941e-04,2.741601205364670862e-02
2.817587190471896520e+03,1.216431290782580796e-08,7.697532470761860902e-05,2.133872327271428906e-02
2.818763636062908063e+03,1.065815656032257677e-08,2.876755860301664913e-04,1.937604952766491459e-02
2.819940081653919151e+03,7.737311588486696522e-09,2.525250251739392395e-04,2.514387777967563853e-02
2.821116527244930239e+03,1.736670973957468066e-08,2.303922173568015831e-04,2.573173427099804955e-02
2.822292972835941782e+03,2.479176811027620548e-08,2.935616685565399530e-04,2.449381390178446277e-02
2.823469418426952871e+03,1.491325352268974851e-08,3.368535022217568797e-04,1.484525002005855285e-02
2.824645864017963959e+03,3.607525987950019768e-09,3.109492634523720401e-04,8.377663079274847574e-03
2.825822309608975502e+03,1.237960075758504931e-08,1.381944349168931203e-04,1.435919563585536310e-02
2.826998755199986590e+03,1.398879490284168092e-08,2.019132028604100188e-04,1.606963108309525379e-02
2.828175200790997678e+03,2.978481410204772233e-08,4.587806186336354703e-04,1.111242441326656949e-02
2.829351646382009221e+03,1.732723745295971906e-08,4.675633867503971655e-04,7.356943506045463682e-03
2.830528091973020310e+03,1.415390383868399767e-08,2.287205799280415887e-04,8.763628740373965997e-03
2.831704537564031398e+03,8.574037384196100521e-09,1.076720038445539562e-04,5.323122014567371191e-03
2.832880983155042486e+03,1.606251596684166861e-08,2.233773949575600646e-04,5.507019551314569668e-03
2.834057428746054029e+03,1.163458351035943219e-08,4.854683271137129287e-04,2.001727737866944648e-03
2.835233874337065117e+03,1.276875095002997627e-08,3.675422745403328492e-04,5.140220746464569009e-03
2.836410319928076206e+03,3.246391254340317156e-08,5.565067844933510458e-04,8.528481780026972783e-03
2.837586765519087749e+03,2.065229504077797262e-08,3.317590443361693314e-04,4.033834639128735210e-03
2.838763211110098837e+03,9.817448785329032298e-09,2.262430979917371429e-04,6.267888538984431844e-03
2.839939656701109925e+03,7.505837247990407463e-09,1.616311229878089812e-04,2.843583101782250818e-03
2.841116102292121468e+03,2.570181855117417463e-08,5.399553932331358896e-04,9.312527149466856558e-03
2.842292547883132556e+03,4.375743282281085369e-08,7.746838438207064199e-04,1.169847398026394210e-02
2.843468993474143645e+03,1.130266879494733829e-08,2.390880584209668881e-04,3.003905763822661227e-03
2.844645439065155188e+03,2.378436054195250346e-08,2.639639458141660616e-04,1.011511943541117120e-02
2.845821884656166276e+03,8.611301795222792892e-10,3.452632307598878735e-04,5.377032702231306430e-03
2.846998330247177364e+03,2.910977586512444440e-08,3.124716355875518654e-04,7.057390810745371203e-03
2.848174775838188907e+03,1.183238966232771318e-08,1.478084717598334059e-04,1.314467764330159126e-02
2.849351221429199995e+03,1.033006731569759555e-08,1.075231833939339573e-04,1.709451449497496542e-02
2.850527667020211084e+03,1.871675907559576972e-09,2.294455970223256431e-04,1.256139008013327542e-02
2.851704112611222627e+03,6.218447782944780974e-09,1.416052826161389843e-04,1.267992693993865751e-02
2.852880558202233715e+03,8.850700407165427007e-09,2.668601972107270811e-04,2.016154202922563338e-02
2.854057003793244803e+03,1.961663385127962142e-08,3.890908288743079790e-04,2.402966169917779282e-02
2.855233449384255891e+03,3.794214962192098562e-08,5.739337624105419209e-04,2.687784296334269629e-02
2.856409894975267434e+03,3.413266449282507432e-08,5.491123196290602360e-04,2.252498987555818719e-02
2.857586340566278523e+03,4.510278886909237241e-09,3.351195257175801335e-04,9.688960028329772489e-03
2.858762786157289611e+03,1.372315710812308929e-08,4.876337109775001654e-05,1.250536350938950998e-02
2.859939231748301154e+03,7.574919404616260858e-09,1.842176723857740406e-04,1.957350754285058433e-02
2.861115677339312242e+03,1.150139717375444998e-08,3.678030978782207620e-04,1.384757303158463439e-02
2.862292122930323330e+03,3.272624917404392410e-08,5.794050315391948260e-04,5.008938546663010971e-03
2.863468568521334873e+03,3.255056176017417251e-08,6.644093037183298111e-04,4.046842732378115766e-03
2.864645014112345962e+03,2.332604804068962510e-08,6.198891316877058657e-04,4.875178577894588063e-03
2.865821459703357050e+03,2.369087994197875098e-08,5.216822290332430922e-04,4.095120045822724791e-03
2.866997905294368593e+03,2.861959427888453625e-08,5.289690657860950064e-04,7.147138974226024434e-03
2.868174350885379681e+03,1.757506003007670676e-08,3.820652630415406520e-04,9.096337199374211063e-03
2.869350796476390769e+03,1.179539918389232577e-08,3.254265370383001396e-04,7.391891214339348613e-03
2.870527242067401858e+03,2.179799396621158023e-08,4.047471645961764840e-04,7.919000259991386750e-03
2.871703687658413401e+03,3.657058673000976370e-09,1.020089354432576886e-04,2.642468222022426299e-03
2.872880133249424489e+03,1.263770857759071122e-08,2.812350355035579523e-04,9.333176209430325831e-03
2.874056578840435577e+03,9.633177288669352336e-09,2.420365397365406156e-04,4.695731852797694304e-03
2.875233024431447120e+03,2.538625786200142135e-08,3.294408692978621723e-04,7.840945275203722647e-04
2.876409470022458208e+03,2.568013860039576970e-08,5.418159936388599555e-04,3.517666122707509974e-03
2.877585915613469297e+03,5.769742338390530336e-09,3.668699116331839544e-04,5.328960674569046879e-04
2.878762361204480840e+03,9.269057680885115357e-09,3.069241754029530442e-04,7.750188592997213702e-03
2.879938806795491928e+03,3.722787576402791133e-08,5.524764103193023938e-04,1.221416356683903068e-02
2.881115252386503016e+03,2.216246179753114893e-08,4.933589178196856519e-04,6.501646535160872029e-03
2.882291697977514559e+03,1.200028215693208260e-08,1.672297008679950365e-04,2.656921617657305532e-03
2.883468143568525647e+03,9.878939754951756400e-09,1.463230069066071102e-04,2.671760389743757687e-03
2.884644589159536736e+03,1.903104941120330379e-08,1.695287406119133839e-04,7.935414146519005271e-03
2.885821034750548279e+03,1.486269876179086860e-08,2.915093544576805636e-04,1.085068493927521943e-02
2.886997480341559367e+03,1.348422875508680951e-08,3.503588244804071734e-04,8.524696475852355793e-03
2.888173925932570455e+03,1.770861922524248941e-08,2.010273476461110341e-04,1.312725044627746987e-02
2.889350371523581998e+03,4.769575155340542825e-09,8.480351976347653251e-06,1.703790896569216951e-02
2.890526817114593086e+03,3.164459555655748498e-09,1.169272668409967683e-04,2.815110585076376418e-02
2.891703262705604175e+03,1.195436182313042026e-08,1.912244454494527797e-04,3.283555045299399455e-02
2.892879708296615263e+03,1.098139556203396621e-08,1.170514383513678735e-04,2.984363795560051463e-02
2.894056153887626806e+03,8.188168390653794796e-09,9.497362048289883943e-05,4.270753666804579657e-02
2.895232599478637894e+03,8.536937182702035868e-09,1.240637389954211663e-04,3.566438484854844715e-02
2.896409045069648982e+03,9.486001209696159947e-09,1.106616227239048478e-04,2.485502942936540505e-02
2.897585490660660525e+03,2.346015677048381676e-08,4.060156217502227261e-04,1.084398676505382055e-02
2.898761936251671614e+03,1.415172263945797190e-08,2.665258647442914595e-04,9.508954685691722170e-03
2.899938381842682702e+03,8.045161657007058206e-09,9.017878566108826000e-05,4.571101648606089134e-03
2.901114827433694245e+03,5.306764091946481098e-09,1.008666659664776358e-04,1.648893110530653960e-02
2.902291273024705333e+03,7.444992338690023050e-09,1.280540636401894766e-04,1.677246034259276611e-02
2.903467718615716421e+03,6.346963489311754098e-09,2.665736585356209831e-04,1.092791096263466891e-02
2.904644164206727964e+03,2.351998675939831338e-08,3.267542501826741744e-04,1.120362093136649875e-02
2.905820609797739053e+03,2.581629282998508715e-08,3.654901505762982823e-04,5.960543292702228345e-03
2.906997055388750141e+03,3.085077108355221589e-08,5.816572817329221119e-04,8.664467128028588080e-03
2.908173500979761229e+03,1.966164531622602988e-08,5.980255100304715998e-04,1.664814239816308876e-03
2.909349946570772772e+03,1.648482153239760342e-08,4.182168257065476324e-04,9.178827299572344875e-03
2.910526392161783861e+03,2.219666838375016295e-08,3.990137837458923326e-04,1.972257694975158415e-03
2.911702837752794949e+03,2.130903457718186567e-08,5.774497469833231311e-04,1.176068490045831250e-02
2.912879283343806492e+03,2.004667989108064345e-08,4.206032065827290840e-04,7.182640141835065946e-03
2.914055728934817580e+03,2.162179322074181218e-08,4.675468541656021800e-04,1.027946996549131825e-02
2.915232174525828668e+03,2.658496776398847943e-08,6.748438590357145814e-04,1.122755189536367784e-02
2.916408620116840211e+03,1.422588854846489126e-08,3.681330966350640803e-04,4.423714981776099252e-03
2.917585065707851300e+03,1.976456970638738491e-08,4.206028732800131450e-04,1.543761143741449217e-02
2.918761511298862388e+03,2.073451081091206700e-08,6.991643454202303449e-04,1.690146368361377174e-02
2.919937956889873931e+03,1.078914890668467418e-08,2.299868376216141353e-04,1.363381092875583928e-02
2.921114402480885019e+03,9.750294329880135220e-09,1.912230944155301311e-04,1.361049944039966104e-02
2.922290848071896107e+03,1.451749955069234172e-08,1.256410097806773924e-04,6.363277918672798072e-03
2.923467293662907650e+03,1.568643711757191456e-08,3.988138691411701993e-04,1.540968393138216624e-02
2.924643739253918739e+03,3.608318851722520422e-08,3.512449847797230592e-04,1.601837935155168632e-02
2.925820184844929827e+03,2.289933905283825040e-08,1.113152998922198767e-04,1.627595806560749522e-02
2.926996630435941370e+03,2.556175333918798589e-08,1.697040639755491829e-04,3.218532526633487156e-02
2.928173076026952458e+03,3.706582662978605602e-08,4.150461781977755698e-04,3.966810702244094600e-02
2.929349521617963546e+03,3.315284750290696596e-08,2.172687559037419244e-04,3.017821268404241933e-02
2.930525967208974635e+03,3.735533016351405119e-08,4.710931738050649692e-04,4.876981802560206164e-02
2.931702412799986178e+03,3.734674505868887304e-08,5.591547259707508200e-04,3.197768957469893786e-02
2.932878858390997266e+03,2.515900676138061407e-08,4.051833939306251939e-04,9.820344844084335362e-03
2.934055303982008354e+03,1.606824406008129471e-08,3.062500872764934226e-04,1.496321070399349133e-02
2.935231749573019897e+03,2.633292002727119280e-09,2.054544198755735068e-04,1.940631544775926406e-02
2.936408195164030985e+03,1.371870136216421721e-08,2.170750078051559401e-04,1.116816015225269645e-02
2.937584640755042074e+03,2.088366690423042826e-08,2.672603149326776596e-04,6.696837118234041236e-03
2.938761086346053617e+03,2.128166247912478520e-08,3.684983180612326601e-04,1.471999051149858358e-02
2.939937531937064705e+03,4.721937484632248938e-09,1.656039437959396280e-04,1.534417061926233311e-02
2.941113977528075793e+03,4.232015798220194702e-09,1.958693864218331621e-04,1.454671302140594230e-02
2.942290423119087336e+03,6.981483108502629142e-09,2.246063373539712799e-04,8.225332286730415582e-03
2.943466868710098424e+03,2.690626611827115247e-08,5.861383877066696571e-04,5.788943292849259986e-03
2.944643314301109513e+03,3.253758494453150481e-08,6.728309620054402813e-04,9.132983417854312683e-03
2.945819759892120601e+03,3.489416262766179008e-08,6.109500251868622226e-04,1.255176914396929563e-02
2.946996205483132144e+03,4.805897662391022758e-08,1.091242652170153682e-03,1.058199902096557295e-02
2.948172651074143232e+03,1.828679646022917258e-08,5.367139533945054558e-04,6.792230163823221277e-03
2.949349096665154320e+03,1.321062325427245717e-08,2.931655335575048893e-04,1.225661633105344130e-02
2.950525542256165863e+03,2.245027044058672123e-08,3.979941067817733494e-04,6.978315646079469997e-03
2.951701987847176952e+03,2.067970270827828468e-08,4.883446255603871673e-04,9.653246623831107306e-03
2.952878433438188040e+03,7.239741880460601217e-09,6.618106009443760021e-05,1.188838823403305829e-02
2.954054879029199583e+03,1.563244618854416451e-08,1.754353400020934996e-04,1.907090857539331386e-02
2.955231324620210671e+03,5.870128160828959823e-09,3.545743284809377326e-04,2.249356389770114026e-02
2.956407770211221759e+03,3.087130695513284433e-08,5.694490984659399124e-04,1.594242931561526411e-02
2.957584215802233302e+03,3.136790190533170203e-08,5.176771238296658381e-04,1.164839543448497119e-02
2.958760661393244391e+03,2.777559370616313536e-08,5.453630569447584682e-04,1.010887960786970886e-02
2.959937106984255479e+03,1.013675887946337612e-08,2.169938816014111641e-04,1.232240262521623435e-02
2.961113552575267022e+03,1.864014611444882573e-08,1.665840484308389049e-04,1.771249598323212243e-02
2.962289998166278110e+03,1.677843169511519083e-08,1.691327841003626884e-04,1.688771177729475256e-02
2.963466443757289198e+03,1.749459341233387662e-08,1.890427406746669683e-04,3.057796153823233096e-02
2.964642889348300741e+03,3.150002703931652599e-08,2.442609811466566459e-04,2.714160403523620951e-02
2.965819334939311830e+03,3.393234121045898278e-08,2.935787757274094050e-04,1.040129316837936323e-02
2.966995780530322918e+03,1.562161546233338522e-08,2.748503635300344030e-04,3.495564881849570760e-02
2.968172226121334006e+03,7.283270322254936118e-09,2.757172965047203291e-04,4.162141075518938776e-02
2.969348671712345549e+03,1.232541261148774739e-08,4.107353178783585269e-04,2.551938565590337535e-02
2.970525117303356637e+03,2.969788378976188132e-08,5.618948884360464762e-04,1.694147171135110611e-02
2.971701562894367726e+03,3.504253795753307326e-08,4.569023040473268365e-04,1.411046171494003895e-02
2.972878008485379269e+03,2.809279543395707088e-08,2.366534635724645938e-04,1.850384407563085074e-02
2.974054454076390357e+03,2.955439856218919616e-08,2.714065830558235349e-04,1.878365926733355229e-02
2.975230899667401445e+03,1.980362957809376681e-08,4.067851505951909966e-04,9.178167470456632948e-03
2.976407345258412988e+03,7.347065639560452724e-09,2.959027628646017979e-04,5.278052955413059522e-03
2.977583790849424076e+03,5.792365396963462682e-09,3.264496798307764489e-04,1.009075109593359464e-02
2.978760236440435165e+03,3.033250125675251526e-08,9.455385774743425408e-04,1.969054254749120006e-02
2.979936682031446708e+03,5.173741334525948141e-08,9.357930554988616676e-04,2.208696827881632269e-02
2.981113127622457796e+03,5.250412620066122373e-08,8.050663665502504453e-04,1.613852808339615377e-02
2.982289573213468884e+03,7.913137547548418767e-08,1.488486187881791524e-03,2.702457252874317095e-02
2.983466018804479972e+03,1.512546408708413274e-07,3.909838203158109808e-03,7.810236515751596553e-02
2.984642464395491515e+03,2.312066942714946684e-07,5.421813296566536239e-03,1.050957082455391267e-01
2.985818909986502604e+03,1.744002553803193535e-07,4.236060305854490865e-03,8.768657152135320154e-02
2.986995355577513692e+03,8.698606540633347695e-08,2.156862590957247389e-03,5.999226619357733714e-02
2.988171801168525235e+03,7.732831767269985647e-08,1.769624892800418471e-03,3.318221805603886049e-02
2.989348246759536323e+03,4.640759025836320988e-08,1.121384663497053315e-03,1.604556712441350397e-02
2.990524692350547411e+03,2.059856382641381714e-08,4.805721546372541931e-04,5.493757110509076003e-03
2.991701137941558954e+03,2.968369604197156980e-08,6.627142860304464098e-04,1.909637530929682303e-02
2.992877583532570043e+03,3.961365914060099777e-08,8.562247129181232378e-04,2.344806812541358129e-02
2.994054029123581131e+03,3.960619288524343639e-08,8.517016850948588369e-04,2.324921601970256560e-02
2.995230474714592674e+03,4.549131162236255679e-08,9.447937452508319445e-04,2.723931806277752818e-02
2.996406920305603762e+03,3.596370689073530368e-08,7.700746540296507904e-04,2.392011528848194540e-02
2.997583365896614850e+03,1.709345642535975235e-08,3.835995130754344448e-04,1.856054597786672630e-02
2.998759811487626394e+03,1.533049480052917178e-08,4.011397538791399505e-04,1.396952626809561636e-02
2.999936257078637482e+03,4.210436135308341126e-09,4.270654086081298803e-04,3.117771846597714239e-02
3.001112702669648570e+03,2.057130033328617548e-08,3.930451491735903794e-04,3.555989177880585633e-02
3.002289148260660113e+03,2.429395533824073806e-08,2.341370928429612223e-04,2.514574669122609032e-02
3.003465593851671201e+03,1.678259445290399561e-08,4.553967902733827597e-05,3.447113374057174384e-02
3.004642039442682290e+03,2.103736071740591086e-08,3.171962313768264476e-04,3.600906889366507074e-02
3.005818485033693378e+03,2.858188977663098589e-09,4.101905391158168772e-04,2.325402815928345399e-02
3.006994930624704921e+03,1.354984927378056215e-08,3.140862360067322111e-04,8.256578554477160894e-03
3.008171376215716009e+03,2.017840407813985827e-08,3.934090570487151989e-04,8.083019663861507748e-03
3.009347821806727097e+03,2.515391855862107268e-08,4.055026100434117498e-04,8.266807340744879509e-03
3.010524267397738640e+03,2.125984781357531192e-08,2.173215161521434345e-04,8.330341469048969591e-03
3.011700712988749729e+03,3.188038242558987886e-08,4.332750451290952320e-04,3.259484539670432467e-03
3.012877158579760817e+03,2.171348460320419617e-08,4.977432411991789376e-04,4.744453229267207688e-03
3.014053604170772360e+03,5.398861460925965414e-09,2.710860326015708294e-04,8.579395239063595385e-03
3.015230049761783448e+03,4.021471232325316443e-09,2.905398306284043058e-04,6.777439698669367706e-03
3.016406495352794536e+03,1.822591204634633312e-08,4.159426082611277008e-04,8.624719525461958108e-03
3.017582940943806079e+03,2.746727950666157513e-08,5.566971986100711922e-04,1.571129933697063691e-02
3.018759386534817168e+03,1.662788289019945074e-08,3.786822244641357862e-04,7.416312797592436966e-03
3.019935832125828256e+03,5.911270037478845321e-08,1.450010956290565889e-03,2.134937706611512304e-02
3.021112277716839344e+03,6.329589661797303652e-08,1.575868958063387105e-03,5.811062989991903210e-03
3.022288723307850887e+03,5.849006253030518255e-08,1.378554474036200852e-03,2.512604773888288054e-02
3.023465168898861975e+03,4.326530604712489861e-08,1.092664507783782605e-03,1.864726190161581851e-02
3.024641614489873064e+03,3.970567106280564280e-08,7.725245281466429749e-04,1.246238008821265106e-02
3.025818060080884607e+03,4.003810647036051239e-09,4.007809838887728578e-04,7.150578376781133519e-03
3.026994505671895695e+03,1.484325653846511610e-08,2.871363739368911730e-04,8.512024008654453869e-03
3.028170951262906783e+03,3.560211425937336019e-08,5.935160861384536704e-04,1.525942094753339300e-02
3.029347396853918326e+03,2.866769828781022358e-08,6.252233843979796476e-04,1.551647239480668551e-02
3.030523842444929414e+03,7.234058617570629056e-09,3.958071066404784304e-04,6.839743765765599059e-03
3.031700288035940503e+03,8.604652449559955644e-09,1.541850074210621255e-04,7.141463375840840025e-03
3.032876733626952046e+03,7.918266395388928707e-09,5.754974374251751112e-05,1.449068650372932303e-02
3.034053179217963134e+03,1.158380491476423629e-08,6.263776093455405882e-05,1.219297197702875514e-02
3.035229624808974222e+03,1.205910352844627860e-08,3.660994071288820322e-05,1.455493325922999071e-02
3.036406070399985765e+03,1.242175164018861528e-08,2.841058593595540218e-05,2.118981354079044893e-02
3.037582515990996853e+03,5.150050368855197551e-09,1.616390877912623396e-04,2.417787421940098894e-02
3.038758961582007942e+03,4.100271219630760226e-09,6.065850405564821436e-05,1.924758347262198188e-02
3.039935407173019485e+03,7.772750434760223129e-09,1.406042710190827838e-04,1.052321419469662116e-02
3.041111852764030573e+03,1.126842039357828296e-08,2.136143251097492261e-04,1.044269548046914894e-02
3.042288298355041661e+03,1.152102037570283604e-08,3.273730124880089428e-04,1.927555204019420348e-02
3.043464743946052749e+03,1.515297560697170792e-09,1.229169012715998998e-04,2.488891642422309466e-02
3.044641189537064292e+03,1.964847051296518532e-09,9.270167687588926064e-05,1.435264380673014623e-02
3.045817635128075381e+03,3.719716675959175713e-09,1.072630420879971291e-04,9.531907266144858809e-03
3.046994080719086469e+03,4.799346458848775441e-09,4.572677472155976081e-05,1.065850506863465219e-02
3.048170526310098012e+03,4.200036520878433666e-09,1.307312382143053294e-04,1.251885825571612786e-02
3.049346971901109100e+03,1.177196351933195479e-08,9.855222974232877276e-05,1.168694985026421003e-02
3.050523417492120188e+03,1.818891620890389259e-08,2.283774093111137153e-04,1.102087934737942636e-02
3.051699863083131731e+03,3.746527722176758935e-09,4.264018249612565596e-04,1.100625902794955500e-02
3.052876308674142820e+03,2.778208318912197965e-08,2.634140728045593740e-04,3.516080192581678889e-03
3.054052754265153908e+03,1.934712323697005731e-08,4.693369201599374967e-04,1.763715965423887436e-02
3.055229199856165451e+03,1.677875373492824082e-08,4.254082793323329839e-04,1.800404056712796852e-02
3.056405645447176539e+03,4.104975988511097550e-08,5.089884519419742275e-04,1.194632186514157229e-02
3.057582091038187627e+03,3.859081069829257561e-08,1.442760921521373495e-03,2.428454339849676902e-02
3.058758536629198716e+03,8.699369783042017345e-08,1.855249543534223493e-03,1.995494608704176387e-02
3.059934982220210259e+03,5.677761346710665486e-08,1.560775233665974947e-03,2.152373042022177191e-02
3.061111427811221347e+03,4.880725577136836769e-08,1.243450119896339712e-03,1.299334415084227312e-02
3.062287873402232435e+03,3.400596860803428633e-08,7.167198658311522107e-04,1.659086067485956301e-02
3.063464318993243978e+03,1.220116255932610827e-08,4.051022908933842623e-04,1.241708800860941500e-02
3.064640764584255066e+03,2.380691845326646081e-08,5.935267861707263200e-04,6.682892042904931516e-03
3.065817210175266155e+03,2.773992556448422783e-08,6.592017811038696200e-04,5.143517066436075619e-03
3.066993655766277698e+03,2.259051067967515802e-08,4.960790641114837729e-04,6.433859404750917783e-03
3.068170101357288786e+03,1.736176710358209945e-08,3.324925777576609280e-04,6.232582366206008626e-03
3.069346546948299874e+03,2.262755109192711761e-08,4.191867338992239932e-04,7.719810588848933066e-04
3.070522992539311417e+03,2.482836562598925363e-08,3.782271581605694080e-04,1.099607187165152662e-02
3.071699438130322505e+03,1.950149963434921177e-08,1.918064421395127592e-04,1.331795590516631975e-02
3.072875883721333594e+03,2.185161851575292540e-08,2.343272815763977179e-04,2.207137237339123342e-02
3.074052329312345137e+03,1.637482835725433105e-08,1.872040508634762780e-04,1.785154629218092814e-02
3.075228774903356225e+03,7.149639467213853090e-09,7.178119550386787852e-05,2.624845191309902945e-02
3.076405220494367313e+03,9.517811020890182235e-09,1.113828518871628608e-04,1.451543426354446296e-02
3.077581666085378856e+03,6.004799807455194941e-09,7.836597191362939705e-05,9.272025844560488964e-03
3.078758111676389944e+03,1.476613554949665964e-08,3.182172372785317628e-04,1.138545146786365363e-02
3.079934557267401033e+03,7.247905570679935806e-09,3.094229197937515869e-04,5.337905756949794071e-03
3.081111002858412121e+03,8.123377734461981118e-09,1.219620538700227094e-04,9.377172756494182859e-03
3.082287448449423664e+03,9.629878866671629502e-09,2.241794480286766816e-04,2.186763655674237548e-03
3.083463894040434752e+03,5.275340881835157156e-09,1.895048224995675120e-04,7.893337392847147443e-03
3.084640339631445840e+03,9.817285160448997015e-09,2.277118564129085418e-04,6.744029533609884053e-03
3.085816785222457383e+03,1.417010549746924195e-08,2.215719474449413730e-04,8.411565028970934346e-03
3.086993230813468472e+03,1.457775502764676784e-08,1.464992473663630375e-04,3.791446189065877069e-03
3.088169676404479560e+03,1.667584614943792713e-08,1.761819061126257673e-04,1.093069191605961291e-02
3.089346121995491103e+03,9.762414011252967981e-09,3.059821686616588025e-04,1.456576729427184504e-02
3.090522567586502191e+03,1.416971603189819799e-08,4.166720912456677440e-04,9.975915651037964987e-03
3.091699013177513280e+03,2.212499115134354406e-08,2.593265133506057209e-04,6.656512677196807157e-03
3.092875458768524823e+03,1.304158740406302125e-08,6.371041119906874391e-04,1.954885628904594677e-02
3.094051904359535911e+03,6.758009024036098687e-08,1.340060666659732965e-03,2.275405016367479383e-02
3.095228349950546999e+03,5.245519479440752925e-08,1.403566382090021703e-03,1.291989597362589760e-02
3.096404795541558087e+03,6.492503044856307608e-08,1.692606965639259020e-03,1.178407267788041807e-02
3.097581241132569630e+03,8.358775570158393540e-08,1.711875257473564026e-03,1.915027625447680501e-02
3.098757686723580719e+03,2.803181926763639255e-08,1.091251331241480538e-03,1.755965987909166234e-02
3.099934132314591807e+03,2.100150515987546645e-08,3.575174672705317964e-04,7.804493289997273611e-03
3.101110577905603350e+03,1.766006414874275536e-08,2.961545084424993903e-04,3.139851066344629370e-03
3.102287023496614438e+03,1.502637492936908115e-08,4.391305106076884334e-04,6.898548640221678629e-03
3.103463469087625526e+03,9.234348480174903118e-09,2.356167816921150783e-04,6.690298201119892346e-03
3.104639914678637069e+03,6.398131748445168714e-09,2.355157235691525896e-04,7.648466288219286577e-03
3.105816360269648158e+03,1.423122630764007127e-08,2.350831892573271482e-04,1.030887717198438781e-02
3.106992805860659246e+03,1.881378859862100161e-08,2.897191883962511503e-04,6.249380351983298103e-03
3.108169251451670789e+03,4.366151377643219962e-09,2.504259828791173710e-04,1.147920990497028684e-02
3.109345697042681877e+03,7.701954106905716027e-09,1.070498463290586852e-04,1.850386899780684380e-02
3.110522142633692965e+03,6.310039141145579959e-09,5.525210523071503012e-05,1.330284609218111008e-02
3.111698588224704508e+03,7.644690434536925237e-09,2.525403042339613110e-04,1.075136121021987197e-02
3.112875033815715597e+03,7.565761963818708026e-09,2.798269405518576981e-04,1.458836563211527229e-02
3.114051479406726685e+03,3.677000943243912921e-09,1.223073105859964218e-04,3.640404016352540711e-03
3.115227924997738228e+03,9.992290136434863387e-09,1.557816865107596082e-04,1.023808561732923034e-02
3.116404370588749316e+03,4.905325179506861068e-09,1.774474869561856445e-04,1.291604272113968353e-02
3.117580816179760404e+03,1.573512136498940912e-08,3.788166205434931907e-04,8.002186001812459579e-03
3.118757261770771493e+03,2.211990072329104560e-08,3.299344658917132181e-04,4.528030787324269744e-03
3.119933707361783036e+03,1.062911165890653864e-08,1.136172531531658088e-04,6.005079181862880630e-03
3.121110152952794124e+03,6.953933735435447299e-09,1.257179699392774847e-04,3.504854734643679179e-03
3.122286598543805212e+03,6.278019942864223652e-09,1.747163881354992442e-04,8.120765201431687577e-03
3.123463044134816755e+03,2.771707334164129808e-09,2.118640419824955267e-04,2.100374942636505649e-03
3.124639489725827843e+03,1.459669211968745716e-08,1.630789077638089861e-04,2.844205451580556626e-03
3.125815935316838932e+03,1.236644339196927111e-08,7.942451546368396113e-05,6.084152962495081689e-03
3.126992380907850475e+03,1.801093077830855102e-08,1.160495790641703659e-04,4.873465539949734665e-03
3.128168826498861563e+03,2.402842558831188352e-08,2.538063852768443116e-04,7.135694194599026714e-03
3.129345272089872651e+03,1.263230209325396051e-08,3.922430201435481980e-04,6.178095379300413761e-03
3.130521717680884194e+03,9.443971144876418434e-09,3.210474337911963004e-04,2.869856564210100571e-03
3.131698163271895282e+03,3.225829173920384669e-08,5.591026558653522773e-04,7.071074093861204508e-03
3.132874608862906371e+03,4.000959989361594124e-08,1.310610418589333147e-03,2.237695923383594895e-02
3.134051054453917459e+03,5.929391467526949572e-08,1.532663451936191025e-03,2.485546645922149384e-02
3.135227500044929002e+03,5.075602775130058874e-08,1.050675730052618448e-03,1.420644318902778390e-02
3.136403945635940090e+03,2.057568052728250852e-08,6.941535138066140965e-04,6.758820949248701797e-03
3.137580391226951178e+03,2.982866883949349574e-08,8.261471077419688331e-04,7.862182598322577792e-03
3.138756836817962721e+03,3.698668426019801036e-08,7.419947428403177387e-04,6.581579136086907096e-03
3.139933282408973810e+03,2.303847051226619876e-08,4.447498894256913886e-04,6.668589921445181382e-03
3.141109727999984898e+03,1.162584014430988463e-08,3.181667594891272855e-04,8.971847804564565820e-03
3.142286173590996441e+03,4.774162786038755507e-09,8.712432039907878369e-05,6.800266550431601463e-03
3.143462619182007529e+03,6.580558644644259741e-09,3.001828730516116028e-04,6.230013207578975233e-03
3.144639064773018617e+03,7.049399252386594578e-09,3.259928453833034457e-04,5.561660202718597505e-03
3.145815510364030160e+03,1.082258351558950403e-08,2.196212314443564135e-04,1.110430447022418658e-02
3.146991955955041249e+03,1.621273169646074214e-08,1.726833702943040899e-04,1.856806750278690993e-02
3.148168401546052337e+03,1.229090184777529773e-08,2.004512653347549362e-04,2.230954622539027890e-02
3.149344847137063880e+03,4.885019541767754627e-09,2.029242001322770401e-04,1.900843824497837689e-02
3.150521292728074968e+03,1.691684147610610315e-08,2.073205248429463255e-04,1.640159447595333775e-02
3.151697738319086056e+03,2.268447238211067892e-08,2.185184501345047137e-04,1.596908034264777829e-02
3.152874183910097599e+03,1.550640698070848123e-08,1.191439529914006449e-04,9.021103659708719011e-03
3.154050629501108688e+03,1.206611358469731265e-08,3.587873994110311101e-05,1.139774324150861530e-02
3.155227075092119776e+03,1.643542184592536214e-08,1.598273691682372663e-04,7.821777785880011484e-04
3.156403520683130864e+03,9.947603124155455647e-09,3.071209539750763165e-04,1.002130810434809748e-02
3.157579966274142407e+03,8.617865365656271522e-09,2.446353232634419393e-04,6.767350238290941768e-03
3.158756411865153495e+03,1.210532585886885220e-08,9.506505750989183981e-05,5.427177813247393949e-03
3.159932857456164584e+03,1.020902974851732608e-08,3.944804254412131469e-05,6.647941145365937263e-03
3.161109303047176127e+03,1.196096951027918048e-08,8.353927922452701875e-05,1.791393530995517153e-02
3.162285748638187215e+03,1.926918777020299789e-08,4.054848981549449036e-04,1.751737347301622269e-02
3.163462194229198303e+03,7.178136350169712091e-09,3.611314687936305920e-04,8.261640543061919001e-03
3.164638639820209846e+03,8.701537728252084793e-09,1.476456400903550822e-04,7.881910551468395906e-03
3.165815085411220934e+03,4.577026585579406777e-09,3.575913402303360230e-04,7.703386003950467992e-03
3.166991531002232023e+03,3.328550232136872509e-08,7.345120107383447741e-04,1.593516977785481778e-02
3.168167976593243566e+03,4.982891598063252092e-08,1.130124907339983024e-03,1.993722257471742046e-02
3.169344422184254654e+03,3.804253016392201239e-08,1.168993702521423312e-03,1.616549368018083827e-02
3.170520867775265742e+03,3.501916579839540264e-08,1.068064801876633966e-03,1.477440903460083832e-02
3.171697313366276830e+03,4.172275096649418818e-08,9.915724436089746671e-04,1.374017932496978713e-02
3.172873758957288373e+03,3.610681743866331355e-08,8.906944445027467107e-04,1.099619794917155134e-02
3.174050204548299462e+03,1.813467299312816555e-08,5.976641189879151449e-04,1.363479199100938420e-02
3.175226650139310550e+03,8.424963078608607247e-09,3.471577476250034197e-04,1.128080667846081270e-02
3.176403095730322093e+03,1.140039341031579011e-08,3.532324708993385474e-04,7.291009275662749776e-03
3.177579541321333181e+03,1.151715412077691681e-08,3.187554774326841465e-04,7.699326980456864394e-03
3.178755986912344270e+03,7.308354136090308225e-09,9.103055073271476376e-05,6.113403509746066430e-03
3.179932432503355813e+03,7.748322728584345667e-09,7.761741111296638200e-05,5.701836101000151875e-03
3.181108878094366901e+03,1.518769581047665511e-08,7.367018308760188720e-05,7.286496497464573820e-03
3.182285323685377989e+03,1.427329262174469610e-08,3.984948663879231520e-04,3.942413465792822362e-03
3.183461769276389532e+03,8.681532124250466583e-09,3.780307573621757519e-04,8.164600763775264544e-03
3.184638214867400620e+03,2.214440064941709488e-08,2.586029553030273591e-04,1.148796775055203889e-02
3.185814660458411709e+03,1.708852590215379743e-08,4.562325828484971595e-04,1.956728819845104592e-02
3.186991106049423252e+03,3.720443545052131403e-09,3.295307373940796329e-04,2.041371150624092523e-02
3.188167551640434340e+03,7.800334578800414217e-09,9.662911540060255245e-05,1.480905744440848791e-02
3.189343997231445428e+03,1.282294636839376913e-08,1.417263377837022452e-04,3.838461807547770017e-03
3.190520442822456971e+03,1.448246633237560101e-08,8.539125857475950057e-05,1.576757025966259163e-02
3.191696888413468059e+03,1.196580719937446699e-08,3.673190678344721003e-05,8.276590455946935057e-03
3.192873334004479148e+03,9.121872472241644672e-09,1.489785139493220070e-04,5.619200413342720704e-03
3.194049779595490236e+03,7.273249984859038207e-09,1.716659410603293978e-04,9.381104575925728467e-03
3.195226225186501779e+03,7.729032462559530426e-09,2.530055021532793134e-05,7.403051730716199257e-03
3.196402670777512867e+03,5.262230734057641519e-09,9.973220005826666495e-05,4.036465528639478911e-03
3.197579116368523955e+03,1.311955250877320560e-08,1.275773865524448944e-04,7.822348434901644013e-03
3.198755561959535498e+03,7.125714201807813454e-09,4.016420417191152105e-04,7.839573157899213524e-03
3.199932007550546587e+03,1.248017401856500092e-08,3.745736251726128493e-04,1.045907611379285826e-02
3.201108453141557675e+03,2.091722330409217632e-08,1.151707750983374387e-04,6.983207952507812163e-03
3.202284898732569218e+03,9.151435108182806535e-09,2.302320919494125215e-04,1.682899415771571972e-03
3.203461344323580306e+03,1.388478800255902567e-08,3.387396209822796057e-04,8.429963030705525315e-03
3.204637789914591394e+03,2.096651431924135008e-08,3.782328841411647879e-04,1.738527664409303397e-02
3.205814235505602937e+03,2.618333991997374935e-08,4.411686890673943186e-04,1.574920510230363654e-02
3.206990681096614026e+03,2.070818553442694983e-08,4.596392290771931632e-04,1.126465189721923520e-02
3.208167126687625114e+03,1.307028529527702918e-08,5.170314576155228851e-04,7.772855724891967154e-03
3.209343572278636202e+03,2.749313116289946280e-08,5.844217218698363747e-04,3.248109399494644722e-03
3.210520017869647745e+03,3.691889087474896966e-08,8.421391174608231812e-04,9.243913600666422287e-03
3.211696463460658833e+03,2.765949843128130040e-08,9.070103163875425532e-04,8.933294609017079432e-03
3.212872909051669922e+03,1.731871981234116527e-08,4.861375424989461402e-04,6.704538688643458134e-04
3.214049354642681465e+03,1.910221596088822450e-08,3.276137882598857318e-04,6.449619974503647234e-03
3.215225800233692553e+03,2.424467060496569816e-08,5.210995971077719922e-04,3.023042537375375191e-03
3.216402245824703641e+03,4.434925715027835192e-09,3.701602976107314894e-04,4.252133511382283695e-03
3.217578691415715184e+03,3.362922658536373043e-09,2.923810521784547312e-04,8.368940643315780914e-03
3.218755137006726272e+03,1.082924417209788667e-08,1.490052112002593896e-04,5.332584428926724456e-03
3.219931582597737361e+03,8.223241370033725736e-09,1.368684519209665553e-04,4.932489789764281721e-03
3.221108028188748904e+03,1.510437564802464531e-08,2.440631984616224183e-04,1.251725977476476209e-02
3.222284473779759992e+03,4.744522934050969082e-09,2.586829698410287085e-04,1.819669251434271467e-02
3.223460919370771080e+03,1.373144218637356361e-08,1.079791703688926359e-04,1.306092987652136654e-02
3.224637364961782623e+03,7.651181714895286306e-09,3.352643512226516505e-04,6.011102003214916119e-03
3.225813810552793711e+03,9.458876490677162507e-09,2.560736958549627890e-04,1.351367806407544926e-02
3.226990256143804800e+03,1.146856284947394169e-08,1.175893603913433027e-04,1.922561857611775754e-02
3.228166701734816343e+03,1.109874236839942876e-08,4.953918581944314676e-05,1.615222057889911106e-02
3.229343147325827431e+03,5.593191409314623448e-09,8.396149511027588893e-05,9.205477430199386635e-03
3.230519592916838519e+03,2.903685609095558667e-09,7.021103218786873981e-05,4.577244097115421018e-03
3.231696038507849607e+03,7.080727878742023184e-09,1.022730353348097460e-04,8.388397749247643656e-03
3.232872484098861150e+03,5.044101238768926664e-09,1.442596273927462781e-04,1.275940892271081040e-02
3.234048929689872239e+03,7.267123624272731993e-09,3.809776473025444052e-05,7.989226953431795633e-03
3.235225375280883327e+03,4.486893713194337212e-09,1.972415743741693923e-04,6.002060532562515822e-03
3.236401820871894870e+03,1.427987478973494927e-08,1.697214980073846898e-04,5.283310356873494561e-03
3.237578266462905958e+03,1.263225264272220245e-08,2.873552667979579014e-04,6.235055246805128182e-03
3.238754712053917046e+03,7.135718162540780705e-09,5.008531941918985476e-05,6.236636477018774570e-03
3.239931157644928589e+03,1.170272484542325743e-08,3.478635039120497961e-04,3.954357797035630562e-03
3.241107603235939678e+03,9.276007006066084746e-09,3.747553967995764313e-04,3.029896835553725406e-03
3.242284048826950766e+03,1.628714144214707660e-08,3.256282875020561859e-04,7.681774932023645482e-03
3.243460494417962309e+03,2.194102805178388206e-08,3.909577044765303786e-04,8.217714877721252545e-03
3.244636940008973397e+03,1.590054955163083530e-08,4.981710214281588871e-04,6.362977869014824206e-03
3.245813385599984485e+03,1.767457852383178888e-08,6.867177515249631289e-04,6.607476171357438803e-03
3.246989831190995574e+03,3.783387621213910387e-08,7.511371628757544704e-04,1.266789700609278688e-02
3.248166276782007117e+03,3.460967642838245904e-08,5.668283882246347464e-04,1.136480363973712063e-02
3.249342722373018205e+03,2.422821815094099688e-08,5.256354953284451351e-04,7.434642347736034398e-03
3.250519167964029293e+03,7.243013234632218367e-09,6.619341905220480979e-04,1.379283929908971251e-02
3.251695613555040836e+03,2.210922086218334611e-08,5.359422065551596673e-04,1.564715300001659828e-02
3.252872059146051924e+03,2.291364792028532852e-08,3.919552284798302538e-04,1.055624291612048543e-02
3.254048504737063013e+03,2.630543317258095000e-08,4.909813632589165797e-04,8.993225941126534867e-03
3.255224950328074556e+03,1.997286786163647375e-08,4.388676783076873736e-04,1.154627846655294048e-02
3.256401395919085644e+03,8.374768521980150492e-09,2.721496397623912968e-04,1.390300964934567188e-02
3.257577841510096732e+03,3.881052867609823692e-09,1.863338028688144878e-04,1.269642151351347940e-02
3.258754287101108275e+03,6.560967527039056433e-09,2.223687231018928396e-04,7.880052817766958553e-03
3.259930732692119363e+03,8.507080202407610517e-09,2.374713788893060011e-04,4.930016259727352211e-03
3.261107178283130452e+03,7.351486081492057353e-09,2.009134481806318677e-04,5.069805902137390109e-03
3.262283623874141995e+03,6.887935637753831282e-09,1.805913940773565686e-04,3.508779487501976352e-03
3.263460069465153083e+03,3.241912303947673498e-09,1.502278046123182976e-04,4.705111688658323611e-03
3.264636515056164171e+03,5.751838469826570491e-10,5.776208886077285941e-05,7.373404617183452851e-03
3.265812960647175714e+03,7.131700618276459968e-09,2.295422038806837442e-04,7.527259318797567891e-03
3.266989406238186803e+03,1.070069905976841592e-08,2.771136442141458969e-04,8.534647932573162163e-03
3.268165851829197891e+03,9.161464618633845690e-09,2.557729155385131967e-04,8.281237008904467761e-03
3.269342297420208979e+03,8.970040021082352039e-09,1.687010569204799360e-04,7.382836864622071248e-03
3.270518743011220522e+03,6.417739887027558661e-09,9.911119033389333372e-05,7.364645368755576814e-03
3.271695188602231610e+03,9.931563366462237336e-09,1.100892122608559281e-04,4.036553376840433874e-03
3.272871634193242699e+03,1.835052866799914190e-08,4.930314624657825776e-04,5.264557270358154704e-03
3.274048079784254242e+03,1.278302497611195771e-08,4.201617121048760472e-04,4.583767976534446065e-03
3.275224525375265330e+03,6.529376540629496379e-09,2.063863124541563242e-04,9.630292412946475991e-03
3.276400970966276418e+03,1.790346723775769711e-09,1.912489823107608458e-04,9.053853414489733062e-03
3.277577416557287961e+03,1.402418823187546693e-08,1.721130256764832076e-04,2.648750700480442810e-03
3.278753862148299049e+03,1.895796141309835970e-08,2.343799720400890180e-04,1.276082561022218870e-02
3.279930307739310138e+03,1.645774355937929609e-08,2.784651558595090939e-04,1.529493266649910657e-02
3.281106753330321681e+03,1.445356760959605882e-08,3.869703596864262495e-04,1.072261649249469685e-02
3.282283198921332769e+03,7.831417117101103588e-09,5.072699545248870534e-04,1.145423135014097052e-02
3.283459644512343857e+03,1.046946410055384872e-08,3.354425422662030555e-04,8.230506609127833523e-03
3.284636090103354945e+03,1.144968974831042023e-08,2.705058338334041107e-04,6.585158435753695090e-03
3.285812535694366488e+03,1.959529998907813957e-08,4.125392119994773961e-04,9.533804282399865535e-03
3.286988981285377577e+03,1.361887072926579023e-08,2.946456940044438742e-04,6.242814257620656754e-03
3.288165426876388665e+03,1.163959790261633377e-08,2.971629367614165500e-04,8.593153460088187243e-03
3.289341872467400208e+03,1.211990317615210261e-08,3.863261010398713895e-04,9.169081015994546766e-03
3.290518318058411296e+03,1.802021577678603756e-08,5.152429455823745105e-04,7.962839380724499871e-03
3.291694763649422384e+03,1.277453703236262576e-08,2.807740040162015074e-04,7.531807952970764539e-03
3.292871209240433927e+03,1.580406785328866801e-08,3.405972809416239061e-04,1.156680444176049968e-02
3.294047654831445016e+03,7.285325637102876960e-09,2.248787505473746006e-04,6.400709241840902425e-03
3.295224100422456104e+03,3.325484589890285610e-09,8.370584171687783705e-05,1.162631899481908308e-02
3.296400546013467647e+03,3.625654987908017098e-09,1.343101543573415582e-04,1.372060333895362694e-02
3.297576991604478735e+03,1.139227369100048001e-08,2.813652969764009366e-04,6.888171477049467861e-03
3.298753437195489823e+03,1.377302861139593942e-08,4.417491528579539032e-04,7.546982073948610946e-03
3.299929882786501366e+03,1.708494558973275596e-08,3.915162428604115332e-04,3.301465541886596747e-03
3.301106328377512455e+03,1.151677893360258498e-08,1.985005472018542768e-04,1.452982291136060630e-02
3.302282773968523543e+03,1.440478389226584925e-08,3.556471203364289235e-04,1.863511714361486271e-02
3.303459219559535086e+03,2.148048999831200905e-09,2.175133873424977464e-04,1.560721513286777475e-02
3.304635665150546174e+03,7.161485143798776206e-09,1.214233588539989043e-04,1.021393709472083640e-02
3.305812110741557262e+03,6.576659917210411521e-09,2.536556745542073964e-04,1.025009368315030721e-02
3.306988556332568351e+03,3.901068532202422478e-09,1.204261259938080536e-04,7.870840460200053887e-03
3.308165001923579894e+03,7.341960762808958352e-09,3.138746511852346516e-04,1.113406741190749866e-02
3.309341447514590982e+03,1.278443415632414522e-09,1.888875880722747373e-04,6.520697478792377919e-03
3.310517893105602070e+03,4.635458992163871277e-09,1.151541248789169833e-04,6.597749615744903824e-03
3.311694338696613613e+03,5.343107194051652093e-09,7.472284133163727268e-05,5.772898792764285907e-03
3.312870784287624701e+03,4.445057995627126790e-09,1.131391669107353979e-04,7.007621676766430559e-03
3.314047229878635790e+03,8.686511033889032105e-09,6.344052866336025631e-05,7.002330591975629293e-03
3.315223675469647333e+03,2.630276586674770797e-09,1.997974134480541791e-04,5.435145725600255828e-03
3.316400121060658421e+03,9.820196714813141564e-09,1.955834553212924842e-04,1.544550171144828780e-02
3.317576566651669509e+03,5.624259407704272120e-09,1.902405253500941509e-04,1.905094302531814415e-02
3.318753012242681052e+03,9.023124430366231163e-09,2.267201767715294595e-04,1.201952319992174306e-02
3.319929457833692140e+03,9.502727758217386770e-09,3.616158471059332776e-04,4.665218719858753825e-03
3.321105903424703229e+03,2.290400890903835342e-08,4.526423716171689023e-04,4.845070184452335282e-03
3.322282349015714317e+03,1.244101113248428818e-08,2.590967730171426478e-04,6.002549498976841869e-03
3.323458794606725860e+03,2.446046654206947965e-09,2.288936004572373771e-04,8.929567400398382218e-03
3.324635240197736948e+03,1.963668222461950927e-08,3.772316128761725082e-04,1.302766937047483871e-02
3.325811685788748036e+03,6.273287060020202738e-09,1.801015936719997190e-04,9.000567049526510613e-03
3.326988131379759579e+03,1.529907412928210668e-08,1.771132012447521552e-04,9.338544843190530256e-03
3.328164576970770668e+03,6.363542496235679393e-09,1.599152860033779388e-04,1.132243891607866496e-02
3.329341022561781756e+03,1.571544907744508226e-08,1.344285671692035239e-04,9.015751628442184376e-03
3.330517468152793299e+03,1.701735046430386803e-08,1.126263728438537342e-04,3.416845045245968816e-03
3.331693913743804387e+03,2.544678362529149060e-08,2.937910909854320857e-04,8.140204941482768325e-03
3.332870359334815475e+03,2.230322315854835784e-08,2.204510608100516088e-04,1.238381831860246515e-02
3.334046804925827018e+03,2.340429626960872171e-08,3.587033418873714248e-04,1.242215102433118397e-02
3.335223250516838107e+03,3.712301448268246246e-09,5.278141928448246752e-04,4.810603840968600414e-03
3.336399696107849195e+03,2.192347377890562978e-08,4.835442756311433745e-04,2.029772067690279163e-03
3.337576141698860738e+03,2.363901259433488631e-08,2.598997387721547385e-04,1.120064977425705433e-02
3.338752587289871826e+03,1.710052271151383842e-08,1.895965812959592763e-04,2.462234579382349686e-02
3.339929032880882914e+03,1.908761944199941702e-08,3.108008634082880272e-04,1.886679308436807478e-02
3.341105478471894457e+03,1.499734076823047885e-08,3.057876339344588190e-04,8.022013901695553006e-03
3.342281924062905546e+03,6.451078610110528112e-09,2.400874780560090791e-04,1.048408080228741684e-02
3.343458369653916634e+03,1.957846225280811535e-09,7.457280632583245493e-05,6.470801659181776855e-03
3.344634815244927722e+03,3.985233489404990720e-09,2.514134626929362924e-04,3.616913750053114482e-03
3.345811260835939265e+03,1.643560233662569440e-08,1.954958467131684213e-04,6.041727603297814692e-03
3.346987706426950353e+03,6.706448886253011572e-09,2.313562234475764127e-04,8.347375686216379487e-03
3.348164152017961442e+03,1.336871073437864623e-08,2.090015158870254543e-04,8.108583199805700567e-03
3.349340597608972985e+03,1.561069533641712983e-08,1.724505191708430526e-04,7.496966712375598488e-03
3.350517043199984073e+03,1.352483518786872374e-08,7.902314330543913547e-05,5.287060431807459257e-03
3.351693488790995161e+03,1.128774906516506296e-08,1.134250495145410869e-04,3.523122619792241027e-03
3.352869934382006704e+03,1.275596585273311731e-08,2.238056337792905667e-04,3.824772680467777332e-03
3.354046379973017793e+03,4.672282511240895961e-09,3.054309394488082777e-04,1.172237905673993198e-02
3.355222825564028881e+03,1.936523021626884828e-08,3.133275602311380277e-04,1.639388998994288638e-02
3.356399271155040424e+03,9.431625566758982225e-09,2.844503380963830323e-04,1.312261142790315319e-02
3.357575716746051512e+03,8.457140453514270376e-09,2.205863072936423467e-04,4.056171274900251776e-03
3.358752162337062600e+03,7.199463441210373163e-09,2.150302701344040555e-04,9.589678805769250719e-03
3.359928607928073689e+03,1.314961230984909806e-08,4.158218180805889233e-04,1.383363347696163481e-02
3.361105053519085232e+03,6.699161947849638590e-09,3.052081949880940939e-04,1.221923741416301723e-02
3.362281499110096320e+03,1.141350461426192526e-08,3.436538742668695769e-05,1.225793075668321110e-02
3.363457944701107408e+03,1.690629727407226833e-08,1.958367229840576721e-04,6.780975019646099701e-03
3.364634390292118951e+03,1.832392229017346412e-08,3.775617098666864818e-04,6.498117978733878100e-03
3.365810835883130039e+03,1.850609765316665180e-09,2.758305689669603177e-04,4.201092254626213364e-03
3.366987281474141128e+03,1.054879265727070080e-08,1.703168158506924784e-04,4.709336193028399419e-03
3.368163727065152671e+03,1.552096039773973338e-08,2.101995689757520363e-04,6.113517838293283484e-03
3.369340172656163759e+03,9.950015001991034895e-09,4.796812825605237024e-05,7.554594005168144104e-03
3.370516618247174847e+03,1.927544984125296953e-08,1.768143864606097886e-04,7.863936442928506562e-03
3.371693063838186390e+03,2.232804545011298154e-08,2.090663759632546627e-04,6.844506321609002651e-03
3.372869509429197478e+03,2.152005428475617229e-08,3.123347181640711754e-04,5.397575078876887603e-03
3.374045955020208567e+03,1.057604328712229219e-08,2.881008705219412712e-04,4.871772529227735328e-03
3.375222400611220110e+03,4.188596172811954470e-09,2.825864364062445643e-04,8.464266152869010656e-03
3.376398846202231198e+03,1.377692311685634296e-08,3.105102753818785488e-04,1.399851992276300756e-02
3.377575291793242286e+03,1.802447115321808357e-08,1.878874300450916854e-04,2.269765644875810368e-02
3.378751737384253829e+03,1.835476745051977786e-08,1.371391246204321269e-04,2.205819468355456336e-02
3.379928182975264917e+03,2.340508107602258955e-08,2.564032929915389535e-04,8.643184645939515354e-03
3.381104628566276006e+03,1.933437388762061151e-08,3.074002564705455298e-04,3.795505288904649135e-03
3.382281074157287094e+03,9.532821155044618996e-09,1.752142018935588981e-04,6.455068951609270120e-03
3.383457519748298637e+03,9.361661480579272607e-09,9.294770852802511276e-05,1.320056560246551242e-02
3.384633965339309725e+03,1.282247320325862763e-08,1.059966182255489396e-04,1.477397725798285620e-02
3.385810410930320813e+03,1.650586714167448226e-08,9.661045357312233724e-05,1.092717674924754793e-02
3.386986856521332356e+03,1.339378924652709594e-08,1.033663181332830357e-04,9.462691770315690212e-03
3.388163302112343445e+03,9.111978349658514711e-09,2.145064932943981366e-04,1.035210254632111353e-02
3.389339747703354533e+03,2.188022320272584771e-08,4.208695510664097741e-04,1.153386016542639995e-02
3.390516193294366076e+03,1.769868721019452930e-08,5.508250707611176810e-04,6.470346655867680562e-03
3.391692638885377164e+03,1.147237762442322527e-08,5.217366871643654147e-04,1.089250656744672821e-02
3.392869084476388252e+03,1.663835566493207404e-08,2.769015119544391526e-04,9.281254437608743579e-03
3.394045530067399795e+03,2.616311629766422453e-09,1.838480660939167629e-04,2.781027933033745903e-03
3.395221975658410884e+03,2.236656982334676206e-08,5.207883208569616612e-04,9.701594603825712537e-03
3.396398421249421972e+03,2.386349384147767339e-08,5.326235826145032720e-04,1.062744704064952708e-02
3.397574866840433060e+03,7.155822701657503105e-09,4.316569812027877908e-04,9.616031875430482156e-03
3.398751312431444603e+03,1.798294002165456640e-08,4.589639303233351364e-04,1.368352528843385860e-02
3.399927758022455691e+03,1.533389615704923915e-08,2.939144491070943329e-04,1.157811670461558751e-02
3.401104203613466780e+03,6.794672817251196332e-09,1.008267307577569860e-04,8.526587997040070699e-03
3.402280649204478323e+03,9.586510274565411612e-09,2.005227319685934189e-04,4.054540772066746179e-03
3.403457094795489411e+03,1.816138505717292393e-08,2.830370263211941196e-04,7.061175485887658497e-03
3.404633540386500499e+03,1.605899991685754057e-08,2.166458164393540134e-04,9.825321919883932623e-03
3.405809985977512042e+03,1.216804175589216243e-08,4.140987353330228301e-04,1.484197438264104642e-02
3.406986431568523130e+03,1.434586605553392039e-08,6.298630195850948681e-04,1.736999806017365880e-02
3.408162877159534219e+03,2.265713225502080662e-08,5.529047772270917179e-04,1.731375030278895291e-02
3.409339322750545762e+03,1.521215748183094450e-08,3.618129631855321305e-04,7.134271768061815726e-03
3.410515768341556850e+03,5.744346464283299481e-09,2.395792190507000958e-04,1.037524371814618068e-02
3.411692213932567938e+03,6.738723282439282629e-09,1.281688370487192477e-04,1.598952694214313131e-02
3.412868659523579481e+03,6.090748696989387531e-09,9.663407488504537274e-05,1.948883390703786203e-02
3.414045105114590569e+03,1.623904655324848407e-09,1.277660799413949169e-04,2.470331306540523436e-02
3.415221550705601658e+03,1.050884325109297988e-09,1.757050605130114167e-04,2.106675269562048244e-02
3.416397996296613201e+03,1.015108205371842986e-08,1.676123337098180057e-04,1.368935288546581711e-02
3.417574441887624289e+03,1.367287159282893123e-08,2.764093114130505819e-05,8.875203100357454897e-03
3.418750887478635377e+03,1.394959856160409934e-08,4.393902566395942259e-05,5.263922356773914971e-03
3.419927333069646465e+03,9.707369006363516006e-09,2.373237951362189432e-04,8.050485207777404242e-03
3.421103778660658008e+03,1.739933832040194275e-08,1.855748672728147440e-04,5.936814867786647555e-03
3.422280224251669097e+03,1.220810438442731189e-08,7.170256327740148674e-05,7.635618804455276097e-03
3.423456669842680185e+03,2.074791185072229652e-09,1.872850900058161750e-04,6.118844708628353064e-03
3.424633115433691728e+03,1.057210038542529851e-08,3.082851692797566553e-04,1.683487366300514751e-02
3.425809561024702816e+03,1.213000392395771613e-08,3.144252451385655465e-04,1.094672334452336665e-02
3.426986006615713904e+03,1.280493397299582531e-08,4.240659030441474892e-04,1.438861117226563485e-02
3.428162452206725447e+03,4.753321501998400886e-09,2.470299021800546847e-04,1.084170529198351905e-02
3.429338897797736536e+03,6.064461756895444281e-09,1.112317151599885405e-04,7.454108391989998708e-03
3.430515343388747624e+03,1.326732721171641684e-08,4.265174735269006969e-04,1.347126513776191262e-02
3.431691788979759167e+03,1.139693381498458010e-08,5.089524634993107793e-04,9.346000805895817234e-03
3.432868234570770255e+03,1.902178964433073551e-08,4.222380862583658659e-04,8.670638111987727728e-03
3.434044680161781343e+03,1.161236080626207576e-08,5.293221178752879116e-04,1.254331741902702836e-02
3.435221125752792432e+03,1.434998266805233812e-08,3.186680910693631837e-04,1.123843197219999424e-02
3.436397571343803975e+03,2.800554964237327380e-09,2.548511064573518890e-04,4.297340087607069356e-03
3.437574016934815063e+03,1.312403831875284745e-08,1.976549457072063274e-04,4.493204262295905256e-03
3.438750462525826151e+03,2.138475897546169310e-09,2.076493068565105418e-04,2.978480711816059150e-03
3.439926908116837694e+03,9.360433298559916526e-09,1.106118124653633942e-04,8.364267766878069610e-03
3.441103353707848783e+03,2.660261822687594921e-09,2.960721944510154503e-05,8.029121171798273698e-03
3.442279799298859871e+03,3.073781937915002826e-09,1.124507704861874610e-04,4.306656900060376776e-03
3.443456244889871414e+03,9.835798063434823170e-09,2.966508157695090463e-04,3.231493961221091216e-03
3.444632690480882502e+03,7.832716133869103963e-09,2.168678546240237126e-04,5.020007595291681342e-03
3.445809136071893590e+03,7.248568393006252264e-09,1.119850148703467813e-04,4.022145909783148530e-03
3.446985581662905133e+03,9.551285435744946494e-09,1.079447302789839812e-04,9.538812437980969880e-03
3.448162027253916222e+03,8.590578695898019948e-09,9.090054345031361365e-05,9.479209723349054859e-03
3.449338472844927310e+03,1.401749720435238985e-08,9.558283056423339083e-05,1.424679388934703243e-02
3.450514918435938853e+03,9.338565267046167154e-09,3.514692956999869222e-05,2.758802224685177884e-02
3.451691364026949941e+03,1.346039120561145767e-08,2.004631671963883616e-04,3.022118709011094653e-02
3.452867809617961029e+03,1.081334068342077930e-08,9.168762627240579306e-05,2.277900331335671810e-02
3.454044255208972572e+03,1.149887792678479816e-08,1.043478078984798411e-04,1.806260654525635584e-02
3.455220700799983661e+03,1.183622473837435923e-08,1.035868330929685737e-04,1.688653817567157753e-02
3.456397146390994749e+03,1.294430108106058980e-08,1.885520797775328938e-04,8.352894538084376999e-03
3.457573591982005837e+03,6.699724429730782268e-09,1.001870909522040826e-04,7.889423399790129396e-03
3.458750037573017380e+03,9.588891504567842742e-09,1.696774866021603890e-04,1.307699943304538662e-02
3.459926483164028468e+03,5.559963504639398573e-09,1.704779970477780945e-04,9.052343264510985185e-03
3.461102928755039557e+03,1.899613611214836709e-09,1.072543754402699510e-04,4.378503483470857702e-03
3.462279374346051100e+03,3.319835666403439717e-09,7.861171733505312989e-05,7.696699141358605799e-03
3.463455819937062188e+03,1.739796226555271156e-09,9.022438750977633786e-05,6.961788191932417663e-04
3.464632265528073276e+03,9.884011552039387900e-09,1.628058249603128412e-04,5.587586174954350775e-03
3.465808711119084819e+03,1.104086697791238839e-08,2.920674069028060668e-04,6.677449655248507594e-03
3.466985156710095907e+03,3.478809019024840170e-09,3.523489311865192724e-04,7.968235705799145419e-03
3.468161602301106996e+03,1.100337140949323782e-08,1.057969949519882175e-04,2.596366879543266469e-03
3.469338047892118539e+03,1.592280982325783261e-08,6.507674705722419923e-04,1.497608616476497206e-02
3.470514493483129627e+03,3.630086710090828825e-08,7.090087862807961270e-04,1.194432786196504559e-02
3.471690939074140715e+03,3.434212031671343677e-09,4.971882229050422677e-04,1.223723405229331339e-02
3.472867384665151803e+03,2.196135240866166007e-08,4.543054219066063396e-04,6.573120893311338100e-03
3.474043830256163346e+03,7.582330317887920445e-09,4.145516791717825437e-04,1.073298433190379535e-02
3.475220275847174435e+03,1.378702687924353367e-08,3.672750247096444017e-04,1.341411560942175514e-02
3.476396721438185523e+03,1.668153322856491908e-08,4.275809835971960916e-04,1.353695672393115564e-02
3.477573167029197066e+03,2.412436599298966651e-09,2.803779801247006953e-04,8.918239513564848314e-03
3.478749612620208154e+03,9.390944885158320285e-09,9.828798467340782311e-05,8.878673675093887163e-03
3.479926058211219242e+03,7.974689834673990835e-09,3.028305545171611646e-04,1.448650387339598181e-02
3.481102503802230785e+03,1.608940424181354567e-08,2.367092866379639474e-04,1.368816215187482546e-02
3.482278949393241874e+03,9.542048625208927338e-09,1.405840322495057945e-04,1.082360886365911316e-02
3.483455394984252962e+03,1.799420144573194347e-09,5.692897255729513614e-05,4.914142184568108009e-03
3.484631840575264505e+03,5.825264533280608566e-09,9.971923516428088277e-05,4.702983223075099181e-03
3.485808286166275593e+03,4.728440283077497620e-09,2.080960975085496096e-04,8.068647740059163229e-03
3.486984731757286681e+03,9.895925703745774125e-09,1.259704866826490035e-04,2.692974770295568712e-02
3.488161177348298224e+03,9.087064160791888302e-09,1.499772274074639847e-04,3.399461383550327759e-02
3.489337622939309313e+03,1.272889105000993465e-08,1.798149966816477597e-04,2.442171996761541980e-02
3.490514068530320401e+03,9.319897962872652327e-09,1.371768173476191138e-04,1.861076144444724634e-02
3.491690514121331944e+03,3.795334882875756873e-09,9.168684904833663152e-05,1.050705279386866461e-02
3.492866959712343032e+03,5.418329015315294469e-09,1.968497852576726870e-04,4.776017333779318877e-03
3.494043405303354120e+03,8.699583618131095685e-09,2.846166949749194780e-04,3.489410478629984252e-03
3.495219850894365209e+03,6.546894060097483042e-09,2.099559194019445015e-04,6.984605744028729753e-03
3.496396296485376752e+03,1.085362500210273979e-08,3.578624959250514283e-04,1.429601380814687732e-02
3.497572742076387840e+03,1.369662787600281611e-08,3.999741063267958272e-04,1.572557858431950992e-02
3.498749187667398928e+03,9.725599324026359399e-09,2.167816779496844657e-04,6.240564408624569605e-03
3.499925633258410471e+03,8.997956409379190766e-09,1.217068051918296644e-04,4.344497911588150567e-03
3.501102078849421559e+03,1.954157728434751916e-08,4.239648137387157689e-04,4.094882268475391433e-03
3.502278524440432648e+03,2.175440746044330988e-08,6.496633224835991543e-04,7.009790142823672278e-03
3.503454970031444191e+03,5.516610876214660455e-09,5.249132683552770262e-04,7.101995802929334835e-03
3.504631415622455279e+03,1.639820141006961073e-08,1.745070630059485637e-04,1.353490158146070446e-02
3.505807861213466367e+03,1.963863205645722816e-09,4.406430051964544347e-04,1.617740955399549554e-02
3.506984306804477910e+03,2.336293020225403714e-08,4.257279708904251696e-04,3.557861507634343251e-03
3.508160752395488998e+03,8.252777416271673016e-09,5.904321534935618289e-04,1.426193556611025405e-02
3.509337197986500087e+03,5.163679877820691741e-09,2.635501712870226879e-04,1.641220489609621774e-02
3.510513643577511175e+03,2.424462339983540638e-08,6.397452081945564787e-04,1.512472284212107096e-02
3.511690089168522718e+03,1.408891131012081567e-08,1.631292701935225880e-04,3.644710798417727122e-03
3.512866534759533806e+03,1.309193765422071374e-08,8.921273379448770979e-05,1.510329560412665200e-03
3.514042980350544894e+03,6.582987244272813387e-09,1.458614268547226073e-04,8.941045318408565035e-03
3.515219425941556437e+03,1.302708542683616821e-08,2.366897639298578182e-04,1.033244962214370684e-02
3.516395871532567526e+03,8.371201753631413819e-09,1.298188672996367001e-04,5.240281336008346426e-03
3.517572317123578614e+03,1.056408816156188919e-08,2.631577372131274867e-04,3.115147223357768880e-03
3.518748762714590157e+03,1.089235120343922539e-08,1.578617796548076996e-04,4.448124015054900383e-03
3.519925208305601245e+03,8.116912928006386226e-09,3.710019397170217207e-05,5.931659970899483790e-03
3.521101653896612333e+03,6.238690164707520415e-09,3.026792501940363803e-05,5.377227506935594245e-03
3.522278099487623876e+03,3.863570678192672252e-09,7.736821371269358744e-05,2.391506677289643047e-03
3.523454545078634965e+03,6.963464647218778170e-09,8.919911747015676841e-05,1.302233298392722373e-02
3.524630990669646053e+03,1.249172529242622553e-08,1.177257170089066767e-04,2.340863852719995281e-02
3.525807436260657596e+03,1.258006552488968284e-08,1.270766230618209421e-04,1.954625664935699669e-02
3.526983881851668684e+03,2.019931178670462796e-08,1.653958510994855502e-04,1.601279983076717497e-02
3.528160327442679773e+03,1.009287922849811513e-08,1.116465862565773091e-04,1.454904173239804713e-02
3.529336773033691316e+03,1.155454811352172108e-08,9.891682710641546154e-05,1.799899711105477224e-02
3.530513218624702404e+03,3.427256535270976907e-09,6.157213941111746940e-05,1.247424232434421291e-02
3.531689664215713492e+03,1.603728134907095900e-09,1.168961222389195212e-04,6.932205644315536999e-03
3.532866109806724580e+03,9.125604335371473557e-09,2.392283244638594741e-04,5.846461429414405789e-03
3.534042555397736123e+03,5.651262984604628496e-09,1.970648540873204489e-04,8.768934961357482266e-03
3.535219000988747212e+03,1.568800616626894641e-09,1.546859226118248837e-04,7.165636698550109651e-03
3.536395446579758300e+03,4.606584746794615046e-09,2.009108276277131336e-04,6.624333972013414680e-03
3.537571892170769843e+03,1.211950857152787341e-08,2.127177740805265011e-04,8.614897476934207238e-03
3.538748337761780931e+03,1.239398692378407384e-08,3.394868263386424862e-04,1.020303044086279080e-02
3.539924783352792019e+03,6.221748556345026510e-09,4.985667759242475797e-04,4.817622688417827655e-03
3.541101228943803562e+03,1.894467300539547106e-08,5.341010782892905654e-04,6.502652417152719744e-03
3.542277674534814651e+03,1.469932933160811362e-08,1.577423377797463071e-04,6.822431637066616802e-03
3.543454120125825739e+03,2.241346910709995514e-08,4.843438739039047339e-04,1.035652754799329042e-02
3.544630565716837282e+03,1.348814180568187247e-08,7.948206803553915008e-04,1.268146273653824804e-02
3.545807011307848370e+03,1.911834881323526191e-08,2.947016585519083415e-04,9.096438755167189291e-03
3.546983456898859458e+03,2.388925107242411979e-08,3.790372904123737651e-04,7.261656402040263941e-03
3.548159902489870547e+03,7.107763631006504383e-09,1.352486764222455575e-04,9.164284816762097163e-03
3.549336348080882090e+03,1.139986200263992064e-08,1.297877079677401194e-04,4.455943982973186758e-03
3.550512793671893178e+03,2.542440068570539942e-09,1.349451813649515703e-04,6.505073709149342652e-03
3.551689239262904266e+03,4.322644246689738979e-09,5.136053722569690783e-05,3.572710982698807086e-03
3.552865684853915809e+03,3.659545698825640225e-09,2.113501150597407412e-05,6.998923026626168928e-03
3.554042130444926897e+03,2.944096656760243948e-09,1.169789012225948597e-04,1.489285516919137790e-02
3.555218576035937986e+03,1.019929105798595253e-08,1.976992973896728569e-04,1.235411213318269967e-02
3.556395021626949529e+03,1.145612055094174151e-08,1.927319600069640824e-04,7.708273030277382892e-03
3.557571467217960617e+03,7.077859272607753112e-09,1.205236492344832972e-04,6.525381135480085720e-03
3.558747912808971705e+03,4.840432316675372519e-09,8.569890385631516992e-05,9.317845662331731074e-03
3.559924358399983248e+03,1.045228199233682389e-08,3.094494815428678751e-05,2.507317641300595146e-02
3.561100803990994336e+03,1.424216136740475398e-08,9.428549261399649258e-05,2.120760963516109959e-02
3.562277249582005425e+03,9.897282308693186693e-09,1.904279936497586226e-04,1.065342584250793603e-02
3.563453695173016968e+03,7.739607506962791921e-09,4.358441465768609832e-05,4.005584152136367621e-02
3.564630140764028056e+03,1.492149565195799945e-09,1.740232597669930559e-04,2.137551314860700741e-02
3.565806586355039144e+03,7.163017314056869837e-09,8.225091998160266485e-05,1.198341595658644620e-02
3.566983031946050687e+03,1.192864460512597590e-09,1.438498960273967679e-04,7.052482235144143415e-04
3.568159477537061775e+03,9.828732044029701160e-09,2.474393230083039830e-04,7.855671284845430064e-03
3.569335923128072864e+03,1.147343512419647647e-08,1.753029514935323301e-04,7.450657070385567453e-03
3.570512368719083952e+03,1.144797492753522093e-08,1.376082411037786533e-04,6.431248339199450298e-03
3.571688814310095495e+03,1.089664869866113911e-08,1.385269855695098824e-04,1.213016262269787926e-02
3.572865259901106583e+03,8.550907809496121441e-09,1.965635033761700874e-04,8.722514864184778213e-03
3.574041705492117671e+03,8.016646926701406578e-09,2.619406335691872425e-04,6.676843503249235701e-03
3.575218151083129214e+03,2.133420865850941094e-08,3.242219539695505152e-04,4.241425923958733364e-03
3.576394596674140303e+03,1.158834375777243603e-08,1.718272320850050972e-04,1.414708664417916976e-02
3.577571042265151391e+03,3.117478594712100780e-08,5.340585956004264157e-04,2.660597233085500168e-02
3.578747487856162934e+03,2.587612832541085517e-08,8.003022993470610509e-04,2.037056455583363332e-02
3.579923933447174022e+03,2.456695364665813755e-08,1.241353176144478288e-03,3.985962924064202079e-02
3.581100379038185110e+03,8.671310686269969944e-08,3.151058689546950772e-03,1.080062348214549800e-01
3.582276824629196653e+03,1.176208452027749612e-07,3.706347593327255410e-03,1.360430674264537232e-01
3.583453270220207742e+03,4.942318073462873342e-08,2.145442810319877179e-03,7.405000031385788883e-02
3.584629715811218830e+03,1.608710240078049779e-08,2.762343724968471543e-04,6.377068290630607747e-03
3.585806161402229918e+03,8.065653321862819902e-09,4.010135241982998159e-04,1.232744709246074051e-02
3.586982606993241461e+03,1.810880951060325841e-08,3.477330148715224970e-04,1.701083401188741365e-02
3.588159052584252549e+03,2.078000727727603382e-08,3.570557289863200961e-04,1.904737072506507145e-02
3.589335498175263638e+03,1.563455346430091531e-08,4.322739219803456391e-04,1.637961180997547783e-02
3.590511943766275181e+03,3.226468098039520468e-09,3.004957730407053032e-04,1.155424663745663848e-02
3.591688389357286269e+03,1.603737169537264095e-09,1.909024292954110511e-04,9.925796625693619063e-03
3.592864834948297357e+03,1.791655498065060152e-09,1.789927444784566893e-04,1.334174898805857122e-02
3.594041280539308900e+03,1.064384703426185869e-09,1.933284166049836273e-04,1.450333026303015325e-02
3.595217726130319988e+03,3.869008126172669432e-09,1.458563914863878028e-04,5.980050105929936473e-03
3.596394171721331077e+03,5.126334178471261895e-09,5.009437402571817835e-05,1.449295517787640292e-02
3.597570617312342620e+03,1.625179402968050370e-09,1.584634760274171818e-04,2.032147961404036016e-02
3.598747062903353708e+03,2.741314622828751543e-09,1.559646564296626877e-04,1.729881349125539369e-02
3.599923508494364796e+03,2.167122672415565872e-09,1.793176696089865765e-04,2.374590852253683979e-02
3.601099954085376339e+03,6.092282183198243555e-09,3.037999463704066242e-04,1.013536992930006916e-02
3.602276399676387427e+03,1.025464517715183308e-08,2.926060156570679241e-04,2.269851334110424557e-02
3.603452845267398516e+03,6.178630211704193582e-09,1.562840497661868819e-04,2.029760076189489684e-02
3.604629290858410059e+03,1.410550227377655897e-08,3.692794101573109193e-04,1.375881220637300076e-02
3.605805736449421147e+03,1.274594066013580359e-08,2.340100922917742027e-04,1.590250777734896273e-02
3.606982182040432235e+03,1.434366580590987984e-08,2.436241221229051694e-04,1.642932612984692245e-02
3.608158627631443323e+03,9.414564497801466835e-09,1.422008023731652381e-04,1.292855981814954210e-02
3.609335073222454866e+03,1.042236517308385676e-08,4.100200846463028059e-05,9.720621970011743274e-03
3.610511518813465955e+03,1.197108131213043285e-08,5.213805059719508187e-05,6.585648845342816082e-03
3.611687964404477043e+03,1.682454798295454550e-08,1.144520807844231044e-04,5.903326792518439302e-03
3.612864409995488586e+03,1.309937872518181007e-08,5.770253669163396225e-05,4.624906441083214900e-03
3.614040855586499674e+03,1.728317497077078509e-08,9.186186265660868351e-05,6.357440678606275999e-03
3.615217301177510762e+03,1.471066532165737451e-08,2.525258848150892989e-06,3.719863869719766594e-03
3.616393746768522306e+03,2.115533374473375416e-08,4.219071269338700559e-04,7.402718466780401629e-03
3.617570192359533394e+03,9.289855611521971897e-09,2.859347181809151865e-04,9.756462217890784008e-03
3.618746637950544482e+03,9.874891915707911051e-09,6.237634479895925229e-04,2.244662210801547098e-02
3.619923083541556025e+03,2.338320676062965525e-08,6.500194960695599398e-04,1.107702626443154634e-02
3.621099529132567113e+03,7.052426187592758421e-09,6.535155986407941830e-05,1.488533604615703380e-02
3.622275974723578202e+03,1.254737775579315472e-08,1.639918125111255694e-04,1.573210239919747844e-02
3.623452420314589290e+03,1.396914337246098053e-08,1.653271133509996455e-04,1.292776918349751968e-02
3.624628865905600833e+03,1.051668077043105751e-08,2.756157100086640546e-04,1.162451287384174380e-02
3.625805311496611921e+03,9.575541329122758140e-09,2.044767205825384203e-04,1.066384684852393974e-02
3.626981757087623009e+03,1.267754269914480865e-08,2.100442282238562598e-04,1.111267074405687325e-02
3.628158202678634552e+03,1.868441829164086321e-08,2.235397267510844446e-04,5.102149494953053636e-03
3.629334648269645641e+03,8.520296693255756394e-09,6.391676664860857231e-05,3.306537019361017148e-03
3.630511093860656729e+03,1.161672413072519914e-08,2.187360285357124766e-04,7.759620910718614296e-03
3.631687539451668272e+03,8.226289428992541450e-09,1.928794340726803819e-04,1.054346267817593552e-02
3.632863985042679360e+03,5.154345708054598800e-09,1.961023557320547891e-04,1.142932475261175182e-02
3.634040430633690448e+03,2.627499733833731205e-09,7.062456603951528813e-05,2.145186002969256753e-02
3.635216876224701991e+03,3.120018589495214966e-09,1.642164238063473713e-04,2.921437898604490116e-02
3.636393321815713080e+03,5.817979026132570631e-09,1.817776799259272920e-04,1.609538951133293247e-02
3.637569767406724168e+03,8.600069464372452453e-09,1.354496046252296002e-04,8.869149379596104332e-03
3.638746212997735711e+03,1.249074593132562184e-08,2.368933242403004449e-04,1.977213332374582085e-03
3.639922658588746799e+03,9.817038618488434861e-09,2.471304396271286198e-04,8.319059336678388469e-03
3.641099104179757887e+03,3.028186843994187636e-09,2.304323346037879605e-04,8.471577129845022855e-03
3.642275549770769430e+03,6.986991189406476206e-09,7.536822750045423978e-05,5.914225226988760638e-03
3.643451995361780519e+03,7.424018335744138605e-09,1.256578235113875745e-04,8.749046575407629436e-03
3.644628440952791607e+03,7.391656630403424435e-09,2.712061139031629077e-04,4.683441044502727885e-03
3.645804886543802695e+03,1.498931420910408911e-08,2.223595945759744097e-04,5.242923233664041269e-03
3.646981332134814238e+03,1.649934566932036778e-08,2.001871785572724015e-04,1.009794825015645006e-02
3.648157777725825326e+03,1.685936096921738825e-08,1.987798174512505180e-04,1.171387956943877560e-02
3.649334223316836415e+03,1.574868301902632452e-08,3.040039815540670392e-04,1.190645325727477701e-02
3.650510668907847958e+03,1.905639622507897477e-09,3.029685046591035452e-04,7.239512117370446725e-03
3.651687114498859046e+03,1.075331845385100072e-08,1.850927719198773385e-04,5.811629407038332307e-03
3.652863560089870134e+03,2.252286341938067504e-08,4.772843802410323111e-04,6.205487693140732293e-03
3.654040005680881677e+03,8.789632394244753487e-09,7.304967723963754498e-04,6.265340024808074317e-03
3.655216451271892765e+03,1.884032728466615799e-08,2.311286970789531406e-04,1.819498939816356284e-02
3.656392896862903854e+03,1.001375709292253336e-08,6.508213393070848111e-04,1.597120179120693415e-02
3.657569342453915397e+03,2.639827964501314962e-08,4.342081915982295786e-04,1.003069554208042488e-02
3.658745788044926485e+03,8.733929516693928852e-09,3.497802102329026488e-04,1.043405347759987153e-02
3.659922233635937573e+03,1.020876421876468144e-08,2.590850409245985526e-04,7.326905804712654895e-03
3.661098679226948661e+03,1.028547532041850021e-08,1.563749614441135903e-04,7.350394531933542031e-03
3.662275124817960204e+03,7.694050403436707600e-09,1.728296648730337666e-04,1.175403341793291624e-02
3.663451570408971293e+03,9.656235496649444912e-09,2.692040619786417212e-04,9.070986074547843225e-03
3.664628015999982381e+03,5.565388229712288927e-09,2.175840410844760134e-04,3.837793441894660987e-03
3.665804461590993924e+03,3.508646970846812734e-09,1.879122562241526933e-04,6.201215219089275957e-04
3.666980907182005012e+03,3.114155136067200992e-09,1.417205808259573631e-04,3.515281093112275143e-03
3.668157352773016100e+03,5.559659498193842505e-09,1.144473337766610245e-04,7.754321294299803928e-03
3.669333798364027643e+03,8.270444447943686075e-09,1.667943874728323322e-04,2.986421400546385076e-03
3.670510243955038732e+03,3.561303486111788864e-09,9.298815614078613035e-05,1.529594661474238323e-02
3.671686689546049820e+03,8.023285005068018122e-09,9.700770624359985803e-05,2.137434376583993711e-02
3.672863135137061363e+03,5.047021796208813668e-09,3.051524397672854483e-05,1.362396272077739424e-02
3.674039580728072451e+03,8.499973136393595814e-09,1.241262388436336294e-04,1.030996835627153926e-02
3.675216026319083539e+03,4.930983607611708734e-09,2.674123576881985253e-05,8.588430537923803787e-03
3.676392471910095082e+03,7.960003277881695862e-09,1.362973485408906066e-04,1.313341420460211774e-02
3.677568917501106171e+03,7.374089644529110158e-09,1.731051138193996012e-04,1.609161754406270017e-02
3.678745363092117259e+03,4.925421005095610050e-09,2.241978188902679951e-04,6.981877867791565218e-03
3.679921808683128802e+03,4.285365173809036285e-09,1.601542809504802995e-04,3.452249836011396511e-03
3.681098254274139890e+03,1.985303176173172415e-09,1.383267334885984756e-04,4.698232586314288889e-03
3.682274699865150978e+03,8.251270890837705057e-09,2.721293266096033183e-04,3.228162354475736656e-03
3.683451145456162067e+03,1.040482915722680288e-08,2.225097266383506932e-04,2.181302164153998534e-03
3.684627591047173610e+03,8.042919501812933838e-09,1.618163769997127627e-04,3.940228162017152778e-03
3.685804036638184698e+03,4.976256831017863612e-09,2.721261549367004354e-04,5.107732020913884584e-03
3.686980482229195786e+03,1.639894430160649121e-08,2.192799649139993002e-04,8.539217102749139046e-03
3.688156927820207329e+03,1.644999407518417614e-08,1.161660027286050062e-04,4.202311903998160424e-03
3.689333373411218417e+03,2.930475412884014776e-08,4.893496282678692954e-04,1.577774620587131180e-02
3.690509819002229506e+03,2.559676781626182452e-08,9.597378859038069136e-04,1.638654495620509716e-02
3.691686264593241049e+03,2.952362965889262712e-08,1.016929977599800340e-03,2.426997966915311541e-02
3.692862710184252137e+03,2.554816386398221935e-08,6.500938661068106448e-04,1.951703385134049076e-02
3.694039155775263225e+03,1.193567322370096640e-08,3.406128948676937374e-04,3.958637722506268448e-03
3.695215601366274768e+03,1.175449597214702538e-08,2.908399124392144468e-04,8.044948029977306778e-03
3.696392046957285856e+03,1.355568677785525435e-09,1.541417885880265307e-04,5.985692516531630758e-03
3.697568492548296945e+03,4.576009610705423266e-09,1.016563591247409489e-04,3.756729888371581477e-03
3.698744938139308033e+03,6.869310572102915202e-09,1.296672363811871703e-04,6.603341402284026822e-03
3.699921383730319576e+03,1.122549738839876974e-08,2.331239912656894969e-04,1.420332804407634791e-02
3.701097829321330664e+03,1.383199294526590104e-08,2.657652925053161932e-04,1.149064787490337337e-02
3.702274274912341752e+03,1.122295233601949903e-08,1.542917314092793102e-04,7.105065993560976366e-03
3.703450720503353295e+03,8.722283636154588578e-09,1.692273192845578425e-04,8.285272473632384824e-03
3.704627166094364384e+03,3.880721478126998593e-09,9.941231227073105896e-05,1.233133342733647164e-02
3.705803611685375472e+03,5.872798610304026137e-09,1.178679045957327538e-04,7.178138953054236798e-03
3.706980057276387015e+03,2.868547457573515140e-09,4.675383263126098082e-05,1.165834731289392030e-02
3.708156502867398103e+03,3.348780624112730385e-09,1.291520806180699449e-04,2.674202936671354197e-02
3.709332948458409192e+03,7.259322418948151072e-09,7.907419939618490223e-05,2.111460720252524709e-02
3.710509394049420735e+03,9.843385860091256660e-09,1.816853197718050971e-04,9.245357616875924528e-03
3.711685839640431823e+03,1.620022238089614884e-08,2.419941805258756212e-04,1.026055221713376847e-02
3.712862285231442911e+03,1.090976258723384551e-08,1.300825555203580187e-04,4.533364252702526236e-03
3.714038730822454454e+03,7.874156385305212643e-09,9.779606682643098231e-05,7.215093517596556441e-03
3.715215176413465542e+03,9.983910685325304658e-09,9.440089817841048930e-05,4.547660750851357896e-03
3.716391622004476631e+03,4.196027509614938644e-09,1.245316231346247824e-04,1.000345448014280589e-02
3.717568067595488174e+03,1.706565563824767453e-09,8.236149813251794746e-05,7.308296584617417560e-03
3.718744513186499262e+03,4.183553918592312493e-09,1.092470180922511464e-04,6.973950163032835090e-03
3.719920958777510350e+03,3.820121423710101870e-09,1.242615952438515996e-04,4.814163399814758333e-03
3.721097404368521438e+03,1.427458398598551374e-09,1.555172324165330494e-04,6.309432882639767065e-03
3.722273849959532981e+03,4.857100980193238005e-09,3.935996650028017235e-05,1.285421114085122385e-02
3.723450295550544070e+03,8.761044189468693646e-10,2.579246753290009788e-04,6.831332842965913942e-03
3.724626741141555158e+03,9.265976299907836309e-09,1.774278846309464792e-04,3.664758618384170857e-03
3.725803186732566701e+03,7.010019487622666538e-09,5.227566131048622697e-05,6.085453091026404512e-03
3.726979632323577789e+03,1.402635517862918014e-08,2.707710294821456744e-04,9.487133762254774949e-03
3.728156077914588877e+03,1.082801357275664484e-08,6.510594057365602910e-04,3.386795028379524161e-03
3.729332523505600420e+03,2.009588232486422265e-08,6.428294196368138308e-04,6.103772826686257140e-03
3.730508969096611509e+03,1.271529839623321060e-08,3.380171927172163980e-04,5.599955312443555613e-03
3.731685414687622597e+03,1.189369646559676393e-08,2.502363234997918222e-04,6.980587016502505862e-03
3.732861860278634140e+03,1.901230429968287335e-08,2.421970746456150053e-04,9.247798713200775997e-03
3.734038305869645228e+03,1.569071913416721415e-08,1.930329962377188029e-04,1.277622291884443831e-02
3.735214751460656316e+03,1.139864457342936150e-08,3.733989472538937508e-05,9.625658907052090166e-03
3.736391197051667405e+03,1.343900832295787655e-08,1.720855308614336590e-04,1.858126183643446245e-03
3.737567642642678948e+03,3.606779164275066491e-09,2.940546415181858231e-04,5.637003216758479027e-03
3.738744088233690036e+03,9.076490662718287130e-09,2.574079536813821535e-04,9.165501009640350527e-03
3.739920533824701124e+03,1.205514216210878686e-08,1.193814708716936203e-04,9.949769442150169577e-03
3.741096979415712667e+03,1.188620500564422442e-08,9.075769314155345696e-05,1.221412769119813863e-02
3.742273425006723755e+03,1.859271379115813198e-08,2.422413473589655390e-04,7.050734589724245473e-03
3.743449870597734844e+03,1.684773528231750535e-08,2.834619903163446510e-04,3.908004805734018212e-03
3.744626316188746387e+03,9.496379983249261556e-09,1.769865170117133511e-04,8.274819317292365223e-03
3.745802761779757475e+03,1.264585788778162145e-08,5.854241231576879029e-05,1.022276854476021277e-02
3.746979207370768563e+03,1.054991293004534608e-08,1.630572122587966471e-04,4.576062596981246219e-03
3.748155652961780106e+03,5.415910875549107756e-09,1.064866580203357397e-04,2.337979077122669374e-03
3.749332098552791194e+03,5.840160236747508933e-09,9.611661497841969602e-05,3.811539169921391700e-03
3.750508544143802283e+03,7.199161804391685444e-09,1.099475908469963352e-05,1.031777927613129232e-02
3.751684989734813826e+03,9.236782443748588704e-09,1.061069451255133373e-04,9.263624764799794492e-03
3.752861435325824914e+03,8.778576439748345558e-09,5.279380759608985678e-05,6.123967803905542087e-03
3.754037880916836002e+03,1.174344754987284503e-08,1.474069940690250031e-04,1.306103389803422131e-02
3.755214326507847545e+03,1.222498221984652912e-08,2.739866117127504833e-04,1.393536060747761068e-02
3.756390772098858633e+03,1.373291257922763107e-09,2.628359203896682883e-04,1.378894710857270396e-02
3.757567217689869722e+03,6.388503580749667417e-09,2.320165447829355965e-04,1.274513632507835205e-02
3.758743663280880810e+03,1.125418173954867082e-08,3.404776786857629709e-04,6.026686451162503039e-03
3.759920108871892353e+03,1.061670322138178642e-08,3.948440071667088931e-04,5.425550141866481574e-03
3.761096554462903441e+03,7.573498340422924631e-09,2.545030662241519752e-04,3.005932785745585138e-03
3.762273000053914529e+03,4.576763245824293032e-09,9.712362376801641746e-05,1.010583680124152624e-02
3.763449445644926072e+03,1.756134095390498687e-08,4.381838464103699361e-04,9.321112482959994366e-03
3.764625891235937161e+03,1.172018963354957639e-08,5.877056606723169829e-04,8.784120750470188893e-03
3.765802336826948249e+03,1.605841710663055360e-08,5.783910298936932462e-04,9.754055385818492796e-03
3.766978782417959792e+03,2.099487247737861975e-08,3.492459233807251612e-04,3.714566184014622425e-03
3.768155228008970880e+03,9.756932543714628534e-09,1.145314295217578470e-04,4.818008394509790647e-03
3.769331673599981968e+03,1.440487836841584363e-08,1.342904097871162579e-04,7.819642156907060174e-03
3.770508119190993511e+03,8.154173609041324482e-09,9.208884937564572120e-05,5.190871063986991600e-03
3.771684564782004600e+03,9.578041859983870554e-09,1.283037457576909741e-04,6.480665977161514935e-03
3.772861010373015688e+03,9.001364010861137102e-09,3.192542863089599284e-04,1.240863236316343439e-02
3.774037455964026776e+03,8.033192085502329550e-09,4.152049863242689132e-04,1.234336205613389623e-02
3.775213901555038319e+03,5.931636313880862088e-09,3.032546548571650566e-04,7.618500198928695837e-03
3.776390347146049407e+03,4.991998843864281693e-09,9.309942150699624199e-05,1.839127078598766247e-03
3.777566792737060496e+03,1.470484772048496061e-09,1.582689729845778727e-04,3.833259253597243350e-03
3.778743238328072039e+03,1.038681990978155580e-08,2.660663236752290042e-04,9.069806424014299068e-03
3.779919683919083127e+03,8.617075549554694362e-09,2.113966170704391866e-04,1.020540639237814580e-02
3.781096129510094215e+03,4.239714138855218087e-10,1.771185029990726039e-04,8.059903888612055672e-03
3.782272575101105758e+03,7.738815197077929562e-09,1.616636713371418974e-04,1.129341500649372158e-02
3.783449020692116846e+03,6.415337968466229870e-09,1.097981544082657227e-04,8.314950031001912614e-03
3.784625466283127935e+03,6.510310609817861093e-09,5.428778326167353505e-05,4.715618583661002755e-03
3.785801911874139478e+03,8.542002982764916659e-09,1.591317808778014312e-04,3.638916303812066936e-03
3.786978357465150566e+03,6.976616374066643237e-09,9.613536903015132667e-05,8.198466189031630366e-03
3.788154803056161654e+03,9.591399393825888755e-09,7.966916003179783036e-05,1.734631271305961051e-02
3.789331248647173197e+03,1.347923710329008502e-08,1.573695193390810753e-04,1.526127164460903615e-02
3.790507694238184285e+03,1.190153642448290741e-08,1.190321416732051716e-04,8.350844712285622473e-03
3.791684139829195374e+03,1.102602916320893697e-08,1.511009647508218328e-04,3.926764538630934248e-03
3.792860585420206917e+03,9.398014389190554770e-09,3.327512456942217488e-04,5.743086684327671464e-03
3.794037031011218005e+03,4.221720615431019546e-09,2.893549082569817446e-04,1.200829703362788457e-02
3.795213476602229093e+03,9.887292618890638068e-09,2.666840132152855248e-04,1.312325611252314859e-02
3.796389922193240182e+03,1.031788721039817539e-08,3.169993633699553733e-04,9.014159060294223494e-03
3.797566367784251725e+03,1.472079466600186419e-09,2.199924560623173501e-04,4.888840445330882613e-03
3.798742813375262813e+03,7.756179104663110879e-09,9.406698322591406074e-05,6.695525609532695932e-03
3.799919258966273901e+03,4.911210341324395059e-09,2.393145462547321820e-05,8.377010917262641548e-03
3.801095704557285444e+03,9.569642674746507685e-09,2.600520554621932518e-04,7.908887278999132686e-03
3.802272150148296532e+03,7.280677630358814528e-09,3.854947054425323576e-04,5.773933346821922934e-03
3.803448595739307621e+03,5.259872279889658839e-09,3.952814868696276612e-04,6.445885216346666433e-03
3.804625041330319164e+03,1.754090230486325124e-08,4.184787841308166612e-04,9.512377333793660059e-03
3.805801486921330252e+03,1.162796108383478397e-08,3.007552681018740783e-04,8.331133803847701191e-03
3.806977932512341340e+03,2.634978858409143315e-09,2.486716641866327268e-04,2.795181903910239074e-03
3.808154378103352883e+03,9.742553196936862318e-09,2.013719575636379135e-04,6.168498697302485408e-03
3.809330823694363971e+03,1.406644810223448509e-08,1.779551167214231486e-04,4.991800322943179373e-03
3.810507269285375060e+03,1.435375240151931523e-08,1.422301359635523728e-04,7.480380901117291044e-03
3.811683714876386148e+03,1.460290438005298564e-08,2.012009860241437207e-04,6.650640749113665394e-04
3.812860160467397691e+03,9.816121884562965982e-09,3.914828609151102144e-04,9.991443459251857923e-03
3.814036606058408779e+03,7.146964787208724451e-09,4.680522950510146506e-04,1.287801242012572706e-02
3.815213051649419867e+03,1.596140808994345162e-08,2.384712586692618193e-04,4.669878256843761240e-03
3.816389497240431410e+03,1.399275635597185282e-08,1.121079419287859347e-04,9.531903296934695138e-03
3.817565942831442499e+03,7.540117383949391749e-09,1.229008728660655923e-04,7.195808681512369694e-03
3.818742388422453587e+03,9.057297052389530435e-09,6.369243640840408318e-05,5.494276065693364137e-03
3.819918834013465130e+03,5.777541528321013068e-09,8.332879470645545390e-05,1.075796316432536294e-02
3.821095279604476218e+03,7.180935453857177128e-09,1.191005491201177388e-04,1.255358855451087045e-02
3.822271725195487306e+03,8.434455055973031419e-09,1.114082051443618263e-04,6.005016881293376990e-03
3.823448170786498849e+03,1.145667776867514614e-08,1.691054037880113971e-04,4.681591701450372317e-03
3.824624616377509938e+03,9.875337886201768038e-09,1.905911455444114484e-04,1.043885572558234283e-02
3.825801061968521026e+03,7.038110321242814868e-09,1.269749380064463817e-04,1.093420345242805680e-02
3.826977507559532569e+03,1.064015843728161471e-08,7.063203973048864459e-05,6.380975239692722803e-03
3.828153953150543657e+03,7.941507220195054806e-09,1.388119357978563834e-04,5.449985073928594222e-03
3.829330398741554745e+03,5.243024502995287734e-09,1.281347249225971738e-04,8.767300988619925947e-03
3.830506844332566288e+03,6.175678677813474435e-09,9.822147280486465690e-05,1.150591385666485666e-02
3.831683289923577377e+03,9.507572161516800866e-10,1.756857690056667855e-04,8.403539598744307407e-03
3.832859735514588465e+03,3.937036247617806614e-09,2.478091326399658903e-04,3.809992138535828535e-03
3.834036181105599553e+03,3.621305576108654060e-09,1.722900391445722869e-04,7.196189789319862480e-03
3.835212626696611096e+03,2.668344988135544835e-09,1.612460455418411934e-04,2.907913338088642403e-03
3.836389072287622184e+03,4.045391916609133653e-10,7.993425674796227054e-05,6.223252396859650475e-03
3.837565517878633273e+03,4.730393655377439707e-09,2.343786286262940157e-04,2.809035861010440553e-03
3.838741963469644816e+03,9.795754647941578461e-09,3.399263090598776769e-04,1.319954554169545761e-02
3.839918409060655904e+03,9.151135722822290888e-09,4.345074868720995406e-04,1.234494805822895086e-02
3.841094854651666992e+03,1.109795854460367092e-08,3.966708567445069444e-04,6.122882769298893316e-03
3.842271300242678535e+03,7.782655468607170919e-09,2.066620384581786525e-04,2.214057003532716832e-03
3.843447745833689623e+03,4.569014957365676965e-09,1.067758326448867075e-04,6.864391150774946417e-03
3.844624191424700712e+03,9.673404351152091216e-09,8.965639148048055714e-05,1.015852970846849168e-02
3.845800637015712255e+03,1.049456063006432726e-08,6.805338604215044286e-05,3.927160390226970381e-03
3.846977082606723343e+03,1.384341184202611790e-08,1.033971599775050247e-04,5.665074717893015845e-03
3.848153528197734431e+03,1.439565411858070093e-08,2.620047776552086410e-05,1.027789707143045468e-02
3.849329973788745519e+03,1.584856450240308242e-08,9.124905437486263791e-05,1.077924763602501092e-02
3.850506419379757062e+03,1.908554397274304542e-08,1.180350319490421301e-04,3.100778845555827393e-03
3.851682864970768151e+03,1.560325532922079817e-08,6.034501999755125532e-05,1.545525605061824495e-03
3.852859310561779239e+03,1.796280464510845244e-08,1.113044480038568348e-04,4.826675539189645946e-03
3.854035756152790782e+03,1.480148796608486667e-08,5.318583198198140942e-05,8.340308483061957892e-03
3.855212201743801870e+03,1.487294701383881425e-08,8.889303189596873991e-05,9.055562736842456481e-03
3.856388647334812958e+03,1.456577431943030754e-08,1.738032706550498208e-04,1.558852615970077182e-02
3.857565092925824501e+03,9.545857287512323048e-09,1.477377216834327661e-04,1.363945917607198646e-02
3.858741538516835590e+03,8.769329521646421412e-09,1.626818607637147774e-04,9.877916694245786333e-03
3.859917984107846678e+03,1.364194647588920400e-08,2.596395492839857397e-04,7.531084201075993051e-03
3.861094429698858221e+03,1.498672557284799724e-08,2.023431262587637358e-04,2.061994165761707031e-03
3.862270875289869309e+03,6.497257376601988232e-09,9.640735030061461995e-05,1.025067577846785170e-02
3.863447320880880397e+03,4.100284079934700096e-09,7.685305381415878125e-05,1.016444899022355200e-02
3.864623766471891940e+03,1.257186254522407053e-09,1.333752711711151066e-04,5.730856281048982148e-03
3.865800212062903029e+03,3.823954923300743684e-09,2.201945321458082666e-04,1.046200679125592952e-03
3.866976657653914117e+03,2.780327883375752328e-09,1.597462980179235425e-04,9.982134609106043527e-04
3.868153103244925660e+03,3.102924611650332374e-09,1.160558444080721371e-04,2.678126732278716254e-03
3.869329548835936748e+03,5.278174480837880901e-09,1.416687413350305939e-04,9.376913037278777896e-03
3.870505994426947836e+03,8.431204142059808184e-09,2.514355497807344410e-04,9.296556496004519665e-03
3.871682440017958925e+03,6.444464218931894014e-09,3.086175291205754960e-04,2.689159263545753357e-03
3.872858885608970468e+03,2.824030445213397745e-09,1.659681430884383765e-04,1.958645982345974708e-03
3.874035331199981556e+03,1.304647885216847079e-09,7.483088963511866528e-05,1.854154870288105038e-03
3.875211776790992644e+03,4.596786706750343447e-09,1.254921345851132606e-04,2.983926260450003171e-03
3.876388222382004187e+03,3.494311710397254802e-09,6.516064904955447832e-05,1.284318446477297629e-03
3.877564667973015275e+03,8.680614737881581242e-09,1.001543507306186238e-04,3.999744134486961887e-03
3.878741113564026364e+03,8.629930884737015202e-09,1.206408533874383626e-04,3.248862913097740578e-03
3.879917559155037907e+03,1.562296249198029863e-08,6.192311651361861460e-05,5.594759423657791504e-03
3.881094004746048995e+03,1.746568669761066572e-08,1.803014972057429748e-04,1.203645486859239054e-03
3.882270450337060083e+03,2.594410290422035684e-08,2.221000628693177480e-04,3.510106735327764424e-04
3.883446895928071626e+03,2.067105615490141982e-08,8.273053977404383713e-05,4.620462161170346693e-03
3.884623341519082715e+03,2.276540263497136491e-08,9.531622145473628326e-05,2.745436517651929104e-03
3.885799787110093803e+03,1.726009497653212258e-08,1.671725159336833540e-04,5.224274173342309362e-03
3.886976232701104891e+03,1.322065109554677823e-08,1.243907797925689973e-04,6.666704067245293394e-03
3.888152678292116434e+03,9.953445094081469242e-09,1.111122893539500777e-04,1.300301584035005141e-02
3.889329123883127522e+03,1.074142823731426885e-08,1.954426091720223586e-04,9.012710303485658644e-03
3.890505569474138611e+03,1.473147498959772956e-08,2.891056640671030688e-04,1.036034391727717018e-02
3.891682015065150154e+03,8.700644723402134498e-09,2.702471768953523595e-04,1.150603264348510658e-02
3.892858460656161242e+03,4.372403016770244480e-09,1.205914948308277730e-04,1.016559037280266586e-02
3.894034906247172330e+03,5.762934540258946442e-09,2.448787680563823448e-05,1.360267191436758880e-02
3.895211351838183873e+03,4.828188901946220440e-09,1.046707165163997868e-04,1.610004489307997888e-02
3.896387797429194961e+03,1.836600169293880350e-09,2.148515806930367670e-04,1.621494310791757321e-02
3.897564243020206050e+03,6.856595700162732022e-09,1.813572059291223247e-04,1.461925145514430049e-02
3.898740688611217593e+03,4.811655501084290392e-09,1.054216882059525590e-04,2.367713133479068099e-03
3.899917134202228681e+03,4.315691287430232496e-09,1.187972475545590539e-04,1.144078655281724650e-02
3.901093579793239769e+03,3.432572485490935491e-09,1.574372784260970554e-04,1.047070261866927220e-02
3.902270025384251312e+03,1.013172907198942181e-08,1.736084738781865371e-04,1.065927622315695003e-02
3.903446470975262400e+03,1.151167437873212225e-08,1.282661660613446694e-05,1.058439687574485102e-02
3.904622916566273489e+03,1.426034360742794821e-08,1.736341275881244305e-04,1.264829215006805022e-02
3.905799362157285032e+03,1.634598720489308978e-08,1.628929374516148822e-04,1.263389932098324051e-02
3.906975807748296120e+03,1.497899385099222980e-08,1.417377140883561428e-04,9.333366015379344557e-03
3.908152253339307208e+03,1.125640110726033512e-08,2.296400628335448757e-04,6.412602910426117193e-03
3.909328698930318296e+03,4.343540168496185861e-09,2.149385227994370367e-04,1.113664137841559841e-02
3.910505144521329839e+03,6.192220207925327471e-09,2.433583350433162482e-04,1.923913293215964368e-02
3.911681590112340928e+03,1.107186768293839963e-08,2.655647539430146080e-04,1.717874551679597281e-02
3.912858035703352016e+03,1.045247298028429084e-08,2.930772832888402886e-04,9.876932730380243858e-03
3.914034481294363559e+03,5.747543269338244007e-09,3.320833044645222229e-04,7.202991280957103670e-03
3.915210926885374647e+03,6.510667415068515349e-09,3.570004464508556180e-04,1.155410950523371588e-02
3.916387372476385735e+03,5.469741266964346668e-09,2.479699351084421331e-04,2.759889539454496443e-03
3.917563818067397278e+03,9.965687771724218216e-09,1.447086158008714066e-04,3.128668066650710372e-03
3.918740263658408367e+03,6.684838930730136027e-09,1.000613610431161425e-04,4.668799812313593513e-03
3.919916709249419455e+03,9.729600079700211889e-09,8.492149548032645466e-05,7.069475267154140367e-03
3.921093154840430998e+03,1.858593810827812893e-09,3.275187847724983460e-04,4.176926981656642335e-03
3.922269600431442086e+03,1.211605864874227562e-08,2.912560470041147299e-04,1.012600214265147597e-02
3.923446046022453174e+03,6.064745189668943343e-09,6.771285564973492186e-05,1.061039017709905496e-02
3.924622491613464263e+03,1.292587140861184496e-08,2.948584616156856735e-04,2.297326238053828528e-03
3.925798937204475806e+03,1.078026788132162710e-08,4.232729730203998574e-04,9.405877810560073909e-03
3.926975382795486894e+03,7.706897513276259957e-09,3.869167217828006896e-04,3.742708232614974997e-03
3.928151828386497982e+03,1.286303317935080393e-08,8.244558346597994530e-05,1.093045551166897146e-02
3.929328273977509525e+03,9.112543160455600393e-09,1.793821887050287467e-04,1.481723461733682259e-02
3.930504719568520613e+03,1.130186900557685548e-08,1.360491310181325254e-04,1.004417177782252618e-02
3.931681165159531702e+03,1.003927959478921996e-08,1.293837225029729544e-04,1.000023459970936397e-02
3.932857610750543245e+03,1.208424776194423288e-08,1.411495814677854335e-04,1.037857180624166160e-02
3.934034056341554333e+03,1.143147490357378000e-08,1.714097382978138336e-04,8.513801164755082501e-03
3.935210501932565421e+03,8.600556370868356097e-09,1.428188282264836932e-04,8.179698425876975182e-03
3.936386947523576964e+03,8.815590486317945779e-09,1.553302061076585741e-04,4.858621550902006772e-03
3.937563393114588052e+03,1.276440576197506443e-08,1.479177227868635233e-04,4.183112462240402320e-03
3.938739838705599141e+03,1.261401134524446005e-08,5.428898653525255025e-05,5.063850033874779666e-03
3.939916284296610684e+03,1.361302249541495417e-08,1.721947843546283916e-04,6.082222421661508636e-03
3.941092729887621772e+03,1.489406569993316909e-08,1.357718631432046678e-04,8.736549574572942747e-03
3.942269175478632860e+03,1.085791825476005709e-08,7.817139157706251725e-05,9.101549778913125416e-03
3.943445621069644403e+03,8.339012753207618832e-09,7.256209821605876767e-05,9.247527887874100808e-03
3.944622066660655491e+03,4.972182397666194303e-09,1.188836355756760530e-04,5.861862468687941558e-03
3.945798512251666580e+03,8.735261199813125687e-09,1.100208466312424147e-04,9.953677041508769696e-03
3.946974957842677668e+03,7.859780905992670629e-09,7.737786958494170721e-05,9.678511524246116021e-03
3.948151403433689211e+03,8.275967335520859636e-09,6.699894275999570550e-05,7.483191070284367016e-03
3.949327849024700299e+03,7.764857093542129315e-09,1.286939331690112570e-04,9.199761209694103103e-03
3.950504294615711387e+03,7.525054817013896341e-09,2.794976537897845420e-04,1.475917154102330750e-02
3.951680740206722930e+03,1.914796340230950685e-08,3.245194073438788978e-04,1.883085420351207628e-02
3.952857185797734019e+03,1.651496406734534740e-08,1.046611000815516544e-04,1.065716076280327253e-02
3.954033631388745107e+03,1.697222586191620979e-08,8.485949838144362625e-05,1.202386485850051763e-02
3.955210076979756650e+03,1.557273831887142837e-08,9.160798680635248519e-05,7.210854392376573122e-03
3.956386522570767738e+03,1.776197327829313324e-08,2.842473256161143712e-04,8.088768114020065611e-03
3.957562968161778826e+03,4.643125059970999657e-09,3.024641023601222327e-04,1.039100477593715190e-02
3.958739413752790369e+03,1.420671737498038912e-08,3.062867053679576884e-04,4.708900086315080322e-03
3.959915859343801458e+03,1.213186916765793325e-08,2.514417684640289901e-04,3.034659122626588018e-03
3.961092304934812546e+03,8.152544425293094305e-09,2.313277070872951852e-04,6.437003771086483896e-03
3.962268750525823634e+03,1.844051304907869842e-09,3.135011546191787809e-04,1.039205874130173617e-02
3.963445196116835177e+03,5.592171398478320785e-09,2.612010411627278708e-04,4.894333857490384097e-03
3.964621641707846265e+03,2.942997313698005312e-09,1.762552872540463676e-04,5.363112814321524882e-03
3.965798087298857354e+03,1.824626650795914118e-09,5.148269274666015188e-05,1.329888616387293887e-02
3.966974532889868897e+03,3.066318381202235093e-09,1.977913141984569427e-04,1.585976972379898181e-02
3.968150978480879985e+03,8.867288027746147489e-09,2.078933414790066212e-04,1.649109376827736367e-02
3.969327424071891073e+03,1.008921473208204703e-08,1.919455542633949797e-04,1.438869081991591900e-02
3.970503869662902616e+03,8.889094000332334279e-09,1.193441774495502400e-04,1.571858827280329940e-02
3.971680315253913705e+03,9.623554683971239204e-09,5.857008051568103304e-05,1.418370447403751594e-02
3.972856760844924793e+03,1.121825667470605337e-08,7.266149365242025276e-05,1.252629518726577212e-02
3.974033206435936336e+03,8.581008038182417305e-09,1.735197384623205527e-04,1.070654937304902320e-02
3.975209652026947424e+03,1.317791695354852685e-08,1.088247698324420565e-04,1.323422965757400059e-02
3.976386097617958512e+03,1.437969319183715692e-08,6.592404868193952987e-05,4.550340619826892877e-03
3.977562543208970055e+03,1.569008321232645053e-08,5.529450684309107985e-05,2.829064045471198045e-03
3.978738988799981144e+03,1.757113554837256020e-08,9.994670815164566206e-05,6.046956927545203871e-03
3.979915434390992232e+03,1.623678401842827284e-08,3.649088810826131427e-05,1.086545837459849083e-02
3.981091879982003775e+03,1.830927997649550271e-08,5.865920308081169055e-05,5.489733895493184059e-03
3.982268325573014863e+03,1.674295325174650808e-08,2.197370635377243376e-05,3.997979921167845591e-03
3.983444771164025951e+03,1.707060541985022480e-08,4.180362700351577073e-05,2.916308715100721528e-03
3.984621216755037040e+03,1.313544861860726961e-08,5.725286267302759032e-05,5.953416466094511514e-03
3.985797662346048583e+03,1.234615152799077333e-08,1.558071878310973225e-04,4.652082339646543621e-03
3.986974107937059671e+03,1.305307716504855453e-08,1.767941023510860230e-04,2.399216134707201145e-03
3.988150553528070759e+03,9.414853315512493390e-09,1.139601905458861576e-04,7.659197047416310862e-03
3.989326999119082302e+03,6.209597913905689327e-09,1.342924069527937504e-04,3.162094280401291004e-03
3.990503444710093390e+03,7.922547263672170206e-09,1.327534843333463724e-04,3.399479591510496355e-03
3.991679890301104479e+03,9.948199297201533650e-09,1.271152956572220850e-04,2.942531361871427321e-03
3.992856335892116022e+03,4.139242451287142895e-09,1.775389552589750101e-04,2.560071192467578468e-03
3.994032781483127110e+03,1.039624235840749972e-08,1.282470796536461807e-04,1.879193942487477091e-03
3.995209227074138198e+03,3.980232182121057155e-09,2.716820185897800299e-04,5.028834433783132933e-03
3.996385672665149741e+03,1.091751943936970713e-08,1.101256522120526421e-04,2.421293459024200304e-03
3.997562118256160829e+03,2.894815335304591621e-09,3.101376708221614798e-04,6.361833120336521895e-03
3.998738563847171918e+03,9.869912213372079534e-09,6.866265087148110211e-05,5.787852333233230520e-03
3.999915009438183006e+03,1.165157685258975426e-08,2.493245265106814484e-04,6.936015735532988918e-03
4.001091455029194549e+03,1.539193852378313837e-08,1.934162989580118491e-04,5.094663708716079889e-03
4.002267900620205637e+03,1.048093986964109878e-08,1.065245425868195889e-05,5.074116591688567976e-03
4.003444346211216725e+03,1.074962646866025942e-08,8.618080314253390151e-05,1.061088938577107836e-02
4.004620791802228268e+03,6.246129253006349873e-09,9.018737639528148840e-05,1.546558987180436141e-02
4.005797237393239357e+03,3.665571912743359616e-09,1.080123067483923613e-04,1.039057736766971912e-02
4.006973682984250445e+03,4.876125294644490618e-09,1.436643187938607474e-04,2.413551833804554805e-03
4.008150128575261988e+03,4.359838199326940048e-09,2.035598605119052964e-04,4.998321289891164906e-03
4.009326574166273076e+03,2.622519682376866659e-09,2.461060343645377502e-04,8.721260170972459924e-03
4.010503019757284164e+03,6.027647871695228277e-09,1.706745422129512407e-04,1.324024538540175162e-03
4.011679465348295707e+03,6.695176652011428420e-09,8.393969056076446586e-05,6.460638151341966187e-03
4.012855910939306796e+03,7.156526891818175142e-09,7.924922083754092138e-06,4.824053613664461282e-03
4.014032356530317884e+03,1.187522948111594720e-08,1.507929639587852870e-04,1.099591650695973429e-02
4.015208802121329427e+03,1.039534377941795321e-08,1.293774427970984854e-04,3.036194277598108435e-03
4.016385247712340515e+03,1.002654055095323732e-08,2.253441255028606905e-05,7.115363087981824500e-03
4.017561693303351603e+03,1.087643523671029776e-08,1.015662698064908253e-04,5.538204289874300475e-03
4.018738138894363146e+03,9.178771799953030091e-09,9.760687326043842140e-05,8.863948881055476806e-03
4.019914584485374235e+03,1.044594650661832752e-08,1.022491034228016708e-04,1.636863350915091289e-02
4.021091030076385323e+03,8.448857101544037693e-09,1.978582991926600425e-04,1.873772058831477128e-02
4.022267475667396411e+03,4.532713516713777814e-09,2.484717534714848573e-04,1.080628407372756158e-02
4.023443921258407954e+03,1.308655627174486603e-08,3.940854542321654635e-04,9.792975871865491899e-03
4.024620366849419042e+03,1.416288662243678550e-08,4.408167492100815770e-04,1.148980308753961080e-02
4.025796812440430131e+03,2.167954895301040114e-09,2.385499700961056957e-04,3.056473839913047622e-03
4.026973258031441674e+03,8.580973198621150075e-09,5.026320366699534725e-05,5.714630150259377046e-03
4.028149703622452762e+03,7.062809900746244199e-09,9.203674868493629674e-05,7.067262138142027701e-03
4.029326149213463850e+03,5.798601687677515166e-09,1.211276855092271630e-04,1.019010545215200646e-02
4.030502594804475393e+03,8.853482027938924884e-09,1.346502309400781435e-04,2.629616128843129293e-03
4.031679040395486481e+03,4.817188923863293838e-09,3.929464222827300257e-04,1.694725771513166251e-02
4.032855485986497570e+03,1.075083543406151613e-08,2.324047182963573637e-04,1.179081921155078656e-02
4.034031931577509113e+03,2.440111667291096361e-09,1.323231822051338475e-04,5.893463068760261200e-03
4.035208377168520201e+03,6.173893893649584377e-09,1.353693552687264224e-04,1.126703723957478941e-02
4.036384822759531289e+03,4.865571374280610746e-09,1.174448113110033331e-04,7.672815990516171185e-03
4.037561268350542377e+03,1.134096934576620980e-08,2.758652817583640113e-04,4.896803015933789797e-03
4.038737713941553920e+03,1.308431766170187208e-08,2.942150561931091541e-04,1.050525883334506132e-02
4.039914159532565009e+03,5.532939444768757144e-09,1.449229581304319200e-04,7.860745727550660922e-03
4.041090605123576097e+03,6.953245895475091358e-09,7.398641283179575943e-05,7.201194496353290238e-03
4.042267050714587640e+03,5.334330963748156629e-09,3.507978869631425223e-05,4.320109513050340855e-03
4.043443496305598728e+03,3.665721737167369137e-09,7.369828815369377519e-05,5.924722232405981066e-03
4.044619941896609816e+03,5.072851881500891524e-09,3.481990447935817039e-05,8.549993683703358341e-03
4.045796387487621359e+03,6.044211862622085376e-09,7.297059737968837406e-05,4.791365414669801655e-03
4.046972833078632448e+03,6.008272493176568046e-09,8.131501465465330793e-05,1.166709262597441336e-02
4.048149278669643536e+03,8.861851196872200901e-09,1.941532369220079414e-04,1.185634152175049291e-02
4.049325724260655079e+03,7.193479616568245003e-09,1.901146402838853897e-04,4.368508290693227415e-03
4.050502169851666167e+03,3.205173130693532308e-09,8.091650417180614688e-05,1.729884646241263910e-02
4.051678615442677255e+03,1.490972642406545348e-09,1.599367244561274203e-04,1.476124889795145390e-02
4.052855061033688798e+03,3.045045887836750270e-09,8.473023110108874266e-05,1.586310665711159959e-02
4.054031506624699887e+03,4.818969811727928330e-09,4.983265498283310027e-05,1.733227617836625989e-02
4.055207952215710975e+03,6.044507183482786993e-09,9.841853952615161141e-05,4.157696503451282187e-03
4.056384397806722518e+03,9.068979476877181849e-09,1.670920950922822256e-04,3.694647999087099198e-03
4.057560843397733606e+03,1.458459262875896926e-08,2.161687571006586767e-04,1.438751661685698166e-02
4.058737288988744695e+03,1.417033218255586816e-08,3.574588227212095238e-04,1.911814600396214564e-02
4.059913734579755783e+03,3.240056058773367565e-09,3.941628574628900099e-04,1.735972574223686518e-02
4.061090180170767326e+03,4.412162663375658373e-09,2.421675735017559869e-04,9.530970664203625847e-03
4.062266625761778414e+03,3.806019486937789840e-09,2.150199532607580317e-04,1.024439586109242815e-02
4.063443071352789502e+03,4.027323889994301000e-09,1.719577363285641010e-04,1.490771359835878869e-03
4.064619516943801045e+03,3.977898359920202526e-09,9.469906361162845230e-05,7.065137876951778535e-03
4.065795962534812134e+03,6.353945747119516660e-09,1.366255147243096706e-04,7.675377928765342132e-03
4.066972408125823222e+03,2.812221208700858509e-09,4.400160513569848912e-05,1.158142978806606322e-03
4.068148853716834765e+03,6.467894553978494613e-09,1.549643244727448175e-04,8.672087853057026258e-03
4.069325299307845853e+03,1.601614024773903058e-09,1.699309310217426592e-04,1.234268989655161290e-02
4.070501744898856941e+03,7.043216136079193027e-09,2.368757611980975262e-04,1.549734649761749707e-03
4.071678190489868484e+03,8.414348994822270085e-09,7.726274252309291775e-05,7.811247488863443979e-03
4.072854636080879573e+03,1.385860454587358046e-08,2.596884903750022668e-04,5.679362057111002858e-03
4.074031081671890661e+03,1.018419378251303059e-08,2.284490471718181087e-04,8.827676873314239947e-03
4.075207527262901749e+03,1.035002166030517934e-08,1.109496304713894352e-04,1.253291237821171911e-02
4.076383972853913292e+03,7.268782274809309329e-09,8.417343496701654236e-05,1.143119746945114867e-02
4.077560418444924380e+03,8.699719277806730936e-09,1.837376607013088280e-04,5.532326002772832915e-03
4.078736864035935469e+03,1.107480416997624091e-08,1.889669078774474482e-04,1.519641422400475235e-03
4.079913309626947012e+03,8.141787589718179237e-09,1.951523981015344626e-04,2.780304688416728939e-03
4.081089755217958100e+03,8.494707082019287402e-09,1.779894599627859645e-04,5.162769634116862530e-03
4.082266200808969188e+03,1.279102847834623402e-08,1.350128604319924207e-04,4.753915435208877667e-03
4.083442646399980731e+03,1.186196500729038052e-08,6.978333984357589393e-05,5.997447732082029047e-03
4.084619091990991819e+03,1.215684235420936280e-08,1.040283708062381325e-04,8.543782241883990033e-03
4.085795537582002908e+03,1.222497011402336731e-08,1.121834156500672955e-04,6.780928171550545773e-03
4.086971983173014451e+03,9.842812841323004341e-09,2.461771138477873559e-04,1.004740387617385558e-02
4.088148428764025539e+03,1.109593264519995174e-08,2.021626947594151529e-04,8.455442071750911281e-03
4.089324874355036627e+03,1.382644487417243390e-08,6.999361493948590748e-05,6.122731535437212110e-03
4.090501319946048170e+03,1.237717532878879059e-08,6.688352056277695613e-05,6.403393647260187567e-03
4.091677765537059258e+03,9.065301433418032791e-09,5.579474113829121541e-05,6.809496789553969032e-03
4.092854211128070347e+03,7.285170673134054027e-09,1.631373597693750919e-04,1.003306275462508348e-02
4.094030656719081890e+03,2.950447695000638222e-09,2.327584331834954318e-04,1.934397562576339186e-02
4.095207102310092978e+03,4.884446633608484953e-09,2.003158451230162556e-04,1.342805806344608659e-02
4.096383547901104066e+03,7.107758257186721072e-09,1.629311052314678563e-04,6.227904684635051161e-03
4.097559993492115609e+03,7.747741812022909442e-09,1.776608821807188052e-04,1.101250390242405723e-02
4.098736439083126243e+03,1.334783708029470410e-08,3.299809262046388722e-04,1.099976753421378663e-02
4.099912884674137786e+03,1.061447845588968753e-08,3.810530220903352700e-04,1.287695014018364580e-02
4.101089330265149329e+03,4.105681443569804677e-09,2.654909676048019542e-04,1.010442672897800265e-02
4.102265775856159962e+03,7.292134527756974287e-09,6.355862687257864379e-05,7.130361680291259080e-03
4.103442221447171505e+03,8.429828177327257219e-09,2.653118068389125842e-04,7.918351734283174750e-03
4.104618667038183048e+03,1.166185786589012202e-08,4.094289804479076867e-04,1.210667530938151944e-02
4.105795112629193682e+03,1.148427639303959326e-09,2.787667294458679194e-04,1.279988811824549558e-02
4.106971558220205225e+03,1.107326726941684656e-08,3.592168176925803510e-04,1.876269782212091827e-02
4.108148003811216768e+03,5.973155790664638114e-09,1.596594711008715670e-04,1.271909065655626829e-02
4.109324449402227401e+03,9.422549002744746973e-09,2.428811985599962388e-04,1.091277303283805060e-02
4.110500894993238944e+03,8.987981486833557615e-09,3.649740752044713455e-04,1.646156648277329743e-02
4.111677340584250487e+03,5.212058326140663634e-09,2.294148477304371948e-04,7.931131073921402971e-03
4.112853786175261121e+03,8.712598751154868519e-09,1.576846644039968024e-04,4.285498732817158950e-03
4.114030231766272664e+03,7.171690671010658332e-09,1.305235178523126913e-04,1.008506921559571695e-02
4.115206677357284207e+03,8.651774324114311175e-09,1.732825516044350059e-04,9.382863366071976519e-03
4.116383122948294840e+03,1.443456143893374273e-08,7.705081410386419906e-05,8.239736576215708069e-03
4.117559568539306383e+03,1.136989293889363950e-08,1.493492283646737247e-04,1.675663256176844126e-02
4.118736014130317926e+03,1.251291653887116661e-08,2.223624676043133529e-04,6.833386834975353069e-03
4.119912459721328560e+03,1.315567115720017449e-08,9.303269166577940593e-05,1.614807117934230832e-02
4.121088905312340103e+03,1.478165065339718107e-08,1.806993399351205110e-04,1.354091011655438916e-02
4.122265350903351646e+03,1.240515681723130169e-08,6.767769179836750232e-05,9.098506476010516722e-03
4.123441796494362279e+03,1.282779791409566475e-08,1.341326475580701771e-04,9.893070480804580513e-03
4.124618242085373822e+03,1.048150596069201384e-08,1.697841941776290534e-04,1.304383144683631500e-02
4.125794687676384456e+03,5.016872942152580103e-09,1.192613048496010702e-04,2.655122204646665277e-02
4.126971133267395999e+03,7.303846386348998080e-09,1.014434262191887923e-04,2.210191008278026767e-02
4.128147578858407542e+03,7.333665905542679105e-09,5.478057845857369190e-05,9.064717799374292367e-03
4.129324024449418175e+03,7.640429576402261515e-09,1.263813960169738880e-04,4.167515279392910825e-03
4.130500470040429718e+03,4.401932767197030719e-09,2.506775955442122920e-04,4.612414508013744363e-03
4.131676915631441261e+03,1.830117003864611147e-09,2.180958468670794650e-04,5.539109513799219710e-03
4.132853361222451895e+03,6.615296342452093927e-10,8.900986355919031660e-05,1.409171525299266273e-02
4.134029806813463438e+03,3.560122396078948670e-09,2.051208572342412073e-04,1.658653911154616897e-02
4.135206252404474981e+03,5.308638673468303015e-09,2.754258518633822834e-04,1.811823497574709813e-02
4.136382697995485614e+03,9.927557720668632185e-09,4.094591636592379469e-04,2.142160907731318481e-02
4.137559143586497157e+03,8.548766522355245262e-09,3.334490711855002420e-04,1.188798992738174937e-02
4.138735589177508700e+03,3.913567429818639088e-09,1.917288063841540897e-04,2.672214964999081524e-03
4.139912034768519334e+03,5.338085035447945214e-09,2.456243664915330359e-04,3.627415559214789212e-03
4.141088480359530877e+03,1.159266239952438593e-08,2.737669976836676626e-04,3.957971604713858213e-03
4.142264925950542420e+03,4.492961129677647334e-09,1.855873315451643936e-04,3.950768798900297705e-04
4.143441371541553053e+03,1.318945103041489934e-09,1.513122159839056099e-04,1.098150886752664868e-02
4.144617817132564596e+03,7.503354852937125664e-09,1.932279684903501172e-04,1.030278842637397628e-02
4.145794262723576139e+03,6.926477545810411567e-09,9.537188762861671827e-05,1.245711874269260673e-02
4.146970708314586773e+03,7.219970048269915201e-09,3.996326415360968950e-04,2.794910539684490602e-02
4.148147153905598316e+03,9.034019569166445280e-09,3.973613333444103355e-04,2.264756427007550213e-02
4.149323599496609859e+03,1.118795198724714664e-08,2.157373712832547628e-04,5.750879075147190961e-03
4.150500045087620492e+03,4.895929823588254172e-09,1.166781346438244881e-04,1.194133289380913329e-02
4.151676490678632035e+03,4.609939646202785417e-09,7.281641644861187119e-05,8.387333869966259042e-03
4.152852936269643578e+03,5.271706148740626409e-09,5.865279024642979704e-05,9.562113351730386693e-03
4.154029381860654212e+03,5.418967747933452255e-09,1.560453938960982211e-05,1.056224969803997056e-02
4.155205827451665755e+03,7.721180181033006292e-09,8.055433458199781041e-05,2.105438887958740665e-03
4.156382273042677298e+03,1.041751051223367255e-08,9.117130185425403367e-05,1.071763405318658553e-02
4.157558718633687931e+03,1.101930476180404731e-08,9.655767434754768206e-05,5.158478815279413619e-03
4.158735164224699474e+03,1.055959315901297826e-08,6.472132394653040027e-05,1.803879958977650660e-02
4.159911609815710108e+03,1.094601733847738957e-08,4.027101569378400817e-05,3.238719458212811070e-02
4.161088055406721651e+03,9.177451270357016587e-09,5.613809932399169578e-05,2.942396024008807690e-02
4.162264500997733194e+03,8.758104866381977101e-09,5.193434247392083951e-05,1.202120010255131564e-02
4.163440946588743827e+03,1.013840889070894937e-08,1.428385784979532662e-04,1.126755325196732507e-02
4.164617392179755370e+03,6.709042199518011890e-09,1.947358664746679738e-04,1.318894321576926341e-02
4.165793837770766913e+03,5.778290258007700163e-09,1.947425886897533845e-04,7.670175817685320925e-03
4.166970283361777547e+03,1.013367139766509190e-08,1.232628073911585013e-04,1.163691364759014127e-03
4.168146728952789090e+03,1.288176904355046364e-08,1.166994680640921664e-04,4.595700284806729721e-03
4.169323174543800633e+03,1.418506546749102140e-08,1.223311280511655283e-04,7.086077481857169270e-03
4.170499620134811266e+03,9.341061819219614899e-09,1.931709151246408017e-04,1.243550546997608010e-02
4.171676065725822809e+03,8.140214980350967576e-09,3.075721793369276752e-04,1.166189234919467153e-02
4.172852511316834352e+03,1.240823899389361483e-08,2.844763757231516792e-04,5.912301684347892605e-03
4.174028956907844986e+03,3.365269356924493621e-09,6.697122658033723554e-05,1.297829025162992519e-02
4.175205402498856529e+03,9.616866812328974742e-09,4.408206451784488309e-04,1.880164627547481482e-02
4.176381848089868072e+03,4.047502796575610812e-09,2.680967039459639686e-04,1.947779090517982870e-02
4.177558293680878705e+03,2.129965352270443943e-08,1.233736264750433850e-03,8.947519860452396445e-02
4.178734739271890248e+03,3.168134775149866774e-08,1.806483999691648043e-03,1.288615465229797918e-01
4.179911184862901791e+03,2.390534015148700246e-08,1.272064661434473866e-03,8.980442372619469593e-02
4.181087630453912425e+03,2.998173923658123423e-09,5.480293075626494961e-05,1.725910269941292874e-02
4.182264076044923968e+03,3.287001142376855548e-09,4.296902059703855371e-04,2.489146489265090662e-02
4.183440521635935511e+03,6.598237094248556189e-09,2.090200509766869299e-04,7.260387949306937837e-03
4.184616967226946144e+03,9.539796321580718808e-10,1.935442174942080841e-04,9.525448147249999248e-03
4.185793412817957687e+03,3.901830890685032098e-09,2.875223255287098528e-04,1.026486933419031543e-02
4.186969858408969230e+03,4.288014447251180115e-09,1.386615864250443405e-04,8.451334427444423189e-03
4.188146303999979864e+03,6.719798767860112705e-09,1.388491930279180293e-04,8.875455103087414449e-03
4.189322749590991407e+03,6.745056951291877581e-09,1.692294938033664039e-04,7.214926934087282327e-03
4.190499195182002950e+03,3.909068766979085662e-09,1.437117518201283496e-04,7.928244020520579249e-03
4.191675640773013583e+03,1.520837683527075278e-09,1.659869414987408330e-04,1.453054045719141991e-02
4.192852086364025126e+03,5.004253229207922945e-09,1.878863653550955797e-04,2.114391389739175842e-02
4.194028531955036669e+03,9.694764331923910213e-09,2.150295863573914511e-04,1.211834082336305136e-02
4.195204977546047303e+03,1.208096983024347459e-08,1.689876830947146635e-04,8.483241058155800360e-03
4.196381423137058846e+03,1.254994461608263319e-08,1.272009441746009724e-04,1.025335212005051670e-02
4.197557868728070389e+03,1.118493970281079400e-08,1.742760207183035475e-04,9.879235109633711931e-03
4.198734314319081022e+03,5.558186967864845586e-09,1.598413302325919533e-04,1.158457363144071821e-02
4.199910759910092565e+03,6.698254360007229237e-09,8.480316881969298759e-05,1.220143197957618449e-02
4.201087205501103199e+03,2.708266634991140274e-09,5.558198085988501482e-05,1.396976582420837720e-02
4.202263651092114742e+03,4.285074420970470848e-09,1.045685385181343473e-04,1.699133690771238367e-02
4.203440096683126285e+03,4.315680263384128287e-09,1.263271784534821603e-04,1.473386527240625604e-02
4.204616542274136918e+03,1.365875630929439591e-09,2.083325647025132494e-04,1.003676290788193572e-02
4.205792987865148461e+03,5.581637584032457246e-09,1.178906271437019310e-04,4.382198332181798037e-03
4.206969433456160004e+03,3.537059952648332644e-09,7.643638857247633085e-05,1.542368203594657143e-02
4.208145879047170638e+03,6.714646658836708380e-09,1.358735918560631062e-04,1.356120217700180867e-02
4.209322324638182181e+03,7.936494199988753090e-09,1.599141176758055020e-04,8.919349672541033308e-03
4.210498770229193724e+03,4.933489863226433579e-09,2.173714566316017015e-04,1.038030349312120230e-02
4.211675215820204357e+03,6.346166629605531522e-09,2.733646043048518800e-04,9.252417379524317115e-03
4.212851661411215900e+03,1.294288842669910350e-08,2.482331485551097215e-04,8.096715639887055657e-03
4.214028107002227443e+03,1.599642946123087455e-08,2.834034077217034557e-04,1.285425344115191833e-02
4.215204552593238077e+03,1.088616157141631326e-08,2.227470793670440245e-04,1.977166011794176392e-02
4.216380998184249620e+03,9.571817109267320520e-09,1.146883258337799710e-04,1.196780611926002817e-02
4.217557443775261163e+03,9.154706582430009503e-09,2.261723109348296303e-04,8.978978807749799645e-03
4.218733889366271796e+03,8.749651042875251224e-09,3.171749715700771942e-04,5.074486185324695274e-03
4.219910334957283339e+03,4.986761942925812905e-09,5.541448637194168556e-05,6.179480995321348126e-03
4.221086780548294882e+03,9.784058117469603347e-09,2.495337624861067218e-04,1.227554174385626570e-02
4.222263226139305516e+03,5.839667066234066633e-09,2.331729439065507905e-04,1.519640608940135001e-02
4.223439671730317059e+03,8.236774457866917402e-09,2.030704910249542228e-04,1.209087216315749870e-02
4.224616117321328602e+03,1.337167117767172014e-08,1.743752031008234552e-04,7.176514836035802376e-03
4.225792562912339235e+03,1.476098252576620625e-08,1.121657455499028007e-04,5.565768973915039344e-03
4.226969008503350778e+03,1.552584669745262315e-08,5.258029452119903610e-05,1.022843800964972315e-02
4.228145454094362321e+03,1.764190952855786076e-08,1.452591759242881440e-04,8.095282879289128139e-03
4.229321899685372955e+03,1.556418553844406022e-08,9.785595046162036880e-05,7.754189419039702984e-03
4.230498345276384498e+03,1.314152059375929504e-08,1.783443199470744075e-04,1.564627986201267903e-02
4.231674790867396041e+03,6.301316875113160942e-09,2.290123184336969003e-04,1.316922276904545532e-02
4.232851236458406675e+03,4.185247179464107367e-09,1.171992415937646341e-04,7.446700493967677199e-03
4.234027682049418218e+03,2.881391338481034889e-09,1.081913397948325382e-04,1.674412183877925508e-02
4.235204127640428851e+03,5.110257173270160633e-09,7.347719277779940820e-05,2.101188415801668458e-02
4.236380573231440394e+03,8.490831832333574338e-09,1.013217797183203739e-04,6.191205162654631923e-03
4.237557018822451937e+03,9.929362997361789173e-09,1.371043320741372655e-04,1.125499319837086100e-02
4.238733464413462571e+03,8.940981114847487724e-09,9.200921654248245133e-05,6.505727487386227074e-03
4.239909910004474114e+03,1.122006544349647349e-08,3.802605830416102390e-05,1.600272313113874911e-02
4.241086355595485657e+03,1.144307731074645767e-08,1.375132926779350792e-04,1.381722619805908318e-02
4.242262801186496290e+03,1.115625948230564959e-08,1.208642754557665407e-04,1.192283905237312251e-02
4.243439246777507833e+03,7.892556797810854207e-09,8.470027053333447557e-05,1.013134786031121351e-02
4.244615692368519376e+03,8.947816009997788980e-09,2.403994406966012548e-04,2.002482980559177131e-02
4.245792137959530010e+03,8.067574804015708723e-09,3.314178473337628622e-04,1.783983325232685671e-02
4.246968583550541553e+03,5.177516308561705410e-09,3.211833170999603892e-04,1.212111484343971618e-02
4.248145029141553096e+03,9.399615234517972724e-10,1.993485010413103458e-04,5.737520031321052816e-03
4.249321474732563729e+03,5.586366230922400652e-09,1.312559720585176253e-04,1.477813473587340914e-02
4.250497920323575272e+03,2.778143700008425067e-10,3.063846277125362324e-04,1.339411750575434344e-02
4.251674365914586815e+03,9.827628112412239782e-09,1.956538994716283425e-04,1.182261666787821387e-02
4.252850811505597449e+03,1.112215656358813368e-08,1.918274733659524928e-04,1.608196525252837683e-02
4.254027257096608992e+03,7.663818844758921762e-09,5.019076056995766533e-04,2.490885371009292013e-02
4.255203702687620535e+03,1.140793042288515896e-08,3.323806295702297830e-04,1.346898681412520005e-02
4.256380148278631168e+03,8.265293582105898780e-09,2.339508948800329716e-04,6.876999034361852732e-03
4.257556593869642711e+03,1.086629386205470294e-08,2.086113022046489588e-04,1.436530134525054909e-02
4.258733039460654254e+03,9.333864052220490165e-09,1.670236878300629564e-04,9.576344221927757944e-03
4.259909485051664888e+03,9.800263965606261774e-09,2.938838403163924974e-05,8.071769760420668613e-03
4.261085930642676431e+03,8.841932211422478108e-09,1.150630559336231771e-04,9.140007543318973485e-03
4.262262376233687974e+03,9.182993969010270593e-09,1.470872992287655548e-04,1.263453274091180453e-02
4.263438821824698607e+03,1.180349071561502008e-08,1.679169451080552084e-04,1.799370486375112196e-02
4.264615267415710150e+03,1.028011340836282559e-08,1.527155020901281449e-04,1.357263126839632073e-02
4.265791713006721693e+03,6.202415348209139020e-09,6.390806515548126936e-05,8.751181363988518383e-03
4.266968158597732327e+03,5.533393409683199905e-09,1.295750713366309031e-04,1.814221736053016690e-02
4.268144604188743870e+03,3.668714160144728651e-09,1.138403936781104501e-04,1.173252102756975820e-02
4.269321049779755413e+03,3.566125155214576023e-09,1.258168694835236215e-04,5.020371297426128032e-03
4.270497495370766046e+03,1.753380813289475289e-09,6.204347374755404636e-05,1.165843877912041589e-02
4.271673940961777589e+03,4.076060282985548042e-09,6.634721238189751668e-05,5.543396836637189129e-03
4.272850386552789132e+03,5.772358036589500074e-09,1.042296479009035626e-04,1.086153376168563084e-02
4.274026832143799766e+03,8.637902653415354860e-09,1.497713586197893412e-04,1.605836772469520363e-02
4.275203277734811309e+03,1.031644749624174781e-08,1.699996242383945331e-04,1.645456566914323127e-02
4.276379723325821942e+03,9.907138512211440851e-09,1.546116938670008848e-04,1.533651403623003534e-02
4.277556168916833485e+03,1.385181682352517715e-08,1.314543365877956181e-04,8.558984644404512773e-03
4.278732614507845028e+03,1.461679360954137270e-08,1.210611549444203297e-04,6.678681571175568328e-03
4.279909060098855662e+03,8.637210940902072146e-09,2.012826042539508052e-04,5.541952996981875691e-03
4.281085505689867205e+03,1.146310850953553096e-08,2.160136544171239591e-04,4.355907868977918276e-03
4.282261951280878748e+03,1.112037179418644302e-08,1.890712145942848531e-04,8.082508292285911153e-03
4.283438396871889381e+03,7.742826322932935100e-09,8.886596199174574048e-05,7.071359779000955040e-03
4.284614842462900924e+03,1.175122168467415147e-08,5.544474472822703029e-05,3.637361182503163603e-03
4.285791288053912467e+03,1.306542109401345081e-08,3.772673947363440261e-05,1.659297503884408055e-03
4.286967733644923101e+03,1.299107248752727800e-08,1.228594209139013190e-04,6.425435098516451247e-03
4.288144179235934644e+03,1.731796922035059197e-08,1.253302124412957505e-04,3.664213465313845113e-03
4.289320624826946187e+03,1.150421861989291305e-08,2.051501886488143155e-04,6.450952097325040636e-03
4.290497070417956820e+03,1.305605970616825316e-08,5.947490868802054028e-05,9.523279612006762054e-03
4.291673516008968363e+03,1.091687893150198797e-08,1.382964929781115037e-04,8.984920122420980010e-03
4.292849961599979906e+03,4.134646698139023295e-09,1.746675344051608705e-04,2.845139901188953758e-03
4.294026407190990540e+03,8.029431250328975973e-09,2.253785884360482697e-04,9.085369154033051328e-03
4.295202852782002083e+03,1.852521759153152663e-09,2.848505959931802757e-04,1.613180373950155386e-02
4.296379298373013626e+03,5.667093615241736291e-09,2.726529642589942300e-04,1.258824513138940421e-02
4.297555743964024259e+03,3.004512582637482665e-09,1.951979716063077059e-04,4.478811924035716076e-03
4.298732189555035802e+03,1.970168472850865201e-09,4.667656880666418243e-05,3.145144305029354097e-03
4.299908635146047345e+03,3.068331203788002334e-09,4.753124440670723717e-05,2.161931806731824321e-03
4.301085080737057979e+03,3.370325024295493528e-09,1.111167826106876179e-05,5.877981060387412957e-03
4.302261526328069522e+03,2.989423915235856871e-09,5.859263967239869279e-05,8.639168615991297054e-03
4.303437971919081065e+03,1.944486635980762591e-09,4.295832454493010580e-05,5.666107271273931358e-03
4.304614417510091698e+03,3.051055717413233725e-09,5.085169885664623678e-05,7.025775940869458894e-04
4.305790863101103241e+03,2.087369581434980302e-09,1.941982841196503799e-05,5.286347901171137981e-03
4.306967308692114784e+03,1.660090708738678670e-09,7.374508418773448776e-06,3.759536786747709903e-03
4.308143754283125418e+03,2.943004942821413760e-09,4.116689780202163572e-05,7.227112860449590864e-03
4.309320199874136961e+03,4.153937276228730259e-09,1.732880130579339032e-05,9.060248528720624486e-03
4.310496645465147594e+03,4.841890775427360336e-09,4.908708483154447809e-05,1.393644877340384329e-02
4.311673091056159137e+03,3.686031991051825819e-09,6.345912599695937000e-05,1.937702110166320641e-03
4.312849536647170680e+03,2.859908453190611630e-09,9.163853247994318727e-05,9.655625555117947414e-03
4.314025982238181314e+03,3.139967925650548626e-09,5.530087635097601507e-05,1.026293829583915969e-02
4.315202427829192857e+03,5.198550865362983014e-09,9.514763945386380429e-05,1.034951955886522293e-02
4.316378873420204400e+03,4.972322090022771511e-09,1.160510416497568219e-04,1.488150132388672831e-02
4.317555319011215033e+03,7.484456104209337696e-09,1.188066430976196725e-04,1.427533650765990154e-02
4.318731764602226576e+03,1.004506629774920308e-08,7.682851819449248727e-05,3.825332450306117779e-03
4.319908210193238119e+03,8.274309203646800568e-09,1.376630598462661261e-04,8.398977716783240580e-03
4.321084655784248753e+03,1.107911715954044105e-08,1.402863676517089272e-04,1.096359225538295380e-03
4.322261101375260296e+03,1.198767295498788620e-08,6.609398185646537312e-05,6.600830490496627928e-03
4.323437546966271839e+03,8.453453753998377212e-09,2.913352623776867853e-04,7.819631401292883102e-03
4.324613992557282472e+03,1.297328130006322979e-08,2.492153657956141816e-04,1.052587283383292320e-02
4.325790438148294015e+03,4.872643200296612518e-09,1.144074866444216908e-04,6.660649795387973623e-03
4.326966883739305558e+03,6.285316441866418722e-09,2.772972343078649107e-04,9.737421212956521785e-03
4.328143329330316192e+03,7.649489559705411954e-09,5.160564922971839011e-04,2.238171843548521917e-02
4.329319774921327735e+03,7.539497966415200358e-09,4.314076711150018127e-04,2.092087695967714128e-02
4.330496220512339278e+03,2.939634018893837662e-09,1.681798499617591684e-04,7.421978139602254318e-03
4.331672666103349911e+03,4.353594547863538330e-09,7.865180388201038634e-05,4.138270871699714464e-03
4.332849111694361454e+03,3.637015638292555219e-09,9.790830077762537932e-05,5.029775858230375006e-03
4.334025557285372997e+03,3.779849762511166998e-09,1.519598856815726105e-04,6.696580978837566277e-03
4.335202002876383631e+03,6.811783666111202500e-09,8.801874452923177429e-05,4.966266761252522387e-03
4.336378448467395174e+03,8.997223213642135078e-09,1.406216864301177512e-04,3.355228275269048904e-03
4.337554894058406717e+03,9.289688375563401298e-09,1.384789056197614039e-04,5.154818706175006739e-03
4.338731339649417350e+03,5.892083331121610105e-09,4.443717562454102793e-05,4.813996919108516799e-03
4.339907785240428893e+03,5.651908774136939807e-09,6.082538781632639002e-05,1.351643419471348397e-02
4.341084230831440436e+03,3.768352353835621657e-09,4.054630279092848725e-05,7.975662880763135718e-03
4.342260676422451070e+03,2.958380810321072598e-09,9.242311583436452649e-05,5.616607211218481964e-03
4.343437122013462613e+03,5.668030308351845374e-09,5.587922684325430926e-05,4.960402215794547202e-03
4.344613567604474156e+03,5.752072501748759016e-09,1.261004094409305979e-04,1.045277589595330209e-02
4.345790013195484789e+03,5.280718245528446690e-09,7.700487308778720421e-05,1.390113537403172639e-03
4.346966458786496332e+03,5.381299281098659755e-09,3.399140116120091771e-05,6.335188183241225422e-03
4.348142904377507875e+03,4.880505640088001004e-09,2.470438857562525507e-05,5.036190635245262059e-03
4.349319349968518509e+03,4.351078903274790564e-09,5.202222564973201088e-05,6.334282652556233115e-03
4.350495795559530052e+03,7.193018630580151333e-09,9.286745305853184309e-05,1.224445996765203409e-02
4.351672241150540685e+03,7.999565773937963592e-09,4.058496273835973949e-05,5.470700668642016103e-03
4.352848686741552228e+03,8.428664263149525008e-09,1.085558115648463791e-04,2.369920320635215179e-03
4.354025132332563771e+03,7.641550174772594813e-09,1.499932983695098567e-04,2.771867772197956960e-03
4.355201577923574405e+03,1.006840394735866353e-08,1.851373510129655602e-04,1.188769812508841568e-02
4.356378023514585948e+03,8.380610088674902010e-09,1.879180187044102255e-04,1.090059608632549561e-02
4.357554469105597491e+03,6.549819607780865651e-09,7.619282383518566305e-05,7.189157929386824283e-03
4.358730914696608124e+03,1.088986518080466040e-08,1.172727578523651438e-04,7.473615395971962110e-03
4.359907360287619667e+03,9.983844171474499790e-09,6.292495745775002897e-05,5.978591242162452531e-03
4.361083805878631210e+03,1.321516614679811164e-08,1.513308921972159580e-04,4.667908412537114839e-03
4.362260251469641844e+03,1.088638423759161077e-08,1.912894282892645451e-04,1.433801866611659863e-02
4.363436697060653387e+03,1.015718639763680232e-08,2.189793938697562326e-04,1.427370993887447717e-02
4.364613142651664930e+03,1.001105976654618094e-08,1.828765728470026236e-05,4.589489321630965332e-03
4.365789588242675563e+03,1.088881263850723505e-08,2.171088526583500491e-04,1.227695862983835956e-02
4.366966033833687106e+03,8.065107299151124968e-09,1.370465915877275786e-04,7.299588041325954027e-03
4.368142479424698649e+03,9.470487501268219736e-09,2.371316628655902069e-04,6.414154614612864978e-03
4.369318925015709283e+03,8.755907898743669362e-09,2.097571568044335913e-04,7.599139392547938146e-03
4.370495370606720826e+03,3.447590927350055242e-09,9.375077878977167362e-05,9.894621408672489224e-03
4.371671816197732369e+03,3.452432502779221609e-09,9.274110653229977177e-05,8.605816718433641210e-03
4.372848261788743002e+03,3.030546243137805268e-09,1.960697275621397899e-04,8.276293501686867934e-03
4.374024707379754545e+03,3.358363126699112663e-09,2.498171817701935662e-04,1.094519741000947108e-02
4.375201152970766088e+03,7.080315419034115754e-09,1.943409804882882566e-04,8.010273818145782071e-03
4.376377598561776722e+03,6.012138067672993045e-09,1.275399077481972746e-04,2.771118492010368143e-03
4.377554044152788265e+03,3.658449994778811072e-09,1.375495619267482938e-05,1.016100120206028974e-02
4.378730489743799808e+03,2.998896194386012122e-09,6.949544453839819611e-05,1.225812278976020665e-02
4.379906935334810441e+03,1.853857546440230396e-09,4.941809863304736777e-05,1.107639410342040921e-02
4.381083380925821984e+03,2.827958228572667177e-09,7.822603874427256699e-05,3.028472865763014599e-03
4.382259826516833527e+03,3.702587363160253412e-09,7.047540181864094726e-05,1.118416968377985467e-02
4.383436272107844161e+03,5.352007608353486560e-09,9.403902089515488128e-05,6.057689968145943404e-03
4.384612717698855704e+03,8.537274892139701897e-09,8.909742098749378475e-05,6.942263725841126519e-03
4.385789163289866337e+03,1.187371321817828547e-08,8.028432828118338448e-05,2.844892499563337219e-03
4.386965608880877880e+03,1.298345161089430240e-08,8.145016517230102213e-05,8.118445370796700811e-03
4.388142054471889423e+03,1.337770656742838351e-08,1.038398216976320077e-04,6.345770729168481381e-03
4.389318500062900057e+03,1.338150213161544727e-08,3.792730290235658304e-05,9.406868039489382771e-03
4.390494945653911600e+03,1.569406345495744163e-08,5.813871058900589508e-05,1.701190084882422265e-02
4.391671391244923143e+03,1.609217487703062766e-08,7.579055639770212679e-05,8.517885319279407813e-03
4.392847836835933776e+03,1.523414270120581108e-08,7.961343214812469690e-05,4.353595532313210906e-03
4.394024282426945319e+03,1.285903783833529838e-08,1.331677752700406096e-04,6.532908922522036657e-03
4.395200728017956862e+03,7.416378331764453371e-09,1.478334096855120968e-04,5.619437541359532419e-03
4.396377173608967496e+03,5.672091748711293699e-09,1.311639256293660200e-04,5.351932919902747075e-03
4.397553619199979039e+03,4.290959315776895668e-09,1.095553738649440121e-04,4.881697005225490993e-03
4.398730064790990582e+03,1.406984312166964848e-09,5.463637770442459778e-05,7.748982397970356935e-03
4.399906510382001215e+03,5.234427898253164780e-09,2.660797757926004737e-04,1.648687265578286862e-02
4.401082955973012758e+03,3.227239836302441269e-09,3.861425343400610392e-04,1.564956289123713151e-02
4.402259401564024301e+03,9.112121557828595145e-09,4.235623688713566854e-04,1.225217279344820338e-02
4.403435847155034935e+03,1.007488926599212216e-08,3.889774756693338228e-04,1.332986687850210190e-02
4.404612292746046478e+03,3.758450245822799180e-09,3.178691247688291408e-04,9.306870876003302956e-03
4.405788738337058021e+03,1.057994190572362409e-08,2.920425424515786712e-04,7.653895818639412305e-03
4.406965183928068654e+03,1.272316348881907743e-08,2.533757064007312776e-04,1.022975012004890237e-02
4.408141629519080197e+03,1.054160443348586169e-08,1.490921015516183260e-04,8.302544530925257127e-03
4.409318075110091740e+03,1.087947392703630885e-08,1.433210704873618161e-04,7.190426225473901464e-03
4.410494520701102374e+03,1.348788116741908275e-08,5.240676943364591325e-05,2.193090706965633140e-03
4.411670966292113917e+03,1.419399919615382785e-08,6.986538805440808812e-05,3.699480121079793543e-03
4.412847411883125460e+03,1.409642065224559044e-08,1.309500568736104607e-04,1.022122043965678628e-03
4.414023857474136094e+03,1.557757384501672939e-08,9.850780319507670274e-05,4.094415933694453905e-03
4.415200303065147637e+03,1.308761870944770658e-08,3.654759517238935349e-05,9.326868601049035507e-03
4.416376748656159180e+03,1.276961640174193617e-08,2.009864197050270022e-05,8.620236741332793634e-03
4.417553194247169813e+03,1.286027488806291088e-08,5.261880601851717175e-05,6.015143547467857212e-03
4.418729639838181356e+03,1.097944934255409770e-08,5.422627944108330888e-05,9.272669368899392681e-03
4.419906085429192899e+03,1.124939754770478276e-08,4.838253721835265349e-05,9.645783225051383566e-03
4.421082531020203533e+03,1.129560011131104201e-08,5.646363881242536626e-05,7.159194410494722216e-03
4.422258976611215076e+03,1.189416494576606542e-08,5.617371880027066699e-05,6.316306474686696031e-03
4.423435422202226619e+03,1.203760955741747954e-08,7.440212551696731352e-05,5.303426282408817659e-03
4.424611867793237252e+03,1.273344381141328734e-08,5.088931203532820631e-05,4.967312885551686437e-03
4.425788313384248795e+03,1.273752647076690205e-08,5.798412350955848253e-05,7.019795581818433390e-03
4.426964758975259429e+03,1.271810775752116510e-08,8.039228003050709575e-05,8.256956321528724843e-03
4.428141204566270972e+03,1.216235224833862323e-08,6.139345574200802890e-05,7.414575931357082240e-03
4.429317650157282515e+03,1.067409402999799642e-08,2.725807097537176469e-05,4.871076485148272475e-03
4.430494095748293148e+03,9.451260771063164292e-09,3.325063500812578917e-05,1.515245709180543417e-03
4.431670541339304691e+03,6.580875486606005667e-09,3.350926054949455741e-05,2.467076823252088366e-03
4.432846986930316234e+03,4.743056307809035400e-09,7.361841719858206292e-05,2.123041593174585830e-03
4.434023432521326868e+03,3.574745737594670379e-09,5.248004518037134499e-05,3.379622108327956075e-03
4.435199878112338411e+03,7.937599846696656213e-09,1.253218408113556141e-04,7.473629126559560437e-03
4.436376323703349954e+03,9.606696264347544887e-09,1.642088672186848273e-04,8.250963858205485890e-03
4.437552769294360587e+03,7.606853335998484463e-09,1.401777467961984314e-04,1.385692767791450904e-02
4.438729214885372130e+03,4.693961422100834762e-09,1.689528393216362177e-04,1.415055267286534531e-02
4.439905660476383673e+03,2.973186830028060748e-09,1.393501932874778191e-04,8.034411599160894493e-03
4.441082106067394307e+03,4.851650840671936917e-09,9.691906151058006134e-05,6.489467012325061610e-03
4.442258551658405850e+03,4.583784911260193760e-09,1.564020632402103345e-04,1.298580583305673081e-02
4.443434997249417393e+03,4.748797062135465717e-09,1.806129966077240788e-04,1.034676417731555248e-02
4.444611442840428026e+03,9.296849085900572795e-09,1.958130212883044292e-04,3.849275628448547634e-03
4.445787888431439569e+03,1.254217053671141593e-08,1.741694786421193260e-04,5.625419751301947296e-03
4.446964334022451112e+03,8.957709542597726897e-09,1.516717768924646719e-04,8.583223300575273940e-03
4.448140779613461746e+03,9.011642732727217454e-09,1.359552553798815979e-04,5.097134969085348119e-03
4.449317225204473289e+03,1.080160245045446415e-08,1.316463316990994681e-04,5.433140987177002834e-03
4.450493670795484832e+03,1.352573922210683802e-08,2.012625197159082337e-04,1.466468089038764147e-02
4.451670116386495465e+03,1.260430983566456152e-08,2.596404945542603922e-04,1.845235176167658864e-02
4.452846561977507008e+03,1.208659982681477756e-08,1.851472003183144343e-04,1.171684160341019028e-02
4.454023007568518551e+03,1.500770738533284745e-08,1.124794267991692536e-04,7.159519334113316480e-03
4.455199453159529185e+03,1.736791868227668854e-08,9.382052669054690873e-05,7.208684675347494866e-03
4.456375898750540728e+03,1.766060746346723149e-08,8.652625115264431352e-05,4.455095718943566201e-03
4.457552344341552271e+03,1.568786439614300342e-08,3.208826222561397308e-05,8.062208438323037116e-03
4.458728789932562904e+03,1.427344363460773363e-08,1.630661191339778974e-05,1.019596975303532251e-02
4.459905235523574447e+03,1.331078635221460711e-08,5.204427409698174334e-05,1.215591073204182714e-02
4.461081681114585081e+03,1.292179863153894439e-08,7.749478771099093126e-05,1.276963438221468197e-02
4.462258126705596624e+03,1.260378430883132330e-08,7.983386655316115639e-05,9.863426072542147427e-03
4.463434572296608167e+03,1.130935567933943683e-08,4.112377698779652997e-05,5.067283701774202669e-03
4.464611017887618800e+03,9.988724397604601550e-09,3.111447115604861797e-05,1.614147319200237660e-03
4.465787463478630343e+03,7.825551765229588150e-09,4.538450996692109296e-05,9.713577492520247825e-03
4.466963909069641886e+03,8.585975933776041471e-09,1.530911844420865784e-04,1.046801962768295798e-02
4.468140354660652520e+03,9.858879980647522868e-09,1.297034112671155523e-04,4.738257352556596823e-03
4.469316800251664063e+03,9.211939835213681561e-09,2.648048540579544386e-05,1.576281308275182414e-03
4.470493245842675606e+03,1.122675284568659557e-08,4.221396428819114340e-05,2.850538653858641826e-03
4.471669691433686239e+03,1.270336353311650974e-08,7.044541124892332346e-05,7.805435938555088139e-03
4.472846137024697782e+03,1.144702326767835168e-08,2.145656220370086562e-04,1.906560766291226852e-02
4.474022582615709325e+03,1.069862933220542483e-08,2.619151475276434104e-04,1.394115529882267689e-02
4.475199028206719959e+03,1.396129857863400515e-08,2.075485208936113921e-04,7.225813542916408212e-03
4.476375473797731502e+03,5.965878396232015692e-09,3.681939095756999185e-04,2.120109754888703513e-02
4.477551919388743045e+03,9.162562187159842572e-09,4.641744177099627337e-04,2.291153775484478308e-02
4.478728364979753678e+03,1.131677268929842695e-08,3.779399446101259466e-04,1.595778034526194530e-02
4.479904810570765221e+03,3.530584790986939029e-09,2.468266512615069743e-04,1.121654078848287328e-02
4.481081256161776764e+03,4.774202846057167917e-09,2.190096665225510085e-04,7.234494675403742650e-03
4.482257701752787398e+03,3.310448636839342486e-09,1.239020221337105076e-04,3.388591546350232676e-03
4.483434147343798941e+03,2.006507233786875649e-09,9.296217027791425476e-05,3.292463976863596771e-03
4.484610592934810484e+03,2.703163702891339873e-09,4.196258965553432258e-05,1.065138146163868314e-03
4.485787038525821117e+03,2.336900719325923040e-09,6.505168697247690820e-05,2.845617101706825192e-03
4.486963484116832660e+03,3.581673518454470581e-09,1.428000889576280493e-04,7.350189541348903233e-03
4.488139929707844203e+03,2.712877436757726638e-09,1.369813810548754741e-04,3.975492254359766497e-03
4.489316375298854837e+03,1.886998510481315283e-09,1.591914508034441222e-04,1.344093746559263175e-03
4.490492820889866380e+03,4.437156159392848050e-09,1.120402357705781009e-04,2.249879051481573546e-03
4.491669266480877923e+03,7.488017928516675778e-09,1.010973449148578219e-04,4.011106219878536779e-03
4.492845712071888556e+03,6.570900500331591353e-09,8.613618285948057194e-05,5.141613441284422804e-03
4.494022157662900099e+03,4.860812368965717247e-09,5.670395978179572908e-05,6.903198576915518109e-03
4.495198603253911642e+03,4.091430957987583659e-09,7.966017060314462776e-05,7.886187811568842743e-03
4.496375048844922276e+03,2.453799131337523750e-09,1.051094883231442901e-04,3.621940379987421445e-03
4.497551494435933819e+03,2.341818581258214470e-09,6.090305838366825736e-05,3.064515087819400917e-03
4.498727940026945362e+03,2.725296945340693388e-09,2.834470276667080683e-05,4.461886744783856960e-03
4.499904385617955995e+03,3.181523319921301100e-09,2.745277391661798657e-05,6.391655308419512578e-03
4.501080831208967538e+03,2.528306185812413157e-09,1.947509607052936895e-05,1.591223650831298259e-03
4.502257276799978172e+03,2.910835204812009032e-09,1.679190334295398331e-05,4.999710620577042103e-03
4.503433722390989715e+03,4.781212004363274015e-09,4.132329557028619995e-05,6.408807294149642883e-03
4.504610167982001258e+03,8.884263519153290948e-09,7.673958526581051804e-05,1.168328515610394559e-02
4.505786613573011891e+03,1.086110015478438795e-08,4.022775343880561423e-05,1.138379370033142796e-02
4.506963059164023434e+03,1.071272380612191343e-08,1.134175982573767998e-04,7.341614328031571303e-03
4.508139504755034977e+03,1.147555818149067023e-08,8.869088502672851817e-05,1.907091691932259183e-03
4.509315950346045611e+03,9.434496866817216166e-09,7.543787170091625937e-05,6.658073068591082062e-03
4.510492395937057154e+03,8.628370296365952530e-09,8.895247230662487923e-05,4.775429613974681298e-03
4.511668841528068697e+03,6.465614108473370223e-09,1.352737336350295070e-04,1.064960197127951848e-02
4.512845287119079330e+03,3.184858922034024975e-09,1.629565959078598035e-04,6.328279470999307287e-03
4.514021732710090873e+03,6.703105428712196147e-09,1.659814420499967544e-04,1.231626329308373874e-02
4.515198178301102416e+03,6.183479685666364268e-09,2.151665498333651234e-04,1.810286913880008314e-02
4.516374623892113050e+03,2.995163936612820295e-09,1.930419793436723987e-04,1.288044313737797542e-02
4.517551069483124593e+03,5.279828404869786659e-09,1.932492986937237728e-04,9.040798991704962137e-03
4.518727515074136136e+03,7.357864531539131431e-09,2.217923303994869379e-04,9.665885992074022687e-03
4.519903960665146769e+03,4.696625292751151072e-09,1.366224844613221135e-04,4.639366407485993535e-03
4.521080406256158312e+03,4.561851694962105742e-09,5.090328353803396386e-05,5.389700223905427058e-03
4.522256851847169855e+03,6.087300225786606090e-09,5.350154001094663237e-05,9.979703749097812784e-03
4.523433297438180489e+03,7.202951267793374845e-09,1.291197936196246019e-04,6.186220147521498576e-03
4.524609743029192032e+03,6.650604367837713065e-09,1.104601606912642732e-04,8.511637121238736781e-03
4.525786188620203575e+03,7.090731725263966268e-09,6.552629797926276078e-05,4.431802383304790996e-03
4.526962634211214208e+03,7.851759690709368017e-09,9.205569508090511756e-05,9.968787207791056718e-03
4.528139079802225751e+03,7.220571603320091747e-09,7.075374199877597109e-05,9.806507826594522761e-03
4.529315525393237294e+03,7.655821817744113011e-09,2.880474671643120177e-05,9.865591889817190360e-03
4.530491970984247928e+03,7.070314656229210155e-09,5.886037423199501128e-05,6.534178561076612116e-03
4.531668416575259471e+03,7.422062992910138639e-09,1.314120107547087231e-04,1.659408134492074485e-02
4.532844862166271014e+03,5.553246886094704583e-09,1.248672652313722610e-04,1.567309658609500680e-02
4.534021307757281647e+03,2.861387865344315256e-09,9.348830978070633250e-05,8.146717074498785113e-03
4.535197753348293190e+03,1.327922149964942394e-09,7.947350606093746153e-05,1.216336226559859394e-02
4.536374198939303824e+03,2.284005769668149853e-09,4.037361756922872822e-05,1.664103350401840292e-02
4.537550644530315367e+03,4.037110060743705876e-09,1.178820519976897714e-05,9.310320358059280543e-03
4.538727090121326910e+03,5.502155662446976497e-09,3.053641438626202611e-05,5.664601494316007409e-03
4.539903535712337543e+03,5.277392220752283209e-09,4.092869574802051452e-05,5.602798466241438666e-03
4.541079981303349086e+03,4.486725812341042752e-09,5.788041382011173760e-05,5.995161797925746246e-04
4.542256426894360629e+03,3.192097244791096156e-09,3.462794163015825850e-05,1.321537696778442034e-03
4.543432872485371263e+03,1.513158641519555306e-09,6.198409205636245980e-05,5.067310322159300322e-03
4.544609318076382806e+03,3.686152066266328867e-09,4.530756901146090624e-05,8.165129165349303830e-03
4.545785763667394349e+03,5.802547468039324784e-09,2.835885811722813231e-05,7.812403400387162543e-03
4.546962209258404982e+03,7.081496932121665097e-09,5.895930538964712613e-05,3.007941575289481504e-03
4.548138654849416525e+03,8.631906796606232669e-09,1.042299146310233924e-04,8.936272993969675976e-03
4.549315100440428068e+03,9.664188213666210047e-09,1.794553184345162996e-04,1.479369327894698195e-02
4.550491546031438702e+03,4.680187849009788586e-09,2.738002752093485160e-04,1.442247770118886170e-02
4.551667991622450245e+03,9.780226112439729187e-09,3.354583972434790093e-04,1.252630956938885487e-02
4.552844437213461788e+03,1.035019966982813304e-08,2.970804644367282471e-04,1.668333414434661210e-02
4.554020882804472421e+03,7.096781127475278343e-09,2.124328641529299336e-04,1.784395976541323578e-02
4.555197328395483964e+03,1.121713542593702791e-08,1.380001147295334299e-04,7.520136412825358281e-03
4.556373773986495507e+03,9.945135367066400339e-09,5.756014359926226679e-05,7.756048350614227517e-03
4.557550219577506141e+03,1.213363054980743915e-08,1.433251769310291547e-04,1.159416184476837891e-02
4.558726665168517684e+03,1.069054555375881571e-08,1.683114166431223552e-04,1.179020990624856692e-02
4.559903110759529227e+03,7.071029362559472360e-09,6.901287715926837923e-05,5.005346074341348109e-03
4.561079556350539860e+03,5.719157986831959328e-09,6.232098023929456007e-05,4.712425615650189803e-03
4.562256001941551403e+03,2.781952028413844407e-09,2.672618713306364757e-05,1.211197700254850601e-02
4.563432447532562946e+03,2.075844896971579746e-09,4.351339979328111031e-05,1.591375044052580762e-02
4.564608893123573580e+03,2.149680981049296998e-09,2.292093516674709755e-05,6.038437344035991333e-03
4.565785338714585123e+03,3.875446716537225667e-09,9.662248389252650962e-05,9.008700147818005793e-03
4.566961784305596666e+03,3.119692411104255296e-09,7.828399739101891931e-05,8.076660041019138869e-03
4.568138229896607299e+03,5.314748276669480787e-09,6.554042061362205622e-05,7.755201984740096519e-03
4.569314675487618842e+03,5.110246040859844266e-09,6.908213000447009362e-05,7.718925460106067574e-03
4.570491121078630385e+03,5.396191421241068159e-09,4.917486365802233034e-05,5.095900010598979589e-03
4.571667566669641019e+03,5.084388387762127497e-09,7.815730374474785011e-05,7.157667648767001428e-03
4.572844012260652562e+03,4.075026633493785729e-09,8.730026196590883923e-05,1.154282840896089617e-02
4.574020457851664105e+03,3.831339375585390688e-09,5.404280520895126858e-05,6.341717178021273257e-03
4.575196903442674738e+03,3.400574097491009040e-09,3.742498590573625457e-05,6.093073482742447644e-03
4.576373349033686281e+03,3.495196818066402025e-09,2.950474652450897571e-05,8.981988405517617527e-03
4.577549794624696915e+03,3.952200887439228420e-09,1.471510949421833955e-05,3.802540463886830077e-03
4.578726240215708458e+03,4.335629962026067320e-09,1.807004883957941927e-05,1.080102990848730423e-03
4.579902685806720001e+03,5.002446942046147303e-09,2.014340808347965010e-05,6.074364820278507077e-03
4.581079131397730634e+03,7.195165326777420305e-09,4.809463992697352340e-05,9.865173201977391060e-03
4.582255576988742177e+03,8.670816114020727559e-09,1.191330808437684465e-04,1.736477539112701168e-02
4.583432022579753720e+03,1.009548484449323063e-08,1.631324394720251190e-04,1.510165775986106566e-02
4.584608468170764354e+03,1.201641155397794915e-08,6.900546436847475155e-05,2.371060639243898188e-03
4.585784913761775897e+03,1.092750412192461344e-08,4.020954448969158216e-05,6.467924099572453477e-03
4.586961359352787440e+03,1.039160673294553016e-08,1.699237553158124646e-04,1.491936024805061607e-02
4.588137804943798074e+03,1.384716848096162488e-08,1.922114967543389369e-04,1.120437998927518997e-02
4.589314250534809617e+03,1.177625516336260497e-08,1.429786580861213893e-04,8.718216330543520493e-03
4.590490696125821160e+03,1.152433371489910439e-08,2.295514698241008867e-04,1.697257637655550169e-02
4.591667141716831793e+03,1.339618755762535691e-08,1.837767425861695813e-04,1.572811076342432723e-02
4.592843587307843336e+03,1.014424754229776071e-08,7.398902658028021239e-05,1.373265409007479003e-02
4.594020032898854879e+03,1.143212518783426391e-08,1.034443973613458073e-04,3.683156258616357859e-03
4.595196478489865513e+03,7.758283608958450534e-09,1.800779995576049300e-04,7.724609224855702103e-03
4.596372924080877056e+03,7.445790134052144977e-09,1.856209734257875145e-04,1.362170694606559991e-02
4.597549369671888599e+03,6.725521633827239146e-09,1.557956946868821783e-04,1.223282661605278043e-02
4.598725815262899232e+03,2.654017796277067710e-09,1.164436975154262464e-04,8.611607221994511605e-03
4.599902260853910775e+03,1.652533348200286921e-09,8.828884933932522197e-05,4.518003659405508098e-03
4.601078706444922318e+03,4.024933626339778228e-09,7.902908210516913139e-05,8.461285020267059545e-03
4.602255152035932952e+03,4.145138385075478329e-09,5.422991742354713669e-05,7.339732360657292079e-03
4.603431597626944495e+03,6.189237755113177797e-09,3.429420282661447932e-05,6.024774138237821465e-03
4.604608043217956038e+03,7.402431993775497596e-09,3.722697240637153532e-05,1.152830046572703680e-02
4.605784488808966671e+03,9.385165679529519060e-09,6.470967776401985450e-05,1.039876438143789820e-02
4.606960934399978214e+03,1.032815928172077363e-08,9.839027923505323672e-05,7.016441239313816157e-03
4.608137379990989757e+03,1.138311134578134911e-08,6.813346614520580219e-05,5.473188597631625102e-03
4.609313825582000391e+03,1.148029338474150890e-08,8.602215756857683931e-06,6.562672114963614229e-04
4.610490271173011934e+03,9.837424780950725750e-09,4.456833585176536835e-05,6.018899810085169381e-03
4.611666716764022567e+03,6.317037251928906489e-09,5.994246214229345462e-06,1.102398242966377666e-02
4.612843162355034110e+03,4.525372867308759835e-09,1.057601847044586002e-04,1.095459885544593052e-02
4.614019607946045653e+03,3.113699055054683400e-09,6.995407406300640737e-05,5.397580288821010423e-03
4.615196053537056287e+03,2.411525725014618894e-09,2.356429569446038581e-05,4.356354384629042807e-03
4.616372499128067830e+03,1.047497405167977089e-09,3.311514443503183012e-05,6.855325683273308379e-03
4.617548944719079373e+03,3.552088286121182931e-09,9.399181082432886360e-05,8.443916914000057158e-03
4.618725390310090006e+03,6.247970315106875190e-09,1.538386681062822118e-04,1.170119819941720617e-02
4.619901835901101549e+03,7.489450937665578099e-09,1.281486668290709042e-04,1.007068427048679778e-02
4.621078281492113092e+03,8.353941029095339488e-09,1.363127977850490198e-04,9.137511697278733955e-03
4.622254727083123726e+03,8.133679213127394922e-09,9.743067610991521324e-05,7.576676136452064995e-03
4.623431172674135269e+03,6.997308518206388841e-09,6.026245720999895970e-05,1.403942449845746801e-02
4.624607618265146812e+03,5.640939100644698247e-09,1.407367266164131993e-04,1.318974358980349454e-02
4.625784063856157445e+03,8.685549292280259428e-10,2.652151334138300740e-04,1.417099901891877636e-02
4.626960509447168988e+03,3.737721349412403783e-09,2.313158450453273369e-04,1.567163502820872675e-02
4.628136955038180531e+03,3.010446746939373706e-09,2.357025245698483754e-04,1.195901430408682561e-02
4.629313400629191165e+03,1.767653821569350063e-09,9.374756753154572060e-05,1.380520933434109532e-02
4.630489846220202708e+03,6.412473622576394515e-09,1.999923671406014412e-04,6.743056064876977798e-03
4.631666291811214251e+03,5.002010629201726343e-09,1.187178541220500867e-04,1.188772630344804397e-02
4.632842737402224884e+03,5.087590085908037592e-09,1.193354056035570701e-04,1.211503137639185351e-02
4.634019182993236427e+03,4.350354097900000638e-09,3.204772810981538697e-05,4.283244346782970682e-03
4.635195628584247970e+03,4.950032636420768284e-09,6.958541170065423223e-05,2.392572016779605411e-03
4.636372074175258604e+03,4.838413295808159946e-09,6.261292353401944435e-05,1.039395609522902365e-02
4.637548519766270147e+03,5.893835221481510043e-09,1.161866715446790792e-04,1.250189358011544877e-02
4.638724965357281690e+03,4.707989298434117919e-09,6.819689035692896753e-05,2.765759910851559120e-03
4.639901410948292323e+03,2.674042790786092713e-09,9.192755330959756445e-05,9.834588667792434208e-03
4.641077856539303866e+03,3.434589094140325280e-09,9.568569248835776984e-05,5.633142281246606570e-03
4.642254302130315409e+03,2.997031193102205712e-09,4.340680089090331032e-05,6.508737951776931256e-03
4.643430747721326043e+03,3.012777867318211628e-09,1.065412953374420618e-05,4.598886923504799489e-03
4.644607193312337586e+03,3.673532684585581374e-09,3.376692098636251984e-05,1.237177562931199293e-02
4.645783638903349129e+03,4.354294810236064926e-09,5.718479005215409646e-05,5.353214541579254769e-03
4.646960084494359762e+03,5.884719268988098146e-09,1.947707572419522825e-05,7.826973777004805205e-03
4.648136530085371305e+03,5.654298742763729517e-09,4.864654795532059818e-05,3.273181654377228626e-03
4.649312975676382848e+03,4.460972593498714991e-09,1.027971108702045358e-04,1.390329250267605121e-02
4.650489421267393482e+03,4.101254112593125592e-09,1.235099828449561096e-04,1.801026354989046507e-02
4.651665866858405025e+03,4.518069994468162954e-09,1.046429087477202273e-04,1.396683643126540864e-02
4.652842312449415658e+03,5.109008199662240406e-09,8.095699132635665780e-05,5.473717450411042136e-03
4.654018758040427201e+03,4.204075051829393364e-09,2.719147308108270822e-05,8.657580365504530945e-03
4.655195203631438744e+03,2.477443636040272098e-09,2.634256526852252764e-05,1.043113332956091890e-02
4.656371649222449378e+03,9.949809711651107659e-10,6.722421173307094170e-05,1.291801905501432923e-02
4.657548094813460921e+03,1.327457077963771160e-09,7.746816353249608177e-05,7.719651493997658001e-03
4.658724540404472464e+03,3.028979019624706291e-09,3.205753810191003033e-05,1.106510769887015730e-02
4.659900985995483097e+03,5.758572348905424800e-09,1.005452241045410433e-04,1.361471377522954426e-02
4.661077431586494640e+03,6.534412408665712759e-09,9.948125539900427457e-06,2.610880088675908081e-03
4.662253877177506183e+03,7.970791870245678632e-09,1.342755474718952354e-04,7.047580790986766007e-03
4.663430322768516817e+03,4.736253305322813641e-09,1.316443983870494393e-04,1.640811862036386029e-02
4.664606768359528360e+03,5.984617012475075433e-09,1.723931524742547264e-04,1.435269740612509816e-02
4.665783213950539903e+03,2.207594065949884623e-09,6.767744286349244246e-05,9.848085172354303918e-03
4.666959659541550536e+03,4.361773276449879420e-09,1.579912959161672065e-04,8.489934681954325671e-03
4.668136105132562079e+03,5.257429218317297447e-09,1.492487401258749396e-04,9.819747525177179720e-03
4.669312550723573622e+03,5.814440857663523037e-09,6.535404912913406791e-05,8.871629578056561619e-03
4.670488996314584256e+03,6.657711302347230618e-09,3.401163404518022692e-05,9.089313718693346061e-03
4.671665441905595799e+03,5.394628467692666556e-09,4.272888172131684390e-05,4.632104919290115988e-03
4.672841887496607342e+03,5.649279494616043937e-09,1.292316787658487538e-04,1.005656743889534778e-02
4.674018333087617975e+03,5.601572328540342162e-09,1.931395329477422480e-04,1.985740179184033311e-02
4.675194778678629518e+03,4.241021742844983697e-09,2.061915425265083558e-04,2.170163929913716816e-02
4.676371224269641061e+03,5.078438793396913426e-09,1.109630092418567658e-04,1.342191001848448174e-02
4.677547669860651695e+03,7.849954330262610636e-09,4.872349798731517661e-05,6.818864563821129543e-03
4.678724115451663238e+03,1.012777622810639737e-08,3.903221503636617015e-05,4.754911798167987987e-03
4.679900561042674781e+03,1.125914295325394176e-08,7.101782342765071865e-05,7.556364113680005823e-03
4.681077006633685414e+03,1.022987149889698941e-08,8.357739832241482261e-05,1.477268319221389757e-02
4.682253452224696957e+03,7.641832155744612324e-09,6.329668492290814225e-05,9.514880231406931677e-03
4.683429897815708500e+03,5.061988270484526997e-09,7.103340449911547288e-05,7.090600966053507877e-03
4.684606343406719134e+03,2.622397642017968930e-09,8.977610438211661365e-05,1.587966613648950434e-02
4.685782788997730677e+03,7.390848857409587607e-10,5.712726396726886398e-05,9.905253493798163097e-03
4.686959234588741310e+03,1.683943269460539032e-09,3.480952636282714282e-05,1.777477120669423982e-02
4.688135680179752853e+03,3.233341623952592501e-09,4.291525950926182903e-05,2.580326160992570377e-03
4.689312125770764396e+03,4.811156756322425515e-09,3.462332433373970566e-05,8.510883159241979315e-03
4.690488571361775030e+03,6.368703250608332964e-09,6.475041740935863889e-05,8.146454670736368378e-03
4.691665016952786573e+03,6.832105572336135697e-09,4.494297789707980449e-05,8.001807557010163358e-03
4.692841462543798116e+03,7.638498925132010693e-09,4.037555660091661443e-05,1.368154239654278785e-02
4.694017908134808749e+03,9.317310999507049845e-09,8.383965770370700233e-05,1.637468592235909529e-02
4.695194353725820292e+03,1.052848233849064282e-08,5.355214762947870151e-05,1.422126694471126905e-02
4.696370799316831835e+03,1.167305072194733271e-08,8.064212549652181644e-05,1.048978670396571652e-02
4.697547244907842469e+03,1.085784367199657641e-08,7.777086281550892250e-05,1.533741946264495330e-02
4.698723690498854012e+03,1.084962854437450786e-08,3.991807332613366423e-05,1.129632508319301266e-02
4.699900136089865555e+03,9.381895152347058546e-09,1.503398434667113366e-04,9.405933163551510878e-03
4.701076581680876188e+03,1.174006618903150650e-08,1.680813595493197798e-04,1.166993372382126373e-02
4.702253027271887731e+03,8.922839792708575068e-09,7.446671290395727731e-05,4.830591604729551555e-03
4.703429472862899274e+03,8.494335784321035671e-09,1.338794306154267766e-04,1.173066446831235940e-02
4.704605918453909908e+03,7.861728290317475988e-09,1.264890520029623760e-04,9.237137632997409128e-03
4.705782364044921451e+03,7.105706575448530008e-09,3.507647774417485564e-05,5.219107002731566448e-03
4.706958809635932994e+03,7.181830880805647028e-09,4.728403345387357224e-05,1.140072732464233324e-02
4.708135255226943627e+03,6.429433508820787778e-09,5.573095378785453331e-05,7.828197561313508107e-03
4.709311700817955170e+03,5.462955683025246942e-09,4.588182212826327040e-05,6.137157530279895370e-03
4.710488146408966713e+03,5.290073533374632534e-09,3.139764161181687619e-05,7.861392458696216459e-03
4.711664591999977347e+03,4.168698703173508081e-09,6.557012899935775615e-05,3.114045545837059326e-03
4.712841037590988890e+03,3.043728479392717955e-09,5.952958443662377617e-05,3.004723668761398632e-03
4.714017483182000433e+03,2.723416354159886095e-09,4.434339997362086614e-05,8.014222676508872892e-03
4.715193928773011066e+03,2.876256633249490355e-09,2.882271933026829663e-05,8.500705383326763453e-03
4.716370374364022609e+03,4.487176029904933067e-09,1.456722611100104482e-05,6.877165764300191032e-03
4.717546819955034152e+03,5.684322820084236580e-09,3.139216043958305350e-05,1.213971663245785003e-02
4.718723265546044786e+03,5.965076540980080539e-09,3.868634167144215812e-05,6.374097081387636657e-03
4.719899711137056329e+03,7.149218112842452223e-09,3.829621732937015156e-05,7.554419299492306540e-03
4.721076156728067872e+03,8.272878821287845551e-09,3.454895413915462298e-05,1.531879884138893574e-02
4.722252602319078505e+03,8.498241445349100344e-09,2.232555391953662966e-05,5.807111465731758064e-03
4.723429047910090048e+03,8.383037237061180461e-09,4.131651120558714100e-05,1.793828400666472658e-02
4.724605493501101591e+03,7.940501634220484817e-09,4.251738373550861247e-05,1.710342324511187999e-03
4.725781939092112225e+03,7.469574413329332362e-09,6.069739093686292442e-05,1.624440964785719629e-02
4.726958384683123768e+03,5.389203392870970991e-09,1.341887983673797306e-04,1.840793159656678793e-02
4.728134830274134401e+03,4.544225152766224149e-09,7.326284443235183330e-05,6.767918474089120763e-03
4.729311275865145944e+03,4.210318980036477424e-09,4.461918273154015269e-05,5.016158017446798291e-04
4.730487721456157487e+03,4.436272719296036773e-09,8.782600654427729562e-05,2.154495334859771454e-04
4.731664167047168121e+03,5.727976514055392610e-09,6.978078193124864488e-05,8.021609784005572993e-03
4.732840612638179664e+03,5.232564753063952921e-09,1.368202708527302804e-04,1.154143502328662529e-02
4.734017058229191207e+03,4.790277034813720840e-09,2.268033412793897007e-05,3.555480140590610953e-03
4.735193503820201840e+03,9.677265778489354210e-10,1.394181082261429581e-04,1.040822312627537848e-02
4.736369949411213383e+03,1.064797717847801841e-09,6.304481595940202964e-05,1.301028369768588051e-02
4.737546395002224926e+03,5.257032753258128816e-09,1.497093499732287140e-04,8.094666663065458803e-03
4.738722840593235560e+03,6.566082947892448690e-09,2.518741277012992890e-06,1.507506210649592338e-02
4.739899286184247103e+03,7.723036760007758830e-09,9.080993466491030523e-05,1.474744421081550586e-02
4.741075731775258646e+03,1.027108325218864614e-08,1.304221039366771284e-04,1.960599903044662334e-02
4.742252177366269279e+03,1.124259418160723691e-08,1.381649543285754205e-04,1.262051578866082817e-02
4.743428622957280822e+03,1.221571925951663255e-08,9.412480432232422033e-05,1.207157414976332659e-02
4.744605068548292365e+03,1.155323526518418625e-08,5.850363710352423936e-05,1.296547945887874774e-02
4.745781514139302999e+03,1.227243792851757565e-08,9.792878311960948534e-05,8.778556644370051967e-03
4.746957959730314542e+03,1.212005861076860364e-08,8.170389424752283328e-05,3.746505791215817057e-03
4.748134405321326085e+03,1.190128525993291807e-08,7.226528047787851225e-05,9.225790705758313975e-03
4.749310850912336718e+03,1.293241106542402736e-08,4.359360694277997808e-05,1.558611896036816991e-02
4.750487296503348261e+03,1.321020403030412505e-08,3.353944855387160252e-05,8.916441333868235786e-03
4.751663742094359804e+03,1.271379107725259451e-08,5.428524374229723952e-05,1.390344746947918750e-02
4.752840187685370438e+03,1.287852815107716950e-08,9.914900226844612792e-05,1.840504160827749133e-02
4.754016633276381981e+03,1.313375405275716391e-08,7.922680230795668742e-05,9.091814036645447239e-03
4.755193078867393524e+03,1.277915017848128817e-08,5.380238336053074985e-05,1.744331500824878450e-02
4.756369524458404157e+03,1.127437897219221005e-08,3.685358572229250707e-05,2.195567850804127502e-02
4.757545970049415700e+03,8.609336912004403439e-09,1.914670535225134425e-05,3.817205583310101513e-02
4.758722415640427243e+03,5.521314719180452784e-09,2.558934013355687731e-05,1.895563843757469558e-02
4.759898861231437877e+03,2.592125088288223412e-09,5.708984636422423099e-05,4.516609255412165798e-03
4.761075306822449420e+03,1.304614733232926737e-09,7.163318201057009157e-05,1.413873589129660026e-02
4.762251752413460054e+03,2.009243570156550923e-09,6.536657915865383937e-05,7.373882471051866790e-03
4.763428198004471597e+03,4.249871058555971877e-09,3.293981666036423602e-05,5.830035832555539171e-03
4.764604643595483140e+03,6.744055256438429068e-09,1.449066065679246330e-05,6.984567915939591219e-03
4.765781089186493773e+03,9.384404452601759874e-09,3.879578780672078233e-05,1.596571470800508402e-02
4.766957534777505316e+03,1.122748691643451862e-08,9.069868209711677630e-05,1.655107461706451302e-02
4.768133980368516859e+03,1.228957843429307266e-08,5.831141595353393672e-05,1.357639942590659413e-02
4.769310425959527493e+03,1.314317758500027503e-08,4.474469885062354693e-05,1.601041946069246130e-02
4.770486871550539036e+03,1.294155436757635095e-08,3.049171261516821601e-05,6.865895041506807871e-03
4.771663317141550579e+03,1.194091976392744602e-08,3.450654440276117749e-05,4.425648618030600563e-03
4.772839762732561212e+03,1.044462289035467283e-08,4.094346096499065638e-05,1.271469748720125380e-02
4.774016208323572755e+03,8.373811098063504421e-09,1.651471112729973635e-04,3.092417651250888716e-02
4.775192653914584298e+03,7.654431105307849602e-09,3.086616370999113517e-04,7.543879930816839441e-02
4.776369099505594932e+03,1.043818920610269503e-08,4.460718260907597954e-04,8.958878008295145801e-02
4.777545545096606475e+03,6.787163893524595207e-09,1.870136313504927800e-04,3.028127428655450620e-02
4.778721990687618018e+03,9.297536315053750149e-09,6.282595511441798448e-05,5.507911805543239635e-03
4.779898436278628651e+03,1.028278661872511414e-08,2.846429645218685864e-05,8.049219122484664590e-03
4.781074881869640194e+03,1.170721661499901766e-08,5.854342168917802037e-05,1.691344280416270593e-02
4.782251327460651737e+03,1.236179211860059539e-08,3.497364493868034723e-05,1.013252552264112989e-02
4.783427773051662371e+03,1.295221686766148522e-08,3.372386559313853645e-05,9.392658677703922404e-03
4.784604218642673914e+03,1.256399728244791397e-08,5.121197381243310461e-05,1.202488317215758690e-02
4.785780664233685457e+03,1.065093528074152781e-08,3.547437768749131428e-05,3.850185348806777733e-04
4.786957109824696090e+03,7.446564126576013211e-09,3.760460692970981272e-05,9.079037928751755929e-03
4.788133555415707633e+03,3.292784784696593452e-09,2.170229337589467340e-05,7.172876880559909615e-03
4.789310001006719176e+03,6.776979586734839087e-10,7.215774874741942131e-06,4.202771381599175980e-03
4.790486446597729810e+03,2.770712750067527186e-09,4.194184458229134865e-05,1.206836656611461923e-02
4.791662892188741353e+03,3.100296018930475515e-09,6.634527300435370464e-05,1.182444189940731923e-02
4.792839337779752896e+03,2.515681123030226214e-09,2.758129284122081499e-05,1.050153474272993818e-02
4.794015783370763529e+03,1.939579708783238192e-09,2.733128699687807861e-05,8.953921142705264374e-03
4.795192228961775072e+03,4.161758221840203728e-09,2.475250223806638498e-05,7.792388837381440149e-03
4.796368674552786615e+03,5.666190556324979916e-09,1.917769892522132761e-05,8.597429840783805607e-03
4.797545120143797249e+03,6.730637143839973730e-09,3.291992123938072032e-05,1.315299284527800955e-02
4.798721565734808792e+03,6.760891541170928381e-09,3.582448419298206953e-05,1.136713302904099852e-02
4.799898011325820335e+03,5.928235833545410698e-09,2.685297144678550467e-05,5.177525902092213091e-03
4.801074456916830968e+03,4.154048115271383608e-09,4.464038653725370853e-05,9.025655195107472328e-03
4.802250902507842511e+03,2.097495918936690618e-09,7.042351770894250153e-05,1.450130095599979491e-02
4.803427348098853145e+03,2.172682467997544660e-09,6.988224930809056263e-05,1.412682024735930839e-02
4.804603793689864688e+03,3.557695820081719881e-09,6.864882915154955445e-05,9.163779707616212522e-03
4.805780239280876231e+03,5.275156071589415014e-09,7.023842650306543671e-05,1.400303507215951843e-02
4.806956684871886864e+03,6.098936014025047463e-09,1.057753201087890406e-04,2.462578874675668689e-02
4.808133130462898407e+03,5.837582797387287253e-09,8.452831257956446031e-05,2.253230112975523544e-02
4.809309576053909950e+03,7.387061888895072269e-09,9.739965584572694997e-05,8.220760278321526116e-03
4.810486021644920584e+03,8.828750614850377595e-09,1.114710878807169896e-04,1.743076570992748570e-02
4.811662467235932127e+03,1.091360572034230954e-08,1.990061928230866248e-04,2.517729012736194885e-02
4.812838912826943670e+03,1.192337630019649954e-08,7.994728709783562970e-05,2.170210005739732842e-02
4.814015358417954303e+03,1.379043159133706484e-08,4.497051080349865877e-05,2.613630333041729037e-02
4.815191804008965846e+03,1.524683747152645506e-08,1.181311168363991551e-04,1.786207979500325713e-02
4.816368249599977389e+03,1.492503783545190403e-08,8.369502933450520673e-05,9.935480309893253426e-03
4.817544695190988023e+03,1.390897218177232255e-08,1.089154091383229625e-04,1.644417634572069645e-02
4.818721140781999566e+03,1.213811026000211458e-08,4.752046883286419949e-05,1.032645925457296825e-02
4.819897586373011109e+03,1.069508266839395062e-08,4.702799170634094385e-05,8.790916543496937741e-03
4.821074031964021742e+03,1.046931386085667864e-08,7.757795816584217997e-05,1.356105130391845742e-02
4.822250477555033285e+03,1.192417607407053774e-08,8.556565329242964569e-05,1.587329917779983779e-02
4.823426923146044828e+03,1.351848973093997409e-08,5.235187152214224900e-05,9.743653531386875163e-03
4.824603368737055462e+03,1.496192111518220687e-08,1.447362421103110184e-05,9.003891076344262487e-03
4.825779814328067005e+03,1.476068993245258775e-08,2.723098624659909636e-05,3.202046254520806833e-03
4.826956259919078548e+03,1.234752792569842460e-08,2.495224001165997178e-05,6.222472657892119847e-03
4.828132705510089181e+03,9.201773643099464203e-09,4.351778719932286794e-05,3.185495804809089157e-03
4.829309151101100724e+03,6.105716776609835427e-09,4.811963739551839629e-05,7.144597376535375723e-03
4.830485596692112267e+03,3.531773343939650001e-09,2.601258269551309804e-05,1.788231761439885298e-02
4.831662042283122901e+03,2.535422140554914050e-09,7.484745623651705478e-05,2.304510679230291695e-02
4.832838487874134444e+03,1.901979940944940343e-09,3.518466923403640675e-05,1.481200409873875690e-02
4.834014933465145987e+03,1.403438762861335946e-09,3.504812275174552956e-05,1.164989170537216942e-02
4.835191379056156620e+03,1.071609891779470959e-09,2.596192562423518566e-05,3.761680931198638916e-03
4.836367824647168163e+03,1.683773533046940544e-09,3.434834888022632099e-05,9.518973819406617229e-03
4.837544270238178797e+03,3.192700678238303071e-09,1.730429150490851161e-05,1.441267741070120442e-02
4.838720715829190340e+03,6.229952745203681754e-09,5.049887030299373092e-05,1.509776489387642737e-02
4.839897161420201883e+03,9.371739412711250515e-09,4.342438608685357141e-05,1.331931813247751346e-02
4.841073607011212516e+03,1.177721989247666077e-08,6.174592076530238162e-05,9.569535154604253552e-03
4.842250052602224059e+03,1.249217804540419607e-08,2.779836712985919145e-05,8.249236111408982802e-03
4.843426498193235602e+03,1.226274261596322034e-08,7.753658255529094747e-06,6.152788197149942385e-03
4.844602943784246236e+03,1.209176807606992846e-08,7.357667638624841729e-05,1.001353406669513134e-02
4.845779389375257779e+03,1.257614489198499817e-08,6.869665318510042998e-05,4.922437247809208043e-03
4.846955834966269322e+03,1.309603870162548869e-08,4.343080979574797095e-05,9.068567096711522071e-03
4.848132280557279955e+03,1.338620836911816489e-08,2.839629697811486378e-05,5.872912792020311412e-03
4.849308726148291498e+03,1.383997463832366195e-08,9.615613109772709437e-05,2.253111063167211742e-02
4.850485171739303041e+03,1.331441041460403032e-08,1.243378671159438796e-04,2.658351739450679624e-02
4.851661617330313675e+03,1.363197259820025726e-08,2.795756065798593248e-05,9.257190160198450202e-03
4.852838062921325218e+03,1.303880807364857856e-08,8.514610907145857169e-05,1.082271916317739668e-02
4.854014508512336761e+03,1.228918792138718362e-08,4.329594099970798246e-05,4.108906141516874451e-03
4.855190954103347394e+03,1.117793900749282498e-08,5.684556964971979878e-05,3.403049487568907995e-03
4.856367399694358937e+03,1.104405961515625199e-08,5.318885483210179175e-05,6.718084757497834458e-03
4.857543845285370480e+03,1.207469060154537313e-08,5.378498411905030839e-05,5.779258444065260049e-03
4.858720290876381114e+03,1.309846268130568952e-08,4.334870734490939666e-05,9.959795261363531965e-03
4.859896736467392657e+03,1.306993729004435402e-08,1.473741114012290437e-05,4.716562575780319788e-03
4.861073182058404200e+03,1.184416183364903102e-08,9.762198680777971573e-06,7.892071599417151834e-03
4.862249627649414833e+03,9.629911909947052914e-09,5.717842906008229728e-05,8.164870791671876779e-03
4.863426073240426376e+03,6.966058107405120657e-09,6.466135397793746644e-05,1.013853090649073987e-02
4.864602518831437919e+03,3.689248662066393620e-09,6.095414720631103735e-05,1.628883226598452222e-02
4.865778964422448553e+03,1.078383379174890766e-09,3.124221623860622772e-05,1.898980690991144624e-02
4.866955410013460096e+03,3.117660660597952951e-09,2.170320655537071345e-05,4.290225187878476606e-03
4.868131855604471639e+03,4.133100696752409860e-09,2.613068749864150435e-05,6.857500756669278330e-03
4.869308301195482272e+03,3.728270137893136024e-09,1.097133718090033257e-05,6.176051780341294296e-03
4.870484746786493815e+03,2.863069266544550158e-09,3.534734880281984419e-05,4.419941801933071311e-03
4.871661192377505358e+03,2.123634129805261449e-09,3.034065395224253743e-05,5.449498637658309504e-03
4.872837637968515992e+03,2.984958366787325602e-09,4.257035290455413163e-05,1.808041795238594929e-02
4.874014083559527535e+03,2.914126605865138917e-09,7.333840036688848139e-05,2.139185271438314231e-02
4.875190529150539078e+03,2.268995675030169954e-09,8.831671438172753320e-05,1.103277541359922245e-02
4.876366974741549711e+03,2.372572457092834038e-09,5.970597339919262158e-05,1.142531458475778625e-03
4.877543420332561254e+03,2.822974561559856945e-09,4.256997865073977073e-05,7.077408101542129182e-04
4.878719865923571888e+03,3.295854529139117634e-09,4.314014101010968654e-05,1.723034701731402394e-03
4.879896311514583431e+03,4.468344539644795264e-09,2.970368025268812262e-05,1.250573374335819075e-02
4.881072757105594974e+03,4.286065750408791580e-09,9.688766399059008626e-05,1.648406958564113678e-02
4.882249202696605607e+03,4.950307189578214954e-09,3.263212505240664391e-05,8.722347539178974124e-03
4.883425648287617150e+03,5.255860249264621713e-09,7.907970105934766553e-05,1.881214509953448369e-02
4.884602093878628693e+03,4.853731179359763687e-09,9.881760021368547460e-05,8.760814608650963412e-03
4.885778539469639327e+03,5.682263034103069612e-09,7.828705805589780795e-05,1.170375136403346665e-02
4.886954985060650870e+03,4.426048278227427451e-09,9.612058666366708976e-05,1.220452032001936339e-02
4.888131430651662413e+03,5.696573883689804374e-09,6.671681112085224997e-05,2.000482658453147169e-02
4.889307876242673046e+03,5.673129516625765015e-09,7.237361843655380517e-05,3.789484688271389182e-03
4.890484321833684589e+03,7.414044087292692854e-09,4.518816462368029676e-05,1.050029060220666367e-02
4.891660767424696132e+03,9.441718208950362842e-09,4.368020802862332110e-05,5.251288875953817083e-03
4.892837213015706766e+03,1.079549648450067961e-08,4.682860808681063418e-05,1.849668715888453177e-03
4.894013658606718309e+03,1.170847418611198027e-08,3.105233826745097643e-05,9.077276776344211581e-03
4.895190104197729852e+03,1.159722499649504894e-08,3.232219339838085341e-05,5.890278430655395553e-03
4.896366549788740485e+03,9.918681905319084534e-09,5.049975070245875202e-05,7.752306960899784695e-03
4.897542995379752028e+03,7.770071923970756973e-09,8.266734191550144536e-05,1.487836398586603846e-02
4.898719440970763571e+03,6.157992273203812923e-09,7.623523034634772694e-05,1.626984223223521334e-02
4.899895886561774205e+03,5.541152730089657280e-09,1.664578538329681640e-05,9.094333985740941581e-03
4.901072332152785748e+03,4.839709032075853640e-09,2.738426518333005161e-05,5.314668121075901731e-03
4.902248777743797291e+03,3.976588083977321315e-09,2.543785129068534126e-05,6.775750355777867759e-03
4.903425223334807924e+03,3.330334280476508203e-09,4.174580977062355584e-05,2.308042956920600217e-03
4.904601668925819467e+03,3.306651963774177390e-09,2.196524823371727019e-05,1.075601304433829349e-02
4.905778114516831010e+03,3.475260208028898659e-09,3.603018488609051968e-05,3.260014805075815356e-03
4.906954560107841644e+03,4.256891801969682397e-09,1.886581856250249897e-05,1.035361420732328584e-02
4.908131005698853187e+03,4.369765737926117939e-09,6.921960982607722516e-05,2.661187290394803878e-03
4.909307451289864730e+03,3.909367039384296550e-09,6.180846010628364114e-05,1.337300626929108574e-02
4.910483896880875363e+03,3.110542056008835728e-09,4.777998785858069417e-05,1.386498575469133701e-02
4.911660342471886906e+03,1.634231896924150230e-09,5.168763115067401644e-05,1.554293630697895813e-02
4.912836788062897540e+03,6.549600874465445981e-10,1.612645304954040610e-05,3.748720015418546304e-03
4.914013233653909083e+03,2.390138606297409288e-09,4.434657914017532232e-05,4.650619858981496109e-03
4.915189679244920626e+03,3.813697207382162323e-09,2.602299366841903739e-05,1.789973470132423050e-03
4.916366124835931259e+03,4.668119170349896189e-09,1.704373098718133434e-05,7.234184431873922315e-03
4.917542570426942802e+03,5.628328498399617768e-09,7.763224023581544425e-05,8.972809130835510821e-03
4.918719016017954345e+03,6.477592796362293992e-09,6.582384681881565469e-05,6.685607555311670440e-03
4.919895461608964979e+03,7.864603747110833348e-09,8.159556544813284973e-05,1.798997752637110023e-02
4.921071907199976522e+03,9.998392953951754413e-09,1.180734875286581972e-04,2.287417423329505400e-02
4.922248352790988065e+03,1.186311928351798133e-08,2.856837548614236691e-05,2.613729114876925646e-03
4.923424798381998698e+03,1.411610506176785856e-08,9.859090118882034846e-05,2.328963519268577656e-02
4.924601243973010241e+03,1.492318124957606967e-08,7.725208265404164964e-05,1.748639172641613948e-02
4.925777689564021784e+03,1.564254376672290116e-08,6.346408664965494069e-05,4.437789267957993611e-03
4.926954135155032418e+03,1.367786766697622452e-08,5.368440588638547883e-05,1.907542165450138751e-03
4.928130580746043961e+03,1.099769734708049639e-08,3.166548344196378444e-05,6.551299343699472540e-03
4.929307026337055504e+03,7.526656676289279598e-09,1.645034708522544574e-05,3.640658077929992496e-03
4.930483471928066137e+03,3.880762396117481888e-09,5.164087436509652763e-05,6.968314339295561023e-03
4.931659917519077680e+03,1.404127988812379499e-09,5.573102743874551724e-06,4.648154027254241226e-03
4.932836363110089223e+03,3.348204897921000426e-10,3.422090864742942130e-05,7.440869615829156028e-03
4.934012808701099857e+03,8.149131545946717020e-10,4.603408143877542823e-05,1.302451686197711456e-02
4.935189254292111400e+03,2.332227063674399202e-09,2.965031039838386806e-05,5.451590049907180900e-03
4.936365699883122943e+03,4.324565737896248644e-09,5.471996416158312151e-05,4.441632079367224643e-03
4.937542145474133576e+03,5.481894821412810367e-09,3.596381516470324301e-05,1.158646361657328545e-02
4.938718591065145120e+03,6.049785305660533213e-09,1.154709522393867523e-05,1.336391900479219283e-02
4.939895036656156663e+03,5.790943453005300737e-09,3.393280038608458482e-05,1.001411010039416488e-02
4.941071482247167296e+03,5.055271716680632426e-09,1.695328165905356512e-05,4.332034459010437530e-03
4.942247927838178839e+03,4.866264066271726415e-09,1.487685414953501252e-05,6.316255538219906797e-03
4.943424373429190382e+03,5.386164774557337823e-09,5.778985753053791199e-06,9.719924385636215898e-04
4.944600819020201016e+03,6.463803705938631014e-09,8.717972275866989592e-06,7.223222380167614899e-03
4.945777264611212559e+03,7.677653495102514779e-09,3.371070397252170223e-05,1.427616423809489887e-02
4.946953710202224102e+03,8.309512472513036143e-09,6.605818933064789016e-05,1.406124884928208404e-02
4.948130155793234735e+03,7.684697697726353710e-09,5.894289857871867522e-05,1.030081079629785283e-02
4.949306601384246278e+03,6.624377703701160839e-09,2.483946722222595943e-05,1.244994013685045073e-02
4.950483046975257821e+03,5.373747925065030601e-09,4.354050660298785147e-05,1.131610341584228692e-02
4.951659492566268455e+03,4.068678474900448385e-09,5.954783388599652679e-05,1.539260150948184094e-02
4.952835938157279998e+03,2.815706688430764272e-09,3.080022064602184247e-05,9.569032696828292869e-03
4.954012383748290631e+03,2.903948881832247306e-09,3.775826507128272674e-05,6.502310879055150580e-03
4.955188829339302174e+03,3.609437023680842737e-09,5.719775366339489771e-05,6.564424673502789256e-03
4.956365274930313717e+03,5.210078475829168114e-09,2.969111918560890300e-05,1.433415298387329812e-02
4.957541720521324351e+03,6.710073616611346433e-09,4.180337707374452206e-05,1.110668256933117562e-02
4.958718166112335894e+03,8.163431391598482273e-09,3.777595014977953711e-05,5.092880520196750409e-03
4.959894611703347437e+03,9.880115404420519555e-09,5.830036257905205603e-05,1.230047215163224475e-02
4.961071057294358070e+03,1.086758471875681181e-08,9.339875566234945574e-05,1.574943891186009887e-02
4.962247502885369613e+03,1.087254868161604246e-08,7.460082515441756972e-05,1.046815874060371548e-02
4.963423948476381156e+03,1.136215647676314964e-08,1.560736321035612739e-05,8.336671067850879788e-03
4.964600394067391790e+03,1.107895979343261928e-08,6.234962064603350427e-05,7.546366964243541448e-03
4.965776839658403333e+03,1.146380937677378723e-08,8.958952393062199007e-05,1.181952282131478252e-02
4.966953285249414876e+03,1.227508169444353531e-08,6.163369680971508271e-05,1.012928494216376422e-02
4.968129730840425509e+03,1.274382458395461865e-08,2.289075989403227689e-05,8.293630447910666642e-03
4.969306176431437052e+03,1.322433987040100671e-08,1.293802708802653124e-05,8.250902108731934109e-03
4.970482622022448595e+03,1.340550549687694049e-08,1.318074389746726251e-05,1.035130914929451376e-02
4.971659067613459229e+03,1.317112067509045480e-08,5.567315205722171348e-05,1.911770316716391097e-02
4.972835513204470772e+03,1.276832042562155896e-08,5.626785543691949676e-05,9.662503076385792894e-03
4.974011958795482315e+03,1.192404402819787461e-08,5.906920593667017557e-05,6.228981370626759072e-03
4.975188404386492948e+03,1.105576249386780102e-08,3.590152639828899950e-05,1.372313868542896029e-03
4.976364849977504491e+03,1.027093807075558522e-08,3.937131910338381247e-05,1.382910190005276485e-02
4.977541295568516034e+03,1.001411675651408822e-08,5.472851984119608544e-05,1.458357504140714994e-02
4.978717741159526668e+03,9.961590964878227625e-09,4.395543876374874437e-05,9.981541380483889211e-03
4.979894186750538211e+03,9.523518432681348603e-09,3.500761476805513956e-05,1.302287141887367890e-02
4.981070632341549754e+03,8.327573972437058259e-09,6.367035893395964881e-06,7.338187805448858139e-03
4.982247077932560387e+03,6.599255613289661215e-09,1.622985953508145290e-05,9.557577436564712592e-03
4.983423523523571930e+03,4.995776330341684196e-09,2.707489665266945322e-05,4.882568202201765205e-03
4.984599969114583473e+03,3.880591743558450793e-09,5.773828133211107185e-05,1.813513975156101632e-02
4.985776414705594107e+03,3.561912356363373978e-09,4.545255311272528991e-05,1.618031859102682726e-02
4.986952860296605650e+03,3.213366455999427395e-09,3.285421855664087150e-05,1.040367167802155705e-02
4.988129305887616283e+03,2.926465401766131016e-09,1.930565702335066501e-05,3.555093524275584806e-03
4.989305751478627826e+03,2.423192458353579277e-09,2.095269916237072459e-05,1.145017854570809686e-02
4.990482197069639369e+03,2.148241043188456281e-09,1.633477093894743950e-05,9.153957793477197902e-03
4.991658642660650003e+03,1.995128463316659332e-09,6.150428812834492632e-05,7.980162669424566840e-03
4.992835088251661546e+03,2.811981689184865126e-09,3.826407584127437350e-05,6.157040757808878058e-03
4.994011533842673089e+03,3.575809524359201516e-09,4.839750114452002431e-05,1.526285125089395234e-02
4.995187979433683722e+03,3.790159402278629351e-09,4.509495741055100478e-05,1.328801188763993092e-02
4.996364425024695265e+03,3.681505537561411193e-09,2.175536221692452572e-05,6.462759542640145703e-03
4.997540870615706808e+03,2.118078960569860967e-09,3.497097541520566353e-05,1.150285907881589027e-02
4.998717316206717442e+03,1.316428191844531624e-10,2.663361171599339821e-05,1.420296874639010061e-02
4.999893761797728985e+03,3.092899656662093042e-09,8.413782271324343547e-05,1.351339136357995914e-02
5.001070207388740528e+03,6.178309431511240454e-09,8.433237041855183439e-05,1.185707573234382785e-02
5.002246652979751161e+03,8.215336976289277361e-09,4.725895623644936478e-05,8.928148151320357620e-03
5.003423098570762704e+03,9.501392639623549047e-09,2.244364001619790166e-05,6.843148373166056501e-03
5.004599544161774247e+03,1.000108003538848435e-08,4.652471644990117966e-05,1.477087510634946844e-02
5.005775989752784881e+03,9.463483787205370928e-09,1.248516276715081978e-05,1.032091283837770039e-02
5.006952435343796424e+03,8.995960622067339722e-09,2.699448130608695154e-05,3.473736482399684272e-03
5.008128880934807967e+03,8.816995491942116704e-09,3.605489581408003743e-05,7.363726423931304249e-03
5.009305326525818600e+03,8.905052169082611954e-09,2.767744230442391760e-05,4.245867937136839874e-03
5.010481772116830143e+03,9.311860217460860632e-09,3.363212125484153450e-05,4.731632377093565080e-03
5.011658217707841686e+03,9.556007007791404693e-09,3.659624256961738719e-05,1.396984909197862210e-02
5.012834663298852320e+03,9.473601287671971095e-09,4.378992704494955111e-05,8.982869744141582652e-03
5.014011108889863863e+03,8.522229631525297943e-09,2.065072295089111841e-05,4.193998089501263168e-03
5.015187554480875406e+03,7.009321382520661992e-09,8.021104604450098410e-06,4.366273711877898152e-03
5.016364000071886039e+03,5.470076674216691775e-09,6.815003776790607118e-06,9.816658166504035193e-03
5.017540445662897582e+03,4.336133909966224812e-09,3.242437572833503455e-05,1.508355109774738023e-02
5.018716891253909125e+03,4.659751190267508855e-09,3.483826451534661176e-05,7.331110948710704671e-03
5.019893336844919759e+03,6.789935420002862555e-09,3.527368082886998525e-05,5.641236549445046745e-03
5.021069782435931302e+03,9.791016231474872466e-09,2.782121875754615909e-05,4.384438665570973385e-03
5.022246228026942845e+03,1.251932732719611490e-08,4.458080817682768941e-05,4.177490335341818399e-03
5.023422673617953478e+03,1.445198072859816307e-08,5.485760427184176576e-05,1.083835915739714620e-02
5.024599119208965021e+03,1.517429296273962434e-08,4.098083472685816112e-05,1.450681524870617994e-02
5.025775564799976564e+03,1.476286827956896870e-08,1.614509769272269815e-05,9.464675184230001564e-03
5.026952010390987198e+03,1.367564570041845485e-08,1.470122789272626629e-05,7.536682721669749410e-03
5.028128455981998741e+03,1.235224062621335126e-08,2.820145368084189718e-05,4.789763550386328360e-03
5.029304901573009374e+03,1.046630442730769236e-08,1.861146464577389164e-05,7.604948006380451118e-03
5.030481347164020917e+03,8.406299334178891565e-09,3.923157335607582394e-05,1.361651236483024316e-02
5.031657792755032460e+03,6.837004132478656900e-09,4.167270808532370929e-05,1.367361217156286973e-02
5.032834238346043094e+03,5.848446332593899425e-09,2.772808718269606287e-05,8.866986375635425854e-03
5.034010683937054637e+03,5.203032426645735716e-09,1.845967350889559725e-05,9.958453540799914322e-03
5.035187129528066180e+03,4.093721728881906022e-09,3.099992202791349098e-05,3.006796765869617673e-03
5.036363575119076813e+03,2.406167759920146180e-09,5.953374758733687145e-05,1.426454539950108456e-03
5.037540020710088356e+03,5.603213222481232268e-10,5.357568476463177857e-05,4.731866359084788316e-03
5.038716466301099899e+03,2.164430302805342756e-09,7.024222772496290618e-05,1.218834928283658511e-02
5.039892911892110533e+03,4.101125949198495315e-09,8.606149808039936832e-05,9.620987329816978531e-03
5.041069357483122076e+03,5.631176745606903515e-09,5.971368038570090708e-05,2.215485413763140180e-03
5.042245803074133619e+03,6.793617660551022928e-09,6.081115754547989440e-05,5.870949475572639735e-03
5.043422248665144252e+03,7.912712732612620215e-09,1.670937885624957658e-05,1.056317472732896771e-02
5.044598694256155795e+03,8.907938506408103364e-09,3.857447877179160132e-05,6.471895084477431205e-03
5.045775139847167338e+03,9.678296267433966312e-09,4.413960833210730231e-05,2.957455213950413268e-03
5.046951585438177972e+03,1.041660488334321921e-08,5.959951704485937719e-05,2.368478986941222140e-03
5.048128031029189515e+03,1.117453725278913031e-08,5.393488967549197791e-05,4.151810270717674542e-03
5.049304476620201058e+03,1.209923121264330074e-08,5.856028340155845487e-05,4.370951350269552602e-03
5.050480922211211691e+03,1.303469154699946589e-08,4.839837377927070462e-05,6.607726394252247566e-03
5.051657367802223234e+03,1.388356164090771558e-08,1.091545898672888966e-05,9.625879479777485481e-03
5.052833813393234777e+03,1.386315239084635357e-08,1.039791716106775576e-05,8.514711820577822166e-03
5.054010258984245411e+03,1.280818604770041493e-08,2.369615486665058714e-06,3.514146319108465890e-03
5.055186704575256954e+03,1.061436269449011000e-08,3.854197819889467722e-06,5.855129231061566297e-03
5.056363150166268497e+03,7.710572156805225283e-09,7.257050347341248324e-06,5.661576860969928793e-03
5.057539595757279130e+03,4.700182027462836410e-09,1.267862767661352466e-05,4.992755086700742702e-03
5.058716041348290673e+03,2.134836152716001276e-09,1.867946998174550239e-05,9.717847973168486711e-03
5.059892486939302216e+03,1.479810330363611953e-09,3.577135774736546378e-05,5.996080272298223886e-03
5.061068932530312850e+03,2.677945884888775654e-09,3.563688625722737807e-05,8.781750729177965897e-03
5.062245378121324393e+03,3.793083073729933698e-09,3.463600319623521959e-05,7.932090288417872198e-03
5.063421823712335026e+03,4.816360188182148927e-09,2.326144206089751724e-05,1.025426594904934631e-02
5.064598269303346569e+03,5.964413102546418274e-09,3.371092804352334313e-06,8.821894829704699306e-03
5.065774714894358112e+03,6.882319170159740668e-09,1.159793468093894023e-05,1.439184346234215033e-02
5.066951160485368746e+03,7.211769213255737605e-09,1.859922194030809396e-05,1.084160962092037966e-02
5.068127606076380289e+03,6.584346627894312071e-09,7.254859859341511786e-06,3.761979288363253345e-04
5.069304051667391832e+03,5.034781955571743912e-09,3.417998712238387300e-05,1.300779871141186962e-02
5.070480497258402465e+03,3.485395377081080287e-09,5.908070439296049455e-05,1.460311327435453305e-02
5.071656942849414008e+03,2.573295594276438770e-09,3.563307162217681305e-05,7.214053233719919939e-03
5.072833388440425551e+03,2.027432091192124326e-09,3.870406284448008180e-05,1.348678982026710500e-02
5.074009834031436185e+03,1.852543026387728889e-09,7.236892438767559914e-05,1.381983267195941237e-02
5.075186279622447728e+03,1.298830218838446203e-09,5.254489673061092637e-05,9.113598897352227779e-03
5.076362725213459271e+03,8.826064445377126398e-10,2.399318829023872583e-05,8.817065114303196047e-03
5.077539170804469904e+03,1.021334638841638623e-09,8.136629391978647199e-06,6.443911202983963055e-03
5.078715616395481447e+03,1.489718582158792282e-09,2.451525040400995753e-05,4.900716184430580456e-03
5.079892061986492990e+03,2.137654349557046536e-09,4.996575015074551694e-05,9.099461443596369367e-03
5.081068507577503624e+03,3.171143557429004378e-09,4.407702410276631024e-05,1.613645008127747747e-03
5.082244953168515167e+03,4.374685150707504971e-09,3.539819825327594690e-05,1.145675461354919407e-03
5.083421398759526710e+03,5.273367795726729618e-09,3.015352152950626129e-05,1.086965971023488332e-02
5.084597844350537343e+03,5.703951367781530587e-09,4.531735527123524482e-06,1.564075736580197371e-02
5.085774289941548886e+03,5.315239424709589050e-09,3.215804029253778999e-06,4.752060875859645019e-03
5.086950735532560429e+03,4.452333567782411547e-09,1.446730261280291112e-05,6.824788020076392840e-03
5.088127181123571063e+03,3.922483674351126664e-09,2.383248547030011066e-05,5.551565582428812269e-03
5.089303626714582606e+03,4.520223020809119683e-09,3.073806399776436618e-05,1.451809696137742155e-02
5.090480072305594149e+03,5.331501948694900326e-09,2.657859157868075497e-05,1.769427051160474967e-02
5.091656517896604782e+03,5.195160052601063742e-09,3.160709634857337020e-05,7.706031705443694250e-03
5.092832963487616325e+03,3.767591808102550878e-09,3.077158853214128910e-05,4.994396164478854920e-03
5.094009409078627868e+03,1.478651405812892939e-09,1.714092995359003743e-05,5.767982991748409581e-03
5.095185854669638502e+03,1.159219146822679939e-09,1.381889104907570101e-05,7.905131469917418699e-04
5.096362300260650045e+03,2.866190025985067898e-09,3.312270518942748120e-05,2.638835011916593112e-03
5.097538745851661588e+03,3.487690467594588768e-09,4.411398898876102615e-05,8.461079414762274695e-03
5.098715191442672221e+03,3.200961952086295377e-09,3.576463166570390613e-05,9.780443293134462659e-03
5.099891637033683764e+03,2.927308920571906103e-09,4.456026549285648652e-05,9.317541820136407069e-03
5.101068082624695307e+03,3.210364870227689785e-09,4.120300512033943998e-05,6.645354213056483064e-03
5.102244528215705941e+03,3.909386307104870527e-09,4.394885283942534862e-05,6.983364570555666666e-03
5.103420973806717484e+03,4.502486660427917736e-09,3.703948683328016632e-05,3.963547521901581404e-03
5.104597419397728117e+03,4.658889186069429777e-09,4.228334647863931923e-05,1.114470596398066046e-02
5.105773864988739660e+03,4.460505323383834765e-09,4.039912580850118731e-05,1.097452473657481442e-02
5.106950310579751203e+03,4.812623800978437871e-09,2.147196332524628864e-05,9.685729986898070770e-03
5.108126756170761837e+03,5.939599017957569287e-09,1.184916558556213932e-05,1.536496988931393241e-02
5.109303201761773380e+03,6.929194841900207355e-09,1.090185371026742416e-05,9.059699620832403766e-03
5.110479647352784923e+03,6.961283844923445924e-09,4.368554128371063559e-05,1.178586337058894901e-02
5.111656092943795556e+03,5.722654018142145315e-09,7.140857981905810044e-05,2.267086414733130578e-02
5.112832538534807099e+03,4.036051828992956428e-09,6.924252752104156396e-05,1.862325020690602101e-02
5.114008984125818642e+03,4.044043875646040487e-09,4.817215566812819408e-05,1.469178909091427808e-02
5.115185429716829276e+03,6.402473229242275918e-09,3.810067122377762075e-05,1.572386450498025612e-02
5.116361875307840819e+03,9.054841828355997780e-09,3.982977421761461407e-05,5.530405829939584461e-03
5.117538320898852362e+03,1.097635520640070295e-08,1.069078660786264165e-05,6.435162506227668638e-03
5.118714766489862996e+03,1.183017687902770000e-08,1.863423799482637276e-05,2.987688974984288245e-03
5.119891212080874539e+03,1.149076293344855749e-08,2.405001219048596449e-05,9.350354901419815484e-03
5.121067657671886082e+03,1.054777613282294789e-08,4.258689001979372657e-05,1.063145772457017857e-02
5.122244103262896715e+03,9.571952621382022663e-09,4.057063390865938947e-05,6.080148496315361702e-03
5.123420548853908258e+03,9.286237695282722214e-09,3.515004857970242905e-05,9.906064100995405630e-03
5.124596994444919801e+03,9.872923717491068857e-09,2.208167677483313280e-05,1.612984115539068883e-02
5.125773440035930435e+03,1.079766782498645464e-08,2.979663490327804065e-05,1.453301515652914017e-02
5.126949885626941978e+03,1.138291160039562894e-08,3.539512735182902920e-05,9.131115484109959129e-03
5.128126331217953521e+03,1.121934775425998868e-08,3.341558695694581350e-05,1.209966830939331918e-02
5.129302776808964154e+03,1.001104226627446639e-08,3.301648647973348769e-05,8.749980740665467410e-03
5.130479222399975697e+03,7.814229586699787837e-09,2.026281412062226235e-05,3.930253086606023440e-03
5.131655667990987240e+03,4.863767040013856200e-09,1.081048805220128166e-05,6.006866485954052634e-03
5.132832113581997874e+03,1.692520953024064948e-09,2.420492394226723544e-05,8.045447711883093114e-03
5.134008559173009417e+03,1.223745903667507878e-09,2.802455426755701349e-05,5.659027964834452418e-03
5.135185004764020960e+03,3.048179708153030456e-09,4.436739712294056754e-05,1.451004911756630447e-02
5.136361450355031593e+03,3.981010708432420926e-09,4.338159878478727358e-05,1.677694213388330677e-02
5.137537895946043136e+03,4.301207664818840537e-09,3.200039669482982921e-05,1.224826149256949374e-02
5.138714341537053770e+03,4.718491153064267276e-09,2.313372648404892721e-05,1.198290467350417512e-02
5.139890787128065313e+03,5.508687660068863869e-09,1.197044072266416267e-05,1.071666556709767112e-02
5.141067232719076856e+03,6.597911274796731129e-09,1.000769186924792735e-05,8.025850438989196728e-03
5.142243678310087489e+03,7.705893517419214807e-09,2.454978717302782243e-05,6.645978063397997224e-03
5.143420123901099032e+03,8.432529247246916072e-09,4.211474870714116981e-05,7.317617998846902977e-03
5.144596569492110575e+03,8.642374241909298367e-09,3.766308650214142975e-05,1.347521353944094828e-02
5.145773015083121209e+03,8.667196272703538237e-09,1.246761807570778612e-05,2.030371259900856304e-02
5.146949460674132752e+03,8.788772701396589072e-09,9.308528916416709901e-06,1.604909351562504305e-02
5.148125906265144295e+03,8.897817444216778538e-09,9.666377994157135525e-06,6.827125118754362974e-03
5.149302351856154928e+03,8.820309296205017668e-09,3.766957794814776255e-05,8.140715174920780742e-03
5.150478797447166471e+03,8.514010776093119890e-09,4.354408202866637267e-05,4.045324322944876885e-03
5.151655243038178014e+03,7.823315512832206327e-09,5.403313260415024453e-05,4.702103052282055433e-03
5.152831688629188648e+03,7.110151771348608516e-09,4.012733474035129987e-05,6.905752991274344103e-03
5.154008134220200191e+03,6.711631387052468552e-09,1.296395500710283048e-05,1.034962910316379603e-02
5.155184579811211734e+03,7.165849755134799283e-09,4.813036438846500753e-06,6.601888374247161240e-03
5.156361025402222367e+03,8.463022325492794833e-09,2.230749998020034342e-05,4.675515083951562595e-03
5.157537470993233910e+03,1.035984471280343893e-08,2.973958426328525192e-05,8.482808509578774678e-03
5.158713916584245453e+03,1.238851853138967419e-08,3.447209548232766301e-05,1.515368233625546436e-02
5.159890362175256087e+03,1.394285816713068363e-08,3.535855215681389896e-05,8.564725627458405141e-03
5.161066807766267630e+03,1.466982532721335598e-08,3.336555267689954920e-05,1.088326309355532647e-03
5.162243253357279173e+03,1.456003164619252603e-08,2.201756642517654070e-05,5.140127135693756989e-03
5.163419698948289806e+03,1.383098292292048763e-08,1.371295559159272590e-05,8.559339274570497424e-03
5.164596144539301349e+03,1.261738789498045892e-08,1.032984416772126930e-05,1.474260981065729850e-02
5.165772590130312892e+03,1.090651850936288716e-08,9.072935271335650918e-06,1.325809922121142306e-02
5.166949035721323526e+03,8.456580633152404221e-09,1.808040421995752404e-05,6.127355000647148262e-03
5.168125481312335069e+03,5.525753602040270118e-09,2.748519504652958522e-05,4.358028093329933961e-03
5.169301926903346612e+03,2.978447738904475432e-09,2.749753489091429402e-05,7.764982843183559566e-03
5.170478372494357245e+03,2.121271313532535087e-09,2.649966093986246294e-05,3.578612047514408753e-03
5.171654818085368788e+03,2.160877868357021928e-09,2.124879275392157357e-05,1.130536296343991227e-02
5.172831263676380331e+03,1.868353813477400583e-09,2.405631487940099370e-05,8.175577710140456700e-03
5.174007709267390965e+03,1.986253001957869060e-09,2.355786385655485017e-05,4.266959344901959279e-03
5.175184154858402508e+03,2.529533931268371436e-09,1.647659945487632828e-05,7.611583141912317725e-03
5.176360600449414051e+03,3.036361322462496143e-09,3.006956436024758471e-06,7.164020580991267359e-03
5.177537046040424684e+03,3.988547961477443686e-09,1.979313394355944774e-06,1.111426689885960765e-02
5.178713491631436227e+03,5.544068357092266586e-09,1.014074388073565160e-05,1.187311035444838479e-02
5.179889937222446861e+03,7.131313164755736659e-09,2.371877734568265445e-05,5.696393698298204099e-03
5.181066382813458404e+03,8.250836606750006971e-09,3.903579680175370221e-05,3.652677680169550897e-03
5.182242828404469947e+03,8.805695233388627633e-09,4.517663005703156096e-05,8.167181748607194383e-03
5.183419273995480580e+03,9.048115788773742833e-09,4.034779342055454953e-05,6.578673351436051427e-03
5.184595719586492123e+03,9.220147608411214092e-09,3.528169007638487281e-05,5.444656500030508293e-03
5.185772165177503666e+03,9.447159173076372483e-09,3.351067560213984793e-05,1.432381151499953313e-02
5.186948610768514300e+03,9.826227441863489506e-09,2.280307228439154107e-05,1.048601171353084373e-02
5.188125056359525843e+03,1.024507034502118518e-08,1.514880179176381784e-05,7.898749094005856966e-03
5.189301501950537386e+03,1.076002378194241996e-08,9.821441537368019625e-06,1.343064881960257147e-02
5.190477947541548019e+03,1.152942322275295381e-08,2.822829779739095563e-05,2.481082092658523554e-03
5.191654393132559562e+03,1.228071027129687862e-08,2.426306561283149077e-05,8.799971889333197544e-03
5.192830838723571105e+03,1.280880276734798244e-08,2.343877094834979498e-05,5.684335534954131769e-03
5.194007284314581739e+03,1.274587877494756115e-08,3.396648876152713419e-05,5.133131788729457592e-03
5.195183729905593282e+03,1.229208017341192124e-08,2.869383242599753866e-05,3.282387934380869010e-03
5.196360175496604825e+03,1.187919876364347039e-08,1.509851441470426590e-05,1.275283207561880676e-02
5.197536621087615458e+03,1.169354598913762092e-08,1.118046992376973885e-05,1.375437207772248031e-02
5.198713066678627001e+03,1.131907551722443936e-08,2.330150113502654262e-06,1.631138884142721785e-03
5.199889512269638544e+03,1.010867390271529646e-08,8.482283985345452130e-06,5.075242384935554560e-03
5.201065957860649178e+03,7.887235564069908341e-09,2.024709335114985686e-05,9.562486886629613728e-03
5.202242403451660721e+03,5.223528125753369503e-09,2.709864297165209018e-05,4.751962047295742175e-03
5.203418849042672264e+03,3.439856355373425875e-09,3.317405913912938921e-05,1.102243642296942515e-02
5.204595294633682897e+03,3.258352666304718809e-09,3.661982135561076592e-05,1.057557122252287228e-02
5.205771740224694440e+03,3.124169874076835767e-09,3.536353176241638797e-05,4.189590387426000984e-03
5.206948185815705983e+03,2.237703125868296039e-09,2.604386511862955353e-05,6.710658331411364919e-03
5.208124631406716617e+03,1.166042683198367441e-09,1.079432884103349512e-05,6.062858143312305562e-03
5.209301076997728160e+03,7.412041001704100098e-10,1.509331609860987021e-05,9.802514692390976170e-03
5.210477522588739703e+03,6.065744960604016747e-10,3.471123306344041392e-05,2.425631503537950193e-02
5.211653968179750336e+03,1.800461815555003578e-09,5.323313719718740478e-05,1.228392174719072395e-02
5.212830413770761879e+03,3.583499768263669613e-09,6.422019600777933480e-05,4.814070639334236748e-03
5.214006859361772513e+03,4.895168825462242382e-09,6.619155704952238504e-05,8.003568421049158180e-03
5.215183304952784056e+03,5.163041785906027447e-09,6.770204841057414350e-05,7.062637981122398684e-03
5.216359750543795599e+03,4.442126919791088685e-09,6.142826549103048181e-05,5.214726445663463855e-03
5.217536196134806232e+03,3.262229264758746309e-09,5.640549245102829219e-05,9.229304348022071905e-03
5.218712641725817775e+03,2.139056380472492037e-09,5.028604417456454545e-05,1.148584065631261947e-02
5.219889087316829318e+03,1.368142014184429047e-09,3.765833601164398920e-05,7.386258143400830853e-03
5.221065532907839952e+03,1.261518047295632871e-09,2.021142480596314870e-05,6.264000091074788806e-03
5.222241978498851495e+03,1.500881842171526144e-09,2.393585690330452600e-05,1.417018547833350656e-02
5.223418424089863038e+03,1.670023791250492480e-09,3.487684729031423375e-05,2.211519886372085783e-02
5.224594869680873671e+03,1.882361393466035132e-09,5.101216698630125698e-05,9.192555200586522909e-03
5.225771315271885214e+03,2.777841449050675460e-09,5.753521077883583609e-05,1.229919267831625605e-02
5.226947760862896757e+03,4.448058712947703489e-09,5.977301449687777028e-05,1.557583685293846901e-02
5.228124206453907391e+03,6.526545731635467356e-09,4.635853763636361665e-05,5.424153066291859289e-03
5.229300652044918934e+03,8.340544170507795417e-09,4.240979676323817073e-05,8.790517988251735082e-03
5.230477097635930477e+03,9.244251512360444774e-09,2.603129771419766369e-05,4.169305667913442322e-03
5.231653543226941110e+03,8.869516201562642428e-09,1.758600105683079138e-05,7.422768590055511990e-03
5.232829988817952653e+03,7.251869697376305529e-09,1.330585928158018786e-05,1.045115460000881416e-02
5.234006434408964196e+03,4.829401154040077751e-09,1.423390441883471448e-05,1.576092115764184771e-03
5.235182879999974830e+03,2.270201351033536010e-09,1.909839274137752491e-05,7.715835622879561179e-03
5.236359325590986373e+03,1.142898884495514279e-09,2.275657854733561917e-05,7.371457934647621980e-03
5.237535771181997916e+03,2.225596641902635527e-09,2.339228725236869013e-05,7.772118564106650883e-03
5.238712216773008549e+03,2.798315270953647566e-09,3.149924120008266391e-05,2.436642160120435288e-03
5.239888662364020092e+03,2.897527441011164805e-09,4.363371422410729987e-05,2.553398555650804140e-03
5.241065107955031635e+03,3.229624517470054586e-09,5.351794214120575189e-05,6.295445789151568085e-03
5.242241553546042269e+03,3.931228297929393793e-09,5.563775132104796772e-05,5.720418685903237536e-03
5.243417999137053812e+03,4.470115237929965793e-09,4.933709661100108538e-05,6.132245922564440350e-03
5.244594444728065355e+03,4.592811559431431931e-09,3.508366434452951194e-05,5.769881342543730501e-03
5.245770890319075988e+03,4.602074910359099954e-09,1.741769700784962313e-05,1.477442623566573368e-02
5.246947335910087531e+03,5.131913742212010026e-09,5.041127817662170871e-06,8.430886952428964104e-03
5.248123781501099074e+03,6.504550204262820593e-09,1.052643697186457171e-05,6.136155133060886870e-03
5.249300227092109708e+03,8.218442231919584500e-09,1.723885703070663258e-05,1.042035291643057630e-02
5.250476672683121251e+03,9.300173337194529830e-09,2.073385224920218562e-05,1.014705590921941535e-02
5.251653118274132794e+03,8.946498224508535523e-09,2.513742774283614956e-05,1.137717040260927299e-02
5.252829563865143427e+03,6.958977274533549805e-09,3.113428911573167787e-05,1.130139164617229887e-02
5.254006009456154970e+03,3.965715767336069601e-09,3.328523064707542418e-05,1.135943692320413867e-02
5.255182455047165604e+03,1.045361214642596900e-09,3.066246552802826149e-05,1.783074614681216807e-02
5.256358900638177147e+03,9.584586075621821317e-10,3.287145362176110280e-05,1.536576410298773517e-02
5.257535346229188690e+03,1.796600483957126634e-09,3.426297945066125343e-05,6.983753330931212651e-03
5.258711791820199323e+03,2.168816163364814207e-09,2.543612359152769644e-05,2.163097220966210890e-02
5.259888237411210866e+03,2.812173852717247993e-09,1.681191173851808679e-05,1.253822822401494917e-02
5.261064683002222409e+03,3.580745827642012373e-09,1.284343070153234159e-05,1.148242144010863143e-02
5.262241128593233043e+03,4.250655377366210584e-09,1.469130014165360518e-05,1.591641729334824368e-02
5.263417574184244586e+03,4.856560108041605544e-09,1.494863964183029603e-05,1.044274634728946556e-02
5.264594019775256129e+03,5.422507771694555498e-09,2.024382779817430274e-05,8.210113977773414104e-03
5.265770465366266762e+03,5.985931086515685638e-09,1.015006679647959838e-05,1.183852462628857266e-02
5.266946910957278305e+03,6.427171318823917017e-09,1.965512499285442934e-05,8.793217511259375854e-03
5.268123356548289848e+03,6.287615246920658438e-09,3.360314825723970632e-05,5.734490183749998797e-03
5.269299802139300482e+03,5.012502587542225096e-09,4.334370735872560438e-05,3.076330227331245358e-03
5.270476247730312025e+03,2.679668677547932287e-09,4.693144362412419280e-05,2.037613911897092830e-02
5.271652693321323568e+03,2.452039407110558653e-09,4.599374214546353082e-05,2.053783197938399696e-02
5.272829138912334201e+03,5.389289896488278408e-09,4.017697361485878156e-05,1.010586162230688902e-02
5.274005584503345744e+03,7.633833673124232538e-09,3.334790639183554006e-05,1.470765826854284093e-02
5.275182030094357287e+03,8.277372444890008099e-09,2.359591107982079923e-05,1.867359389605612735e-02
5.276358475685367921e+03,7.320391970062187517e-09,1.268699917102855549e-05,1.488819809511219942e-02
5.277534921276379464e+03,5.340803671781386817e-09,8.022831997212210976e-06,1.227540484709279539e-02
5.278711366867391007e+03,3.218503670951024452e-09,2.242131789925453232e-05,1.334757132642999493e-02
5.279887812458401640e+03,1.869834669365681370e-09,3.722812623411748885e-05,1.065181377186272781e-02
5.281064258049413183e+03,1.970583750889494185e-09,4.482314217598350490e-05,1.646993963198563685e-02
5.282240703640424726e+03,3.100494932993298374e-09,4.544010548313817330e-05,1.636412645741525812e-02
5.283417149231435360e+03,4.787966963598953309e-09,3.561070368772885467e-05,1.670330120910952856e-02
5.284593594822446903e+03,6.685415119357358040e-09,1.909858372566173912e-05,2.534040909734898428e-02
5.285770040413458446e+03,8.405781798673755739e-09,1.633032634777486163e-05,5.845716510901498991e-03
5.286946486004469079e+03,9.508495201552499427e-09,2.709205068982375515e-05,6.426597338776187697e-03
5.288122931595480622e+03,9.604216802323508117e-09,3.494472821787554360e-05,7.685405963001577974e-03
5.289299377186491256e+03,8.623774067346475344e-09,3.859180435336456423e-05,1.313700689908101765e-02
5.290475822777502799e+03,7.065879307465885492e-09,3.810114183787790919e-05,1.329073918902386880e-02
5.291652268368514342e+03,5.874708777760221359e-09,2.984813737173827887e-05,5.100741222280831544e-03
5.292828713959524976e+03,5.413481554540892223e-09,1.869616372485948428e-05,6.191829520281589769e-03
5.294005159550536519e+03,4.929467794320423293e-09,1.110256796390464151e-05,1.676220195667579849e-02
5.295181605141548062e+03,3.857610536597764581e-09,1.596363947386107704e-05,2.179904157825973687e-02
5.296358050732558695e+03,2.443120660589604187e-09,3.012942030478667069e-05,6.192677684536252065e-03
5.297534496323570238e+03,1.650005603008967722e-09,3.583760377214510973e-05,2.208284424547369770e-02
5.298710941914581781e+03,2.112480598134394128e-09,3.489454058264325996e-05,8.548062105451340736e-03
5.299887387505592415e+03,2.785980227341165151e-09,2.426056494597181410e-05,1.114503611192168425e-02
5.301063833096603958e+03,3.230393849413308125e-09,8.902755054528852993e-06,4.412588778232550725e-03
5.302240278687615501e+03,3.732990895619095787e-09,1.319793607758092631e-05,2.456197596499009282e-03
5.303416724278626134e+03,4.810312511230866177e-09,2.507892701428290189e-05,2.727103851296811075e-03
5.304593169869637677e+03,6.283001092775028427e-09,2.788653335179402490e-05,9.737792885166655574e-03
5.305769615460649220e+03,7.290427179525358255e-09,2.490377461663606471e-05,6.725748920932634115e-03
5.306946061051659854e+03,7.148175956791179684e-09,1.782484284016513709e-05,1.292183845992860751e-03
5.308122506642671397e+03,5.760587099221418072e-09,1.342627044312216431e-05,3.541910615003369522e-03
5.309298952233682940e+03,3.622451787578519280e-09,1.173792681233207350e-05,4.684165792481964283e-03
5.310475397824693573e+03,1.524156883396235260e-09,1.213320457274985561e-05,3.519411427857231482e-03
5.311651843415705116e+03,2.340201117471684686e-10,1.865670825614236582e-05,7.039327817366321065e-03
5.312828289006716659e+03,4.050108029543415533e-10,3.229332564431446935e-05,1.265977109054223712e-02
5.314004734597727293e+03,5.201660606970066816e-10,4.780162036523956457e-05,7.561222052976220021e-03
5.315181180188738836e+03,1.179040688170172743e-09,5.743943376969448331e-05,1.249271744301053318e-02
5.316357625779750379e+03,1.753989053594738724e-09,5.778034870611970355e-05,1.326490942826628362e-02
5.317534071370761012e+03,1.812714378608906695e-09,4.621159214923292903e-05,1.310493877891121678e-02
5.318710516961772555e+03,1.652530951739461538e-09,3.203385970700045029e-05,2.330484762134982235e-02
5.319886962552784098e+03,2.350420059540762243e-09,2.316319555943016916e-05,1.240937334370114005e-02
5.321063408143794732e+03,3.667149254812470078e-09,1.704021461151529894e-05,1.181562490489038685e-02
5.322239853734806275e+03,4.686439327007599185e-09,1.012591008374713489e-05,1.045858099667262842e-02
5.323416299325817818e+03,4.971856523314853555e-09,3.576607652060969010e-06,2.153242201339542351e-03
5.324592744916828451e+03,4.654175147781124666e-09,1.674947786669622071e-05,1.082285533239544031e-02
5.325769190507839994e+03,4.566828790935419495e-09,2.791881595308201312e-05,1.468274917447544466e-02
5.326945636098851537e+03,5.755336258356532317e-09,3.500562922811044678e-05,4.955972564330607746e-03
5.328122081689862171e+03,7.896190897052048738e-09,4.090217864226037680e-05,1.459470527797761957e-02
5.329298527280873714e+03,9.882138139593848472e-09,4.855704317046843715e-05,2.623722425484031201e-02
5.330474972871884347e+03,1.086075241859307887e-08,5.110519790368506373e-05,2.752344914488018615e-02
5.331651418462895890e+03,1.057127921387423638e-08,5.059079085699865190e-05,1.967367988439936224e-02
5.332827864053907433e+03,9.402242573206240214e-09,5.123152991888316584e-05,5.770537183478043584e-03
5.334004309644918067e+03,7.990648325934953346e-09,3.744591065668708069e-05,1.778847486547315351e-02
5.335180755235929610e+03,6.821918128639019571e-09,3.056635292008447164e-05,2.507629535802516352e-02
5.336357200826941153e+03,6.031327483116970444e-09,3.381659420681915485e-05,1.941383373888799779e-02
5.337533646417951786e+03,5.772759051389386257e-09,4.382734516167064711e-05,4.207920287140442910e-03
5.338710092008963329e+03,6.103255639102485761e-09,5.277963161580444192e-05,6.155358895389361276e-03
5.339886537599974872e+03,6.636628323114605108e-09,5.746429852254194274e-05,1.232127567070192241e-02
5.341062983190985506e+03,6.792572412079186328e-09,5.326742914395480482e-05,2.664838609819047271e-02
5.342239428781997049e+03,6.125519461995733113e-09,4.872384471258014440e-05,2.790666970361132398e-02
5.343415874373008592e+03,4.448845245571984858e-09,4.575485606890540953e-05,1.872169758626423403e-02
5.344592319964019225e+03,2.162111078121926894e-09,3.920314606188805904e-05,3.456965569562858460e-03
5.345768765555030768e+03,1.728112974244402418e-09,3.423657259797604851e-05,1.197549630294185083e-02
5.346945211146042311e+03,3.457111843084149319e-09,2.968317350430000156e-05,1.456014616220328850e-02
5.348121656737052945e+03,4.438418401189419515e-09,2.516821699208189589e-05,6.282651632346694312e-03
5.349298102328064488e+03,4.502569798039759825e-09,3.306383828734897227e-05,1.069269763172337254e-02
5.350474547919076031e+03,4.227835194786175829e-09,4.158015505651544330e-05,1.163383871699240867e-02
5.351650993510086664e+03,4.267726434341658993e-09,4.563306488275461369e-05,1.457187724730531382e-02
5.352827439101098207e+03,4.891678780911594136e-09,4.385272307383533756e-05,3.361145856938158732e-02
5.354003884692109750e+03,6.002617496392862763e-09,3.743288800182736095e-05,2.883440850396115293e-02
5.355180330283120384e+03,7.289756855466455018e-09,3.188640922641677704e-05,1.408165019610017367e-02
5.356356775874131927e+03,8.184188377047704572e-09,2.448850590006067726e-05,1.857384933919352388e-02
5.357533221465143470e+03,8.109061599751804260e-09,2.167682068490250661e-05,2.066635784072896886e-02
5.358709667056154103e+03,6.827610591400411093e-09,2.432301022470604148e-05,2.748968130596866725e-03
5.359886112647165646e+03,4.697238399960869095e-09,2.419068050282090971e-05,1.378931204907695406e-02
5.361062558238177189e+03,2.853587629526304534e-09,2.205755012009185040e-05,1.695988147381290168e-02
5.362239003829187823e+03,2.582514134593034503e-09,1.774408158060563508e-05,1.668555071339880569e-02
5.363415449420199366e+03,2.557325306001080003e-09,1.512576509637894020e-05,1.570020734020147538e-02
5.364591895011209999e+03,1.807997705900348847e-09,2.304898084662059232e-05,7.150753713826374890e-03
5.365768340602221542e+03,2.836866709850812985e-09,3.441895623193130555e-05,2.130225627387120554e-02
5.366944786193233085e+03,5.446323411709032857e-09,4.898026960689234855e-05,1.982653067926580526e-02
5.368121231784243719e+03,7.457740637489914529e-09,6.145425621316522469e-05,1.883318706712567084e-03
5.369297677375255262e+03,7.963098231771646450e-09,6.234480959213921651e-05,1.715288305914798583e-02
5.370474122966266805e+03,6.916168784665144858e-09,5.632237091729541369e-05,1.309721155114339231e-02
5.371650568557277438e+03,5.075353304526671530e-09,4.517248398921712606e-05,3.981782958136319099e-03
5.372827014148288981e+03,4.008650473867840743e-09,3.385425998741213767e-05,2.263087228658899376e-04
