time error_arcsec
0.000000000000000000e+00 0.000000000000000000e+00
1.000000000000000048e-04 6.543216058194191789e-03
2.000000000000000096e-04 4.647054886775994764e-02
3.000000000000000279e-04 1.379741759639590837e-01
4.000000000000000192e-04 2.895958052507957015e-01
5.000000000000000104e-04 5.050670455317178842e-01
6.000000000000000559e-04 7.857475162826115245e-01
6.999999999999999929e-04 1.131850445897410351e+00
8.000000000000000383e-04 1.543056518771826369e+00
9.000000000000000838e-04 2.018819297551316616e+00
1.000000000000000021e-03 2.558515347221975489e+00
1.100000000000000066e-03 3.161516342975522420e+00
1.200000000000000112e-03 3.827222147191191581e+00
1.300000000000000157e-03 4.534811514654626841e+00
1.399999999999999986e-03 4.936379151983994795e+00
1.500000000000000031e-03 4.822467571698583200e+00
1.600000000000000077e-03 4.513568915901182699e+00
1.700000000000000122e-03 4.221374751990308205e+00
1.800000000000000168e-03 3.763188685045713022e+00
1.899999999999999996e-03 3.240560378308805056e+00
2.000000000000000042e-03 2.914218977555657730e+00
2.100000000000000304e-03 2.844395752183028758e+00
2.200000000000000133e-03 2.971204670394346437e+00
2.299999999999999961e-03 3.265884174001490337e+00
2.400000000000000223e-03 3.694691110668705925e+00
2.500000000000000052e-03 4.223655815647004097e+00
2.600000000000000314e-03 4.836011147507876196e+00
2.700000000000000143e-03 5.520814315630089730e+00
2.799999999999999972e-03 6.266635460616250874e+00
2.900000000000000234e-03 7.064969961705285684e+00
3.000000000000000062e-03 7.917024994505395874e+00
3.100000000000000325e-03 8.809801250190911759e+00
3.200000000000000153e-03 9.728079707623820127e+00
3.299999999999999982e-03 1.069801394520625948e+01
3.400000000000000244e-03 1.173970877898931242e+01
3.500000000000000073e-03 1.280418160411452355e+01
3.600000000000000335e-03 1.385249156849361363e+01
3.700000000000000164e-03 1.486646250607914155e+01
3.799999999999999992e-03 1.584050251215445826e+01
3.900000000000000255e-03 1.674234751280133082e+01
4.000000000000000083e-03 1.761064880565318802e+01
4.100000000000000346e-03 1.842458011815564589e+01
4.200000000000000608e-03 1.915498934353841776e+01
4.300000000000000003e-03 1.981313298741715911e+01
4.400000000000000265e-03 2.041878870255605349e+01
4.500000000000000527e-03 2.098858259384218528e+01
4.599999999999999922e-03 2.153341167204029105e+01
4.700000000000000185e-03 2.205954500540099161e+01
4.800000000000000447e-03 2.255332241241419666e+01
4.899999999999999842e-03 2.298933681171885368e+01
5.000000000000000104e-03 2.335223074319401704e+01
5.100000000000000366e-03 2.365216072269216951e+01
5.200000000000000629e-03 2.390208088550604160e+01
5.300000000000000024e-03 2.409813500454939472e+01
5.400000000000000286e-03 2.424985966710825380e+01
5.500000000000000548e-03 2.436736417173737834e+01
5.599999999999999943e-03 2.445759801688534196e+01
5.700000000000000205e-03 2.452504452076866315e+01
5.800000000000000468e-03 2.457522326682322245e+01
5.899999999999999863e-03 2.461317702114300232e+01
6.000000000000000125e-03 2.464303978566609032e+01
6.100000000000000387e-03 2.466802712705160161e+01
6.200000000000000649e-03 2.469216052445959164e+01
6.300000000000000044e-03 2.471618665836287931e+01
6.400000000000000307e-03 2.474004244929282947e+01
6.500000000000000569e-03 2.476758372869938185e+01
6.599999999999999964e-03 2.480225748130376928e+01
6.700000000000000226e-03 2.484095039031966223e+01
6.800000000000000488e-03 2.488485745651378522e+01
6.900000000000000751e-03 2.493458612780694850e+01
7.000000000000000146e-03 2.498488755268272854e+01
7.100000000000000408e-03 2.503136364551892612e+01
7.200000000000000670e-03 2.507271676100027946e+01
7.300000000000000065e-03 2.510876803250560130e+01
7.400000000000000328e-03 2.514507713533514632e+01
7.500000000000000590e-03 2.518120042768813605e+01
7.599999999999999985e-03 2.521697272656976452e+01
7.700000000000000247e-03 2.525269801657859858e+01
7.800000000000000509e-03 2.528805972341990582e+01
7.900000000000000772e-03 2.532508778218903700e+01
8.000000000000000167e-03 2.536357849258163455e+01
8.099999999999999561e-03 2.540327118967461217e+01
8.200000000000000691e-03 2.544398007155311703e+01
8.300000000000000086e-03 2.548651188535329126e+01
8.400000000000001216e-03 2.553036799760862152e+01
8.500000000000000611e-03 2.557376719405190357e+01
8.600000000000000006e-03 2.561636180821711761e+01
8.700000000000001135e-03 2.565796017697836717e+01
8.800000000000000530e-03 2.569838359635278735e+01
8.899999999999999925e-03 2.573746452225664072e+01
9.000000000000001055e-03 2.577505303058944008e+01
9.100000000000000450e-03 2.581102022103289784e+01
9.199999999999999845e-03 2.584493705624463544e+01
9.300000000000000974e-03 2.587484966663853925e+01
9.400000000000000369e-03 2.589885383001805863e+01
9.499999999999999764e-03 2.591725753802690591e+01
9.600000000000000894e-03 2.593094479522093820e+01
9.700000000000000289e-03 2.593676683952475770e+01
9.799999999999999684e-03 2.594217655216234064e+01
9.900000000000000813e-03 2.594680532219501146e+01
1.000000000000000021e-02 2.594901352950958540e+01
1.010000000000000134e-02 2.593555947872713574e+01
1.020000000000000073e-02 2.587672356791140871e+01
1.030000000000000013e-02 2.577434957075472255e+01
1.040000000000000126e-02 2.563830946911132713e+01
1.050000000000000065e-02 2.547734853107547792e+01
1.060000000000000005e-02 2.529794068137995211e+01
1.070000000000000118e-02 2.510468092657172434e+01
1.080000000000000057e-02 2.490069587047289801e+01
1.089999999999999997e-02 2.468715898706754430e+01
1.100000000000000110e-02 2.446695393305402888e+01
1.110000000000000049e-02 2.424229459219132465e+01
1.119999999999999989e-02 2.401382622100676656e+01
1.130000000000000102e-02 2.378165814791255528e+01
1.140000000000000041e-02 2.354617851699984499e+01
1.149999999999999981e-02 2.330761840472034763e+01
1.160000000000000094e-02 2.306502158584126150e+01
1.170000000000000033e-02 2.281641719856117234e+01
1.179999999999999973e-02 2.256143309037642197e+01
1.190000000000000085e-02 2.230511574285491250e+01
1.200000000000000025e-02 2.204614587434397777e+01
1.210000000000000138e-02 2.178444380661546020e+01
1.220000000000000077e-02 2.152032166094613075e+01
1.230000000000000017e-02 2.125411587129055846e+01
1.240000000000000130e-02 2.098610558498743117e+01
1.250000000000000069e-02 2.071624838817288605e+01
1.260000000000000009e-02 2.044497752126944690e+01
1.270000000000000122e-02 2.017323687391115072e+01
1.280000000000000061e-02 1.990037012137252859e+01
1.290000000000000001e-02 1.962605376231210741e+01
1.300000000000000114e-02 1.935151563724150847e+01
1.310000000000000053e-02 1.907538250343262476e+01
1.319999999999999993e-02 1.879631476550871128e+01
1.330000000000000106e-02 1.851509999245190130e+01
1.340000000000000045e-02 1.823167345935389960e+01
1.349999999999999985e-02 1.794579939781847955e+01
1.360000000000000098e-02 1.765747814380760161e+01
1.370000000000000037e-02 1.736688230922353071e+01
1.380000000000000150e-02 1.707413525818394007e+01
1.390000000000000090e-02 1.677929604964961285e+01
1.400000000000000029e-02 1.648237955398058929e+01
1.410000000000000142e-02 1.618337749080479426e+01
1.420000000000000082e-02 1.588227267104457852e+01
1.430000000000000021e-02 1.557904596222745042e+01
1.440000000000000134e-02 1.527367765831741053e+01
1.450000000000000074e-02 1.496614513958121151e+01
1.460000000000000013e-02 1.465641820993523581e+01
1.470000000000000126e-02 1.434445280903859476e+01
1.480000000000000066e-02 1.403018303556453894e+01
1.490000000000000005e-02 1.371351043927677438e+01
1.500000000000000118e-02 1.339428778142091581e+01
1.510000000000000057e-02 1.307228998356759675e+01
1.519999999999999997e-02 1.274714805849422383e+01
1.530000000000000110e-02 1.241792540859776572e+01
1.540000000000000049e-02 1.208113222829592814e+01
1.549999999999999989e-02 1.173061038717629145e+01
1.560000000000000102e-02 1.136312104414428781e+01
1.570000000000000215e-02 1.097887475303842564e+01
1.580000000000000154e-02 1.057894198432007471e+01
1.590000000000000094e-02 1.016416038433121827e+01
1.600000000000000033e-02 9.734744551464373785e+00
1.609999999999999973e-02 9.290030437590008461e+00
1.619999999999999912e-02 8.825502696456931417e+00
1.630000000000000199e-02 8.333620357081553465e+00
1.640000000000000138e-02 7.811323138545198219e+00
1.650000000000000078e-02 7.257988573985965530e+00
1.660000000000000017e-02 6.673670457616374563e+00
1.669999999999999957e-02 6.058278615368829279e+00
1.680000000000000243e-02 5.411286456731146721e+00
1.690000000000000183e-02 4.731696354197926446e+00
1.700000000000000122e-02 4.018081493150452488e+00
1.710000000000000062e-02 3.268567154089639271e+00
1.720000000000000001e-02 2.480469088251827436e+00
1.729999999999999941e-02 1.648197671792038355e+00
1.740000000000000227e-02 7.585621457040916393e-01
1.750000000000000167e-02 -2.029942868744809004e-01
1.760000000000000106e-02 -1.243784773141546340e+00
1.770000000000000046e-02 -2.359138243318688932e+00
1.779999999999999985e-02 -3.553106813402123532e+00
1.789999999999999925e-02 -4.863304348963550794e+00
1.800000000000000211e-02 -6.306707962847997173e+00
1.810000000000000150e-02 -7.918499007578017945e+00
1.820000000000000090e-02 -9.760843197431752216e+00
1.830000000000000029e-02 -1.190786567121292450e+01
1.839999999999999969e-02 -1.439078675065790058e+01
1.850000000000000255e-02 -1.717186123817562660e+01
1.860000000000000195e-02 -2.013589738322934153e+01
1.870000000000000134e-02 -2.326110722983124290e+01
1.880000000000000074e-02 -2.652743671099737810e+01
1.890000000000000013e-02 -2.990835729224463080e+01
1.899999999999999953e-02 -3.332628625991099369e+01
1.910000000000000239e-02 -3.688329968257821889e+01
1.920000000000000179e-02 -4.057322803955521806e+01
1.930000000000000118e-02 -4.432787290969225324e+01
1.940000000000000058e-02 -4.785227858846431559e+01
1.949999999999999997e-02 -5.034791046919118429e+01
1.959999999999999937e-02 -5.139516910078828715e+01
1.970000000000000223e-02 -5.178604653943204283e+01
1.980000000000000163e-02 -5.193175767126687958e+01
1.990000000000000102e-02 -5.194968774396950550e+01
2.000000000000000042e-02 -5.193996121140739319e+01
2.009999999999999981e-02 -5.197854178540038106e+01
2.020000000000000268e-02 -5.212326311590223327e+01
2.030000000000000207e-02 -5.239158285706821516e+01
2.040000000000000147e-02 -5.275712185331713044e+01
2.050000000000000086e-02 -5.317376538055189172e+01
2.060000000000000026e-02 -5.359779685393456106e+01
2.069999999999999965e-02 -5.400667508962013841e+01
2.080000000000000251e-02 -5.439423659448747372e+01
2.090000000000000191e-02 -5.476225388157334351e+01
2.100000000000000130e-02 -5.511697861017386657e+01
2.110000000000000070e-02 -5.546429699187378048e+01
2.120000000000000009e-02 -5.580596944521041536e+01
2.129999999999999949e-02 -5.614418127008880077e+01
2.140000000000000235e-02 -5.648082372566999254e+01
2.150000000000000175e-02 -5.682115899451131469e+01
2.160000000000000114e-02 -5.717164791214433706e+01
2.170000000000000054e-02 -5.753658203642226709e+01
2.179999999999999993e-02 -5.792339411874461064e+01
2.189999999999999933e-02 -5.831983510452860742e+01
2.200000000000000219e-02 -5.872520292920569318e+01
2.210000000000000159e-02 -5.913934889196408307e+01
2.220000000000000098e-02 -5.956060816132626456e+01
2.230000000000000038e-02 -5.998250265895227074e+01
2.239999999999999977e-02 -6.040143439216415544e+01
2.250000000000000264e-02 -6.081992623014291155e+01
2.260000000000000203e-02 -6.123896201732171107e+01
2.270000000000000143e-02 -6.165843433584878142e+01
2.280000000000000082e-02 -6.207799520235008117e+01
2.290000000000000022e-02 -6.249716634569561080e+01
2.299999999999999961e-02 -6.291563903395240231e+01
2.310000000000000248e-02 -6.333377901172585211e+01
2.320000000000000187e-02 -6.375275653760512284e+01
2.330000000000000127e-02 -6.417344326658833609e+01
2.340000000000000066e-02 -6.459644382157416942e+01
2.350000000000000006e-02 -6.502228423031714044e+01
2.359999999999999945e-02 -6.545148237376085376e+01
2.370000000000000231e-02 -6.588455921649077141e+01
2.380000000000000171e-02 -6.632202951340998709e+01
2.390000000000000110e-02 -6.676438724176016137e+01
2.400000000000000050e-02 -6.721170896859854338e+01
2.409999999999999989e-02 -6.766383788802502863e+01
2.420000000000000276e-02 -6.812179496326207584e+01
2.430000000000000215e-02 -6.858682817447139257e+01
2.440000000000000155e-02 -6.905975593989589356e+01
2.450000000000000094e-02 -6.954065811479789261e+01
2.460000000000000034e-02 -7.002768455372913081e+01
2.469999999999999973e-02 -7.051636229034977532e+01
2.480000000000000260e-02 -7.100526997800520235e+01
2.490000000000000199e-02 -7.149508373961080565e+01
2.500000000000000139e-02 -7.198710307787254692e+01
2.510000000000000078e-02 -7.247730480489563831e+01
2.520000000000000018e-02 -7.295880604910732359e+01
2.529999999999999957e-02 -7.343600508564750839e+01
2.540000000000000244e-02 -7.391236663475007163e+01
2.550000000000000183e-02 -7.435923241008204343e+01
2.560000000000000123e-02 -7.477881523998013336e+01
2.570000000000000062e-02 -7.518168314553180664e+01
2.580000000000000002e-02 -7.556938152811601128e+01
2.590000000000000288e-02 -7.594587344231250370e+01
2.600000000000000228e-02 -7.631318371552114854e+01
2.610000000000000167e-02 -7.667124202298246871e+01
2.620000000000000107e-02 -7.702414576063877405e+01
2.630000000000000046e-02 -7.737900707411662893e+01
2.639999999999999986e-02 -7.773936631132224306e+01
2.650000000000000272e-02 -7.810594585384735922e+01
2.660000000000000211e-02 -7.847814656931936383e+01
2.670000000000000151e-02 -7.885353737725912993e+01
2.680000000000000090e-02 -7.922946754899800226e+01
2.690000000000000030e-02 -7.960634946358581487e+01
2.699999999999999969e-02 -7.998503608629184214e+01
2.710000000000000256e-02 -8.036619916127452257e+01
2.720000000000000195e-02 -8.075025417757682078e+01
2.730000000000000135e-02 -8.113738131815944143e+01
2.740000000000000074e-02 -8.152756679164880893e+01
2.750000000000000014e-02 -8.192064678050577697e+01
2.760000000000000300e-02 -8.231634990494417536e+01
2.770000000000000240e-02 -8.271433717965786059e+01
2.780000000000000179e-02 -8.311423856116877573e+01
2.790000000000000119e-02 -8.351568476862730961e+01
2.800000000000000058e-02 -8.391833296104219642e+01
2.809999999999999998e-02 -8.432188524833169652e+01
2.820000000000000284e-02 -8.472609976684867661e+01
2.830000000000000224e-02 -8.513079479217137191e+01
2.840000000000000163e-02 -8.553567682698376018e+01
2.850000000000000103e-02 -8.593881555347792300e+01
2.860000000000000042e-02 -8.633813811810848904e+01
2.869999999999999982e-02 -8.673447011141620067e+01
2.880000000000000268e-02 -8.712964652745213812e+01
2.890000000000000208e-02 -8.752514503398361967e+01
2.900000000000000147e-02 -8.792193729295003379e+01
2.910000000000000087e-02 -8.832059094419072665e+01
2.920000000000000026e-02 -8.872138115169828154e+01
2.930000000000000313e-02 -8.912437677621412035e+01
2.940000000000000252e-02 -8.952950561957487707e+01
2.950000000000000192e-02 -8.993660388319811716e+01
2.960000000000000131e-02 -9.034545351368711863e+01
2.970000000000000070e-02 -9.075581126711730917e+01
2.980000000000000010e-02 -9.116743280550063844e+01
2.990000000000000296e-02 -9.158009349592965975e+01
3.000000000000000236e-02 -9.199360567894076723e+01
3.010000000000000175e-02 -9.239524418296900876e+01
3.020000000000000115e-02 -9.275821103912288379e+01
3.030000000000000054e-02 -9.308568238089067393e+01
3.039999999999999994e-02 -9.338658587878634876e+01
3.050000000000000280e-02 -9.366826169233237920e+01
3.060000000000000220e-02 -9.393603769297874351e+01
3.070000000000000159e-02 -9.419370276529518549e+01
3.080000000000000099e-02 -9.444396123865669779e+01
3.090000000000000038e-02 -9.468876503623380358e+01
3.099999999999999978e-02 -9.492954500312735888e+01
3.110000000000000264e-02 -9.516737009525711244e+01
3.120000000000000204e-02 -9.540305727012844272e+01
3.130000000000000143e-02 -9.563725324217413970e+01
3.140000000000000430e-02 -9.587048332141370111e+01
3.150000000000000022e-02 -9.610318196289023263e+01
3.160000000000000309e-02 -9.633571164888873284e+01
3.169999999999999901e-02 -9.656837375467871709e+01
3.180000000000000188e-02 -9.680141408510804979e+01
3.190000000000000474e-02 -9.703502443235463204e+01
3.200000000000000067e-02 -9.726933770543492130e+01
3.210000000000000353e-02 -9.750430530533374451e+01
3.219999999999999946e-02 -9.773959402464024038e+01
3.230000000000000232e-02 -9.797502630828353176e+01
3.239999999999999825e-02 -9.821069609363027553e+01
3.250000000000000111e-02 -9.844671531458706681e+01
3.260000000000000397e-02 -9.868316237961894899e+01
3.269999999999999990e-02 -9.892009049769309570e+01
3.280000000000000276e-02 -9.915753894838198335e+01
3.289999999999999869e-02 -9.939554138374479919e+01
3.300000000000000155e-02 -9.963413082127392784e+01
3.310000000000000442e-02 -9.987334211275046414e+01
3.320000000000000034e-02 -1.001132127278252426e+02
3.330000000000000321e-02 -1.003537824850201901e+02
3.339999999999999913e-02 -1.005950926505820604e+02
3.350000000000000200e-02 -1.008371846755401009e+02
3.360000000000000486e-02 -1.010800987527874639e+02
3.370000000000000079e-02 -1.013238723285995775e+02
3.380000000000000365e-02 -1.015685386765258897e+02
3.389999999999999958e-02 -1.018141256227345082e+02
3.400000000000000244e-02 -1.020606544928452450e+02
3.409999999999999837e-02 -1.023081393272918262e+02
3.420000000000000123e-02 -1.025565863849489432e+02
3.430000000000000410e-02 -1.028059939227311617e+02
3.440000000000000002e-02 -1.030563522015229836e+02
3.450000000000000289e-02 -1.033076436200863668e+02
3.459999999999999881e-02 -1.035598427982760512e+02
3.470000000000000168e-02 -1.038129162471318807e+02
3.480000000000000454e-02 -1.040668206638622593e+02
3.490000000000000047e-02 -1.043214953845176041e+02
3.500000000000000333e-02 -1.045767244471089299e+02
3.509999999999999926e-02 -1.048321720731629227e+02
3.520000000000000212e-02 -1.050878131817346883e+02
3.530000000000000498e-02 -1.053437234816076256e+02
3.540000000000000091e-02 -1.055999721895852872e+02
3.550000000000000377e-02 -1.058565380544015682e+02
3.559999999999999970e-02 -1.061147088914450336e+02
3.570000000000000256e-02 -1.063748851998438880e+02
3.579999999999999849e-02 -1.066314093125109395e+02
3.590000000000000135e-02 -1.068864942845237351e+02
3.600000000000000422e-02 -1.071410692755566885e+02
3.610000000000000014e-02 -1.073955229159636389e+02
3.620000000000000301e-02 -1.076499990965900793e+02
3.629999999999999893e-02 -1.079044230948959608e+02
3.640000000000000180e-02 -1.081577619277224613e+02
3.650000000000000466e-02 -1.084084918602568024e+02
3.660000000000000059e-02 -1.086564454970000497e+02
3.670000000000000345e-02 -1.089016823767678090e+02
3.679999999999999938e-02 -1.091441808008647882e+02
3.690000000000000224e-02 -1.093837282301460618e+02
3.700000000000000511e-02 -1.096193220555055063e+02
3.710000000000000103e-02 -1.098485535434254530e+02
3.720000000000000390e-02 -1.100691227480721039e+02
3.729999999999999982e-02 -1.102795808744644148e+02
3.740000000000000269e-02 -1.104798110657641104e+02
3.749999999999999861e-02 -1.106704980666004019e+02
3.760000000000000148e-02 -1.108523613054425851e+02
3.770000000000000434e-02 -1.110259739625560655e+02
3.780000000000000027e-02 -1.111919402080658017e+02
3.790000000000000313e-02 -1.113515689295863922e+02
3.799999999999999906e-02 -1.115121878643877835e+02
3.810000000000000192e-02 -1.116613410457024713e+02
3.820000000000000479e-02 -1.117996104401416630e+02
3.830000000000000071e-02 -1.119288987478197868e+02
3.840000000000000357e-02 -1.120508898088717018e+02
3.849999999999999950e-02 -1.121681339357099318e+02
3.860000000000000236e-02 -1.122765749142538994e+02
3.870000000000000523e-02 -1.123762906633190966e+02
3.880000000000000115e-02 -1.124771774196594407e+02
3.890000000000000402e-02 -1.125814201628138278e+02
3.899999999999999994e-02 -1.126921790286966569e+02
3.910000000000000281e-02 -1.128084140197160536e+02
3.919999999999999873e-02 -1.129419020136265601e+02
3.930000000000000160e-02 -1.131110127240336567e+02
3.940000000000000446e-02 -1.133127323517326630e+02
3.950000000000000039e-02 -1.135734766573491328e+02
3.960000000000000325e-02 -1.139161535916826580e+02
3.969999999999999918e-02 -1.142772315082530952e+02
3.980000000000000204e-02 -1.145961580323970566e+02
3.990000000000000491e-02 -1.148664618495438532e+02
4.000000000000000083e-02 -1.151036471792455842e+02
4.010000000000000370e-02 -1.153222544540632413e+02
4.019999999999999962e-02 -1.155378196566827427e+02
4.030000000000000249e-02 -1.157622111663537083e+02
4.040000000000000535e-02 -1.159971108821702757e+02
4.050000000000000128e-02 -1.162549832058881947e+02
4.060000000000000414e-02 -1.165359834643162174e+02
4.070000000000000007e-02 -1.168104403342839248e+02
4.080000000000000293e-02 -1.170774125462689597e+02
4.089999999999999886e-02 -1.173549022067058161e+02
4.100000000000000172e-02 -1.176524662321723014e+02
4.110000000000000459e-02 -1.179637304085447909e+02
4.120000000000000051e-02 -1.182757777976594724e+02
4.130000000000000338e-02 -1.185765291935201873e+02
4.139999999999999930e-02 -1.188593723603770798e+02
4.150000000000000216e-02 -1.191254232553246197e+02
4.160000000000000503e-02 -1.193754842323019290e+02
4.170000000000000095e-02 -1.196103022606923929e+02
4.180000000000000382e-02 -1.198338924923789079e+02
4.189999999999999974e-02 -1.200493479746561860e+02
4.200000000000000261e-02 -1.202608529305603327e+02
4.210000000000000547e-02 -1.204719186168207443e+02
4.220000000000000140e-02 -1.206622588590621774e+02
4.230000000000000426e-02 -1.208067727171915919e+02
4.240000000000000019e-02 -1.209003024918648350e+02
4.250000000000000305e-02 -1.209525585388860804e+02
4.259999999999999898e-02 -1.209713453437489363e+02
4.270000000000000184e-02 -1.209535051372320709e+02
4.280000000000000471e-02 -1.208969418001042726e+02
4.290000000000000063e-02 -1.207860425446232000e+02
4.300000000000000350e-02 -1.205967217764154213e+02
4.309999999999999942e-02 -1.203063906205219382e+02
4.320000000000000229e-02 -1.198941977918487538e+02
4.330000000000000515e-02 -1.193379611219279184e+02
4.340000000000000108e-02 -1.186171856023377273e+02
4.350000000000000394e-02 -1.177134572452383026e+02
4.359999999999999987e-02 -1.166078885211404952e+02
4.370000000000000273e-02 -1.152944620885003530e+02
4.379999999999999866e-02 -1.137482683523405314e+02
4.390000000000000152e-02 -1.119494243497782833e+02
4.400000000000000439e-02 -1.099072354359786772e+02
4.410000000000000031e-02 -1.076505633251578189e+02
4.420000000000000318e-02 -1.051780336935986782e+02
4.429999999999999910e-02 -1.025100807043448299e+02
4.440000000000000197e-02 -9.962328038345206949e+01
4.450000000000000483e-02 -9.661903800620873994e+01
4.460000000000000075e-02 -9.368049513626512237e+01
4.470000000000000362e-02 -9.108229519024065723e+01
4.479999999999999954e-02 -8.887708057923940430e+01
4.490000000000000241e-02 -8.715623662534876814e+01
4.500000000000000527e-02 -8.587836141474420515e+01
4.510000000000000120e-02 -8.493547278872357253e+01
4.520000000000000406e-02 -8.433452622520307784e+01
4.529999999999999999e-02 -8.412598073227523798e+01
4.540000000000000285e-02 -8.429698908136674618e+01
4.549999999999999878e-02 -8.466668544535346541e+01
4.560000000000000164e-02 -8.509019179116104681e+01
4.570000000000000451e-02 -8.551374391631104288e+01
4.580000000000000043e-02 -8.591870588106765183e+01
4.590000000000000330e-02 -8.626087766798390533e+01
4.599999999999999922e-02 -8.662275515413234928e+01
4.610000000000000209e-02 -8.702159644944126171e+01
4.620000000000000495e-02 -8.748418140871329740e+01
4.630000000000000088e-02 -8.801090371952714975e+01
4.640000000000000374e-02 -8.855183252413779371e+01
4.649999999999999967e-02 -8.907237024630991584e+01
4.660000000000000253e-02 -8.955380535099158124e+01
4.670000000000000540e-02 -8.999096834683759027e+01
4.680000000000000132e-02 -9.039201608751085359e+01
4.690000000000000419e-02 -9.077198725665908796e+01
4.700000000000000011e-02 -9.114157715612418542e+01
4.710000000000000298e-02 -9.150844853548869651e+01
4.719999999999999890e-02 -9.188096009083169236e+01
4.730000000000000177e-02 -9.226074054647015998e+01
4.740000000000000463e-02 -9.265189939261966856e+01
4.750000000000000056e-02 -9.305143978009022021e+01
4.760000000000000342e-02 -9.347190271461647626e+01
4.769999999999999934e-02 -9.390154563931572795e+01
4.780000000000000221e-02 -9.433670563682538557e+01
4.790000000000000507e-02 -9.477745336116052499e+01
4.800000000000000100e-02 -9.520827475652194494e+01
4.810000000000000386e-02 -9.563952457583427247e+01
4.819999999999999979e-02 -9.605735108854214843e+01
4.830000000000000265e-02 -9.646759067199742788e+01
4.840000000000000552e-02 -9.687508886440403444e+01
4.850000000000000144e-02 -9.726979676895865623e+01
4.860000000000000431e-02 -9.766668454368647190e+01
4.870000000000000023e-02 -9.805777335018275664e+01
4.880000000000000310e-02 -9.843740105208406987e+01
4.889999999999999902e-02 -9.881835555158821194e+01
4.900000000000000189e-02 -9.920571640324442342e+01
4.910000000000000475e-02 -9.958524901107094252e+01
4.920000000000000068e-02 -9.996425667639677215e+01
4.930000000000000354e-02 -1.003442147216851623e+02
4.939999999999999947e-02 -1.007272963423857846e+02
4.950000000000000233e-02 -1.011140159916556769e+02
4.960000000000000520e-02 -1.015041735947481669e+02
4.970000000000000112e-02 -1.018985180993401229e+02
4.980000000000000399e-02 -1.022971758408572072e+02
4.989999999999999991e-02 -1.026990514407738999e+02
5.000000000000000278e-02 -1.031054591669717126e+02
5.010000000000000564e-02 -1.052735621732944651e+02
5.020000000000000157e-02 -1.084576951988235436e+02
5.030000000000000443e-02 -1.118804527650557645e+02
5.040000000000000036e-02 -1.156660697024900344e+02
5.050000000000000322e-02 -1.201478494754149011e+02
5.059999999999999915e-02 -1.254481592838631485e+02
5.070000000000000201e-02 -1.315343412521539221e+02
5.080000000000000487e-02 -1.383262722525458628e+02
5.090000000000000080e-02 -1.454155258037889666e+02
5.100000000000000366e-02 -1.530554977613182928e+02
5.109999999999999959e-02 -1.607324323009836462e+02
5.120000000000000245e-02 -1.662038995693217487e+02
5.130000000000000532e-02 -1.690175531474235413e+02
5.140000000000000124e-02 -1.705586217774341549e+02
5.150000000000000411e-02 -1.712895883994283963e+02
5.160000000000000003e-02 -1.714542757411093135e+02
5.170000000000000290e-02 -1.713836949493245925e+02
5.180000000000000576e-02 -1.710175588541172260e+02
5.190000000000000169e-02 -1.705584596132790978e+02
5.200000000000000455e-02 -1.698826068400083500e+02
5.210000000000000048e-02 -1.697457844206401489e+02
5.220000000000000334e-02 -1.711068119093575035e+02
5.229999999999999927e-02 -1.728139625989374224e+02
5.240000000000000213e-02 -1.737506006983546172e+02
5.250000000000000500e-02 -1.740177259312718263e+02
5.260000000000000092e-02 -1.738936085499981630e+02
5.270000000000000379e-02 -1.735441480292080882e+02
5.279999999999999971e-02 -1.730364975425966350e+02
5.290000000000000258e-02 -1.724167422965126661e+02
5.300000000000000544e-02 -1.717086754748594331e+02
5.310000000000000137e-02 -1.709279307214390542e+02
5.320000000000000423e-02 -1.700792971945357408e+02
5.330000000000000016e-02 -1.691504069863991049e+02
5.340000000000000302e-02 -1.681157388060208575e+02
5.350000000000000588e-02 -1.669472195498675831e+02
5.360000000000000181e-02 -1.656187070872707068e+02
5.370000000000000467e-02 -1.641108997338894824e+02
5.380000000000000060e-02 -1.624200014606093987e+02
5.390000000000000346e-02 -1.605405418626256733e+02
5.399999999999999939e-02 -1.585015150170372351e+02
5.410000000000000225e-02 -1.562975422412335149e+02
5.420000000000000512e-02 -1.539455407732548622e+02
5.430000000000000104e-02 -1.514294562920221665e+02
5.440000000000000391e-02 -1.488180047617397861e+02
5.449999999999999983e-02 -1.462613309468179636e+02
5.460000000000000270e-02 -1.440758491172833828e+02
5.470000000000000556e-02 -1.422278563820148918e+02
5.480000000000000149e-02 -1.407699551104892919e+02
5.490000000000000435e-02 -1.397097928845259673e+02
5.500000000000000028e-02 -1.389422381411717140e+02
5.510000000000000314e-02 -1.384132167016822166e+02
5.520000000000000601e-02 -1.381223055883430959e+02
5.530000000000000193e-02 -1.381086150288963950e+02
5.540000000000000480e-02 -1.383807131348998212e+02
5.550000000000000072e-02 -1.388182248522953159e+02
5.560000000000000359e-02 -1.393202589827398867e+02
5.569999999999999951e-02 -1.398377551897449393e+02
5.580000000000000238e-02 -1.403505110251767576e+02
5.590000000000000524e-02 -1.408544534448633669e+02
5.600000000000000117e-02 -1.413510304171700795e+02
5.610000000000000403e-02 -1.419133979377702133e+02
5.619999999999999996e-02 -1.425304238585385690e+02
5.630000000000000282e-02 -1.431538731046726696e+02
5.640000000000000568e-02 -1.437565990865912511e+02
5.650000000000000161e-02 -1.443280860729344113e+02
5.660000000000000447e-02 -1.448649722534009641e+02
5.670000000000000040e-02 -1.453747948389821545e+02
5.680000000000000326e-02 -1.458679243528514746e+02
5.690000000000000613e-02 -1.463543460210699152e+02
5.700000000000000205e-02 -1.468383588806008504e+02
5.710000000000000492e-02 -1.473234997614132737e+02
5.720000000000000084e-02 -1.478130306166689820e+02
5.730000000000000371e-02 -1.483141331880819962e+02
5.739999999999999963e-02 -1.488325051867201125e+02
5.750000000000000250e-02 -1.493636664100038729e+02
5.760000000000000536e-02 -1.499008460503172842e+02
5.770000000000000129e-02 -1.504385837720457175e+02
5.780000000000000415e-02 -1.509730423796124512e+02
5.790000000000000008e-02 -1.515019899347902879e+02
5.800000000000000294e-02 -1.520244944447051694e+02
5.810000000000000581e-02 -1.525423495290679057e+02
5.820000000000000173e-02 -1.530533021098706001e+02
5.830000000000000460e-02 -1.535569808351379777e+02
5.840000000000000052e-02 -1.540561879987380962e+02
5.850000000000000339e-02 -1.545615479882422107e+02
5.860000000000000625e-02 -1.550514856264224477e+02
5.870000000000000218e-02 -1.555364159971031484e+02
5.880000000000000504e-02 -1.560207999829232222e+02
5.890000000000000097e-02 -1.565062052347412873e+02
5.900000000000000383e-02 -1.569934325532459809e+02
5.909999999999999976e-02 -1.574830472928432812e+02
5.920000000000000262e-02 -1.579774757339404516e+02
5.930000000000000548e-02 -1.584753182863467202e+02
5.940000000000000141e-02 -1.589737786011168623e+02
5.950000000000000427e-02 -1.594753758826958006e+02
5.960000000000000020e-02 -1.599806560840909810e+02
5.970000000000000306e-02 -1.604896190664797189e+02
5.980000000000000593e-02 -1.610021236804657576e+02
5.990000000000000185e-02 -1.615182181458409048e+02
6.000000000000000472e-02 -1.620411847831068428e+02
6.010000000000000064e-02 -1.625767997358314858e+02
6.020000000000000351e-02 -1.631557895340007462e+02
6.029999999999999943e-02 -1.637825015906742863e+02
6.040000000000000230e-02 -1.644473509075408515e+02
6.050000000000000516e-02 -1.651404379213091715e+02
6.060000000000000109e-02 -1.658550826463976762e+02
6.070000000000000395e-02 -1.665865552106865835e+02
6.079999999999999988e-02 -1.673313784095008714e+02
6.090000000000000274e-02 -1.680869219970938957e+02
6.100000000000000561e-02 -1.688511469083651662e+02
6.110000000000000153e-02 -1.696224382237884925e+02
6.120000000000000440e-02 -1.703994945185528707e+02
6.130000000000000032e-02 -1.711812539598680303e+02
6.140000000000000319e-02 -1.719668442696312809e+02
6.150000000000000605e-02 -1.727553021252579981e+02
6.160000000000000198e-02 -1.735461549068700435e+02
6.170000000000000484e-02 -1.743412827299816286e+02
6.180000000000000077e-02 -1.751416659465637622e+02
6.190000000000000363e-02 -1.759387433434580714e+02
6.199999999999999956e-02 -1.767356505502036725e+02
6.210000000000000242e-02 -1.775334273467709920e+02
6.220000000000000528e-02 -1.783321559423981171e+02
6.230000000000000121e-02 -1.791317419516057043e+02
6.240000000000000407e-02 -1.799321008402197322e+02
6.250000000000000000e-02 -1.807331950559722031e+02
6.260000000000000286e-02 -1.815350442894647927e+02
6.270000000000000573e-02 -1.823377000975312683e+02
6.280000000000000859e-02 -1.831412261012843317e+02
6.289999999999999758e-02 -1.839456997721964058e+02
6.300000000000000044e-02 -1.847512104413891336e+02
6.310000000000000331e-02 -1.855578557809488416e+02
6.320000000000000617e-02 -1.863657393517229650e+02
6.330000000000000904e-02 -1.871750251684279078e+02
6.339999999999999802e-02 -1.879859075268129516e+02
6.350000000000000089e-02 -1.887984882112549769e+02
6.360000000000000375e-02 -1.896128480678832773e+02
6.370000000000000662e-02 -1.904290758155540573e+02
6.380000000000000948e-02 -1.912470108436647536e+02
6.389999999999999847e-02 -1.920664524906369195e+02
6.400000000000000133e-02 -1.928890494965793323e+02
6.410000000000000420e-02 -1.937144949822378521e+02
6.420000000000000706e-02 -1.945427703988731309e+02
6.430000000000000993e-02 -1.953755299805572463e+02
6.439999999999999891e-02 -1.962161378800934131e+02
6.450000000000000178e-02 -1.970656912134705010e+02
6.460000000000000464e-02 -1.979243735361104939e+02
6.470000000000000751e-02 -1.987921875549362767e+02
6.479999999999999649e-02 -1.996675649015103886e+02
6.489999999999999936e-02 -2.005502742940965675e+02
6.500000000000000222e-02 -2.014404986058639224e+02
6.510000000000000508e-02 -2.023397059899672570e+02
6.520000000000000795e-02 -2.032510174069560094e+02
6.529999999999999694e-02 -2.041752625693673622e+02
6.539999999999999980e-02 -2.051111966883054265e+02
6.550000000000000266e-02 -2.060589291475700122e+02
6.560000000000000553e-02 -2.070207641119037021e+02
6.570000000000000839e-02 -2.080023687210855314e+02
6.579999999999999738e-02 -2.090060609651236234e+02
6.590000000000000024e-02 -2.100359662694875453e+02
6.600000000000000311e-02 -2.110934674019506758e+02
6.610000000000000597e-02 -2.121788045890539536e+02
6.620000000000000884e-02 -2.132920699603849641e+02
6.629999999999999782e-02 -2.144323492877214505e+02
6.640000000000000069e-02 -2.156005342188246914e+02
6.650000000000000355e-02 -2.167986887296820271e+02
6.660000000000000642e-02 -2.180285736605513875e+02
6.670000000000000928e-02 -2.192903854977704157e+02
6.679999999999999827e-02 -2.205841297575204578e+02
6.690000000000000113e-02 -2.219122222212174051e+02
6.700000000000000400e-02 -2.232836699168292682e+02
6.710000000000000686e-02 -2.247148970528629377e+02
6.720000000000000973e-02 -2.262141692266638984e+02
6.729999999999999871e-02 -2.277806374705108681e+02
6.740000000000000158e-02 -2.294117808585154137e+02
6.750000000000000444e-02 -2.311085909856552689e+02
6.760000000000000731e-02 -2.328933746496487629e+02
6.770000000000001017e-02 -2.347732893984246516e+02
6.779999999999999916e-02 -2.367424819779074312e+02
6.790000000000000202e-02 -2.389438991712925997e+02
6.800000000000000488e-02 -2.414635332730881316e+02
6.810000000000000775e-02 -2.442534497662510660e+02
6.819999999999999674e-02 -2.472295539773228086e+02
6.829999999999999960e-02 -2.503885289703181911e+02
6.840000000000000246e-02 -2.537511886424496765e+02
6.850000000000000533e-02 -2.573452004354084579e+02
6.860000000000000819e-02 -2.611450689626592521e+02
6.869999999999999718e-02 -2.651750071485961939e+02
6.880000000000000004e-02 -2.694716856934817315e+02
6.890000000000000291e-02 -2.741328099522970092e+02
6.900000000000000577e-02 -2.788749638210554167e+02
6.910000000000000864e-02 -2.822794748374507208e+02
6.919999999999999762e-02 -2.835848727323196385e+02
6.930000000000000049e-02 -2.842206042981042629e+02
6.940000000000000335e-02 -2.847799824752987092e+02
6.950000000000000622e-02 -2.852931892499304354e+02
6.960000000000000908e-02 -2.857406419156375819e+02
6.969999999999999807e-02 -2.862171948623489470e+02
6.980000000000000093e-02 -2.867846555018116419e+02
6.990000000000000380e-02 -2.874621855310180649e+02
7.000000000000000666e-02 -2.882377450788117699e+02
7.010000000000000953e-02 -2.890838802159496481e+02
7.019999999999999851e-02 -2.899682592448831429e+02
7.030000000000000138e-02 -2.908620424030830236e+02
7.040000000000000424e-02 -2.917568691368694545e+02
7.050000000000000711e-02 -2.926373287293650947e+02
7.060000000000000997e-02 -2.934891504191701870e+02
7.069999999999999896e-02 -2.943226102742968919e+02
7.080000000000000182e-02 -2.951657388453493809e+02
7.090000000000000469e-02 -2.960384960762055471e+02
7.100000000000000755e-02 -2.969375612760352965e+02
7.109999999999999654e-02 -2.978451184361586570e+02
7.119999999999999940e-02 -2.987493213538100463e+02
7.130000000000000226e-02 -2.996521976389648785e+02
7.140000000000000513e-02 -3.005545623426678503e+02
7.150000000000000799e-02 -3.014573353355422114e+02
7.159999999999999698e-02 -3.023624571390199094e+02
7.169999999999999984e-02 -3.032735055682387610e+02
7.180000000000000271e-02 -3.041903533146117979e+02
7.190000000000000557e-02 -3.051111344070487235e+02
7.200000000000000844e-02 -3.060339703335372974e+02
7.209999999999999742e-02 -3.069575631931855924e+02
7.220000000000000029e-02 -3.078812256701805836e+02
7.230000000000000315e-02 -3.088047173751381251e+02
7.240000000000000602e-02 -3.097280673720135269e+02
7.250000000000000888e-02 -3.106514424704758994e+02
7.259999999999999787e-02 -3.115750647744498565e+02
7.270000000000000073e-02 -3.124991648051905599e+02
7.280000000000000360e-02 -3.134239564196438437e+02
7.290000000000000646e-02 -3.143496241985513961e+02
7.300000000000000933e-02 -3.152763180781277583e+02
7.309999999999999831e-02 -3.162041525171302965e+02
7.320000000000000118e-02 -3.171332087019929418e+02
7.330000000000000404e-02 -3.180635388199507929e+02
7.340000000000000691e-02 -3.189951716689968748e+02
7.350000000000000977e-02 -3.199281190473192851e+02
7.359999999999999876e-02 -3.208623830476689704e+02
7.370000000000000162e-02 -3.217979108597833147e+02
7.380000000000000449e-02 -3.227332637808728464e+02
7.390000000000000735e-02 -3.236660853167822438e+02
7.400000000000001021e-02 -3.245960209547795330e+02
7.409999999999999920e-02 -3.255242634220423952e+02
7.420000000000000207e-02 -3.264516138523001700e+02
7.430000000000000493e-02 -3.273790704826670890e+02
7.440000000000000779e-02 -3.283076672075329725e+02
7.449999999999999678e-02 -3.292382234813642299e+02
7.459999999999999964e-02 -3.301713295890274935e+02
7.470000000000000251e-02 -3.311072905944614035e+02
7.480000000000000537e-02 -3.320455406937235239e+02
7.490000000000000824e-02 -3.329869034615462624e+02
7.499999999999999722e-02 -3.339319212764931422e+02
7.510000000000000009e-02 -3.348786160058617725e+02
7.520000000000000295e-02 -3.358246154373053969e+02
7.530000000000000582e-02 -3.367694671379007332e+02
7.540000000000000868e-02 -3.377135822587216580e+02
7.549999999999999767e-02 -3.386568713095229555e+02
7.560000000000000053e-02 -3.395996716799167530e+02
7.570000000000000340e-02 -3.405424058260256288e+02
7.580000000000000626e-02 -3.414853735999947162e+02
7.590000000000000913e-02 -3.424287543916825598e+02
7.599999999999999811e-02 -3.433726688977072854e+02
7.610000000000000098e-02 -3.443171775963775758e+02
7.620000000000000384e-02 -3.452622871337739525e+02
7.630000000000000671e-02 -3.462079885945178148e+02
7.640000000000000957e-02 -3.471542704319641075e+02
7.649999999999999856e-02 -3.481011214159605629e+02
7.660000000000000142e-02 -3.490487498110883280e+02
7.670000000000000429e-02 -3.499969662438861064e+02
7.680000000000000715e-02 -3.509445173053656504e+02
7.690000000000001001e-02 -3.518858645712419388e+02
7.699999999999999900e-02 -3.528180682763750724e+02
7.710000000000000187e-02 -3.537423432000296089e+02
7.720000000000000473e-02 -3.546611304817608357e+02
7.730000000000000759e-02 -3.555761311858254885e+02
7.740000000000001046e-02 -3.564883861768496445e+02
7.749999999999999944e-02 -3.573986706932147968e+02
7.760000000000000231e-02 -3.583079401208510149e+02
7.770000000000000517e-02 -3.592168706638188951e+02
7.780000000000000804e-02 -3.601259749422066534e+02
7.789999999999999702e-02 -3.610356696764378626e+02
7.799999999999999989e-02 -3.619462933964948093e+02
7.810000000000000275e-02 -3.628581127424878332e+02
7.820000000000000562e-02 -3.637723696546306655e+02
7.830000000000000848e-02 -3.646882733165763284e+02
7.839999999999999747e-02 -3.656043153124730338e+02
7.850000000000000033e-02 -3.665219049722802538e+02
7.860000000000000320e-02 -3.674413065532692713e+02
7.870000000000000606e-02 -3.683625129562161078e+02
7.880000000000000893e-02 -3.692855077867797036e+02
7.889999999999999791e-02 -3.702101703144585372e+02
7.900000000000000078e-02 -3.711363331946261610e+02
7.910000000000000364e-02 -3.720639594236283187e+02
7.920000000000000651e-02 -3.729930203556518222e+02
7.930000000000000937e-02 -3.739234256352951320e+02
7.939999999999999836e-02 -3.748550456750481317e+02
7.950000000000000122e-02 -3.757877480606915128e+02
7.960000000000000409e-02 -3.767214163392172281e+02
7.970000000000000695e-02 -3.776559539608888940e+02
7.980000000000000981e-02 -3.785912837659825527e+02
7.989999999999999880e-02 -3.795273478538713334e+02
8.000000000000000167e-02 -3.804641077057697203e+02
8.010000000000000453e-02 -3.813887380546083818e+02
8.020000000000000739e-02 -3.822735084479649572e+02
8.030000000000001026e-02 -3.831214024388771122e+02
8.039999999999999925e-02 -3.839417260277136279e+02
8.050000000000000211e-02 -3.847421882705734220e+02
8.060000000000000497e-02 -3.855283892349069106e+02
8.070000000000000784e-02 -3.863043201079412938e+02
8.080000000000001070e-02 -3.870728448863957851e+02
8.089999999999999969e-02 -3.878360482224111365e+02
8.100000000000000255e-02 -3.885954698419120632e+02
8.110000000000000542e-02 -3.893522284664931590e+02
8.120000000000000828e-02 -3.901072162374550203e+02
8.129999999999999727e-02 -3.908611839828004122e+02
8.140000000000000013e-02 -3.916147282553199034e+02
8.150000000000000300e-02 -3.923683117378238876e+02
8.160000000000000586e-02 -3.931222926204619057e+02
8.170000000000000873e-02 -3.938769469263875180e+02
8.179999999999999771e-02 -3.946324753813826192e+02
8.190000000000000058e-02 -3.953889922349821973e+02
8.200000000000000344e-02 -3.961466272089558629e+02
8.210000000000000631e-02 -3.969083895064202920e+02
8.220000000000000917e-02 -3.976689044428135276e+02
8.229999999999999816e-02 -3.984292290725444445e+02
8.240000000000000102e-02 -3.991922969897852909e+02
8.250000000000000389e-02 -3.999567574516428863e+02
8.260000000000000675e-02 -4.007214662413385895e+02
8.270000000000000961e-02 -4.014872804687366852e+02
8.279999999999999860e-02 -4.022538496160349837e+02
8.290000000000000147e-02 -4.030206030743508450e+02
8.300000000000000433e-02 -4.037874089178606027e+02
8.310000000000000719e-02 -4.045543643226995982e+02
8.320000000000001006e-02 -4.053215867243434900e+02
8.329999999999999905e-02 -4.060891576300151655e+02
8.340000000000000191e-02 -4.068571180751254133e+02
8.350000000000000477e-02 -4.076254767235330405e+02
8.360000000000000764e-02 -4.083942177094597810e+02
8.370000000000001050e-02 -4.091633029448042294e+02
8.379999999999999949e-02 -4.099326637807230327e+02
8.390000000000000235e-02 -4.107021641839748440e+02
8.400000000000000522e-02 -4.114711342345768230e+02
8.410000000000000808e-02 -4.122372519912220241e+02
8.420000000000001095e-02 -4.129992675437885623e+02
8.429999999999999993e-02 -4.137576728302408924e+02
8.440000000000000280e-02 -4.145132217213266586e+02
8.450000000000000566e-02 -4.152669272986035480e+02
8.460000000000000853e-02 -4.160186292664780012e+02
8.469999999999999751e-02 -4.167686027555741930e+02
8.480000000000000038e-02 -4.175172867918091697e+02
8.490000000000000324e-02 -4.182649266908107393e+02
8.500000000000000611e-02 -4.190116950725210359e+02
8.510000000000000897e-02 -4.197577330471251571e+02
8.519999999999999796e-02 -4.205031650980440645e+02
8.530000000000000082e-02 -4.212481057477575632e+02
8.540000000000000369e-02 -4.219926631940360267e+02
8.550000000000000655e-02 -4.227369415465302609e+02
8.560000000000000941e-02 -4.234810422132237591e+02
8.569999999999999840e-02 -4.242250646386773951e+02
8.580000000000000127e-02 -4.249691064826125171e+02
8.590000000000000413e-02 -4.257132814144669624e+02
8.600000000000000699e-02 -4.264593986237361491e+02
8.610000000000000986e-02 -4.272045531961921938e+02
8.619999999999999885e-02 -4.279487119947421547e+02
8.630000000000000171e-02 -4.286930102699456597e+02
8.640000000000000457e-02 -4.294377049027388011e+02
8.650000000000000744e-02 -4.301828363177109509e+02
8.660000000000001030e-02 -4.309289157045230354e+02
8.669999999999999929e-02 -4.316773899925655655e+02
8.680000000000000215e-02 -4.324266195560588812e+02
8.690000000000000502e-02 -4.331780690912733576e+02
8.700000000000000788e-02 -4.339330507073851777e+02
8.710000000000001075e-02 -4.346913960459036161e+02
8.719999999999999973e-02 -4.354537035796260511e+02
8.730000000000000260e-02 -4.362203908268151622e+02
8.740000000000000546e-02 -4.369914409406758864e+02
8.750000000000000833e-02 -4.377703450966114929e+02
8.759999999999999731e-02 -4.385567416919059838e+02
8.770000000000000018e-02 -4.393363994170249498e+02
8.780000000000000304e-02 -4.401132290499825217e+02
8.790000000000000591e-02 -4.408885479291431011e+02
8.800000000000000877e-02 -4.416626246871731496e+02
8.809999999999999776e-02 -4.424353096964410952e+02
8.820000000000000062e-02 -4.432063358411639911e+02
8.830000000000000349e-02 -4.439758737859073108e+02
8.840000000000000635e-02 -4.447451318722260112e+02
8.850000000000000921e-02 -4.455123824769069074e+02
8.859999999999999820e-02 -4.462774882519054245e+02
8.870000000000000107e-02 -4.470415174452704150e+02
8.880000000000000393e-02 -4.478094536130196275e+02
8.890000000000000679e-02 -4.485813653776091883e+02
8.900000000000000966e-02 -4.493714293907717661e+02
8.909999999999999865e-02 -4.501768254633572042e+02
8.920000000000000151e-02 -4.509807974787942157e+02
8.930000000000000437e-02 -4.517847340361087163e+02
8.940000000000000724e-02 -4.525908516238928883e+02
8.950000000000001010e-02 -4.533938728523756367e+02
8.959999999999999909e-02 -4.541958948534628462e+02
8.970000000000000195e-02 -4.550051028773258963e+02
8.980000000000000482e-02 -4.558232574760968419e+02
8.990000000000000768e-02 -4.566580879531770165e+02
9.000000000000001055e-02 -4.575035746105662042e+02
9.009999999999999953e-02 -4.583356487054429067e+02
9.020000000000000240e-02 -4.591429704279625525e+02
9.030000000000000526e-02 -4.599325958243053947e+02
9.040000000000000813e-02 -4.607191554280316268e+02
9.050000000000001099e-02 -4.615121359002447434e+02
9.059999999999999998e-02 -4.623159491509126156e+02
9.070000000000000284e-02 -4.631200729795182269e+02
9.080000000000000571e-02 -4.639162733136568590e+02
9.090000000000000857e-02 -4.647140629834360652e+02
9.099999999999999756e-02 -4.655129853107880535e+02
9.110000000000000042e-02 -4.663076737732972674e+02
9.120000000000000329e-02 -4.670979250397363103e+02
9.130000000000000615e-02 -4.678859945385067931e+02
9.140000000000000902e-02 -4.686735577713453154e+02
9.149999999999999800e-02 -4.694606604515788035e+02
9.160000000000000087e-02 -4.702476027715908913e+02
9.170000000000000373e-02 -4.710350592268991932e+02
9.180000000000000659e-02 -4.718236532106961931e+02
9.190000000000000946e-02 -4.726136158739561210e+02
9.199999999999999845e-02 -4.734046929042322631e+02
9.210000000000000131e-02 -4.741962395839431110e+02
9.220000000000000417e-02 -4.749873818879646024e+02
9.230000000000000704e-02 -4.757771330294756353e+02
9.240000000000000990e-02 -4.765644012922638808e+02
9.249999999999999889e-02 -4.773474728706559063e+02
9.260000000000000175e-02 -4.781205694304599660e+02
9.270000000000000462e-02 -4.788777753753529396e+02
9.280000000000000748e-02 -4.796125189950599861e+02
9.290000000000001035e-02 -4.803109394869046014e+02
9.299999999999999933e-02 -4.809544194564427357e+02
9.310000000000000220e-02 -4.815286937937517564e+02
9.320000000000000506e-02 -4.820216071797292443e+02
9.330000000000000793e-02 -4.824201581925555047e+02
9.340000000000001079e-02 -4.827100452505416683e+02
9.349999999999999978e-02 -4.828750281871848529e+02
9.360000000000000264e-02 -4.828965296385563875e+02
9.370000000000000551e-02 -4.827559706413950948e+02
9.380000000000000837e-02 -4.824378526228008468e+02
9.390000000000001124e-02 -4.819489292293584981e+02
9.400000000000000022e-02 -4.812975056147014925e+02
9.410000000000000309e-02 -4.804806753057423521e+02
9.420000000000000595e-02 -4.794816829416972723e+02
9.430000000000000882e-02 -4.782873432262256301e+02
9.439999999999999780e-02 -4.769217207053702623e+02
9.450000000000000067e-02 -4.754185905528927378e+02
9.460000000000000353e-02 -4.737639303946662039e+02
9.470000000000000639e-02 -4.720649789766351319e+02
9.480000000000000926e-02 -4.704413992160669409e+02
9.489999999999999825e-02 -4.690381819940076866e+02
9.500000000000000111e-02 -4.678451337554665770e+02
9.510000000000000397e-02 -4.668725460954109963e+02
9.520000000000000684e-02 -4.661645892601859487e+02
9.530000000000000970e-02 -4.657502346680248593e+02
9.539999999999999869e-02 -4.655943081103923191e+02
9.550000000000000155e-02 -4.656324177081311859e+02
9.560000000000000442e-02 -4.658161847751946425e+02
9.570000000000000728e-02 -4.661428872508333257e+02
9.580000000000001015e-02 -4.666359663425283770e+02
9.589999999999999913e-02 -4.672818403739176460e+02
9.600000000000000200e-02 -4.680440192617567732e+02
9.610000000000000486e-02 -4.688775287419878737e+02
9.620000000000000773e-02 -4.697482453385179610e+02
9.630000000000001059e-02 -4.706417104768740387e+02
9.639999999999999958e-02 -4.715434156275820783e+02
9.650000000000000244e-02 -4.724925523845758448e+02
9.660000000000000531e-02 -4.734683563163324038e+02
9.670000000000000817e-02 -4.744561961243484234e+02
9.680000000000001104e-02 -4.754798065251049479e+02
9.690000000000000002e-02 -4.764817942181350645e+02
9.700000000000000289e-02 -4.774727429251631179e+02
9.710000000000000575e-02 -4.784512795809151839e+02
9.720000000000000862e-02 -4.794126996253311859e+02
9.730000000000001148e-02 -4.803617174683253097e+02
9.740000000000000047e-02 -4.813023093392118881e+02
9.750000000000000333e-02 -4.822372734306387088e+02
9.760000000000000620e-02 -4.831683353478191520e+02
9.770000000000000906e-02 -4.840963461977126485e+02
9.779999999999999805e-02 -4.850214032807287481e+02
9.790000000000000091e-02 -4.859432849541535120e+02
9.800000000000000377e-02 -4.868620707424556713e+02
9.810000000000000664e-02 -4.877779607769169274e+02
9.820000000000000950e-02 -4.886915852149097077e+02
9.829999999999999849e-02 -4.896049926798023080e+02
9.840000000000000135e-02 -4.905211717086938279e+02
9.850000000000000422e-02 -4.914409011388996760e+02
9.860000000000000708e-02 -4.923633386015773112e+02
9.870000000000000995e-02 -4.932877344719148027e+02
9.879999999999999893e-02 -4.942136840113684002e+02
9.890000000000000180e-02 -4.951410037683962742e+02
9.900000000000000466e-02 -4.960696337068198432e+02
9.910000000000000753e-02 -4.969995958003623855e+02
9.920000000000001039e-02 -4.979309716813671116e+02
9.929999999999999938e-02 -4.988638826478603505e+02
9.940000000000000224e-02 -4.997984576986058300e+02
9.950000000000000511e-02 -5.007345721651294070e+02
9.960000000000000797e-02 -5.016733467146643761e+02
9.970000000000001084e-02 -5.026144490645216365e+02
9.979999999999999982e-02 -5.035576496627217580e+02
9.990000000000000269e-02 -5.045080408130100409e+02
1.000000000000000056e-01 -5.054572940505863698e+02
1.001000000000000084e-01 -5.082255027002427710e+02
1.002000000000000113e-01 -5.121426713980824843e+02
1.003000000000000003e-01 -5.163193279023264495e+02
1.004000000000000031e-01 -5.208294922652905825e+02
1.005000000000000060e-01 -5.260509445581657246e+02
1.006000000000000089e-01 -5.321511829915493763e+02
1.007000000000000117e-01 -5.389173119032266186e+02
1.008000000000000007e-01 -5.460763822112718344e+02
1.009000000000000036e-01 -5.535688734725376889e+02
1.010000000000000064e-01 -5.595817374490071643e+02
1.011000000000000093e-01 -5.633774042451698278e+02
1.011999999999999983e-01 -5.661578345931249032e+02
1.013000000000000012e-01 -5.683902630186605620e+02
1.014000000000000040e-01 -5.702396238601378400e+02
1.015000000000000069e-01 -5.718056353699512329e+02
1.016000000000000097e-01 -5.730107228320209742e+02
1.016999999999999987e-01 -5.738347882381840463e+02
1.018000000000000016e-01 -5.744968653412956883e+02
1.019000000000000045e-01 -5.752857953302686838e+02
1.020000000000000073e-01 -5.771645007544002510e+02
1.021000000000000102e-01 -5.791710968370416595e+02
1.021999999999999992e-01 -5.805038459735270635e+02
1.023000000000000020e-01 -5.812952029984351157e+02
1.024000000000000049e-01 -5.817612904407027372e+02
1.025000000000000078e-01 -5.820449192803656615e+02
1.026000000000000106e-01 -5.822319620275220586e+02
1.026999999999999996e-01 -5.823749919319657238e+02
1.028000000000000025e-01 -5.824922794222842413e+02
1.029000000000000054e-01 -5.825814287872389059e+02
1.030000000000000082e-01 -5.826487057876662448e+02
1.031000000000000111e-01 -5.827011847474532260e+02
1.032000000000000001e-01 -5.827342540471290704e+02
1.033000000000000029e-01 -5.827356173170430793e+02
1.034000000000000058e-01 -5.827003921530249499e+02
1.035000000000000087e-01 -5.826120590366621173e+02
1.036000000000000115e-01 -5.824471990004492454e+02
1.037000000000000005e-01 -5.821893714262904496e+02
1.038000000000000034e-01 -5.818192375611514535e+02
1.039000000000000062e-01 -5.813294692257804854e+02
1.040000000000000091e-01 -5.807273558892994743e+02
1.040999999999999981e-01 -5.800026218688292374e+02
1.042000000000000010e-01 -5.791560960753727159e+02
1.043000000000000038e-01 -5.781905003609920186e+02
1.044000000000000067e-01 -5.771761122448414199e+02
1.045000000000000095e-01 -5.761585974306381104e+02
1.045999999999999985e-01 -5.751845853367060499e+02
1.047000000000000014e-01 -5.743484490117820087e+02
1.048000000000000043e-01 -5.736692313961938225e+02
1.049000000000000071e-01 -5.731563481934947504e+02
1.050000000000000100e-01 -5.727885797562497601e+02
1.050999999999999990e-01 -5.726056667660999437e+02
1.052000000000000018e-01 -5.726329489047567449e+02
1.053000000000000047e-01 -5.728366587523214548e+02
1.054000000000000076e-01 -5.731663968220304923e+02
1.055000000000000104e-01 -5.736052990342714111e+02
1.055999999999999994e-01 -5.741207217419207609e+02
1.057000000000000023e-01 -5.747068062652344906e+02
1.058000000000000052e-01 -5.753775668183390053e+02
1.059000000000000080e-01 -5.761408791335722981e+02
1.060000000000000109e-01 -5.769912112746960702e+02
1.060999999999999999e-01 -5.779108042818014610e+02
1.062000000000000027e-01 -5.788752693932815419e+02
1.063000000000000056e-01 -5.798659515990276532e+02
1.064000000000000085e-01 -5.808418278451990773e+02
1.065000000000000113e-01 -5.818750158429396606e+02
1.066000000000000003e-01 -5.829426172623806224e+02
1.067000000000000032e-01 -5.840199667545217608e+02
1.068000000000000060e-01 -5.850937392881265851e+02
1.069000000000000089e-01 -5.861572347400386889e+02
1.070000000000000118e-01 -5.872091285276719645e+02
1.071000000000000008e-01 -5.882507269956505525e+02
1.072000000000000036e-01 -5.892836138627477567e+02
1.073000000000000065e-01 -5.903089833322525237e+02
1.074000000000000093e-01 -5.913185463677505140e+02
1.074999999999999983e-01 -5.923325479696920866e+02
1.076000000000000012e-01 -5.933509684132408211e+02
1.077000000000000041e-01 -5.943683062773146730e+02
1.078000000000000069e-01 -5.953823944436734337e+02
1.079000000000000098e-01 -5.963931064604652192e+02
1.079999999999999988e-01 -5.974008198012295452e+02
1.081000000000000016e-01 -5.984061278684728222e+02
1.082000000000000045e-01 -5.994095630232114900e+02
1.083000000000000074e-01 -6.004097249132726120e+02
1.084000000000000102e-01 -6.014075509115689329e+02
1.084999999999999992e-01 -6.024074508676568485e+02
1.086000000000000021e-01 -6.034099741719700205e+02
1.087000000000000050e-01 -6.044161077528059423e+02
1.088000000000000078e-01 -6.054275353596220839e+02
1.089000000000000107e-01 -6.064458156298715039e+02
1.089999999999999997e-01 -6.074699798740715551e+02
1.091000000000000025e-01 -6.084987170747133405e+02
1.092000000000000054e-01 -6.095310652195604462e+02
1.093000000000000083e-01 -6.105668587409180645e+02
1.094000000000000111e-01 -6.116056713931043305e+02
1.095000000000000001e-01 -6.126468454523409264e+02
1.096000000000000030e-01 -6.136901622469627000e+02
1.097000000000000058e-01 -6.147355390101165540e+02
1.098000000000000087e-01 -6.157838960542579798e+02
1.099000000000000116e-01 -6.168362674285017420e+02
1.100000000000000006e-01 -6.178925166723106486e+02
1.101000000000000034e-01 -6.189659095565466487e+02
1.102000000000000063e-01 -6.200894503580512946e+02
1.103000000000000091e-01 -6.212619345139829647e+02
1.104000000000000120e-01 -6.224741472228507746e+02
1.105000000000000010e-01 -6.237157976726778088e+02
1.106000000000000039e-01 -6.249786932078280870e+02
1.107000000000000067e-01 -6.262574342015410593e+02
1.108000000000000096e-01 -6.275483657144252447e+02
1.108999999999999986e-01 -6.288489321339802700e+02
1.110000000000000014e-01 -6.301572850263545433e+02
1.111000000000000043e-01 -6.314720419357948913e+02
1.112000000000000072e-01 -6.327921377192284353e+02
1.113000000000000100e-01 -6.341168244004290955e+02
1.113999999999999990e-01 -6.354483325920120933e+02
1.115000000000000019e-01 -6.367813591949840202e+02
1.116000000000000048e-01 -6.381160280102318438e+02
1.117000000000000076e-01 -6.394529870950530039e+02
1.118000000000000105e-01 -6.407923328527124340e+02
1.118999999999999995e-01 -6.421345764384170707e+02
1.120000000000000023e-01 -6.434814447184124901e+02
1.121000000000000052e-01 -6.448351568269981726e+02
1.122000000000000081e-01 -6.461946391720255178e+02
1.123000000000000109e-01 -6.475586731940499021e+02
1.123999999999999999e-01 -6.489265156815656610e+02
1.125000000000000028e-01 -6.502976716849042305e+02
1.126000000000000056e-01 -6.516717761826248534e+02
1.127000000000000085e-01 -6.530485333915231649e+02
1.128000000000000114e-01 -6.544277056458936386e+02
1.129000000000000004e-01 -6.558090922644189504e+02
1.130000000000000032e-01 -6.571924816917894532e+02
1.131000000000000061e-01 -6.585776747401346256e+02
1.132000000000000089e-01 -6.599645499929044945e+02
1.133000000000000118e-01 -6.613531577971181150e+02
1.134000000000000008e-01 -6.627436873660984702e+02
1.135000000000000037e-01 -6.641366969335506383e+02
1.136000000000000065e-01 -6.655314819820126786e+02
1.137000000000000094e-01 -6.669274833689544266e+02
1.138000000000000123e-01 -6.683229370676945109e+02
1.139000000000000012e-01 -6.697206909423875913e+02
1.140000000000000041e-01 -6.711205928149480542e+02
1.141000000000000070e-01 -6.725221760610613728e+02
1.142000000000000098e-01 -6.739254963397443134e+02
1.142999999999999988e-01 -6.753308322131765635e+02
1.144000000000000017e-01 -6.767385654780914592e+02
1.145000000000000046e-01 -6.781491603657613041e+02
1.146000000000000074e-01 -6.795632590118913186e+02
1.147000000000000103e-01 -6.809829466862227036e+02
1.147999999999999993e-01 -6.824125687970754370e+02
1.149000000000000021e-01 -6.838564502392694067e+02
1.150000000000000050e-01 -6.853155628807310222e+02
1.151000000000000079e-01 -6.867893299445780713e+02
1.152000000000000107e-01 -6.882770617851924726e+02
1.152999999999999997e-01 -6.897783836808537217e+02
1.154000000000000026e-01 -6.912932921357892155e+02
1.155000000000000054e-01 -6.928221899393927288e+02
1.156000000000000083e-01 -6.943672534470516666e+02
1.157000000000000112e-01 -6.959311625454211025e+02
1.158000000000000002e-01 -6.975147669332519627e+02
1.159000000000000030e-01 -6.991182113192685392e+02
1.160000000000000059e-01 -7.007415198720207172e+02
1.161000000000000087e-01 -7.023847997953720323e+02
1.162000000000000116e-01 -7.040480584902388728e+02
1.163000000000000006e-01 -7.057318679587472161e+02
1.164000000000000035e-01 -7.074347718087018393e+02
1.165000000000000063e-01 -7.091454496654023387e+02
1.166000000000000092e-01 -7.108871066899449715e+02
1.167000000000000121e-01 -7.126590227121635053e+02
1.168000000000000010e-01 -7.144598185725416215e+02
1.169000000000000039e-01 -7.162986077355492398e+02
1.170000000000000068e-01 -7.181851098127493742e+02
1.171000000000000096e-01 -7.201255457124804025e+02
1.172000000000000125e-01 -7.221215515318564258e+02
1.173000000000000015e-01 -7.241727750009220017e+02
1.174000000000000044e-01 -7.262800686690734437e+02
1.175000000000000072e-01 -7.284364115991670587e+02
1.176000000000000101e-01 -7.306368127484292927e+02
1.176999999999999991e-01 -7.328910388634016044e+02
1.178000000000000019e-01 -7.352224486756783790e+02
1.179000000000000048e-01 -7.376592327355765519e+02
1.180000000000000077e-01 -7.402205747529532118e+02
1.181000000000000105e-01 -7.429577541273029055e+02
1.181999999999999995e-01 -7.459435376546898624e+02
1.183000000000000024e-01 -7.491914110137180387e+02
1.184000000000000052e-01 -7.527026433734006332e+02
1.185000000000000081e-01 -7.564897048911606134e+02
1.186000000000000110e-01 -7.605309631850475398e+02
1.187000000000000000e-01 -7.648266237194437736e+02
1.188000000000000028e-01 -7.692993430309521727e+02
1.189000000000000057e-01 -7.735112270282440932e+02
1.190000000000000085e-01 -7.763296459865327961e+02
1.191000000000000114e-01 -7.778968075562751210e+02
1.192000000000000004e-01 -7.792425239149933986e+02
1.193000000000000033e-01 -7.807048246414560708e+02
1.194000000000000061e-01 -7.820839880950113638e+02
1.195000000000000090e-01 -7.832899437838055974e+02
1.196000000000000119e-01 -7.843744820486882645e+02
1.197000000000000008e-01 -7.854099837568336397e+02
1.198000000000000037e-01 -7.864560319531434516e+02
1.199000000000000066e-01 -7.875585129019938222e+02
1.200000000000000094e-01 -7.887406676295645411e+02
1.201000000000000123e-01 -7.900003121281448557e+02
1.202000000000000013e-01 -7.913237169910996727e+02
1.203000000000000042e-01 -7.926978095856064783e+02
1.204000000000000070e-01 -7.941070224171937753e+02
1.205000000000000099e-01 -7.955398990071010985e+02
1.205999999999999989e-01 -7.969931766150984913e+02
1.207000000000000017e-01 -7.984545418107873047e+02
1.208000000000000046e-01 -7.999122773298749962e+02
1.209000000000000075e-01 -8.013628705865655775e+02
1.210000000000000103e-01 -8.028080109624269198e+02
1.210999999999999993e-01 -8.042481425305627454e+02
1.212000000000000022e-01 -8.056838796455958800e+02
1.213000000000000050e-01 -8.071118511029901583e+02
1.214000000000000079e-01 -8.085288640404982061e+02
1.215000000000000108e-01 -8.099358999392851501e+02
1.215999999999999998e-01 -8.113378545031084741e+02
1.217000000000000026e-01 -8.127405479389041147e+02
1.218000000000000055e-01 -8.141484623388242881e+02
1.219000000000000083e-01 -8.155623136081979965e+02
1.220000000000000112e-01 -8.169814103577969036e+02
1.221000000000000002e-01 -8.184048845795468878e+02
1.222000000000000031e-01 -8.198320401513552724e+02
1.223000000000000059e-01 -8.212623413941765875e+02
1.224000000000000088e-01 -8.226953248410873130e+02
1.225000000000000117e-01 -8.241305430332517972e+02
1.226000000000000006e-01 -8.255675487435747755e+02
1.227000000000000035e-01 -8.270051049041852593e+02
1.228000000000000064e-01 -8.284407856916052424e+02
1.229000000000000092e-01 -8.298731701857941516e+02
1.230000000000000121e-01 -8.313027310964826029e+02
1.231000000000000011e-01 -8.327305051199854233e+02
1.232000000000000040e-01 -8.341573736948924989e+02
1.233000000000000068e-01 -8.355839235975749943e+02
1.234000000000000097e-01 -8.370105271939033855e+02
1.235000000000000125e-01 -8.384374402900145924e+02
1.236000000000000015e-01 -8.398648615891473810e+02
1.237000000000000044e-01 -8.412929577902218625e+02
1.238000000000000073e-01 -8.427218735719535516e+02
1.239000000000000101e-01 -8.441518149247276597e+02
1.239999999999999991e-01 -8.455829476365370283e+02
1.241000000000000020e-01 -8.470153540100670853e+02
1.242000000000000048e-01 -8.484492363205037009e+02
1.243000000000000077e-01 -8.498849332803293919e+02
1.244000000000000106e-01 -8.513232989031586158e+02
1.244999999999999996e-01 -8.527642007891516869e+02
1.246000000000000024e-01 -8.542073193191520204e+02
1.247000000000000053e-01 -8.556522555534406820e+02
1.248000000000000081e-01 -8.570988785328667063e+02
1.249000000000000110e-01 -8.585473349122804620e+02
1.250000000000000000e-01 -8.599976806190448997e+02
1.251000000000000167e-01 -8.614503787635655954e+02
1.252000000000000057e-01 -8.629060916684253471e+02
1.252999999999999947e-01 -8.643638997533502106e+02
1.254000000000000115e-01 -8.658210386764424129e+02
1.255000000000000004e-01 -8.672735832441030652e+02
1.256000000000000172e-01 -8.687210110453739844e+02
1.257000000000000062e-01 -8.701645893993572827e+02
1.257999999999999952e-01 -8.716056655404778439e+02
1.259000000000000119e-01 -8.730452965904605662e+02
1.260000000000000009e-01 -8.744842966745979993e+02
1.261000000000000176e-01 -8.759232921920363424e+02
1.262000000000000066e-01 -8.773627505853056618e+02
1.262999999999999956e-01 -8.788030055355696959e+02
1.264000000000000123e-01 -8.802442839263621863e+02
1.265000000000000013e-01 -8.816867325375841347e+02
1.266000000000000181e-01 -8.831304415273259565e+02
1.267000000000000071e-01 -8.845754629014097645e+02
1.267999999999999960e-01 -8.860218235071705521e+02
1.269000000000000128e-01 -8.874695330978563561e+02
1.270000000000000018e-01 -8.889185892960502997e+02
1.271000000000000185e-01 -8.903690950158144233e+02
1.272000000000000075e-01 -8.918208734187658138e+02
1.272999999999999965e-01 -8.932738085070618581e+02
1.274000000000000132e-01 -8.947279598334494040e+02
1.275000000000000022e-01 -8.961832985311265247e+02
1.276000000000000190e-01 -8.976397711123438512e+02
1.277000000000000079e-01 -8.990973189589682306e+02
1.277999999999999969e-01 -9.005558852333994082e+02
1.279000000000000137e-01 -9.020154184859190991e+02
1.280000000000000027e-01 -9.034758750448569344e+02
1.281000000000000194e-01 -9.049372205310717163e+02
1.282000000000000084e-01 -9.063994305268870448e+02
1.282999999999999974e-01 -9.078624904582079580e+02
1.284000000000000141e-01 -9.093263948220717339e+02
1.285000000000000031e-01 -9.107911459409341433e+02
1.286000000000000199e-01 -9.122567524313393506e+02
1.287000000000000088e-01 -9.137232382597081823e+02
1.287999999999999978e-01 -9.151906623815137891e+02
1.289000000000000146e-01 -9.166590752711940695e+02
1.290000000000000036e-01 -9.181284849377587989e+02
1.290999999999999925e-01 -9.195988888671487302e+02
1.292000000000000093e-01 -9.210703513014584587e+02
1.292999999999999983e-01 -9.225440565804501603e+02
1.294000000000000150e-01 -9.240176856190681747e+02
1.295000000000000040e-01 -9.254917715817052795e+02
1.295999999999999930e-01 -9.269668577481007787e+02
1.297000000000000097e-01 -9.284105263120708287e+02
1.297999999999999987e-01 -9.298351342135310915e+02
1.299000000000000155e-01 -9.312791393800727064e+02
1.300000000000000044e-01 -9.327345330890575497e+02
1.300999999999999934e-01 -9.341848604452181917e+02
1.302000000000000102e-01 -9.355987344976944087e+02
1.302999999999999992e-01 -9.369762119980413217e+02
1.304000000000000159e-01 -9.382979859895392565e+02
1.305000000000000049e-01 -9.395984328354280706e+02
1.305999999999999939e-01 -9.408902132055005723e+02
1.307000000000000106e-01 -9.421731437754870058e+02
1.307999999999999996e-01 -9.434491735101189533e+02
1.309000000000000163e-01 -9.447205594374877364e+02
1.310000000000000053e-01 -9.459902713302698203e+02
1.310999999999999943e-01 -9.472586421658733116e+02
1.312000000000000111e-01 -9.485254949414221528e+02
1.313000000000000000e-01 -9.497923716706272899e+02
1.314000000000000168e-01 -9.510598196270071867e+02
1.315000000000000058e-01 -9.523280782364973902e+02
1.315999999999999948e-01 -9.535972645900457110e+02
1.317000000000000115e-01 -9.548674314827812850e+02
1.318000000000000005e-01 -9.561229966309001611e+02
1.319000000000000172e-01 -9.574537143658671994e+02
1.320000000000000062e-01 -9.588317558692228886e+02
1.320999999999999952e-01 -9.601975736654384264e+02
1.322000000000000119e-01 -9.615483557791496878e+02
1.323000000000000009e-01 -9.628890037728264133e+02
1.324000000000000177e-01 -9.642231316571628668e+02
1.325000000000000067e-01 -9.655518392210969978e+02
1.325999999999999956e-01 -9.669038356251185178e+02
1.327000000000000124e-01 -9.683560132922088997e+02
1.328000000000000014e-01 -9.697937950249073538e+02
1.329000000000000181e-01 -9.711944538994330287e+02
1.330000000000000071e-01 -9.725639506180416447e+02
1.330999999999999961e-01 -9.739110036043689433e+02
1.332000000000000128e-01 -9.752421423941923422e+02
1.333000000000000018e-01 -9.765618927084784673e+02
1.334000000000000186e-01 -9.778734239998854036e+02
1.335000000000000075e-01 -9.791783939738051004e+02
1.335999999999999965e-01 -9.804786236687916698e+02
1.337000000000000133e-01 -9.817752250672699574e+02
1.338000000000000023e-01 -9.830716965064699480e+02
1.339000000000000190e-01 -9.843668929074699463e+02
1.340000000000000080e-01 -9.856560227688194118e+02
1.340999999999999970e-01 -9.869438581956513872e+02
1.342000000000000137e-01 -9.882319491433977419e+02
1.343000000000000027e-01 -9.895190493372322180e+02
1.344000000000000195e-01 -9.908065082423294143e+02
1.345000000000000084e-01 -9.920949407610784192e+02
1.345999999999999974e-01 -9.933846874927473891e+02
1.347000000000000142e-01 -9.946759814963912731e+02
1.348000000000000032e-01 -9.959689754536162809e+02
1.349000000000000199e-01 -9.972637423907113998e+02
1.350000000000000089e-01 -9.985602742737976314e+02
1.350999999999999979e-01 -9.998584793398401871e+02
1.352000000000000146e-01 -1.001158160460053068e+03
1.353000000000000036e-01 -1.002458540598909963e+03
1.354000000000000203e-01 -1.003757743396708292e+03
1.355000000000000093e-01 -1.005055474523212524e+03
1.355999999999999983e-01 -1.006352007369882813e+03
1.357000000000000151e-01 -1.007647554278297889e+03
1.358000000000000040e-01 -1.008943009160986207e+03
1.358999999999999930e-01 -1.010237827599612046e+03
1.360000000000000098e-01 -1.011533868714172513e+03
1.360999999999999988e-01 -1.012832085026095115e+03
1.362000000000000155e-01 -1.014126846878158858e+03
1.363000000000000045e-01 -1.015419525930858754e+03
1.363999999999999935e-01 -1.016710737083347908e+03
1.365000000000000102e-01 -1.018001442002545218e+03
1.365999999999999992e-01 -1.019291982320313991e+03
1.367000000000000159e-01 -1.020582456143755508e+03
1.368000000000000049e-01 -1.021872861313215594e+03
1.368999999999999939e-01 -1.023163261171853492e+03
1.370000000000000107e-01 -1.024453736823388681e+03
1.370999999999999996e-01 -1.025744372001763622e+03
1.372000000000000164e-01 -1.027035249398187034e+03
1.373000000000000054e-01 -1.028326448082705610e+03
1.373999999999999944e-01 -1.029618040743128859e+03
1.375000000000000111e-01 -1.030910091119868639e+03
1.376000000000000001e-01 -1.032202651952345605e+03
1.377000000000000168e-01 -1.033495763359127068e+03
1.378000000000000058e-01 -1.034789451234698618e+03
1.378999999999999948e-01 -1.036083724957532013e+03
1.380000000000000115e-01 -1.037378755975525792e+03
1.381000000000000005e-01 -1.038675577936416630e+03
1.382000000000000173e-01 -1.039972985386181790e+03
1.383000000000000063e-01 -1.041270139489289704e+03
1.383999999999999952e-01 -1.042565911356326069e+03
1.385000000000000120e-01 -1.043860475479488969e+03
1.386000000000000010e-01 -1.045156740185277840e+03
1.387000000000000177e-01 -1.046455233780535309e+03
1.388000000000000067e-01 -1.047759867642108020e+03
1.388999999999999957e-01 -1.049077860678620937e+03
1.390000000000000124e-01 -1.050384213930826718e+03
1.391000000000000014e-01 -1.051692000085216932e+03
1.392000000000000182e-01 -1.053007051082622638e+03
1.393000000000000071e-01 -1.054330313664609093e+03
1.393999999999999961e-01 -1.055647491068479667e+03
1.395000000000000129e-01 -1.056961195016988086e+03
1.396000000000000019e-01 -1.058262548414806133e+03
1.397000000000000186e-01 -1.059555657075859017e+03
1.398000000000000076e-01 -1.060845982618926200e+03
1.398999999999999966e-01 -1.062127801073748287e+03
1.400000000000000133e-01 -1.063401988279764282e+03
1.401000000000000023e-01 -1.064684332279298587e+03
1.402000000000000191e-01 -1.065971457798727897e+03
1.403000000000000080e-01 -1.067259304154826395e+03
1.403999999999999970e-01 -1.068547797217980587e+03
1.405000000000000138e-01 -1.069835081027968954e+03
1.406000000000000028e-01 -1.071125424504741432e+03
1.407000000000000195e-01 -1.072430268649135087e+03
1.408000000000000085e-01 -1.073745299519520358e+03
1.408999999999999975e-01 -1.075062384825389017e+03
1.410000000000000142e-01 -1.076371689398257558e+03
1.411000000000000032e-01 -1.077667889060295693e+03
1.412000000000000199e-01 -1.078954647955279825e+03
1.413000000000000089e-01 -1.080240883941431548e+03
1.413999999999999979e-01 -1.081534020566579557e+03
1.415000000000000147e-01 -1.082837491492978643e+03
1.416000000000000036e-01 -1.084151048782167209e+03
1.417000000000000204e-01 -1.085470706913792128e+03
1.418000000000000094e-01 -1.086791532124741025e+03
1.418999999999999984e-01 -1.088110701906816303e+03
1.420000000000000151e-01 -1.089427905541018617e+03
1.421000000000000041e-01 -1.090743525463164360e+03
1.421999999999999931e-01 -1.092055905288114445e+03
1.423000000000000098e-01 -1.093358676019016457e+03
1.423999999999999988e-01 -1.094638176754625192e+03
1.425000000000000155e-01 -1.095882846462838415e+03
1.426000000000000045e-01 -1.097082497416601427e+03
1.426999999999999935e-01 -1.098224478987497378e+03
1.428000000000000103e-01 -1.099298311752457494e+03
1.428999999999999992e-01 -1.100288287526051363e+03
1.430000000000000160e-01 -1.101176345182138903e+03
1.431000000000000050e-01 -1.101942314741209429e+03
1.431999999999999940e-01 -1.102567069223451199e+03
1.433000000000000107e-01 -1.103042818287442287e+03
1.433999999999999997e-01 -1.103375529657160314e+03
1.435000000000000164e-01 -1.103559672729697240e+03
1.436000000000000054e-01 -1.103584283259517179e+03
1.436999999999999944e-01 -1.103429484311735450e+03
1.438000000000000111e-01 -1.103095912630175917e+03
1.439000000000000001e-01 -1.102569439657105931e+03
1.440000000000000169e-01 -1.101857082028504010e+03
1.441000000000000059e-01 -1.100966793547402631e+03
1.441999999999999948e-01 -1.099916803027887454e+03
1.443000000000000116e-01 -1.098837767852356592e+03
1.444000000000000006e-01 -1.097804305834998104e+03
1.445000000000000173e-01 -1.096962983840748848e+03
1.446000000000000063e-01 -1.096329193894808668e+03
1.446999999999999953e-01 -1.095881555199589457e+03
1.448000000000000120e-01 -1.095707001351563804e+03
1.449000000000000010e-01 -1.095623447378430001e+03
1.450000000000000178e-01 -1.095467524475991922e+03
1.451000000000000068e-01 -1.095255370211610625e+03
1.451999999999999957e-01 -1.094260684305757422e+03
1.453000000000000125e-01 -1.092843407700773469e+03
1.454000000000000015e-01 -1.091789280718953250e+03
1.455000000000000182e-01 -1.091548295620478257e+03
1.456000000000000072e-01 -1.091880061114493856e+03
1.456999999999999962e-01 -1.092464435672326317e+03
1.458000000000000129e-01 -1.093149569163875640e+03
1.459000000000000019e-01 -1.093925296649595566e+03
1.460000000000000187e-01 -1.094805035592498825e+03
1.461000000000000076e-01 -1.095792687664379400e+03
1.461999999999999966e-01 -1.096889584150463179e+03
1.463000000000000134e-01 -1.098072580772503898e+03
1.464000000000000024e-01 -1.099304795694019276e+03
1.465000000000000191e-01 -1.100627757713249821e+03
1.466000000000000081e-01 -1.102012257098218697e+03
1.466999999999999971e-01 -1.103423198708799646e+03
1.468000000000000138e-01 -1.104834255376191095e+03
1.469000000000000028e-01 -1.106233775340958573e+03
1.470000000000000195e-01 -1.107633466123600783e+03
1.471000000000000085e-01 -1.109039438118249336e+03
1.471999999999999975e-01 -1.110436019324782592e+03
1.473000000000000143e-01 -1.111836171345553566e+03
1.474000000000000032e-01 -1.113243744028775154e+03
1.475000000000000200e-01 -1.114659700000800285e+03
1.476000000000000090e-01 -1.116098399170945186e+03
1.476999999999999980e-01 -1.117539031307612049e+03
1.478000000000000147e-01 -1.118978673821099619e+03
1.479000000000000037e-01 -1.120421042963913806e+03
1.480000000000000204e-01 -1.121866410279956199e+03
1.481000000000000094e-01 -1.123317045266657260e+03
1.481999999999999984e-01 -1.124785816875077217e+03
1.483000000000000151e-01 -1.126243075047902948e+03
1.484000000000000041e-01 -1.127694467098177029e+03
1.485000000000000209e-01 -1.129145004042989058e+03
1.486000000000000099e-01 -1.130596635414110551e+03
1.486999999999999988e-01 -1.132053499647728131e+03
1.488000000000000156e-01 -1.133526133974290815e+03
1.489000000000000046e-01 -1.135001745777016822e+03
1.489999999999999936e-01 -1.136463553392610038e+03
1.491000000000000103e-01 -1.137920357289224057e+03
1.491999999999999993e-01 -1.139380123504499124e+03
1.493000000000000160e-01 -1.140847149953707230e+03
1.494000000000000050e-01 -1.142313712048518028e+03
1.494999999999999940e-01 -1.143780927756127539e+03
1.496000000000000107e-01 -1.145246965070659371e+03
1.496999999999999997e-01 -1.146715373686972953e+03
1.498000000000000165e-01 -1.148188477880393293e+03
1.499000000000000055e-01 -1.149663230707578123e+03
1.499999999999999944e-01 -1.151140693737123001e+03
1.501000000000000112e-01 -1.154375932608499397e+03
1.502000000000000002e-01 -1.158888963480461598e+03
1.503000000000000169e-01 -1.163949682103562736e+03
1.504000000000000059e-01 -1.169531010431642699e+03
1.504999999999999949e-01 -1.175876029190908184e+03
1.506000000000000116e-01 -1.182946974183675138e+03
1.507000000000000006e-01 -1.190766057789630395e+03
1.508000000000000174e-01 -1.199115007875349193e+03
1.509000000000000064e-01 -1.207898340029211340e+03
1.509999999999999953e-01 -1.217221365016040636e+03
1.511000000000000121e-01 -1.225458410510799695e+03
1.512000000000000011e-01 -1.231341786520610412e+03
1.513000000000000178e-01 -1.235646069836458764e+03
1.514000000000000068e-01 -1.239090187457837601e+03
1.514999999999999958e-01 -1.241863258012685719e+03
1.516000000000000125e-01 -1.244053708281300032e+03
1.517000000000000015e-01 -1.245715306447790226e+03
1.518000000000000183e-01 -1.246923557944430513e+03
1.519000000000000072e-01 -1.247840070183322041e+03
1.519999999999999962e-01 -1.248687515982331888e+03
1.521000000000000130e-01 -1.249383393296624490e+03
1.522000000000000020e-01 -1.249906840355375607e+03
1.523000000000000187e-01 -1.250267141065592568e+03
1.524000000000000077e-01 -1.250373509525443978e+03
1.524999999999999967e-01 -1.250346188456231857e+03
1.526000000000000134e-01 -1.250588648978470928e+03
1.527000000000000024e-01 -1.251670504975206086e+03
1.528000000000000191e-01 -1.253115804826814156e+03
1.529000000000000081e-01 -1.255033581433231802e+03
1.529999999999999971e-01 -1.256914379287150723e+03
1.531000000000000139e-01 -1.258461357570695782e+03
1.532000000000000028e-01 -1.259582497830852162e+03
1.533000000000000196e-01 -1.260221035278247882e+03
1.534000000000000086e-01 -1.260409677337107951e+03
1.534999999999999976e-01 -1.260258349943337635e+03
1.536000000000000143e-01 -1.259868879245451581e+03
1.537000000000000033e-01 -1.259234507950174930e+03
1.538000000000000200e-01 -1.258317386609543746e+03
1.539000000000000090e-01 -1.257064610559720677e+03
1.539999999999999980e-01 -1.255519679284509493e+03
1.541000000000000147e-01 -1.253760022265141743e+03
1.542000000000000037e-01 -1.251777371305200859e+03
1.543000000000000205e-01 -1.249532759925196842e+03
1.544000000000000095e-01 -1.247074454349239431e+03
1.544999999999999984e-01 -1.244698113768301027e+03
1.546000000000000152e-01 -1.242681661691382487e+03
1.547000000000000042e-01 -1.241187455367455414e+03
1.548000000000000209e-01 -1.240215863726699581e+03
1.549000000000000099e-01 -1.239872264833594045e+03
1.549999999999999989e-01 -1.240524148071986019e+03
1.551000000000000156e-01 -1.241965622090692250e+03
1.552000000000000046e-01 -1.243795603051220724e+03
1.552999999999999936e-01 -1.245754893916412357e+03
1.554000000000000103e-01 -1.247685819249924634e+03
1.554999999999999993e-01 -1.249520764815899611e+03
1.556000000000000161e-01 -1.251231998660517093e+03
1.557000000000000051e-01 -1.252766447677313636e+03
1.557999999999999940e-01 -1.254202385019299072e+03
1.559000000000000108e-01 -1.255554173346230300e+03
1.559999999999999998e-01 -1.256836821408869582e+03
1.561000000000000165e-01 -1.258101317860330937e+03
1.562000000000000055e-01 -1.259388411962062264e+03
1.562999999999999945e-01 -1.260736202587688467e+03
1.564000000000000112e-01 -1.262130309744481792e+03
1.565000000000000002e-01 -1.263586587027337146e+03
1.566000000000000170e-01 -1.265120806813290756e+03
1.567000000000000060e-01 -1.266693623911728082e+03
1.567999999999999949e-01 -1.268275070486929962e+03
1.569000000000000117e-01 -1.269855433011682180e+03
1.570000000000000007e-01 -1.271403284797009292e+03
1.571000000000000174e-01 -1.272923506540500284e+03
1.572000000000000064e-01 -1.274434887698454531e+03
1.572999999999999954e-01 -1.275949670613343869e+03
1.574000000000000121e-01 -1.277486966049661760e+03
1.575000000000000011e-01 -1.279035467999154889e+03
1.576000000000000179e-01 -1.280586678626288631e+03
1.577000000000000068e-01 -1.282136865329031934e+03
1.577999999999999958e-01 -1.283688533488892745e+03
1.579000000000000126e-01 -1.285231765305878980e+03
1.580000000000000016e-01 -1.286765041659690269e+03
1.581000000000000183e-01 -1.288291798597410434e+03
1.582000000000000073e-01 -1.289811970944854920e+03
1.582999999999999963e-01 -1.291331703131407494e+03
1.584000000000000130e-01 -1.292856872053513371e+03
1.585000000000000020e-01 -1.294402758927464447e+03
1.586000000000000187e-01 -1.295937776246129943e+03
1.587000000000000077e-01 -1.297476491062839614e+03
1.587999999999999967e-01 -1.299024531188985293e+03
1.589000000000000135e-01 -1.300580101947543426e+03
1.590000000000000024e-01 -1.302148208899521251e+03
1.591000000000000192e-01 -1.303734662110326099e+03
1.592000000000000082e-01 -1.305315734396873040e+03
1.592999999999999972e-01 -1.306896624103604609e+03
1.594000000000000139e-01 -1.308477090045631485e+03
1.595000000000000029e-01 -1.310059372326014682e+03
1.596000000000000196e-01 -1.311649541717005377e+03
1.597000000000000086e-01 -1.313237268363712928e+03
1.597999999999999976e-01 -1.314822616191898987e+03
1.599000000000000143e-01 -1.316407817923839957e+03
1.600000000000000033e-01 -1.317995677059049285e+03
1.601000000000000201e-01 -1.319600375020058436e+03
1.602000000000000091e-01 -1.321260049138653812e+03
1.602999999999999980e-01 -1.322981136101120910e+03
1.604000000000000148e-01 -1.324755840409411121e+03
1.605000000000000038e-01 -1.326573072178591246e+03
1.606000000000000205e-01 -1.328417341740717120e+03
1.607000000000000095e-01 -1.330279355380839206e+03
1.607999999999999985e-01 -1.332154686840469367e+03
1.609000000000000152e-01 -1.334036634256238813e+03
1.610000000000000042e-01 -1.335924050723553364e+03
1.611000000000000210e-01 -1.337813072898682549e+03
1.612000000000000099e-01 -1.339703678155832222e+03
1.612999999999999989e-01 -1.341596108960057336e+03
1.614000000000000157e-01 -1.343490438547691610e+03
1.615000000000000047e-01 -1.345385888710019572e+03
1.616000000000000214e-01 -1.347283551628332816e+03
1.617000000000000104e-01 -1.349184411927849396e+03
1.617999999999999994e-01 -1.351093544990588271e+03
1.619000000000000161e-01 -1.353005459497565198e+03
1.620000000000000051e-01 -1.354915573660854079e+03
1.620999999999999941e-01 -1.356823552175881559e+03
1.622000000000000108e-01 -1.358731843165569671e+03
1.622999999999999998e-01 -1.360638702208398627e+03
1.624000000000000166e-01 -1.362545236955652626e+03
1.625000000000000056e-01 -1.364452765772796283e+03
1.625999999999999945e-01 -1.366363341229960952e+03
1.627000000000000113e-01 -1.368280356562156385e+03
1.628000000000000003e-01 -1.370192672367449404e+03
1.629000000000000170e-01 -1.372103210243938520e+03
1.630000000000000060e-01 -1.374015574857395450e+03
1.630999999999999950e-01 -1.375931476752793742e+03
1.632000000000000117e-01 -1.377853373362310549e+03
1.633000000000000007e-01 -1.379784224379998932e+03
1.634000000000000175e-01 -1.381724194418672596e+03
1.635000000000000064e-01 -1.383672220001058349e+03
1.635999999999999954e-01 -1.385626878517650539e+03
1.637000000000000122e-01 -1.387586813546992062e+03
1.638000000000000012e-01 -1.389550920941622508e+03
1.639000000000000179e-01 -1.391518391224460629e+03
1.640000000000000069e-01 -1.393488676819925331e+03
1.640999999999999959e-01 -1.395461430150052820e+03
1.642000000000000126e-01 -1.397436440108083389e+03
1.643000000000000016e-01 -1.399413580763785149e+03
1.644000000000000183e-01 -1.401394056797189023e+03
1.645000000000000073e-01 -1.403380118505559949e+03
1.645999999999999963e-01 -1.405367506773515970e+03
1.647000000000000131e-01 -1.407353345182641533e+03
1.648000000000000020e-01 -1.409336935831659275e+03
1.649000000000000188e-01 -1.411318876171525062e+03
1.650000000000000078e-01 -1.413300362872068945e+03
1.650999999999999968e-01 -1.415282763411623819e+03
1.652000000000000135e-01 -1.417267435296196481e+03
1.653000000000000025e-01 -1.419255828182453570e+03
1.654000000000000192e-01 -1.421251982385262181e+03
1.655000000000000082e-01 -1.423264248534337185e+03
1.655999999999999972e-01 -1.425296055547236165e+03
1.657000000000000139e-01 -1.427348012562967597e+03
1.658000000000000029e-01 -1.429422331759580629e+03
1.659000000000000197e-01 -1.431520891063294130e+03
1.660000000000000087e-01 -1.433643639829070253e+03
1.660999999999999976e-01 -1.435790171327109192e+03
1.662000000000000144e-01 -1.437960305759763514e+03
1.663000000000000034e-01 -1.440154263532808955e+03
1.664000000000000201e-01 -1.442372644355395778e+03
1.665000000000000091e-01 -1.444616325501437814e+03
1.665999999999999981e-01 -1.446886407630385975e+03
1.667000000000000148e-01 -1.449185541679534481e+03
1.668000000000000038e-01 -1.451518408774853242e+03
1.669000000000000206e-01 -1.453885092188833369e+03
1.670000000000000095e-01 -1.456282986445198958e+03
1.670999999999999985e-01 -1.458714039670037437e+03
1.672000000000000153e-01 -1.461177913112858960e+03
1.673000000000000043e-01 -1.463687426278147768e+03
1.674000000000000210e-01 -1.466263968962574381e+03
1.675000000000000100e-01 -1.468943321848517598e+03
1.675999999999999990e-01 -1.471729504740714447e+03
1.677000000000000157e-01 -1.474597744748416972e+03
1.678000000000000047e-01 -1.477537339782010804e+03
1.679000000000000214e-01 -1.480547673706972091e+03
1.680000000000000104e-01 -1.483644493327356031e+03
1.680999999999999994e-01 -1.486858658161696212e+03
1.682000000000000162e-01 -1.490214613188362364e+03
1.683000000000000052e-01 -1.493729482899821733e+03
1.684000000000000219e-01 -1.497417125626212055e+03
1.685000000000000109e-01 -1.501295674930999894e+03
1.685999999999999999e-01 -1.505411216558649130e+03
1.687000000000000166e-01 -1.509798811333315143e+03
1.688000000000000056e-01 -1.514501636636875219e+03
1.688999999999999946e-01 -1.519509184764439851e+03
1.690000000000000113e-01 -1.524980453451740232e+03
1.691000000000000003e-01 -1.530956914980663669e+03
1.692000000000000171e-01 -1.537509894231556700e+03
1.693000000000000060e-01 -1.544060246447465488e+03
1.693999999999999950e-01 -1.548268235488979826e+03
1.695000000000000118e-01 -1.549981982029066785e+03
1.696000000000000008e-01 -1.551101345566655709e+03
1.697000000000000175e-01 -1.552299773211202819e+03
1.698000000000000065e-01 -1.553692688702637497e+03
1.698999999999999955e-01 -1.555307176215238542e+03
1.700000000000000122e-01 -1.557094951337355951e+03
1.701000000000000012e-01 -1.558908699699491535e+03
1.702000000000000179e-01 -1.560722026888587834e+03
1.703000000000000069e-01 -1.562563170073596211e+03
1.703999999999999959e-01 -1.564455987434941107e+03
1.705000000000000127e-01 -1.566403016343791251e+03
1.706000000000000016e-01 -1.568384850612040054e+03
1.707000000000000184e-01 -1.570377124272492892e+03
1.708000000000000074e-01 -1.572363037317889393e+03
1.708999999999999964e-01 -1.574335219305847204e+03
1.710000000000000131e-01 -1.576291562296817347e+03
1.711000000000000021e-01 -1.578233065740202392e+03
1.712000000000000188e-01 -1.580163179299985359e+03
1.713000000000000078e-01 -1.582089073136262414e+03
1.713999999999999968e-01 -1.584014804447883307e+03
1.715000000000000135e-01 -1.585944218833926243e+03
1.716000000000000025e-01 -1.587882219095980872e+03
1.717000000000000193e-01 -1.589822986618787354e+03
1.718000000000000083e-01 -1.591770250991552757e+03
1.718999999999999972e-01 -1.593731672617826916e+03
1.720000000000000140e-01 -1.595700674519442600e+03
1.721000000000000030e-01 -1.597674018414803641e+03
1.722000000000000197e-01 -1.599654443446005644e+03
1.723000000000000087e-01 -1.601641398390947415e+03
1.723999999999999977e-01 -1.603633068002234495e+03
1.725000000000000144e-01 -1.605627750651146471e+03
1.726000000000000034e-01 -1.607624396330021909e+03
1.727000000000000202e-01 -1.609619798230056631e+03
1.728000000000000091e-01 -1.611611535222862358e+03
1.728999999999999981e-01 -1.613594818667276513e+03
1.730000000000000149e-01 -1.615568720785453706e+03
1.731000000000000039e-01 -1.617535501806905359e+03
1.732000000000000206e-01 -1.619497514463885409e+03
1.733000000000000096e-01 -1.621456554175951396e+03
1.733999999999999986e-01 -1.623413920819044961e+03
1.735000000000000153e-01 -1.625370696557544306e+03
1.736000000000000043e-01 -1.627327728745364311e+03
1.737000000000000210e-01 -1.629285664677619934e+03
1.738000000000000100e-01 -1.631245053300645395e+03
1.738999999999999990e-01 -1.633206350063549053e+03
1.740000000000000158e-01 -1.635169949551499258e+03
1.741000000000000048e-01 -1.637136220869721228e+03
1.742000000000000215e-01 -1.639105314353986614e+03
1.743000000000000105e-01 -1.641077243918098020e+03
1.743999999999999995e-01 -1.643052215421072788e+03
1.745000000000000162e-01 -1.645030379740634089e+03
1.746000000000000052e-01 -1.647011728508574606e+03
1.747000000000000219e-01 -1.648996182807374225e+03
1.748000000000000109e-01 -1.650983629301175824e+03
1.748999999999999999e-01 -1.652973953959512073e+03
1.750000000000000167e-01 -1.654967156266520533e+03
1.751000000000000056e-01 -1.656963256421137203e+03
1.751999999999999946e-01 -1.658962399321415205e+03
1.753000000000000114e-01 -1.660966001120679721e+03
1.754000000000000004e-01 -1.662973672447005129e+03
1.755000000000000171e-01 -1.664985079210071945e+03
1.756000000000000061e-01 -1.667001410685033079e+03
1.756999999999999951e-01 -1.669020743084547576e+03
1.758000000000000118e-01 -1.671040492015953532e+03
1.759000000000000008e-01 -1.673060439438355615e+03
1.760000000000000175e-01 -1.675080904572394275e+03
1.761000000000000065e-01 -1.677102009972167025e+03
1.761999999999999955e-01 -1.679123700540294749e+03
1.763000000000000123e-01 -1.681145850464047953e+03
1.764000000000000012e-01 -1.683168334516247796e+03
1.765000000000000180e-01 -1.685191060114063930e+03
1.766000000000000070e-01 -1.687213999808876451e+03
1.766999999999999960e-01 -1.689237243994032497e+03
1.768000000000000127e-01 -1.691261135438766587e+03
1.769000000000000017e-01 -1.693285980948182441e+03
1.770000000000000184e-01 -1.695311974057195812e+03
1.771000000000000074e-01 -1.697335086140227077e+03
1.771999999999999964e-01 -1.699347445869472722e+03
1.773000000000000131e-01 -1.701363025291754411e+03
1.774000000000000021e-01 -1.703378631485380993e+03
1.775000000000000189e-01 -1.705393389089925904e+03
1.776000000000000079e-01 -1.707405439896336247e+03
1.776999999999999968e-01 -1.709414476005722463e+03
1.778000000000000136e-01 -1.711430564945232391e+03
1.779000000000000026e-01 -1.713448528684031771e+03
1.780000000000000193e-01 -1.715466022256794986e+03
1.781000000000000083e-01 -1.717482434142669035e+03
1.781999999999999973e-01 -1.719497893248875926e+03
1.783000000000000140e-01 -1.721512776530882320e+03
1.784000000000000030e-01 -1.723527421701323647e+03
1.785000000000000198e-01 -1.725542038347434755e+03
1.786000000000000087e-01 -1.727557288873497100e+03
1.786999999999999977e-01 -1.729574351977518290e+03
1.788000000000000145e-01 -1.731592247454672815e+03
1.789000000000000035e-01 -1.733610374090465029e+03
1.790000000000000202e-01 -1.735628781422267593e+03
1.791000000000000092e-01 -1.737647827177433555e+03
1.791999999999999982e-01 -1.739667954614342534e+03
1.793000000000000149e-01 -1.741691516988144031e+03
1.794000000000000039e-01 -1.743718715442253597e+03
1.795000000000000207e-01 -1.745747745066594689e+03
1.796000000000000096e-01 -1.747777218153728654e+03
1.796999999999999986e-01 -1.749806775062829729e+03
1.798000000000000154e-01 -1.751836932053338614e+03
1.799000000000000044e-01 -1.753868305763709031e+03
1.800000000000000211e-01 -1.755901325462217073e+03
1.801000000000000101e-01 -1.757923188679279292e+03
1.801999999999999991e-01 -1.759904106408102734e+03
1.803000000000000158e-01 -1.761844476220497199e+03
1.804000000000000048e-01 -1.763753139184692600e+03
1.805000000000000215e-01 -1.765638657485822705e+03
1.806000000000000105e-01 -1.767507627854680095e+03
1.806999999999999995e-01 -1.769364738990634351e+03
1.808000000000000163e-01 -1.771213221269370251e+03
1.809000000000000052e-01 -1.773055309797257451e+03
1.810000000000000220e-01 -1.774893578121925430e+03
1.811000000000000110e-01 -1.776727873312394877e+03
1.812000000000000000e-01 -1.778559855457604044e+03
1.813000000000000167e-01 -1.780388677075408850e+03
1.814000000000000057e-01 -1.782214500911525420e+03
1.815000000000000224e-01 -1.784038012314563730e+03
1.816000000000000114e-01 -1.785859996297001089e+03
1.817000000000000004e-01 -1.787681187090666754e+03
1.818000000000000171e-01 -1.789502176461097406e+03
1.819000000000000061e-01 -1.791323400107991574e+03
1.819999999999999951e-01 -1.793145143487219457e+03
1.821000000000000119e-01 -1.794967537775143910e+03
1.822000000000000008e-01 -1.796790209885990407e+03
1.823000000000000176e-01 -1.798611729257633669e+03
1.824000000000000066e-01 -1.800431371935839252e+03
1.824999999999999956e-01 -1.802249776704367605e+03
1.826000000000000123e-01 -1.804067637642737736e+03
1.827000000000000013e-01 -1.805885434083267228e+03
1.828000000000000180e-01 -1.807703522684642849e+03
1.829000000000000070e-01 -1.809522199271494856e+03
1.829999999999999960e-01 -1.811341669990493756e+03
1.831000000000000127e-01 -1.813162058137683289e+03
1.832000000000000017e-01 -1.814983417942851702e+03
1.833000000000000185e-01 -1.816805744522521309e+03
1.834000000000000075e-01 -1.818628972015490717e+03
1.834999999999999964e-01 -1.820452871368748447e+03
1.836000000000000132e-01 -1.822276288713119357e+03
1.837000000000000022e-01 -1.824098574240561902e+03
1.838000000000000189e-01 -1.825920206523166144e+03
1.839000000000000079e-01 -1.827741808620189886e+03
1.839999999999999969e-01 -1.829562838810404173e+03
1.841000000000000136e-01 -1.831383451568434793e+03
1.842000000000000026e-01 -1.833203864564629612e+03
1.843000000000000194e-01 -1.835024219224197168e+03
1.844000000000000083e-01 -1.836845250678203683e+03
1.844999999999999973e-01 -1.838666395346668196e+03
1.846000000000000141e-01 -1.840488934006448744e+03
1.847000000000000031e-01 -1.842312771157804264e+03
1.848000000000000198e-01 -1.844137085759055253e+03
1.849000000000000088e-01 -1.845961583378436444e+03
1.849999999999999978e-01 -1.847786195654242874e+03
1.851000000000000145e-01 -1.849610908895328294e+03
1.852000000000000035e-01 -1.851435803777999809e+03
1.853000000000000203e-01 -1.853261092656348637e+03
1.854000000000000092e-01 -1.855088670413587806e+03
1.854999999999999982e-01 -1.856915507067912813e+03
1.856000000000000150e-01 -1.858742590716151881e+03
1.857000000000000040e-01 -1.860571263633560420e+03
1.858000000000000207e-01 -1.862403938775255483e+03
1.859000000000000097e-01 -1.864240359770768691e+03
1.859999999999999987e-01 -1.866079170670728445e+03
1.861000000000000154e-01 -1.867921150674697174e+03
1.862000000000000044e-01 -1.869766153040740392e+03
1.863000000000000211e-01 -1.871608250686930660e+03
1.864000000000000101e-01 -1.873451592034843088e+03
1.864999999999999991e-01 -1.875302201192942903e+03
1.866000000000000159e-01 -1.877161836971537241e+03
1.867000000000000048e-01 -1.879029787641256689e+03
1.868000000000000216e-01 -1.880904647215987325e+03
1.869000000000000106e-01 -1.882784719603338090e+03
1.869999999999999996e-01 -1.884668125676354066e+03
1.871000000000000163e-01 -1.886553130931731630e+03
1.872000000000000053e-01 -1.888438598113836633e+03
1.873000000000000220e-01 -1.890323991981156951e+03
1.874000000000000110e-01 -1.892208010556514637e+03
1.875000000000000000e-01 -1.894090202615109547e+03
1.876000000000000167e-01 -1.895970792851444457e+03
1.877000000000000057e-01 -1.897852941989651754e+03
1.878000000000000225e-01 -1.899731803366267059e+03
1.879000000000000115e-01 -1.901607906401307901e+03
1.880000000000000004e-01 -1.903483138512110600e+03
1.881000000000000172e-01 -1.905359746016756390e+03
1.882000000000000062e-01 -1.907241742817914655e+03
1.882999999999999952e-01 -1.909128639973088866e+03
1.884000000000000119e-01 -1.911023032492685161e+03
1.885000000000000009e-01 -1.912908797717500420e+03
1.886000000000000176e-01 -1.914784199214592263e+03
1.887000000000000066e-01 -1.916653114216352833e+03
1.887999999999999956e-01 -1.918524674904952690e+03
1.889000000000000123e-01 -1.920394574723271944e+03
1.890000000000000013e-01 -1.922275843308451613e+03
1.891000000000000181e-01 -1.924174081009072779e+03
1.892000000000000071e-01 -1.926083785337035579e+03
1.892999999999999960e-01 -1.927983344719755905e+03
1.894000000000000128e-01 -1.929864120707880829e+03
1.895000000000000018e-01 -1.931732022348359578e+03
1.896000000000000185e-01 -1.933598675646506308e+03
1.897000000000000075e-01 -1.935471653833436903e+03
1.897999999999999965e-01 -1.937347200883679307e+03
1.899000000000000132e-01 -1.939226343678376907e+03
1.900000000000000022e-01 -1.941105536340347271e+03
1.901000000000000190e-01 -1.942974615932662573e+03
1.902000000000000079e-01 -1.944908519821058690e+03
1.902999999999999969e-01 -1.947107984769418863e+03
1.904000000000000137e-01 -1.949449161311692706e+03
1.905000000000000027e-01 -1.951796426434123305e+03
1.906000000000000194e-01 -1.954067561374168008e+03
1.907000000000000084e-01 -1.956258602843217886e+03
1.907999999999999974e-01 -1.958418009190265138e+03
1.909000000000000141e-01 -1.960613883970808729e+03
1.910000000000000031e-01 -1.962833981280941316e+03
1.911000000000000199e-01 -1.965002319845554666e+03
1.912000000000000088e-01 -1.967066525460574439e+03
1.912999999999999978e-01 -1.969020981155792697e+03
1.914000000000000146e-01 -1.970888093503573373e+03
1.915000000000000036e-01 -1.972697716441717375e+03
1.916000000000000203e-01 -1.974477089980255641e+03
1.917000000000000093e-01 -1.976247336310236051e+03
1.917999999999999983e-01 -1.978021328568348508e+03
1.919000000000000150e-01 -1.979800147034830843e+03
1.920000000000000040e-01 -1.981591024336427154e+03
1.921000000000000207e-01 -1.983412002733585950e+03
1.922000000000000097e-01 -1.985276255915060347e+03
1.922999999999999987e-01 -1.987182642521531307e+03
1.924000000000000155e-01 -1.989115414809003141e+03
1.925000000000000044e-01 -1.991052593804319031e+03
1.926000000000000212e-01 -1.992972193673492484e+03
1.927000000000000102e-01 -1.994856337117327257e+03
1.927999999999999992e-01 -1.996688417622427323e+03
1.929000000000000159e-01 -1.998452753657839366e+03
1.930000000000000049e-01 -2.000136592893549960e+03
1.931000000000000216e-01 -2.001723724704507276e+03
1.932000000000000106e-01 -2.003200430288862435e+03
1.932999999999999996e-01 -2.004553194260332475e+03
1.934000000000000163e-01 -2.005765834088285828e+03
1.935000000000000053e-01 -2.006821074675387536e+03
1.936000000000000221e-01 -2.007702571174269679e+03
1.937000000000000111e-01 -2.008392539574845841e+03
1.938000000000000000e-01 -2.008871179014754944e+03
1.939000000000000168e-01 -2.009128025113892591e+03
1.940000000000000058e-01 -2.009176041811085270e+03
1.941000000000000225e-01 -2.009018703851354758e+03
1.942000000000000115e-01 -2.008653401245109535e+03
1.943000000000000005e-01 -2.008093866897602538e+03
1.944000000000000172e-01 -2.007316931489654962e+03
1.945000000000000062e-01 -2.006307395543292841e+03
1.946000000000000230e-01 -2.005153505323519994e+03
1.947000000000000119e-01 -2.003926990199244528e+03
1.948000000000000009e-01 -2.002813771803352665e+03
1.949000000000000177e-01 -2.001996374440453792e+03
1.950000000000000067e-01 -2.001646459075804614e+03
1.950999999999999956e-01 -2.001816726235469332e+03
1.952000000000000124e-01 -2.002407485539741401e+03
1.953000000000000014e-01 -2.003334513519262600e+03
1.954000000000000181e-01 -2.004604970868845612e+03
1.955000000000000071e-01 -2.006240676089251110e+03
1.955999999999999961e-01 -2.008167610348944663e+03
1.957000000000000128e-01 -2.010262872010692945e+03
1.958000000000000018e-01 -2.012404684226997688e+03
1.959000000000000186e-01 -2.014497385404494707e+03
1.960000000000000075e-01 -2.016536096273459407e+03
1.960999999999999965e-01 -2.018533417737113268e+03
1.962000000000000133e-01 -2.020502579944432910e+03
1.963000000000000023e-01 -2.022454562845797682e+03
1.964000000000000190e-01 -2.024405309233995013e+03
1.965000000000000080e-01 -2.026386156843745766e+03
1.965999999999999970e-01 -2.028416578326476383e+03
1.967000000000000137e-01 -2.030480044931420480e+03
1.968000000000000027e-01 -2.032583432787314450e+03
1.969000000000000195e-01 -2.034661954835264169e+03
1.970000000000000084e-01 -2.036741521229571617e+03
1.970999999999999974e-01 -2.038708795249028526e+03
1.972000000000000142e-01 -2.040391484234835161e+03
1.973000000000000032e-01 -2.042019592637148207e+03
1.974000000000000199e-01 -2.043756365302956510e+03
1.975000000000000089e-01 -2.045392546818492519e+03
1.975999999999999979e-01 -2.047098144728831812e+03
1.977000000000000146e-01 -2.049030450165818365e+03
1.978000000000000036e-01 -2.051086016795442902e+03
1.979000000000000203e-01 -2.053180430295270071e+03
1.980000000000000093e-01 -2.055289152347029358e+03
1.980999999999999983e-01 -2.057428551856726699e+03
1.982000000000000151e-01 -2.059583806711176749e+03
1.983000000000000040e-01 -2.061745239637636587e+03
1.984000000000000208e-01 -2.063901328116181048e+03
1.985000000000000098e-01 -2.066084269590552140e+03
1.985999999999999988e-01 -2.068257353579747814e+03
1.987000000000000155e-01 -2.070445230459039522e+03
1.988000000000000045e-01 -2.072642085205459352e+03
1.989000000000000212e-01 -2.074748912903392466e+03
1.990000000000000102e-01 -2.076774277460170197e+03
1.990999999999999992e-01 -2.078734332583946070e+03
1.992000000000000159e-01 -2.080672914626346028e+03
1.993000000000000049e-01 -2.082616946594698675e+03
1.994000000000000217e-01 -2.084578763920992969e+03
1.995000000000000107e-01 -2.086562028607813772e+03
1.995999999999999996e-01 -2.088564468639110146e+03
1.997000000000000164e-01 -2.090581091062666019e+03
1.998000000000000054e-01 -2.092612170656013859e+03
1.999000000000000221e-01 -2.094648153669580552e+03
2.000000000000000111e-01 -2.096688094066505073e+03
2.001000000000000001e-01 -2.100437480642341598e+03
2.002000000000000168e-01 -2.105205541826178433e+03
2.003000000000000058e-01 -2.110337146170969845e+03
2.004000000000000226e-01 -2.115983298006799487e+03
2.005000000000000115e-01 -2.122372874767661415e+03
2.006000000000000005e-01 -2.129635958318818211e+03
2.007000000000000173e-01 -2.137677168889384120e+03
2.008000000000000063e-01 -2.146295537641189640e+03
2.009000000000000230e-01 -2.155411755543128947e+03
2.010000000000000120e-01 -2.164971870773011233e+03
2.011000000000000010e-01 -2.174721028254179600e+03
2.012000000000000177e-01 -2.184692237688022487e+03
2.013000000000000067e-01 -2.193236447133169804e+03
2.014000000000000234e-01 -2.197740004833038256e+03
2.015000000000000124e-01 -2.199921643189476526e+03
2.016000000000000014e-01 -2.201078144589859676e+03
2.017000000000000182e-01 -2.201860496737850553e+03
2.018000000000000071e-01 -2.202516502701425907e+03
2.018999999999999961e-01 -2.203230756171879875e+03
2.020000000000000129e-01 -2.203829115372842352e+03
2.021000000000000019e-01 -2.204305971121883886e+03
2.022000000000000186e-01 -2.204687869446893728e+03
2.023000000000000076e-01 -2.205332299128748218e+03
2.023999999999999966e-01 -2.207777440323482551e+03
2.025000000000000133e-01 -2.211111608240583337e+03
2.026000000000000023e-01 -2.214386935251839077e+03
2.027000000000000191e-01 -2.216952562250952269e+03
2.028000000000000080e-01 -2.218842403951988672e+03
2.028999999999999970e-01 -2.220266867945423201e+03
2.030000000000000138e-01 -2.221390136495594106e+03
2.031000000000000028e-01 -2.222273907712168239e+03
2.032000000000000195e-01 -2.222930633357327224e+03
2.033000000000000085e-01 -2.223352550443480141e+03
2.033999999999999975e-01 -2.223522890664590705e+03
2.035000000000000142e-01 -2.223425043061585257e+03
2.036000000000000032e-01 -2.223082997761187471e+03
2.037000000000000199e-01 -2.222528375415073242e+03
2.038000000000000089e-01 -2.221734503960212351e+03
2.038999999999999979e-01 -2.220672491498763975e+03
2.040000000000000147e-01 -2.219348490020337522e+03
2.041000000000000036e-01 -2.217770022271843118e+03
2.042000000000000204e-01 -2.215989790336036549e+03
2.043000000000000094e-01 -2.214078651824513599e+03
2.043999999999999984e-01 -2.211977564009488560e+03
2.045000000000000151e-01 -2.209816810430087116e+03
2.046000000000000041e-01 -2.207793875380595182e+03
2.047000000000000208e-01 -2.206595793585589036e+03
2.048000000000000098e-01 -2.206451579897936881e+03
2.048999999999999988e-01 -2.207273787481248746e+03
2.050000000000000155e-01 -2.208970987593920654e+03
2.051000000000000045e-01 -2.211240708247683870e+03
2.052000000000000213e-01 -2.213719432570844219e+03
2.053000000000000103e-01 -2.216185987584325630e+03
2.053999999999999992e-01 -2.218548185214514433e+03
2.055000000000000160e-01 -2.220726208104135367e+03
2.056000000000000050e-01 -2.222814051331742576e+03
2.057000000000000217e-01 -2.224821538093352501e+03
2.058000000000000107e-01 -2.226736093788608287e+03
2.058999999999999997e-01 -2.228592876848400465e+03
2.060000000000000164e-01 -2.230426011180856676e+03
2.061000000000000054e-01 -2.232262463471543469e+03
2.062000000000000222e-01 -2.234160719387961308e+03
2.063000000000000111e-01 -2.236179457767201711e+03
2.064000000000000001e-01 -2.238277963533335424e+03
2.065000000000000169e-01 -2.240441245056274056e+03
2.066000000000000059e-01 -2.242664939551594216e+03
2.067000000000000226e-01 -2.244889204673533186e+03
2.068000000000000116e-01 -2.247065216095052165e+03
2.069000000000000006e-01 -2.249171129560173540e+03
2.070000000000000173e-01 -2.251208409162233693e+03
2.071000000000000063e-01 -2.253197324028176354e+03
2.072000000000000230e-01 -2.255161200827931225e+03
2.073000000000000120e-01 -2.257144292365273941e+03
2.074000000000000010e-01 -2.259118962948226454e+03
2.075000000000000178e-01 -2.261117760745390115e+03
2.076000000000000068e-01 -2.263147695610174651e+03
2.077000000000000235e-01 -2.265218055692174858e+03
2.078000000000000125e-01 -2.267343539019347645e+03
2.079000000000000015e-01 -2.269478803909651106e+03
2.080000000000000182e-01 -2.271536049600010301e+03
2.081000000000000072e-01 -2.273539446448129183e+03
2.081999999999999962e-01 -2.275524941210810084e+03
2.083000000000000129e-01 -2.277510899755216542e+03
2.084000000000000019e-01 -2.279504082963012479e+03
2.085000000000000187e-01 -2.281505463198691359e+03
2.086000000000000076e-01 -2.283515056922599342e+03
2.086999999999999966e-01 -2.285534926362811348e+03
2.088000000000000134e-01 -2.287562499009520252e+03
2.089000000000000024e-01 -2.289597576799373655e+03
2.090000000000000191e-01 -2.291645752783618718e+03
2.091000000000000081e-01 -2.293686404553328885e+03
2.091999999999999971e-01 -2.295719119601281363e+03
2.093000000000000138e-01 -2.297749080071889239e+03
2.094000000000000028e-01 -2.299780637858829323e+03
2.095000000000000195e-01 -2.301814655197091270e+03
2.096000000000000085e-01 -2.303850806438113068e+03
2.096999999999999975e-01 -2.305890328203566696e+03
2.098000000000000143e-01 -2.307935467241877632e+03
2.099000000000000032e-01 -2.309985815605492917e+03
2.100000000000000200e-01 -2.312037517458633829e+03
2.101000000000000090e-01 -2.314100253184871235e+03
2.101999999999999980e-01 -2.316201136418208989e+03
2.103000000000000147e-01 -2.318337728433305529e+03
2.104000000000000037e-01 -2.320501093196684906e+03
2.105000000000000204e-01 -2.322684920789025000e+03
2.106000000000000094e-01 -2.324883104397274110e+03
2.106999999999999984e-01 -2.327093205708209098e+03
2.108000000000000151e-01 -2.329314375566813851e+03
2.109000000000000041e-01 -2.331544872861182284e+03
2.110000000000000209e-01 -2.333782476021245202e+03
2.111000000000000099e-01 -2.336025522415545765e+03
2.111999999999999988e-01 -2.338272252850833866e+03
2.113000000000000156e-01 -2.340524927715568992e+03
2.114000000000000046e-01 -2.342783007186651957e+03
2.115000000000000213e-01 -2.345044622230916957e+03
2.116000000000000103e-01 -2.347307926209337893e+03
2.116999999999999993e-01 -2.349571669297326480e+03
2.118000000000000160e-01 -2.351833923798498745e+03
2.119000000000000050e-01 -2.354093172559363211e+03
2.120000000000000218e-01 -2.356349036854349379e+03
2.121000000000000107e-01 -2.358602299346504878e+03
2.121999999999999997e-01 -2.360854454425600125e+03
2.123000000000000165e-01 -2.363106626549481462e+03
2.124000000000000055e-01 -2.365359691894902426e+03
2.125000000000000222e-01 -2.367614262262643933e+03
2.126000000000000112e-01 -2.369870770382193314e+03
2.127000000000000002e-01 -2.372129492200180721e+03
2.128000000000000169e-01 -2.374390597822975451e+03
2.129000000000000059e-01 -2.376654721670930940e+03
2.130000000000000226e-01 -2.378924526807047187e+03
2.131000000000000116e-01 -2.381200334350839057e+03
2.132000000000000006e-01 -2.383480758012182378e+03
2.133000000000000174e-01 -2.385764395257684100e+03
2.134000000000000064e-01 -2.388050378183326757e+03
2.135000000000000231e-01 -2.390338375099503082e+03
2.136000000000000121e-01 -2.392628384079115676e+03
2.137000000000000011e-01 -2.394920344462767844e+03
2.138000000000000178e-01 -2.397215364885123108e+03
2.139000000000000068e-01 -2.399512738033055939e+03
2.140000000000000235e-01 -2.401809607114500977e+03
2.141000000000000125e-01 -2.404107551345071442e+03
2.142000000000000015e-01 -2.406407187201027682e+03
2.143000000000000183e-01 -2.408709419816491391e+03
2.144000000000000072e-01 -2.411015507788068589e+03
2.145000000000000240e-01 -2.413325500004229070e+03
2.146000000000000130e-01 -2.415639280094616879e+03
2.147000000000000020e-01 -2.417957089127196014e+03
2.148000000000000187e-01 -2.420280143006236358e+03
2.149000000000000077e-01 -2.422613260839758823e+03
2.149999999999999967e-01 -2.424959486275523432e+03
2.151000000000000134e-01 -2.427319056833509876e+03
2.152000000000000024e-01 -2.429691597147329503e+03
2.153000000000000191e-01 -2.432076910041724659e+03
2.154000000000000081e-01 -2.434474384864919102e+03
2.154999999999999971e-01 -2.436885075959914502e+03
2.156000000000000139e-01 -2.439310729360909136e+03
2.157000000000000028e-01 -2.441755006673364278e+03
2.158000000000000196e-01 -2.444221979284124700e+03
2.159000000000000086e-01 -2.446712516588700964e+03
2.159999999999999976e-01 -2.449225198812722283e+03
2.161000000000000143e-01 -2.451757270734752183e+03
2.162000000000000033e-01 -2.454306421188321565e+03
2.163000000000000200e-01 -2.456870190270427884e+03
2.164000000000000090e-01 -2.459444649528717946e+03
2.164999999999999980e-01 -2.462030336510199049e+03
2.166000000000000147e-01 -2.464629431029545685e+03
2.167000000000000037e-01 -2.467247839692606703e+03
2.168000000000000205e-01 -2.469890193905608612e+03
2.169000000000000095e-01 -2.472556086788870743e+03
2.169999999999999984e-01 -2.475244175573298890e+03
2.171000000000000152e-01 -2.477954627113567312e+03
2.172000000000000042e-01 -2.480693044811423988e+03
2.173000000000000209e-01 -2.483476231937871944e+03
2.174000000000000099e-01 -2.486315054783648065e+03
2.174999999999999989e-01 -2.489213983047311558e+03
2.176000000000000156e-01 -2.492177070613754950e+03
2.177000000000000046e-01 -2.495216653597759432e+03
2.178000000000000214e-01 -2.498354788505227589e+03
2.179000000000000103e-01 -2.501606524311465819e+03
2.179999999999999993e-01 -2.504982960230721346e+03
2.181000000000000161e-01 -2.508502632647199789e+03
2.182000000000000051e-01 -2.512185070975839153e+03
2.183000000000000218e-01 -2.516047536826859869e+03
2.184000000000000108e-01 -2.520107500156940205e+03
2.184999999999999998e-01 -2.524385268143739268e+03
2.186000000000000165e-01 -2.528921442882850897e+03
2.187000000000000055e-01 -2.533760549729375725e+03
2.188000000000000222e-01 -2.538930737011055498e+03
2.189000000000000112e-01 -2.544461564885059488e+03
2.190000000000000002e-01 -2.550371290524691631e+03
2.191000000000000170e-01 -2.556807444802340342e+03
2.192000000000000060e-01 -2.563792005008918750e+03
2.193000000000000227e-01 -2.570739073086424469e+03
2.194000000000000117e-01 -2.575127917532874108e+03
2.195000000000000007e-01 -2.577134157741548734e+03
2.196000000000000174e-01 -2.578731349813185261e+03
2.197000000000000064e-01 -2.580368119257573653e+03
2.198000000000000231e-01 -2.582100185577040975e+03
2.199000000000000121e-01 -2.583985566073227801e+03
2.200000000000000011e-01 -2.585981073993079008e+03
2.201000000000000179e-01 -2.588043107070785481e+03
2.202000000000000068e-01 -2.590170212849317068e+03
2.203000000000000236e-01 -2.592371094188012194e+03
2.204000000000000126e-01 -2.594636696918062626e+03
2.205000000000000016e-01 -2.596935555067010682e+03
2.206000000000000183e-01 -2.599236843549585956e+03
2.207000000000000073e-01 -2.601524003471376545e+03
2.208000000000000240e-01 -2.603794782866656988e+03
2.209000000000000130e-01 -2.606055506023572889e+03
2.210000000000000020e-01 -2.608323832813481658e+03
2.211000000000000187e-01 -2.610609016762466581e+03
2.212000000000000077e-01 -2.612899183722612634e+03
2.213000000000000245e-01 -2.615183653077262079e+03
2.214000000000000135e-01 -2.617457184278027398e+03
2.215000000000000024e-01 -2.619717066316453383e+03
2.216000000000000192e-01 -2.621966500351963532e+03
2.217000000000000082e-01 -2.624210987886148814e+03
2.217999999999999972e-01 -2.626455992119475468e+03
2.219000000000000139e-01 -2.628704445068639870e+03
2.220000000000000029e-01 -2.630958588315245834e+03
2.221000000000000196e-01 -2.633219490565400520e+03
2.222000000000000086e-01 -2.635486181286779811e+03
2.222999999999999976e-01 -2.637756792500084885e+03
2.224000000000000143e-01 -2.640029589879921332e+03
2.225000000000000033e-01 -2.642305295244063927e+03
2.226000000000000201e-01 -2.644583900613150945e+03
2.227000000000000091e-01 -2.646864826275847463e+03
2.227999999999999980e-01 -2.649150455934899128e+03
2.229000000000000148e-01 -2.651435391028175218e+03
2.230000000000000038e-01 -2.653717760004473803e+03
2.231000000000000205e-01 -2.655997672914794748e+03
2.232000000000000095e-01 -2.658277217763081353e+03
2.232999999999999985e-01 -2.660554984671569400e+03
2.234000000000000152e-01 -2.662826315241718930e+03
2.235000000000000042e-01 -2.665090242987345391e+03
2.236000000000000210e-01 -2.667348270062437678e+03
2.237000000000000099e-01 -2.669601429485541303e+03
2.237999999999999989e-01 -2.671851085824005622e+03
2.239000000000000157e-01 -2.674098320091703499e+03
2.240000000000000047e-01 -2.676343929406485586e+03
2.241000000000000214e-01 -2.678588562066058330e+03
2.242000000000000104e-01 -2.680832580086803773e+03
2.242999999999999994e-01 -2.683075875547926898e+03
2.244000000000000161e-01 -2.685318724809837477e+03
2.245000000000000051e-01 -2.687560841482421438e+03
2.246000000000000218e-01 -2.689802320961543046e+03
2.247000000000000108e-01 -2.692043620050467780e+03
2.247999999999999998e-01 -2.694285151843834228e+03
2.249000000000000166e-01 -2.696527170868306712e+03
2.250000000000000056e-01 -2.698769692034082254e+03
2.251000000000000223e-01 -2.701012611593829206e+03
2.252000000000000113e-01 -2.703255783070850612e+03
2.253000000000000003e-01 -2.705499056203472264e+03
2.254000000000000170e-01 -2.707742301327527912e+03
2.255000000000000060e-01 -2.709985421453804975e+03
2.256000000000000227e-01 -2.712228389082781632e+03
2.257000000000000117e-01 -2.714471120484281528e+03
2.258000000000000007e-01 -2.716713706266429199e+03
2.259000000000000175e-01 -2.718955851366095430e+03
2.260000000000000064e-01 -2.721197840792793613e+03
2.261000000000000232e-01 -2.723441314489285105e+03
2.262000000000000122e-01 -2.725687035818550612e+03
2.263000000000000012e-01 -2.727934764552584966e+03
2.264000000000000179e-01 -2.730184468526190358e+03
2.265000000000000069e-01 -2.732437374542093949e+03
2.266000000000000236e-01 -2.734693815723895568e+03
2.267000000000000126e-01 -2.736953183733368405e+03
2.268000000000000016e-01 -2.739214991264947457e+03
2.269000000000000183e-01 -2.741478822130915887e+03
2.270000000000000073e-01 -2.743744351969465242e+03
2.271000000000000241e-01 -2.746011555390469312e+03
2.272000000000000131e-01 -2.748280559246285065e+03
2.273000000000000020e-01 -2.750551628913282002e+03
2.274000000000000188e-01 -2.752824916629057498e+03
2.275000000000000078e-01 -2.755100647085459968e+03
2.276000000000000245e-01 -2.757375944792818245e+03
2.277000000000000135e-01 -2.759649426205432519e+03
2.278000000000000025e-01 -2.761921387217815209e+03
2.279000000000000192e-01 -2.764192439821271819e+03
2.280000000000000082e-01 -2.766463284710445350e+03
2.280999999999999972e-01 -2.768733813194713093e+03
2.282000000000000139e-01 -2.771002824332985256e+03
2.283000000000000029e-01 -2.773268686947171318e+03
2.284000000000000197e-01 -2.775530818011613064e+03
2.285000000000000087e-01 -2.777789907866331760e+03
2.285999999999999976e-01 -2.780046731186080706e+03
2.287000000000000144e-01 -2.782302051878746170e+03
2.288000000000000034e-01 -2.784556213233429389e+03
2.289000000000000201e-01 -2.786808684468044703e+03
2.290000000000000091e-01 -2.789059142929636437e+03
2.290999999999999981e-01 -2.791307825414994113e+03
2.292000000000000148e-01 -2.793553783386503255e+03
2.293000000000000038e-01 -2.795798205445803887e+03
2.294000000000000206e-01 -2.798043338692489215e+03
2.295000000000000095e-01 -2.800283859193917579e+03
2.295999999999999985e-01 -2.802523355555047601e+03
2.297000000000000153e-01 -2.804761580644260448e+03
2.298000000000000043e-01 -2.806999595216154830e+03
2.299000000000000210e-01 -2.809237442917576118e+03
2.300000000000000100e-01 -2.811474537686197436e+03
2.300999999999999990e-01 -2.813696913778702310e+03
2.302000000000000157e-01 -2.815875161508036854e+03
2.303000000000000047e-01 -2.818012752728852774e+03
2.304000000000000214e-01 -2.820113904010708666e+03
2.305000000000000104e-01 -2.822191174479051824e+03
2.305999999999999994e-01 -2.824251196711906687e+03
2.307000000000000162e-01 -2.826297659438149822e+03
2.308000000000000052e-01 -2.828332635224756359e+03
2.309000000000000219e-01 -2.830357578309653491e+03
2.310000000000000109e-01 -2.832374412355038203e+03
2.310999999999999999e-01 -2.834384670036035459e+03
2.312000000000000166e-01 -2.836389539403982781e+03
2.313000000000000056e-01 -2.838389921895397947e+03
2.314000000000000223e-01 -2.840385864788689560e+03
2.315000000000000113e-01 -2.842376536451522497e+03
2.316000000000000003e-01 -2.844362249167057598e+03
2.317000000000000171e-01 -2.846343522527827645e+03
2.318000000000000060e-01 -2.848320827240799645e+03
2.319000000000000228e-01 -2.850294529680659707e+03
2.320000000000000118e-01 -2.852264965099763685e+03
2.321000000000000008e-01 -2.854232301655725223e+03
2.322000000000000175e-01 -2.856196628768118899e+03
2.323000000000000065e-01 -2.858158184184097081e+03
2.324000000000000232e-01 -2.860117141518132030e+03
2.325000000000000122e-01 -2.862073689325050964e+03
2.326000000000000012e-01 -2.864028677525577223e+03
2.327000000000000179e-01 -2.865979512680597963e+03
2.328000000000000069e-01 -2.867927865222022319e+03
2.329000000000000237e-01 -2.869874091420962031e+03
2.330000000000000127e-01 -2.871819935092434662e+03
2.331000000000000016e-01 -2.873766124117056734e+03
2.332000000000000184e-01 -2.875712639816459159e+03
2.333000000000000074e-01 -2.877660691174288786e+03
2.334000000000000241e-01 -2.879610718637964055e+03
2.335000000000000131e-01 -2.881567863146628042e+03
2.336000000000000021e-01 -2.883529195325611454e+03
2.337000000000000188e-01 -2.885491399940999599e+03
2.338000000000000078e-01 -2.887467380261080507e+03
2.339000000000000246e-01 -2.889460268272336634e+03
2.340000000000000135e-01 -2.891464372480524162e+03
2.341000000000000025e-01 -2.893474743156164095e+03
2.342000000000000193e-01 -2.895488043053314414e+03
2.343000000000000083e-01 -2.897501874494974345e+03
2.344000000000000250e-01 -2.899513499366542419e+03
2.345000000000000140e-01 -2.901520076015958239e+03
2.346000000000000030e-01 -2.903520853610486029e+03
2.347000000000000197e-01 -2.905516298950911278e+03
2.348000000000000087e-01 -2.907506434570787405e+03
2.348999999999999977e-01 -2.909491641746480582e+03
2.350000000000000144e-01 -2.911472798018453886e+03
2.351000000000000034e-01 -2.913450722873331870e+03
2.352000000000000202e-01 -2.915426438159016016e+03
2.353000000000000091e-01 -2.917401000205581113e+03
2.353999999999999981e-01 -2.919375299553588320e+03
2.355000000000000149e-01 -2.921350009255111217e+03
2.356000000000000039e-01 -2.923325492379502975e+03
2.357000000000000206e-01 -2.925301977149335471e+03
2.358000000000000096e-01 -2.927279496169267986e+03
2.358999999999999986e-01 -2.929257897207764927e+03
2.360000000000000153e-01 -2.931237785066910874e+03
2.361000000000000043e-01 -2.933219945988304971e+03
2.362000000000000210e-01 -2.935199135492673577e+03
2.363000000000000100e-01 -2.937177158022038839e+03
2.363999999999999990e-01 -2.939154588864648304e+03
2.365000000000000158e-01 -2.941131425283961107e+03
2.366000000000000048e-01 -2.943107651417049965e+03
2.367000000000000215e-01 -2.945083836245703424e+03
2.368000000000000105e-01 -2.947060245672360452e+03
2.368999999999999995e-01 -2.949037576208487735e+03
2.370000000000000162e-01 -2.951015764764741562e+03
2.371000000000000052e-01 -2.952994961771490580e+03
2.372000000000000219e-01 -2.954975332214597984e+03
2.373000000000000109e-01 -2.956956485549653280e+03
2.373999999999999999e-01 -2.958938022735430877e+03
2.375000000000000167e-01 -2.960920215323279990e+03
2.376000000000000056e-01 -2.962901830632281417e+03
2.377000000000000224e-01 -2.964882487903017136e+03
2.378000000000000114e-01 -2.966862260848813094e+03
2.379000000000000004e-01 -2.968841292109516417e+03
2.380000000000000171e-01 -2.970819720909513762e+03
2.381000000000000061e-01 -2.972797600826499092e+03
2.382000000000000228e-01 -2.974774887718712762e+03
2.383000000000000118e-01 -2.976753486883858841e+03
2.384000000000000008e-01 -2.978734890458746577e+03
2.385000000000000175e-01 -2.980709477512468766e+03
2.386000000000000065e-01 -2.982681010549860275e+03
2.387000000000000233e-01 -2.984648895036329122e+03
2.388000000000000123e-01 -2.986611699061590116e+03
2.389000000000000012e-01 -2.988570725671140735e+03
2.390000000000000180e-01 -2.990526829589273802e+03
2.391000000000000070e-01 -2.992476296764114068e+03
2.392000000000000237e-01 -2.994429989254086195e+03
2.393000000000000127e-01 -2.996382910429209460e+03
2.394000000000000017e-01 -2.998330826481486838e+03
2.395000000000000184e-01 -3.000277255696422344e+03
2.396000000000000074e-01 -3.002234512521675697e+03
2.397000000000000242e-01 -3.004200771530748170e+03
2.398000000000000131e-01 -3.006166656132594653e+03
2.399000000000000021e-01 -3.008128947143713503e+03
2.400000000000000189e-01 -3.010080410845153892e+03
2.401000000000000079e-01 -3.012016145377117027e+03
2.402000000000000246e-01 -3.013938732620781138e+03
2.403000000000000136e-01 -3.015853525205190635e+03
2.404000000000000026e-01 -3.017764338515867621e+03
2.405000000000000193e-01 -3.019672748044789387e+03
2.406000000000000083e-01 -3.021579145603410780e+03
2.407000000000000250e-01 -3.023483722974518969e+03
2.408000000000000140e-01 -3.025386913713768081e+03
2.409000000000000030e-01 -3.027289356750160550e+03
2.410000000000000198e-01 -3.029191639182835388e+03
2.411000000000000087e-01 -3.031094087767011843e+03
2.411999999999999977e-01 -3.032996724183755759e+03
2.413000000000000145e-01 -3.034899344915256279e+03
2.414000000000000035e-01 -3.036801634333528909e+03
2.415000000000000202e-01 -3.038703247403561363e+03
2.416000000000000092e-01 -3.040603845609059590e+03
2.416999999999999982e-01 -3.042503099458499037e+03
2.418000000000000149e-01 -3.044400676831567580e+03
2.419000000000000039e-01 -3.046296228196347784e+03
2.420000000000000207e-01 -3.048189368061107416e+03
2.421000000000000096e-01 -3.050079642191342373e+03
2.421999999999999986e-01 -3.051966457508931398e+03
2.423000000000000154e-01 -3.053848905535761332e+03
2.424000000000000044e-01 -3.055724732028340441e+03
2.425000000000000211e-01 -3.057583877547189331e+03
2.426000000000000101e-01 -3.059414082864553620e+03
2.426999999999999991e-01 -3.061208642801009773e+03
2.428000000000000158e-01 -3.062964058485224086e+03
2.429000000000000048e-01 -3.064676936004255367e+03
2.430000000000000215e-01 -3.066342394615104695e+03
2.431000000000000105e-01 -3.067953988253662374e+03
2.431999999999999995e-01 -3.069497554367373596e+03
2.433000000000000163e-01 -3.070959948246557360e+03
2.434000000000000052e-01 -3.072331608209310616e+03
2.435000000000000220e-01 -3.073608233402501355e+03
2.436000000000000110e-01 -3.074787860466597976e+03
2.437000000000000000e-01 -3.075872535798335775e+03
2.438000000000000167e-01 -3.076853484983518683e+03
2.439000000000000057e-01 -3.077714528137214529e+03
2.440000000000000224e-01 -3.078439138182525312e+03
2.441000000000000114e-01 -3.079014053384953058e+03
2.442000000000000004e-01 -3.079433179116280371e+03
2.443000000000000171e-01 -3.079726110849041106e+03
2.444000000000000061e-01 -3.079929950068041762e+03
2.445000000000000229e-01 -3.080044377100794463e+03
2.446000000000000119e-01 -3.080084252371947514e+03
2.447000000000000008e-01 -3.080091785633300788e+03
2.448000000000000176e-01 -3.080165519602936911e+03
2.449000000000000066e-01 -3.080388108824880874e+03
2.450000000000000233e-01 -3.080796137980489675e+03
2.451000000000000123e-01 -3.081397822017443559e+03
2.452000000000000013e-01 -3.082247909631390939e+03
2.453000000000000180e-01 -3.083338662231777562e+03
2.454000000000000070e-01 -3.084610596283289851e+03
2.455000000000000238e-01 -3.086035779172159437e+03
2.456000000000000127e-01 -3.087592126811024627e+03
2.457000000000000017e-01 -3.089242872549070853e+03
2.458000000000000185e-01 -3.090981385397220947e+03
2.459000000000000075e-01 -3.092796595981282280e+03
2.460000000000000242e-01 -3.094673845219264422e+03
2.461000000000000132e-01 -3.096601459524439633e+03
2.462000000000000022e-01 -3.098568338448925715e+03
2.463000000000000189e-01 -3.100573281558671624e+03
2.464000000000000079e-01 -3.102596277793175886e+03
2.465000000000000246e-01 -3.104633796757578239e+03
2.466000000000000136e-01 -3.106668143960798716e+03
2.467000000000000026e-01 -3.108733111751817887e+03
2.468000000000000194e-01 -3.110809440711091611e+03
2.469000000000000083e-01 -3.112887903880498470e+03
2.470000000000000251e-01 -3.114964865191225272e+03
2.471000000000000141e-01 -3.117031490715228756e+03
2.472000000000000031e-01 -3.119083435649773946e+03
2.473000000000000198e-01 -3.121119521731553505e+03
2.474000000000000088e-01 -3.123140100795681519e+03
2.475000000000000255e-01 -3.125146294634118931e+03
2.476000000000000145e-01 -3.127139914778528691e+03
2.477000000000000035e-01 -3.129123739685085638e+03
2.478000000000000203e-01 -3.131098991957856015e+03
2.479000000000000092e-01 -3.133066840490377672e+03
2.479999999999999982e-01 -3.135032026296010827e+03
2.481000000000000150e-01 -3.136998839835373929e+03
2.482000000000000040e-01 -3.138969661398738936e+03
2.483000000000000207e-01 -3.140946919134460131e+03
2.484000000000000097e-01 -3.142926062238942450e+03
2.484999999999999987e-01 -3.144905882866931734e+03
2.486000000000000154e-01 -3.146886266130667991e+03
2.487000000000000044e-01 -3.148867157296891492e+03
2.488000000000000211e-01 -3.150848438903411534e+03
2.489000000000000101e-01 -3.152829960787148593e+03
2.489999999999999991e-01 -3.154811514245557646e+03
2.491000000000000159e-01 -3.156792857562399149e+03
2.492000000000000048e-01 -3.158773792213914021e+03
2.493000000000000216e-01 -3.160754209157379591e+03
2.494000000000000106e-01 -3.162734044488267500e+03
2.494999999999999996e-01 -3.164713286021086788e+03
2.496000000000000163e-01 -3.166692011460417689e+03
2.497000000000000053e-01 -3.168670351489805853e+03
2.498000000000000220e-01 -3.170646458176386659e+03
2.499000000000000110e-01 -3.172620708516759805e+03
2.500000000000000000e-01 -3.174592385330754041e+03
2.500999999999999890e-01 -3.178451301587363105e+03
2.502000000000000335e-01 -3.183515652746551496e+03
2.503000000000000225e-01 -3.188836038720388842e+03
2.504000000000000115e-01 -3.194386261590716003e+03
2.505000000000000004e-01 -3.200499867774418817e+03
2.505999999999999894e-01 -3.207438441312933719e+03
2.507000000000000339e-01 -3.214819669813407927e+03
2.508000000000000229e-01 -3.221700717007349795e+03
2.509000000000000119e-01 -3.227165806160805914e+03
2.510000000000000009e-01 -3.231631000452562148e+03
2.510999999999999899e-01 -3.235584225583818352e+03
2.512000000000000344e-01 -3.239180756221039701e+03
2.513000000000000234e-01 -3.242378537238733770e+03
2.514000000000000123e-01 -3.245100502894140845e+03
2.515000000000000013e-01 -3.247495932277523480e+03
2.515999999999999903e-01 -3.249940236831673701e+03
2.517000000000000348e-01 -3.253277908562156881e+03
2.518000000000000238e-01 -3.256767662346778707e+03
2.519000000000000128e-01 -3.259466740240001400e+03
2.520000000000000018e-01 -3.261507149950351049e+03
2.520999999999999908e-01 -3.263140358284299055e+03
2.522000000000000353e-01 -3.264543602107618426e+03
2.523000000000000242e-01 -3.265832390367981588e+03
2.524000000000000132e-01 -3.267082375464578945e+03
2.525000000000000022e-01 -3.268332470392730102e+03
2.525999999999999912e-01 -3.269606684049515025e+03
2.527000000000000357e-01 -3.270934728800937137e+03
2.528000000000000247e-01 -3.272329594755431572e+03
2.529000000000000137e-01 -3.273779232296210012e+03
2.530000000000000027e-01 -3.275258700538352059e+03
2.530999999999999917e-01 -3.276753697278677009e+03
2.532000000000000361e-01 -3.278257046781996451e+03
2.533000000000000251e-01 -3.279762016833155030e+03
2.534000000000000141e-01 -3.281257259651621553e+03
2.535000000000000031e-01 -3.282726572858799045e+03
2.535999999999999921e-01 -3.284151741989400307e+03
2.537000000000000366e-01 -3.285514893824960836e+03
2.538000000000000256e-01 -3.286800701307026429e+03
2.539000000000000146e-01 -3.287994530846580346e+03
2.540000000000000036e-01 -3.289092204420395319e+03
2.540999999999999925e-01 -3.290104061554201508e+03
2.542000000000000370e-01 -3.291029242845294903e+03
2.543000000000000260e-01 -3.291866475421047198e+03
2.544000000000000150e-01 -3.292620370265039128e+03
2.545000000000000040e-01 -3.293299136894624553e+03
2.545999999999999930e-01 -3.293907026444071562e+03
2.547000000000000375e-01 -3.294448228088888754e+03
2.548000000000000265e-01 -3.294959048517224346e+03
2.549000000000000155e-01 -3.295510035610651357e+03
2.550000000000000044e-01 -3.296149062577866516e+03
2.550999999999999934e-01 -3.296884348902718102e+03
2.552000000000000379e-01 -3.297711639367228599e+03
2.553000000000000269e-01 -3.298551871230058168e+03
2.554000000000000159e-01 -3.299323118836432968e+03
2.555000000000000049e-01 -3.300144175266310867e+03
2.555999999999999939e-01 -3.300884433390353934e+03
2.557000000000000384e-01 -3.301717472222278047e+03
2.558000000000000274e-01 -3.302724505569865414e+03
2.559000000000000163e-01 -3.303908099456862601e+03
2.560000000000000053e-01 -3.305242211363319257e+03
2.560999999999999943e-01 -3.306703877583594021e+03
2.562000000000000388e-01 -3.308279530078138578e+03
2.563000000000000278e-01 -3.309959184476208065e+03
2.564000000000000168e-01 -3.311718799746794502e+03
2.565000000000000058e-01 -3.313530665844052692e+03
2.565999999999999948e-01 -3.315384809105838940e+03
2.567000000000000393e-01 -3.317275018515360898e+03
2.568000000000000282e-01 -3.319193575245021293e+03
2.569000000000000172e-01 -3.321134108961504808e+03
2.570000000000000062e-01 -3.323087081432789091e+03
2.570999999999999952e-01 -3.325057521376674231e+03
2.572000000000000397e-01 -3.327043327608259915e+03
2.573000000000000287e-01 -3.329039334286588655e+03
2.574000000000000177e-01 -3.331041777316409480e+03
2.575000000000000067e-01 -3.333044146349065613e+03
2.575999999999999956e-01 -3.335042665695407322e+03
2.576999999999999846e-01 -3.337039479379985551e+03
2.578000000000000291e-01 -3.339044688136025798e+03
2.579000000000000181e-01 -3.341058095832072013e+03
2.580000000000000071e-01 -3.343054553408396259e+03
2.580999999999999961e-01 -3.345045287993354123e+03
2.581999999999999851e-01 -3.347034806616906735e+03
2.583000000000000296e-01 -3.349018523046147038e+03
2.584000000000000186e-01 -3.350993939848605351e+03
2.585000000000000075e-01 -3.352963079951019608e+03
2.585999999999999965e-01 -3.354927809269956015e+03
2.586999999999999855e-01 -3.356889122393316939e+03
2.588000000000000300e-01 -3.358848762732657633e+03
2.589000000000000190e-01 -3.360809674913150047e+03
2.590000000000000080e-01 -3.362774357168286315e+03
2.590999999999999970e-01 -3.364743475388846491e+03
2.591999999999999860e-01 -3.366716888382414709e+03
2.593000000000000305e-01 -3.368694172005209566e+03
2.594000000000000195e-01 -3.370674818939297438e+03
2.595000000000000084e-01 -3.372658349502166402e+03
2.595999999999999974e-01 -3.374644339770114129e+03
2.596999999999999864e-01 -3.376632404273125758e+03
2.598000000000000309e-01 -3.378622639031420931e+03
2.599000000000000199e-01 -3.380616872994658934e+03
2.600000000000000089e-01 -3.382616110756544458e+03
2.600999999999999979e-01 -3.384633911513046314e+03
2.601999999999999869e-01 -3.386704381223757082e+03
2.603000000000000314e-01 -3.388828056466072667e+03
2.604000000000000203e-01 -3.390993842812925323e+03
2.605000000000000093e-01 -3.393190703910412594e+03
2.605999999999999983e-01 -3.395410325445555827e+03
2.606999999999999873e-01 -3.397647186547801539e+03
2.608000000000000318e-01 -3.399893751074532247e+03
2.609000000000000208e-01 -3.402044427009071569e+03
2.610000000000000098e-01 -3.403710107266117120e+03
2.610999999999999988e-01 -3.405297259503018267e+03
2.611999999999999877e-01 -3.406992487955611068e+03
2.613000000000000322e-01 -3.408819553059562622e+03
2.614000000000000212e-01 -3.410750295046520023e+03
2.615000000000000102e-01 -3.412758688390738371e+03
2.615999999999999992e-01 -3.414505500127581854e+03
2.616999999999999882e-01 -3.415766543324935355e+03
2.618000000000000327e-01 -3.416979021488647959e+03
2.619000000000000217e-01 -3.418281026528599796e+03
2.620000000000000107e-01 -3.419686987340472115e+03
2.620999999999999996e-01 -3.421238472816434751e+03
2.621999999999999886e-01 -3.423006643965179592e+03
2.623000000000000331e-01 -3.425022127696806820e+03
2.624000000000000221e-01 -3.427225344668589059e+03
2.625000000000000111e-01 -3.429532290148183165e+03
2.626000000000000001e-01 -3.431885059444214676e+03
2.626999999999999891e-01 -3.434253278788261923e+03
2.628000000000000336e-01 -3.436623442503338083e+03
2.629000000000000226e-01 -3.438992160192348365e+03
2.630000000000000115e-01 -3.441354431044766443e+03
2.631000000000000005e-01 -3.443707901737654538e+03
2.631999999999999895e-01 -3.446053213707504710e+03
2.633000000000000340e-01 -3.448392680443920653e+03
2.634000000000000230e-01 -3.450729364676519708e+03
2.635000000000000120e-01 -3.453066132071508946e+03
2.636000000000000010e-01 -3.455401395833690458e+03
2.636999999999999900e-01 -3.457735669869611229e+03
2.638000000000000345e-01 -3.460073545478143387e+03
2.639000000000000234e-01 -3.462417156122458437e+03
2.640000000000000124e-01 -3.464768419685943627e+03
2.641000000000000014e-01 -3.467128125576855382e+03
2.641999999999999904e-01 -3.469495726731924151e+03
2.643000000000000349e-01 -3.471870259150588936e+03
2.644000000000000239e-01 -3.474250452568522178e+03
2.645000000000000129e-01 -3.476636383766438485e+03
2.646000000000000019e-01 -3.479028141871725893e+03
2.646999999999999909e-01 -3.481425494417038863e+03
2.648000000000000353e-01 -3.483828165801750401e+03
2.649000000000000243e-01 -3.486236099725526401e+03
2.650000000000000133e-01 -3.488645674209805748e+03
2.651000000000000023e-01 -3.491061114277813431e+03
2.651999999999999913e-01 -3.493492287279848824e+03
2.653000000000000358e-01 -3.495937182320215470e+03
2.654000000000000248e-01 -3.498398899282723960e+03
2.655000000000000138e-01 -3.500880016859164698e+03
2.656000000000000028e-01 -3.503381053435411559e+03
2.656999999999999917e-01 -3.505900702317315336e+03
2.658000000000000362e-01 -3.508436471655211335e+03
2.659000000000000252e-01 -3.510988102316529421e+03
2.660000000000000142e-01 -3.513556818595698132e+03
2.661000000000000032e-01 -3.516144134601431688e+03
2.661999999999999922e-01 -3.518754002371473234e+03
2.663000000000000367e-01 -3.521393975221771598e+03
2.664000000000000257e-01 -3.524066746544828220e+03
2.665000000000000147e-01 -3.526770492906662639e+03
2.666000000000000036e-01 -3.529500549615968794e+03
2.666999999999999926e-01 -3.532251421087370545e+03
2.668000000000000371e-01 -3.535020050850109783e+03
2.669000000000000261e-01 -3.537812894540443722e+03
2.670000000000000151e-01 -3.540643463478465037e+03
2.671000000000000041e-01 -3.543522602308969454e+03
2.671999999999999931e-01 -3.546457384044068021e+03
2.673000000000000376e-01 -3.549446727256527538e+03
2.674000000000000266e-01 -3.552494051434883204e+03
2.675000000000000155e-01 -3.555615740994164753e+03
2.676000000000000045e-01 -3.558823452954025470e+03
2.676999999999999935e-01 -3.562125464253173959e+03
2.678000000000000380e-01 -3.565529795550432937e+03
2.679000000000000270e-01 -3.569046675227696596e+03
2.680000000000000160e-01 -3.572691651648648531e+03
2.681000000000000050e-01 -3.576492089890223724e+03
2.681999999999999940e-01 -3.580473872939529883e+03
2.683000000000000385e-01 -3.584655538269001681e+03
2.684000000000000274e-01 -3.589014995436355548e+03
2.685000000000000164e-01 -3.593601256344686135e+03
2.686000000000000054e-01 -3.598403418817331385e+03
2.686999999999999944e-01 -3.603536158238650842e+03
2.688000000000000389e-01 -3.609042221910921853e+03
2.689000000000000279e-01 -3.614920717912886175e+03
2.690000000000000169e-01 -3.620866936149301182e+03
2.691000000000000059e-01 -3.625430039696182575e+03
2.691999999999999948e-01 -3.628141957032162281e+03
2.693000000000000393e-01 -3.630116753048168448e+03
2.694000000000000283e-01 -3.631993706931852103e+03
2.695000000000000173e-01 -3.633893998651349193e+03
2.696000000000000063e-01 -3.635781105814708098e+03
2.696999999999999953e-01 -3.637675114198495521e+03
2.698000000000000398e-01 -3.639619098505560487e+03
2.699000000000000288e-01 -3.641640514288068516e+03
2.700000000000000178e-01 -3.643741348670775551e+03
2.701000000000000068e-01 -3.645914248828931250e+03
2.701999999999999957e-01 -3.648150094045503920e+03
2.703000000000000402e-01 -3.650432354607700290e+03
2.704000000000000292e-01 -3.652738520925328430e+03
2.705000000000000182e-01 -3.655047690888225588e+03
2.706000000000000072e-01 -3.657347152064003240e+03
2.706999999999999962e-01 -3.659631276203938341e+03
2.708000000000000407e-01 -3.661897337684485137e+03
2.709000000000000297e-01 -3.664151169040907007e+03
2.710000000000000187e-01 -3.666399309304958024e+03
2.711000000000000076e-01 -3.668645180040870400e+03
2.711999999999999966e-01 -3.670884984321418870e+03
2.712999999999999856e-01 -3.673120201972869836e+03
2.714000000000000301e-01 -3.675358178925229367e+03
2.715000000000000191e-01 -3.677602914746018087e+03
2.716000000000000081e-01 -3.679854871704189009e+03
2.716999999999999971e-01 -3.682113041366642392e+03
2.717999999999999861e-01 -3.684376038938059537e+03
2.719000000000000306e-01 -3.686641647500463932e+03
2.720000000000000195e-01 -3.688905094768050276e+03
2.721000000000000085e-01 -3.691161718485941492e+03
2.721999999999999975e-01 -3.693411373866209942e+03
2.722999999999999865e-01 -3.695655763761326398e+03
2.724000000000000310e-01 -3.697896433683964915e+03
2.725000000000000200e-01 -3.700134389086932060e+03
2.726000000000000090e-01 -3.702370260479086937e+03
2.726999999999999980e-01 -3.704604510471467620e+03
2.727999999999999869e-01 -3.706837806750148502e+03
2.729000000000000314e-01 -3.709070774068617084e+03
2.730000000000000204e-01 -3.711303364233028333e+03
2.731000000000000094e-01 -3.713535515812343874e+03
2.731999999999999984e-01 -3.715767186384259276e+03
2.732999999999999874e-01 -3.717998590666192740e+03
2.734000000000000319e-01 -3.720230633029609180e+03
2.735000000000000209e-01 -3.722463736286837047e+03
2.736000000000000099e-01 -3.724697814833657503e+03
2.736999999999999988e-01 -3.726932608292447185e+03
2.737999999999999878e-01 -3.729144458841376490e+03
2.739000000000000323e-01 -3.731303725295915228e+03
2.740000000000000213e-01 -3.733410534129213374e+03
2.741000000000000103e-01 -3.735534609694438586e+03
2.741999999999999993e-01 -3.737686178266239494e+03
2.742999999999999883e-01 -3.739855825362796168e+03
2.744000000000000328e-01 -3.742042763016792378e+03
2.745000000000000218e-01 -3.744245967717215080e+03
2.746000000000000107e-01 -3.746462065249254465e+03
2.746999999999999997e-01 -3.748687069481515209e+03
2.747999999999999887e-01 -3.750919301134563284e+03
2.749000000000000332e-01 -3.753155585117800456e+03
2.750000000000000222e-01 -3.755395807217854326e+03
2.751000000000000112e-01 -3.757640117286804070e+03
2.752000000000000002e-01 -3.759887931064778968e+03
2.752999999999999892e-01 -3.762136741781415367e+03
2.754000000000000337e-01 -3.764384920030636749e+03
2.755000000000000226e-01 -3.766631864901073186e+03
2.756000000000000116e-01 -3.768877861602505163e+03
2.757000000000000006e-01 -3.771122260441304661e+03
2.757999999999999896e-01 -3.773365578114406162e+03
2.759000000000000341e-01 -3.775608198198724949e+03
2.760000000000000231e-01 -3.777850915186507791e+03
2.761000000000000121e-01 -3.780094177167602993e+03
2.762000000000000011e-01 -3.782336832946746199e+03
2.762999999999999901e-01 -3.784578904721063282e+03
2.764000000000000346e-01 -3.786820716755130434e+03
2.765000000000000235e-01 -3.789062730903899592e+03
2.766000000000000125e-01 -3.791305977577944304e+03
2.767000000000000015e-01 -3.793549456330319117e+03
2.767999999999999905e-01 -3.795792888458411198e+03
2.769000000000000350e-01 -3.798036335851126751e+03
2.770000000000000240e-01 -3.800279939376937818e+03
2.771000000000000130e-01 -3.802524187096155401e+03
2.772000000000000020e-01 -3.804769396922981286e+03
2.772999999999999909e-01 -3.807015600626003561e+03
2.774000000000000354e-01 -3.809262721469954158e+03
2.775000000000000244e-01 -3.811510638877785368e+03
2.776000000000000134e-01 -3.813759212434422352e+03
2.777000000000000024e-01 -3.816008294050807763e+03
2.777999999999999914e-01 -3.818257544736107775e+03
2.779000000000000359e-01 -3.820506159902179661e+03
2.780000000000000249e-01 -3.822753891839264270e+03
2.781000000000000139e-01 -3.824999934335000034e+03
2.782000000000000028e-01 -3.827244123984936323e+03
2.782999999999999918e-01 -3.829486667746402873e+03
2.784000000000000363e-01 -3.831727904026352462e+03
2.785000000000000253e-01 -3.833968134441521670e+03
2.786000000000000143e-01 -3.836207561239555162e+03
2.787000000000000033e-01 -3.838446234202661344e+03
2.787999999999999923e-01 -3.840684050452772681e+03
2.789000000000000368e-01 -3.842921229553388002e+03
2.790000000000000258e-01 -3.845157867288010038e+03
2.791000000000000147e-01 -3.847394139626984725e+03
2.792000000000000037e-01 -3.849630028432439303e+03
2.792999999999999927e-01 -3.851864362621751297e+03
2.794000000000000372e-01 -3.854096082744339583e+03
2.795000000000000262e-01 -3.856324502896437025e+03
2.796000000000000152e-01 -3.858550174590635379e+03
2.797000000000000042e-01 -3.860773805168487797e+03
2.797999999999999932e-01 -3.862995975086434100e+03
2.799000000000000377e-01 -3.865217125977605065e+03
2.800000000000000266e-01 -3.867437589667680641e+03
2.801000000000000156e-01 -3.869644376733136596e+03
2.802000000000000046e-01 -3.871809604666755149e+03
2.802999999999999936e-01 -3.873936798239546533e+03
2.804000000000000381e-01 -3.876035725095288399e+03
2.805000000000000271e-01 -3.878114283668046028e+03
2.806000000000000161e-01 -3.880178006561718576e+03
2.807000000000000051e-01 -3.882230845847469482e+03
2.807999999999999940e-01 -3.884275654980790023e+03
2.809000000000000385e-01 -3.886314226669310756e+03
2.810000000000000275e-01 -3.888347835409964773e+03
2.811000000000000165e-01 -3.890377424904055260e+03
2.812000000000000055e-01 -3.892403855766036486e+03
2.812999999999999945e-01 -3.894427805742404416e+03
2.814000000000000390e-01 -3.896449889210319725e+03
2.815000000000000280e-01 -3.898470710648070053e+03
2.816000000000000170e-01 -3.900490767473271262e+03
2.817000000000000060e-01 -3.902510365436582561e+03
2.817999999999999949e-01 -3.904529624155459715e+03
2.819000000000000394e-01 -3.906548303139118161e+03
2.820000000000000284e-01 -3.908566057195721442e+03
2.821000000000000174e-01 -3.910582293174072674e+03
2.822000000000000064e-01 -3.912595678699821292e+03
2.822999999999999954e-01 -3.914605763232156733e+03
2.824000000000000399e-01 -3.916612907764695137e+03
2.825000000000000289e-01 -3.918705725341872494e+03
2.826000000000000179e-01 -3.920914646623384670e+03
2.827000000000000068e-01 -3.923100734727180679e+03
2.827999999999999958e-01 -3.925303554726299808e+03
2.829000000000000403e-01 -3.927467248966967418e+03
2.830000000000000293e-01 -3.929603277578755751e+03
2.831000000000000183e-01 -3.931725963736165340e+03
2.832000000000000073e-01 -3.933846812038406824e+03
2.832999999999999963e-01 -3.935976712918783505e+03
2.834000000000000408e-01 -3.938116715755239056e+03
2.835000000000000298e-01 -3.940262072399433237e+03
2.836000000000000187e-01 -3.942409641860821921e+03
2.837000000000000077e-01 -3.944557297741604543e+03
2.837999999999999967e-01 -3.946703422245267575e+03
2.839000000000000412e-01 -3.948846477730658080e+03
2.840000000000000302e-01 -3.950977796689860497e+03
2.841000000000000192e-01 -3.953095487164673614e+03
2.842000000000000082e-01 -3.955198674025259606e+03
2.842999999999999972e-01 -3.957287354225431955e+03
2.843999999999999861e-01 -3.959363120894662643e+03
2.845000000000000306e-01 -3.961425143697857948e+03
2.846000000000000196e-01 -3.963473531503774211e+03
2.847000000000000086e-01 -3.965515225612137783e+03
2.847999999999999976e-01 -3.967554808414764011e+03
2.848999999999999866e-01 -3.969590635584997472e+03
2.850000000000000311e-01 -3.971609007030962402e+03
2.851000000000000201e-01 -3.973608174361828333e+03
2.852000000000000091e-01 -3.975586601412933305e+03
2.852999999999999980e-01 -3.977550917158970606e+03
2.853999999999999870e-01 -3.979531289877405925e+03
2.855000000000000315e-01 -3.981526696432658809e+03
2.856000000000000205e-01 -3.983528591555842922e+03
2.857000000000000095e-01 -3.985533339455229452e+03
2.857999999999999985e-01 -3.987540075161096411e+03
2.858999999999999875e-01 -3.989548079415086249e+03
2.860000000000000320e-01 -3.991554642357692501e+03
2.861000000000000210e-01 -3.993555864202546218e+03
2.862000000000000099e-01 -3.995551932836468950e+03
2.862999999999999989e-01 -3.997543854818887212e+03
2.863999999999999879e-01 -3.999532479669042459e+03
2.865000000000000324e-01 -4.001518374068013145e+03
2.866000000000000214e-01 -4.003501869798556527e+03
2.867000000000000104e-01 -4.005483114391795880e+03
2.867999999999999994e-01 -4.007462135427800604e+03
2.868999999999999884e-01 -4.009438825003485363e+03
2.870000000000000329e-01 -4.011412007485190770e+03
2.871000000000000218e-01 -4.013379502301531829e+03
2.872000000000000108e-01 -4.015343926727456164e+03
2.872999999999999998e-01 -4.017301765274758509e+03
2.873999999999999888e-01 -4.019252528878725570e+03
2.875000000000000333e-01 -4.021198568572063778e+03
2.876000000000000223e-01 -4.023141205622006055e+03
2.877000000000000113e-01 -4.025081256642144581e+03
2.878000000000000003e-01 -4.027019229054484185e+03
2.878999999999999893e-01 -4.028955422015441854e+03
2.880000000000000338e-01 -4.030889974345229348e+03
2.881000000000000227e-01 -4.032822949878379404e+03
2.882000000000000117e-01 -4.034754373721051707e+03
2.883000000000000007e-01 -4.036684236056311875e+03
2.883999999999999897e-01 -4.038612496152577933e+03
2.885000000000000342e-01 -4.040539086189788122e+03
2.886000000000000232e-01 -4.042463913011861223e+03
2.887000000000000122e-01 -4.044386861403292642e+03
2.888000000000000012e-01 -4.046308709842704502e+03
2.888999999999999901e-01 -4.048228690386848029e+03
2.890000000000000346e-01 -4.050145807375076856e+03
2.891000000000000236e-01 -4.052058681868906206e+03
2.892000000000000126e-01 -4.053963372332461859e+03
2.893000000000000016e-01 -4.055858379937332757e+03
2.893999999999999906e-01 -4.057744513858034225e+03
2.895000000000000351e-01 -4.059627262523005356e+03
2.896000000000000241e-01 -4.061514873966840696e+03
2.897000000000000131e-01 -4.063410060530999544e+03
2.898000000000000020e-01 -4.065386238831043102e+03
2.898999999999999910e-01 -4.067456152257985650e+03
2.900000000000000355e-01 -4.069522020021496246e+03
2.901000000000000245e-01 -4.071526686134639931e+03
2.902000000000000135e-01 -4.073471348773768113e+03
2.903000000000000025e-01 -4.075374020676058535e+03
2.903999999999999915e-01 -4.077253284049639660e+03
2.905000000000000360e-01 -4.079122214696167703e+03
2.906000000000000250e-01 -4.080988320421565277e+03
2.907000000000000139e-01 -4.082858589937152374e+03
2.908000000000000029e-01 -4.084737980806640280e+03
2.908999999999999919e-01 -4.086634999559546486e+03
2.910000000000000364e-01 -4.088555298348373526e+03
2.911000000000000254e-01 -4.090482500767703186e+03
2.912000000000000144e-01 -4.092415669313372746e+03
2.913000000000000034e-01 -4.094335861036517144e+03
2.913999999999999924e-01 -4.096262383901016619e+03
2.915000000000000369e-01 -4.098229052218846846e+03
2.916000000000000258e-01 -4.100222897099536567e+03
2.917000000000000148e-01 -4.102212468714269562e+03
2.918000000000000038e-01 -4.104169106145055594e+03
2.918999999999999928e-01 -4.106075499706998016e+03
2.920000000000000373e-01 -4.107925231994412570e+03
2.921000000000000263e-01 -4.109718312956007139e+03
2.922000000000000153e-01 -4.111461756074975710e+03
2.923000000000000043e-01 -4.113164066787587217e+03
2.923999999999999932e-01 -4.114825352999193456e+03
2.925000000000000377e-01 -4.116438374928851772e+03
2.926000000000000267e-01 -4.117993932091154420e+03
2.927000000000000157e-01 -4.119473228085921619e+03
2.928000000000000047e-01 -4.120846856306076006e+03
2.928999999999999937e-01 -4.122085367614904499e+03
2.930000000000000382e-01 -4.123164890241501780e+03
2.931000000000000272e-01 -4.124067559588243057e+03
2.932000000000000162e-01 -4.124779851578384296e+03
2.933000000000000052e-01 -4.125291927094137463e+03
2.933999999999999941e-01 -4.125563629590232267e+03
2.935000000000000386e-01 -4.125587722010358448e+03
2.936000000000000276e-01 -4.125411074455540984e+03
2.937000000000000166e-01 -4.125075397263703962e+03
2.938000000000000056e-01 -4.124579967349986873e+03
2.938999999999999946e-01 -4.123897373647309905e+03
2.940000000000000391e-01 -4.123029717549230554e+03
2.941000000000000281e-01 -4.122034495702326240e+03
2.942000000000000171e-01 -4.121002446325190249e+03
2.943000000000000060e-01 -4.119922299416503847e+03
2.943999999999999950e-01 -4.118913965477267993e+03
2.945000000000000395e-01 -4.118401868370588090e+03
2.946000000000000285e-01 -4.118534551649378045e+03
2.947000000000000175e-01 -4.119231995725487650e+03
2.948000000000000065e-01 -4.120403785460683139e+03
2.948999999999999955e-01 -4.121951001303109479e+03
2.950000000000000400e-01 -4.123812553440383454e+03
2.951000000000000290e-01 -4.125962968732829722e+03
2.952000000000000179e-01 -4.128325300852093278e+03
2.953000000000000069e-01 -4.130778475237285420e+03
2.953999999999999959e-01 -4.133160888896714823e+03
2.955000000000000404e-01 -4.135414266692535421e+03
2.956000000000000294e-01 -4.137568110439178781e+03
2.957000000000000184e-01 -4.139598024855420590e+03
2.958000000000000074e-01 -4.141480213294523310e+03
2.958999999999999964e-01 -4.143301543815957302e+03
2.960000000000000409e-01 -4.145103016908122299e+03
2.961000000000000298e-01 -4.146911870719350190e+03
2.962000000000000188e-01 -4.148741994042017723e+03
2.963000000000000078e-01 -4.150595078684277723e+03
2.963999999999999968e-01 -4.152489166031562490e+03
2.965000000000000413e-01 -4.154466392189645376e+03
2.966000000000000303e-01 -4.156500558044850550e+03
2.967000000000000193e-01 -4.158545792045727467e+03
2.968000000000000083e-01 -4.160588223479752742e+03
2.968999999999999972e-01 -4.162614211070099373e+03
2.970000000000000417e-01 -4.164610542823138530e+03
2.971000000000000307e-01 -4.166572707388390882e+03
2.972000000000000197e-01 -4.168500058748582887e+03
2.973000000000000087e-01 -4.170398593745816470e+03
2.973999999999999977e-01 -4.172283251092959290e+03
2.974999999999999867e-01 -4.174184872933205952e+03
2.976000000000000312e-01 -4.176091277445355445e+03
2.977000000000000202e-01 -4.178018488146471100e+03
2.978000000000000091e-01 -4.179982800571957341e+03
2.978999999999999981e-01 -4.181964193855107624e+03
2.979999999999999871e-01 -4.184001903257995764e+03
2.981000000000000316e-01 -4.186095395294245463e+03
2.982000000000000206e-01 -4.188217103434166347e+03
2.983000000000000096e-01 -4.190313008300713591e+03
2.983999999999999986e-01 -4.192369831067601808e+03
2.984999999999999876e-01 -4.194381321390337689e+03
2.986000000000000321e-01 -4.196356210765641663e+03
2.987000000000000210e-01 -4.198311188828680315e+03
2.988000000000000100e-01 -4.200261377407276996e+03
2.988999999999999990e-01 -4.202219403617544231e+03
2.989999999999999880e-01 -4.204190290591581288e+03
2.991000000000000325e-01 -4.206173567575752713e+03
2.992000000000000215e-01 -4.208167208428654703e+03
2.993000000000000105e-01 -4.210181655282576685e+03
2.993999999999999995e-01 -4.212201497082585774e+03
2.994999999999999885e-01 -4.214223868838320413e+03
2.996000000000000330e-01 -4.216255061054480393e+03
2.997000000000000219e-01 -4.218297086235897041e+03
2.998000000000000109e-01 -4.220351938453340154e+03
2.998999999999999999e-01 -4.222418125594239427e+03
2.999999999999999889e-01 -4.224492164495008183e+03
3.001000000000000334e-01 -4.228397326770438667e+03
3.002000000000000224e-01 -4.233678626604860256e+03
3.003000000000000114e-01 -4.239383918464017370e+03
3.004000000000000004e-01 -4.245393619281178871e+03
3.004999999999999893e-01 -4.252032033066411714e+03
3.006000000000000338e-01 -4.259532839949903064e+03
3.007000000000000228e-01 -4.267786444056840082e+03
3.008000000000000118e-01 -4.276380440415915473e+03
3.009000000000000008e-01 -4.284320159868275368e+03
3.009999999999999898e-01 -4.291233073944751595e+03
3.011000000000000343e-01 -4.297543173797986128e+03
3.012000000000000233e-01 -4.302709708666135157e+03
3.013000000000000123e-01 -4.306956707862985240e+03
3.014000000000000012e-01 -4.310428707984827270e+03
3.014999999999999902e-01 -4.313227655083666832e+03
3.016000000000000347e-01 -4.315515395260409605e+03
3.017000000000000237e-01 -4.317392955808768420e+03
3.018000000000000127e-01 -4.318976133792410110e+03
3.019000000000000017e-01 -4.320388232522554972e+03
3.019999999999999907e-01 -4.321875248836227911e+03
3.021000000000000352e-01 -4.323485213871273118e+03
3.022000000000000242e-01 -4.325541830247748294e+03
3.023000000000000131e-01 -4.328365181095963635e+03
3.024000000000000021e-01 -4.331398458366850718e+03
3.024999999999999911e-01 -4.333932390897108235e+03
3.026000000000000356e-01 -4.335907035554300819e+03
3.027000000000000246e-01 -4.337465205918823813e+03
3.028000000000000136e-01 -4.338736619597794743e+03
3.029000000000000026e-01 -4.339784704361677541e+03
3.029999999999999916e-01 -4.340602006802404503e+03
3.031000000000000361e-01 -4.341177147781615531e+03
3.032000000000000250e-01 -4.341522250673253438e+03
3.033000000000000140e-01 -4.341652288817845147e+03
3.034000000000000030e-01 -4.341575611800176375e+03
3.034999999999999920e-01 -4.341345342575868926e+03
3.036000000000000365e-01 -4.340992764184451516e+03
3.037000000000000255e-01 -4.340498047514121936e+03
3.038000000000000145e-01 -4.339846783230151232e+03
3.039000000000000035e-01 -4.338986309053662808e+03
3.039999999999999925e-01 -4.337970504368821821e+03
3.041000000000000369e-01 -4.336897462366247964e+03
3.042000000000000259e-01 -4.335771960307278277e+03
3.043000000000000149e-01 -4.334703394486631623e+03
3.044000000000000039e-01 -4.333952994631779802e+03
3.044999999999999929e-01 -4.333851968047008995e+03
3.046000000000000374e-01 -4.334361033495638367e+03
3.047000000000000264e-01 -4.335413510008694175e+03
3.048000000000000154e-01 -4.336944014732733194e+03
3.049000000000000044e-01 -4.338809792250949613e+03
3.049999999999999933e-01 -4.340913867815818776e+03
3.051000000000000378e-01 -4.343186492895425545e+03
3.052000000000000268e-01 -4.345535502714724316e+03
3.053000000000000158e-01 -4.347854368792086461e+03
3.054000000000000048e-01 -4.350136697400697813e+03
3.054999999999999938e-01 -4.352320900588022596e+03
3.056000000000000383e-01 -4.354384755308022250e+03
3.057000000000000273e-01 -4.356345893284778867e+03
3.058000000000000163e-01 -4.358237727574695782e+03
3.059000000000000052e-01 -4.360071821873818408e+03
3.059999999999999942e-01 -4.361939912005907900e+03
3.061000000000000387e-01 -4.363837973914959548e+03
3.062000000000000277e-01 -4.365762996193089748e+03
3.063000000000000167e-01 -4.367742391086576390e+03
3.064000000000000057e-01 -4.369810724234028385e+03
3.064999999999999947e-01 -4.371939010107116701e+03
3.066000000000000392e-01 -4.374088185305617117e+03
3.067000000000000282e-01 -4.376229316604564701e+03
3.068000000000000171e-01 -4.378344170718950409e+03
3.069000000000000061e-01 -4.380423270549922563e+03
3.069999999999999951e-01 -4.382463732481986881e+03
3.071000000000000396e-01 -4.384467722759062781e+03
3.072000000000000286e-01 -4.386439687987352045e+03
3.073000000000000176e-01 -4.388386878737101142e+03
3.074000000000000066e-01 -4.390317495767967557e+03
3.074999999999999956e-01 -4.392239873071578586e+03
3.076000000000000401e-01 -4.394171700799483915e+03
3.077000000000000290e-01 -4.396126010558474263e+03
3.078000000000000180e-01 -4.398105378349915554e+03
3.079000000000000070e-01 -4.400114436374644356e+03
3.079999999999999960e-01 -4.402151155864939938e+03
3.081000000000000405e-01 -4.404202118594555941e+03
3.082000000000000295e-01 -4.406302086455901190e+03
3.083000000000000185e-01 -4.408437441628881970e+03
3.084000000000000075e-01 -4.410562917139761339e+03
3.084999999999999964e-01 -4.412661853083999631e+03
3.086000000000000409e-01 -4.414727591556697917e+03
3.087000000000000299e-01 -4.416763845392914845e+03
3.088000000000000189e-01 -4.418779332699774386e+03
3.089000000000000079e-01 -4.420782821352830069e+03
3.089999999999999969e-01 -4.422780895768092705e+03
3.091000000000000414e-01 -4.424777795055391834e+03
3.092000000000000304e-01 -4.426776746628108413e+03
3.093000000000000194e-01 -4.428782319946623829e+03
3.094000000000000083e-01 -4.430794980158499129e+03
3.094999999999999973e-01 -4.432813161738073177e+03
3.096000000000000418e-01 -4.434835932330600372e+03
3.097000000000000308e-01 -4.436862650333836427e+03
3.098000000000000198e-01 -4.438894200227987312e+03
3.099000000000000088e-01 -4.440930180944967105e+03
3.099999999999999978e-01 -4.442966695688542131e+03
3.101000000000000423e-01 -4.445016147711033227e+03
3.102000000000000313e-01 -4.447115219548566529e+03
3.103000000000000203e-01 -4.449269524118883055e+03
3.104000000000000092e-01 -4.451470275665337795e+03
3.104999999999999982e-01 -4.453707840643432974e+03
3.105999999999999872e-01 -4.455970497786821397e+03
3.107000000000000317e-01 -4.458198485190537212e+03
3.108000000000000207e-01 -4.460235330277457251e+03
3.109000000000000097e-01 -4.462250154397777806e+03
3.109999999999999987e-01 -4.464322747776455799e+03
3.110999999999999877e-01 -4.466462878684270436e+03
3.112000000000000322e-01 -4.468659702409253441e+03
3.113000000000000211e-01 -4.470836822422820660e+03
3.114000000000000101e-01 -4.472880462427571729e+03
3.114999999999999991e-01 -4.474923840034214663e+03
3.115999999999999881e-01 -4.477020952714568011e+03
3.117000000000000326e-01 -4.479176590384874544e+03
3.118000000000000216e-01 -4.481380492426668752e+03
3.119000000000000106e-01 -4.483618435103918273e+03
3.119999999999999996e-01 -4.485887107911529711e+03
3.120999999999999885e-01 -4.488196358869754476e+03
3.122000000000000330e-01 -4.490540573044507255e+03
3.123000000000000220e-01 -4.492905033297648515e+03
3.124000000000000110e-01 -4.495275628080428760e+03
3.125000000000000000e-01 -4.497643819674069164e+03
3.125999999999999890e-01 -4.500003708135825036e+03
3.127000000000000335e-01 -4.502346021075838507e+03
3.128000000000000225e-01 -4.504671647636820126e+03
3.129000000000000115e-01 -4.506986440681198474e+03
3.130000000000000004e-01 -4.509294781119335312e+03
3.130999999999999894e-01 -4.511600454806182825e+03
3.132000000000000339e-01 -4.513906349487946500e+03
3.133000000000000229e-01 -4.516214375821183239e+03
3.134000000000000119e-01 -4.518522657280918793e+03
3.135000000000000009e-01 -4.520829948233557843e+03
3.135999999999999899e-01 -4.523138708289124224e+03
3.137000000000000344e-01 -4.525451350912258931e+03
3.138000000000000234e-01 -4.527769447696731731e+03
3.139000000000000123e-01 -4.530094203324002592e+03
3.140000000000000013e-01 -4.532428782217638400e+03
3.140999999999999903e-01 -4.534774480372369908e+03
3.142000000000000348e-01 -4.537130395269908149e+03
3.143000000000000238e-01 -4.539495059473589208e+03
3.144000000000000128e-01 -4.541867207082552341e+03
3.145000000000000018e-01 -4.544246351232881352e+03
3.145999999999999908e-01 -4.546631087637831115e+03
3.147000000000000353e-01 -4.549020159004041489e+03
3.148000000000000242e-01 -4.551412822103510734e+03
3.149000000000000132e-01 -4.553808462281638640e+03
3.150000000000000022e-01 -4.556206589066654487e+03
3.150999999999999912e-01 -4.558606927775433178e+03
3.152000000000000357e-01 -4.561009441791125028e+03
3.153000000000000247e-01 -4.563414289175698286e+03
3.154000000000000137e-01 -4.565821754631906515e+03
3.155000000000000027e-01 -4.568232198816159325e+03
3.155999999999999917e-01 -4.570646067611816761e+03
3.157000000000000361e-01 -4.573064306704512092e+03
3.158000000000000251e-01 -4.575490328034224149e+03
3.159000000000000141e-01 -4.577926951272094811e+03
3.160000000000000031e-01 -4.580377994283525368e+03
3.160999999999999921e-01 -4.582849461474148484e+03
3.162000000000000366e-01 -4.585342692042742783e+03
3.163000000000000256e-01 -4.587856890791556907e+03
3.164000000000000146e-01 -4.590391103055606436e+03
3.165000000000000036e-01 -4.592944899166442156e+03
3.165999999999999925e-01 -4.595518435352629240e+03
3.167000000000000370e-01 -4.598112283709296207e+03
3.168000000000000260e-01 -4.600727251067327416e+03
3.169000000000000150e-01 -4.603364301874498778e+03
3.170000000000000040e-01 -4.606024655942595018e+03
3.170999999999999930e-01 -4.608710222786072336e+03
3.172000000000000375e-01 -4.611428851259585826e+03
3.173000000000000265e-01 -4.614205150914680416e+03
3.174000000000000155e-01 -4.617058060876206582e+03
3.175000000000000044e-01 -4.619998696120992463e+03
3.175999999999999934e-01 -4.623037623673164489e+03
3.177000000000000379e-01 -4.626188086819846831e+03
3.178000000000000269e-01 -4.629455774407692843e+03
3.179000000000000159e-01 -4.632842047629771514e+03
3.180000000000000049e-01 -4.636348539261342012e+03
3.180999999999999939e-01 -4.639977310019662582e+03
3.182000000000000384e-01 -4.643734607729591517e+03
3.183000000000000274e-01 -4.647649987292423248e+03
3.184000000000000163e-01 -4.651765698080599577e+03
3.185000000000000053e-01 -4.656110273972521099e+03
3.185999999999999943e-01 -4.660667311472866459e+03
3.187000000000000388e-01 -4.665516028394391469e+03
3.188000000000000278e-01 -4.670695332530123778e+03
3.189000000000000168e-01 -4.676288093126802778e+03
3.190000000000000058e-01 -4.682360718121874015e+03
3.190999999999999948e-01 -4.688785017029830669e+03
3.192000000000000393e-01 -4.695344700919964453e+03
3.193000000000000282e-01 -4.700228693414271220e+03
3.194000000000000172e-01 -4.702853525056296348e+03
3.195000000000000062e-01 -4.704797475174563260e+03
3.195999999999999952e-01 -4.706532211824352999e+03
3.197000000000000397e-01 -4.708263158316512090e+03
3.198000000000000287e-01 -4.710106996957585579e+03
3.199000000000000177e-01 -4.712064473547122361e+03
3.200000000000000067e-01 -4.714086675515098250e+03
3.200999999999999956e-01 -4.716167716825569187e+03
3.202000000000000401e-01 -4.718310969452530117e+03
3.203000000000000291e-01 -4.720513164152908757e+03
3.204000000000000181e-01 -4.722767146530507489e+03
3.205000000000000071e-01 -4.725060267993138041e+03
3.205999999999999961e-01 -4.727383576974762036e+03
3.207000000000000406e-01 -4.729733367210029428e+03
3.208000000000000296e-01 -4.732199455892702645e+03
3.209000000000000186e-01 -4.734957547730151418e+03
3.210000000000000075e-01 -4.738449860812652332e+03
3.210999999999999965e-01 -4.742738828493063011e+03
3.212000000000000410e-01 -4.747060255219892497e+03
3.213000000000000300e-01 -4.750719095193919202e+03
3.214000000000000190e-01 -4.753790849847340723e+03
3.215000000000000080e-01 -4.756504483127491767e+03
3.215999999999999970e-01 -4.759016835034782162e+03
3.217000000000000415e-01 -4.761421838949881931e+03
3.218000000000000305e-01 -4.763774271091827359e+03
3.219000000000000195e-01 -4.766101166471251418e+03
3.220000000000000084e-01 -4.768414533370907520e+03
3.220999999999999974e-01 -4.770719643671902304e+03
3.222000000000000419e-01 -4.773018699668270528e+03
3.223000000000000309e-01 -4.775311730883462587e+03
3.224000000000000199e-01 -4.777598732464095519e+03
3.225000000000000089e-01 -4.779881606633794036e+03
3.225999999999999979e-01 -4.782163615413305706e+03
3.227000000000000424e-01 -4.784446038119255718e+03
3.228000000000000314e-01 -4.786728885649750737e+03
3.229000000000000203e-01 -4.789013741539044531e+03
3.230000000000000093e-01 -4.791302581319927413e+03
3.230999999999999983e-01 -4.793594776623634971e+03
3.232000000000000428e-01 -4.795889124929825812e+03
3.233000000000000318e-01 -4.798182078174989329e+03
3.234000000000000208e-01 -4.800472375829622251e+03
3.235000000000000098e-01 -4.802762620625514501e+03
3.235999999999999988e-01 -4.805050748370456859e+03
3.237000000000000433e-01 -4.807334905470905142e+03
3.238000000000000322e-01 -4.809615252084759959e+03
3.239000000000000212e-01 -4.811892595051952412e+03
3.240000000000000102e-01 -4.814167753409727084e+03
3.240999999999999992e-01 -4.816441399164777067e+03
3.241999999999999882e-01 -4.818714061780592601e+03
3.243000000000000327e-01 -4.820986165604768757e+03
3.244000000000000217e-01 -4.823258059169345870e+03
3.245000000000000107e-01 -4.825530029578918402e+03
3.245999999999999996e-01 -4.827802305866760435e+03
3.246999999999999886e-01 -4.830075057112441755e+03
3.248000000000000331e-01 -4.832348390045151973e+03
3.249000000000000221e-01 -4.834623034865174304e+03
3.250000000000000111e-01 -4.836898695989117186e+03
3.251000000000000001e-01 -4.839173144992189918e+03
3.251999999999999891e-01 -4.841447611204335772e+03
3.253000000000000336e-01 -4.843722532934777519e+03
3.254000000000000226e-01 -4.845997835118160765e+03
3.255000000000000115e-01 -4.848275116193502981e+03
3.256000000000000005e-01 -4.850553740138419016e+03
3.256999999999999895e-01 -4.852828515539899854e+03
3.258000000000000340e-01 -4.855102242217603816e+03
3.259000000000000230e-01 -4.857375600640953962e+03
3.260000000000000120e-01 -4.859648585302019455e+03
3.261000000000000010e-01 -4.861921065948119576e+03
3.261999999999999900e-01 -4.864192655722822565e+03
3.263000000000000345e-01 -4.866463737406601467e+03
3.264000000000000234e-01 -4.868734349115040459e+03
3.265000000000000124e-01 -4.871004252927546986e+03
3.266000000000000014e-01 -4.873273420700389579e+03
3.266999999999999904e-01 -4.875541901537246304e+03
3.268000000000000349e-01 -4.877809801000976222e+03
3.269000000000000239e-01 -4.880077198119114655e+03
3.270000000000000129e-01 -4.882342982387691336e+03
3.271000000000000019e-01 -4.884605385743016086e+03
3.271999999999999909e-01 -4.886864271447570900e+03
3.273000000000000353e-01 -4.889120442446301240e+03
3.274000000000000243e-01 -4.891374719087816629e+03
3.275000000000000133e-01 -4.893627681650601517e+03
3.276000000000000023e-01 -4.895879723125240162e+03
3.276999999999999913e-01 -4.898131098066596678e+03
3.278000000000000358e-01 -4.900381967355543566e+03
3.279000000000000248e-01 -4.902632435611960318e+03
3.280000000000000138e-01 -4.904882569052711005e+03
3.281000000000000028e-01 -4.907132413824446303e+03
3.281999999999999917e-01 -4.909382005166578892e+03
3.283000000000000362e-01 -4.911631372270933753e+03
3.284000000000000252e-01 -4.913880541001520214e+03
3.285000000000000142e-01 -4.916129535423100606e+03
3.286000000000000032e-01 -4.918378076258169131e+03
3.286999999999999922e-01 -4.920624929017376417e+03
3.288000000000000367e-01 -4.922868698085560936e+03
3.289000000000000257e-01 -4.925109279669602074e+03
3.290000000000000147e-01 -4.927346521100373138e+03
3.291000000000000036e-01 -4.929578561670401541e+03
3.291999999999999926e-01 -4.931803893866618637e+03
3.293000000000000371e-01 -4.934022193973553840e+03
3.294000000000000261e-01 -4.936234846757085506e+03
3.295000000000000151e-01 -4.938443395835661249e+03
3.296000000000000041e-01 -4.940649055220957962e+03
3.296999999999999931e-01 -4.942852683537869780e+03
3.298000000000000376e-01 -4.945054414084067503e+03
3.299000000000000266e-01 -4.947255516480193364e+03
3.300000000000000155e-01 -4.949456037971524893e+03
3.301000000000000045e-01 -4.951643364401930739e+03
3.301999999999999935e-01 -4.953791991052869889e+03
3.303000000000000380e-01 -4.955905279989617156e+03
3.304000000000000270e-01 -4.957992065161342907e+03
3.305000000000000160e-01 -4.960059565544928773e+03
3.306000000000000050e-01 -4.962112940054438695e+03
3.306999999999999940e-01 -4.964155780480076828e+03
3.308000000000000385e-01 -4.966190567167551308e+03
3.309000000000000274e-01 -4.968218888069888635e+03
3.310000000000000164e-01 -4.970241337200288399e+03
3.311000000000000054e-01 -4.972258408037598201e+03
3.311999999999999944e-01 -4.974271049824727925e+03
3.313000000000000389e-01 -4.976280147419533932e+03
3.314000000000000279e-01 -4.978286306247880930e+03
3.315000000000000169e-01 -4.980289848601873018e+03
3.316000000000000059e-01 -4.982290517918259866e+03
3.316999999999999948e-01 -4.984288034104773033e+03
3.318000000000000393e-01 -4.986282551457655245e+03
3.319000000000000283e-01 -4.988274254303378257e+03
3.320000000000000173e-01 -4.990262907789908240e+03
3.321000000000000063e-01 -4.992247982978932669e+03
3.321999999999999953e-01 -4.994229548525107020e+03
3.323000000000000398e-01 -4.996207898886275871e+03
3.324000000000000288e-01 -4.998183248410769920e+03
3.325000000000000178e-01 -5.000155480430850730e+03
3.326000000000000068e-01 -5.002122755967971898e+03
3.326999999999999957e-01 -5.004084093059394945e+03
3.328000000000000402e-01 -5.006040320415791939e+03
3.329000000000000292e-01 -5.007992442935292274e+03
3.330000000000000182e-01 -5.009941291774503952e+03
3.331000000000000072e-01 -5.011887396343713590e+03
3.331999999999999962e-01 -5.013831417445928309e+03
3.333000000000000407e-01 -5.015774763455233369e+03
3.334000000000000297e-01 -5.017716663844297727e+03
3.335000000000000187e-01 -5.019657899451141020e+03
3.336000000000000076e-01 -5.021598506154320603e+03
3.336999999999999966e-01 -5.023538337371875969e+03
3.338000000000000411e-01 -5.025477323401654758e+03
3.339000000000000301e-01 -5.027416168495382408e+03
3.340000000000000191e-01 -5.029353654587206620e+03
3.341000000000000081e-01 -5.031289677540962657e+03
3.341999999999999971e-01 -5.033226205250552994e+03
3.343000000000000416e-01 -5.035160732012795052e+03
3.344000000000000306e-01 -5.037093875609681163e+03
3.345000000000000195e-01 -5.039027373045259992e+03
3.346000000000000085e-01 -5.040964010609081924e+03
3.346999999999999975e-01 -5.042902447179137198e+03
3.348000000000000420e-01 -5.044856448392971288e+03
3.349000000000000310e-01 -5.046826327787530317e+03
3.350000000000000200e-01 -5.048809545825741225e+03
3.351000000000000090e-01 -5.050801233858898740e+03
3.351999999999999980e-01 -5.052796239302731010e+03
3.353000000000000425e-01 -5.054798346664736528e+03
3.354000000000000314e-01 -5.056804976184017505e+03
3.355000000000000204e-01 -5.058816197418810589e+03
3.356000000000000094e-01 -5.060824508877658445e+03
3.356999999999999984e-01 -5.062823214720593569e+03
3.358000000000000429e-01 -5.064811981526258933e+03
3.359000000000000319e-01 -5.066793366830528612e+03
3.360000000000000209e-01 -5.068771010410669987e+03
3.361000000000000099e-01 -5.070746935618764837e+03
3.361999999999999988e-01 -5.072722462835825354e+03
3.363000000000000433e-01 -5.074700119324583284e+03
3.364000000000000323e-01 -5.076681889389979915e+03
3.365000000000000213e-01 -5.078671416498456892e+03
3.366000000000000103e-01 -5.080670912868702544e+03
3.366999999999999993e-01 -5.082675482885980273e+03
3.368000000000000438e-01 -5.084678428710163644e+03
3.369000000000000328e-01 -5.086675727173086671e+03
3.370000000000000218e-01 -5.088666357371628692e+03
3.371000000000000107e-01 -5.090651267114676557e+03
3.371999999999999997e-01 -5.092632372024337201e+03
3.372999999999999887e-01 -5.094610877500650531e+03
3.374000000000000332e-01 -5.096584708379969015e+03
3.375000000000000222e-01 -5.098551428616197882e+03
3.376000000000000112e-01 -5.100511689928423039e+03
3.377000000000000002e-01 -5.102466835932381400e+03
3.377999999999999892e-01 -5.104417548446072942e+03
3.379000000000000337e-01 -5.106363892692324043e+03
3.380000000000000226e-01 -5.108305711932039230e+03
3.381000000000000116e-01 -5.110242884381454132e+03
3.382000000000000006e-01 -5.112175243131024217e+03
3.382999999999999896e-01 -5.114102883813024164e+03
3.384000000000000341e-01 -5.116026388365443381e+03
3.385000000000000231e-01 -5.117948371806760406e+03
3.386000000000000121e-01 -5.119869080212993140e+03
3.387000000000000011e-01 -5.121787400925130896e+03
3.387999999999999901e-01 -5.123703379637042417e+03
3.389000000000000346e-01 -5.125617173811597240e+03
3.390000000000000235e-01 -5.127528893954875457e+03
3.391000000000000125e-01 -5.129438601301641938e+03
3.392000000000000015e-01 -5.131346346942253149e+03
3.392999999999999905e-01 -5.133252213256686446e+03
3.394000000000000350e-01 -5.135156333526109847e+03
3.395000000000000240e-01 -5.137069161030447503e+03
3.396000000000000130e-01 -5.138979509721597424e+03
3.397000000000000020e-01 -5.140878508395014251e+03
3.397999999999999909e-01 -5.142776800226933119e+03
3.399000000000000354e-01 -5.144694521197545328e+03
3.400000000000000244e-01 -5.146644675425856803e+03
3.401000000000000134e-01 -5.148630049620208410e+03
3.402000000000000024e-01 -5.150632420649893902e+03
3.402999999999999914e-01 -5.152630264143714157e+03
3.404000000000000359e-01 -5.154613053758979731e+03
3.405000000000000249e-01 -5.156581465549107634e+03
3.406000000000000139e-01 -5.158540623816182233e+03
3.407000000000000028e-01 -5.160496079956299582e+03
3.407999999999999918e-01 -5.162451966428576270e+03
3.409000000000000363e-01 -5.164410931168355091e+03
3.410000000000000253e-01 -5.166374889586161771e+03
3.411000000000000143e-01 -5.168344220342737572e+03
3.412000000000000033e-01 -5.170315828265986056e+03
3.412999999999999923e-01 -5.172285182748598345e+03
3.414000000000000368e-01 -5.174248929725021299e+03
3.415000000000000258e-01 -5.176206346346407372e+03
3.416000000000000147e-01 -5.178157802297366288e+03
3.417000000000000037e-01 -5.180099956892053342e+03
3.417999999999999927e-01 -5.182027468433348076e+03
3.419000000000000372e-01 -5.183936938981748426e+03
3.420000000000000262e-01 -5.185827423410485608e+03
3.421000000000000152e-01 -5.187700198845081104e+03
3.422000000000000042e-01 -5.189560783517610616e+03
3.422999999999999932e-01 -5.191409081485949173e+03
3.424000000000000377e-01 -5.193237149469115138e+03
3.425000000000000266e-01 -5.195043731785331147e+03
3.426000000000000156e-01 -5.196833154037071836e+03
3.427000000000000046e-01 -5.198608857278751202e+03
3.427999999999999936e-01 -5.200371140202292736e+03
3.429000000000000381e-01 -5.202109228239326512e+03
3.430000000000000271e-01 -5.203806255477850755e+03
3.431000000000000161e-01 -5.205438354184440868e+03
3.432000000000000051e-01 -5.206983026660067480e+03
3.432999999999999940e-01 -5.208419967584851292e+03
3.434000000000000385e-01 -5.209729775600825633e+03
3.435000000000000275e-01 -5.210893617078551870e+03
3.436000000000000165e-01 -5.211893038895344944e+03
3.437000000000000055e-01 -5.212708039071716485e+03
3.437999999999999945e-01 -5.213320216854645878e+03
3.439000000000000390e-01 -5.213721969341729164e+03
3.440000000000000280e-01 -5.213946223115803150e+03
3.441000000000000170e-01 -5.214010190456643613e+03
3.442000000000000060e-01 -5.213924995108975054e+03
3.442999999999999949e-01 -5.213674792843989053e+03
3.444000000000000394e-01 -5.213263517445353500e+03
3.445000000000000284e-01 -5.212711569454677374e+03
3.446000000000000174e-01 -5.212113944006867314e+03
3.447000000000000064e-01 -5.211504242852269272e+03
3.447999999999999954e-01 -5.210866699213225729e+03
3.449000000000000399e-01 -5.210204066903789681e+03
3.450000000000000289e-01 -5.209626810755184124e+03
3.451000000000000179e-01 -5.209225193850252253e+03
3.452000000000000068e-01 -5.209169433852915063e+03
3.452999999999999958e-01 -5.209622736687632823e+03
3.454000000000000403e-01 -5.210514347021503454e+03
3.455000000000000293e-01 -5.211823311321591973e+03
3.456000000000000183e-01 -5.213412691085962251e+03
3.457000000000000073e-01 -5.215167554828954962e+03
3.457999999999999963e-01 -5.217014633938428233e+03
3.459000000000000408e-01 -5.218932740512726014e+03
3.460000000000000298e-01 -5.220900311318204331e+03
3.461000000000000187e-01 -5.222889310086403384e+03
3.462000000000000077e-01 -5.224875251357478191e+03
3.462999999999999967e-01 -5.226897838214875264e+03
3.464000000000000412e-01 -5.229045907109023574e+03
3.465000000000000302e-01 -5.231245151183169583e+03
3.466000000000000192e-01 -5.233447541474030913e+03
3.467000000000000082e-01 -5.235631443978838433e+03
3.467999999999999972e-01 -5.237769046477656048e+03
3.469000000000000417e-01 -5.239909400051567900e+03
3.470000000000000306e-01 -5.242051864263423340e+03
3.471000000000000196e-01 -5.244180580031709724e+03
3.472000000000000086e-01 -5.246291720638821062e+03
3.472999999999999976e-01 -5.248383833412352033e+03
3.474000000000000421e-01 -5.250456585359978817e+03
3.475000000000000311e-01 -5.252509695227523480e+03
3.476000000000000201e-01 -5.254543148508304512e+03
3.477000000000000091e-01 -5.256557369935077986e+03
3.477999999999999980e-01 -5.258552889814543960e+03
3.479000000000000425e-01 -5.260531831365565267e+03
3.480000000000000315e-01 -5.262496467557860342e+03
3.481000000000000205e-01 -5.264448252871866316e+03
3.482000000000000095e-01 -5.266388478728074915e+03
3.482999999999999985e-01 -5.268318549564554814e+03
3.484000000000000430e-01 -5.270240041103998919e+03
3.485000000000000320e-01 -5.272154447727521074e+03
3.486000000000000210e-01 -5.274064279315502063e+03
3.487000000000000099e-01 -5.275971374711325552e+03
3.487999999999999989e-01 -5.277879464547543648e+03
3.489000000000000434e-01 -5.279788386526420254e+03
3.490000000000000324e-01 -5.281699460078819357e+03
3.491000000000000214e-01 -5.283619287465960042e+03
3.492000000000000104e-01 -5.285543528506383154e+03
3.492999999999999994e-01 -5.287479022810759488e+03
3.494000000000000439e-01 -5.289431400450356705e+03
3.495000000000000329e-01 -5.291399275703924104e+03
3.496000000000000218e-01 -5.293378222883628951e+03
3.497000000000000108e-01 -5.295366491637936633e+03
3.497999999999999998e-01 -5.297366390299202976e+03
3.499000000000000443e-01 -5.299379290694708288e+03
3.500000000000000333e-01 -5.301402430675034338e+03
3.501000000000000223e-01 -5.305219342608415900e+03
3.502000000000000113e-01 -5.310169860107850582e+03
3.503000000000000003e-01 -5.315362051455755136e+03
3.503999999999999893e-01 -5.320845210118706746e+03
3.505000000000000338e-01 -5.327020013974704852e+03
3.506000000000000227e-01 -5.334068412691138292e+03
3.507000000000000117e-01 -5.341917352825304988e+03
3.508000000000000007e-01 -5.350354335934175651e+03
3.508999999999999897e-01 -5.359231908196456061e+03
3.510000000000000342e-01 -5.368357691395694019e+03
3.511000000000000232e-01 -5.376744220357734775e+03
3.512000000000000122e-01 -5.382196151526753965e+03
3.513000000000000012e-01 -5.385399697618020582e+03
3.513999999999999901e-01 -5.387469397593800750e+03
3.515000000000000346e-01 -5.388986198138349209e+03
3.516000000000000236e-01 -5.390239567465282562e+03
3.517000000000000126e-01 -5.391332774772588891e+03
3.518000000000000016e-01 -5.392609933151227779e+03
3.518999999999999906e-01 -5.395118074815413820e+03
3.520000000000000351e-01 -5.398536121430980529e+03
3.521000000000000241e-01 -5.401301553247189077e+03
3.522000000000000131e-01 -5.403296256077764156e+03
3.523000000000000020e-01 -5.404858600134313747e+03
3.523999999999999910e-01 -5.406210543234708894e+03
3.525000000000000355e-01 -5.407466219596525661e+03
3.526000000000000245e-01 -5.408693427770323069e+03
3.527000000000000135e-01 -5.409926982571656481e+03
3.528000000000000025e-01 -5.411169024967878613e+03
3.528999999999999915e-01 -5.412405858825379255e+03
3.530000000000000360e-01 -5.413627378736682658e+03
3.531000000000000250e-01 -5.414827790081218154e+03
3.532000000000000139e-01 -5.415995874818593620e+03
3.533000000000000029e-01 -5.417112779164553103e+03
3.533999999999999919e-01 -5.418155487287544020e+03
3.535000000000000364e-01 -5.419106226653461817e+03
3.536000000000000254e-01 -5.419974993580876799e+03
3.537000000000000144e-01 -5.420761384337961317e+03
3.538000000000000034e-01 -5.421451247900757153e+03
3.538999999999999924e-01 -5.422032571557037045e+03
3.540000000000000369e-01 -5.422501439198603293e+03
3.541000000000000258e-01 -5.422857921638117659e+03
3.542000000000000148e-01 -5.423095241394843470e+03
3.543000000000000038e-01 -5.423215282768101133e+03
3.543999999999999928e-01 -5.423280429829341301e+03
3.545000000000000373e-01 -5.423331238340663731e+03
3.546000000000000263e-01 -5.423348166302177560e+03
3.547000000000000153e-01 -5.423320258259582261e+03
3.548000000000000043e-01 -5.423249961872015774e+03
3.548999999999999932e-01 -5.423165715458990235e+03
3.550000000000000377e-01 -5.423168188528890823e+03
3.551000000000000267e-01 -5.423348586526503823e+03
3.552000000000000157e-01 -5.423735634751026737e+03
3.553000000000000047e-01 -5.424439875863604357e+03
3.553999999999999937e-01 -5.425428695217186942e+03
3.555000000000000382e-01 -5.426693061804051467e+03
3.556000000000000272e-01 -5.428209012410537071e+03
3.557000000000000162e-01 -5.429905347641839398e+03
3.558000000000000052e-01 -5.431715728740365194e+03
3.558999999999999941e-01 -5.433599333745905824e+03
3.560000000000000386e-01 -5.435539387031955812e+03
3.561000000000000276e-01 -5.437519196536395611e+03
3.562000000000000166e-01 -5.439531750379343066e+03
3.563000000000000056e-01 -5.441597846272932657e+03
3.563999999999999946e-01 -5.443711515468537073e+03
3.565000000000000391e-01 -5.445844535159084444e+03
3.566000000000000281e-01 -5.447946186030956596e+03
3.567000000000000171e-01 -5.450060096697840891e+03
3.568000000000000060e-01 -5.452179811777579744e+03
3.568999999999999950e-01 -5.454290413760405499e+03
3.570000000000000395e-01 -5.456386751676895074e+03
3.571000000000000285e-01 -5.458468945252019694e+03
3.572000000000000175e-01 -5.460537711107042014e+03
3.573000000000000065e-01 -5.462593281513367401e+03
3.573999999999999955e-01 -5.464635586974141916e+03
3.575000000000000400e-01 -5.466664115531105381e+03
3.576000000000000290e-01 -5.468675885869056401e+03
3.577000000000000179e-01 -5.470674913360949176e+03
3.578000000000000069e-01 -5.472665205630176388e+03
3.578999999999999959e-01 -5.474650948113734557e+03
3.580000000000000404e-01 -5.476632943035313474e+03
3.581000000000000294e-01 -5.478611017975869800e+03
3.582000000000000184e-01 -5.480585099267280384e+03
3.583000000000000074e-01 -5.482555418387346435e+03
3.583999999999999964e-01 -5.484522479745873170e+03
3.585000000000000409e-01 -5.486486982670933685e+03
3.586000000000000298e-01 -5.488449512388126095e+03
3.587000000000000188e-01 -5.490411060292848560e+03
3.588000000000000078e-01 -5.492372654869845974e+03
3.588999999999999968e-01 -5.494335336148355964e+03
3.590000000000000413e-01 -5.496298519588260206e+03
3.591000000000000303e-01 -5.498260764928430945e+03
3.592000000000000193e-01 -5.500225114824373122e+03
3.593000000000000083e-01 -5.502193802007919658e+03
3.593999999999999972e-01 -5.504170309873989027e+03
3.595000000000000417e-01 -5.506147091817769251e+03
3.596000000000000307e-01 -5.508136341463702593e+03
3.597000000000000197e-01 -5.510131167457678202e+03
3.598000000000000087e-01 -5.512125083326027379e+03
3.598999999999999977e-01 -5.514117723661497621e+03
3.600000000000000422e-01 -5.516115522277436867e+03
3.601000000000000312e-01 -5.518137033501963742e+03
3.602000000000000202e-01 -5.520211128555296455e+03
3.603000000000000091e-01 -5.522339211974762293e+03
3.603999999999999981e-01 -5.524510925889607279e+03
3.605000000000000426e-01 -5.526714393267299783e+03
3.606000000000000316e-01 -5.528942071387602482e+03
3.607000000000000206e-01 -5.531188737199371644e+03
3.608000000000000096e-01 -5.533450779185302054e+03
3.608999999999999986e-01 -5.535726602245420509e+03
3.610000000000000431e-01 -5.538014546819667885e+03
3.611000000000000321e-01 -5.540312629738485157e+03
3.612000000000000210e-01 -5.542619148540376955e+03
3.613000000000000100e-01 -5.544933513543327535e+03
3.613999999999999990e-01 -5.547250661470476189e+03
3.615000000000000435e-01 -5.549571914729849595e+03
3.616000000000000325e-01 -5.551897161763056829e+03
3.617000000000000215e-01 -5.554225872752006580e+03
3.618000000000000105e-01 -5.556557621265037596e+03
3.618999999999999995e-01 -5.558892141148084193e+03
3.620000000000000440e-01 -5.561229287843417296e+03
3.621000000000000330e-01 -5.563568989213536952e+03
3.622000000000000219e-01 -5.565911204647811246e+03
3.623000000000000109e-01 -5.568255895603830140e+03
3.623999999999999999e-01 -5.570603103195767289e+03
3.625000000000000444e-01 -5.572952968256637178e+03
3.626000000000000334e-01 -5.575305406174195014e+03
3.627000000000000224e-01 -5.577660249485522399e+03
3.628000000000000114e-01 -5.580017338301561722e+03
3.629000000000000004e-01 -5.582376556343005177e+03
3.630000000000000449e-01 -5.584737720790611093e+03
3.631000000000000338e-01 -5.587100632233453325e+03
3.632000000000000228e-01 -5.589465104136646005e+03
3.633000000000000118e-01 -5.591830972114317774e+03
3.634000000000000008e-01 -5.594198098268115245e+03
3.634999999999999898e-01 -5.596566374312594235e+03
3.636000000000000343e-01 -5.598935724343268703e+03
3.637000000000000233e-01 -5.601306107548321052e+03
3.638000000000000123e-01 -5.603677521260451613e+03
3.639000000000000012e-01 -5.606050005110841084e+03
3.639999999999999902e-01 -5.608423647768355295e+03
3.641000000000000347e-01 -5.610798599409248709e+03
3.642000000000000237e-01 -5.613175097915899642e+03
3.643000000000000127e-01 -5.615553536977477052e+03
3.644000000000000017e-01 -5.617934979784129609e+03
3.644999999999999907e-01 -5.620323887437121812e+03
3.646000000000000352e-01 -5.622723241933467762e+03
3.647000000000000242e-01 -5.625133172903609193e+03
3.648000000000000131e-01 -5.627553228970078635e+03
3.649000000000000021e-01 -5.629983065590942715e+03
3.649999999999999911e-01 -5.632422538082783831e+03
3.651000000000000356e-01 -5.634871652226985134e+03
3.652000000000000246e-01 -5.637330537506058135e+03
3.653000000000000136e-01 -5.639797022560392179e+03
3.654000000000000026e-01 -5.642276384029149085e+03
3.654999999999999916e-01 -5.644775850323760096e+03
3.656000000000000361e-01 -5.647296021299745007e+03
3.657000000000000250e-01 -5.649833872036359026e+03
3.658000000000000140e-01 -5.652391172767212083e+03
3.659000000000000030e-01 -5.654967356632669180e+03
3.659999999999999920e-01 -5.657561855348066274e+03
3.661000000000000365e-01 -5.660175958057460775e+03
3.662000000000000255e-01 -5.662816990948873354e+03
3.663000000000000145e-01 -5.665492492337319163e+03
3.664000000000000035e-01 -5.668204181414959749e+03
3.664999999999999925e-01 -5.670943872877367539e+03
3.666000000000000369e-01 -5.673728511273696313e+03
3.667000000000000259e-01 -5.676564910363272247e+03
3.668000000000000149e-01 -5.679458032566939437e+03
3.669000000000000039e-01 -5.682410822716102302e+03
3.669999999999999929e-01 -5.685427203311725862e+03
3.671000000000000374e-01 -5.688518746761063994e+03
3.672000000000000264e-01 -5.691697293627771614e+03
3.673000000000000154e-01 -5.694970216537080887e+03
3.674000000000000044e-01 -5.698343376332330081e+03
3.674999999999999933e-01 -5.701809009846863773e+03
3.676000000000000378e-01 -5.705380929997269050e+03
3.677000000000000268e-01 -5.709077320804310148e+03
3.678000000000000158e-01 -5.712900052957646039e+03
3.679000000000000048e-01 -5.716849384373337671e+03
3.679999999999999938e-01 -5.721008235137083830e+03
3.681000000000000383e-01 -5.725398319903009906e+03
3.682000000000000273e-01 -5.730050345801309959e+03
3.683000000000000163e-01 -5.734962337988617037e+03
3.684000000000000052e-01 -5.740045067926327647e+03
3.684999999999999942e-01 -5.745135548998076047e+03
3.686000000000000387e-01 -5.749351801903774685e+03
3.687000000000000277e-01 -5.752297436777324037e+03
3.688000000000000167e-01 -5.754722492933366993e+03
3.689000000000000057e-01 -5.756909496212301747e+03
3.689999999999999947e-01 -5.758896381609944001e+03
3.691000000000000392e-01 -5.760757603962625581e+03
3.692000000000000282e-01 -5.762573098772196317e+03
3.693000000000000171e-01 -5.764402941241794906e+03
3.694000000000000061e-01 -5.766287170483344198e+03
3.694999999999999951e-01 -5.768249998334551492e+03
3.696000000000000396e-01 -5.770305477421103205e+03
3.697000000000000286e-01 -5.772456991362917506e+03
3.698000000000000176e-01 -5.774689976554843270e+03
3.699000000000000066e-01 -5.776981207844680284e+03
3.699999999999999956e-01 -5.779303899071316664e+03
3.701000000000000401e-01 -5.781628719289323271e+03
3.702000000000000290e-01 -5.783941187923685902e+03
3.703000000000000180e-01 -5.786237566636474185e+03
3.704000000000000070e-01 -5.788519859866137267e+03
3.704999999999999960e-01 -5.790791801127834333e+03
3.706000000000000405e-01 -5.793052455568882579e+03
3.707000000000000295e-01 -5.795301264076922962e+03
3.708000000000000185e-01 -5.797539805157613955e+03
3.709000000000000075e-01 -5.799771669713967640e+03
3.709999999999999964e-01 -5.802001766255803886e+03
3.711000000000000409e-01 -5.804233062134879219e+03
3.712000000000000299e-01 -5.806466386333922856e+03
3.713000000000000189e-01 -5.808701652778652715e+03
3.714000000000000079e-01 -5.810938491771875306e+03
3.714999999999999969e-01 -5.813176597360683445e+03
3.716000000000000414e-01 -5.815415673848363440e+03
3.717000000000000304e-01 -5.817655345280887559e+03
3.718000000000000194e-01 -5.819895425478389370e+03
3.719000000000000083e-01 -5.822135802882694406e+03
3.719999999999999973e-01 -5.824376351312506813e+03
3.721000000000000418e-01 -5.826617006585582203e+03
3.722000000000000308e-01 -5.828858014026272031e+03
3.723000000000000198e-01 -5.831100513465385120e+03
3.724000000000000088e-01 -5.833344860973473260e+03
3.724999999999999978e-01 -5.835589829136618391e+03
3.726000000000000423e-01 -5.837833577150518977e+03
3.727000000000000313e-01 -5.840074623351852097e+03
3.728000000000000203e-01 -5.842312570197686000e+03
3.729000000000000092e-01 -5.844547878313138426e+03
3.729999999999999982e-01 -5.846780361820670805e+03
3.731000000000000427e-01 -5.849010369992823144e+03
3.732000000000000317e-01 -5.851238523286056079e+03
3.733000000000000207e-01 -5.853465457703238826e+03
3.734000000000000097e-01 -5.855691779438731828e+03
3.734999999999999987e-01 -5.857917933033846566e+03
3.736000000000000432e-01 -5.860144092302793069e+03
3.737000000000000322e-01 -5.862369222810228166e+03
3.738000000000000211e-01 -5.864594198554534159e+03
3.739000000000000101e-01 -5.866820051393499853e+03
3.739999999999999991e-01 -5.869046839382553117e+03
3.741000000000000436e-01 -5.871272858980692035e+03
3.742000000000000326e-01 -5.873498001299405587e+03
3.743000000000000216e-01 -5.875723011246117494e+03
3.744000000000000106e-01 -5.877948187373561268e+03
3.744999999999999996e-01 -5.880173797836756421e+03
3.746000000000000441e-01 -5.882400050473003830e+03
3.747000000000000330e-01 -5.884627020950652877e+03
3.748000000000000220e-01 -5.886854638027550209e+03
3.749000000000000110e-01 -5.889082719931469001e+03
3.750000000000000000e-01 -5.891311034831289362e+03
3.751000000000000445e-01 -5.893539360368885355e+03
3.752000000000000335e-01 -5.895767525980375467e+03
3.753000000000000225e-01 -5.897995432209716455e+03
3.754000000000000115e-01 -5.900223067502438425e+03
3.755000000000000004e-01 -5.902450472993145922e+03
3.756000000000000449e-01 -5.904677695646656503e+03
3.757000000000000339e-01 -5.906904791932921398e+03
3.758000000000000229e-01 -5.909131817273480010e+03
3.759000000000000119e-01 -5.911358816177938934e+03
3.760000000000000009e-01 -5.913585514414302452e+03
3.761000000000000454e-01 -5.915810531112230819e+03
3.762000000000000344e-01 -5.918032434829142403e+03
3.763000000000000234e-01 -5.920251459368904762e+03
3.764000000000000123e-01 -5.922468440950898184e+03
3.765000000000000013e-01 -5.924684094599520904e+03
3.765999999999999903e-01 -5.926898934226755955e+03
3.767000000000000348e-01 -5.929113332315984735e+03
3.768000000000000238e-01 -5.931327601109941497e+03
3.769000000000000128e-01 -5.933543259077894618e+03
3.770000000000000018e-01 -5.935760384073190835e+03
3.770999999999999908e-01 -5.937978121212676342e+03
3.772000000000000353e-01 -5.940196242297800381e+03
3.773000000000000242e-01 -5.942414708815722406e+03
3.774000000000000132e-01 -5.944633537188432456e+03
3.775000000000000022e-01 -5.946852718167428975e+03
3.775999999999999912e-01 -5.949072584776824442e+03
3.777000000000000357e-01 -5.951291893286325831e+03
3.778000000000000247e-01 -5.953565491489820488e+03
3.779000000000000137e-01 -5.955919056864174308e+03
3.780000000000000027e-01 -5.958237826687611232e+03
3.780999999999999917e-01 -5.960581049337123659e+03
3.782000000000000361e-01 -5.962896760390592135e+03
3.783000000000000251e-01 -5.965150895228021909e+03
3.784000000000000141e-01 -5.967406923946906318e+03
3.785000000000000031e-01 -5.969652309281646012e+03
3.785999999999999921e-01 -5.971850718279857574e+03
3.787000000000000366e-01 -5.973958538933853561e+03
3.788000000000000256e-01 -5.976081338933580810e+03
3.789000000000000146e-01 -5.978217228571353189e+03
3.790000000000000036e-01 -5.980362480702145149e+03
3.790999999999999925e-01 -5.982514949209623410e+03
3.792000000000000370e-01 -5.984672123050023401e+03
3.793000000000000260e-01 -5.986832091039878833e+03
3.794000000000000150e-01 -5.988994977742170704e+03
3.795000000000000040e-01 -5.991161479840450738e+03
3.795999999999999930e-01 -5.993332121345206360e+03
3.797000000000000375e-01 -5.995507388405170786e+03
3.798000000000000265e-01 -5.997687374149041716e+03
3.799000000000000155e-01 -5.999871829273207368e+03
3.800000000000000044e-01 -6.002060503564737701e+03
3.800999999999999934e-01 -6.004240578706733686e+03
3.802000000000000379e-01 -6.006385545335860115e+03
3.803000000000000269e-01 -6.008498280464255004e+03
3.804000000000000159e-01 -6.010586754074795863e+03
3.805000000000000049e-01 -6.012657228037541245e+03
3.805999999999999939e-01 -6.014714573272703092e+03
3.807000000000000384e-01 -6.016762588676601808e+03
3.808000000000000274e-01 -6.018804562269295275e+03
3.809000000000000163e-01 -6.020843165538509311e+03
3.810000000000000053e-01 -6.022879626834412193e+03
3.810999999999999943e-01 -6.024914583320399288e+03
3.812000000000000388e-01 -6.026948285453740937e+03
3.813000000000000278e-01 -6.028980831352597306e+03
3.814000000000000168e-01 -6.031012240291381204e+03
3.815000000000000058e-01 -6.033043394032448305e+03
3.815999999999999948e-01 -6.035073321057509929e+03
3.817000000000000393e-01 -6.037100401796225015e+03
3.818000000000000282e-01 -6.039125685783395056e+03
3.819000000000000172e-01 -6.041149668736490639e+03
3.820000000000000062e-01 -6.043172668528643044e+03
3.820999999999999952e-01 -6.045194871650223831e+03
3.822000000000000397e-01 -6.047216374452455966e+03
3.823000000000000287e-01 -6.049237217772752047e+03
3.824000000000000177e-01 -6.051257412653206302e+03
3.825000000000000067e-01 -6.053276956518233419e+03
3.825999999999999956e-01 -6.055295838735288271e+03
3.827000000000000401e-01 -6.057314037305642159e+03
3.828000000000000291e-01 -6.059331521455455004e+03
3.829000000000000181e-01 -6.061348230400691136e+03
3.830000000000000071e-01 -6.063364021661418519e+03
3.830999999999999961e-01 -6.065378477065364677e+03
3.832000000000000406e-01 -6.067389519651042974e+03
3.833000000000000296e-01 -6.069395409119562828e+03
3.834000000000000186e-01 -6.071396350320535930e+03
3.835000000000000075e-01 -6.073393186996603617e+03
3.835999999999999965e-01 -6.075386641970002529e+03
3.837000000000000410e-01 -6.077377214471636762e+03
3.838000000000000300e-01 -6.079365388609926413e+03
3.839000000000000190e-01 -6.081351665307042822e+03
3.840000000000000080e-01 -6.083336475800912922e+03
3.840999999999999970e-01 -6.085320136001036190e+03
3.842000000000000415e-01 -6.087302811398383710e+03
3.843000000000000305e-01 -6.089284345695206866e+03
3.844000000000000195e-01 -6.091264458294213910e+03
3.845000000000000084e-01 -6.093243078190567758e+03
3.845999999999999974e-01 -6.095220301297437800e+03
3.847000000000000419e-01 -6.097196348638705786e+03
3.848000000000000309e-01 -6.099171487397960846e+03
3.849000000000000199e-01 -6.101145951997543307e+03
3.850000000000000089e-01 -6.103119907041110309e+03
3.850999999999999979e-01 -6.105093497775784272e+03
3.852000000000000424e-01 -6.107066638716658417e+03
3.853000000000000314e-01 -6.109039151555662102e+03
3.854000000000000203e-01 -6.111010917292478553e+03
3.855000000000000093e-01 -6.112981872771206326e+03
3.855999999999999983e-01 -6.114952022463850881e+03
3.857000000000000428e-01 -6.116921551608121263e+03
3.858000000000000318e-01 -6.118890480013533306e+03
3.859000000000000208e-01 -6.120858743227479863e+03
3.860000000000000098e-01 -6.122826388079414755e+03
3.860999999999999988e-01 -6.124793590109262368e+03
3.862000000000000433e-01 -6.126760731718806710e+03
3.863000000000000322e-01 -6.128727983624849003e+03
3.864000000000000212e-01 -6.130695240222846223e+03
3.865000000000000102e-01 -6.132662418104849166e+03
3.865999999999999992e-01 -6.134698848195251230e+03
3.867000000000000437e-01 -6.136915901495067374e+03
3.868000000000000327e-01 -6.139154556709395365e+03
3.869000000000000217e-01 -6.141380422975737929e+03
3.870000000000000107e-01 -6.143730951359578285e+03
3.870999999999999996e-01 -6.146064542347446150e+03
3.872000000000000441e-01 -6.148304251049978120e+03
3.873000000000000331e-01 -6.150462924527837458e+03
3.874000000000000221e-01 -6.152576759126147408e+03
3.875000000000000111e-01 -6.154663815914589577e+03
3.876000000000000001e-01 -6.156737410788837224e+03
3.877000000000000446e-01 -6.158804622129680865e+03
3.878000000000000336e-01 -6.160869820275543134e+03
3.879000000000000226e-01 -6.162933626397417356e+03
3.880000000000000115e-01 -6.164994642834956721e+03
3.881000000000000005e-01 -6.167051282830307173e+03
3.882000000000000450e-01 -6.169102428769999278e+03
3.883000000000000340e-01 -6.171147457454744654e+03
3.884000000000000230e-01 -6.173185891470183378e+03
3.885000000000000120e-01 -6.175216365574849078e+03
3.886000000000000010e-01 -6.177238529748525252e+03
3.887000000000000455e-01 -6.179252864198529096e+03
3.888000000000000345e-01 -6.181258187283374355e+03
3.889000000000000234e-01 -6.183253817727380920e+03
3.890000000000000124e-01 -6.185239461752078569e+03
3.891000000000000014e-01 -6.187219288962760402e+03
3.892000000000000459e-01 -6.189195172854392695e+03
3.893000000000000349e-01 -6.191166230250105400e+03
3.894000000000000239e-01 -6.193131184017793203e+03
3.895000000000000129e-01 -6.195090514144657391e+03
3.896000000000000019e-01 -6.197044913804455973e+03
3.897000000000000464e-01 -6.198994830413621457e+03
3.898000000000000353e-01 -6.200940369246690352e+03
3.899000000000000243e-01 -6.202880848286242326e+03
3.900000000000000133e-01 -6.204814357654025116e+03
3.901000000000000023e-01 -6.206734706528166498e+03
3.901999999999999913e-01 -6.208638864414124328e+03
3.903000000000000358e-01 -6.210528464518965848e+03
3.904000000000000248e-01 -6.212406762256656293e+03
3.905000000000000138e-01 -6.214276789883696438e+03
3.906000000000000028e-01 -6.216140134054310693e+03
3.906999999999999917e-01 -6.217993978313907064e+03
3.908000000000000362e-01 -6.219834404278853981e+03
3.909000000000000252e-01 -6.221660715148974305e+03
3.910000000000000142e-01 -6.223474131440315432e+03
3.911000000000000032e-01 -6.225275635446685556e+03
3.911999999999999922e-01 -6.227063152387004266e+03
3.913000000000000367e-01 -6.228835366200772114e+03
3.914000000000000257e-01 -6.230592470370312185e+03
3.915000000000000147e-01 -6.232335280595896620e+03
3.916000000000000036e-01 -6.234065092908331280e+03
3.916999999999999926e-01 -6.235780111952804873e+03
3.918000000000000371e-01 -6.237470814098634946e+03
3.919000000000000261e-01 -6.239118698349469923e+03
3.920000000000000151e-01 -6.240697844246060413e+03
3.921000000000000041e-01 -6.242172282371805522e+03
3.921999999999999931e-01 -6.243542822579378480e+03
3.923000000000000376e-01 -6.244866917881152403e+03
3.924000000000000266e-01 -6.246368460556232094e+03
3.925000000000000155e-01 -6.247961328722847611e+03
3.926000000000000045e-01 -6.249451998105330858e+03
3.926999999999999935e-01 -6.250706816447386700e+03
3.928000000000000380e-01 -6.251636747888332138e+03
3.929000000000000270e-01 -6.252196104271978584e+03
3.930000000000000160e-01 -6.252404165073843615e+03
3.931000000000000050e-01 -6.252581473464965711e+03
3.931999999999999940e-01 -6.253020086607521080e+03
3.933000000000000385e-01 -6.253349664530701375e+03
3.934000000000000274e-01 -6.253325343223690652e+03
3.935000000000000164e-01 -6.252907947431764114e+03
3.936000000000000054e-01 -6.252174434228109931e+03
3.936999999999999944e-01 -6.251212544299210094e+03
3.938000000000000389e-01 -6.250061020404315059e+03
3.939000000000000279e-01 -6.248756402340874956e+03
3.940000000000000169e-01 -6.247423145742040106e+03
3.941000000000000059e-01 -6.246116760984793473e+03
3.941999999999999948e-01 -6.244884995744799198e+03
3.943000000000000393e-01 -6.243803492088208259e+03
3.944000000000000283e-01 -6.243091856554778133e+03
3.945000000000000173e-01 -6.243035182910743060e+03
3.946000000000000063e-01 -6.243769287440956759e+03
3.946999999999999953e-01 -6.245069938970863404e+03
3.948000000000000398e-01 -6.246772729060654456e+03
3.949000000000000288e-01 -6.248743881924801826e+03
3.950000000000000178e-01 -6.250903693858160295e+03
3.951000000000000068e-01 -6.253202067521730896e+03
3.951999999999999957e-01 -6.255567367003338404e+03
3.953000000000000402e-01 -6.257933388270511387e+03
3.954000000000000292e-01 -6.260164601409106581e+03
3.955000000000000182e-01 -6.262291053520750211e+03
3.956000000000000072e-01 -6.264317455914429047e+03
3.956999999999999962e-01 -6.266219415940745421e+03
3.958000000000000407e-01 -6.268008303629429065e+03
3.959000000000000297e-01 -6.269715026978832611e+03
3.960000000000000187e-01 -6.271390805390489732e+03
3.961000000000000076e-01 -6.273065876632120307e+03
3.961999999999999966e-01 -6.274756632948457082e+03
3.963000000000000411e-01 -6.276467401039572906e+03
3.964000000000000301e-01 -6.278194810503233384e+03
3.965000000000000191e-01 -6.279950396997664029e+03
3.966000000000000081e-01 -6.281752633568446981e+03
3.966999999999999971e-01 -6.283668671353756508e+03
3.968000000000000416e-01 -6.285824264335985390e+03
3.969000000000000306e-01 -6.288056665685514417e+03
3.970000000000000195e-01 -6.290275942650840079e+03
3.971000000000000085e-01 -6.292443752176638554e+03
3.971999999999999975e-01 -6.294542952661823620e+03
3.973000000000000420e-01 -6.296584485066602610e+03
3.974000000000000310e-01 -6.298584592047229307e+03
3.975000000000000200e-01 -6.300557759317985074e+03
3.976000000000000090e-01 -6.302519560287992135e+03
3.976999999999999980e-01 -6.304485748287438582e+03
3.978000000000000425e-01 -6.306459628517943202e+03
3.979000000000000314e-01 -6.308439630757405212e+03
3.980000000000000204e-01 -6.310452431625800273e+03
3.981000000000000094e-01 -6.312503864559384056e+03
3.981999999999999984e-01 -6.314581655424229211e+03
3.983000000000000429e-01 -6.316674140179431561e+03
3.984000000000000319e-01 -6.318775379512057953e+03
3.985000000000000209e-01 -6.320878010141923369e+03
3.986000000000000099e-01 -6.322977989453875125e+03
3.986999999999999988e-01 -6.325076212264258174e+03
3.988000000000000433e-01 -6.327172499325434728e+03
3.989000000000000323e-01 -6.329263494191238351e+03
3.990000000000000213e-01 -6.331346903661225952e+03
3.991000000000000103e-01 -6.333432377170939617e+03
3.991999999999999993e-01 -6.335510951786792248e+03
3.993000000000000438e-01 -6.337581343166381885e+03
3.994000000000000328e-01 -6.339650815925600000e+03
3.995000000000000218e-01 -6.341725155941616322e+03
3.996000000000000107e-01 -6.343804556311230954e+03
3.996999999999999997e-01 -6.345886430832900260e+03
3.998000000000000442e-01 -6.347969569881483039e+03
3.999000000000000332e-01 -6.350053644247460397e+03
4.000000000000000222e-01 -6.352139601506562940e+03
4.001000000000000112e-01 -6.355983980203949613e+03
4.002000000000000002e-01 -6.361077090643642805e+03
4.003000000000000447e-01 -6.366637260863762094e+03
4.004000000000000337e-01 -6.372500283065994154e+03
4.005000000000000226e-01 -6.379012295754533625e+03
4.006000000000000116e-01 -6.386340821649624559e+03
4.007000000000000006e-01 -6.394375478032133287e+03
4.008000000000000451e-01 -6.402874595010282974e+03
4.009000000000000341e-01 -6.411748040922961991e+03
4.010000000000000231e-01 -6.420154519346460802e+03
4.011000000000000121e-01 -6.427565061404176049e+03
4.012000000000000011e-01 -6.433546281382229608e+03
4.013000000000000456e-01 -6.438364877264421921e+03
4.014000000000000346e-01 -6.442073000904909350e+03
4.015000000000000235e-01 -6.444938157978627714e+03
4.016000000000000125e-01 -6.447256329895591080e+03
4.017000000000000015e-01 -6.449196744099504031e+03
4.018000000000000460e-01 -6.450852412531138725e+03
4.019000000000000350e-01 -6.452313865356324641e+03
4.020000000000000240e-01 -6.453787075884349179e+03
4.021000000000000130e-01 -6.455141462232319100e+03
4.022000000000000020e-01 -6.456377260070486045e+03
4.023000000000000465e-01 -6.457542524424015028e+03
4.024000000000000354e-01 -6.458860176559975116e+03
4.025000000000000244e-01 -6.461450959246513776e+03
4.026000000000000134e-01 -6.464739234614388806e+03
4.027000000000000024e-01 -6.467719916700468275e+03
4.028000000000000469e-01 -6.470013710792140955e+03
4.029000000000000359e-01 -6.471770365494746329e+03
4.030000000000000249e-01 -6.473138741812723310e+03
4.031000000000000139e-01 -6.474206373551600336e+03
4.032000000000000028e-01 -6.475006560004293533e+03
4.032999999999999918e-01 -6.475545717715739556e+03
4.034000000000000363e-01 -6.475835445302465814e+03
4.035000000000000253e-01 -6.475892117773396421e+03
4.036000000000000143e-01 -6.475719539260934653e+03
4.037000000000000033e-01 -6.475299188588811376e+03
4.037999999999999923e-01 -6.474649262463762170e+03
4.039000000000000368e-01 -6.473832755979407011e+03
4.040000000000000258e-01 -6.472882275967101123e+03
4.041000000000000147e-01 -6.471761638333073279e+03
4.042000000000000037e-01 -6.470625341532506354e+03
4.042999999999999927e-01 -6.469553889483609055e+03
4.044000000000000372e-01 -6.468549387428873160e+03
4.045000000000000262e-01 -6.467612447825303207e+03
4.046000000000000152e-01 -6.466915369701883719e+03
4.047000000000000042e-01 -6.466566943619760423e+03
4.047999999999999932e-01 -6.466784702418295637e+03
4.049000000000000377e-01 -6.467708741706217552e+03
4.050000000000000266e-01 -6.469167858051089752e+03
4.051000000000000156e-01 -6.470944921611042446e+03
4.052000000000000046e-01 -6.472885156247777559e+03
4.052999999999999936e-01 -6.474893863799661631e+03
4.054000000000000381e-01 -6.476943925244126149e+03
4.055000000000000271e-01 -6.479018456549426446e+03
4.056000000000000161e-01 -6.481091627889754818e+03
4.057000000000000051e-01 -6.483135457188310284e+03
4.057999999999999940e-01 -6.485134674184034338e+03
4.059000000000000385e-01 -6.487149034897431193e+03
4.060000000000000275e-01 -6.489133922794540013e+03
4.061000000000000165e-01 -6.491099725619323181e+03
4.062000000000000055e-01 -6.493037529506296778e+03
4.062999999999999945e-01 -6.494988894637264821e+03
4.064000000000000390e-01 -6.497041872200974467e+03
4.065000000000000280e-01 -6.499220084679692263e+03
4.066000000000000170e-01 -6.501469027798129900e+03
4.067000000000000060e-01 -6.503737555890465046e+03
4.067999999999999949e-01 -6.505980335636862037e+03
4.069000000000000394e-01 -6.508185775176366406e+03
4.070000000000000284e-01 -6.510355655321376616e+03
4.071000000000000174e-01 -6.512492460037265118e+03
4.072000000000000064e-01 -6.514600181433674152e+03
4.072999999999999954e-01 -6.516682732392564503e+03
4.074000000000000399e-01 -6.518746303890538911e+03
4.075000000000000289e-01 -6.520790170792300160e+03
4.076000000000000179e-01 -6.522817226028131699e+03
4.077000000000000068e-01 -6.524830824320304600e+03
4.077999999999999958e-01 -6.526834074819691523e+03
4.079000000000000403e-01 -6.528829850436997731e+03
4.080000000000000293e-01 -6.530821424127627324e+03
4.081000000000000183e-01 -6.532808295317709053e+03
4.082000000000000073e-01 -6.534798098391235726e+03
4.082999999999999963e-01 -6.536786159965136903e+03
4.084000000000000408e-01 -6.538764859043709293e+03
4.085000000000000298e-01 -6.540741164910079533e+03
4.086000000000000187e-01 -6.542726402932383280e+03
4.087000000000000077e-01 -6.544733658511631802e+03
4.087999999999999967e-01 -6.546746816666360246e+03
4.089000000000000412e-01 -6.548778250803657102e+03
4.090000000000000302e-01 -6.550816258937662496e+03
4.091000000000000192e-01 -6.552854086781323531e+03
4.092000000000000082e-01 -6.554897707743423780e+03
4.092999999999999972e-01 -6.556956428380372927e+03
4.094000000000000417e-01 -6.559024378737006373e+03
4.095000000000000306e-01 -6.561096976370253287e+03
4.096000000000000196e-01 -6.563175987627669201e+03
4.097000000000000086e-01 -6.565254782586269357e+03
4.097999999999999976e-01 -6.567332127171927823e+03
4.099000000000000421e-01 -6.569408853328478472e+03
4.100000000000000311e-01 -6.571484901296396856e+03
4.101000000000000201e-01 -6.573573986101569062e+03
4.102000000000000091e-01 -6.575710628645126235e+03
4.102999999999999980e-01 -6.577895434504242075e+03
4.104000000000000425e-01 -6.580120272804953856e+03
4.105000000000000315e-01 -6.582372680383196894e+03
4.106000000000000205e-01 -6.584641879480398529e+03
4.107000000000000095e-01 -6.586929703796919057e+03
4.107999999999999985e-01 -6.589230418799812469e+03
4.109000000000000430e-01 -6.591542737233447951e+03
4.110000000000000320e-01 -6.593860035907184283e+03
4.111000000000000210e-01 -6.596182181122243492e+03
4.112000000000000099e-01 -6.598508879405910193e+03
4.112999999999999989e-01 -6.600838597071325239e+03
4.114000000000000434e-01 -6.603170583802123474e+03
4.115000000000000324e-01 -6.605505245921092865e+03
4.116000000000000214e-01 -6.607846810825880311e+03
4.117000000000000104e-01 -6.610193049573490498e+03
4.117999999999999994e-01 -6.612545235706624226e+03
4.119000000000000439e-01 -6.614903634861707360e+03
4.120000000000000329e-01 -6.617267531441141728e+03
4.121000000000000218e-01 -6.619636051419965042e+03
4.122000000000000108e-01 -6.622008944270961365e+03
4.122999999999999998e-01 -6.624386479733256238e+03
4.124000000000000443e-01 -6.626767281327427554e+03
4.125000000000000333e-01 -6.629149729924793974e+03
4.126000000000000223e-01 -6.631527048081622524e+03
4.127000000000000113e-01 -6.633904435184277645e+03
4.128000000000000003e-01 -6.636293599957210063e+03
4.129000000000000448e-01 -6.638686563292508254e+03
4.130000000000000338e-01 -6.641080343180266027e+03
4.131000000000000227e-01 -6.643474432466135113e+03
4.132000000000000117e-01 -6.645869593111211543e+03
4.133000000000000007e-01 -6.648266677616335073e+03
4.134000000000000452e-01 -6.650666467318194918e+03
4.135000000000000342e-01 -6.653069329434541942e+03
4.136000000000000232e-01 -6.655475110424633385e+03
4.137000000000000122e-01 -6.657883500692535563e+03
4.138000000000000012e-01 -6.660294724306674652e+03
4.139000000000000457e-01 -6.662709072796817964e+03
4.140000000000000346e-01 -6.665127302101307578e+03
4.141000000000000236e-01 -6.667549820424846075e+03
4.142000000000000126e-01 -6.669975944064191935e+03
4.143000000000000016e-01 -6.672404756431335045e+03
4.144000000000000461e-01 -6.674837159876306032e+03
4.145000000000000351e-01 -6.677273128890256885e+03
4.146000000000000241e-01 -6.679712101494786111e+03
4.147000000000000131e-01 -6.682153827917161834e+03
4.148000000000000020e-01 -6.684597445886617606e+03
4.149000000000000465e-01 -6.687044197585536494e+03
4.150000000000000355e-01 -6.689495351138280967e+03
4.151000000000000245e-01 -6.691950815170481292e+03
4.152000000000000135e-01 -6.694414015996166199e+03
4.153000000000000025e-01 -6.696886833390803076e+03
4.154000000000000470e-01 -6.699372052611603067e+03
4.155000000000000360e-01 -6.701871142089184104e+03
4.156000000000000250e-01 -6.704381137939431028e+03
4.157000000000000139e-01 -6.706899839407279615e+03
4.158000000000000029e-01 -6.709425917172558002e+03
4.159000000000000474e-01 -6.711956020328812883e+03
4.160000000000000364e-01 -6.714485660064882723e+03
4.161000000000000254e-01 -6.717015741722227176e+03
4.162000000000000144e-01 -6.719549951311303630e+03
4.163000000000000034e-01 -6.722095123659773890e+03
4.163999999999999924e-01 -6.724660706165625925e+03
4.165000000000000369e-01 -6.727252206310351539e+03
4.166000000000000258e-01 -6.729876262523786863e+03
4.167000000000000148e-01 -6.732539829000933423e+03
4.168000000000000038e-01 -6.735239001199473933e+03
4.168999999999999928e-01 -6.737985956287812769e+03
4.170000000000000373e-01 -6.740795106685807696e+03
4.171000000000000263e-01 -6.743668842947438861e+03
4.172000000000000153e-01 -6.746610636628049178e+03
4.173000000000000043e-01 -6.749612001868217703e+03
4.173999999999999932e-01 -6.752696300390937722e+03
4.175000000000000377e-01 -6.755875927402672460e+03
4.176000000000000267e-01 -6.759177803190933446e+03
4.177000000000000157e-01 -6.762612150344849397e+03
4.178000000000000047e-01 -6.766167490813904806e+03
4.178999999999999937e-01 -6.769798916196486971e+03
4.180000000000000382e-01 -6.773527415119133366e+03
4.181000000000000272e-01 -6.777363271162448655e+03
4.182000000000000162e-01 -6.781341248381771038e+03
4.183000000000000052e-01 -6.785489682388325491e+03
4.183999999999999941e-01 -6.789837876560025506e+03
4.185000000000000386e-01 -6.794458605885895849e+03
4.186000000000000276e-01 -6.799382928818391520e+03
4.187000000000000166e-01 -6.804610389985916299e+03
4.188000000000000056e-01 -6.809926392437616414e+03
4.188999999999999946e-01 -6.814285380438425818e+03
4.190000000000000391e-01 -6.817174498267218951e+03
4.191000000000000281e-01 -6.819454909368892004e+03
4.192000000000000171e-01 -6.821655834327137200e+03
4.193000000000000060e-01 -6.823734747581880583e+03
4.193999999999999950e-01 -6.825677009059411830e+03
4.195000000000000395e-01 -6.827563385451126123e+03
4.196000000000000285e-01 -6.829457579522689230e+03
4.197000000000000175e-01 -6.831396693196607885e+03
4.198000000000000065e-01 -6.833413768555342358e+03
4.198999999999999955e-01 -6.835530076887262112e+03
4.200000000000000400e-01 -6.837749829512118595e+03
4.201000000000000290e-01 -6.840052842366725599e+03
4.202000000000000179e-01 -6.842405988597349278e+03
4.203000000000000069e-01 -6.844778614130018468e+03
4.203999999999999959e-01 -6.847154799361188452e+03
4.205000000000000404e-01 -6.849523058641854732e+03
4.206000000000000294e-01 -6.851873228816904884e+03
4.207000000000000184e-01 -6.854200411654062918e+03
4.208000000000000074e-01 -6.856505829944083416e+03
4.208999999999999964e-01 -6.858795961905389049e+03
4.210000000000000409e-01 -6.861080371335802738e+03
4.211000000000000298e-01 -6.863355682436272218e+03
4.212000000000000188e-01 -6.865637013716877846e+03
4.213000000000000078e-01 -6.867921408340623202e+03
4.213999999999999968e-01 -6.870212165751946486e+03
4.215000000000000413e-01 -6.872513054779848062e+03
4.216000000000000303e-01 -6.874824745958834683e+03
4.217000000000000193e-01 -6.877145877830897916e+03
4.218000000000000083e-01 -6.879472296405588168e+03
4.218999999999999972e-01 -6.881797127765083133e+03
4.220000000000000417e-01 -6.884116524236324040e+03
4.221000000000000307e-01 -6.886457554764944689e+03
4.222000000000000197e-01 -6.888932272679653579e+03
4.223000000000000087e-01 -6.891635221347875813e+03
4.223999999999999977e-01 -6.894457702850028909e+03
4.225000000000000422e-01 -6.897215670019803838e+03
4.226000000000000312e-01 -6.899848490320954625e+03
4.227000000000000202e-01 -6.902370536238636305e+03
4.228000000000000091e-01 -6.904817046710738396e+03
4.228999999999999981e-01 -6.907232483865856921e+03
4.230000000000000426e-01 -6.909634521155924631e+03
4.231000000000000316e-01 -6.912010082705751302e+03
4.232000000000000206e-01 -6.914353134984372446e+03
4.233000000000000096e-01 -6.916666431763062974e+03
4.233999999999999986e-01 -6.918957354224148730e+03
4.235000000000000431e-01 -6.921234366821166986e+03
4.236000000000000321e-01 -6.923505615480018605e+03
4.237000000000000210e-01 -6.925778683211629868e+03
4.238000000000000100e-01 -6.928057484417032356e+03
4.238999999999999990e-01 -6.930342929688147706e+03
4.240000000000000435e-01 -6.932634519831330181e+03
4.241000000000000325e-01 -6.934930953525817131e+03
4.242000000000000215e-01 -6.937230810017302247e+03
4.243000000000000105e-01 -6.939531961646015588e+03
4.243999999999999995e-01 -6.941832987360997322e+03
4.245000000000000440e-01 -6.944133629003031274e+03
4.246000000000000330e-01 -6.946433490031455221e+03
4.247000000000000219e-01 -6.948732015762650917e+03
4.248000000000000109e-01 -6.951029098877969773e+03
4.248999999999999999e-01 -6.953324738859187164e+03
4.250000000000000444e-01 -6.955618992391230677e+03
4.251000000000000334e-01 -6.957911987953930293e+03
4.252000000000000224e-01 -6.960203909147116065e+03
4.253000000000000114e-01 -6.962494971810680909e+03
4.254000000000000004e-01 -6.964785400313508944e+03
4.255000000000000449e-01 -6.967075405583665088e+03
4.256000000000000338e-01 -6.969365167211927655e+03
4.257000000000000228e-01 -6.971654821604618519e+03
4.258000000000000118e-01 -6.973944457240045267e+03
4.259000000000000008e-01 -6.976234116842045296e+03
4.260000000000000453e-01 -6.978523805138827811e+03
4.261000000000000343e-01 -6.980813500162525088e+03
4.262000000000000233e-01 -6.983102867350296947e+03
4.263000000000000123e-01 -6.985389798640640947e+03
4.264000000000000012e-01 -6.987672540743441459e+03
4.265000000000000457e-01 -6.989951227549774558e+03
4.266000000000000347e-01 -6.992225535318561015e+03
4.267000000000000237e-01 -6.994494828784410856e+03
4.268000000000000127e-01 -6.996760271744333295e+03
4.269000000000000017e-01 -6.999023317703881730e+03
4.270000000000000462e-01 -7.001284785092589118e+03
4.271000000000000352e-01 -7.003545150524124438e+03
4.272000000000000242e-01 -7.005804733383381972e+03
4.273000000000000131e-01 -7.008063767527857635e+03
4.274000000000000021e-01 -7.010322452243529369e+03
4.275000000000000466e-01 -7.012580940178120727e+03
4.276000000000000356e-01 -7.014839343369747439e+03
4.277000000000000246e-01 -7.017097729292533586e+03
4.278000000000000136e-01 -7.019356125607847389e+03
4.279000000000000026e-01 -7.021614541874954739e+03
4.280000000000000471e-01 -7.023872956353594418e+03
4.281000000000000361e-01 -7.026131322620420178e+03
4.282000000000000250e-01 -7.028389581065535822e+03
4.283000000000000140e-01 -7.030647668200574117e+03
4.284000000000000030e-01 -7.032905524209457326e+03
4.285000000000000475e-01 -7.035163098804903711e+03
4.286000000000000365e-01 -7.037420355144324276e+03
4.287000000000000255e-01 -7.039677271695915806e+03
4.288000000000000145e-01 -7.041933842026858656e+03
4.289000000000000035e-01 -7.044189964616925863e+03
4.290000000000000480e-01 -7.046445458882544699e+03
4.291000000000000369e-01 -7.048700382556971817e+03
4.292000000000000259e-01 -7.050954683822037623e+03
4.293000000000000149e-01 -7.053208288219207134e+03
4.294000000000000039e-01 -7.055461357732117904e+03
4.294999999999999929e-01 -7.057714112187403771e+03
4.296000000000000374e-01 -7.059966748612019728e+03
4.297000000000000264e-01 -7.062219393705488073e+03
4.298000000000000154e-01 -7.064472209604392447e+03
4.299000000000000044e-01 -7.066725371299616199e+03
4.299999999999999933e-01 -7.068978991471467452e+03
4.301000000000000378e-01 -7.071220206353662434e+03
4.302000000000000268e-01 -7.073420990572425580e+03
4.303000000000000158e-01 -7.075582571891294720e+03
4.304000000000000048e-01 -7.077713421486639163e+03
4.304999999999999938e-01 -7.079821330156250042e+03
4.306000000000000383e-01 -7.081912250813375067e+03
4.307000000000000273e-01 -7.083991217139627224e+03
4.308000000000000163e-01 -7.086060433809468122e+03
4.309000000000000052e-01 -7.088121648800076400e+03
4.309999999999999942e-01 -7.090176984340288982e+03
4.311000000000000387e-01 -7.092229871474582069e+03
4.312000000000000277e-01 -7.094277495078621541e+03
4.313000000000000167e-01 -7.096320614414849842e+03
4.314000000000000057e-01 -7.098361061365763817e+03
4.314999999999999947e-01 -7.100400081966887228e+03
4.316000000000000392e-01 -7.102438193935029631e+03
4.317000000000000282e-01 -7.104474878414630439e+03
4.318000000000000171e-01 -7.106510128456408893e+03
4.319000000000000061e-01 -7.108544633000756221e+03
4.319999999999999951e-01 -7.110578651170211742e+03
4.321000000000000396e-01 -7.112612472880811765e+03
4.322000000000000286e-01 -7.114646120704152054e+03
4.323000000000000176e-01 -7.116680325314757283e+03
4.324000000000000066e-01 -7.118715373832949808e+03
4.324999999999999956e-01 -7.120752257532313706e+03
4.326000000000000401e-01 -7.122790338580923162e+03
4.327000000000000290e-01 -7.124828594334582704e+03
4.328000000000000180e-01 -7.126867361750451892e+03
4.329000000000000070e-01 -7.128906546620302834e+03
4.329999999999999960e-01 -7.130946398208238861e+03
4.331000000000000405e-01 -7.132987750623823558e+03
4.332000000000000295e-01 -7.135026511966229009e+03
4.333000000000000185e-01 -7.137064118813015739e+03
4.334000000000000075e-01 -7.139100971858303637e+03
4.334999999999999964e-01 -7.141327120745172579e+03
4.336000000000000409e-01 -7.143925368831532069e+03
4.337000000000000299e-01 -7.146542206320101286e+03
4.338000000000000189e-01 -7.149037584567556223e+03
4.339000000000000079e-01 -7.151400860504502816e+03
4.339999999999999969e-01 -7.154055827154405961e+03
4.341000000000000414e-01 -7.157182558323023841e+03
4.342000000000000304e-01 -7.160118955841617208e+03
4.343000000000000194e-01 -7.162755463945037263e+03
4.344000000000000083e-01 -7.165196336138819788e+03
4.344999999999999973e-01 -7.167521023618103754e+03
4.346000000000000418e-01 -7.169770622738541533e+03
4.347000000000000308e-01 -7.171966614861256858e+03
4.348000000000000198e-01 -7.174122481089461871e+03
4.349000000000000088e-01 -7.176398766266496750e+03
4.349999999999999978e-01 -7.178804195526635340e+03
4.351000000000000423e-01 -7.181196113299033641e+03
4.352000000000000313e-01 -7.183694197829689983e+03
4.353000000000000203e-01 -7.186511607358899710e+03
4.354000000000000092e-01 -7.189287512496406634e+03
4.354999999999999982e-01 -7.191919390648440640e+03
4.356000000000000427e-01 -7.194409415541224007e+03
4.357000000000000317e-01 -7.196783121306880275e+03
4.358000000000000207e-01 -7.199067500401282814e+03
4.359000000000000097e-01 -7.201284639031501683e+03
4.359999999999999987e-01 -7.203450907052888397e+03
4.361000000000000432e-01 -7.205578407948254608e+03
4.362000000000000322e-01 -7.207675945530557328e+03
4.363000000000000211e-01 -7.209747808361425996e+03
4.364000000000000101e-01 -7.211797864123542240e+03
4.364999999999999991e-01 -7.213830322494827669e+03
4.366000000000000436e-01 -7.215849212893966069e+03
4.367000000000000326e-01 -7.217857628580072742e+03
4.368000000000000216e-01 -7.219857429587230399e+03
4.369000000000000106e-01 -7.221847979499604662e+03
4.369999999999999996e-01 -7.223828898868361648e+03
4.371000000000000441e-01 -7.225801033080997513e+03
4.372000000000000330e-01 -7.227766031061431931e+03
4.373000000000000220e-01 -7.229725078966218462e+03
4.374000000000000110e-01 -7.231678283240034943e+03
4.375000000000000000e-01 -7.233625566271043681e+03
4.376000000000000445e-01 -7.235566534925333144e+03
4.377000000000000335e-01 -7.237501573751442265e+03
4.378000000000000225e-01 -7.239431467098962457e+03
4.379000000000000115e-01 -7.241356864879611749e+03
4.380000000000000004e-01 -7.243278153225866845e+03
4.381000000000000449e-01 -7.245195395828308392e+03
4.382000000000000339e-01 -7.247108526010588321e+03
4.383000000000000229e-01 -7.249017312197478532e+03
4.384000000000000119e-01 -7.250922685566026303e+03
4.385000000000000009e-01 -7.252817731665410065e+03
4.386000000000000454e-01 -7.254699697286717310e+03
4.387000000000000344e-01 -7.256569866539949544e+03
4.388000000000000234e-01 -7.258430018582671437e+03
4.389000000000000123e-01 -7.260281386228409247e+03
4.390000000000000013e-01 -7.262124508192518078e+03
4.391000000000000458e-01 -7.263954885802068020e+03
4.392000000000000348e-01 -7.265785455428095702e+03
4.393000000000000238e-01 -7.267612414989262106e+03
4.394000000000000128e-01 -7.269437103910786391e+03
4.395000000000000018e-01 -7.271261425032189436e+03
4.396000000000000463e-01 -7.273077098445573938e+03
4.397000000000000353e-01 -7.274888098422199619e+03
4.398000000000000242e-01 -7.276706970585439194e+03
4.399000000000000132e-01 -7.278536266084261115e+03
4.400000000000000022e-01 -7.280351721584658662e+03
4.401000000000000467e-01 -7.282144787605538113e+03
4.402000000000000357e-01 -7.283969368318534180e+03
4.403000000000000247e-01 -7.285817296656084181e+03
4.404000000000000137e-01 -7.287630025617078900e+03
4.405000000000000027e-01 -7.289396694820863559e+03
4.406000000000000472e-01 -7.291162772419224893e+03
4.407000000000000361e-01 -7.292969963324175296e+03
4.408000000000000251e-01 -7.294886311157209093e+03
4.409000000000000141e-01 -7.296883786777058049e+03
4.410000000000000031e-01 -7.298890446093943865e+03
4.411000000000000476e-01 -7.300852127244215808e+03
4.412000000000000366e-01 -7.302758668466695781e+03
4.413000000000000256e-01 -7.304650770591958462e+03
4.414000000000000146e-01 -7.306568563319895475e+03
4.415000000000000036e-01 -7.308512295821541557e+03
4.416000000000000481e-01 -7.310463631080350751e+03
4.417000000000000370e-01 -7.312414321096019194e+03
4.418000000000000260e-01 -7.314379258109317561e+03
4.419000000000000150e-01 -7.316365104766467994e+03
4.420000000000000040e-01 -7.318354355766338813e+03
4.421000000000000485e-01 -7.320325633812783053e+03
4.422000000000000375e-01 -7.322270288825051466e+03
4.423000000000000265e-01 -7.324192077084575430e+03
4.424000000000000155e-01 -7.326094340007486608e+03
4.425000000000000044e-01 -7.327963418977366018e+03
4.426000000000000489e-01 -7.329779543119499976e+03
4.427000000000000379e-01 -7.331525292588176853e+03
4.428000000000000269e-01 -7.333183843466947110e+03
4.429000000000000159e-01 -7.334734467860800578e+03
4.430000000000000049e-01 -7.336151699816136897e+03
4.430999999999999939e-01 -7.337408248685809667e+03
4.432000000000000384e-01 -7.338478279496779578e+03
4.433000000000000274e-01 -7.339338512861966592e+03
4.434000000000000163e-01 -7.339968577256093340e+03
4.435000000000000053e-01 -7.340349876183736342e+03
4.435999999999999943e-01 -7.340477203545538032e+03
4.437000000000000388e-01 -7.340331580238253082e+03
4.438000000000000278e-01 -7.339909096744549970e+03
4.439000000000000168e-01 -7.339214393166109403e+03
4.440000000000000058e-01 -7.338238600891559145e+03
4.440999999999999948e-01 -7.336984607123689784e+03
4.442000000000000393e-01 -7.335459877876591236e+03
4.443000000000000282e-01 -7.333755298681756358e+03
4.444000000000000172e-01 -7.332084217266363339e+03
4.445000000000000062e-01 -7.330496798615014995e+03
4.445999999999999952e-01 -7.329107314553260949e+03
4.447000000000000397e-01 -7.328080920962283926e+03
4.448000000000000287e-01 -7.327426230496015705e+03
4.449000000000000177e-01 -7.327314682934957091e+03
4.450000000000000067e-01 -7.328103440037395558e+03
4.450999999999999956e-01 -7.329624585078710879e+03
4.452000000000000401e-01 -7.331519219967839490e+03
4.453000000000000291e-01 -7.333542633474738977e+03
4.454000000000000181e-01 -7.335611403365666774e+03
4.455000000000000071e-01 -7.337686304310052037e+03
4.455999999999999961e-01 -7.339767364753512084e+03
4.457000000000000406e-01 -7.341757112205435988e+03
4.458000000000000296e-01 -7.343746729828083517e+03
4.459000000000000186e-01 -7.345736194992631681e+03
4.460000000000000075e-01 -7.347779586877239126e+03
4.460999999999999965e-01 -7.349941663666884779e+03
4.462000000000000410e-01 -7.352210052699309017e+03
4.463000000000000300e-01 -7.354466950984763571e+03
4.464000000000000190e-01 -7.356648477782742702e+03
4.465000000000000080e-01 -7.358750000252567588e+03
4.465999999999999970e-01 -7.360790813533598339e+03
4.467000000000000415e-01 -7.362818806733133897e+03
4.468000000000000305e-01 -7.364842803872336845e+03
4.469000000000000195e-01 -7.366891670307558343e+03
4.470000000000000084e-01 -7.368985668642701967e+03
4.470999999999999974e-01 -7.371110534544473921e+03
4.472000000000000419e-01 -7.373246968536518580e+03
4.473000000000000309e-01 -7.375376085922316634e+03
4.474000000000000199e-01 -7.377492547602120794e+03
4.475000000000000089e-01 -7.379593791183682697e+03
4.475999999999999979e-01 -7.381678181006944214e+03
4.477000000000000424e-01 -7.383744705871874430e+03
4.478000000000000314e-01 -7.385800431428584488e+03
4.479000000000000203e-01 -7.387837048939691158e+03
4.480000000000000093e-01 -7.389848917139858713e+03
4.480999999999999983e-01 -7.391845835176585751e+03
4.482000000000000428e-01 -7.393855009601870734e+03
4.483000000000000318e-01 -7.395831990305769978e+03
4.484000000000000208e-01 -7.397797812290093134e+03
4.485000000000000098e-01 -7.399762951135378898e+03
4.485999999999999988e-01 -7.401729612017250474e+03
4.487000000000000433e-01 -7.403698483904241584e+03
4.488000000000000322e-01 -7.405677516768106216e+03
4.489000000000000212e-01 -7.407669134713290077e+03
4.490000000000000102e-01 -7.409668884580196391e+03
4.490999999999999992e-01 -7.411677043449936718e+03
4.492000000000000437e-01 -7.413694085099999029e+03
4.493000000000000327e-01 -7.415722572000558102e+03
4.494000000000000217e-01 -7.417752986051184962e+03
4.495000000000000107e-01 -7.419786540857590808e+03
4.495999999999999996e-01 -7.421827144890242380e+03
4.497000000000000441e-01 -7.423871175455451521e+03
4.498000000000000331e-01 -7.425917800698674910e+03
4.499000000000000221e-01 -7.427968239659104256e+03
4.500000000000000111e-01 -7.430020579217917657e+03
4.501000000000000001e-01 -7.433780135491699184e+03
4.502000000000000446e-01 -7.438480746578626167e+03
4.503000000000000336e-01 -7.443425396502517287e+03
4.504000000000000226e-01 -7.448728241685938883e+03
4.505000000000000115e-01 -7.454810540205821781e+03
4.506000000000000005e-01 -7.461726939125255740e+03
4.507000000000000450e-01 -7.469326670122755786e+03
4.508000000000000340e-01 -7.477359697993775626e+03
4.509000000000000230e-01 -7.485983155152067411e+03
4.510000000000000120e-01 -7.495154902307481279e+03
4.511000000000000010e-01 -7.504682676636261021e+03
4.512000000000000455e-01 -7.514091643394353014e+03
4.513000000000000345e-01 -7.521053991099288396e+03
4.514000000000000234e-01 -7.524600924773861152e+03
4.515000000000000124e-01 -7.526653291365016230e+03
4.516000000000000014e-01 -7.528029343598821470e+03
4.517000000000000459e-01 -7.529080823328633414e+03
4.518000000000000349e-01 -7.530073742940147895e+03
4.519000000000000239e-01 -7.530962593653898693e+03
4.520000000000000129e-01 -7.531746576882007503e+03
4.521000000000000019e-01 -7.532381318550727883e+03
4.522000000000000464e-01 -7.534071668565342407e+03
4.523000000000000353e-01 -7.537286452997010201e+03
4.524000000000000243e-01 -7.540318118030532787e+03
4.525000000000000133e-01 -7.542606405921757869e+03
4.526000000000000023e-01 -7.544348652081356704e+03
4.527000000000000468e-01 -7.545764188284480952e+03
4.528000000000000358e-01 -7.546978902900694266e+03
4.529000000000000248e-01 -7.548047744668529049e+03
4.530000000000000138e-01 -7.548999059890246826e+03
4.531000000000000028e-01 -7.549850655784810442e+03
4.532000000000000473e-01 -7.550605322697061638e+03
4.533000000000000362e-01 -7.551263629499107083e+03
4.534000000000000252e-01 -7.551814814931428373e+03
4.535000000000000142e-01 -7.552234259250701143e+03
4.536000000000000032e-01 -7.552492867176019899e+03
4.537000000000000477e-01 -7.552579295163473034e+03
4.538000000000000367e-01 -7.552481843167497573e+03
4.539000000000000257e-01 -7.552181054965630210e+03
4.540000000000000147e-01 -7.551672236888563020e+03
4.541000000000000036e-01 -7.550969575185475151e+03
4.542000000000000481e-01 -7.550120070720930926e+03
4.543000000000000371e-01 -7.549148098192207726e+03
4.544000000000000261e-01 -7.548214636074865666e+03
4.545000000000000151e-01 -7.547418490984117852e+03
4.546000000000000041e-01 -7.546737070681658224e+03
4.547000000000000486e-01 -7.546298384740737674e+03
4.548000000000000376e-01 -7.546107812768282201e+03
4.549000000000000266e-01 -7.546124656585799130e+03
4.550000000000000155e-01 -7.546353836399297506e+03
4.551000000000000045e-01 -7.547039069060017027e+03
4.552000000000000490e-01 -7.548281664858419390e+03
4.553000000000000380e-01 -7.549882387812088382e+03
4.554000000000000270e-01 -7.551669709171479553e+03
4.555000000000000160e-01 -7.553554906247774852e+03
4.556000000000000050e-01 -7.555491701560375986e+03
4.557000000000000495e-01 -7.557461529546029851e+03
4.558000000000000385e-01 -7.559473155523385685e+03
4.559000000000000274e-01 -7.561510107285100275e+03
4.560000000000000164e-01 -7.563640190560140582e+03
4.561000000000000054e-01 -7.565848069894554101e+03
4.561999999999999944e-01 -7.568045875236563006e+03
4.563000000000000389e-01 -7.570206623960340039e+03
4.564000000000000279e-01 -7.572326389882470721e+03
4.565000000000000169e-01 -7.574410594599679825e+03
4.566000000000000059e-01 -7.576484692200367135e+03
4.566999999999999948e-01 -7.578569400314839186e+03
4.568000000000000393e-01 -7.580668051918220044e+03
4.569000000000000283e-01 -7.582779051384571176e+03
4.570000000000000173e-01 -7.584900919252394488e+03
4.571000000000000063e-01 -7.587027822586124785e+03
4.571999999999999953e-01 -7.589155945858623454e+03
4.573000000000000398e-01 -7.591268166647521866e+03
4.574000000000000288e-01 -7.593365611861914658e+03
4.575000000000000178e-01 -7.595448912746635870e+03
4.576000000000000068e-01 -7.597519321799488353e+03
4.576999999999999957e-01 -7.599569785797718396e+03
4.578000000000000402e-01 -7.601612047817002349e+03
4.579000000000000292e-01 -7.603636894133524038e+03
4.580000000000000182e-01 -7.605645716302515211e+03
4.581000000000000072e-01 -7.607643032066875094e+03
4.581999999999999962e-01 -7.609631591401004698e+03
4.583000000000000407e-01 -7.611614110762486234e+03
4.584000000000000297e-01 -7.613616168079695854e+03
4.585000000000000187e-01 -7.615594206510581898e+03
4.586000000000000076e-01 -7.617566788983746846e+03
4.586999999999999966e-01 -7.619546221974179389e+03
4.588000000000000411e-01 -7.621537085086464685e+03
4.589000000000000301e-01 -7.623533248760420975e+03
4.590000000000000191e-01 -7.625532747046083387e+03
4.591000000000000081e-01 -7.627535887976826416e+03
4.591999999999999971e-01 -7.629542956692310327e+03
4.593000000000000416e-01 -7.631555498097094642e+03
4.594000000000000306e-01 -7.633573994634711198e+03
4.595000000000000195e-01 -7.635598039459679057e+03
4.596000000000000085e-01 -7.637626950584946826e+03
4.596999999999999975e-01 -7.639660950879606389e+03
4.598000000000000420e-01 -7.641699968164218262e+03
4.599000000000000310e-01 -7.643738235471867483e+03
4.600000000000000200e-01 -7.645777898695570002e+03
4.601000000000000090e-01 -7.647832863835398712e+03
4.601999999999999980e-01 -7.649932724217209397e+03
4.603000000000000425e-01 -7.652075904913153863e+03
4.604000000000000314e-01 -7.654253016473923708e+03
4.605000000000000204e-01 -7.656455857964981988e+03
4.606000000000000094e-01 -7.658678305005771108e+03
4.606999999999999984e-01 -7.660915847487577594e+03
4.608000000000000429e-01 -7.663165126257033080e+03
4.609000000000000319e-01 -7.665423635053592989e+03
4.610000000000000209e-01 -7.667689988582752449e+03
4.611000000000000099e-01 -7.669961759501173219e+03
4.611999999999999988e-01 -7.672236958994667475e+03
4.613000000000000433e-01 -7.674515132075729525e+03
4.614000000000000323e-01 -7.676796523102391802e+03
4.615000000000000213e-01 -7.679079636592449788e+03
4.616000000000000103e-01 -7.681362936919656931e+03
4.616999999999999993e-01 -7.683646922483681919e+03
4.618000000000000438e-01 -7.685933866531321655e+03
4.619000000000000328e-01 -7.688220177613518899e+03
4.620000000000000218e-01 -7.690505125752005370e+03
4.621000000000000107e-01 -7.692790354559268053e+03
4.621999999999999997e-01 -7.695076208513723941e+03
4.623000000000000442e-01 -7.697362841378741905e+03
4.624000000000000332e-01 -7.699650051445056306e+03
4.625000000000000222e-01 -7.701935223025900086e+03
4.626000000000000112e-01 -7.704221200596278322e+03
4.627000000000000002e-01 -7.706509554389258483e+03
4.628000000000000447e-01 -7.708800736770141157e+03
4.629000000000000337e-01 -7.711096194208475026e+03
4.630000000000000226e-01 -7.713397023564274605e+03
4.631000000000000116e-01 -7.715704892540980836e+03
4.632000000000000006e-01 -7.718022535251104273e+03
4.633000000000000451e-01 -7.720350206179476118e+03
4.634000000000000341e-01 -7.722687894994908675e+03
4.635000000000000231e-01 -7.725036788678553421e+03
4.636000000000000121e-01 -7.727395510478839242e+03
4.637000000000000011e-01 -7.729761316811256620e+03
4.638000000000000456e-01 -7.732134291831176597e+03
4.639000000000000346e-01 -7.734513791093870168e+03
4.640000000000000235e-01 -7.736898885911824436e+03
4.641000000000000125e-01 -7.739288683035338181e+03
4.642000000000000015e-01 -7.741682425779087680e+03
4.643000000000000460e-01 -7.744079530164636708e+03
4.644000000000000350e-01 -7.746479611112211387e+03
4.645000000000000240e-01 -7.748882517440921220e+03
4.646000000000000130e-01 -7.751288009171498743e+03
4.647000000000000020e-01 -7.753694335824242444e+03
4.648000000000000465e-01 -7.756100475029169502e+03
4.649000000000000354e-01 -7.758507526416027758e+03
4.650000000000000244e-01 -7.760914352393219815e+03
4.651000000000000134e-01 -7.763319909457086396e+03
4.652000000000000024e-01 -7.765730892659873462e+03
4.653000000000000469e-01 -7.768153213254850016e+03
4.654000000000000359e-01 -7.770591614152147486e+03
4.655000000000000249e-01 -7.773047121059194069e+03
4.656000000000000139e-01 -7.775519650377533253e+03
4.657000000000000028e-01 -7.778009290927379880e+03
4.658000000000000473e-01 -7.780516936828037615e+03
4.659000000000000363e-01 -7.783047545407708640e+03
4.660000000000000253e-01 -7.785607807481103919e+03
4.661000000000000143e-01 -7.788203575898793133e+03
4.662000000000000033e-01 -7.790843127534177256e+03
4.663000000000000478e-01 -7.793532876299278541e+03
4.664000000000000368e-01 -7.796277598601585851e+03
4.665000000000000258e-01 -7.799081279807701321e+03
4.666000000000000147e-01 -7.801946100439716247e+03
4.667000000000000037e-01 -7.804873136238968073e+03
4.668000000000000482e-01 -7.807863714672414062e+03
4.669000000000000372e-01 -7.810918462118243951e+03
4.670000000000000262e-01 -7.814037187563119915e+03
4.671000000000000152e-01 -7.817214515902088351e+03
4.672000000000000042e-01 -7.820472721922918936e+03
4.673000000000000487e-01 -7.823834181091033315e+03
4.674000000000000377e-01 -7.827309377496453635e+03
4.675000000000000266e-01 -7.830891640925148749e+03
4.676000000000000156e-01 -7.834550687831917458e+03
4.677000000000000046e-01 -7.838339447087561894e+03
4.678000000000000491e-01 -7.842270795580955564e+03
4.679000000000000381e-01 -7.846357873982779893e+03
4.680000000000000271e-01 -7.850673883897892665e+03
4.681000000000000161e-01 -7.855310144906759888e+03
4.682000000000000051e-01 -7.860269059025607021e+03
4.683000000000000496e-01 -7.865526329045302191e+03
4.684000000000000385e-01 -7.871005831240994667e+03
4.685000000000000275e-01 -7.876717116263396747e+03
4.686000000000000165e-01 -7.882633926434650675e+03
4.687000000000000055e-01 -7.887479737746481987e+03
4.688000000000000500e-01 -7.890349296657932427e+03
4.689000000000000390e-01 -7.892456857438866791e+03
4.690000000000000280e-01 -7.894439337205012635e+03
4.691000000000000170e-01 -7.896305921493619280e+03
4.692000000000000060e-01 -7.898091574505963763e+03
4.692999999999999949e-01 -7.899881783830639506e+03
4.694000000000000394e-01 -7.901742373925541870e+03
4.695000000000000284e-01 -7.903707415389645575e+03
4.696000000000000174e-01 -7.905774406287404418e+03
4.697000000000000064e-01 -7.907926323937393136e+03
4.697999999999999954e-01 -7.910145183153621474e+03
4.699000000000000399e-01 -7.912414477743604039e+03
4.700000000000000289e-01 -7.914715230957531276e+03
4.701000000000000179e-01 -7.917025192385971422e+03
4.702000000000000068e-01 -7.919328355545916565e+03
4.702999999999999958e-01 -7.921616840622944437e+03
4.704000000000000403e-01 -7.923886179299654941e+03
4.705000000000000293e-01 -7.926134814904791710e+03
4.706000000000000183e-01 -7.928366761960374788e+03
4.707000000000000073e-01 -7.930589872109579119e+03
4.707999999999999963e-01 -7.932809968271895741e+03
4.709000000000000408e-01 -7.935030187145859600e+03
4.710000000000000298e-01 -7.937251812120332943e+03
4.711000000000000187e-01 -7.939478636450920021e+03
4.712000000000000077e-01 -7.941714417223939563e+03
4.712999999999999967e-01 -7.943959432217261565e+03
4.714000000000000412e-01 -7.946212382730077479e+03
4.715000000000000302e-01 -7.948471628895144022e+03
4.716000000000000192e-01 -7.950735442296770088e+03
4.717000000000000082e-01 -7.953002329574310352e+03
4.717999999999999972e-01 -7.955271413189619125e+03
4.719000000000000417e-01 -7.957541852368084619e+03
4.720000000000000306e-01 -7.959813055474604880e+03
4.721000000000000196e-01 -7.962085133214693087e+03
4.722000000000000086e-01 -7.964358693034093449e+03
4.722999999999999976e-01 -7.966633550911238672e+03
4.724000000000000421e-01 -7.968906436220802789e+03
4.725000000000000311e-01 -7.971172497979338004e+03
4.726000000000000201e-01 -7.973430699672868286e+03
4.727000000000000091e-01 -7.975681569386540104e+03
4.727999999999999980e-01 -7.977925873328480520e+03
4.729000000000000425e-01 -7.980165051091434179e+03
4.730000000000000315e-01 -7.982400549356395459e+03
4.731000000000000205e-01 -7.984633289066551697e+03
4.732000000000000095e-01 -7.986863768682395857e+03
4.732999999999999985e-01 -7.989092297119012073e+03
4.734000000000000430e-01 -7.991319126770141338e+03
4.735000000000000320e-01 -7.993544516286236103e+03
4.736000000000000210e-01 -7.995768750137518509e+03
4.737000000000000099e-01 -7.997992134525782603e+03
4.737999999999999989e-01 -8.000214982255147333e+03
4.739000000000000434e-01 -8.002437594320765129e+03
4.740000000000000324e-01 -8.004660275470931083e+03
4.741000000000000214e-01 -8.006883351265657438e+03
4.742000000000000104e-01 -8.009107002785216537e+03
4.742999999999999994e-01 -8.011331320437659997e+03
4.744000000000000439e-01 -8.013556352266817157e+03
4.745000000000000329e-01 -8.015782169855599022e+03
4.746000000000000218e-01 -8.018009160520773548e+03
4.747000000000000108e-01 -8.020237420590012334e+03
4.747999999999999998e-01 -8.022466620047493052e+03
4.749000000000000443e-01 -8.024696375013646502e+03
4.750000000000000333e-01 -8.026926371740501054e+03
4.751000000000000223e-01 -8.029156386441071845e+03
4.752000000000000113e-01 -8.031386272193470177e+03
4.753000000000000003e-01 -8.033615938127668414e+03
4.754000000000000448e-01 -8.035845329930672960e+03
4.755000000000000338e-01 -8.038074414640268515e+03
4.756000000000000227e-01 -8.040303170352184679e+03
4.757000000000000117e-01 -8.042531580414612108e+03
4.758000000000000007e-01 -8.044759631201887714e+03
4.759000000000000452e-01 -8.046987312347985608e+03
4.760000000000000342e-01 -8.049214618293164676e+03
4.761000000000000232e-01 -8.051441550147135786e+03
4.762000000000000122e-01 -8.053668117129268467e+03
4.763000000000000012e-01 -8.055894337149234161e+03
4.764000000000000457e-01 -8.058120236397638109e+03
4.765000000000000346e-01 -8.060345848056374052e+03
4.766000000000000236e-01 -8.062570752231079496e+03
4.767000000000000126e-01 -8.064792553996438983e+03
4.768000000000000016e-01 -8.067009886564866974e+03
4.769000000000000461e-01 -8.069223488770860968e+03
4.770000000000000351e-01 -8.071434448712854646e+03
4.771000000000000241e-01 -8.073643694653935199e+03
4.772000000000000131e-01 -8.075851941623214771e+03
4.773000000000000020e-01 -8.078059720992639086e+03
4.774000000000000465e-01 -8.080267463439226958e+03
4.775000000000000355e-01 -8.082475572383486906e+03
4.776000000000000245e-01 -8.084684209661725617e+03
4.777000000000000135e-01 -8.086893392925027001e+03
4.778000000000000025e-01 -8.089103077057364317e+03
4.779000000000000470e-01 -8.091313179897345435e+03
4.780000000000000360e-01 -8.093523594306333507e+03
4.781000000000000250e-01 -8.095734198513062438e+03
4.782000000000000139e-01 -8.097944866981615633e+03
4.783000000000000029e-01 -8.100155482373029372e+03
4.784000000000000474e-01 -8.102365960137103684e+03
4.785000000000000364e-01 -8.104576226586998018e+03
4.786000000000000254e-01 -8.106786220993129973e+03
4.787000000000000144e-01 -8.108995909344129359e+03
4.788000000000000034e-01 -8.111205283325852179e+03
4.789000000000000479e-01 -8.113414355115486615e+03
4.790000000000000369e-01 -8.115623151053971014e+03
4.791000000000000258e-01 -8.117831470732683556e+03
4.792000000000000148e-01 -8.120038831085353195e+03
4.793000000000000038e-01 -8.122245140944758532e+03
4.794000000000000483e-01 -8.124449883725065774e+03
4.795000000000000373e-01 -8.126653094735172999e+03
4.796000000000000263e-01 -8.128855095878744578e+03
4.797000000000000153e-01 -8.131056196040913164e+03
4.798000000000000043e-01 -8.133256626573903304e+03
4.799000000000000488e-01 -8.135456547811217206e+03
4.800000000000000377e-01 -8.137656067587994585e+03
4.801000000000000267e-01 -8.139842312626408784e+03
4.802000000000000157e-01 -8.141987420750543606e+03
4.803000000000000047e-01 -8.144093577378312148e+03
4.804000000000000492e-01 -8.146170054068172249e+03
4.805000000000000382e-01 -8.148224899032641588e+03
4.806000000000000272e-01 -8.150264048383002773e+03
4.807000000000000162e-01 -8.152291718928046066e+03
4.808000000000000052e-01 -8.154310866564806929e+03
4.809000000000000496e-01 -8.156323428661100479e+03
4.810000000000000386e-01 -8.158329773565606047e+03
4.811000000000000276e-01 -8.160330101044966796e+03
4.812000000000000166e-01 -8.162324833265504822e+03
4.813000000000000056e-01 -8.164315681020644661e+03
4.814000000000000501e-01 -8.166304766589508290e+03
4.815000000000000391e-01 -8.168292874297004346e+03
4.816000000000000281e-01 -8.170279474257339643e+03
4.817000000000000171e-01 -8.172264862258279209e+03
4.818000000000000060e-01 -8.174249235244531519e+03
4.819000000000000505e-01 -8.176232666038295974e+03
4.820000000000000395e-01 -8.178215253415862207e+03
4.821000000000000285e-01 -8.180197129914006837e+03
4.822000000000000175e-01 -8.182178444457375008e+03
4.823000000000000065e-01 -8.184159332139103753e+03
4.823999999999999955e-01 -8.186139888274738951e+03
4.825000000000000400e-01 -8.188120205531072315e+03
4.826000000000000290e-01 -8.190100351989343835e+03
4.827000000000000179e-01 -8.192080365073885332e+03
4.828000000000000069e-01 -8.194060257049912252e+03
4.828999999999999959e-01 -8.196040023243047472e+03
4.830000000000000404e-01 -8.198019649899095384e+03
4.831000000000000294e-01 -8.199999120328200661e+03
4.832000000000000184e-01 -8.201978419142165876e+03
4.833000000000000074e-01 -8.203958678818424232e+03
4.833999999999999964e-01 -8.205940195649820453e+03
4.835000000000000409e-01 -8.207920856033380915e+03
4.836000000000000298e-01 -8.209902012361670131e+03
4.837000000000000188e-01 -8.211883402587392993e+03
4.838000000000000078e-01 -8.213864598938251220e+03
4.838999999999999968e-01 -8.215845414850635279e+03
4.840000000000000413e-01 -8.217825846195268241e+03
4.841000000000000303e-01 -8.219805945629992493e+03
4.842000000000000193e-01 -8.221785654748764500e+03
4.843000000000000083e-01 -8.223764779560247916e+03
4.843999999999999972e-01 -8.225743037958267450e+03
4.845000000000000417e-01 -8.227720245518121374e+03
4.846000000000000307e-01 -8.229696338834601193e+03
4.847000000000000197e-01 -8.231671392088001085e+03
4.848000000000000087e-01 -8.233645601368856660e+03
4.848999999999999977e-01 -8.235618902628326396e+03
4.850000000000000422e-01 -8.237591260316517946e+03
4.851000000000000312e-01 -8.239562852734858097e+03
4.852000000000000202e-01 -8.241533988928982581e+03
4.853000000000000091e-01 -8.243505177562601602e+03
4.853999999999999981e-01 -8.245476941685939892e+03
4.855000000000000426e-01 -8.247448948572804511e+03
4.856000000000000316e-01 -8.249420824145989172e+03
4.857000000000000206e-01 -8.251392276701913943e+03
4.858000000000000096e-01 -8.253363037826009531e+03
4.858999999999999986e-01 -8.255332893773254909e+03
4.860000000000000431e-01 -8.257301727913787545e+03
4.861000000000000321e-01 -8.259269513623879902e+03
4.862000000000000210e-01 -8.261236262586533485e+03
4.863000000000000100e-01 -8.263201866377959959e+03
4.863999999999999990e-01 -8.265165999080123584e+03
4.865000000000000435e-01 -8.267128060059454583e+03
4.866000000000000325e-01 -8.269085016360997543e+03
4.867000000000000215e-01 -8.271033476969803814e+03
4.868000000000000105e-01 -8.272972817656393090e+03
4.868999999999999995e-01 -8.274903109202603446e+03
4.870000000000000440e-01 -8.276825128747392228e+03
4.871000000000000330e-01 -8.278739926898750127e+03
4.872000000000000219e-01 -8.280648558955397675e+03
4.873000000000000109e-01 -8.282552053436358619e+03
4.873999999999999999e-01 -8.284451422083548096e+03
4.875000000000000444e-01 -8.286347637682583809e+03
4.876000000000000334e-01 -8.288241758628140815e+03
4.877000000000000224e-01 -8.290134637695038691e+03
4.878000000000000114e-01 -8.292029610568060889e+03
4.879000000000000004e-01 -8.293928157034455580e+03
4.880000000000000449e-01 -8.295831073233106508e+03
4.881000000000000338e-01 -8.297739324194297296e+03
4.882000000000000228e-01 -8.299654247470491100e+03
4.883000000000000118e-01 -8.301576637009033220e+03
4.884000000000000008e-01 -8.303506838370822152e+03
4.885000000000000453e-01 -8.305445169403375985e+03
4.886000000000000343e-01 -8.307389550036577930e+03
4.887000000000000233e-01 -8.309338307776566580e+03
4.888000000000000123e-01 -8.311300677167913818e+03
4.889000000000000012e-01 -8.313273151989369580e+03
4.890000000000000457e-01 -8.315268715033695116e+03
4.891000000000000347e-01 -8.317272694440905980e+03
4.892000000000000237e-01 -8.319278688178075754e+03
4.893000000000000127e-01 -8.321284570430603708e+03
4.894000000000000017e-01 -8.323287614328846757e+03
4.895000000000000462e-01 -8.325285742628502703e+03
4.896000000000000352e-01 -8.327278105950292229e+03
4.897000000000000242e-01 -8.329264949823673305e+03
4.898000000000000131e-01 -8.331247262437509562e+03
4.899000000000000021e-01 -8.333226420283152038e+03
4.900000000000000466e-01 -8.335204584540721044e+03
4.901000000000000356e-01 -8.337186559286739794e+03
4.902000000000000246e-01 -8.339171851310586135e+03
4.903000000000000136e-01 -8.341157555596701059e+03
4.904000000000000026e-01 -8.343141748259165979e+03
4.905000000000000471e-01 -8.345123531321729388e+03
4.906000000000000361e-01 -8.347102886084607235e+03
4.907000000000000250e-01 -8.349052419436002310e+03
4.908000000000000140e-01 -8.350991384786855633e+03
4.909000000000000030e-01 -8.352952172223678645e+03
4.910000000000000475e-01 -8.354934850368839761e+03
4.911000000000000365e-01 -8.356942124136126949e+03
4.912000000000000255e-01 -8.358978161070732313e+03
4.913000000000000145e-01 -8.361021544193024965e+03
4.914000000000000035e-01 -8.363051564756066000e+03
4.915000000000000480e-01 -8.365055849749927802e+03
4.916000000000000369e-01 -8.367031012495206596e+03
4.917000000000000259e-01 -8.368979566497608175e+03
4.918000000000000149e-01 -8.370906055527113494e+03
4.919000000000000039e-01 -8.372807411314848650e+03
4.920000000000000484e-01 -8.374682871496041116e+03
4.921000000000000374e-01 -8.376531276903375328e+03
4.922000000000000264e-01 -8.378347696170823838e+03
4.923000000000000154e-01 -8.380128154559795803e+03
4.924000000000000044e-01 -8.381875174671899003e+03
4.925000000000000488e-01 -8.383593851456889752e+03
4.926000000000000378e-01 -8.385289814990370360e+03
4.927000000000000268e-01 -8.386965273184099715e+03
4.928000000000000158e-01 -8.388613574553199214e+03
4.929000000000000048e-01 -8.390213985584032343e+03
4.930000000000000493e-01 -8.391748768400017070e+03
4.931000000000000383e-01 -8.393203770235111733e+03
4.932000000000000273e-01 -8.394565876896167538e+03
4.933000000000000163e-01 -8.395822749324261167e+03
4.934000000000000052e-01 -8.396963846354234192e+03
4.935000000000000497e-01 -8.397982950155543222e+03
4.936000000000000387e-01 -8.398874751542312879e+03
4.937000000000000277e-01 -8.399632448239804944e+03
4.938000000000000167e-01 -8.400252352684823563e+03
4.939000000000000057e-01 -8.400765481211305087e+03
4.940000000000000502e-01 -8.401227837994383663e+03
4.941000000000000392e-01 -8.401651304763237931e+03
4.942000000000000282e-01 -8.402032107097496919e+03
4.943000000000000171e-01 -8.402377292640223459e+03
4.944000000000000061e-01 -8.402690533540018805e+03
4.945000000000000506e-01 -8.403010872969261982e+03
4.946000000000000396e-01 -8.403410169333257727e+03
4.947000000000000286e-01 -8.403875672789326927e+03
4.948000000000000176e-01 -8.403815344679662303e+03
4.949000000000000066e-01 -8.402900560692200088e+03
4.950000000000000511e-01 -8.401771623890488627e+03
4.951000000000000401e-01 -8.401075331434556574e+03
4.952000000000000290e-01 -8.401012938084471898e+03
4.953000000000000180e-01 -8.401499955126668283e+03
4.954000000000000070e-01 -8.402467995455515847e+03
4.954999999999999960e-01 -8.403789648880025197e+03
4.956000000000000405e-01 -8.405325479439514311e+03
4.957000000000000295e-01 -8.406986052924090473e+03
4.958000000000000185e-01 -8.408719183298489952e+03
4.959000000000000075e-01 -8.410501979106744329e+03
4.959999999999999964e-01 -8.412332733340046616e+03
4.961000000000000409e-01 -8.414221825018446907e+03
4.962000000000000299e-01 -8.416166324576970510e+03
4.963000000000000189e-01 -8.418158193005845533e+03
4.964000000000000079e-01 -8.420181152358160034e+03
4.964999999999999969e-01 -8.422226966570167860e+03
4.966000000000000414e-01 -8.424266872543286809e+03
4.967000000000000304e-01 -8.426326115024676255e+03
4.968000000000000194e-01 -8.428413435416530774e+03
4.969000000000000083e-01 -8.430506305071803581e+03
4.969999999999999973e-01 -8.432598885256942594e+03
4.971000000000000418e-01 -8.434691655045564403e+03
4.972000000000000308e-01 -8.436781821744209083e+03
4.973000000000000198e-01 -8.438864403553650845e+03
4.974000000000000088e-01 -8.440937725486461204e+03
4.974999999999999978e-01 -8.443001453690894778e+03
4.976000000000000423e-01 -8.445059653871279806e+03
4.977000000000000313e-01 -8.447113036748274681e+03
4.978000000000000203e-01 -8.449161701566705233e+03
4.979000000000000092e-01 -8.451207402987987734e+03
4.979999999999999982e-01 -8.453247012973690289e+03
4.981000000000000427e-01 -8.455285617062438178e+03
4.982000000000000317e-01 -8.457318570088482375e+03
4.983000000000000207e-01 -8.459347070709398395e+03
4.984000000000000097e-01 -8.461379526231559794e+03
4.984999999999999987e-01 -8.463408769324323657e+03
4.986000000000000432e-01 -8.465436539306580016e+03
4.987000000000000322e-01 -8.467469996785133844e+03
4.988000000000000211e-01 -8.469498932564414645e+03
4.989000000000000101e-01 -8.471528776408233171e+03
4.989999999999999991e-01 -8.473566344242088235e+03
4.991000000000000436e-01 -8.475600243193015558e+03
4.992000000000000326e-01 -8.477636303592784316e+03
4.993000000000000216e-01 -8.479678128181982174e+03
4.994000000000000106e-01 -8.481717268321235679e+03
4.994999999999999996e-01 -8.483756900810009029e+03
4.996000000000000441e-01 -8.485798862597821426e+03
4.997000000000000330e-01 -8.487843886077429488e+03
4.998000000000000220e-01 -8.489891513046497494e+03
4.999000000000000110e-01 -8.491940411062600106e+03
5.000000000000000000e-01 -8.493990727153142871e+03
5.000999999999999890e-01 -8.497855391493727439e+03
5.001999999999999780e-01 -8.502912735395300842e+03
5.003000000000000780e-01 -8.508250085025783847e+03
5.004000000000000670e-01 -8.513877351632450882e+03
5.005000000000000560e-01 -8.520134353384890346e+03
5.006000000000000449e-01 -8.527213662181475229e+03
5.007000000000000339e-01 -8.535026664892942790e+03
5.008000000000000229e-01 -8.543286658254219219e+03
5.009000000000000119e-01 -8.552058224509335560e+03
5.010000000000000009e-01 -8.560483841330378709e+03
5.010999999999999899e-01 -8.566637764416393111e+03
5.011999999999999789e-01 -8.570668774655416200e+03
5.013000000000000789e-01 -8.573715080645824855e+03
5.014000000000000679e-01 -8.576283979699939664e+03
5.015000000000000568e-01 -8.578595273761307908e+03
5.016000000000000458e-01 -8.580707939774263650e+03
5.017000000000000348e-01 -8.582598609439401116e+03
5.018000000000000238e-01 -8.584251443318471502e+03
5.019000000000000128e-01 -8.585840749788811081e+03
5.020000000000000018e-01 -8.588200355202376159e+03
5.020999999999999908e-01 -8.591515134889601541e+03
5.021999999999999797e-01 -8.594294055895990823e+03
5.022999999999999687e-01 -8.596343998902770181e+03
5.024000000000000687e-01 -8.597951048828001149e+03
5.025000000000000577e-01 -8.599320570062016486e+03
5.026000000000000467e-01 -8.600558535875143207e+03
5.027000000000000357e-01 -8.601725759861703409e+03
5.028000000000000247e-01 -8.602846923567480189e+03
5.029000000000000137e-01 -8.603903688051697827e+03
5.030000000000000027e-01 -8.604894108587663140e+03
5.030999999999999917e-01 -8.605832063035151805e+03
5.031999999999999806e-01 -8.606722284105757353e+03
5.032999999999999696e-01 -8.607553593965238178e+03
5.034000000000000696e-01 -8.608303128485593334e+03
5.035000000000000586e-01 -8.608959665708011016e+03
5.036000000000000476e-01 -8.609522756458170988e+03
5.037000000000000366e-01 -8.609996414819730489e+03
5.038000000000000256e-01 -8.610380952010214969e+03
5.039000000000000146e-01 -8.610664665572723607e+03
5.040000000000000036e-01 -8.610841222058030326e+03
5.040999999999999925e-01 -8.610968498353848190e+03
5.041999999999999815e-01 -8.611111394239776928e+03
5.042999999999999705e-01 -8.611279725081943980e+03
5.044000000000000705e-01 -8.611471180695563817e+03
5.045000000000000595e-01 -8.611691229394135007e+03
5.046000000000000485e-01 -8.612017245277313123e+03
5.047000000000000375e-01 -8.612487446569815802e+03
5.048000000000000265e-01 -8.613074646365146691e+03
5.049000000000000155e-01 -8.613758509081337252e+03
5.050000000000000044e-01 -8.614519111773619443e+03
5.050999999999999934e-01 -8.615349092510881746e+03
5.051999999999999824e-01 -8.616315608373277428e+03
5.052999999999999714e-01 -8.617474313752700255e+03
5.054000000000000714e-01 -8.618828932287175121e+03
5.055000000000000604e-01 -8.620363308132742532e+03
5.056000000000000494e-01 -8.622054478229674714e+03
5.057000000000000384e-01 -8.623852976648846379e+03
5.058000000000000274e-01 -8.625717998150745188e+03
5.059000000000000163e-01 -8.627625860682195707e+03
5.060000000000000053e-01 -8.629566011109389365e+03
5.060999999999999943e-01 -8.631534335877913691e+03
5.061999999999999833e-01 -8.633529214946904176e+03
5.062999999999999723e-01 -8.635542604977285009e+03
5.064000000000000723e-01 -8.637562898733111069e+03
5.065000000000000613e-01 -8.639627178461152653e+03
5.066000000000000503e-01 -8.641706319808063199e+03
5.067000000000000393e-01 -8.643790851301162547e+03
5.068000000000000282e-01 -8.645875902258210772e+03
5.069000000000000172e-01 -8.647957502395594929e+03
5.070000000000000062e-01 -8.650033667105153654e+03
5.070999999999999952e-01 -8.652103266919359157e+03
5.071999999999999842e-01 -8.654165508118363505e+03
5.072999999999999732e-01 -8.656219649916722119e+03
5.074000000000000732e-01 -8.658265556709100565e+03
5.075000000000000622e-01 -8.660303232646763718e+03
5.076000000000000512e-01 -8.662332326420520985e+03
5.077000000000000401e-01 -8.664352435146682183e+03
5.078000000000000291e-01 -8.666348051283459426e+03
5.079000000000000181e-01 -8.668345961344119132e+03
5.080000000000000071e-01 -8.670343608021741602e+03
5.080999999999999961e-01 -8.672335098983307034e+03
5.081999999999999851e-01 -8.674319365546918561e+03
5.082999999999999741e-01 -8.676298530258491155e+03
5.084000000000000741e-01 -8.678273735387030683e+03
5.085000000000000631e-01 -8.680246386108414299e+03
5.086000000000000520e-01 -8.682217276417068206e+03
5.087000000000000410e-01 -8.684186139871053456e+03
5.088000000000000300e-01 -8.686153833883183324e+03
5.089000000000000190e-01 -8.688121886672681285e+03
5.090000000000000080e-01 -8.689945873371789276e+03
5.090999999999999970e-01 -8.691234087791182901e+03
5.091999999999999860e-01 -8.692414389327828758e+03
5.092999999999999750e-01 -8.693704464608606941e+03
5.094000000000000750e-01 -8.695120365457642038e+03
5.095000000000000639e-01 -8.696240676518518740e+03
5.096000000000000529e-01 -8.697047200790251736e+03
5.097000000000000419e-01 -8.697794570724747246e+03
5.098000000000000309e-01 -8.698571465949184130e+03
5.099000000000000199e-01 -8.699410979471207611e+03
5.100000000000000089e-01 -8.700353611109225312e+03
5.100999999999999979e-01 -8.701440745833049732e+03
5.101999999999999869e-01 -8.702758801735246379e+03
5.102999999999999758e-01 -8.704365999563367950e+03
5.104000000000000759e-01 -8.706273935672641528e+03
5.105000000000000648e-01 -8.708127477409583662e+03
5.106000000000000538e-01 -8.709917203757220705e+03
5.107000000000000428e-01 -8.711824358799862239e+03
5.108000000000000318e-01 -8.713872310957323862e+03
5.109000000000000208e-01 -8.716031606609220034e+03
5.110000000000000098e-01 -8.717993106296124097e+03
5.110999999999999988e-01 -8.719767630039890719e+03
5.111999999999999877e-01 -8.721586349112854805e+03
5.112999999999999767e-01 -8.723515744492331578e+03
5.114000000000000767e-01 -8.725561643173834455e+03
5.115000000000000657e-01 -8.727700807202127180e+03
5.116000000000000547e-01 -8.729906618771761714e+03
5.117000000000000437e-01 -8.732156423709131559e+03
5.118000000000000327e-01 -8.734433033543284182e+03
5.119000000000000217e-01 -8.736724986611023269e+03
5.120000000000000107e-01 -8.739025263124876801e+03
5.120999999999999996e-01 -8.741329883354934282e+03
5.121999999999999886e-01 -8.743637004497046291e+03
5.122999999999999776e-01 -8.745948857351348124e+03
5.124000000000000776e-01 -8.748260899248771238e+03
5.125000000000000666e-01 -8.750575893464889305e+03
5.126000000000000556e-01 -8.752896591163029370e+03
5.127000000000000446e-01 -8.755224817753141906e+03
5.128000000000000336e-01 -8.757560218559798159e+03
5.129000000000000226e-01 -8.759898751917104164e+03
5.130000000000000115e-01 -8.762241245703366076e+03
5.131000000000000005e-01 -8.764588216343248860e+03
5.131999999999999895e-01 -8.766938977096900999e+03
5.132999999999999785e-01 -8.769292923980956402e+03
5.134000000000000785e-01 -8.771649610899576146e+03
5.135000000000000675e-01 -8.774008764912665356e+03
5.136000000000000565e-01 -8.776370211856105016e+03
5.137000000000000455e-01 -8.778733556400142334e+03
5.138000000000000345e-01 -8.781098425198866607e+03
5.139000000000000234e-01 -8.783465103729469774e+03
5.140000000000000124e-01 -8.785833879735520895e+03
5.141000000000000014e-01 -8.788205053626235895e+03
5.141999999999999904e-01 -8.790579659396009447e+03
5.142999999999999794e-01 -8.792958780571152602e+03
5.144000000000000794e-01 -8.795343814412985012e+03
5.145000000000000684e-01 -8.797733510597941859e+03
5.146000000000000574e-01 -8.800125711598557245e+03
5.147000000000000464e-01 -8.802520550703480694e+03
5.148000000000000353e-01 -8.804919538347687194e+03
5.149000000000000243e-01 -8.807322491328539400e+03
5.150000000000000133e-01 -8.809729254653133466e+03
5.151000000000000023e-01 -8.812139702141899761e+03
5.151999999999999913e-01 -8.814553719800154795e+03
5.152999999999999803e-01 -8.816971214840908942e+03
5.153999999999999693e-01 -8.819392142541353678e+03
5.155000000000000693e-01 -8.821816550561501572e+03
5.156000000000000583e-01 -8.824244686428268324e+03
5.157000000000000473e-01 -8.826677990465850598e+03
5.158000000000000362e-01 -8.829122089810007310e+03
5.159000000000000252e-01 -8.831580005576259282e+03
5.160000000000000142e-01 -8.834052747768446352e+03
5.161000000000000032e-01 -8.836540627808490171e+03
5.161999999999999922e-01 -8.839042883432561212e+03
5.162999999999999812e-01 -8.841558845817353358e+03
5.163999999999999702e-01 -8.844088079286881111e+03
5.165000000000000702e-01 -8.846630623588749586e+03
5.166000000000000592e-01 -8.849186827425432057e+03
5.167000000000000481e-01 -8.851759589385141226e+03
5.168000000000000371e-01 -8.854358903850124989e+03
5.169000000000000261e-01 -8.856992733695915376e+03
5.170000000000000151e-01 -8.859666075156539591e+03
5.171000000000000041e-01 -8.862382215722942419e+03
5.171999999999999931e-01 -8.865149158409207303e+03
5.172999999999999821e-01 -8.867975393352768151e+03
5.173999999999999710e-01 -8.870864813453657916e+03
5.175000000000000711e-01 -8.873818833152741718e+03
5.176000000000000600e-01 -8.876836179866086241e+03
5.177000000000000490e-01 -8.879915000095308642e+03
5.178000000000000380e-01 -8.883056871127146223e+03
5.179000000000000270e-01 -8.886267619322990868e+03
5.180000000000000160e-01 -8.889559961542036035e+03
5.181000000000000050e-01 -8.892957974232904235e+03
5.181999999999999940e-01 -8.896483558782387263e+03
5.182999999999999829e-01 -8.900151976047560311e+03
5.183999999999999719e-01 -8.903980293368200364e+03
5.185000000000000719e-01 -8.908009467258167206e+03
5.186000000000000609e-01 -8.912294541247772941e+03
5.187000000000000499e-01 -8.916957716677559802e+03
5.188000000000000389e-01 -8.922106152119384205e+03
5.189000000000000279e-01 -8.927790821525688443e+03
5.190000000000000169e-01 -8.933938875291794830e+03
5.191000000000000059e-01 -8.940506693396593619e+03
5.191999999999999948e-01 -8.947594610984740939e+03
5.192999999999999838e-01 -8.955218952592258574e+03
5.193999999999999728e-01 -8.962165324368850634e+03
5.195000000000000728e-01 -8.965720975267813628e+03
5.196000000000000618e-01 -8.967376358768948194e+03
5.197000000000000508e-01 -8.968681843120863050e+03
5.198000000000000398e-01 -8.970097172712876272e+03
5.199000000000000288e-01 -8.971703155645815059e+03
5.200000000000000178e-01 -8.973588875428125903e+03
5.201000000000000068e-01 -8.975755349699580620e+03
5.201999999999999957e-01 -8.978009442920767469e+03
5.202999999999999847e-01 -8.980261649176425635e+03
5.203999999999999737e-01 -8.982506925877280082e+03
5.205000000000000737e-01 -8.984766017788055251e+03
5.206000000000000627e-01 -8.987050171162731203e+03
5.207000000000000517e-01 -8.989353705123525287e+03
5.208000000000000407e-01 -8.991664919408129208e+03
5.209000000000000297e-01 -8.993969786248446326e+03
5.210000000000000187e-01 -8.996263438431687973e+03
5.211000000000000076e-01 -8.998558846498995990e+03
5.211999999999999966e-01 -9.000854863107200799e+03
5.212999999999999856e-01 -9.003141049789323006e+03
5.213999999999999746e-01 -9.005422317652202764e+03
5.215000000000000746e-01 -9.007704464614531389e+03
5.216000000000000636e-01 -9.009989165598964973e+03
5.217000000000000526e-01 -9.012302554384808900e+03
5.218000000000000416e-01 -9.014689132067946048e+03
5.219000000000000306e-01 -9.017156025581041831e+03
5.220000000000000195e-01 -9.019628053398868360e+03
5.221000000000000085e-01 -9.022062627304891066e+03
5.221999999999999975e-01 -9.024449751107356860e+03
5.222999999999999865e-01 -9.026800624906640223e+03
5.223999999999999755e-01 -9.029116127445415259e+03
5.225000000000000755e-01 -9.031401156186588196e+03
5.226000000000000645e-01 -9.033669936986967514e+03
5.227000000000000535e-01 -9.035937770399197689e+03
5.228000000000000425e-01 -9.038213624980218810e+03
5.229000000000000314e-01 -9.040502017962291575e+03
5.230000000000000204e-01 -9.042789511631382993e+03
5.231000000000000094e-01 -9.045080514950705037e+03
5.231999999999999984e-01 -9.047378155067390253e+03
5.232999999999999874e-01 -9.049683925461913532e+03
5.233999999999999764e-01 -9.051998598461248548e+03
5.235000000000000764e-01 -9.054322332533836743e+03
5.236000000000000654e-01 -9.056655090424805167e+03
5.237000000000000544e-01 -9.058996748325196677e+03
5.238000000000000433e-01 -9.061347149878160053e+03
5.239000000000000323e-01 -9.063706121972147230e+03
5.240000000000000213e-01 -9.066073475874920405e+03
5.241000000000000103e-01 -9.068448561292110753e+03
5.241999999999999993e-01 -9.070827394574409482e+03
5.242999999999999883e-01 -9.073210636163270465e+03
5.243999999999999773e-01 -9.075601343534743137e+03
5.245000000000000773e-01 -9.077992464247829048e+03
5.246000000000000663e-01 -9.080372084917589746e+03
5.247000000000000552e-01 -9.082740422303148080e+03
5.248000000000000442e-01 -9.085103078640582680e+03
5.249000000000000332e-01 -9.087454618226223829e+03
5.250000000000000222e-01 -9.089786668670774816e+03
5.251000000000000112e-01 -9.092083418841879393e+03
5.252000000000000002e-01 -9.094352261927746440e+03
5.252999999999999892e-01 -9.096605842929579012e+03
5.253999999999999782e-01 -9.098851473608277956e+03
5.255000000000000782e-01 -9.101092694102753740e+03
5.256000000000000671e-01 -9.103330974250187865e+03
5.257000000000000561e-01 -9.105566725382359436e+03
5.258000000000000451e-01 -9.107799931830915739e+03
5.259000000000000341e-01 -9.110030540369980372e+03
5.260000000000000231e-01 -9.112258660565412356e+03
5.261000000000000121e-01 -9.114484663507269943e+03
5.262000000000000011e-01 -9.116708995387629329e+03
5.262999999999999901e-01 -9.118932374933121537e+03
5.263999999999999790e-01 -9.121155561053905330e+03
5.265000000000000790e-01 -9.123379183800654573e+03
5.266000000000000680e-01 -9.125603813828915008e+03
5.267000000000000570e-01 -9.127829915981783415e+03
5.268000000000000460e-01 -9.130057865777220286e+03
5.269000000000000350e-01 -9.132287942974975522e+03
5.270000000000000240e-01 -9.134520128921885771e+03
5.271000000000000130e-01 -9.136753660427306386e+03
5.272000000000000020e-01 -9.138990992845778237e+03
5.272999999999999909e-01 -9.141228601349768724e+03
5.273999999999999799e-01 -9.143466699132393842e+03
5.275000000000000799e-01 -9.145705500681480771e+03
5.276000000000000689e-01 -9.147944883383661363e+03
5.277000000000000579e-01 -9.150184528722145842e+03
5.278000000000000469e-01 -9.152424291247454676e+03
5.279000000000000359e-01 -9.154664044344361173e+03
5.280000000000000249e-01 -9.156902490440983456e+03
5.281000000000000139e-01 -9.159141301696479786e+03
5.282000000000000028e-01 -9.161380281279800329e+03
5.282999999999999918e-01 -9.163618884430215985e+03
5.283999999999999808e-01 -9.165856832338708045e+03
5.285000000000000808e-01 -9.168094138739925256e+03
5.286000000000000698e-01 -9.170330005261399492e+03
5.287000000000000588e-01 -9.172566361051091008e+03
5.288000000000000478e-01 -9.174802540921837135e+03
5.289000000000000368e-01 -9.177038172943835889e+03
5.290000000000000258e-01 -9.179272689702000207e+03
5.291000000000000147e-01 -9.181507087632639013e+03
5.292000000000000037e-01 -9.183741791479218591e+03
5.292999999999999927e-01 -9.185975801583188513e+03
5.293999999999999817e-01 -9.188209140340411977e+03
5.294999999999999707e-01 -9.190442967122868140e+03
5.296000000000000707e-01 -9.192675284417962757e+03
5.297000000000000597e-01 -9.194907316698010618e+03
5.298000000000000487e-01 -9.197137866816166934e+03
5.299000000000000377e-01 -9.199366991815792062e+03
5.300000000000000266e-01 -9.201594769374976750e+03
5.301000000000000156e-01 -9.203809074237273308e+03
5.302000000000000046e-01 -9.205982683096406618e+03
5.302999999999999936e-01 -9.208116652795728442e+03
5.303999999999999826e-01 -9.210219165434700699e+03
5.304999999999999716e-01 -9.212298105405634487e+03
5.306000000000000716e-01 -9.214359657360762867e+03
5.307000000000000606e-01 -9.216407832456565302e+03
5.308000000000000496e-01 -9.218445106413513713e+03
5.309000000000000385e-01 -9.220474065361513567e+03
5.310000000000000275e-01 -9.222496369221988061e+03
5.311000000000000165e-01 -9.224512313365759837e+03
5.312000000000000055e-01 -9.226523748258969135e+03
5.312999999999999945e-01 -9.228531981777603505e+03
5.313999999999999835e-01 -9.230537892877018749e+03
5.314999999999999725e-01 -9.232542086232737347e+03
5.316000000000000725e-01 -9.234544996204718700e+03
5.317000000000000615e-01 -9.236546954562656538e+03
5.318000000000000504e-01 -9.238548216680206679e+03
5.319000000000000394e-01 -9.240548978955610437e+03
5.320000000000000284e-01 -9.242549366831242878e+03
5.321000000000000174e-01 -9.244549430645520260e+03
5.322000000000000064e-01 -9.246549242404975303e+03
5.322999999999999954e-01 -9.248548877961839025e+03
5.323999999999999844e-01 -9.250548396607751783e+03
5.324999999999999734e-01 -9.252547837551954217e+03
5.326000000000000734e-01 -9.254547222236864400e+03
5.327000000000000624e-01 -9.256546557933248550e+03
5.328000000000000513e-01 -9.258545841181392461e+03
5.329000000000000403e-01 -9.260545060722313792e+03
5.330000000000000293e-01 -9.262544199881636814e+03
5.331000000000000183e-01 -9.264543238471993391e+03
5.332000000000000073e-01 -9.266542154043450864e+03
5.332999999999999963e-01 -9.268540868620650144e+03
5.333999999999999853e-01 -9.270539293564061154e+03
5.334999999999999742e-01 -9.272537393957105451e+03
5.336000000000000743e-01 -9.274535144020703228e+03
5.337000000000000632e-01 -9.276532568870234172e+03
5.338000000000000522e-01 -9.278529679010716791e+03
5.339000000000000412e-01 -9.280526474664127818e+03
5.340000000000000302e-01 -9.282522949531299673e+03
5.341000000000000192e-01 -9.284519092695541985e+03
5.342000000000000082e-01 -9.286514889444826622e+03
5.342999999999999972e-01 -9.288510321243660655e+03
5.343999999999999861e-01 -9.290505330101805157e+03
5.344999999999999751e-01 -9.292499887102474531e+03
5.346000000000000751e-01 -9.294494008582494644e+03
5.347000000000000641e-01 -9.296487640283447035e+03
5.348000000000000531e-01 -9.298480394181107840e+03
5.349000000000000421e-01 -9.300472470021137269e+03
5.350000000000000311e-01 -9.302463789278386685e+03
5.351000000000000201e-01 -9.304453537094052081e+03
5.352000000000000091e-01 -9.306439380683194031e+03
5.352999999999999980e-01 -9.308420302123602596e+03
5.353999999999999870e-01 -9.310396584553616776e+03
5.354999999999999760e-01 -9.312370171631224366e+03
5.356000000000000760e-01 -9.314341296434377000e+03
5.357000000000000650e-01 -9.316313178073167364e+03
5.358000000000000540e-01 -9.318281756751821376e+03
5.359000000000000430e-01 -9.320249119301135579e+03
5.360000000000000320e-01 -9.322215966647634559e+03
5.361000000000000210e-01 -9.324182240683032433e+03
5.362000000000000099e-01 -9.326147795939148637e+03
5.362999999999999989e-01 -9.328112660511562353e+03
5.363999999999999879e-01 -9.330077014354734274e+03
5.364999999999999769e-01 -9.332040919920476881e+03
5.366000000000000769e-01 -9.334004392418062707e+03
5.367000000000000659e-01 -9.335967666502969223e+03
5.368000000000000549e-01 -9.337931863743688154e+03
5.369000000000000439e-01 -9.339896162522938539e+03
5.370000000000000329e-01 -9.341859402536309062e+03
5.371000000000000218e-01 -9.343822278516334336e+03
5.372000000000000108e-01 -9.345786478626949247e+03
5.372999999999999998e-01 -9.347751773032201527e+03
5.373999999999999888e-01 -9.349717406325033153e+03
5.374999999999999778e-01 -9.351681249008761370e+03
5.376000000000000778e-01 -9.353641731329922550e+03
5.377000000000000668e-01 -9.355599846599690864e+03
5.378000000000000558e-01 -9.357557446235474345e+03
5.379000000000000448e-01 -9.359515103516272575e+03
5.380000000000000338e-01 -9.361475454556937621e+03
5.381000000000000227e-01 -9.363436982259367142e+03
5.382000000000000117e-01 -9.365398031345746858e+03
5.383000000000000007e-01 -9.367357614345955881e+03
5.383999999999999897e-01 -9.369315234416928433e+03
5.384999999999999787e-01 -9.371270720919574160e+03
5.386000000000000787e-01 -9.373224046817851558e+03
5.387000000000000677e-01 -9.375179970558468995e+03
5.388000000000000567e-01 -9.377132614818925504e+03
5.389000000000000457e-01 -9.379078024019638178e+03
5.390000000000000346e-01 -9.381022113340517535e+03
5.391000000000000236e-01 -9.382970329693651365e+03
5.392000000000000126e-01 -9.384925014257538351e+03
5.393000000000000016e-01 -9.386882431518546582e+03
5.393999999999999906e-01 -9.388844862572328566e+03
5.394999999999999796e-01 -9.390805235981102669e+03
5.396000000000000796e-01 -9.392754670474845625e+03
5.397000000000000686e-01 -9.394694843113360548e+03
5.398000000000000576e-01 -9.396625240438273977e+03
5.399000000000000465e-01 -9.398537396974516014e+03
5.400000000000000355e-01 -9.400435764726096750e+03
5.401000000000000245e-01 -9.402319242125058736e+03
5.402000000000000135e-01 -9.404200656928642275e+03
5.403000000000000025e-01 -9.406093498887448732e+03
5.403999999999999915e-01 -9.407991762738927719e+03
5.404999999999999805e-01 -9.409884828170022956e+03
5.406000000000000805e-01 -9.411783876168508868e+03
5.407000000000000695e-01 -9.413662301542713976e+03
5.408000000000000584e-01 -9.415546890210272977e+03
5.409000000000000474e-01 -9.417484527204720507e+03
5.410000000000000364e-01 -9.419471336236883872e+03
5.411000000000000254e-01 -9.421466968736240233e+03
5.412000000000000144e-01 -9.423437384134897002e+03
5.413000000000000034e-01 -9.425375325416322084e+03
5.413999999999999924e-01 -9.427291688263936521e+03
5.414999999999999813e-01 -9.429202224825810845e+03
5.416000000000000814e-01 -9.431120084418764236e+03
5.417000000000000703e-01 -9.433053134855619646e+03
5.418000000000000593e-01 -9.435003700999506691e+03
5.419000000000000483e-01 -9.436968733422532750e+03
5.420000000000000373e-01 -9.438941028688670485e+03
5.421000000000000263e-01 -9.440911842912537395e+03
5.422000000000000153e-01 -9.442873392776937180e+03
5.423000000000000043e-01 -9.444817263508961332e+03
5.423999999999999932e-01 -9.446735655915401367e+03
5.424999999999999822e-01 -9.448618106810750760e+03
5.425999999999999712e-01 -9.450445056811384347e+03
5.427000000000000712e-01 -9.452176087094909235e+03
5.428000000000000602e-01 -9.453776066566118971e+03
5.429000000000000492e-01 -9.455228109204070279e+03
5.430000000000000382e-01 -9.456523317600524024e+03
5.431000000000000272e-01 -9.457650843860699752e+03
5.432000000000000162e-01 -9.458594313675626836e+03
5.433000000000000052e-01 -9.459333683425988056e+03
5.433999999999999941e-01 -9.459848908317604582e+03
5.434999999999999831e-01 -9.460133152128895745e+03
5.435999999999999721e-01 -9.460221863181684967e+03
5.437000000000000721e-01 -9.460145410364901181e+03
5.438000000000000611e-01 -9.459898913235649161e+03
5.439000000000000501e-01 -9.459492270255726908e+03
5.440000000000000391e-01 -9.459033065074792830e+03
5.441000000000000281e-01 -9.458565103170352813e+03
5.442000000000000171e-01 -9.458121162330922743e+03
5.443000000000000060e-01 -9.457801383980871833e+03
5.443999999999999950e-01 -9.457701241824794124e+03
5.444999999999999840e-01 -9.457794983717047216e+03
5.445999999999999730e-01 -9.458040283223566803e+03
5.447000000000000730e-01 -9.458338058646317222e+03
5.448000000000000620e-01 -9.458594078138139594e+03
5.449000000000000510e-01 -9.459089453461614539e+03
5.450000000000000400e-01 -9.460097924264277026e+03
5.451000000000000290e-01 -9.461605343075108976e+03
5.452000000000000179e-01 -9.463466599340450557e+03
5.453000000000000069e-01 -9.465529086485279549e+03
5.453999999999999959e-01 -9.467662555437882475e+03
5.454999999999999849e-01 -9.469789903029433844e+03
5.455999999999999739e-01 -9.471871935508070237e+03
5.457000000000000739e-01 -9.473861654515507325e+03
5.458000000000000629e-01 -9.475838169549459053e+03
5.459000000000000519e-01 -9.477799332373537254e+03
5.460000000000000409e-01 -9.479717005075610359e+03
5.461000000000000298e-01 -9.481695398789906903e+03
5.462000000000000188e-01 -9.483771832419373823e+03
5.463000000000000078e-01 -9.485923694868841267e+03
5.463999999999999968e-01 -9.488086958137557303e+03
5.464999999999999858e-01 -9.490227209646978736e+03
5.465999999999999748e-01 -9.492335533261863020e+03
5.467000000000000748e-01 -9.494415649068503626e+03
5.468000000000000638e-01 -9.496468935038799827e+03
5.469000000000000528e-01 -9.498505711893794796e+03
5.470000000000000417e-01 -9.500538068129091698e+03
5.471000000000000307e-01 -9.502575194502273007e+03
5.472000000000000197e-01 -9.504618238799661412e+03
5.473000000000000087e-01 -9.506675052263532052e+03
5.473999999999999977e-01 -9.508746418202272253e+03
5.474999999999999867e-01 -9.510822612864376424e+03
5.475999999999999757e-01 -9.512895611000960344e+03
5.477000000000000757e-01 -9.514960192183865729e+03
5.478000000000000647e-01 -9.517013343888018426e+03
5.479000000000000536e-01 -9.519056522722723457e+03
5.480000000000000426e-01 -9.521091598734365107e+03
5.481000000000000316e-01 -9.523119012859750001e+03
5.482000000000000206e-01 -9.525140620886608303e+03
5.483000000000000096e-01 -9.527156080157907127e+03
5.483999999999999986e-01 -9.529166588341911847e+03
5.484999999999999876e-01 -9.531187073963661533e+03
5.485999999999999766e-01 -9.533201154788803251e+03
5.487000000000000766e-01 -9.535200137493795410e+03
5.488000000000000655e-01 -9.537195827917506904e+03
5.489000000000000545e-01 -9.539192549594125012e+03
5.490000000000000435e-01 -9.541193154405427777e+03
5.491000000000000325e-01 -9.543197803304323315e+03
5.492000000000000215e-01 -9.545206736609748987e+03
5.493000000000000105e-01 -9.547215599227509301e+03
5.493999999999999995e-01 -9.549225929361158705e+03
5.494999999999999885e-01 -9.551240370349625664e+03
5.495999999999999774e-01 -9.553256251861228520e+03
5.497000000000000774e-01 -9.555274952070998552e+03
5.498000000000000664e-01 -9.557296748847324125e+03
5.499000000000000554e-01 -9.559320150357996681e+03
5.500000000000000444e-01 -9.561348645464875517e+03
5.501000000000000334e-01 -9.565156985689496651e+03
5.502000000000000224e-01 -9.570072731724285404e+03
5.503000000000000114e-01 -9.575273778062373822e+03
5.504000000000000004e-01 -9.580822539331649750e+03
5.504999999999999893e-01 -9.587041895090804246e+03
5.505999999999999783e-01 -9.594130700547349988e+03
5.507000000000000783e-01 -9.601980544382888183e+03
5.508000000000000673e-01 -9.610080539364687866e+03
5.509000000000000563e-01 -9.618718289704011113e+03
5.510000000000000453e-01 -9.627755692663562513e+03
5.511000000000000343e-01 -9.635341730800651931e+03
5.512000000000000233e-01 -9.640266102252619021e+03
5.513000000000000123e-01 -9.643854578801585376e+03
5.514000000000000012e-01 -9.646797813477833188e+03
5.514999999999999902e-01 -9.649328450667537254e+03
5.515999999999999792e-01 -9.651575328813449232e+03
5.517000000000000792e-01 -9.653598432333024903e+03
5.518000000000000682e-01 -9.655425864474000264e+03
5.519000000000000572e-01 -9.657073186785955841e+03
5.520000000000000462e-01 -9.658585350564026157e+03
5.521000000000000352e-01 -9.659890806677407454e+03
5.522000000000000242e-01 -9.661656399600307850e+03
5.523000000000000131e-01 -9.664878438978441409e+03
5.524000000000000021e-01 -9.667939169936598773e+03
5.524999999999999911e-01 -9.670251312598287768e+03
5.525999999999999801e-01 -9.671987083788386371e+03
5.527000000000000801e-01 -9.673386926582619708e+03
5.528000000000000691e-01 -9.674576268087697827e+03
5.529000000000000581e-01 -9.675607025770066684e+03
5.530000000000000471e-01 -9.676491135391452190e+03
5.531000000000000361e-01 -9.677239714602437743e+03
5.532000000000000250e-01 -9.677866839227312084e+03
5.533000000000000140e-01 -9.678373966360102713e+03
5.534000000000000030e-01 -9.678753224438976758e+03
5.534999999999999920e-01 -9.678982420057998752e+03
5.535999999999999810e-01 -9.679010925561799013e+03
5.537000000000000810e-01 -9.678612555923626132e+03
5.538000000000000700e-01 -9.677719879775235313e+03
5.539000000000000590e-01 -9.676498685838594611e+03
5.540000000000000480e-01 -9.675177607516397984e+03
5.541000000000000369e-01 -9.673816868681466076e+03
5.542000000000000259e-01 -9.672441506566512544e+03
5.543000000000000149e-01 -9.671190430972828835e+03
5.544000000000000039e-01 -9.670298099844310855e+03
5.544999999999999929e-01 -9.669739662865964419e+03
5.545999999999999819e-01 -9.669617282330478702e+03
5.547000000000000819e-01 -9.669974891821964775e+03
5.548000000000000709e-01 -9.670877709285938181e+03
5.549000000000000599e-01 -9.672343678497032670e+03
5.550000000000000488e-01 -9.674220984733005025e+03
5.551000000000000378e-01 -9.676315734183837776e+03
5.552000000000000268e-01 -9.678490968110178073e+03
5.553000000000000158e-01 -9.680658206496453204e+03
5.554000000000000048e-01 -9.682789401514573910e+03
5.554999999999999938e-01 -9.684868580189624481e+03
5.555999999999999828e-01 -9.686813151191956422e+03
5.556999999999999718e-01 -9.688770332382742708e+03
5.558000000000000718e-01 -9.690715290080104751e+03
5.559000000000000608e-01 -9.692704357402737514e+03
5.560000000000000497e-01 -9.694822533937332992e+03
5.561000000000000387e-01 -9.697014842075193883e+03
5.562000000000000277e-01 -9.699212823666266559e+03
5.563000000000000167e-01 -9.701394007099657756e+03
5.564000000000000057e-01 -9.703543968465524813e+03
5.564999999999999947e-01 -9.705642659331924733e+03
5.565999999999999837e-01 -9.707691542111748277e+03
5.566999999999999726e-01 -9.709706585244475718e+03
5.568000000000000727e-01 -9.711706136858385435e+03
5.569000000000000616e-01 -9.713703611646516947e+03
5.570000000000000506e-01 -9.715718698988252072e+03
5.571000000000000396e-01 -9.717765867705376877e+03
5.572000000000000286e-01 -9.719852482451120522e+03
5.573000000000000176e-01 -9.721940948670049693e+03
5.574000000000000066e-01 -9.724024640610899951e+03
5.574999999999999956e-01 -9.726099431382055627e+03
5.575999999999999845e-01 -9.728162424169946462e+03
5.576999999999999735e-01 -9.730212512295711349e+03
5.578000000000000735e-01 -9.732249961254436130e+03
5.579000000000000625e-01 -9.734275934682978914e+03
5.580000000000000515e-01 -9.736303501403783230e+03
5.581000000000000405e-01 -9.738336664154929167e+03
5.582000000000000295e-01 -9.740336715600473326e+03
5.583000000000000185e-01 -9.742326989682234853e+03
5.584000000000000075e-01 -9.744321491060616609e+03
5.584999999999999964e-01 -9.746316793700152630e+03
5.585999999999999854e-01 -9.748313018168231793e+03
5.586999999999999744e-01 -9.750310454518266852e+03
5.588000000000000744e-01 -9.752311214583474793e+03
5.589000000000000634e-01 -9.754311199112484246e+03
5.590000000000000524e-01 -9.756313912641782736e+03
5.591000000000000414e-01 -9.758319899433097817e+03
5.592000000000000304e-01 -9.760338609468049981e+03
5.593000000000000194e-01 -9.762359725006997905e+03
5.594000000000000083e-01 -9.764384851928860371e+03
5.594999999999999973e-01 -9.766415293037389347e+03
5.595999999999999863e-01 -9.768454034134185349e+03
5.596999999999999753e-01 -9.770497581570347393e+03
5.598000000000000753e-01 -9.772545568029834612e+03
5.599000000000000643e-01 -9.774597432410651891e+03
5.600000000000000533e-01 -9.776651525079032581e+03
5.601000000000000423e-01 -9.778719252366188812e+03
5.602000000000000313e-01 -9.780831136010207047e+03
5.603000000000000203e-01 -9.782985142491294027e+03
5.604000000000000092e-01 -9.785171301241793117e+03
5.604999999999999982e-01 -9.787380918994569583e+03
5.605999999999999872e-01 -9.789607599141489118e+03
5.606999999999999762e-01 -9.791846766150636540e+03
5.608000000000000762e-01 -9.794094772956665111e+03
5.609000000000000652e-01 -9.796346652858985181e+03
5.610000000000000542e-01 -9.798605527056139181e+03
5.611000000000000432e-01 -9.800869356080427679e+03
5.612000000000000322e-01 -9.803135929977073829e+03
5.613000000000000211e-01 -9.805403257845018743e+03
5.614000000000000101e-01 -9.807672930953242030e+03
5.614999999999999991e-01 -9.809946633475377894e+03
5.615999999999999881e-01 -9.812224122033338062e+03
5.616999999999999771e-01 -9.814505810972832478e+03
5.618000000000000771e-01 -9.816791520786895489e+03
5.619000000000000661e-01 -9.819081190352291742e+03
5.620000000000000551e-01 -9.821374147597472984e+03
5.621000000000000441e-01 -9.823669546378687301e+03
5.622000000000000330e-01 -9.825966627045807400e+03
5.623000000000000220e-01 -9.828265330487643951e+03
5.624000000000000110e-01 -9.830564522371496423e+03
5.625000000000000000e-01 -9.832863304421987777e+03
5.625999999999999890e-01 -9.835162245455589073e+03
5.626999999999999780e-01 -9.837462347243446857e+03
5.628000000000000780e-01 -9.839761495707078211e+03
5.629000000000000670e-01 -9.842060525351058459e+03
5.630000000000000560e-01 -9.844359716655048032e+03
5.631000000000000449e-01 -9.846659143936985856e+03
5.632000000000000339e-01 -9.848958932044442918e+03
5.633000000000000229e-01 -9.851259537076102788e+03
5.634000000000000119e-01 -9.853561647291642657e+03
5.635000000000000009e-01 -9.855864447227353594e+03
5.635999999999999899e-01 -9.858168095222466945e+03
5.636999999999999789e-01 -9.860472420321604659e+03
5.638000000000000789e-01 -9.862777990810029223e+03
5.639000000000000679e-01 -9.865086144636046811e+03
5.640000000000000568e-01 -9.867395756880783665e+03
5.641000000000000458e-01 -9.869705775931059179e+03
5.642000000000000348e-01 -9.872018424236615829e+03
5.643000000000000238e-01 -9.874334164643500117e+03
5.644000000000000128e-01 -9.876650094359709328e+03
5.645000000000000018e-01 -9.878967405114854046e+03
5.645999999999999908e-01 -9.881286762626403288e+03
5.646999999999999797e-01 -9.883609686548134050e+03
5.648000000000000798e-01 -9.885938677515558084e+03
5.649000000000000687e-01 -9.888275146658033918e+03
5.650000000000000577e-01 -9.890622452389481623e+03
5.651000000000000467e-01 -9.892982980977394618e+03
5.652000000000000357e-01 -9.895357735970699650e+03
5.653000000000000247e-01 -9.897746491578403948e+03
5.654000000000000137e-01 -9.900148484068253310e+03
5.655000000000000027e-01 -9.902563750865658221e+03
5.655999999999999917e-01 -9.904993389816436320e+03
5.656999999999999806e-01 -9.907438773240943192e+03
5.658000000000000806e-01 -9.909908444738628532e+03
5.659000000000000696e-01 -9.912408463553923866e+03
5.660000000000000586e-01 -9.914940142600806212e+03
5.661000000000000476e-01 -9.917503074782240219e+03
5.662000000000000366e-01 -9.920096607374494852e+03
5.663000000000000256e-01 -9.922720409460634983e+03
5.664000000000000146e-01 -9.925373130647858488e+03
5.665000000000000036e-01 -9.928054366848984500e+03
5.665999999999999925e-01 -9.930766682462226527e+03
5.666999999999999815e-01 -9.933513117982434778e+03
5.668000000000000815e-01 -9.936301175229255023e+03
5.669000000000000705e-01 -9.939148587687255713e+03
5.670000000000000595e-01 -9.942067729811187746e+03
5.671000000000000485e-01 -9.945061550553622510e+03
5.672000000000000375e-01 -9.948127624956252475e+03
5.673000000000000265e-01 -9.951261657807310257e+03
5.674000000000000155e-01 -9.954475500222086339e+03
5.675000000000000044e-01 -9.957762734631198327e+03
5.675999999999999934e-01 -9.961157851780344572e+03
5.676999999999999824e-01 -9.964761498042702442e+03
5.678000000000000824e-01 -9.968623827181667366e+03
5.679000000000000714e-01 -9.972651830079332285e+03
5.680000000000000604e-01 -9.976750828784941405e+03
5.681000000000000494e-01 -9.980993612003489034e+03
5.682000000000000384e-01 -9.985406749069328725e+03
5.683000000000000274e-01 -9.990013444454696582e+03
5.684000000000000163e-01 -9.994843306143222435e+03
5.685000000000000053e-01 -9.999922773315222003e+03
5.685999999999999943e-01 -1.000522208187108663e+04
5.686999999999999833e-01 -1.001080054516568453e+04
5.687999999999999723e-01 -1.001667351359733402e+04
5.689000000000000723e-01 -1.002289179131779565e+04
5.690000000000000613e-01 -1.002874367767279000e+04
5.691000000000000503e-01 -1.003256823008184620e+04
5.692000000000000393e-01 -1.003489427868611529e+04
5.693000000000000282e-01 -1.003694621034591000e+04
5.694000000000000172e-01 -1.003888051925972832e+04
5.695000000000000062e-01 -1.004071484335306923e+04
5.695999999999999952e-01 -1.004253827753161386e+04
5.696999999999999842e-01 -1.004441617680705713e+04
5.697999999999999732e-01 -1.004638626600928728e+04
5.699000000000000732e-01 -1.004845976662199791e+04
5.700000000000000622e-01 -1.005062346133907704e+04
5.701000000000000512e-01 -1.005284499280690761e+04
5.702000000000000401e-01 -1.005509094391429790e+04
5.703000000000000291e-01 -1.005733741806957369e+04
5.704000000000000181e-01 -1.005958481215699794e+04
5.705000000000000071e-01 -1.006184097445110820e+04
5.705999999999999961e-01 -1.006410011144242344e+04
5.706999999999999851e-01 -1.006637017955301599e+04
5.707999999999999741e-01 -1.006864759871246497e+04
5.709000000000000741e-01 -1.007092111169350756e+04
5.710000000000000631e-01 -1.007318402379977488e+04
5.711000000000000520e-01 -1.007543452596170755e+04
5.712000000000000410e-01 -1.007767455564582087e+04
5.713000000000000300e-01 -1.007991062595276526e+04
5.714000000000000190e-01 -1.008215207040608402e+04
5.715000000000000080e-01 -1.008440945950956302e+04
5.715999999999999970e-01 -1.008667736305924518e+04
5.716999999999999860e-01 -1.008894520982040376e+04
5.717999999999999750e-01 -1.009121026224610250e+04
5.719000000000000750e-01 -1.009347558423384726e+04
5.720000000000000639e-01 -1.009574252577472362e+04
5.721000000000000529e-01 -1.009801133156222386e+04
5.722000000000000419e-01 -1.010028183253217139e+04
5.723000000000000309e-01 -1.010255375497243222e+04
5.724000000000000199e-01 -1.010482684266427350e+04
5.725000000000000089e-01 -1.010710089127776337e+04
5.725999999999999979e-01 -1.010937570984952981e+04
5.726999999999999869e-01 -1.011165113402021052e+04
5.727999999999999758e-01 -1.011392699213134802e+04
5.729000000000000759e-01 -1.011620310480295666e+04
5.730000000000000648e-01 -1.011847930133709633e+04
5.731000000000000538e-01 -1.012075542929248695e+04
5.732000000000000428e-01 -1.012303135995511002e+04
5.733000000000000318e-01 -1.012530699125957472e+04
5.734000000000000208e-01 -1.012758224890203019e+04
5.735000000000000098e-01 -1.012985710375124472e+04
5.735999999999999988e-01 -1.013213168137411412e+04
5.736999999999999877e-01 -1.013440603684338021e+04
5.737999999999999767e-01 -1.013667963420967862e+04
5.739000000000000767e-01 -1.013895131019690052e+04
5.740000000000000657e-01 -1.014121992153307656e+04
5.741000000000000547e-01 -1.014348551076806689e+04
5.742000000000000437e-01 -1.014574801791502068e+04
5.743000000000000327e-01 -1.014800649877542310e+04
5.744000000000000217e-01 -1.015026049049845460e+04
5.745000000000000107e-01 -1.015251104739669063e+04
5.745999999999999996e-01 -1.015475975412036860e+04
5.746999999999999886e-01 -1.015700810515069315e+04
5.747999999999999776e-01 -1.015925722528036022e+04
5.749000000000000776e-01 -1.016150798614145788e+04
5.750000000000000666e-01 -1.016376109006516708e+04
5.751000000000000556e-01 -1.016601696255225943e+04
5.752000000000000446e-01 -1.016827587668384695e+04
5.753000000000000336e-01 -1.017053800883692747e+04
5.754000000000000226e-01 -1.017280346007583285e+04
5.755000000000000115e-01 -1.017507226944691502e+04
5.756000000000000005e-01 -1.017734442568123450e+04
5.756999999999999895e-01 -1.017961963456449303e+04
5.757999999999999785e-01 -1.018189600788965981e+04
5.759000000000000785e-01 -1.018417062067210463e+04
5.760000000000000675e-01 -1.018644383826970989e+04
5.761000000000000565e-01 -1.018871641549637570e+04
5.762000000000000455e-01 -1.019098856392945345e+04
5.763000000000000345e-01 -1.019326017973613125e+04
5.764000000000000234e-01 -1.019553029092354154e+04
5.765000000000000124e-01 -1.019779807140168305e+04
5.766000000000000014e-01 -1.020006529543683246e+04
5.766999999999999904e-01 -1.020233161728637242e+04
5.767999999999999794e-01 -1.020459693700422031e+04
5.769000000000000794e-01 -1.020686108123177655e+04
5.770000000000000684e-01 -1.020911857716725717e+04
5.771000000000000574e-01 -1.021135913323237401e+04
5.772000000000000464e-01 -1.021358551209871439e+04
5.773000000000000353e-01 -1.021580333335486648e+04
5.774000000000000243e-01 -1.021801585062609956e+04
5.775000000000000133e-01 -1.022022491382297449e+04
5.776000000000000023e-01 -1.022243162304777252e+04
5.776999999999999913e-01 -1.022463670176178130e+04
5.777999999999999803e-01 -1.022684074963294734e+04
5.779000000000000803e-01 -1.022904412991366735e+04
5.780000000000000693e-01 -1.023124712193264531e+04
5.781000000000000583e-01 -1.023345001154256897e+04
5.782000000000000473e-01 -1.023565308827861554e+04
5.783000000000000362e-01 -1.023785663132210175e+04
5.784000000000000252e-01 -1.024006089456357586e+04
5.785000000000000142e-01 -1.024226609276851377e+04
5.786000000000000032e-01 -1.024447238993438805e+04
5.786999999999999922e-01 -1.024667989086403213e+04
5.787999999999999812e-01 -1.024888863686289733e+04
5.789000000000000812e-01 -1.025109860610938631e+04
5.790000000000000702e-01 -1.025330971872177543e+04
5.791000000000000592e-01 -1.025552184595785911e+04
5.792000000000000481e-01 -1.025773482246251297e+04
5.793000000000000371e-01 -1.025994846013972528e+04
5.794000000000000261e-01 -1.026216275117297846e+04
5.795000000000000151e-01 -1.026437702989433637e+04
5.796000000000000041e-01 -1.026658994132332373e+04
5.796999999999999931e-01 -1.026880128766776761e+04
5.797999999999999821e-01 -1.027101122624486561e+04
5.799000000000000821e-01 -1.027322003472392680e+04
5.800000000000000711e-01 -1.027542821471510797e+04
5.801000000000000600e-01 -1.027762127746227634e+04
5.802000000000000490e-01 -1.027977090598663199e+04
5.803000000000000380e-01 -1.028187962122603858e+04
5.804000000000000270e-01 -1.028395702754344529e+04
5.805000000000000160e-01 -1.028601145376140448e+04
5.806000000000000050e-01 -1.028804909201303235e+04
5.806999999999999940e-01 -1.029007441264982299e+04
5.807999999999999829e-01 -1.029209064786881390e+04
5.809000000000000830e-01 -1.029410015756905159e+04
5.810000000000000719e-01 -1.029610468319332540e+04
5.811000000000000609e-01 -1.029810550184376007e+04
5.812000000000000499e-01 -1.030010361592397567e+04
5.813000000000000389e-01 -1.030209978911793769e+04
5.814000000000000279e-01 -1.030409459008718659e+04
5.815000000000000169e-01 -1.030608844848095941e+04
5.816000000000000059e-01 -1.030808198035671012e+04
5.816999999999999948e-01 -1.031007605220908772e+04
5.817999999999999838e-01 -1.031207084767478409e+04
5.818999999999999728e-01 -1.031406631315898812e+04
5.820000000000000728e-01 -1.031606238248833688e+04
5.821000000000000618e-01 -1.031805883035869556e+04
5.822000000000000508e-01 -1.032005588496133169e+04
5.823000000000000398e-01 -1.032205329498029823e+04
5.824000000000000288e-01 -1.032405074084217085e+04
5.825000000000000178e-01 -1.032604798902252696e+04
5.826000000000000068e-01 -1.032804569449791052e+04
5.826999999999999957e-01 -1.033004343170394895e+04
5.827999999999999847e-01 -1.033204129393932817e+04
5.828999999999999737e-01 -1.033403907728078229e+04
5.830000000000000737e-01 -1.033603540379119841e+04
5.831000000000000627e-01 -1.033803032291850104e+04
5.832000000000000517e-01 -1.034002418120856601e+04
5.833000000000000407e-01 -1.034201727966220278e+04
5.834000000000000297e-01 -1.034400975878071404e+04
5.835000000000000187e-01 -1.034600170869200156e+04
5.836000000000000076e-01 -1.034799319043522701e+04
5.836999999999999966e-01 -1.034998418654883244e+04
5.837999999999999856e-01 -1.035197457266184938e+04
5.838999999999999746e-01 -1.035396363328626830e+04
5.840000000000000746e-01 -1.035594990527318805e+04
5.841000000000000636e-01 -1.035793224492418631e+04
5.842000000000000526e-01 -1.035990868974821024e+04
5.843000000000000416e-01 -1.036188055996522053e+04
5.844000000000000306e-01 -1.036384881014241182e+04
5.845000000000000195e-01 -1.036581463789739428e+04
5.846000000000000085e-01 -1.036777852080677440e+04
5.846999999999999975e-01 -1.036973890996228511e+04
5.847999999999999865e-01 -1.037169699184665660e+04
5.848999999999999755e-01 -1.037365325454594313e+04
5.850000000000000755e-01 -1.037560790492740125e+04
5.851000000000000645e-01 -1.037756106491534229e+04
5.852000000000000535e-01 -1.037951282929893750e+04
5.853000000000000425e-01 -1.038146328376195197e+04
5.854000000000000314e-01 -1.038341251093871870e+04
5.855000000000000204e-01 -1.038536059257272063e+04
5.856000000000000094e-01 -1.038730761021431863e+04
5.856999999999999984e-01 -1.038925364087952767e+04
5.857999999999999874e-01 -1.039119872417699662e+04
5.858999999999999764e-01 -1.039314292406186723e+04
5.860000000000000764e-01 -1.039508632880621553e+04
5.861000000000000654e-01 -1.039702902489515145e+04
5.862000000000000544e-01 -1.039897108960269725e+04
5.863000000000000433e-01 -1.040091258836308771e+04
5.864000000000000323e-01 -1.040285342851330643e+04
5.865000000000000213e-01 -1.040479261769174627e+04
5.866000000000000103e-01 -1.040673221476481558e+04
5.866999999999999993e-01 -1.040867340184863679e+04
5.867999999999999883e-01 -1.041061726380980508e+04
5.868999999999999773e-01 -1.041256264096658560e+04
5.870000000000000773e-01 -1.041450947653979165e+04
5.871000000000000663e-01 -1.041645945986181869e+04
5.872000000000000552e-01 -1.041841807525342483e+04
5.873000000000000442e-01 -1.042037699848691409e+04
5.874000000000000332e-01 -1.042233922403555880e+04
5.875000000000000222e-01 -1.042430810780656429e+04
5.876000000000000112e-01 -1.042628496962627287e+04
5.877000000000000002e-01 -1.042825830082724497e+04
5.877999999999999892e-01 -1.043023404108581963e+04
5.878999999999999782e-01 -1.043221150292491257e+04
5.880000000000000782e-01 -1.043419058469579250e+04
5.881000000000000671e-01 -1.043617306115241627e+04
5.882000000000000561e-01 -1.043816001991598023e+04
5.883000000000000451e-01 -1.044014938565765988e+04
5.884000000000000341e-01 -1.044213594366873440e+04
5.885000000000000231e-01 -1.044411844485577058e+04
5.886000000000000121e-01 -1.044610030768358592e+04
5.887000000000000011e-01 -1.044808036643844207e+04
5.887999999999999901e-01 -1.045005751403115210e+04
5.888999999999999790e-01 -1.045203418515516933e+04
5.890000000000000790e-01 -1.045401137435759665e+04
5.891000000000000680e-01 -1.045599533951998092e+04
5.892000000000000570e-01 -1.045798013230535798e+04
5.893000000000000460e-01 -1.045995666348626401e+04
5.894000000000000350e-01 -1.046192568208615921e+04
5.895000000000000240e-01 -1.046389912551513044e+04
5.896000000000000130e-01 -1.046588610185847210e+04
5.897000000000000020e-01 -1.046788425230841858e+04
5.897999999999999909e-01 -1.046988608718134856e+04
5.898999999999999799e-01 -1.047188475710598868e+04
5.900000000000000799e-01 -1.047387762554684559e+04
5.901000000000000689e-01 -1.047586681041522570e+04
5.902000000000000579e-01 -1.047784954017831842e+04
5.903000000000000469e-01 -1.047982324870054981e+04
5.904000000000000359e-01 -1.048178768785505599e+04
5.905000000000000249e-01 -1.048374462080800913e+04
5.906000000000000139e-01 -1.048569483062432482e+04
5.907000000000000028e-01 -1.048763816025223241e+04
5.907999999999999918e-01 -1.048957615796675054e+04
5.908999999999999808e-01 -1.049151267590224234e+04
5.910000000000000808e-01 -1.049345325681298891e+04
5.911000000000000698e-01 -1.049539644239269728e+04
5.912000000000000588e-01 -1.049733798583221323e+04
5.913000000000000478e-01 -1.049927504753190078e+04
5.914000000000000368e-01 -1.050120720596341016e+04
5.915000000000000258e-01 -1.050313567611318103e+04
5.916000000000000147e-01 -1.050506215169255665e+04
5.917000000000000037e-01 -1.050698800419877080e+04
5.917999999999999927e-01 -1.050891398401853803e+04
5.918999999999999817e-01 -1.051084026904969505e+04
5.920000000000000817e-01 -1.051276664979947600e+04
5.921000000000000707e-01 -1.051469270703726397e+04
5.922000000000000597e-01 -1.051661792544572018e+04
5.923000000000000487e-01 -1.051854174111576867e+04
5.924000000000000377e-01 -1.052046355596596004e+04
5.925000000000000266e-01 -1.052238271750882632e+04
5.926000000000000156e-01 -1.052429845843956718e+04
5.927000000000000046e-01 -1.052620977984428828e+04
5.927999999999999936e-01 -1.052811483656573182e+04
5.928999999999999826e-01 -1.053000702668343001e+04
5.930000000000000826e-01 -1.053187452921513250e+04
5.931000000000000716e-01 -1.053369859594993432e+04
5.932000000000000606e-01 -1.053546075281767844e+04
5.933000000000000496e-01 -1.053715070064275096e+04
5.934000000000000385e-01 -1.053876083369491607e+04
5.935000000000000275e-01 -1.054028087161119402e+04
5.936000000000000165e-01 -1.054169605961806337e+04
5.937000000000000055e-01 -1.054298754983362596e+04
5.937999999999999945e-01 -1.054413546510785818e+04
5.938999999999999835e-01 -1.054512009899076293e+04
5.940000000000000835e-01 -1.054593352149529346e+04
5.941000000000000725e-01 -1.054659005240989063e+04
5.942000000000000615e-01 -1.054709780602871433e+04
5.943000000000000504e-01 -1.054745766539668330e+04
5.944000000000000394e-01 -1.054767018479861872e+04
5.945000000000000284e-01 -1.054773185702669616e+04
5.946000000000000174e-01 -1.054765886695834524e+04
5.947000000000000064e-01 -1.054752439262606458e+04
5.947999999999999954e-01 -1.054735656782294063e+04
5.948999999999999844e-01 -1.054717871138436749e+04
5.949999999999999734e-01 -1.054709069482809718e+04
5.951000000000000734e-01 -1.054721025877336797e+04
5.952000000000000624e-01 -1.054752152600346017e+04
5.953000000000000513e-01 -1.054801677438530896e+04
5.954000000000000403e-01 -1.054867777424310407e+04
5.955000000000000293e-01 -1.054952823127748707e+04
5.956000000000000183e-01 -1.055058731414745671e+04
5.957000000000000073e-01 -1.055182078285432181e+04
5.957999999999999963e-01 -1.055320121671976631e+04
5.958999999999999853e-01 -1.055469299162500647e+04
5.959999999999999742e-01 -1.055627078877730310e+04
5.961000000000000743e-01 -1.055792813386725902e+04
5.962000000000000632e-01 -1.055967522388089310e+04
5.963000000000000522e-01 -1.056148846146907636e+04
5.964000000000000412e-01 -1.056336211667685347e+04
5.965000000000000302e-01 -1.056529057995296353e+04
5.966000000000000192e-01 -1.056725222780638433e+04
5.967000000000000082e-01 -1.056923934335577724e+04
5.967999999999999972e-01 -1.057126045038110897e+04
5.968999999999999861e-01 -1.057329069637030443e+04
5.969999999999999751e-01 -1.057532487917666003e+04
5.971000000000000751e-01 -1.057738846343083060e+04
5.972000000000000641e-01 -1.057945719627399922e+04
5.973000000000000531e-01 -1.058152164262517726e+04
5.974000000000000421e-01 -1.058357850517780389e+04
5.975000000000000311e-01 -1.058562800000159768e+04
5.976000000000000201e-01 -1.058766590861980330e+04
5.977000000000000091e-01 -1.058969518370985861e+04
5.977999999999999980e-01 -1.059172606686112158e+04
5.978999999999999870e-01 -1.059375311949641036e+04
5.979999999999999760e-01 -1.059577522331840919e+04
5.981000000000000760e-01 -1.059779273063122309e+04
5.982000000000000650e-01 -1.059980630509145340e+04
5.983000000000000540e-01 -1.060181659680634584e+04
5.984000000000000430e-01 -1.060382418226385744e+04
5.985000000000000320e-01 -1.060582957031363912e+04
5.986000000000000210e-01 -1.060783321589262960e+04
5.987000000000000099e-01 -1.060983552868615516e+04
5.987999999999999989e-01 -1.061183687693199499e+04
5.988999999999999879e-01 -1.061383758899914028e+04
5.989999999999999769e-01 -1.061583795468137941e+04
5.991000000000000769e-01 -1.061783822703990336e+04
5.992000000000000659e-01 -1.061983862483025587e+04
5.993000000000000549e-01 -1.062183933517118749e+04
5.994000000000000439e-01 -1.062384051607783113e+04
5.995000000000000329e-01 -1.062584229861565836e+04
5.996000000000000218e-01 -1.062784478860931995e+04
5.997000000000000108e-01 -1.062984806797305828e+04
5.997999999999999998e-01 -1.063185222856778455e+04
5.998999999999999888e-01 -1.063385826393869684e+04
5.999999999999999778e-01 -1.063586866872894097e+04
6.001000000000000778e-01 -1.063971719976696295e+04
6.002000000000000668e-01 -1.064470554382754926e+04
6.003000000000000558e-01 -1.064997424561373737e+04
6.004000000000000448e-01 -1.065554361158607389e+04
6.005000000000000338e-01 -1.066172987451140034e+04
6.006000000000000227e-01 -1.066877117604542400e+04
6.007000000000000117e-01 -1.067634873959799370e+04
6.008000000000000007e-01 -1.068447981650460133e+04
6.008999999999999897e-01 -1.069308128775051591e+04
6.009999999999999787e-01 -1.070044803347577908e+04
6.011000000000000787e-01 -1.070533215366570766e+04
6.012000000000000677e-01 -1.070890031280229414e+04
6.013000000000000567e-01 -1.071174438526686754e+04
6.014000000000000457e-01 -1.071401168769351352e+04
6.015000000000000346e-01 -1.071574153338586621e+04
6.016000000000000236e-01 -1.071753884239273066e+04
6.017000000000000126e-01 -1.072004536965623265e+04
6.018000000000000016e-01 -1.072293797156043547e+04
6.018999999999999906e-01 -1.072548635290191487e+04
6.019999999999999796e-01 -1.072749625888783157e+04
6.021000000000000796e-01 -1.072914582083836831e+04
6.022000000000000686e-01 -1.073059777761915575e+04
6.023000000000000576e-01 -1.073195447335628523e+04
6.024000000000000465e-01 -1.073328151444483956e+04
6.025000000000000355e-01 -1.073462792213499415e+04
6.026000000000000245e-01 -1.073603446642511881e+04
6.027000000000000135e-01 -1.073752215043704564e+04
6.028000000000000025e-01 -1.073909967555059120e+04
6.028999999999999915e-01 -1.074076239573760540e+04
6.029999999999999805e-01 -1.074249211220027246e+04
6.031000000000000805e-01 -1.074426899308405336e+04
6.032000000000000695e-01 -1.074607036528579920e+04
6.033000000000000584e-01 -1.074787212569499388e+04
6.034000000000000474e-01 -1.074965254517957692e+04
6.035000000000000364e-01 -1.075139155409792875e+04
6.036000000000000254e-01 -1.075306943618442347e+04
6.037000000000000144e-01 -1.075466577431679252e+04
6.038000000000000034e-01 -1.075616636480235866e+04
6.038999999999999924e-01 -1.075755870033682186e+04
6.039999999999999813e-01 -1.075883036961257676e+04
6.041000000000000814e-01 -1.075997086913752355e+04
6.042000000000000703e-01 -1.076097224562883275e+04
6.043000000000000593e-01 -1.076182883121670238e+04
6.044000000000000483e-01 -1.076253687077305767e+04
6.045000000000000373e-01 -1.076309480433894896e+04
6.046000000000000263e-01 -1.076350904837698363e+04
6.047000000000000153e-01 -1.076382299249363132e+04
6.048000000000000043e-01 -1.076406798734978838e+04
6.048999999999999932e-01 -1.076426126733208912e+04
6.049999999999999822e-01 -1.076443755103414333e+04
6.051000000000000822e-01 -1.076464333129019542e+04
6.052000000000000712e-01 -1.076496660381558104e+04
6.053000000000000602e-01 -1.076544621391043620e+04
6.054000000000000492e-01 -1.076608615542880398e+04
6.055000000000000382e-01 -1.076684964916069657e+04
6.056000000000000272e-01 -1.076773168411229199e+04
6.057000000000000162e-01 -1.076876194527864027e+04
6.058000000000000052e-01 -1.076996503743504763e+04
6.058999999999999941e-01 -1.077132221211320575e+04
6.059999999999999831e-01 -1.077280446103207942e+04
6.061000000000000831e-01 -1.077438418930473745e+04
6.062000000000000721e-01 -1.077602499818310025e+04
6.063000000000000611e-01 -1.077773409633760093e+04
6.064000000000000501e-01 -1.077950302209170695e+04
6.065000000000000391e-01 -1.078131973829902381e+04
6.066000000000000281e-01 -1.078317948384900228e+04
6.067000000000000171e-01 -1.078505928134187525e+04
6.068000000000000060e-01 -1.078697164115262603e+04
6.068999999999999950e-01 -1.078893444208501569e+04
6.069999999999999840e-01 -1.079092701322085122e+04
6.071000000000000840e-01 -1.079293590419983593e+04
6.072000000000000730e-01 -1.079495325107881035e+04
6.073000000000000620e-01 -1.079697633726639106e+04
6.074000000000000510e-01 -1.079900235711469031e+04
6.075000000000000400e-01 -1.080102850793724429e+04
6.076000000000000290e-01 -1.080305997686432238e+04
6.077000000000000179e-01 -1.080509086730629679e+04
6.078000000000000069e-01 -1.080711878342796990e+04
6.078999999999999959e-01 -1.080914330522813361e+04
6.079999999999999849e-01 -1.081116465108184457e+04
6.080999999999999739e-01 -1.081318176019946259e+04
6.082000000000000739e-01 -1.081519508822484750e+04
6.083000000000000629e-01 -1.081720901963768301e+04
6.084000000000000519e-01 -1.081922320951184702e+04
6.085000000000000409e-01 -1.082123734135753693e+04
6.086000000000000298e-01 -1.082325147587690844e+04
6.087000000000000188e-01 -1.082526596972223342e+04
6.088000000000000078e-01 -1.082718322893969889e+04
6.088999999999999968e-01 -1.082844715969465688e+04
6.089999999999999858e-01 -1.082933875740629264e+04
6.090999999999999748e-01 -1.083029127820583562e+04
6.092000000000000748e-01 -1.083143972880373440e+04
6.093000000000000638e-01 -1.083278201254539817e+04
6.094000000000000528e-01 -1.083428009618512988e+04
6.095000000000000417e-01 -1.083590356766470541e+04
6.096000000000000307e-01 -1.083762943897715741e+04
6.097000000000000197e-01 -1.083943259286346256e+04
6.098000000000000087e-01 -1.084129168799824947e+04
6.098999999999999977e-01 -1.084319103182987055e+04
6.099999999999999867e-01 -1.084511956801093038e+04
6.100999999999999757e-01 -1.084708355448125803e+04
6.102000000000000757e-01 -1.084911206739788940e+04
6.103000000000000647e-01 -1.085120306488937604e+04
6.104000000000000536e-01 -1.085334359171762844e+04
6.105000000000000426e-01 -1.085552114414380594e+04
6.106000000000000316e-01 -1.085772597308040349e+04
6.107000000000000206e-01 -1.085995093596709012e+04
6.108000000000000096e-01 -1.086219088319617731e+04
6.108999999999999986e-01 -1.086444209917318767e+04
6.109999999999999876e-01 -1.086670188884739036e+04
6.110999999999999766e-01 -1.086896829111604347e+04
6.112000000000000766e-01 -1.087123988344236750e+04
6.113000000000000655e-01 -1.087351566929131695e+04
6.114000000000000545e-01 -1.087579503654630571e+04
6.115000000000000435e-01 -1.087807734487046400e+04
6.116000000000000325e-01 -1.088036261853127326e+04
6.117000000000000215e-01 -1.088265282046762877e+04
6.118000000000000105e-01 -1.088494951186605249e+04
6.118999999999999995e-01 -1.088725229072485490e+04
6.119999999999999885e-01 -1.088956029147882873e+04
6.120999999999999774e-01 -1.089187266610875668e+04
6.122000000000000774e-01 -1.089405226219729957e+04
6.123000000000000664e-01 -1.089579538629656236e+04
6.124000000000000554e-01 -1.089745684339483523e+04
6.125000000000000444e-01 -1.089920465741719090e+04
6.126000000000000334e-01 -1.090107203259636117e+04
6.127000000000000224e-01 -1.090304608779513910e+04
6.128000000000000114e-01 -1.090510421792329180e+04
6.129000000000000004e-01 -1.090722731705754995e+04
6.129999999999999893e-01 -1.090939853406070688e+04
6.130999999999999783e-01 -1.091160523567570453e+04
6.132000000000000783e-01 -1.091383882518642531e+04
6.133000000000000673e-01 -1.091609310947074300e+04
6.134000000000000563e-01 -1.091836388546372109e+04
6.135000000000000453e-01 -1.092064817519327335e+04
6.136000000000000343e-01 -1.092294380696426015e+04
6.137000000000000233e-01 -1.092524915020926164e+04
6.138000000000000123e-01 -1.092756296170317728e+04
6.139000000000000012e-01 -1.092988449819383459e+04
6.139999999999999902e-01 -1.093221448998388041e+04
6.140999999999999792e-01 -1.093455346608737455e+04
6.142000000000000792e-01 -1.093690085004367211e+04
6.143000000000000682e-01 -1.093925585763236086e+04
6.144000000000000572e-01 -1.094161792663342385e+04
6.145000000000000462e-01 -1.094398667497558563e+04
6.146000000000000352e-01 -1.094636208667314895e+04
6.147000000000000242e-01 -1.094874501537122887e+04
6.148000000000000131e-01 -1.095114145293060756e+04
6.149000000000000021e-01 -1.095355458930695204e+04
6.149999999999999911e-01 -1.095598467241271828e+04
6.150999999999999801e-01 -1.095843156621804519e+04
6.152000000000000801e-01 -1.096089529276652684e+04
6.153000000000000691e-01 -1.096337611780289262e+04
6.154000000000000581e-01 -1.096587448083062918e+04
6.155000000000000471e-01 -1.096839057129653520e+04
6.156000000000000361e-01 -1.097092147356846363e+04
6.157000000000000250e-01 -1.097346550565620782e+04
6.158000000000000140e-01 -1.097602711239597375e+04
6.159000000000000030e-01 -1.097859982365455471e+04
6.159999999999999920e-01 -1.098119451390926588e+04
6.160999999999999810e-01 -1.098381068213236722e+04
6.162000000000000810e-01 -1.098644507087894272e+04
6.163000000000000700e-01 -1.098911114046744115e+04
6.164000000000000590e-01 -1.099180725832528151e+04
6.165000000000000480e-01 -1.099453288720402088e+04
6.166000000000000369e-01 -1.099729751533951821e+04
6.167000000000000259e-01 -1.100010875199080510e+04
6.168000000000000149e-01 -1.100284967462002714e+04
6.169000000000000039e-01 -1.100539304114008701e+04
6.169999999999999929e-01 -1.100787928227718839e+04
6.170999999999999819e-01 -1.101041610204324570e+04
6.172000000000000819e-01 -1.101306575763822548e+04
6.173000000000000709e-01 -1.101593924506476469e+04
6.174000000000000599e-01 -1.101890338763192449e+04
6.175000000000000488e-01 -1.102169872662857779e+04
6.176000000000000378e-01 -1.102455100449245947e+04
6.177000000000000268e-01 -1.102773071264682403e+04
6.178000000000000158e-01 -1.103107800568573475e+04
6.179000000000000048e-01 -1.103449337186246157e+04
6.179999999999999938e-01 -1.103800847345957482e+04
6.180999999999999828e-01 -1.104178621145746729e+04
6.182000000000000828e-01 -1.104562265036277495e+04
6.183000000000000718e-01 -1.104957922281596257e+04
6.184000000000000608e-01 -1.105377196855219700e+04
6.185000000000000497e-01 -1.105818849216002491e+04
6.186000000000000387e-01 -1.106283868115429323e+04
6.187000000000000277e-01 -1.106779777989663853e+04
6.188000000000000167e-01 -1.107314166844227839e+04
6.189000000000000057e-01 -1.107882725293395924e+04
6.189999999999999947e-01 -1.108443722196870476e+04
6.190999999999999837e-01 -1.108838250272146070e+04
6.192000000000000837e-01 -1.109065861277782642e+04
6.193000000000000727e-01 -1.109241109923515978e+04
6.194000000000000616e-01 -1.109417705592444872e+04
6.195000000000000506e-01 -1.109597787379184228e+04
6.196000000000000396e-01 -1.109784052012993197e+04
6.197000000000000286e-01 -1.109980454755375649e+04
6.198000000000000176e-01 -1.110190841802394971e+04
6.199000000000000066e-01 -1.110415881821043877e+04
6.199999999999999956e-01 -1.110652308508047463e+04
6.200999999999999845e-01 -1.110894889414128556e+04
6.202000000000000846e-01 -1.111138517694464826e+04
6.203000000000000735e-01 -1.111378739630868586e+04
6.204000000000000625e-01 -1.111614213648718396e+04
6.205000000000000515e-01 -1.111845923363728980e+04
6.206000000000000405e-01 -1.112075471280443344e+04
6.207000000000000295e-01 -1.112304142702054924e+04
6.208000000000000185e-01 -1.112532750192042477e+04
6.209000000000000075e-01 -1.112761927961230685e+04
6.209999999999999964e-01 -1.112991335937595795e+04
6.210999999999999854e-01 -1.113220588533085902e+04
6.211999999999999744e-01 -1.113449623932965915e+04
6.213000000000000744e-01 -1.113678390123314239e+04
6.214000000000000634e-01 -1.113906979017854792e+04
6.215000000000000524e-01 -1.114135481590238669e+04
6.216000000000000414e-01 -1.114364246993586494e+04
6.217000000000000304e-01 -1.114593658382340254e+04
6.218000000000000194e-01 -1.114823991106271933e+04
6.219000000000000083e-01 -1.115055310028107669e+04
6.219999999999999973e-01 -1.115287515082108257e+04
6.220999999999999863e-01 -1.115520541444352784e+04
6.221999999999999753e-01 -1.115754419083632456e+04
6.223000000000000753e-01 -1.115989201910649354e+04
6.224000000000000643e-01 -1.116224931588800609e+04
6.225000000000000533e-01 -1.116461630589025299e+04
6.226000000000000423e-01 -1.116699305031325275e+04
6.227000000000000313e-01 -1.116937918765330687e+04
6.228000000000000203e-01 -1.117177334613675885e+04
6.229000000000000092e-01 -1.117417608020581974e+04
6.229999999999999982e-01 -1.117658661051982017e+04
6.230999999999999872e-01 -1.117900324477493450e+04
6.231999999999999762e-01 -1.118142152782633275e+04
6.233000000000000762e-01 -1.118382647677170280e+04
6.234000000000000652e-01 -1.118621207195865645e+04
6.235000000000000542e-01 -1.118859590550240318e+04
6.236000000000000432e-01 -1.119097133208036576e+04
6.237000000000000322e-01 -1.119326878209842107e+04
6.238000000000000211e-01 -1.119544261912971342e+04
6.239000000000000101e-01 -1.119757706069219967e+04
6.239999999999999991e-01 -1.119972460381240307e+04
6.240999999999999881e-01 -1.120190059249258957e+04
6.241999999999999771e-01 -1.120410109886623832e+04
6.243000000000000771e-01 -1.120631640951082773e+04
6.244000000000000661e-01 -1.120853783392058176e+04
6.245000000000000551e-01 -1.121075989432699680e+04
6.246000000000000441e-01 -1.121298005008572727e+04
6.247000000000000330e-01 -1.121519777098797204e+04
6.248000000000000220e-01 -1.121741405720613875e+04
6.249000000000000110e-01 -1.121962972557644025e+04
6.250000000000000000e-01 -1.122184417709762783e+04
6.250999999999999890e-01 -1.122405761662112309e+04
6.251999999999999780e-01 -1.122627032978015086e+04
6.253000000000000780e-01 -1.122848217705374373e+04
6.254000000000000670e-01 -1.123069261163165720e+04
6.255000000000000560e-01 -1.123290099309593097e+04
6.256000000000000449e-01 -1.123510691928805318e+04
6.257000000000000339e-01 -1.123731013109406194e+04
6.258000000000000229e-01 -1.123951051409152024e+04
6.259000000000000119e-01 -1.124170914876527422e+04
6.260000000000000009e-01 -1.124390722933996040e+04
6.260999999999999899e-01 -1.124610558360270261e+04
6.261999999999999789e-01 -1.124830457409076917e+04
6.263000000000000789e-01 -1.125050404632196114e+04
6.264000000000000679e-01 -1.125270408119635067e+04
6.265000000000000568e-01 -1.125490493227515253e+04
6.266000000000000458e-01 -1.125710648618292544e+04
6.267000000000000348e-01 -1.125930724296601511e+04
6.268000000000000238e-01 -1.126150627510280901e+04
6.269000000000000128e-01 -1.126370376105537980e+04
6.270000000000000018e-01 -1.126589957119180690e+04
6.270999999999999908e-01 -1.126809455414495642e+04
6.271999999999999797e-01 -1.127028977031301838e+04
6.273000000000000798e-01 -1.127248570221222690e+04
6.274000000000000687e-01 -1.127468230036090063e+04
6.275000000000000577e-01 -1.127687997063131661e+04
6.276000000000000467e-01 -1.127907895286488201e+04
6.277000000000000357e-01 -1.128127749168320042e+04
6.278000000000000247e-01 -1.128347347306148913e+04
6.279000000000000137e-01 -1.128566746884893109e+04
6.280000000000000027e-01 -1.128786053149352119e+04
6.280999999999999917e-01 -1.129005329055442780e+04
6.281999999999999806e-01 -1.129224604590002855e+04
6.283000000000000806e-01 -1.129443892056248114e+04
6.284000000000000696e-01 -1.129663194259134070e+04
6.285000000000000586e-01 -1.129882508244441124e+04
6.286000000000000476e-01 -1.130101827768331350e+04
6.287000000000000366e-01 -1.130321145404569143e+04
6.288000000000000256e-01 -1.130540454126547411e+04
6.289000000000000146e-01 -1.130759789489733703e+04
6.290000000000000036e-01 -1.130979310981457456e+04
6.290999999999999925e-01 -1.131198822852203739e+04
6.291999999999999815e-01 -1.131418233678742581e+04
6.293000000000000815e-01 -1.131637539631312211e+04
6.294000000000000705e-01 -1.131856759777702246e+04
6.295000000000000595e-01 -1.132075907857527091e+04
6.296000000000000485e-01 -1.132295002596380255e+04
6.297000000000000375e-01 -1.132514024743794289e+04
6.298000000000000265e-01 -1.132732978313567764e+04
6.299000000000000155e-01 -1.132951905238288055e+04
6.300000000000000044e-01 -1.133170824248701501e+04
6.300999999999999934e-01 -1.133388503305683116e+04
6.301999999999999824e-01 -1.133602486401676470e+04
6.303000000000000824e-01 -1.133813188515040929e+04
6.304000000000000714e-01 -1.134021496472502440e+04
6.305000000000000604e-01 -1.134228099271817882e+04
6.306000000000000494e-01 -1.134433406611887767e+04
6.307000000000000384e-01 -1.134637587610882110e+04
6.308000000000000274e-01 -1.134840862487703453e+04
6.309000000000000163e-01 -1.135043442928670447e+04
6.310000000000000053e-01 -1.135245493097861799e+04
6.310999999999999943e-01 -1.135447133541673793e+04
6.311999999999999833e-01 -1.135648452567813001e+04
6.313000000000000833e-01 -1.135849516247387510e+04
6.314000000000000723e-01 -1.136050375590574367e+04
6.315000000000000613e-01 -1.136251071272782065e+04
6.316000000000000503e-01 -1.136451636577308818e+04
6.317000000000000393e-01 -1.136652099141603685e+04
6.318000000000000282e-01 -1.136852481956724296e+04
6.319000000000000172e-01 -1.137052803942356149e+04
6.320000000000000062e-01 -1.137253080314188810e+04
6.320999999999999952e-01 -1.137453322877422761e+04
6.321999999999999842e-01 -1.137653540318911109e+04
6.323000000000000842e-01 -1.137853738527912537e+04
6.324000000000000732e-01 -1.138053931675522290e+04
6.325000000000000622e-01 -1.138254165950639253e+04
6.326000000000000512e-01 -1.138454602690260253e+04
6.327000000000000401e-01 -1.138655292527567872e+04
6.328000000000000291e-01 -1.138856199269892022e+04
6.329000000000000181e-01 -1.139057270657555091e+04
6.330000000000000071e-01 -1.139258442543281853e+04
6.330999999999999961e-01 -1.139459800575597183e+04
6.331999999999999851e-01 -1.139661456819629166e+04
6.333000000000000851e-01 -1.139863341943437263e+04
6.334000000000000741e-01 -1.140065357741001026e+04
6.335000000000000631e-01 -1.140267423978042098e+04
6.336000000000000520e-01 -1.140469482365042859e+04
6.337000000000000410e-01 -1.140671504295284467e+04
6.338000000000000300e-01 -1.140873474008616904e+04
6.339000000000000190e-01 -1.141075370396872677e+04
6.340000000000000080e-01 -1.141277087189591839e+04
6.340999999999999970e-01 -1.141478499803628438e+04
6.341999999999999860e-01 -1.141679573666333818e+04
6.342999999999999750e-01 -1.141880315589546080e+04
6.344000000000000750e-01 -1.142080792375105739e+04
6.345000000000000639e-01 -1.142281072072160532e+04
6.346000000000000529e-01 -1.142481207070623714e+04
6.347000000000000419e-01 -1.142681234834770476e+04
6.348000000000000309e-01 -1.142881206360138276e+04
6.349000000000000199e-01 -1.143081093302947011e+04
6.350000000000000089e-01 -1.143280973148102021e+04
6.350999999999999979e-01 -1.143480891422310015e+04
6.351999999999999869e-01 -1.143680850262136482e+04
6.352999999999999758e-01 -1.143880762003957170e+04
6.354000000000000759e-01 -1.144080531647073622e+04
6.355000000000000648e-01 -1.144280171336911189e+04
6.356000000000000538e-01 -1.144479688415999954e+04
6.357000000000000428e-01 -1.144679074218477763e+04
6.358000000000000318e-01 -1.144878407208184763e+04
6.359000000000000208e-01 -1.145077733769637052e+04
6.360000000000000098e-01 -1.145277059378852573e+04
6.360999999999999988e-01 -1.145476379743535108e+04
6.361999999999999877e-01 -1.145675653175505067e+04
6.362999999999999767e-01 -1.145874879619411695e+04
6.364000000000000767e-01 -1.146074103845247373e+04
6.365000000000000657e-01 -1.146273297543983426e+04
6.366000000000000547e-01 -1.146472451793495748e+04
6.367000000000000437e-01 -1.146671581501360379e+04
6.368000000000000327e-01 -1.146870708329582158e+04
6.369000000000000217e-01 -1.147069847538523027e+04
6.370000000000000107e-01 -1.147269008269154256e+04
6.370999999999999996e-01 -1.147468171966683258e+04
6.371999999999999886e-01 -1.147667290935563688e+04
6.372999999999999776e-01 -1.147866430625172325e+04
6.374000000000000776e-01 -1.148065619837368286e+04
6.375000000000000666e-01 -1.148264802962726390e+04
6.376000000000000556e-01 -1.148463937676908608e+04
6.377000000000000446e-01 -1.148663211526395753e+04
6.378000000000000336e-01 -1.148862301670925990e+04
6.379000000000000226e-01 -1.149061177507498360e+04
6.380000000000000115e-01 -1.149259784761667470e+04
6.381000000000000005e-01 -1.149458030956818220e+04
6.381999999999999895e-01 -1.149655915866253599e+04
6.382999999999999785e-01 -1.149853430170863794e+04
6.384000000000000785e-01 -1.150050586792263675e+04
6.385000000000000675e-01 -1.150247401852262192e+04
6.386000000000000565e-01 -1.150443883259632821e+04
6.387000000000000455e-01 -1.150640029830189633e+04
6.388000000000000345e-01 -1.150835833098437615e+04
6.389000000000000234e-01 -1.151031279096626531e+04
6.390000000000000124e-01 -1.151226348774457620e+04
6.391000000000000014e-01 -1.151421016878644332e+04
6.391999999999999904e-01 -1.151615243934370301e+04
6.392999999999999794e-01 -1.151808855474793381e+04
6.394000000000000794e-01 -1.152001585216219428e+04
6.395000000000000684e-01 -1.152193393547161941e+04
6.396000000000000574e-01 -1.152384178110167159e+04
6.397000000000000464e-01 -1.152573928655204872e+04
6.398000000000000353e-01 -1.152762655340788297e+04
6.399000000000000243e-01 -1.152950492943342761e+04
6.400000000000000133e-01 -1.153137407698031166e+04
6.401000000000000023e-01 -1.153323197156436981e+04
6.401999999999999913e-01 -1.153508449560324334e+04
6.402999999999999803e-01 -1.153692200772081196e+04
6.404000000000000803e-01 -1.153874931944658420e+04
6.405000000000000693e-01 -1.154058197046025816e+04
6.406000000000000583e-01 -1.154242118895497879e+04
6.407000000000000473e-01 -1.154428327690323749e+04
6.408000000000000362e-01 -1.154624681106816206e+04
6.409000000000000252e-01 -1.154827911294959631e+04
6.410000000000000142e-01 -1.155032022174571830e+04
6.411000000000000032e-01 -1.155235253107906283e+04
6.411999999999999922e-01 -1.155432958750374382e+04
6.412999999999999812e-01 -1.155622664638991409e+04
6.414000000000000812e-01 -1.155805776821660947e+04
6.415000000000000702e-01 -1.155985851914330306e+04
6.416000000000000592e-01 -1.156167450724496121e+04
6.417000000000000481e-01 -1.156352983822411443e+04
6.418000000000000371e-01 -1.156541915311871708e+04
6.419000000000000261e-01 -1.156732523236164889e+04
6.420000000000000151e-01 -1.156923664326393737e+04
6.421000000000000041e-01 -1.157116317593998428e+04
6.421999999999999931e-01 -1.157311522937743939e+04
6.422999999999999821e-01 -1.157508679962135466e+04
6.424000000000000821e-01 -1.157705348369279272e+04
6.425000000000000711e-01 -1.157898112926858812e+04
6.426000000000000600e-01 -1.158084401402567528e+04
6.427000000000000490e-01 -1.158262825720843648e+04
6.428000000000000380e-01 -1.158432468785558922e+04
6.429000000000000270e-01 -1.158592145970907586e+04
6.430000000000000160e-01 -1.158740276004863335e+04
6.431000000000000050e-01 -1.158874338206010725e+04
6.431999999999999940e-01 -1.158991669411654038e+04
6.432999999999999829e-01 -1.159090215571081535e+04
6.434000000000000830e-01 -1.159168541834165626e+04
6.435000000000000719e-01 -1.159225743204978426e+04
6.436000000000000609e-01 -1.159264572901829342e+04
6.437000000000000499e-01 -1.159286925693886587e+04
6.438000000000000389e-01 -1.159290060296378033e+04
6.439000000000000279e-01 -1.159273323036386137e+04
6.440000000000000169e-01 -1.159238265939895791e+04
6.441000000000000059e-01 -1.159188063401711588e+04
6.441999999999999948e-01 -1.159122553671818423e+04
6.442999999999999838e-01 -1.159059729834032441e+04
6.444000000000000838e-01 -1.159016430355861667e+04
6.445000000000000728e-01 -1.159005631009946956e+04
6.446000000000000618e-01 -1.159019932800984134e+04
6.447000000000000508e-01 -1.159062393444123336e+04
6.448000000000000398e-01 -1.159139994139406190e+04
6.449000000000000288e-01 -1.159247920305575644e+04
6.450000000000000178e-01 -1.159375396815830936e+04
6.451000000000000068e-01 -1.159509755821031467e+04
6.451999999999999957e-01 -1.159643468859267341e+04
6.452999999999999847e-01 -1.159768252064938497e+04
6.454000000000000847e-01 -1.159902993054001854e+04
6.455000000000000737e-01 -1.160054197998091331e+04
6.456000000000000627e-01 -1.160219456345930303e+04
6.457000000000000517e-01 -1.160389694263719502e+04
6.458000000000000407e-01 -1.160568734754649449e+04
6.459000000000000297e-01 -1.160753691665762926e+04
6.460000000000000187e-01 -1.160941341141347948e+04
6.461000000000000076e-01 -1.161132719011051995e+04
6.461999999999999966e-01 -1.161327577758690495e+04
6.462999999999999856e-01 -1.161525090994417224e+04
6.464000000000000856e-01 -1.161723759468327080e+04
6.465000000000000746e-01 -1.161923882351111206e+04
6.466000000000000636e-01 -1.162124907654949857e+04
6.467000000000000526e-01 -1.162326423587112913e+04
6.468000000000000416e-01 -1.162529926775254535e+04
6.469000000000000306e-01 -1.162734756688049310e+04
6.470000000000000195e-01 -1.162939235441871097e+04
6.471000000000000085e-01 -1.163141676667339198e+04
6.471999999999999975e-01 -1.163341595765233251e+04
6.472999999999999865e-01 -1.163539623493275758e+04
6.474000000000000865e-01 -1.163736668209837990e+04
6.475000000000000755e-01 -1.163933849787491090e+04
6.476000000000000645e-01 -1.164131626585835329e+04
6.477000000000000535e-01 -1.164330309017044965e+04
6.478000000000000425e-01 -1.164529539563468825e+04
6.479000000000000314e-01 -1.164728982009584615e+04
6.480000000000000204e-01 -1.164929072183359858e+04
6.481000000000000094e-01 -1.165129719408218443e+04
6.481999999999999984e-01 -1.165330494408003869e+04
6.482999999999999874e-01 -1.165531341563271235e+04
6.483999999999999764e-01 -1.165732372309886159e+04
6.485000000000000764e-01 -1.165933529704013563e+04
6.486000000000000654e-01 -1.166134433399697991e+04
6.487000000000000544e-01 -1.166334500865551126e+04
6.488000000000000433e-01 -1.166534032604643471e+04
6.489000000000000323e-01 -1.166733253047632570e+04
6.490000000000000213e-01 -1.166932246484842472e+04
6.491000000000000103e-01 -1.167130961477604069e+04
6.491999999999999993e-01 -1.167329461811243345e+04
6.492999999999999883e-01 -1.167528022621253695e+04
6.493999999999999773e-01 -1.167726823217322271e+04
6.495000000000000773e-01 -1.167925893218978672e+04
6.496000000000000663e-01 -1.168124586789157001e+04
6.497000000000000552e-01 -1.168323309220122974e+04
6.498000000000000442e-01 -1.168522131292840277e+04
6.499000000000000332e-01 -1.168721128149762444e+04
6.500000000000000222e-01 -1.168920600159213791e+04
6.501000000000000112e-01 -1.169308813039968845e+04
6.502000000000000002e-01 -1.169854995668173433e+04
6.502999999999999892e-01 -1.170463338524391656e+04
6.503999999999999782e-01 -1.171110288665226290e+04
6.505000000000000782e-01 -1.171806374448497991e+04
6.506000000000000671e-01 -1.172584819457842968e+04
6.507000000000000561e-01 -1.173409213344246200e+04
6.508000000000000451e-01 -1.174193606895225457e+04
6.509000000000000341e-01 -1.174794998223839866e+04
6.510000000000000231e-01 -1.175280241553881388e+04
6.511000000000000121e-01 -1.175705320885628316e+04
6.512000000000000011e-01 -1.176092025907066818e+04
6.512999999999999901e-01 -1.176453864326678377e+04
6.513999999999999790e-01 -1.176799731015922771e+04
6.515000000000000790e-01 -1.177128867198318403e+04
6.516000000000000680e-01 -1.177428664866866893e+04
6.517000000000000570e-01 -1.177694316552668715e+04
6.518000000000000460e-01 -1.177934772285441431e+04
6.519000000000000350e-01 -1.178147940035138708e+04
6.520000000000000240e-01 -1.178331163954113072e+04
6.521000000000000130e-01 -1.178543936910990851e+04
6.522000000000000020e-01 -1.178842126555114191e+04
6.522999999999999909e-01 -1.179117737154560200e+04
6.523999999999999799e-01 -1.179334953619753469e+04
6.525000000000000799e-01 -1.179505847284824995e+04
6.526000000000000689e-01 -1.179646079318022385e+04
6.527000000000000579e-01 -1.179766082273538814e+04
6.528000000000000469e-01 -1.179870929545277068e+04
6.529000000000000359e-01 -1.179960485074078133e+04
6.530000000000000249e-01 -1.180032918260339466e+04
6.531000000000000139e-01 -1.180089011267848036e+04
6.532000000000000028e-01 -1.180133115838780395e+04
6.532999999999999918e-01 -1.180172009863935273e+04
6.533999999999999808e-01 -1.180206990319389843e+04
6.535000000000000808e-01 -1.180234687178820059e+04
6.536000000000000698e-01 -1.180245384300517981e+04
6.537000000000000588e-01 -1.180238021116102937e+04
6.538000000000000478e-01 -1.180219456935827293e+04
6.539000000000000368e-01 -1.180194575398595043e+04
6.540000000000000258e-01 -1.180168847981158069e+04
6.541000000000000147e-01 -1.180145625577713690e+04
6.542000000000000037e-01 -1.180129164692368431e+04
6.542999999999999927e-01 -1.180127585257016835e+04
6.543999999999999817e-01 -1.180143336438645201e+04
6.545000000000000817e-01 -1.180175343134799914e+04
6.546000000000000707e-01 -1.180226430624455497e+04
6.547000000000000597e-01 -1.180302811786671919e+04
6.548000000000000487e-01 -1.180401675367333883e+04
6.549000000000000377e-01 -1.180518140809311080e+04
6.550000000000000266e-01 -1.180650154340924018e+04
6.551000000000000156e-01 -1.180795932076420104e+04
6.552000000000000046e-01 -1.180954875044438631e+04
6.552999999999999936e-01 -1.181126549126170721e+04
6.553999999999999826e-01 -1.181309789362843549e+04
6.555000000000000826e-01 -1.181501139270389831e+04
6.556000000000000716e-01 -1.181696605034962340e+04
6.557000000000000606e-01 -1.181894268992071375e+04
6.558000000000000496e-01 -1.182092825823992098e+04
6.559000000000000385e-01 -1.182290970670035676e+04
6.560000000000000275e-01 -1.182488115373234541e+04
6.561000000000000165e-01 -1.182685143258979406e+04
6.562000000000000055e-01 -1.182885544172484151e+04
6.562999999999999945e-01 -1.183087807538983907e+04
6.563999999999999835e-01 -1.183290518899880044e+04
6.565000000000000835e-01 -1.183495564995585300e+04
6.566000000000000725e-01 -1.183703573233180214e+04
6.567000000000000615e-01 -1.183912804217738267e+04
6.568000000000000504e-01 -1.184121103725096145e+04
6.569000000000000394e-01 -1.184326571893976507e+04
6.570000000000000284e-01 -1.184528798752833791e+04
6.571000000000000174e-01 -1.184728052757597106e+04
6.572000000000000064e-01 -1.184924363722614180e+04
6.572999999999999954e-01 -1.185118209363014830e+04
6.573999999999999844e-01 -1.185310255663932912e+04
6.575000000000000844e-01 -1.185501269398206568e+04
6.576000000000000734e-01 -1.185692090247531996e+04
6.577000000000000624e-01 -1.185884179661375310e+04
6.578000000000000513e-01 -1.186077950240907012e+04
6.579000000000000403e-01 -1.186273921713458367e+04
6.580000000000000293e-01 -1.186471054077119697e+04
6.581000000000000183e-01 -1.186669237210963547e+04
6.582000000000000073e-01 -1.186868280757123648e+04
6.582999999999999963e-01 -1.187067996094521914e+04
6.583999999999999853e-01 -1.187268207437721867e+04
6.585000000000000853e-01 -1.187468654505522318e+04
6.586000000000000743e-01 -1.187669317371576835e+04
6.587000000000000632e-01 -1.187870105916471039e+04
6.588000000000000522e-01 -1.188070862001032037e+04
6.589000000000000412e-01 -1.188271464511093291e+04
6.590000000000000302e-01 -1.188471840135846287e+04
6.591000000000000192e-01 -1.188671961318798640e+04
6.592000000000000082e-01 -1.188871837436049282e+04
6.592999999999999972e-01 -1.189071502511111612e+04
6.593999999999999861e-01 -1.189270776702232979e+04
6.595000000000000862e-01 -1.189469544168033644e+04
6.596000000000000751e-01 -1.189668676165474790e+04
6.597000000000000641e-01 -1.189866362132099675e+04
6.598000000000000531e-01 -1.190062553069044043e+04
6.599000000000000421e-01 -1.190258166855042691e+04
6.600000000000000311e-01 -1.190453955903319729e+04
6.601000000000000201e-01 -1.190651662978004242e+04
6.602000000000000091e-01 -1.190855139885813696e+04
6.602999999999999980e-01 -1.191065700808529618e+04
6.603999999999999870e-01 -1.191282725589615075e+04
6.605000000000000870e-01 -1.191504906244083577e+04
6.606000000000000760e-01 -1.191730859048867569e+04
6.607000000000000650e-01 -1.191959382971592822e+04
6.608000000000000540e-01 -1.192189551584292894e+04
6.609000000000000430e-01 -1.192420667350314216e+04
6.610000000000000320e-01 -1.192651749182959793e+04
6.611000000000000210e-01 -1.192882252345480993e+04
6.612000000000000099e-01 -1.193112154773694056e+04
6.612999999999999989e-01 -1.193341621972260691e+04
6.613999999999999879e-01 -1.193570702794222598e+04
6.614999999999999769e-01 -1.193799698713949510e+04
6.616000000000000769e-01 -1.194028911040158528e+04
6.617000000000000659e-01 -1.194258294020576068e+04
6.618000000000000549e-01 -1.194487791681958333e+04
6.619000000000000439e-01 -1.194717333881474769e+04
6.620000000000000329e-01 -1.194946918461288442e+04
6.621000000000000218e-01 -1.195176625308294933e+04
6.622000000000000108e-01 -1.195406394381039718e+04
6.622999999999999998e-01 -1.195636109018477327e+04
6.623999999999999888e-01 -1.195865549118848867e+04
6.624999999999999778e-01 -1.196094793400759409e+04
6.626000000000000778e-01 -1.196323940316797780e+04
6.627000000000000668e-01 -1.196553051560225504e+04
6.628000000000000558e-01 -1.196782236778747028e+04
6.629000000000000448e-01 -1.197011762737589015e+04
6.630000000000000338e-01 -1.197240985677207755e+04
6.631000000000000227e-01 -1.197470036301747314e+04
6.632000000000000117e-01 -1.197698983138278709e+04
6.633000000000000007e-01 -1.197928328833405976e+04
6.633999999999999897e-01 -1.198158046441854094e+04
6.634999999999999787e-01 -1.198388210341878403e+04
6.636000000000000787e-01 -1.198618830469293971e+04
6.637000000000000677e-01 -1.198849884912866219e+04
6.638000000000000567e-01 -1.199081483486513389e+04
6.639000000000000457e-01 -1.199313512125328634e+04
6.640000000000000346e-01 -1.199545795467059725e+04
6.641000000000000236e-01 -1.199778406214021925e+04
6.642000000000000126e-01 -1.200011370517703290e+04
6.643000000000000016e-01 -1.200244691033677373e+04
6.643999999999999906e-01 -1.200478343713693175e+04
6.644999999999999796e-01 -1.200712172446219301e+04
6.646000000000000796e-01 -1.200946544042787900e+04
6.647000000000000686e-01 -1.201181348145228912e+04
6.648000000000000576e-01 -1.201416664312626017e+04
6.649000000000000465e-01 -1.201638480250712564e+04
6.650000000000000355e-01 -1.201845562379383955e+04
6.651000000000000245e-01 -1.202023696879404997e+04
6.652000000000000135e-01 -1.202178214298437160e+04
6.653000000000000025e-01 -1.202333404363621958e+04
6.653999999999999915e-01 -1.202504458740183509e+04
6.654999999999999805e-01 -1.202695865387968843e+04
6.656000000000000805e-01 -1.202906211209758112e+04
6.657000000000000695e-01 -1.203132361563089762e+04
6.658000000000000584e-01 -1.203370050357606851e+04
6.659000000000000474e-01 -1.203615469200428015e+04
6.660000000000000364e-01 -1.203865631461847988e+04
6.661000000000000254e-01 -1.204118660389995966e+04
6.662000000000000144e-01 -1.204374520167812625e+04
6.663000000000000034e-01 -1.204634095140458339e+04
6.663999999999999924e-01 -1.204897633618809959e+04
6.664999999999999813e-01 -1.205164966070650189e+04
6.666000000000000814e-01 -1.205435887623166673e+04
6.667000000000000703e-01 -1.205711659218302520e+04
6.668000000000000593e-01 -1.205991190697656020e+04
6.669000000000000483e-01 -1.206277606741548880e+04
6.670000000000000373e-01 -1.206572694893378866e+04
6.671000000000000263e-01 -1.206875750267218427e+04
6.672000000000000153e-01 -1.207180071827473876e+04
6.673000000000000043e-01 -1.207480934787269325e+04
6.673999999999999932e-01 -1.207778808346440383e+04
6.674999999999999822e-01 -1.208076828958325859e+04
6.676000000000000822e-01 -1.208378359678870038e+04
6.677000000000000712e-01 -1.208686217065097844e+04
6.678000000000000602e-01 -1.209004241501898832e+04
6.679000000000000492e-01 -1.209335644798252542e+04
6.680000000000000382e-01 -1.209683249805066771e+04
6.681000000000000272e-01 -1.210048535307409838e+04
6.682000000000000162e-01 -1.210431621945672850e+04
6.683000000000000052e-01 -1.210832283389573968e+04
6.683999999999999941e-01 -1.211250911183468452e+04
6.684999999999999831e-01 -1.211690158112317295e+04
6.686000000000000831e-01 -1.212154529337757776e+04
6.687000000000000721e-01 -1.212649528999754875e+04
6.688000000000000611e-01 -1.213180624932045612e+04
6.689000000000000501e-01 -1.213746981132804467e+04
6.690000000000000391e-01 -1.214350627219064518e+04
6.691000000000000281e-01 -1.215005665290596335e+04
6.692000000000000171e-01 -1.215708252271961101e+04
6.693000000000000060e-01 -1.216388884089130988e+04
6.693999999999999950e-01 -1.216799177450725801e+04
6.694999999999999840e-01 -1.216985175046917539e+04
6.696000000000000840e-01 -1.217126279665547736e+04
6.697000000000000730e-01 -1.217303726417390862e+04
6.698000000000000620e-01 -1.217507594824881744e+04
6.699000000000000510e-01 -1.217711218420019213e+04
6.700000000000000400e-01 -1.217913796200892102e+04
6.701000000000000290e-01 -1.218120961173002433e+04
6.702000000000000179e-01 -1.218338087917733355e+04
6.703000000000000069e-01 -1.218565721099396433e+04
6.703999999999999959e-01 -1.218800772932657492e+04
6.704999999999999849e-01 -1.219038924672193752e+04
6.706000000000000849e-01 -1.219276606717320828e+04
6.707000000000000739e-01 -1.219511904588237667e+04
6.708000000000000629e-01 -1.219744233783725576e+04
6.709000000000000519e-01 -1.219981252156195114e+04
6.710000000000000409e-01 -1.220275799619652025e+04
6.711000000000000298e-01 -1.220618218118695586e+04
6.712000000000000188e-01 -1.220968311562121562e+04
6.713000000000000078e-01 -1.221297572069224952e+04
6.713999999999999968e-01 -1.221596036239793648e+04
6.714999999999999858e-01 -1.221870170172832877e+04
6.716000000000000858e-01 -1.222127361845833912e+04
6.717000000000000748e-01 -1.222372242887495850e+04
6.718000000000000638e-01 -1.222609160339025766e+04
6.719000000000000528e-01 -1.222841925447841095e+04
6.720000000000000417e-01 -1.223073045182660826e+04
6.721000000000000307e-01 -1.223303870373252539e+04
6.722000000000000197e-01 -1.223534899397952177e+04
6.723000000000000087e-01 -1.223766346154154417e+04
6.723999999999999977e-01 -1.223998252603770197e+04
6.724999999999999867e-01 -1.224230630358921007e+04
6.726000000000000867e-01 -1.224463482877311799e+04
6.727000000000000757e-01 -1.224697027477289157e+04
6.728000000000000647e-01 -1.224931154011554463e+04
6.729000000000000536e-01 -1.225165368690861396e+04
6.730000000000000426e-01 -1.225399951218702336e+04
6.731000000000000316e-01 -1.225634958575005294e+04
6.732000000000000206e-01 -1.225870365934404072e+04
6.733000000000000096e-01 -1.226106143052813786e+04
6.733999999999999986e-01 -1.226342313120144354e+04
6.734999999999999876e-01 -1.226578768336615758e+04
6.736000000000000876e-01 -1.226814913202222851e+04
6.737000000000000766e-01 -1.227050048751930444e+04
6.738000000000000655e-01 -1.227284266783144085e+04
6.739000000000000545e-01 -1.227517722942820001e+04
6.740000000000000435e-01 -1.227750803944438849e+04
6.741000000000000325e-01 -1.227983701731003384e+04
6.742000000000000215e-01 -1.228216314498171596e+04
6.743000000000000105e-01 -1.228448711556023045e+04
6.743999999999999995e-01 -1.228679872700611122e+04
6.744999999999999885e-01 -1.228911373741480020e+04
6.745999999999999774e-01 -1.229143265863855413e+04
6.747000000000000774e-01 -1.229374156965546354e+04
6.748000000000000664e-01 -1.229603419528034465e+04
6.749000000000000554e-01 -1.229827668035892748e+04
6.750000000000000444e-01 -1.230045457298685142e+04
6.751000000000000334e-01 -1.230261389860620693e+04
6.752000000000000224e-01 -1.230478920864176507e+04
6.753000000000000114e-01 -1.230697271359312253e+04
6.754000000000000004e-01 -1.230916763661330515e+04
6.754999999999999893e-01 -1.231137267934768897e+04
6.755999999999999783e-01 -1.231358236971263068e+04
6.757000000000000783e-01 -1.231579401360273187e+04
6.758000000000000673e-01 -1.231800712475574437e+04
6.759000000000000563e-01 -1.232022138381417062e+04
6.760000000000000453e-01 -1.232243661983196216e+04
6.761000000000000343e-01 -1.232465342922822128e+04
6.762000000000000233e-01 -1.232687217708485878e+04
6.763000000000000123e-01 -1.232909214455403708e+04
6.764000000000000012e-01 -1.233131200309028827e+04
6.764999999999999902e-01 -1.233353102792055506e+04
6.765999999999999792e-01 -1.233574882276105564e+04
6.767000000000000792e-01 -1.233796493569065206e+04
6.768000000000000682e-01 -1.234017734404695693e+04
6.769000000000000572e-01 -1.234237782634773976e+04
6.770000000000000462e-01 -1.234458260258906557e+04
6.771000000000000352e-01 -1.234678974191643647e+04
6.772000000000000242e-01 -1.234899591670991504e+04
6.773000000000000131e-01 -1.235120134983704884e+04
6.774000000000000021e-01 -1.235340670061620040e+04
6.774999999999999911e-01 -1.235561246116654365e+04
6.775999999999999801e-01 -1.235781890157888847e+04
6.777000000000000801e-01 -1.236002611976065236e+04
6.778000000000000691e-01 -1.236223409748899576e+04
6.779000000000000581e-01 -1.236444274326950472e+04
6.780000000000000471e-01 -1.236665192224142629e+04
6.781000000000000361e-01 -1.236886147758394145e+04
6.782000000000000250e-01 -1.237107124729996940e+04
6.783000000000000140e-01 -1.237328128112491322e+04
6.784000000000000030e-01 -1.237549090794749645e+04
6.784999999999999920e-01 -1.237770030833844976e+04
6.785999999999999810e-01 -1.237990936952481934e+04
6.787000000000000810e-01 -1.238211811343339286e+04
6.788000000000000700e-01 -1.238432661053785705e+04
6.789000000000000590e-01 -1.238653492870949412e+04
6.790000000000000480e-01 -1.238874313108859315e+04
6.791000000000000369e-01 -1.239095132327527244e+04
6.792000000000000259e-01 -1.239315980382422094e+04
6.793000000000000149e-01 -1.239536731137300376e+04
6.794000000000000039e-01 -1.239757463932134488e+04
6.794999999999999929e-01 -1.239978215072579769e+04
6.795999999999999819e-01 -1.240198987918060811e+04
6.797000000000000819e-01 -1.240419778136213063e+04
6.798000000000000709e-01 -1.240640581718014619e+04
6.799000000000000599e-01 -1.240861394314327481e+04
6.800000000000000488e-01 -1.241082211816234485e+04
6.801000000000000378e-01 -1.241301790847847224e+04
6.802000000000000268e-01 -1.241517646396987584e+04
6.803000000000000158e-01 -1.241730148717753400e+04
6.804000000000000048e-01 -1.241940137207106454e+04
6.804999999999999938e-01 -1.242148277085780683e+04
6.805999999999999828e-01 -1.242355045955873538e+04
6.807000000000000828e-01 -1.242560784236831751e+04
6.808000000000000718e-01 -1.242765737172810441e+04
6.809000000000000608e-01 -1.242970084274445253e+04
6.810000000000000497e-01 -1.243173959456619014e+04
6.811000000000000387e-01 -1.243377464762994896e+04
6.812000000000000277e-01 -1.243580679670796781e+04
6.813000000000000167e-01 -1.243783667333467383e+04
6.814000000000000057e-01 -1.243986478710446863e+04
6.814999999999999947e-01 -1.244189155265931004e+04
6.815999999999999837e-01 -1.244391730730388008e+04
6.817000000000000837e-01 -1.244594232280389588e+04
6.818000000000000727e-01 -1.244796681384009571e+04
6.819000000000000616e-01 -1.244999094473561490e+04
6.820000000000000506e-01 -1.245201483544814801e+04
6.821000000000000396e-01 -1.245403856728296705e+04
6.822000000000000286e-01 -1.245606348397281545e+04
6.823000000000000176e-01 -1.245809013911845250e+04
6.824000000000000066e-01 -1.246011671215186107e+04
6.824999999999999956e-01 -1.246214299598770049e+04
6.825999999999999845e-01 -1.246416908055415479e+04
6.827000000000000846e-01 -1.246619502000103421e+04
6.828000000000000735e-01 -1.246822080147691304e+04
6.829000000000000625e-01 -1.247024646562089401e+04
6.830000000000000515e-01 -1.247227449338113911e+04
6.831000000000000405e-01 -1.247430252179425224e+04
6.832000000000000295e-01 -1.247632892806760174e+04
6.833000000000000185e-01 -1.247835330843281008e+04
6.834000000000000075e-01 -1.248037565858793459e+04
6.834999999999999964e-01 -1.248239657054044619e+04
6.835999999999999854e-01 -1.248441661330051102e+04
6.837000000000000854e-01 -1.248643620018334695e+04
6.838000000000000744e-01 -1.248845559695675365e+04
6.839000000000000634e-01 -1.249047495199932928e+04
6.840000000000000524e-01 -1.249249432431725290e+04
6.841000000000000414e-01 -1.249451370469126414e+04
6.842000000000000304e-01 -1.249653302651580452e+04
6.843000000000000194e-01 -1.249855213855480542e+04
6.844000000000000083e-01 -1.250057024600375735e+04
6.844999999999999973e-01 -1.250258750915108976e+04
6.845999999999999863e-01 -1.250460221474393438e+04
6.847000000000000863e-01 -1.250661401683888289e+04
6.848000000000000753e-01 -1.250862250819475594e+04
6.849000000000000643e-01 -1.251062744118206138e+04
6.850000000000000533e-01 -1.251262868407025599e+04
6.851000000000000423e-01 -1.251462609939748654e+04
6.852000000000000313e-01 -1.251661952960192684e+04
6.853000000000000203e-01 -1.251860880213939890e+04
6.854000000000000092e-01 -1.252059373515518746e+04
6.854999999999999982e-01 -1.252257387089175427e+04
6.855999999999999872e-01 -1.252454887803914426e+04
6.857000000000000872e-01 -1.252651864884384122e+04
6.858000000000000762e-01 -1.252848341730393622e+04
6.859000000000000652e-01 -1.253044339857061823e+04
6.860000000000000542e-01 -1.253239881156972660e+04
6.861000000000000432e-01 -1.253434990523702436e+04
6.862000000000000322e-01 -1.253629688340765642e+04
6.863000000000000211e-01 -1.253823989746978441e+04
6.864000000000000101e-01 -1.254017902700627019e+04
6.864999999999999991e-01 -1.254211433091192157e+04
6.865999999999999881e-01 -1.254404586161939187e+04
6.867000000000000881e-01 -1.254597363948954262e+04
6.868000000000000771e-01 -1.254789764020783878e+04
6.869000000000000661e-01 -1.254981777842728843e+04
6.870000000000000551e-01 -1.255173384946226906e+04
6.871000000000000441e-01 -1.255364530811111945e+04
6.872000000000000330e-01 -1.255554999754651908e+04
6.873000000000000220e-01 -1.255744638998934715e+04
6.874000000000000110e-01 -1.255933131300408968e+04
6.875000000000000000e-01 -1.256120593865257433e+04
6.875999999999999890e-01 -1.256306914168602270e+04
6.876999999999999780e-01 -1.256491944167185829e+04
6.878000000000000780e-01 -1.256676710382870624e+04
6.879000000000000670e-01 -1.256861155158262773e+04
6.880000000000000560e-01 -1.257044541249022041e+04
6.881000000000000449e-01 -1.257227285254204253e+04
6.882000000000000339e-01 -1.257409553339606100e+04
6.883000000000000229e-01 -1.257595727162978073e+04
6.884000000000000119e-01 -1.257789173365240822e+04
6.885000000000000009e-01 -1.257995586234632901e+04
6.885999999999999899e-01 -1.258205787399424844e+04
6.886999999999999789e-01 -1.258411097125705237e+04
6.888000000000000789e-01 -1.258610805551327940e+04
6.889000000000000679e-01 -1.258806449476387570e+04
6.890000000000000568e-01 -1.258999945456029127e+04
6.891000000000000458e-01 -1.259192477303639862e+04
6.892000000000000348e-01 -1.259384676288665833e+04
6.893000000000000238e-01 -1.259576720138383462e+04
6.894000000000000128e-01 -1.259768792818412840e+04
6.895000000000000018e-01 -1.259961785980183231e+04
6.895999999999999908e-01 -1.260156126575836788e+04
6.896999999999999797e-01 -1.260352229902347062e+04
6.898000000000000798e-01 -1.260549648989644447e+04
6.899000000000000687e-01 -1.260747484887171049e+04
6.900000000000000577e-01 -1.260944527551516694e+04
6.901000000000000467e-01 -1.261140323394304687e+04
6.902000000000000357e-01 -1.261335039536937074e+04
6.903000000000000247e-01 -1.261528615600542798e+04
6.904000000000000137e-01 -1.261724261090210712e+04
6.905000000000000027e-01 -1.261922797781245390e+04
6.905999999999999917e-01 -1.262123466975719748e+04
6.906999999999999806e-01 -1.262324151202329813e+04
6.908000000000000806e-01 -1.262523477473779894e+04
6.909000000000000696e-01 -1.262721305739149466e+04
6.910000000000000586e-01 -1.262918024919720847e+04
6.911000000000000476e-01 -1.263114119710587329e+04
6.912000000000000366e-01 -1.263310008941196429e+04
6.913000000000000256e-01 -1.263505974830187915e+04
6.914000000000000146e-01 -1.263702063565057142e+04
6.915000000000000036e-01 -1.263898149607816413e+04
6.915999999999999925e-01 -1.264094278157395638e+04
6.916999999999999815e-01 -1.264290850538311133e+04
6.918000000000000815e-01 -1.264487679518408549e+04
6.919000000000000705e-01 -1.264684300768904723e+04
6.920000000000000595e-01 -1.264880398182770477e+04
6.921000000000000485e-01 -1.265075887845105717e+04
6.922000000000000375e-01 -1.265270716617409744e+04
6.923000000000000265e-01 -1.265464129879035681e+04
6.924000000000000155e-01 -1.265655138903276202e+04
6.925000000000000044e-01 -1.265843198753772413e+04
6.925999999999999934e-01 -1.266028013845842361e+04
6.926999999999999824e-01 -1.266209359960108304e+04
6.928000000000000824e-01 -1.266386916816287339e+04
6.929000000000000714e-01 -1.266559429543736405e+04
6.930000000000000604e-01 -1.266724548225265426e+04
6.931000000000000494e-01 -1.266880291681477502e+04
6.932000000000000384e-01 -1.267025572228264537e+04
6.933000000000000274e-01 -1.267160799640804908e+04
6.934000000000000163e-01 -1.267285647679078465e+04
6.935000000000000053e-01 -1.267398269990171138e+04
6.935999999999999943e-01 -1.267496836698504558e+04
6.936999999999999833e-01 -1.267580047967192513e+04
6.938000000000000833e-01 -1.267646814095160880e+04
6.939000000000000723e-01 -1.267695771160822369e+04
6.940000000000000613e-01 -1.267725895842647333e+04
6.941000000000000503e-01 -1.267735168644673649e+04
6.942000000000000393e-01 -1.267721477042403058e+04
6.943000000000000282e-01 -1.267687536765007280e+04
6.944000000000000172e-01 -1.267639207242729572e+04
6.945000000000000062e-01 -1.267573316728855207e+04
6.945999999999999952e-01 -1.267489253572109374e+04
6.946999999999999842e-01 -1.267391414802873624e+04
6.948000000000000842e-01 -1.267281752212216088e+04
6.949000000000000732e-01 -1.267171315597737339e+04
6.950000000000000622e-01 -1.267072804941383583e+04
6.951000000000000512e-01 -1.267018821220799691e+04
6.952000000000000401e-01 -1.267024064696049754e+04
6.953000000000000291e-01 -1.267082040280716319e+04
6.954000000000000181e-01 -1.267182132660912066e+04
6.955000000000000071e-01 -1.267314830606455325e+04
6.955999999999999961e-01 -1.267473037627234771e+04
6.956999999999999851e-01 -1.267651768699592867e+04
6.958000000000000851e-01 -1.267846788468214618e+04
6.959000000000000741e-01 -1.268048049608982910e+04
6.960000000000000631e-01 -1.268254398090870745e+04
6.961000000000000520e-01 -1.268462737451422618e+04
6.962000000000000410e-01 -1.268669632636370079e+04
6.963000000000000300e-01 -1.268877824148801665e+04
6.964000000000000190e-01 -1.269087352097574512e+04
6.965000000000000080e-01 -1.269299541084826160e+04
6.965999999999999970e-01 -1.269513657967340441e+04
6.966999999999999860e-01 -1.269727979717841117e+04
6.968000000000000860e-01 -1.269944357435137317e+04
6.969000000000000750e-01 -1.270164016432982862e+04
6.970000000000000639e-01 -1.270387710583702392e+04
6.971000000000000529e-01 -1.270613346755256680e+04
6.972000000000000419e-01 -1.270838936222834127e+04
6.973000000000000309e-01 -1.271061642496598688e+04
6.974000000000000199e-01 -1.271284469569422799e+04
6.975000000000000089e-01 -1.271503360062898173e+04
6.975999999999999979e-01 -1.271713566328315756e+04
6.976999999999999869e-01 -1.271914572116506861e+04
6.978000000000000869e-01 -1.272107352228298441e+04
6.979000000000000759e-01 -1.272293672257930848e+04
6.980000000000000648e-01 -1.272476605638178989e+04
6.981000000000000538e-01 -1.272658158541083867e+04
6.982000000000000428e-01 -1.272841017293313053e+04
6.983000000000000318e-01 -1.273027807832413055e+04
6.984000000000000208e-01 -1.273219562677454996e+04
6.985000000000000098e-01 -1.273415754187163475e+04
6.985999999999999988e-01 -1.273614782186761659e+04
6.986999999999999877e-01 -1.273815995378964180e+04
6.988000000000000878e-01 -1.274019175460566657e+04
6.989000000000000767e-01 -1.274224086872991393e+04
6.990000000000000657e-01 -1.274430377264738672e+04
6.991000000000000547e-01 -1.274638409272727949e+04
6.992000000000000437e-01 -1.274844924078049917e+04
6.993000000000000327e-01 -1.275051687366777151e+04
6.994000000000000217e-01 -1.275257923061941437e+04
6.995000000000000107e-01 -1.275463633814021523e+04
6.995999999999999996e-01 -1.275668912709813412e+04
6.996999999999999886e-01 -1.275873449663139036e+04
6.998000000000000886e-01 -1.276077149158501379e+04
6.999000000000000776e-01 -1.276279932828999154e+04
7.000000000000000666e-01 -1.276482274828432492e+04
7.001000000000000556e-01 -1.276869431238530888e+04
7.002000000000000446e-01 -1.277386196138277774e+04
7.003000000000000336e-01 -1.277932650860334252e+04
7.004000000000000226e-01 -1.278505505172208359e+04
7.005000000000000115e-01 -1.279132223116736532e+04
7.006000000000000005e-01 -1.279842156574866203e+04
7.006999999999999895e-01 -1.280633574180962569e+04
7.007999999999999785e-01 -1.281472565801806923e+04
7.009000000000000785e-01 -1.282347265583360604e+04
7.010000000000000675e-01 -1.283273509084434045e+04
7.011000000000000565e-01 -1.284182184726583910e+04
7.012000000000000455e-01 -1.284758840196936035e+04
7.013000000000000345e-01 -1.285051446212354313e+04
7.014000000000000234e-01 -1.285207418645385769e+04
7.015000000000000124e-01 -1.285305116149355490e+04
7.016000000000000014e-01 -1.285372275123502914e+04
7.016999999999999904e-01 -1.285482604349525900e+04
7.017999999999999794e-01 -1.285699250248147109e+04
7.019000000000000794e-01 -1.285925762043556460e+04
7.020000000000000684e-01 -1.286137246819521351e+04
7.021000000000000574e-01 -1.286366097868813449e+04
7.022000000000000464e-01 -1.286563615790260701e+04
7.023000000000000353e-01 -1.286728311390495583e+04
7.024000000000000243e-01 -1.286873930055277924e+04
7.025000000000000133e-01 -1.287012378627885664e+04
7.026000000000000023e-01 -1.287152486730919918e+04
7.026999999999999913e-01 -1.287297825495610232e+04
7.027999999999999803e-01 -1.287448591140073404e+04
7.029000000000000803e-01 -1.287602853948566008e+04
7.030000000000000693e-01 -1.287758764645697374e+04
7.031000000000000583e-01 -1.287915285596243484e+04
7.032000000000000473e-01 -1.288071358411599795e+04
7.033000000000000362e-01 -1.288225324084478234e+04
7.034000000000000252e-01 -1.288375100678777744e+04
7.035000000000000142e-01 -1.288518522707550983e+04
7.036000000000000032e-01 -1.288653501686667914e+04
7.036999999999999922e-01 -1.288778236550575093e+04
7.037999999999999812e-01 -1.288891106123590725e+04
7.039000000000000812e-01 -1.288990378065557525e+04
7.040000000000000702e-01 -1.289074624733146811e+04
7.041000000000000592e-01 -1.289144974808429106e+04
7.042000000000000481e-01 -1.289202534574138190e+04
7.043000000000000371e-01 -1.289245521999539596e+04
7.044000000000000261e-01 -1.289273245506474268e+04
7.045000000000000151e-01 -1.289285776570873713e+04
7.046000000000000041e-01 -1.289282771524979580e+04
7.046999999999999931e-01 -1.289264076008340999e+04
7.047999999999999821e-01 -1.289228600706187535e+04
7.049000000000000821e-01 -1.289186338179177073e+04
7.050000000000000711e-01 -1.289141317804465871e+04
7.051000000000000600e-01 -1.289101424863617467e+04
7.052000000000000490e-01 -1.289083471359099713e+04
7.053000000000000380e-01 -1.289092822158567105e+04
7.054000000000000270e-01 -1.289135850748853591e+04
7.055000000000000160e-01 -1.289215954494892321e+04
7.056000000000000050e-01 -1.289325738370775980e+04
7.056999999999999940e-01 -1.289457402136233941e+04
7.057999999999999829e-01 -1.289605446800354912e+04
7.059000000000000830e-01 -1.289765362914243087e+04
7.060000000000000719e-01 -1.289935297895026997e+04
7.061000000000000609e-01 -1.290114078781490025e+04
7.062000000000000499e-01 -1.290299387655502869e+04
7.063000000000000389e-01 -1.290490864393078482e+04
7.064000000000000279e-01 -1.290687863154683146e+04
7.065000000000000169e-01 -1.290888517393682378e+04
7.066000000000000059e-01 -1.291091140964552869e+04
7.066999999999999948e-01 -1.291292812320391931e+04
7.067999999999999838e-01 -1.291499789044865065e+04
7.069000000000000838e-01 -1.291708799893829382e+04
7.070000000000000728e-01 -1.291918457569400562e+04
7.071000000000000618e-01 -1.292128160129880234e+04
7.072000000000000508e-01 -1.292337780746135286e+04
7.073000000000000398e-01 -1.292547518431155004e+04
7.074000000000000288e-01 -1.292758155442341740e+04
7.075000000000000178e-01 -1.292969179115033330e+04
7.076000000000000068e-01 -1.293180162308390209e+04
7.076999999999999957e-01 -1.293389504669101188e+04
7.077999999999999847e-01 -1.293595912004051752e+04
7.079000000000000847e-01 -1.293799083012227493e+04
7.080000000000000737e-01 -1.293998766328201054e+04
7.081000000000000627e-01 -1.294194347256659603e+04
7.082000000000000517e-01 -1.294386680759994124e+04
7.083000000000000407e-01 -1.294576784375378156e+04
7.084000000000000297e-01 -1.294767197568628580e+04
7.085000000000000187e-01 -1.294958271460599826e+04
7.086000000000000076e-01 -1.295150331815094614e+04
7.086999999999999966e-01 -1.295343807637809732e+04
7.087999999999999856e-01 -1.295538666317205389e+04
7.089000000000000856e-01 -1.295734852036767188e+04
7.090000000000000746e-01 -1.295932290060102059e+04
7.091000000000000636e-01 -1.296131145906653728e+04
7.092000000000000526e-01 -1.296331629947646798e+04
7.093000000000000416e-01 -1.296533327496335914e+04
7.094000000000000306e-01 -1.296735770223899999e+04
7.095000000000000195e-01 -1.296938653068260646e+04
7.096000000000000085e-01 -1.297141836023124415e+04
7.096999999999999975e-01 -1.297345213604586570e+04
7.097999999999999865e-01 -1.297548641594141918e+04
7.099000000000000865e-01 -1.297752179133389836e+04
7.100000000000000755e-01 -1.297955410564353406e+04
7.101000000000000645e-01 -1.298159852772839986e+04
7.102000000000000535e-01 -1.298368978097344188e+04
7.103000000000000425e-01 -1.298582298025307864e+04
7.104000000000000314e-01 -1.298799153076788207e+04
7.105000000000000204e-01 -1.299018895800959763e+04
7.106000000000000094e-01 -1.299240848360802011e+04
7.106999999999999984e-01 -1.299464443952536931e+04
7.107999999999999874e-01 -1.299689263444019161e+04
7.109000000000000874e-01 -1.299915005730265511e+04
7.110000000000000764e-01 -1.300141440755032454e+04
7.111000000000000654e-01 -1.300368413926493849e+04
7.112000000000000544e-01 -1.300595773993081639e+04
7.113000000000000433e-01 -1.300823629740043725e+04
7.114000000000000323e-01 -1.301052169961586333e+04
7.115000000000000213e-01 -1.301281348862287450e+04
7.116000000000000103e-01 -1.301511027778089920e+04
7.116999999999999993e-01 -1.301741091284437789e+04
7.117999999999999883e-01 -1.301971484227102883e+04
7.119000000000000883e-01 -1.302202147864264953e+04
7.120000000000000773e-01 -1.302433051108600193e+04
7.121000000000000663e-01 -1.302664194068949291e+04
7.122000000000000552e-01 -1.302895566917352699e+04
7.123000000000000442e-01 -1.303127140334763317e+04
7.124000000000000332e-01 -1.303358888082407066e+04
7.125000000000000222e-01 -1.303590784434686611e+04
7.126000000000000112e-01 -1.303822823800740298e+04
7.127000000000000002e-01 -1.304054951140568664e+04
7.127999999999999892e-01 -1.304287057541384092e+04
7.129000000000000892e-01 -1.304519223071016677e+04
7.130000000000000782e-01 -1.304751418678314440e+04
7.131000000000000671e-01 -1.304983682380963182e+04
7.132000000000000561e-01 -1.305216033933646395e+04
7.133000000000000451e-01 -1.305448485668159447e+04
7.134000000000000341e-01 -1.305681069733235745e+04
7.135000000000000231e-01 -1.305913967708344717e+04
7.136000000000000121e-01 -1.306147334518457319e+04
7.137000000000000011e-01 -1.306381194316792971e+04
7.137999999999999901e-01 -1.306615528333815200e+04
7.138999999999999790e-01 -1.306850315481530015e+04
7.140000000000000790e-01 -1.307085548284357355e+04
7.141000000000000680e-01 -1.307321247256314746e+04
7.142000000000000570e-01 -1.307557584601854251e+04
7.143000000000000460e-01 -1.307794948945399665e+04
7.144000000000000350e-01 -1.308033647393366300e+04
7.145000000000000240e-01 -1.308273653556213139e+04
7.146000000000000130e-01 -1.308514941904908665e+04
7.147000000000000020e-01 -1.308757470658639249e+04
7.147999999999999909e-01 -1.309001197681129270e+04
7.148999999999999799e-01 -1.309246082498769101e+04
7.150000000000000799e-01 -1.309492106934357253e+04
7.151000000000000689e-01 -1.309739319217807679e+04
7.152000000000000579e-01 -1.309987733010857664e+04
7.153000000000000469e-01 -1.310236966170989945e+04
7.154000000000000359e-01 -1.310487502000832865e+04
7.155000000000000249e-01 -1.310739577319187083e+04
7.156000000000000139e-01 -1.310993030330962029e+04
7.157000000000000028e-01 -1.311247966300251755e+04
7.157999999999999918e-01 -1.311504668127381774e+04
7.158999999999999808e-01 -1.311763094746341994e+04
7.160000000000000808e-01 -1.312023090808872803e+04
7.161000000000000698e-01 -1.312284672969673375e+04
7.162000000000000588e-01 -1.312547982808483721e+04
7.163000000000000478e-01 -1.312814850015510638e+04
7.164000000000000368e-01 -1.313085466498636197e+04
7.165000000000000258e-01 -1.313358835494805862e+04
7.166000000000000147e-01 -1.313635664819574959e+04
7.167000000000000037e-01 -1.313915688774931368e+04
7.167999999999999927e-01 -1.314198473843749343e+04
7.168999999999999817e-01 -1.314483709384467329e+04
7.170000000000000817e-01 -1.314771104586661204e+04
7.171000000000000707e-01 -1.315060630852080612e+04
7.172000000000000597e-01 -1.315352559392868898e+04
7.173000000000000487e-01 -1.315647425673056387e+04
7.174000000000000377e-01 -1.315946050841760916e+04
7.175000000000000266e-01 -1.316250159582871311e+04
7.176000000000000156e-01 -1.316561602160343864e+04
7.177000000000000046e-01 -1.316881234926844991e+04
7.177999999999999936e-01 -1.317209070738308947e+04
7.178999999999999826e-01 -1.317543842277175281e+04
7.180000000000000826e-01 -1.317890259115279150e+04
7.181000000000000716e-01 -1.318252715243960301e+04
7.182000000000000606e-01 -1.318629902309027420e+04
7.183000000000000496e-01 -1.319020694544439721e+04
7.184000000000000385e-01 -1.319432189811655007e+04
7.185000000000000275e-01 -1.319865862443593505e+04
7.186000000000000165e-01 -1.320324535226187982e+04
7.187000000000000055e-01 -1.320794709671876262e+04
7.187999999999999945e-01 -1.321241154136966361e+04
7.188999999999999835e-01 -1.321601918885326631e+04
7.190000000000000835e-01 -1.321885123994449532e+04
7.191000000000000725e-01 -1.322145656794927163e+04
7.192000000000000615e-01 -1.322398263344162660e+04
7.193000000000000504e-01 -1.322629724411045390e+04
7.194000000000000394e-01 -1.322839776209378761e+04
7.195000000000000284e-01 -1.323035427070461810e+04
7.196000000000000174e-01 -1.323224074998501965e+04
7.197000000000000064e-01 -1.323411633733527742e+04
7.197999999999999954e-01 -1.323602768670348632e+04
7.198999999999999844e-01 -1.323800487777107810e+04
7.200000000000000844e-01 -1.324005709829579064e+04
7.201000000000000734e-01 -1.324217735792253552e+04
7.202000000000000624e-01 -1.324435265904419066e+04
7.203000000000000513e-01 -1.324657046856826673e+04
7.204000000000000403e-01 -1.324882299142478405e+04
7.205000000000000293e-01 -1.325110815828809064e+04
7.206000000000000183e-01 -1.325341463593644039e+04
7.207000000000000073e-01 -1.325572172202016191e+04
7.207999999999999963e-01 -1.325802082435484772e+04
7.208999999999999853e-01 -1.326031241643483372e+04
7.210000000000000853e-01 -1.326259783026172408e+04
7.211000000000000743e-01 -1.326487654092214689e+04
7.212000000000000632e-01 -1.326714693654165239e+04
7.213000000000000522e-01 -1.326940651534813878e+04
7.214000000000000412e-01 -1.327165415946739813e+04
7.215000000000000302e-01 -1.327389125752013024e+04
7.216000000000000192e-01 -1.327612114757057134e+04
7.217000000000000082e-01 -1.327834723849117472e+04
7.217999999999999972e-01 -1.328057225089444000e+04
7.218999999999999861e-01 -1.328279810956010988e+04
7.220000000000000862e-01 -1.328502609421103989e+04
7.221000000000000751e-01 -1.328725694946964541e+04
7.222000000000000641e-01 -1.328949097130634436e+04
7.223000000000000531e-01 -1.329172810969524835e+04
7.224000000000000421e-01 -1.329396844427463839e+04
7.225000000000000311e-01 -1.329621205103146713e+04
7.226000000000000201e-01 -1.329845821699825137e+04
7.227000000000000091e-01 -1.330070597995684511e+04
7.227999999999999980e-01 -1.330295448088813464e+04
7.228999999999999870e-01 -1.330520307639836574e+04
7.230000000000000870e-01 -1.330745134506132308e+04
7.231000000000000760e-01 -1.330969906908118901e+04
7.232000000000000650e-01 -1.331194643934078158e+04
7.233000000000000540e-01 -1.331419435275741307e+04
7.234000000000000430e-01 -1.331644300835984359e+04
7.235000000000000320e-01 -1.331869214354886753e+04
7.236000000000000210e-01 -1.332094054978794338e+04
7.237000000000000099e-01 -1.332318661187990620e+04
7.237999999999999989e-01 -1.332542983253535749e+04
7.238999999999999879e-01 -1.332767069814183742e+04
7.240000000000000879e-01 -1.332990989299876310e+04
7.241000000000000769e-01 -1.333214801642526618e+04
7.242000000000000659e-01 -1.333438551612780429e+04
7.243000000000000549e-01 -1.333662270300091404e+04
7.244000000000000439e-01 -1.333885978327917474e+04
7.245000000000000329e-01 -1.334109689669918771e+04
7.246000000000000218e-01 -1.334333419027720993e+04
7.247000000000000108e-01 -1.334557172388613435e+04
7.247999999999999998e-01 -1.334780948318816081e+04
7.248999999999999888e-01 -1.335004742725309188e+04
7.250000000000000888e-01 -1.335228550471341987e+04
7.251000000000000778e-01 -1.335452365976420151e+04
7.252000000000000668e-01 -1.335674996859587736e+04
7.253000000000000558e-01 -1.335894337664248633e+04
7.254000000000000448e-01 -1.336123080181348814e+04
7.255000000000000338e-01 -1.336352128176143015e+04
7.256000000000000227e-01 -1.336578166619305193e+04
7.257000000000000117e-01 -1.336801508745548381e+04
7.258000000000000007e-01 -1.337023201476349641e+04
7.258999999999999897e-01 -1.337244083504780428e+04
7.260000000000000897e-01 -1.337464639461104525e+04
7.261000000000000787e-01 -1.337685149578034907e+04
7.262000000000000677e-01 -1.337905768055548469e+04
7.263000000000000567e-01 -1.338126557004355345e+04
7.264000000000000457e-01 -1.338347446385107287e+04
7.265000000000000346e-01 -1.338568419524773162e+04
7.266000000000000236e-01 -1.338789505514835582e+04
7.267000000000000126e-01 -1.339010707870226906e+04
7.268000000000000016e-01 -1.339231941532372184e+04
7.268999999999999906e-01 -1.339453191678239273e+04
7.269999999999999796e-01 -1.339674479785523545e+04
7.271000000000000796e-01 -1.339895824244870710e+04
7.272000000000000686e-01 -1.340117238730468489e+04
7.273000000000000576e-01 -1.340338728312348940e+04
7.274000000000000465e-01 -1.340560285507271692e+04
7.275000000000000355e-01 -1.340781896906422844e+04
7.276000000000000245e-01 -1.341003500318501392e+04
7.277000000000000135e-01 -1.341224994271760806e+04
7.278000000000000025e-01 -1.341446108839253066e+04
7.278999999999999915e-01 -1.341666737121827100e+04
7.279999999999999805e-01 -1.341887032551038646e+04
7.281000000000000805e-01 -1.342107146470481348e+04
7.282000000000000695e-01 -1.342327370653442267e+04
7.283000000000000584e-01 -1.342547774752137411e+04
7.284000000000000474e-01 -1.342768339479078895e+04
7.285000000000000364e-01 -1.342988959327298107e+04
7.286000000000000254e-01 -1.343209513665955092e+04
7.287000000000000144e-01 -1.343430480180822815e+04
7.288000000000000034e-01 -1.343651816983729441e+04
7.288999999999999924e-01 -1.343873502265418392e+04
7.289999999999999813e-01 -1.344095386343967220e+04
7.291000000000000814e-01 -1.344317379025656555e+04
7.292000000000000703e-01 -1.344539442800568395e+04
7.293000000000000593e-01 -1.344759859420854809e+04
7.294000000000000483e-01 -1.344986342034887275e+04
7.295000000000000373e-01 -1.345216119410830470e+04
7.296000000000000263e-01 -1.345459018531119364e+04
7.297000000000000153e-01 -1.345713607171079275e+04
7.298000000000000043e-01 -1.345964622242334008e+04
7.298999999999999932e-01 -1.346207816142824595e+04
7.299999999999999822e-01 -1.346444518609986153e+04
7.301000000000000822e-01 -1.346675917728875902e+04
7.302000000000000712e-01 -1.346900319965467861e+04
7.303000000000000602e-01 -1.347118929728777766e+04
7.304000000000000492e-01 -1.347333571120692613e+04
7.305000000000000382e-01 -1.347545170538651473e+04
7.306000000000000272e-01 -1.347753912308906365e+04
7.307000000000000162e-01 -1.347960431550216344e+04
7.308000000000000052e-01 -1.348165386332925300e+04
7.308999999999999941e-01 -1.348369209349484117e+04
7.309999999999999831e-01 -1.348571594961409210e+04
7.311000000000000831e-01 -1.348773025478134150e+04
7.312000000000000721e-01 -1.348973768479102910e+04
7.313000000000000611e-01 -1.349173515019968727e+04
7.314000000000000501e-01 -1.349372846424102136e+04
7.315000000000000391e-01 -1.349572296900776746e+04
7.316000000000000281e-01 -1.349772094101164294e+04
7.317000000000000171e-01 -1.349972269186723679e+04
7.318000000000000060e-01 -1.350172879679580547e+04
7.318999999999999950e-01 -1.350373736582678066e+04
7.319999999999999840e-01 -1.350574551893278840e+04
7.321000000000000840e-01 -1.350775183000722063e+04
7.322000000000000730e-01 -1.350975588154210527e+04
7.323000000000000620e-01 -1.351175966728264757e+04
7.324000000000000510e-01 -1.351376383204355261e+04
7.325000000000000400e-01 -1.351576832975724574e+04
7.326000000000000290e-01 -1.351777309091663119e+04
7.327000000000000179e-01 -1.351977883991796079e+04
7.328000000000000069e-01 -1.352178352661871213e+04
7.328999999999999959e-01 -1.352378757032326575e+04
7.329999999999999849e-01 -1.352579125679168646e+04
7.331000000000000849e-01 -1.352779428967263448e+04
7.332000000000000739e-01 -1.352979519480573254e+04
7.333000000000000629e-01 -1.353179288315816666e+04
7.334000000000000519e-01 -1.353378589199030648e+04
7.335000000000000409e-01 -1.353577494409949395e+04
7.336000000000000298e-01 -1.353776093633867276e+04
7.337000000000000188e-01 -1.353974432199673538e+04
7.338000000000000078e-01 -1.354172468168965861e+04
7.338999999999999968e-01 -1.354370333761959228e+04
7.339999999999999858e-01 -1.354568086362813119e+04
7.341000000000000858e-01 -1.354765730733828786e+04
7.342000000000000748e-01 -1.354963262309715174e+04
7.343000000000000638e-01 -1.355160676371928639e+04
7.344000000000000528e-01 -1.355357969359964227e+04
7.345000000000000417e-01 -1.355555138720840660e+04
7.346000000000000307e-01 -1.355752182587997777e+04
7.347000000000000197e-01 -1.355949099521962307e+04
7.348000000000000087e-01 -1.356145896138406897e+04
7.348999999999999977e-01 -1.356342601631216712e+04
7.349999999999999867e-01 -1.356538939082643810e+04
7.351000000000000867e-01 -1.356735171692879885e+04
7.352000000000000757e-01 -1.356931299845689318e+04
7.353000000000000647e-01 -1.357127483211972867e+04
7.354000000000000536e-01 -1.357323728479777674e+04
7.355000000000000426e-01 -1.357520080214649170e+04
7.356000000000000316e-01 -1.357716451913543642e+04
7.357000000000000206e-01 -1.357912811286952638e+04
7.358000000000000096e-01 -1.358109488534992852e+04
7.358999999999999986e-01 -1.358307367613595125e+04
7.359999999999999876e-01 -1.358504859918543843e+04
7.361000000000000876e-01 -1.358701976306717188e+04
7.362000000000000766e-01 -1.358900357587825420e+04
7.363000000000000655e-01 -1.359100124116828556e+04
7.364000000000000545e-01 -1.359300451195941423e+04
7.365000000000000435e-01 -1.359501062952111897e+04
7.366000000000000325e-01 -1.359701847447840919e+04
7.367000000000000215e-01 -1.359902623376720658e+04
7.368000000000000105e-01 -1.360103253401382244e+04
7.368999999999999995e-01 -1.360303907460822120e+04
7.369999999999999885e-01 -1.360504727717628157e+04
7.371000000000000885e-01 -1.360705221823083593e+04
7.372000000000000774e-01 -1.360905132306709129e+04
7.373000000000000664e-01 -1.361104403416029163e+04
7.374000000000000554e-01 -1.361303376257099626e+04
7.375000000000000444e-01 -1.361502242514712270e+04
7.376000000000000334e-01 -1.361701109080127753e+04
7.377000000000000224e-01 -1.361900049553148529e+04
7.378000000000000114e-01 -1.362099125920658298e+04
7.379000000000000004e-01 -1.362298379116342585e+04
7.379999999999999893e-01 -1.362497964507667712e+04
7.381000000000000894e-01 -1.362697824458519426e+04
7.382000000000000783e-01 -1.362898106705147438e+04
7.383000000000000673e-01 -1.363098788698373573e+04
7.384000000000000563e-01 -1.363299482236880795e+04
7.385000000000000453e-01 -1.363499902337559251e+04
7.386000000000000343e-01 -1.363699900782737677e+04
7.387000000000000233e-01 -1.363899698219684979e+04
7.388000000000000123e-01 -1.364099480498346747e+04
7.389000000000000012e-01 -1.364298624046074292e+04
7.389999999999999902e-01 -1.364498132201415137e+04
7.391000000000000902e-01 -1.364697928819739536e+04
7.392000000000000792e-01 -1.364897685138417728e+04
7.393000000000000682e-01 -1.365096803837806328e+04
7.394000000000000572e-01 -1.365295038955601740e+04
7.395000000000000462e-01 -1.365492578721131940e+04
7.396000000000000352e-01 -1.365690329501009910e+04
7.397000000000000242e-01 -1.365889551934001429e+04
7.398000000000000131e-01 -1.366089436715544252e+04
7.399000000000000021e-01 -1.366288161591853168e+04
7.399999999999999911e-01 -1.366485279975077719e+04
7.400999999999999801e-01 -1.366681579122378207e+04
7.402000000000000801e-01 -1.366877588069487501e+04
7.403000000000000691e-01 -1.367073581334616210e+04
7.404000000000000581e-01 -1.367269448574262060e+04
7.405000000000000471e-01 -1.367464992585086839e+04
7.406000000000000361e-01 -1.367660153175708729e+04
7.407000000000000250e-01 -1.367855065294457017e+04
7.408000000000000140e-01 -1.368050032388913496e+04
7.409000000000000030e-01 -1.368245303364824940e+04
7.409999999999999920e-01 -1.368440976394064819e+04
7.410999999999999810e-01 -1.368636983082782172e+04
7.412000000000000810e-01 -1.368833174710334970e+04
7.413000000000000700e-01 -1.369029497386438561e+04
7.414000000000000590e-01 -1.369225915576778607e+04
7.415000000000000480e-01 -1.369422371017275691e+04
7.416000000000000369e-01 -1.369618764756992823e+04
7.417000000000000259e-01 -1.369814977650449691e+04
7.418000000000000149e-01 -1.370010905647173604e+04
7.419000000000000039e-01 -1.370206483265479073e+04
7.419999999999999929e-01 -1.370401686538061767e+04
7.420999999999999819e-01 -1.370596521064364060e+04
7.422000000000000819e-01 -1.370791004903793691e+04
7.423000000000000709e-01 -1.370985152323770672e+04
7.424000000000000599e-01 -1.371178957434016593e+04
7.425000000000000488e-01 -1.371372370389620664e+04
7.426000000000000378e-01 -1.371565113872075017e+04
7.427000000000000268e-01 -1.371756229611173330e+04
7.428000000000000158e-01 -1.371944663372832292e+04
7.429000000000000048e-01 -1.372115988584184561e+04
7.429999999999999938e-01 -1.372258485606933391e+04
7.430999999999999828e-01 -1.372381160600524890e+04
7.432000000000000828e-01 -1.372497951323139387e+04
7.433000000000000718e-01 -1.372613534947171684e+04
7.434000000000000608e-01 -1.372723287726316084e+04
7.435000000000000497e-01 -1.372821219581520199e+04
7.436000000000000387e-01 -1.372903840434998710e+04
7.437000000000000277e-01 -1.372969809194445588e+04
7.438000000000000167e-01 -1.373017763501787158e+04
7.439000000000000057e-01 -1.373045559877111373e+04
7.439999999999999947e-01 -1.373054651350938002e+04
7.440999999999999837e-01 -1.373046810924908823e+04
7.442000000000000837e-01 -1.373020625894482328e+04
7.443000000000000727e-01 -1.372973685624879363e+04
7.444000000000000616e-01 -1.372908022865239218e+04
7.445000000000000506e-01 -1.372821566789629105e+04
7.446000000000000396e-01 -1.372718507541427425e+04
7.447000000000000286e-01 -1.372614921752228111e+04
7.448000000000000176e-01 -1.372498499199274920e+04
7.449000000000000066e-01 -1.372383384115308581e+04
7.449999999999999956e-01 -1.372305945507927754e+04
7.450999999999999845e-01 -1.372271479185365388e+04
7.452000000000000846e-01 -1.372272969142168404e+04
7.453000000000000735e-01 -1.372312937226303438e+04
7.454000000000000625e-01 -1.372388902724711988e+04
7.455000000000000515e-01 -1.372503803843333844e+04
7.456000000000000405e-01 -1.372665021902698027e+04
7.457000000000000295e-01 -1.372865896719464399e+04
7.458000000000000185e-01 -1.373086327845210872e+04
7.459000000000000075e-01 -1.373311195804000818e+04
7.459999999999999964e-01 -1.373532425280574716e+04
7.460999999999999854e-01 -1.373743123792137158e+04
7.462000000000000854e-01 -1.373942721091627573e+04
7.463000000000000744e-01 -1.374137837252833560e+04
7.464000000000000634e-01 -1.374328243961405315e+04
7.465000000000000524e-01 -1.374519449443259873e+04
7.466000000000000414e-01 -1.374714997988387040e+04
7.467000000000000304e-01 -1.374920085628710331e+04
7.468000000000000194e-01 -1.375139484297580384e+04
7.469000000000000083e-01 -1.375361269298411571e+04
7.469999999999999973e-01 -1.375578726768989873e+04
7.470999999999999863e-01 -1.375788782395325688e+04
7.472000000000000863e-01 -1.375988157737796791e+04
7.473000000000000753e-01 -1.376178437224581285e+04
7.474000000000000643e-01 -1.376362794489325279e+04
7.475000000000000533e-01 -1.376535044635553277e+04
7.476000000000000423e-01 -1.376701131481749508e+04
7.477000000000000313e-01 -1.376869378497048092e+04
7.478000000000000203e-01 -1.377044659527666590e+04
7.479000000000000092e-01 -1.377229055466721002e+04
7.479999999999999982e-01 -1.377422157105667975e+04
7.480999999999999872e-01 -1.377621525900386405e+04
7.482000000000000872e-01 -1.377825577237329526e+04
7.483000000000000762e-01 -1.378031609114571074e+04
7.484000000000000652e-01 -1.378237286820820555e+04
7.485000000000000542e-01 -1.378442233666483844e+04
7.486000000000000432e-01 -1.378646683558036602e+04
7.487000000000000322e-01 -1.378850463704720823e+04
7.488000000000000211e-01 -1.379053969767945819e+04
7.489000000000000101e-01 -1.379256493229656553e+04
7.489999999999999991e-01 -1.379457982087418168e+04
7.490999999999999881e-01 -1.379658837461578696e+04
7.492000000000000881e-01 -1.379859676540556575e+04
7.493000000000000771e-01 -1.380059526686030404e+04
7.494000000000000661e-01 -1.380259242527960123e+04
7.495000000000000551e-01 -1.380458911190651997e+04
7.496000000000000441e-01 -1.380658604076471238e+04
7.497000000000000330e-01 -1.380858656790559689e+04
7.498000000000000220e-01 -1.381058523161557241e+04
7.499000000000000110e-01 -1.381258895699103596e+04
7.500000000000000000e-01 -1.381459861026731232e+04
7.500999999999999890e-01 -1.381836688640280408e+04
7.502000000000000890e-01 -1.382355819859992334e+04
7.503000000000000780e-01 -1.382953858069785201e+04
7.504000000000000670e-01 -1.383608371402727244e+04
7.505000000000000560e-01 -1.384323811909297547e+04
7.506000000000000449e-01 -1.385108926674375834e+04
7.507000000000000339e-01 -1.385972329693438587e+04
7.508000000000000229e-01 -1.386890537975777806e+04
7.509000000000000119e-01 -1.387861323163535963e+04
7.510000000000000009e-01 -1.388872776136008724e+04
7.510999999999999899e-01 -1.389883675014830806e+04
7.512000000000000899e-01 -1.390593336738650396e+04
7.513000000000000789e-01 -1.390990925475774566e+04
7.514000000000000679e-01 -1.391211693280389409e+04
7.515000000000000568e-01 -1.391341552421956658e+04
7.516000000000000458e-01 -1.391427571395394989e+04
7.517000000000000348e-01 -1.391503541686811150e+04
7.518000000000000238e-01 -1.391555148635057412e+04
7.519000000000000128e-01 -1.391630694034401677e+04
7.520000000000000018e-01 -1.391825642944420724e+04
7.520999999999999908e-01 -1.392055062526488109e+04
7.522000000000000908e-01 -1.392292105421691849e+04
7.523000000000000798e-01 -1.392536123773494000e+04
7.524000000000000687e-01 -1.392739989463676648e+04
7.525000000000000577e-01 -1.392905201950350238e+04
7.526000000000000467e-01 -1.393043117515362974e+04
7.527000000000000357e-01 -1.393161512927395779e+04
7.528000000000000247e-01 -1.393266292177663854e+04
7.529000000000000137e-01 -1.393360822912715776e+04
7.530000000000000027e-01 -1.393440134399869385e+04
7.530999999999999917e-01 -1.393504843221210103e+04
7.531999999999999806e-01 -1.393559132944327757e+04
7.533000000000000806e-01 -1.393607327793074910e+04
7.534000000000000696e-01 -1.393650249101196459e+04
7.535000000000000586e-01 -1.393684294281618895e+04
7.536000000000000476e-01 -1.393704637495899624e+04
7.537000000000000366e-01 -1.393706727060568301e+04
7.538000000000000256e-01 -1.393688995186421198e+04
7.539000000000000146e-01 -1.393654693980936281e+04
7.540000000000000036e-01 -1.393609179998347463e+04
7.540999999999999925e-01 -1.393548251300715128e+04
7.541999999999999815e-01 -1.393472952977217574e+04
7.543000000000000815e-01 -1.393381787764566798e+04
7.544000000000000705e-01 -1.393276620970785370e+04
7.545000000000000595e-01 -1.393164874525305822e+04
7.546000000000000485e-01 -1.393051376071500272e+04
7.547000000000000375e-01 -1.392951043463806309e+04
7.548000000000000265e-01 -1.392898964570018688e+04
7.549000000000000155e-01 -1.392905972046269562e+04
7.550000000000000044e-01 -1.392967745839316012e+04
7.550999999999999934e-01 -1.393075064869957896e+04
7.551999999999999824e-01 -1.393216808768299416e+04
7.553000000000000824e-01 -1.393390862106778332e+04
7.554000000000000714e-01 -1.393598022628895887e+04
7.555000000000000604e-01 -1.393825026680814335e+04
7.556000000000000494e-01 -1.394057904589747886e+04
7.557000000000000384e-01 -1.394285654190909554e+04
7.558000000000000274e-01 -1.394503677649707970e+04
7.559000000000000163e-01 -1.394713066781667840e+04
7.560000000000000053e-01 -1.394913127982879269e+04
7.560999999999999943e-01 -1.395103701187944534e+04
7.561999999999999833e-01 -1.395287222490048589e+04
7.563000000000000833e-01 -1.395469969391219820e+04
7.564000000000000723e-01 -1.395662493189358793e+04
7.565000000000000613e-01 -1.395877094860926081e+04
7.566000000000000503e-01 -1.396101273213443892e+04
7.567000000000000393e-01 -1.396323422419448980e+04
7.568000000000000282e-01 -1.396538626895358539e+04
7.569000000000000172e-01 -1.396746324693144379e+04
7.570000000000000062e-01 -1.396949506262567411e+04
7.570999999999999952e-01 -1.397149398850955004e+04
7.571999999999999842e-01 -1.397346029652603647e+04
7.573000000000000842e-01 -1.397539425171157200e+04
7.574000000000000732e-01 -1.397730463666967626e+04
7.575000000000000622e-01 -1.397921754573072576e+04
7.576000000000000512e-01 -1.398114628799748789e+04
7.577000000000000401e-01 -1.398309455034778694e+04
7.578000000000000291e-01 -1.398506621931018526e+04
7.579000000000000181e-01 -1.398705598658536655e+04
7.580000000000000071e-01 -1.398908125395914794e+04
7.580999999999999961e-01 -1.399114910018696537e+04
7.581999999999999851e-01 -1.399324252249164965e+04
7.583000000000000851e-01 -1.399534520317279566e+04
7.584000000000000741e-01 -1.399744702438039712e+04
7.585000000000000631e-01 -1.399954263263802204e+04
7.586000000000000520e-01 -1.400163548615184300e+04
7.587000000000000410e-01 -1.400371686077864433e+04
7.588000000000000300e-01 -1.400578358568744261e+04
7.589000000000000190e-01 -1.400784082280856455e+04
7.590000000000000080e-01 -1.400989197888623312e+04
7.590999999999999970e-01 -1.401193921281513758e+04
7.591999999999999860e-01 -1.401398452251836898e+04
7.593000000000000860e-01 -1.401603273604003152e+04
7.594000000000000750e-01 -1.401807659160683943e+04
7.595000000000000639e-01 -1.402012174259566746e+04
7.596000000000000529e-01 -1.402217093674140415e+04
7.597000000000000419e-01 -1.402422607105001225e+04
7.598000000000000309e-01 -1.402628218083538013e+04
7.599000000000000199e-01 -1.402833810022240505e+04
7.600000000000000089e-01 -1.403039490911136454e+04
7.600999999999999979e-01 -1.403246803044174339e+04
7.601999999999999869e-01 -1.403458906383440444e+04
7.603000000000000869e-01 -1.403675956234568184e+04
7.604000000000000759e-01 -1.403897486232824485e+04
7.605000000000000648e-01 -1.404122660355599874e+04
7.606000000000000538e-01 -1.404350340289966698e+04
7.607000000000000428e-01 -1.404579780491551719e+04
7.608000000000000318e-01 -1.404810700216761143e+04
7.609000000000000208e-01 -1.405042756566015487e+04
7.610000000000000098e-01 -1.405275654592459614e+04
7.610999999999999988e-01 -1.405509138700878611e+04
7.611999999999999877e-01 -1.405742924193922772e+04
7.613000000000000878e-01 -1.405976582406777561e+04
7.614000000000000767e-01 -1.406210060016215357e+04
7.615000000000000657e-01 -1.406443344023011559e+04
7.616000000000000547e-01 -1.406676471545070490e+04
7.617000000000000437e-01 -1.406909563170264664e+04
7.618000000000000327e-01 -1.407143042816070192e+04
7.619000000000000217e-01 -1.407377102945255137e+04
7.620000000000000107e-01 -1.407611709778967634e+04
7.620999999999999996e-01 -1.407846748012183707e+04
7.621999999999999886e-01 -1.408081749830080844e+04
7.623000000000000886e-01 -1.408316568477803412e+04
7.624000000000000776e-01 -1.408551324115815260e+04
7.625000000000000666e-01 -1.408785408143132372e+04
7.626000000000000556e-01 -1.409019837265999740e+04
7.627000000000000446e-01 -1.409254577864068233e+04
7.628000000000000336e-01 -1.409489476713484146e+04
7.629000000000000226e-01 -1.409724492260000807e+04
7.630000000000000115e-01 -1.409959428391030087e+04
7.631000000000000005e-01 -1.410194218051725329e+04
7.631999999999999895e-01 -1.410428785143155073e+04
7.633000000000000895e-01 -1.410662889798035394e+04
7.634000000000000785e-01 -1.410897292549290614e+04
7.635000000000000675e-01 -1.411131911085437241e+04
7.636000000000000565e-01 -1.411366676756261404e+04
7.637000000000000455e-01 -1.411601570153265675e+04
7.638000000000000345e-01 -1.411836599471730369e+04
7.639000000000000234e-01 -1.412071793199070453e+04
7.640000000000000124e-01 -1.412307687543978682e+04
7.641000000000000014e-01 -1.412544492752294718e+04
7.641999999999999904e-01 -1.412782033665918789e+04
7.643000000000000904e-01 -1.413020177452477219e+04
7.644000000000000794e-01 -1.413259024227534610e+04
7.645000000000000684e-01 -1.413498481108505439e+04
7.646000000000000574e-01 -1.413738486101870694e+04
7.647000000000000464e-01 -1.413979021468283463e+04
7.648000000000000353e-01 -1.414220120468034656e+04
7.649000000000000243e-01 -1.414461733970623027e+04
7.650000000000000133e-01 -1.414703821780629369e+04
7.651000000000000023e-01 -1.414946307591516234e+04
7.651999999999999913e-01 -1.415189163395091236e+04
7.653000000000000913e-01 -1.415432475973966211e+04
7.654000000000000803e-01 -1.415676535475182573e+04
7.655000000000000693e-01 -1.415921314920807708e+04
7.656000000000000583e-01 -1.416167316973364905e+04
7.657000000000000473e-01 -1.416415148425498228e+04
7.658000000000000362e-01 -1.416664936771871908e+04
7.659000000000000252e-01 -1.416916604098856078e+04
7.660000000000000142e-01 -1.417170028209634620e+04
7.661000000000000032e-01 -1.417425131237501046e+04
7.661999999999999922e-01 -1.417681958149155980e+04
7.663000000000000922e-01 -1.417940445254066617e+04
7.664000000000000812e-01 -1.418200484837469776e+04
7.665000000000000702e-01 -1.418461999926239514e+04
7.666000000000000592e-01 -1.418724948735272483e+04
7.667000000000000481e-01 -1.418989330972282914e+04
7.668000000000000371e-01 -1.419255265031309682e+04
7.669000000000000261e-01 -1.419522815685184469e+04
7.670000000000000151e-01 -1.419791996780196860e+04
7.671000000000000041e-01 -1.420062889606378849e+04
7.671999999999999931e-01 -1.420335769156370225e+04
7.672999999999999821e-01 -1.420611858284002665e+04
7.674000000000000821e-01 -1.420893222872233491e+04
7.675000000000000711e-01 -1.421181968464066631e+04
7.676000000000000600e-01 -1.421478984785631837e+04
7.677000000000000490e-01 -1.421784050039826616e+04
7.678000000000000380e-01 -1.422097202017318159e+04
7.679000000000000270e-01 -1.422419568986108061e+04
7.680000000000000160e-01 -1.422752401699502479e+04
7.681000000000000050e-01 -1.423096773824016054e+04
7.681999999999999940e-01 -1.423453737375180572e+04
7.682999999999999829e-01 -1.423825589209804639e+04
7.684000000000000830e-01 -1.424215463089757941e+04
7.685000000000000719e-01 -1.424626329163123955e+04
7.686000000000000609e-01 -1.425059372350621561e+04
7.687000000000000499e-01 -1.425522290177531795e+04
7.688000000000000389e-01 -1.426021853960511544e+04
7.689000000000000279e-01 -1.426558838750932409e+04
7.690000000000000169e-01 -1.427135744824511130e+04
7.691000000000000059e-01 -1.427750125745044170e+04
7.691999999999999948e-01 -1.428390319037690097e+04
7.692999999999999838e-01 -1.428897592969144353e+04
7.694000000000000838e-01 -1.429187404630320270e+04
7.695000000000000728e-01 -1.429363698731169097e+04
7.696000000000000618e-01 -1.429517488123263502e+04
7.697000000000000508e-01 -1.429718496066749140e+04
7.698000000000000398e-01 -1.429956436240540643e+04
7.699000000000000288e-01 -1.430183850473564235e+04
7.700000000000000178e-01 -1.430395181516243974e+04
7.701000000000000068e-01 -1.430597946604916797e+04
7.701999999999999957e-01 -1.430799622484583597e+04
7.702999999999999847e-01 -1.431005161756166672e+04
7.704000000000000847e-01 -1.431217097215317517e+04
7.705000000000000737e-01 -1.431435937840010956e+04
7.706000000000000627e-01 -1.431660834036280539e+04
7.707000000000000517e-01 -1.431890195425337515e+04
7.708000000000000407e-01 -1.432121889434589866e+04
7.709000000000000297e-01 -1.432353940681398490e+04
7.710000000000000187e-01 -1.432584941322190025e+04
7.711000000000000076e-01 -1.432814234425403083e+04
7.711999999999999966e-01 -1.433042144101093254e+04
7.712999999999999856e-01 -1.433270518530973459e+04
7.714000000000000856e-01 -1.433499923145125285e+04
7.715000000000000746e-01 -1.433730480473106400e+04
7.716000000000000636e-01 -1.433961033641305221e+04
7.717000000000000526e-01 -1.434190355545099737e+04
7.718000000000000416e-01 -1.434418683145767864e+04
7.719000000000000306e-01 -1.434644970609221127e+04
7.720000000000000195e-01 -1.434869920198895306e+04
7.721000000000000085e-01 -1.435094399991985483e+04
7.721999999999999975e-01 -1.435319137341964961e+04
7.722999999999999865e-01 -1.435544402683196495e+04
7.724000000000000865e-01 -1.435770153297509751e+04
7.725000000000000755e-01 -1.435996251371063227e+04
7.726000000000000645e-01 -1.436222570041188192e+04
7.727000000000000535e-01 -1.436449044550960025e+04
7.728000000000000425e-01 -1.436675634589523906e+04
7.729000000000000314e-01 -1.436902328603750721e+04
7.730000000000000204e-01 -1.437129095288273493e+04
7.731000000000000094e-01 -1.437355889313953594e+04
7.731999999999999984e-01 -1.437582702883210368e+04
7.732999999999999874e-01 -1.437809528178509208e+04
7.734000000000000874e-01 -1.438036363410121703e+04
7.735000000000000764e-01 -1.438263243914099985e+04
7.736000000000000654e-01 -1.438490197768352118e+04
7.737000000000000544e-01 -1.438717228864012759e+04
7.738000000000000433e-01 -1.438944332395374295e+04
7.739000000000000323e-01 -1.439171502136918934e+04
7.740000000000000213e-01 -1.439398732584517711e+04
7.741000000000000103e-01 -1.439626019030662064e+04
7.741999999999999993e-01 -1.439853357067748948e+04
7.742999999999999883e-01 -1.440080742119703245e+04
7.744000000000000883e-01 -1.440308169179324977e+04
7.745000000000000773e-01 -1.440535632766150229e+04
7.746000000000000663e-01 -1.440763127072551106e+04
7.747000000000000552e-01 -1.440990633110783892e+04
7.748000000000000442e-01 -1.441218103284780955e+04
7.749000000000000332e-01 -1.441445528214313345e+04
7.750000000000000222e-01 -1.441672827391332248e+04
7.751000000000000112e-01 -1.441900044630552293e+04
7.752000000000000002e-01 -1.442127290359923245e+04
7.752999999999999892e-01 -1.442354620035249354e+04
7.754000000000000892e-01 -1.442582040454117305e+04
7.755000000000000782e-01 -1.442809544338554770e+04
7.756000000000000671e-01 -1.443037123745214012e+04
7.757000000000000561e-01 -1.443264772930009531e+04
7.758000000000000451e-01 -1.443492488284335013e+04
7.759000000000000341e-01 -1.443720267625750785e+04
7.760000000000000231e-01 -1.443948109522900450e+04
7.761000000000000121e-01 -1.444176012802940932e+04
7.762000000000000011e-01 -1.444403976231954221e+04
7.762999999999999901e-01 -1.444631998625571032e+04
7.764000000000000901e-01 -1.444860250196688867e+04
7.765000000000000790e-01 -1.445088839484502205e+04
7.766000000000000680e-01 -1.445317421621398898e+04
7.767000000000000570e-01 -1.445545861720320863e+04
7.768000000000000460e-01 -1.445774155667020932e+04
7.769000000000000350e-01 -1.446002334201662597e+04
7.770000000000000240e-01 -1.446230431565073377e+04
7.771000000000000130e-01 -1.446458477131881409e+04
7.772000000000000020e-01 -1.446686545340542762e+04
7.772999999999999909e-01 -1.446914542559314032e+04
7.774000000000000909e-01 -1.447142304979702567e+04
7.775000000000000799e-01 -1.447369778720220347e+04
7.776000000000000689e-01 -1.447597009915707349e+04
7.777000000000000579e-01 -1.447824061150682064e+04
7.778000000000000469e-01 -1.448050982400422618e+04
7.779000000000000359e-01 -1.448277683287652872e+04
7.780000000000000249e-01 -1.448504457878411085e+04
7.781000000000000139e-01 -1.448756109653799467e+04
7.782000000000000028e-01 -1.449029427401752946e+04
7.782999999999999918e-01 -1.449312245489118504e+04
7.784000000000000918e-01 -1.449629026455895109e+04
7.785000000000000808e-01 -1.449941867815327896e+04
7.786000000000000698e-01 -1.450236626969741337e+04
7.787000000000000588e-01 -1.450513366574194697e+04
7.788000000000000478e-01 -1.450775832060890025e+04
7.789000000000000368e-01 -1.451028093290506513e+04
7.790000000000000258e-01 -1.451273069328020392e+04
7.791000000000000147e-01 -1.451521350836382226e+04
7.792000000000000037e-01 -1.451776385327355092e+04
7.792999999999999927e-01 -1.452027610255184845e+04
7.794000000000000927e-01 -1.452271395116251006e+04
7.795000000000000817e-01 -1.452509388823528570e+04
7.796000000000000707e-01 -1.452758218022687470e+04
7.797000000000000597e-01 -1.453009238970833030e+04
7.798000000000000487e-01 -1.453252609358826521e+04
7.799000000000000377e-01 -1.453489957884096475e+04
7.800000000000000266e-01 -1.453723624541913705e+04
7.801000000000000156e-01 -1.453953474878505767e+04
7.802000000000000046e-01 -1.454177532191106366e+04
7.802999999999999936e-01 -1.454396283516798576e+04
7.803999999999999826e-01 -1.454610865612516682e+04
7.805000000000000826e-01 -1.454822340081467337e+04
7.806000000000000716e-01 -1.455031313221482378e+04
7.807000000000000606e-01 -1.455238387638626773e+04
7.808000000000000496e-01 -1.455444097020753543e+04
7.809000000000000385e-01 -1.455648808715228188e+04
7.810000000000000275e-01 -1.455852783727027600e+04
7.811000000000000165e-01 -1.456056275674852623e+04
7.812000000000000055e-01 -1.456259158082704744e+04
7.812999999999999945e-01 -1.456461451738818141e+04
7.813999999999999835e-01 -1.456663424042781844e+04
7.815000000000000835e-01 -1.456865254503681899e+04
7.816000000000000725e-01 -1.457066599081282220e+04
7.817000000000000615e-01 -1.457268107766468347e+04
7.818000000000000504e-01 -1.457469742889029840e+04
7.819000000000000394e-01 -1.457671004665343753e+04
7.820000000000000284e-01 -1.457871735336495476e+04
7.821000000000000174e-01 -1.458072273755820061e+04
7.822000000000000064e-01 -1.458272517166669968e+04
7.822999999999999954e-01 -1.458472443768918674e+04
7.823999999999999844e-01 -1.458672109982771872e+04
7.825000000000000844e-01 -1.458871584711359537e+04
7.826000000000000734e-01 -1.459070927177265185e+04
7.827000000000000624e-01 -1.459270179720324450e+04
7.828000000000000513e-01 -1.459469377965586318e+04
7.829000000000000403e-01 -1.459668826297572377e+04
7.830000000000000293e-01 -1.459868530186045246e+04
7.831000000000000183e-01 -1.460068326247739969e+04
7.832000000000000073e-01 -1.460268142363250263e+04
7.832999999999999963e-01 -1.460467934174010406e+04
7.833999999999999853e-01 -1.460667596184662216e+04
7.835000000000000853e-01 -1.460867243511986453e+04
7.836000000000000743e-01 -1.461066829275205055e+04
7.837000000000000632e-01 -1.461266329925996979e+04
7.838000000000000522e-01 -1.461465637471753871e+04
7.839000000000000412e-01 -1.461664714380737314e+04
7.840000000000000302e-01 -1.461863558518347782e+04
7.841000000000000192e-01 -1.462062279863334879e+04
7.842000000000000082e-01 -1.462260758963817534e+04
7.842999999999999972e-01 -1.462458958600613732e+04
7.843999999999999861e-01 -1.462656929728552132e+04
7.845000000000000862e-01 -1.462854701049465439e+04
7.846000000000000751e-01 -1.463052288305846741e+04
7.847000000000000641e-01 -1.463249702303924823e+04
7.848000000000000531e-01 -1.463446952360358773e+04
7.849000000000000421e-01 -1.463644047456459339e+04
7.850000000000000311e-01 -1.463840996704576901e+04
7.851000000000000201e-01 -1.464037958157236426e+04
7.852000000000000091e-01 -1.464234740432881335e+04
7.852999999999999980e-01 -1.464431274817650228e+04
7.853999999999999870e-01 -1.464627823937947505e+04
7.855000000000000870e-01 -1.464824583054531286e+04
7.856000000000000760e-01 -1.465021524882705671e+04
7.857000000000000650e-01 -1.465231959659119639e+04
7.858000000000000540e-01 -1.465506661220257774e+04
7.859000000000000430e-01 -1.465788507681116425e+04
7.860000000000000320e-01 -1.466047405817186154e+04
7.861000000000000210e-01 -1.466286959356168336e+04
7.862000000000000099e-01 -1.466513656363012888e+04
7.862999999999999989e-01 -1.466734729595425415e+04
7.863999999999999879e-01 -1.467020543084859855e+04
7.865000000000000879e-01 -1.467329095746231724e+04
7.866000000000000769e-01 -1.467612809325021044e+04
7.867000000000000659e-01 -1.467872036228182697e+04
7.868000000000000549e-01 -1.468114305217513174e+04
7.869000000000000439e-01 -1.468344905279447812e+04
7.870000000000000329e-01 -1.468567060911854060e+04
7.871000000000000218e-01 -1.468782600250619544e+04
7.872000000000000108e-01 -1.468992755757105260e+04
7.872999999999999998e-01 -1.469198504651939402e+04
7.873999999999999888e-01 -1.469400709434724922e+04
7.875000000000000888e-01 -1.469600080525751582e+04
7.876000000000000778e-01 -1.469797197948387657e+04
7.877000000000000668e-01 -1.469992607573725945e+04
7.878000000000000558e-01 -1.470186962699793548e+04
7.879000000000000448e-01 -1.470380147501260944e+04
7.880000000000000338e-01 -1.470572489516979113e+04
7.881000000000000227e-01 -1.470764314822762572e+04
7.882000000000000117e-01 -1.470955571375005457e+04
7.883000000000000007e-01 -1.471145914306363375e+04
7.883999999999999897e-01 -1.471335394397731579e+04
7.885000000000000897e-01 -1.471524166112747116e+04
7.886000000000000787e-01 -1.471712333350616427e+04
7.887000000000000677e-01 -1.471899962502453127e+04
7.888000000000000567e-01 -1.472087135509549807e+04
7.889000000000000457e-01 -1.472273888734542561e+04
7.890000000000000346e-01 -1.472460225655978320e+04
7.891000000000000236e-01 -1.472646130720927067e+04
7.892000000000000126e-01 -1.472831677929950274e+04
7.893000000000000016e-01 -1.473017929185942376e+04
7.893999999999999906e-01 -1.473204821023631303e+04
7.895000000000000906e-01 -1.473391192341218630e+04
7.896000000000000796e-01 -1.473575676769120400e+04
7.897000000000000686e-01 -1.473758826949028662e+04
7.898000000000000576e-01 -1.473940822393767667e+04
7.899000000000000465e-01 -1.474122320113723254e+04
7.900000000000000355e-01 -1.474302514702989538e+04
7.901000000000000245e-01 -1.474481726396532758e+04
7.902000000000000135e-01 -1.474670846080001502e+04
7.903000000000000025e-01 -1.474875290183854486e+04
7.903999999999999915e-01 -1.475080913637965568e+04
7.905000000000000915e-01 -1.475278444183230204e+04
7.906000000000000805e-01 -1.475466081528246286e+04
7.907000000000000695e-01 -1.475645623292702840e+04
7.908000000000000584e-01 -1.475820120949708507e+04
7.909000000000000474e-01 -1.475992671502899793e+04
7.910000000000000364e-01 -1.476165738055817383e+04
7.911000000000000254e-01 -1.476342296994158642e+04
7.912000000000000144e-01 -1.476529746516151317e+04
7.913000000000000034e-01 -1.476730108213681524e+04
7.913999999999999924e-01 -1.476937650573426436e+04
7.915000000000000924e-01 -1.477144664247598121e+04
7.916000000000000814e-01 -1.477346109356357192e+04
7.917000000000000703e-01 -1.477541037087091718e+04
7.918000000000000593e-01 -1.477731421344710179e+04
7.919000000000000483e-01 -1.477920467382121205e+04
7.920000000000000373e-01 -1.478110741763937040e+04
7.921000000000000263e-01 -1.478302975362791221e+04
7.922000000000000153e-01 -1.478496060505308196e+04
7.923000000000000043e-01 -1.478687540530130354e+04
7.923999999999999932e-01 -1.478875628809388763e+04
7.925000000000000933e-01 -1.479059592217555837e+04
7.926000000000000822e-01 -1.479238525480593671e+04
7.927000000000000712e-01 -1.479410670144627693e+04
7.928000000000000602e-01 -1.479573546111532778e+04
7.929000000000000492e-01 -1.479724425833637360e+04
7.930000000000000382e-01 -1.479860764591088628e+04
7.931000000000000272e-01 -1.479980138195919062e+04
7.932000000000000162e-01 -1.480080052646290824e+04
7.933000000000000052e-01 -1.480158020951541039e+04
7.933999999999999941e-01 -1.480212721331535977e+04
7.934999999999999831e-01 -1.480244920357354931e+04
7.936000000000000831e-01 -1.480254819320581373e+04
7.937000000000000721e-01 -1.480240713891962332e+04
7.938000000000000611e-01 -1.480201014420541651e+04
7.939000000000000501e-01 -1.480136033920982845e+04
7.940000000000000391e-01 -1.480053680202234136e+04
7.941000000000000281e-01 -1.479957361138463239e+04
7.942000000000000171e-01 -1.479847683390100610e+04
7.943000000000000060e-01 -1.479723610043911140e+04
7.943999999999999950e-01 -1.479590667717994620e+04
7.944999999999999840e-01 -1.479459690139063241e+04
7.946000000000000840e-01 -1.479330321534442737e+04
7.947000000000000730e-01 -1.479211075136053660e+04
7.948000000000000620e-01 -1.479154955101181804e+04
7.949000000000000510e-01 -1.479192086688328527e+04
7.950000000000000400e-01 -1.479303216711253299e+04
7.951000000000000290e-01 -1.479458277797329720e+04
7.952000000000000179e-01 -1.479635773539625188e+04
7.953000000000000069e-01 -1.479832280556470869e+04
7.953999999999999959e-01 -1.480041465869387321e+04
7.954999999999999849e-01 -1.480255944987922521e+04
7.956000000000000849e-01 -1.480474206897402109e+04
7.957000000000000739e-01 -1.480692055584974878e+04
7.958000000000000629e-01 -1.480903587958988828e+04
7.959000000000000519e-01 -1.481103685356116875e+04
7.960000000000000409e-01 -1.481301862476396855e+04
7.961000000000000298e-01 -1.481498450063779819e+04
7.962000000000000188e-01 -1.481694360470888205e+04
7.963000000000000078e-01 -1.481890461813276852e+04
7.963999999999999968e-01 -1.482090335088847132e+04
7.964999999999999858e-01 -1.482306418352854780e+04
7.966000000000000858e-01 -1.482538551139116498e+04
7.967000000000000748e-01 -1.482772202411706712e+04
7.968000000000000638e-01 -1.482999597724875821e+04
7.969000000000000528e-01 -1.483218400961898806e+04
7.970000000000000417e-01 -1.483429493632508820e+04
7.971000000000000307e-01 -1.483635100724108270e+04
7.972000000000000197e-01 -1.483836663448484433e+04
7.973000000000000087e-01 -1.484035787200600134e+04
7.973999999999999977e-01 -1.484233904186815744e+04
7.974999999999999867e-01 -1.484429897408780926e+04
7.976000000000000867e-01 -1.484622299645607200e+04
7.977000000000000757e-01 -1.484812462386182779e+04
7.978000000000000647e-01 -1.485001354758660455e+04
7.979000000000000536e-01 -1.485189735127865060e+04
7.980000000000000426e-01 -1.485379084575763409e+04
7.981000000000000316e-01 -1.485571036917876700e+04
7.982000000000000206e-01 -1.485764334436762692e+04
7.983000000000000096e-01 -1.485959386697745867e+04
7.983999999999999986e-01 -1.486155629579823471e+04
7.984999999999999876e-01 -1.486352939647840321e+04
7.986000000000000876e-01 -1.486552166274005140e+04
7.987000000000000766e-01 -1.486753818589571711e+04
7.988000000000000655e-01 -1.486957028985746911e+04
7.989000000000000545e-01 -1.487161406642091788e+04
7.990000000000000435e-01 -1.487366457025013005e+04
7.991000000000000325e-01 -1.487571262171576018e+04
7.992000000000000215e-01 -1.487776194668129938e+04
7.993000000000000105e-01 -1.487981202363345619e+04
7.993999999999999995e-01 -1.488186405414661385e+04
7.994999999999999885e-01 -1.488391846253435324e+04
7.996000000000000885e-01 -1.488596489329947326e+04
7.997000000000000774e-01 -1.488800943572306642e+04
7.998000000000000664e-01 -1.489005523573701430e+04
7.999000000000000554e-01 -1.489209888607862194e+04
8.000000000000000444e-01 -1.489414279449680362e+04
8.001000000000000334e-01 -1.489796376136463732e+04
8.002000000000000224e-01 -1.490293996691767279e+04
8.003000000000000114e-01 -1.490818837838362742e+04
8.004000000000000004e-01 -1.491373325474095145e+04
8.004999999999999893e-01 -1.491987202455478837e+04
8.006000000000000894e-01 -1.492684612687640038e+04
8.007000000000000783e-01 -1.493457882988295933e+04
8.008000000000000673e-01 -1.494294439813167628e+04
8.009000000000000563e-01 -1.495171879263666597e+04
8.010000000000000453e-01 -1.496094217783676868e+04
8.011000000000000343e-01 -1.497055620499115503e+04
8.012000000000000233e-01 -1.497908856172019478e+04
8.013000000000000123e-01 -1.498433928088556058e+04
8.014000000000000012e-01 -1.498714250717684445e+04
8.014999999999999902e-01 -1.498879891774099633e+04
8.016000000000000902e-01 -1.498995555578245512e+04
8.017000000000000792e-01 -1.499081593415293355e+04
8.018000000000000682e-01 -1.499163785615283086e+04
8.019000000000000572e-01 -1.499241183417146203e+04
8.020000000000000462e-01 -1.499408112133776922e+04
8.021000000000000352e-01 -1.499644734469425748e+04
8.022000000000000242e-01 -1.499873227698257142e+04
8.023000000000000131e-01 -1.500121417497218499e+04
8.024000000000000021e-01 -1.500342184300277404e+04
8.024999999999999911e-01 -1.500519126930081620e+04
8.026000000000000911e-01 -1.500663175164764652e+04
8.027000000000000801e-01 -1.500785555466792903e+04
8.028000000000000691e-01 -1.500895075438171261e+04
8.029000000000000581e-01 -1.500997856978626442e+04
8.030000000000000471e-01 -1.501095920072544868e+04
8.031000000000000361e-01 -1.501185589795109263e+04
8.032000000000000250e-01 -1.501263751201470768e+04
8.033000000000000140e-01 -1.501330193992454770e+04
8.034000000000000030e-01 -1.501384891161012092e+04
8.034999999999999920e-01 -1.501426506985361266e+04
8.036000000000000920e-01 -1.501452243531430940e+04
8.037000000000000810e-01 -1.501459790514105589e+04
8.038000000000000700e-01 -1.501450076108626126e+04
8.039000000000000590e-01 -1.501429277620792345e+04
8.040000000000000480e-01 -1.501398618142826308e+04
8.041000000000000369e-01 -1.501356798272055494e+04
8.042000000000000259e-01 -1.501303004628039162e+04
8.043000000000000149e-01 -1.501234645429682860e+04
8.044000000000000039e-01 -1.501159434633983255e+04
8.044999999999999929e-01 -1.501081454259651764e+04
8.046000000000000929e-01 -1.501000774788041417e+04
8.047000000000000819e-01 -1.500924259110912317e+04
8.048000000000000709e-01 -1.500881469604038284e+04
8.049000000000000599e-01 -1.500898227813203812e+04
8.050000000000000488e-01 -1.500969839090908681e+04
8.051000000000000378e-01 -1.501089128001351673e+04
8.052000000000000268e-01 -1.501239843743591155e+04
8.053000000000000158e-01 -1.501411210836252940e+04
8.054000000000000048e-01 -1.501595936437007367e+04
8.054999999999999938e-01 -1.501790392771565166e+04
8.056000000000000938e-01 -1.501990226696973696e+04
8.057000000000000828e-01 -1.502195518238175464e+04
8.058000000000000718e-01 -1.502404692234271351e+04
8.059000000000000608e-01 -1.502615432746037732e+04
8.060000000000000497e-01 -1.502824712580287087e+04
8.061000000000000387e-01 -1.503031708369230364e+04
8.062000000000000277e-01 -1.503237392398116936e+04
8.063000000000000167e-01 -1.503448252893497556e+04
8.064000000000000057e-01 -1.503667039899162046e+04
8.064999999999999947e-01 -1.503884598043605911e+04
8.065999999999999837e-01 -1.504098809366069145e+04
8.067000000000000837e-01 -1.504311436364431029e+04
8.068000000000000727e-01 -1.504523501994545586e+04
8.069000000000000616e-01 -1.504735470896428342e+04
8.070000000000000506e-01 -1.504947379704144987e+04
8.071000000000000396e-01 -1.505158530606124623e+04
8.072000000000000286e-01 -1.505367921020534232e+04
8.073000000000000176e-01 -1.505575283595332439e+04
8.074000000000000066e-01 -1.505780571506391971e+04
8.074999999999999956e-01 -1.505983724434778378e+04
8.075999999999999845e-01 -1.506184442822619894e+04
8.077000000000000846e-01 -1.506383194314191132e+04
8.078000000000000735e-01 -1.506579999527211112e+04
8.079000000000000625e-01 -1.506774935284818821e+04
8.080000000000000515e-01 -1.506968389599763032e+04
8.081000000000000405e-01 -1.507160718507454840e+04
8.082000000000000295e-01 -1.507352190675248130e+04
8.083000000000000185e-01 -1.507542994249334515e+04
8.084000000000000075e-01 -1.507733500758485752e+04
8.084999999999999964e-01 -1.507924443065577361e+04
8.085999999999999854e-01 -1.508114941316240947e+04
8.087000000000000854e-01 -1.508307742502260226e+04
8.088000000000000744e-01 -1.508502747111298595e+04
8.089000000000000634e-01 -1.508699652810032785e+04
8.090000000000000524e-01 -1.508898512336548265e+04
8.091000000000000414e-01 -1.509099133714433810e+04
8.092000000000000304e-01 -1.509300981102230799e+04
8.093000000000000194e-01 -1.509503553394071787e+04
8.094000000000000083e-01 -1.509706559098609614e+04
8.094999999999999973e-01 -1.509909827694434716e+04
8.095999999999999863e-01 -1.510113234019979427e+04
8.097000000000000863e-01 -1.510316670427386816e+04
8.098000000000000753e-01 -1.510520041297862008e+04
8.099000000000000643e-01 -1.510723281873054839e+04
8.100000000000000533e-01 -1.510926393818092220e+04
8.101000000000000423e-01 -1.511130763312727504e+04
8.102000000000000313e-01 -1.511339823770631483e+04
8.103000000000000203e-01 -1.511553483227707693e+04
8.104000000000000092e-01 -1.511771148485915000e+04
8.104999999999999982e-01 -1.511991886430543855e+04
8.105999999999999872e-01 -1.512214590830358975e+04
8.107000000000000872e-01 -1.512438768202284336e+04
8.108000000000000762e-01 -1.512664114688957125e+04
8.109000000000000652e-01 -1.512890461276241876e+04
8.110000000000000542e-01 -1.513117670427975827e+04
8.111000000000000432e-01 -1.513345577048702035e+04
8.112000000000000322e-01 -1.513574025429211724e+04
8.113000000000000211e-01 -1.513802894515085791e+04
8.114000000000000101e-01 -1.514032085521203226e+04
8.114999999999999991e-01 -1.514261125724608064e+04
8.115999999999999881e-01 -1.514490429937462795e+04
8.117000000000000881e-01 -1.514720159819736909e+04
8.118000000000000771e-01 -1.514949881241159892e+04
8.119000000000000661e-01 -1.515179480130844422e+04
8.120000000000000551e-01 -1.515408959966688235e+04
8.121000000000000441e-01 -1.515638388268989183e+04
8.122000000000000330e-01 -1.515868001616867696e+04
8.123000000000000220e-01 -1.516097864479365853e+04
8.124000000000000110e-01 -1.516327499453756718e+04
8.125000000000000000e-01 -1.516557717849491564e+04
8.125999999999999890e-01 -1.516788554206826484e+04
8.127000000000000890e-01 -1.517019936271122788e+04
8.128000000000000780e-01 -1.517251791147475160e+04
8.129000000000000670e-01 -1.517484068208726785e+04
8.130000000000000560e-01 -1.517716737238839414e+04
8.131000000000000449e-01 -1.517949770544746934e+04
8.132000000000000339e-01 -1.518182838800048012e+04
8.133000000000000229e-01 -1.518416242131032232e+04
8.134000000000000119e-01 -1.518650216793127765e+04
8.135000000000000009e-01 -1.518884724275225562e+04
8.135999999999999899e-01 -1.519119709951441473e+04
8.137000000000000899e-01 -1.519355153444196185e+04
8.138000000000000789e-01 -1.519591084402751949e+04
8.139000000000000679e-01 -1.519827334781995705e+04
8.140000000000000568e-01 -1.520063787220016457e+04
8.141000000000000458e-01 -1.520300389112714583e+04
8.142000000000000348e-01 -1.520537114527336962e+04
8.143000000000000238e-01 -1.520773945070988702e+04
8.144000000000000128e-01 -1.521010864521973781e+04
8.145000000000000018e-01 -1.521247859091067949e+04
8.145999999999999908e-01 -1.521484918237257261e+04
8.147000000000000908e-01 -1.521722036532972379e+04
8.148000000000000798e-01 -1.521959215439907712e+04
8.149000000000000687e-01 -1.522196465068804901e+04
8.150000000000000577e-01 -1.522433806788269067e+04
8.151000000000000467e-01 -1.522671279817074173e+04
8.152000000000000357e-01 -1.522909016504881401e+04
8.153000000000000247e-01 -1.523147300736767829e+04
8.154000000000000137e-01 -1.523386366873807492e+04
8.155000000000000027e-01 -1.523626710754712622e+04
8.155999999999999917e-01 -1.523869011560273975e+04
8.157000000000000917e-01 -1.524113415527198231e+04
8.158000000000000806e-01 -1.524360134949361600e+04
8.159000000000000696e-01 -1.524609185563881510e+04
8.160000000000000586e-01 -1.524860401623138750e+04
8.161000000000000476e-01 -1.525113643513211173e+04
8.162000000000000366e-01 -1.525368808948082005e+04
8.163000000000000256e-01 -1.525625819865812446e+04
8.164000000000000146e-01 -1.525884620130007170e+04
8.165000000000000036e-01 -1.526145177993325342e+04
8.165999999999999925e-01 -1.526407494311065966e+04
8.167000000000000925e-01 -1.526671806260237463e+04
8.168000000000000815e-01 -1.526938959748171510e+04
8.169000000000000705e-01 -1.527209984900152995e+04
8.170000000000000595e-01 -1.527486015383070117e+04
8.171000000000000485e-01 -1.527767444576374328e+04
8.172000000000000375e-01 -1.528054151356833427e+04
8.173000000000000265e-01 -1.528346862020456501e+04
8.174000000000000155e-01 -1.528647433080079463e+04
8.175000000000000044e-01 -1.528956988283461578e+04
8.175999999999999934e-01 -1.529275951544434793e+04
8.177000000000000934e-01 -1.529604578014981416e+04
8.178000000000000824e-01 -1.529943247441843960e+04
8.179000000000000714e-01 -1.530292617579595208e+04
8.180000000000000604e-01 -1.530653843520647933e+04
8.181000000000000494e-01 -1.531029554943170479e+04
8.182000000000000384e-01 -1.531423035111441641e+04
8.183000000000000274e-01 -1.531833913339693208e+04
8.184000000000000163e-01 -1.532266871897522833e+04
8.185000000000000053e-01 -1.532725021362527696e+04
8.185999999999999943e-01 -1.533210710568200921e+04
8.187000000000000943e-01 -1.533720158461682877e+04
8.188000000000000833e-01 -1.534260420849104776e+04
8.189000000000000723e-01 -1.534838505623719357e+04
8.190000000000000613e-01 -1.535422835503810893e+04
8.191000000000000503e-01 -1.535880014676085375e+04
8.192000000000000393e-01 -1.536171417126614142e+04
8.193000000000000282e-01 -1.536391125313875091e+04
8.194000000000000172e-01 -1.536598047328850225e+04
8.195000000000000062e-01 -1.536798698411277292e+04
8.195999999999999952e-01 -1.536989241078197301e+04
8.196999999999999842e-01 -1.537175383227590282e+04
8.198000000000000842e-01 -1.537363492923111698e+04
8.199000000000000732e-01 -1.537557443559480453e+04
8.200000000000000622e-01 -1.537758485218966234e+04
8.201000000000000512e-01 -1.537967059138122386e+04
8.202000000000000401e-01 -1.538183286091924128e+04
8.203000000000000291e-01 -1.538406334297368630e+04
8.204000000000000181e-01 -1.538634602467392506e+04
8.205000000000000071e-01 -1.538866008398437771e+04
8.205999999999999961e-01 -1.539098212979783784e+04
8.206999999999999851e-01 -1.539329692317217268e+04
8.208000000000000851e-01 -1.539560169891043552e+04
8.209000000000000741e-01 -1.539789093372163916e+04
8.210000000000000631e-01 -1.540016104182523122e+04
8.211000000000000520e-01 -1.540241098104967932e+04
8.212000000000000410e-01 -1.540464441513447673e+04
8.213000000000000300e-01 -1.540686974084567009e+04
8.214000000000000190e-01 -1.540909260802767858e+04
8.215000000000000080e-01 -1.541131601633687569e+04
8.215999999999999970e-01 -1.541354162691776219e+04
8.216999999999999860e-01 -1.541577000355880045e+04
8.218000000000000860e-01 -1.541800100106344871e+04
8.219000000000000750e-01 -1.542023401621395897e+04
8.220000000000000639e-01 -1.542246828594764702e+04
8.221000000000000529e-01 -1.542470442706527683e+04
8.222000000000000419e-01 -1.542694146507967162e+04
8.223000000000000309e-01 -1.542917736128581964e+04
8.224000000000000199e-01 -1.543141177510596026e+04
8.225000000000000089e-01 -1.543364485868063457e+04
8.225999999999999979e-01 -1.543587667221474476e+04
8.226999999999999869e-01 -1.543810733646777408e+04
8.228000000000000869e-01 -1.544033708669983935e+04
8.229000000000000759e-01 -1.544256627125157684e+04
8.230000000000000648e-01 -1.544479524031571964e+04
8.231000000000000538e-01 -1.544702583492163649e+04
8.232000000000000428e-01 -1.544925848455736013e+04
8.233000000000000318e-01 -1.545149226210078268e+04
8.234000000000000208e-01 -1.545372688926249430e+04
8.235000000000000098e-01 -1.545596222815956935e+04
8.235999999999999988e-01 -1.545819799003553999e+04
8.236999999999999877e-01 -1.546043376623202676e+04
8.238000000000000878e-01 -1.546266921999910664e+04
8.239000000000000767e-01 -1.546490413549643927e+04
8.240000000000000657e-01 -1.546713818520209679e+04
8.241000000000000547e-01 -1.546937121641807971e+04
8.242000000000000437e-01 -1.547160317169839618e+04
8.243000000000000327e-01 -1.547383387309556747e+04
8.244000000000000217e-01 -1.547606354136341361e+04
8.245000000000000107e-01 -1.547829252026710310e+04
8.245999999999999996e-01 -1.548052113187295072e+04
8.246999999999999886e-01 -1.548274953845667369e+04
8.248000000000000886e-01 -1.548497777688131100e+04
8.249000000000000776e-01 -1.548720583469387566e+04
8.250000000000000666e-01 -1.548943369705622354e+04
8.251000000000000556e-01 -1.549166140067188644e+04
8.252000000000000446e-01 -1.549388901082694065e+04
8.253000000000000336e-01 -1.549611653687346916e+04
8.254000000000000226e-01 -1.549834381959514940e+04
8.255000000000000115e-01 -1.550057003915052519e+04
8.256000000000000005e-01 -1.550279641752168754e+04
8.256999999999999895e-01 -1.550502347143639054e+04
8.258000000000000895e-01 -1.550725113097036410e+04
8.259000000000000785e-01 -1.550947923853035536e+04
8.260000000000000675e-01 -1.551170737872060818e+04
8.261000000000000565e-01 -1.551393593639882602e+04
8.262000000000000455e-01 -1.551616587909887130e+04
8.263000000000000345e-01 -1.551839724223597841e+04
8.264000000000000234e-01 -1.552062969437290667e+04
8.265000000000000124e-01 -1.552286283275924688e+04
8.266000000000000014e-01 -1.552509631241303759e+04
8.266999999999999904e-01 -1.552732989216843634e+04
8.268000000000000904e-01 -1.552956343409349938e+04
8.269000000000000794e-01 -1.553179687890711466e+04
8.270000000000000684e-01 -1.553403020765517795e+04
8.271000000000000574e-01 -1.553626344205200257e+04
8.272000000000000464e-01 -1.553849661298800856e+04
8.273000000000000353e-01 -1.554072972871011007e+04
8.274000000000000243e-01 -1.554296277823166020e+04
8.275000000000000133e-01 -1.554519575816647375e+04
8.276000000000000023e-01 -1.554742866518937626e+04
8.276999999999999913e-01 -1.554966162364841875e+04
8.278000000000000913e-01 -1.555189608010008124e+04
8.279000000000000803e-01 -1.555412968910483869e+04
8.280000000000000693e-01 -1.555636214661473605e+04
8.281000000000000583e-01 -1.555859459679481733e+04
8.282000000000000473e-01 -1.556082700075522007e+04
8.283000000000000362e-01 -1.556305846987612676e+04
8.284000000000000252e-01 -1.556528798952448778e+04
8.285000000000000142e-01 -1.556751510061957924e+04
8.286000000000000032e-01 -1.556974022001453159e+04
8.286999999999999922e-01 -1.557196386923517639e+04
8.288000000000000922e-01 -1.557418652989898146e+04
8.289000000000000812e-01 -1.557640859291886045e+04
8.290000000000000702e-01 -1.557863033742111838e+04
8.291000000000000592e-01 -1.558085165417899043e+04
8.292000000000000481e-01 -1.558307174860770647e+04
8.293000000000000371e-01 -1.558528988305624443e+04
8.294000000000000261e-01 -1.558750611667348858e+04
8.295000000000000151e-01 -1.558972096403294199e+04
8.296000000000000041e-01 -1.559193484691805679e+04
8.296999999999999931e-01 -1.559414802611471714e+04
8.298000000000000931e-01 -1.559636064258806618e+04
8.299000000000000821e-01 -1.559857276642282704e+04
8.300000000000000711e-01 -1.560078443648203938e+04
8.301000000000000600e-01 -1.560298257512275268e+04
8.302000000000000490e-01 -1.560513949745139143e+04
8.303000000000000380e-01 -1.560725890212884951e+04
8.304000000000000270e-01 -1.560935111116084045e+04
8.305000000000000160e-01 -1.561142427013718589e+04
8.306000000000000050e-01 -1.561348388583041742e+04
8.306999999999999940e-01 -1.561553400829262318e+04
8.308000000000000940e-01 -1.561757742434040847e+04
8.309000000000000830e-01 -1.561961559508555911e+04
8.310000000000000719e-01 -1.562164959422505672e+04
8.311000000000000609e-01 -1.562368030497266227e+04
8.312000000000000499e-01 -1.562570845630520489e+04
8.313000000000000389e-01 -1.562773462073763039e+04
8.314000000000000279e-01 -1.562975910390145873e+04
8.315000000000000169e-01 -1.563178153610983281e+04
8.316000000000000059e-01 -1.563380126399531400e+04
8.316999999999999948e-01 -1.563581870233525842e+04
8.318000000000000949e-01 -1.563783444249908644e+04
8.319000000000000838e-01 -1.563984869993310713e+04
8.320000000000000728e-01 -1.564186156440707782e+04
8.321000000000000618e-01 -1.564387317761615122e+04
8.322000000000000508e-01 -1.564588365987404359e+04
8.323000000000000398e-01 -1.564789312022748345e+04
8.324000000000000288e-01 -1.564990166784918438e+04
8.325000000000000178e-01 -1.565190938751191788e+04
8.326000000000000068e-01 -1.565391630814474411e+04
8.326999999999999957e-01 -1.565592199011915181e+04
8.327999999999999847e-01 -1.565792604682547426e+04
8.329000000000000847e-01 -1.565992831173656123e+04
8.330000000000000737e-01 -1.566192896964109241e+04
8.331000000000000627e-01 -1.566392823543863051e+04
8.332000000000000517e-01 -1.566592674505775904e+04
8.333000000000000407e-01 -1.566792473284564767e+04
8.334000000000000297e-01 -1.566992068380654746e+04
8.335000000000000187e-01 -1.567191554290355089e+04
8.336000000000000076e-01 -1.567390955401809333e+04
8.336999999999999966e-01 -1.567590277746666834e+04
8.337999999999999856e-01 -1.567789527107152571e+04
8.339000000000000856e-01 -1.567988700078757938e+04
8.340000000000000746e-01 -1.568187838789415400e+04
8.341000000000000636e-01 -1.568387063373925957e+04
8.342000000000000526e-01 -1.568586379689471869e+04
8.343000000000000416e-01 -1.568785763060224417e+04
8.344000000000000306e-01 -1.568985190929300006e+04
8.345000000000000195e-01 -1.569184649795336190e+04
8.346000000000000085e-01 -1.569384167404740583e+04
8.346999999999999975e-01 -1.569583826831486840e+04
8.347999999999999865e-01 -1.569783707872050763e+04
8.349000000000000865e-01 -1.569983886222609362e+04
8.350000000000000755e-01 -1.570184296172775976e+04
8.351000000000000645e-01 -1.570384839978773743e+04
8.352000000000000535e-01 -1.570585437740680936e+04
8.353000000000000425e-01 -1.570785952983229436e+04
8.354000000000000314e-01 -1.570986397094615859e+04
8.355000000000000204e-01 -1.571186829414839303e+04
8.356000000000000094e-01 -1.571387256553381485e+04
8.356999999999999984e-01 -1.571587669156917764e+04
8.357999999999999874e-01 -1.571788037765764602e+04
8.359000000000000874e-01 -1.571988391201103877e+04
8.360000000000000764e-01 -1.572188777190284418e+04
8.361000000000000654e-01 -1.572389176093627066e+04
8.362000000000000544e-01 -1.572589422747161552e+04
8.363000000000000433e-01 -1.572789408908882251e+04
8.364000000000000323e-01 -1.572989157814217469e+04
8.365000000000000213e-01 -1.573188736802233507e+04
8.366000000000000103e-01 -1.573388219077717258e+04
8.366999999999999993e-01 -1.573587905137953567e+04
8.367999999999999883e-01 -1.573787605451838499e+04
8.369000000000000883e-01 -1.573986974717087833e+04
8.370000000000000773e-01 -1.574186268023415505e+04
8.371000000000000663e-01 -1.574385622562512253e+04
8.372000000000000552e-01 -1.574584967130889709e+04
8.373000000000000442e-01 -1.574784458502282723e+04
8.374000000000000332e-01 -1.574984104722810116e+04
8.375000000000000222e-01 -1.575183442745175307e+04
8.376000000000000112e-01 -1.575383117484000468e+04
8.377000000000000002e-01 -1.575583480339997004e+04
8.377999999999999892e-01 -1.575784932529228536e+04
8.379000000000000892e-01 -1.575987004386242006e+04
8.380000000000000782e-01 -1.576188778685122270e+04
8.381000000000000671e-01 -1.576389916668402657e+04
8.382000000000000561e-01 -1.576590780264882778e+04
8.383000000000000451e-01 -1.576791680800569156e+04
8.384000000000000341e-01 -1.576992421215271315e+04
8.385000000000000231e-01 -1.577192993824794576e+04
8.386000000000000121e-01 -1.577393600018003781e+04
8.387000000000000011e-01 -1.577594245571034844e+04
8.387999999999999901e-01 -1.577794795278768834e+04
8.389000000000000901e-01 -1.577995052167119866e+04
8.390000000000000790e-01 -1.578194947411690191e+04
8.391000000000000680e-01 -1.578394493857054113e+04
8.392000000000000570e-01 -1.578593601200918602e+04
8.393000000000000460e-01 -1.578792099295489243e+04
8.394000000000000350e-01 -1.578990013139025905e+04
8.395000000000000240e-01 -1.579187441707710423e+04
8.396000000000000130e-01 -1.579384476703016480e+04
8.397000000000000020e-01 -1.579581192042829207e+04
8.397999999999999909e-01 -1.579777651411524857e+04
8.399000000000000909e-01 -1.579973913131668087e+04
8.400000000000000799e-01 -1.580170029350639561e+04
8.401000000000000689e-01 -1.580366042255858156e+04
8.402000000000000579e-01 -1.580561971190853728e+04
8.403000000000000469e-01 -1.580757802605746656e+04
8.404000000000000359e-01 -1.580953529198326760e+04
8.405000000000000249e-01 -1.581149153476724132e+04
8.406000000000000139e-01 -1.581344692815654525e+04
8.407000000000000028e-01 -1.581540158540468838e+04
8.407999999999999918e-01 -1.581735551450865933e+04
8.409000000000000918e-01 -1.581930865960336814e+04
8.410000000000000808e-01 -1.582126094771461248e+04
8.411000000000000698e-01 -1.582321231176894435e+04
8.412000000000000588e-01 -1.582516269082653525e+04
8.413000000000000478e-01 -1.582711201715644893e+04
8.414000000000000368e-01 -1.582906019446670325e+04
8.415000000000000258e-01 -1.583100703193089976e+04
8.416000000000000147e-01 -1.583295148444242295e+04
8.417000000000000037e-01 -1.583489209479996498e+04
8.417999999999999927e-01 -1.583682895331358668e+04
8.419000000000000927e-01 -1.583876271528745929e+04
8.420000000000000817e-01 -1.584069389205951484e+04
8.421000000000000707e-01 -1.584262267718413932e+04
8.422000000000000597e-01 -1.584454900783041558e+04
8.423000000000000487e-01 -1.584647264012880987e+04
8.424000000000000377e-01 -1.584839319089412493e+04
8.425000000000000266e-01 -1.585031060355668524e+04
8.426000000000000156e-01 -1.585222275062354674e+04
8.427000000000000046e-01 -1.585412107624630335e+04
8.427999999999999936e-01 -1.585599581989100807e+04
8.429000000000000936e-01 -1.585784097767019193e+04
8.430000000000000826e-01 -1.585965311245225894e+04
8.431000000000000716e-01 -1.586143174725806239e+04
8.432000000000000606e-01 -1.586318164583883663e+04
8.433000000000000496e-01 -1.586490288569777294e+04
8.434000000000000385e-01 -1.586658326213605687e+04
8.435000000000000275e-01 -1.586817173810446548e+04
8.436000000000000165e-01 -1.586950425774224277e+04
8.437000000000000055e-01 -1.587065555189736006e+04
8.437999999999999945e-01 -1.587177039974295258e+04
8.439000000000000945e-01 -1.587288957468073750e+04
8.440000000000000835e-01 -1.587398228756983735e+04
8.441000000000000725e-01 -1.587500807634899866e+04
8.442000000000000615e-01 -1.587593885198955286e+04
8.443000000000000504e-01 -1.587675648116282173e+04
8.444000000000000394e-01 -1.587745751033413944e+04
8.445000000000000284e-01 -1.587803617316136297e+04
8.446000000000000174e-01 -1.587848075145443909e+04
8.447000000000000064e-01 -1.587879353836542577e+04
8.447999999999999954e-01 -1.587901882410571488e+04
8.449000000000000954e-01 -1.587918257886281935e+04
8.450000000000000844e-01 -1.587927056794819691e+04
8.451000000000000734e-01 -1.587927633688473179e+04
8.452000000000000624e-01 -1.587923270967503413e+04
8.453000000000000513e-01 -1.587917123306342546e+04
8.454000000000000403e-01 -1.587915933503262204e+04
8.455000000000000293e-01 -1.587931828191969726e+04
8.456000000000000183e-01 -1.587977858226234639e+04
8.457000000000000073e-01 -1.588056339930310060e+04
8.457999999999999963e-01 -1.588159026788000847e+04
8.458999999999999853e-01 -1.588280255643424243e+04
8.460000000000000853e-01 -1.588421872045995588e+04
8.461000000000000743e-01 -1.588583716041894513e+04
8.462000000000000632e-01 -1.588760628289023589e+04
8.463000000000000522e-01 -1.588947554594372741e+04
8.464000000000000412e-01 -1.589141086427911978e+04
8.465000000000000302e-01 -1.589339139258677642e+04
8.466000000000000192e-01 -1.589540811671854499e+04
8.467000000000000082e-01 -1.589746527550517385e+04
8.467999999999999972e-01 -1.589954040685994369e+04
8.468999999999999861e-01 -1.590164650521624026e+04
8.470000000000000862e-01 -1.590376176161227340e+04
8.471000000000000751e-01 -1.590584823982182024e+04
8.472000000000000641e-01 -1.590794510325474766e+04
8.473000000000000531e-01 -1.591003585662711703e+04
8.474000000000000421e-01 -1.591211327874847484e+04
8.475000000000000311e-01 -1.591417038722628968e+04
8.476000000000000201e-01 -1.591621732202862950e+04
8.477000000000000091e-01 -1.591825889221062062e+04
8.477999999999999980e-01 -1.592028443395314389e+04
8.478999999999999870e-01 -1.592229919205282931e+04
8.480000000000000870e-01 -1.592430542051962584e+04
8.481000000000000760e-01 -1.592630236490150855e+04
8.482000000000000650e-01 -1.592828991290453996e+04
8.483000000000000540e-01 -1.593027392106759180e+04
8.484000000000000430e-01 -1.593225254056451195e+04
8.485000000000000320e-01 -1.593421573631243336e+04
8.486000000000000210e-01 -1.593599996630308669e+04
8.487000000000000099e-01 -1.593736062212100114e+04
8.487999999999999989e-01 -1.593866218434604161e+04
8.488999999999999879e-01 -1.594004357806197550e+04
8.490000000000000879e-01 -1.594152178923945576e+04
8.491000000000000769e-01 -1.594259179121653870e+04
8.492000000000000659e-01 -1.594311204563968386e+04
8.493000000000000549e-01 -1.594365723243883440e+04
8.494000000000000439e-01 -1.594439955412663039e+04
8.495000000000000329e-01 -1.594509468036884209e+04
8.496000000000000218e-01 -1.594576443950590510e+04
8.497000000000000108e-01 -1.594656852446012635e+04
8.497999999999999998e-01 -1.594750892117445255e+04
8.498999999999999888e-01 -1.594858599666349619e+04
8.500000000000000888e-01 -1.594951385548314647e+04
8.501000000000000778e-01 -1.595170581639190823e+04
8.502000000000000668e-01 -1.595527554809117646e+04
8.503000000000000558e-01 -1.595960782909617592e+04
8.504000000000000448e-01 -1.596456947408936503e+04
8.505000000000000338e-01 -1.597008442928143086e+04
8.506000000000000227e-01 -1.597633663443023215e+04
8.507000000000000117e-01 -1.598340032518799489e+04
8.508000000000000007e-01 -1.599108784727518832e+04
8.508999999999999897e-01 -1.599921167683661224e+04
8.510000000000000897e-01 -1.600788565146268229e+04
8.511000000000000787e-01 -1.601691920359516007e+04
8.512000000000000677e-01 -1.602599758473932525e+04
8.513000000000000567e-01 -1.603425696009149215e+04
8.514000000000000457e-01 -1.604144513680740602e+04
8.515000000000000346e-01 -1.604661521752185035e+04
8.516000000000000236e-01 -1.604954050278948125e+04
8.517000000000000126e-01 -1.605127969682030198e+04
8.518000000000000016e-01 -1.605237729683507314e+04
8.518999999999999906e-01 -1.605316627972545393e+04
8.520000000000000906e-01 -1.605389786421023746e+04
8.521000000000000796e-01 -1.605460436026359093e+04
8.522000000000000686e-01 -1.605513339985126368e+04
8.523000000000000576e-01 -1.605578848965122233e+04
8.524000000000000465e-01 -1.605817466948407673e+04
8.525000000000000355e-01 -1.606132078814751549e+04
8.526000000000000245e-01 -1.606410932517166475e+04
8.527000000000000135e-01 -1.606619189724438183e+04
8.528000000000000025e-01 -1.606775263648057444e+04
8.528999999999999915e-01 -1.606897041490511947e+04
8.530000000000000915e-01 -1.606991943325308421e+04
8.531000000000000805e-01 -1.607061388229413387e+04
8.532000000000000695e-01 -1.607106888006261215e+04
8.533000000000000584e-01 -1.607128715273958915e+04
8.534000000000000474e-01 -1.607126184297477630e+04
8.535000000000000364e-01 -1.607098970547797944e+04
8.536000000000000254e-01 -1.607046814773345795e+04
8.537000000000000144e-01 -1.606969853376580795e+04
8.538000000000000034e-01 -1.606866125612198266e+04
8.538999999999999924e-01 -1.606735270353675332e+04
8.540000000000000924e-01 -1.606584097902114991e+04
8.541000000000000814e-01 -1.606418029851173378e+04
8.542000000000000703e-01 -1.606230275252286992e+04
8.543000000000000593e-01 -1.606031500489320388e+04
8.544000000000000483e-01 -1.605841001836113173e+04
8.545000000000000373e-01 -1.605665189590635600e+04
8.546000000000000263e-01 -1.605522438570020495e+04
8.547000000000000153e-01 -1.605466350638269978e+04
8.548000000000000043e-01 -1.605516773624751295e+04
8.548999999999999932e-01 -1.605642281860219737e+04
8.550000000000000933e-01 -1.605821698761956213e+04
8.551000000000000822e-01 -1.606034983435693903e+04
8.552000000000000712e-01 -1.606272246068469758e+04
8.553000000000000602e-01 -1.606518543169775512e+04
8.554000000000000492e-01 -1.606770622251919849e+04
8.555000000000000382e-01 -1.607016517234210369e+04
8.556000000000000272e-01 -1.607250931791595031e+04
8.557000000000000162e-01 -1.607471412601000884e+04
8.558000000000000052e-01 -1.607674626673171588e+04
8.558999999999999941e-01 -1.607861813225487276e+04
8.560000000000000941e-01 -1.608037007294885552e+04
8.561000000000000831e-01 -1.608206954016122290e+04
8.562000000000000721e-01 -1.608377070189534061e+04
8.563000000000000611e-01 -1.608552088816632931e+04
8.564000000000000501e-01 -1.608735993978563238e+04
8.565000000000000391e-01 -1.608943873606688067e+04
8.566000000000000281e-01 -1.609168933590770393e+04
8.567000000000000171e-01 -1.609398885352153957e+04
8.568000000000000060e-01 -1.609623748492413870e+04
8.568999999999999950e-01 -1.609841279098624727e+04
8.570000000000000950e-01 -1.610052283793682727e+04
8.571000000000000840e-01 -1.610258326459860109e+04
8.572000000000000730e-01 -1.610462690531039698e+04
8.573000000000000620e-01 -1.610664158314712950e+04
8.574000000000000510e-01 -1.610862797506600691e+04
8.575000000000000400e-01 -1.611059893089803154e+04
8.576000000000000290e-01 -1.611256023813725005e+04
8.577000000000000179e-01 -1.611451558320854201e+04
8.578000000000000069e-01 -1.611647340569693188e+04
8.578999999999999959e-01 -1.611844465702707021e+04
8.580000000000000959e-01 -1.612043252792739804e+04
8.581000000000000849e-01 -1.612242261112386586e+04
8.582000000000000739e-01 -1.612440262652875754e+04
8.583000000000000629e-01 -1.612640729375260344e+04
8.584000000000000519e-01 -1.612844826744324382e+04
8.585000000000000409e-01 -1.613051682248820543e+04
8.586000000000000298e-01 -1.613259822934935255e+04
8.587000000000000188e-01 -1.613467874868541003e+04
8.588000000000000078e-01 -1.613676027370646443e+04
8.588999999999999968e-01 -1.613884630193405792e+04
8.589999999999999858e-01 -1.614092180673045186e+04
8.591000000000000858e-01 -1.614299054746979164e+04
8.592000000000000748e-01 -1.614505656015517161e+04
8.593000000000000638e-01 -1.614712175732495962e+04
8.594000000000000528e-01 -1.614918695292749180e+04
8.595000000000000417e-01 -1.615125236997868342e+04
8.596000000000000307e-01 -1.615331792068766299e+04
8.597000000000000197e-01 -1.615538338549904984e+04
8.598000000000000087e-01 -1.615744854135906826e+04
8.598999999999999977e-01 -1.615951324858642511e+04
8.599999999999999867e-01 -1.616157749461851927e+04
8.601000000000000867e-01 -1.616365501164956368e+04
8.602000000000000757e-01 -1.616577935739996974e+04
8.603000000000000647e-01 -1.616795299551040443e+04
8.604000000000000536e-01 -1.617016438486888364e+04
8.605000000000000426e-01 -1.617240259759728360e+04
8.606000000000000316e-01 -1.617465980566200960e+04
8.607000000000000206e-01 -1.617692781544489117e+04
8.608000000000000096e-01 -1.617920321681637688e+04
8.608999999999999986e-01 -1.618148393807071443e+04
8.609999999999999876e-01 -1.618376748278548439e+04
8.611000000000000876e-01 -1.618605262906453208e+04
8.612000000000000766e-01 -1.618833912330433850e+04
8.613000000000000655e-01 -1.619062689750520803e+04
8.614000000000000545e-01 -1.619291573298982621e+04
8.615000000000000435e-01 -1.619520535444774396e+04
8.616000000000000325e-01 -1.619749550721382911e+04
8.617000000000000215e-01 -1.619978600506651128e+04
8.618000000000000105e-01 -1.620207675697541345e+04
8.618999999999999995e-01 -1.620436778709804457e+04
8.619999999999999885e-01 -1.620665929716728715e+04
8.621000000000000885e-01 -1.620895275729462810e+04
8.622000000000000774e-01 -1.621125024431262136e+04
8.623000000000000664e-01 -1.621355181477928454e+04
8.624000000000000554e-01 -1.621585678466305581e+04
8.625000000000000444e-01 -1.621816443195108513e+04
8.626000000000000334e-01 -1.622047420660648822e+04
8.627000000000000224e-01 -1.622278573673107530e+04
8.628000000000000114e-01 -1.622509878029367610e+04
8.629000000000000004e-01 -1.622741317805969084e+04
8.629999999999999893e-01 -1.622972609102061324e+04
8.631000000000000894e-01 -1.623203824984706080e+04
8.632000000000000783e-01 -1.623435659297751226e+04
8.633000000000000673e-01 -1.623667837860991676e+04
8.634000000000000563e-01 -1.623900429710228673e+04
8.635000000000000453e-01 -1.624133464084228399e+04
8.636000000000000343e-01 -1.624366897816210076e+04
8.637000000000000233e-01 -1.624600682950277587e+04
8.638000000000000123e-01 -1.624834791688911355e+04
8.639000000000000012e-01 -1.625069303254474835e+04
8.639999999999999902e-01 -1.625304379522314230e+04
8.641000000000000902e-01 -1.625540022344608587e+04
8.642000000000000792e-01 -1.625776182384245476e+04
8.643000000000000682e-01 -1.626012800903493735e+04
8.644000000000000572e-01 -1.626249572335857738e+04
8.645000000000000462e-01 -1.626486482189354138e+04
8.646000000000000352e-01 -1.626724230806669402e+04
8.647000000000000242e-01 -1.626962555181185780e+04
8.648000000000000131e-01 -1.627201272487039023e+04
8.649000000000000021e-01 -1.627440184656904057e+04
8.649999999999999911e-01 -1.627679316333091447e+04
8.651000000000000911e-01 -1.627918601807409868e+04
8.652000000000000801e-01 -1.628158044928245727e+04
8.653000000000000691e-01 -1.628397860379824851e+04
8.654000000000000581e-01 -1.628638019791317856e+04
8.655000000000000471e-01 -1.628878483016294012e+04
8.656000000000000361e-01 -1.629119299515153580e+04
8.657000000000000250e-01 -1.629360591777853915e+04
8.658000000000000140e-01 -1.629602156300103161e+04
8.659000000000000030e-01 -1.629843863454132406e+04
8.659999999999999920e-01 -1.630085682662455292e+04
8.661000000000000920e-01 -1.630327633999054160e+04
8.662000000000000810e-01 -1.630569752289740973e+04
8.663000000000000700e-01 -1.630812068424299650e+04
8.664000000000000590e-01 -1.631054616480223012e+04
8.665000000000000480e-01 -1.631297651958781171e+04
8.666000000000000369e-01 -1.631541154102289693e+04
8.667000000000000259e-01 -1.631785022434888924e+04
8.668000000000000149e-01 -1.632029771587729374e+04
8.669000000000000039e-01 -1.632275829987592806e+04
8.669999999999999929e-01 -1.632523210296901198e+04
8.671000000000000929e-01 -1.632771771657508725e+04
8.672000000000000819e-01 -1.633021435849826412e+04
8.673000000000000709e-01 -1.633272611627330116e+04
8.674000000000000599e-01 -1.633525768734072153e+04
8.675000000000000488e-01 -1.633781013653832997e+04
8.676000000000000378e-01 -1.634038264334663654e+04
8.677000000000000268e-01 -1.634297419669976989e+04
8.678000000000000158e-01 -1.634558498165690435e+04
8.679000000000000048e-01 -1.634821941142748801e+04
8.679999999999999938e-01 -1.635089842325747304e+04
8.681000000000000938e-01 -1.635364411216624831e+04
8.682000000000000828e-01 -1.635647042769760446e+04
8.683000000000000718e-01 -1.635939599800178075e+04
8.684000000000000608e-01 -1.636245761098427283e+04
8.685000000000000497e-01 -1.636569641908457015e+04
8.686000000000000387e-01 -1.636916161476401976e+04
8.687000000000000277e-01 -1.637292623936183190e+04
8.688000000000000167e-01 -1.637705550844548998e+04
8.689000000000000057e-01 -1.638159579128020232e+04
8.689999999999999947e-01 -1.638662077925035919e+04
8.691000000000000947e-01 -1.639219965326664169e+04
8.692000000000000837e-01 -1.639833104600160732e+04
8.693000000000000727e-01 -1.640505640013250741e+04
8.694000000000000616e-01 -1.641232457948749652e+04
8.695000000000000506e-01 -1.642010743558414470e+04
8.696000000000000396e-01 -1.642652879751521323e+04
8.697000000000000286e-01 -1.643003208414065375e+04
8.698000000000000176e-01 -1.643221130295001421e+04
8.699000000000000066e-01 -1.643403580870894075e+04
8.699999999999999956e-01 -1.643580735005125098e+04
8.701000000000000956e-01 -1.643767820312257390e+04
8.702000000000000846e-01 -1.643974739860724731e+04
8.703000000000000735e-01 -1.644192567627407698e+04
8.704000000000000625e-01 -1.644410033825596111e+04
8.705000000000000515e-01 -1.644624672687879502e+04
8.706000000000000405e-01 -1.644835961462819250e+04
8.707000000000000295e-01 -1.645043148447144995e+04
8.708000000000000185e-01 -1.645248575636199166e+04
8.709000000000000075e-01 -1.645459219460230088e+04
8.709999999999999964e-01 -1.645686727022229752e+04
8.711000000000000965e-01 -1.645932533607296864e+04
8.712000000000000854e-01 -1.646179061746636944e+04
8.713000000000000744e-01 -1.646418023741271827e+04
8.714000000000000634e-01 -1.646650878873356123e+04
8.715000000000000524e-01 -1.646881066022603045e+04
8.716000000000000414e-01 -1.647109194439553903e+04
8.717000000000000304e-01 -1.647336024099252245e+04
8.718000000000000194e-01 -1.647562872824665465e+04
8.719000000000000083e-01 -1.647790291423464078e+04
8.719999999999999973e-01 -1.648018116002273382e+04
8.720999999999999863e-01 -1.648246168007652886e+04
8.722000000000000863e-01 -1.648474047810365300e+04
8.723000000000000753e-01 -1.648701562519737490e+04
8.724000000000000643e-01 -1.648928540874903774e+04
8.725000000000000533e-01 -1.649154776308030705e+04
8.726000000000000423e-01 -1.649379809032640696e+04
8.727000000000000313e-01 -1.649603745586335208e+04
8.728000000000000203e-01 -1.649826684909547112e+04
8.729000000000000092e-01 -1.650048769998317221e+04
8.729999999999999982e-01 -1.650270226729279602e+04
8.730999999999999872e-01 -1.650491304607458369e+04
8.732000000000000872e-01 -1.650712242107030761e+04
8.733000000000000762e-01 -1.650933301036521152e+04
8.734000000000000652e-01 -1.651155032946964639e+04
8.735000000000000542e-01 -1.651377660939216730e+04
8.736000000000000432e-01 -1.651601094903351986e+04
8.737000000000000322e-01 -1.651825246569306182e+04
8.738000000000000211e-01 -1.652049986957354849e+04
8.739000000000000101e-01 -1.652275086544310398e+04
8.739999999999999991e-01 -1.652500660555608556e+04
8.740999999999999881e-01 -1.652726492243802568e+04
8.742000000000000881e-01 -1.652951920929766493e+04
8.743000000000000771e-01 -1.653176730032619889e+04
8.744000000000000661e-01 -1.653401072293853940e+04
8.745000000000000551e-01 -1.653625342548972912e+04
8.746000000000000441e-01 -1.653849698573719434e+04
8.747000000000000330e-01 -1.654074107176615507e+04
8.748000000000000220e-01 -1.654298513084260776e+04
8.749000000000000110e-01 -1.654522883772931527e+04
8.750000000000000000e-01 -1.654747180441969613e+04
8.750999999999999890e-01 -1.654971334328452940e+04
8.752000000000000890e-01 -1.655195163980852158e+04
8.753000000000000780e-01 -1.655418583548257084e+04
8.754000000000000670e-01 -1.655641731774210348e+04
8.755000000000000560e-01 -1.655869799815168153e+04
8.756000000000000449e-01 -1.656107616548635997e+04
8.757000000000000339e-01 -1.656345104116943185e+04
8.758000000000000229e-01 -1.656579453364384244e+04
8.759000000000000119e-01 -1.656811121537736108e+04
8.760000000000000009e-01 -1.657040763219671862e+04
8.760999999999999899e-01 -1.657274752815704414e+04
8.762000000000000899e-01 -1.657510791137256092e+04
8.763000000000000789e-01 -1.657745186329857825e+04
8.764000000000000679e-01 -1.657977433263034618e+04
8.765000000000000568e-01 -1.658208168202753222e+04
8.766000000000000458e-01 -1.658437574892451812e+04
8.767000000000000348e-01 -1.658665721565747299e+04
8.768000000000000238e-01 -1.658893182918434468e+04
8.769000000000000128e-01 -1.659120250415433475e+04
8.770000000000000018e-01 -1.659346907606433888e+04
8.770999999999999908e-01 -1.659573206926246712e+04
8.772000000000000908e-01 -1.659799211415910759e+04
8.773000000000000798e-01 -1.660024971413339881e+04
8.774000000000000687e-01 -1.660250525084234687e+04
8.775000000000000577e-01 -1.660475900858871682e+04
8.776000000000000467e-01 -1.660701119191024554e+04
8.777000000000000357e-01 -1.660926198251784081e+04
8.778000000000000247e-01 -1.661151146112999049e+04
8.779000000000000137e-01 -1.661375955700009217e+04
8.780000000000000027e-01 -1.661600641453112985e+04
8.780999999999999917e-01 -1.661825205996130535e+04
8.782000000000000917e-01 -1.662049648274038191e+04
8.783000000000000806e-01 -1.662273968901309127e+04
8.784000000000000696e-01 -1.662498165350778072e+04
8.785000000000000586e-01 -1.662722235516967703e+04
8.786000000000000476e-01 -1.662946178530961333e+04
8.787000000000000366e-01 -1.663169995144861969e+04
8.788000000000000256e-01 -1.663393687807880997e+04
8.789000000000000146e-01 -1.663617260569515565e+04
8.790000000000000036e-01 -1.663840718920765721e+04
8.790999999999999925e-01 -1.664064069604102770e+04
8.792000000000000925e-01 -1.664287320403493140e+04
8.793000000000000815e-01 -1.664510479924208266e+04
8.794000000000000705e-01 -1.664733557371079587e+04
8.795000000000000595e-01 -1.664956562384206336e+04
8.796000000000000485e-01 -1.665179505251047885e+04
8.797000000000000375e-01 -1.665402396115711963e+04
8.798000000000000265e-01 -1.665625244351774745e+04
8.799000000000000155e-01 -1.665848058985708849e+04
8.800000000000000044e-01 -1.666070848654208385e+04
8.800999999999999934e-01 -1.666292356181744981e+04
8.802000000000000934e-01 -1.666509962374449606e+04
8.803000000000000824e-01 -1.666723911551542915e+04
8.804000000000000714e-01 -1.666935036822340408e+04
8.805000000000000604e-01 -1.667144064004284883e+04
8.806000000000000494e-01 -1.667351543165465773e+04
8.807000000000000384e-01 -1.667557878737099600e+04
8.808000000000000274e-01 -1.667763366767768457e+04
8.809000000000000163e-01 -1.667968224418659520e+04
8.810000000000000053e-01 -1.668172631293045561e+04
8.810999999999999943e-01 -1.668376684409872178e+04
8.812000000000000943e-01 -1.668580447846275638e+04
8.813000000000000833e-01 -1.668784007468564960e+04
8.814000000000000723e-01 -1.668987414760484171e+04
8.815000000000000613e-01 -1.669190705213658657e+04
8.816000000000000503e-01 -1.669393904852421838e+04
8.817000000000000393e-01 -1.669597032883850261e+04
8.818000000000000282e-01 -1.669800103499086981e+04
8.819000000000000172e-01 -1.670003127181693344e+04
8.820000000000000062e-01 -1.670206111664232230e+04
8.820999999999999952e-01 -1.670409062631995039e+04
8.822000000000000952e-01 -1.670611984239750745e+04
8.823000000000000842e-01 -1.670814879488359293e+04
8.824000000000000732e-01 -1.671017750495654036e+04
8.825000000000000622e-01 -1.671220628763817149e+04
8.826000000000000512e-01 -1.671423675217387790e+04
8.827000000000000401e-01 -1.671626482086653050e+04
8.828000000000000291e-01 -1.671829200090910308e+04
8.829000000000000181e-01 -1.672031894787191413e+04
8.830000000000000071e-01 -1.672234576884119451e+04
8.830999999999999961e-01 -1.672437244607252433e+04
8.832000000000000961e-01 -1.672639893268353262e+04
8.833000000000000851e-01 -1.672842517354466327e+04
8.834000000000000741e-01 -1.673045110498625218e+04
8.835000000000000631e-01 -1.673247664419186913e+04
8.836000000000000520e-01 -1.673450165805724828e+04
8.837000000000000410e-01 -1.673652559654266224e+04
8.838000000000000300e-01 -1.673854676763956377e+04
8.839000000000000190e-01 -1.674056439511378630e+04
8.840000000000000080e-01 -1.674257900278848319e+04
8.840999999999999970e-01 -1.674459130970760816e+04
8.842000000000000970e-01 -1.674660191057077463e+04
8.843000000000000860e-01 -1.674861127395112271e+04
8.844000000000000750e-01 -1.675062035572705281e+04
8.845000000000000639e-01 -1.675262840462788154e+04
8.846000000000000529e-01 -1.675463539777354890e+04
8.847000000000000419e-01 -1.675664177376952648e+04
8.848000000000000309e-01 -1.675870300318065347e+04
8.849000000000000199e-01 -1.676089418703702904e+04
8.850000000000000089e-01 -1.676321141507415086e+04
8.850999999999999979e-01 -1.676559921227420637e+04
8.852000000000000979e-01 -1.676794050086353673e+04
8.853000000000000869e-01 -1.677020464186590470e+04
8.854000000000000759e-01 -1.677239607112028898e+04
8.855000000000000648e-01 -1.677452873076146716e+04
8.856000000000000538e-01 -1.677661639586927049e+04
8.857000000000000428e-01 -1.677867045223880996e+04
8.858000000000000318e-01 -1.678069968119505938e+04
8.859000000000000208e-01 -1.678271063732225230e+04
8.860000000000000098e-01 -1.678470813212321082e+04
8.860999999999999988e-01 -1.678669566510209916e+04
8.861999999999999877e-01 -1.678867575709412995e+04
8.863000000000000878e-01 -1.679065011018036967e+04
8.864000000000000767e-01 -1.679262144258174885e+04
8.865000000000000657e-01 -1.679458876581590084e+04
8.866000000000000547e-01 -1.679655195853536861e+04
8.867000000000000437e-01 -1.679851226874218992e+04
8.868000000000000327e-01 -1.680047071607194812e+04
8.869000000000000217e-01 -1.680242486270488371e+04
8.870000000000000107e-01 -1.680437578098826270e+04
8.870999999999999996e-01 -1.680632519214905551e+04
8.871999999999999886e-01 -1.680827248552293167e+04
8.873000000000000886e-01 -1.681021880973120278e+04
8.874000000000000776e-01 -1.681216732157362276e+04
8.875000000000000666e-01 -1.681411447179188326e+04
8.876000000000000556e-01 -1.681606484228197223e+04
8.877000000000000446e-01 -1.681802900408352434e+04
8.878000000000000336e-01 -1.682000373287556795e+04
8.879000000000000226e-01 -1.682198281291867534e+04
8.880000000000000115e-01 -1.682397961330201360e+04
8.881000000000000005e-01 -1.682598914018485084e+04
8.881999999999999895e-01 -1.682798467307035389e+04
8.883000000000000895e-01 -1.682995731455230634e+04
8.884000000000000785e-01 -1.683191058648759645e+04
8.885000000000000675e-01 -1.683385710623408522e+04
8.886000000000000565e-01 -1.683580707591662213e+04
8.887000000000000455e-01 -1.683776060848238922e+04
8.888000000000000345e-01 -1.683971488135961408e+04
8.889000000000000234e-01 -1.684166782668735686e+04
8.890000000000000124e-01 -1.684362095332598983e+04
8.891000000000000014e-01 -1.684558093008286960e+04
8.891999999999999904e-01 -1.684755108575398481e+04
8.893000000000000904e-01 -1.684952494418079368e+04
8.894000000000000794e-01 -1.685149809922280474e+04
8.895000000000000684e-01 -1.685347365072750108e+04
8.896000000000000574e-01 -1.685544738044182668e+04
8.897000000000000464e-01 -1.685741149686891004e+04
8.898000000000000353e-01 -1.685936332690385098e+04
8.899000000000000243e-01 -1.686130330968121780e+04
8.900000000000000133e-01 -1.686323373369659748e+04
8.901000000000000023e-01 -1.686515714799490161e+04
8.901999999999999913e-01 -1.686707324505196084e+04
8.903000000000000913e-01 -1.686898742592704366e+04
8.904000000000000803e-01 -1.687087970090155432e+04
8.905000000000000693e-01 -1.687275237004264272e+04
8.906000000000000583e-01 -1.687461034446692065e+04
8.907000000000000473e-01 -1.687645634328753295e+04
8.908000000000000362e-01 -1.687829312629828928e+04
8.909000000000000252e-01 -1.688012616433699804e+04
8.910000000000000142e-01 -1.688196265042825689e+04
8.911000000000000032e-01 -1.688380333224894639e+04
8.911999999999999922e-01 -1.688567714309987059e+04
8.913000000000000922e-01 -1.688762982296339396e+04
8.914000000000000812e-01 -1.688962830871913320e+04
8.915000000000000702e-01 -1.689161824937017082e+04
8.916000000000000592e-01 -1.689357208788884600e+04
8.917000000000000481e-01 -1.689549227339758363e+04
8.918000000000000371e-01 -1.689739706139917325e+04
8.919000000000000261e-01 -1.689930538458248338e+04
8.920000000000000151e-01 -1.690122689071719651e+04
8.921000000000000041e-01 -1.690316129991524213e+04
8.921999999999999931e-01 -1.690510247399785658e+04
8.923000000000000931e-01 -1.690704087780457849e+04
8.924000000000000821e-01 -1.690896033686212468e+04
8.925000000000000711e-01 -1.691084631127007378e+04
8.926000000000000600e-01 -1.691269012637248306e+04
8.927000000000000490e-01 -1.691447745311508697e+04
8.928000000000000380e-01 -1.691618311513935987e+04
8.929000000000000270e-01 -1.691778509106892307e+04
8.930000000000000160e-01 -1.691926305954378768e+04
8.931000000000000050e-01 -1.692059624965730109e+04
8.931999999999999940e-01 -1.692176409338626036e+04
8.933000000000000940e-01 -1.692274800944601157e+04
8.934000000000000830e-01 -1.692354797383816185e+04
8.935000000000000719e-01 -1.692418826479521522e+04
8.936000000000000609e-01 -1.692467475673737499e+04
8.937000000000000499e-01 -1.692500885170207039e+04
8.938000000000000389e-01 -1.692518704944437559e+04
8.939000000000000279e-01 -1.692521878811912757e+04
8.940000000000000169e-01 -1.692509839951189497e+04
8.941000000000000059e-01 -1.692490498993661822e+04
8.941999999999999948e-01 -1.692468576462133569e+04
8.943000000000000949e-01 -1.692441983348788199e+04
8.944000000000000838e-01 -1.692410293903447382e+04
8.945000000000000728e-01 -1.692375270211747920e+04
8.946000000000000618e-01 -1.692344241396021607e+04
8.947000000000000508e-01 -1.692321317426711903e+04
8.948000000000000398e-01 -1.692322081094453097e+04
8.949000000000000288e-01 -1.692362868690974210e+04
8.950000000000000178e-01 -1.692446250677038915e+04
8.951000000000000068e-01 -1.692569292911930097e+04
8.951999999999999957e-01 -1.692721457462465696e+04
8.953000000000000957e-01 -1.692891801572861368e+04
8.954000000000000847e-01 -1.693072343910969721e+04
8.955000000000000737e-01 -1.693258679010923879e+04
8.956000000000000627e-01 -1.693450504624367022e+04
8.957000000000000517e-01 -1.693644939020816673e+04
8.958000000000000407e-01 -1.693834902715683347e+04
8.959000000000000297e-01 -1.694032182130581714e+04
8.960000000000000187e-01 -1.694230213187079789e+04
8.961000000000000076e-01 -1.694427584640885470e+04
8.961999999999999966e-01 -1.694628196061298149e+04
8.963000000000000966e-01 -1.694830812257831712e+04
8.964000000000000856e-01 -1.695034971433389001e+04
8.965000000000000746e-01 -1.695242996483730531e+04
8.966000000000000636e-01 -1.695453279946204202e+04
8.967000000000000526e-01 -1.695661266156119018e+04
8.968000000000000416e-01 -1.695868033090660174e+04
8.969000000000000306e-01 -1.696075965742408152e+04
8.970000000000000195e-01 -1.696284376227626490e+04
8.971000000000000085e-01 -1.696492451601709763e+04
8.971999999999999975e-01 -1.696699329126818338e+04
8.973000000000000975e-01 -1.696904568152564025e+04
8.974000000000000865e-01 -1.697108112294652165e+04
8.975000000000000755e-01 -1.697310200049141713e+04
8.976000000000000645e-01 -1.697498435856762808e+04
8.977000000000000535e-01 -1.697672007333350120e+04
8.978000000000000425e-01 -1.697842641121103588e+04
8.979000000000000314e-01 -1.698016007571081354e+04
8.980000000000000204e-01 -1.698192674969153086e+04
8.981000000000000094e-01 -1.698356697111430549e+04
8.981999999999999984e-01 -1.698511932950824121e+04
8.983000000000000984e-01 -1.698671412729161602e+04
8.984000000000000874e-01 -1.698839888090081513e+04
8.985000000000000764e-01 -1.699020675226813910e+04
8.986000000000000654e-01 -1.699212513708740880e+04
8.987000000000000544e-01 -1.699412216126184649e+04
8.988000000000000433e-01 -1.699617282258035993e+04
8.989000000000000323e-01 -1.699826148528757767e+04
8.990000000000000213e-01 -1.700036516127459618e+04
8.991000000000000103e-01 -1.700247054306728387e+04
8.991999999999999993e-01 -1.700456647132055514e+04
8.992999999999999883e-01 -1.700665079927846818e+04
8.994000000000000883e-01 -1.700872236700210851e+04
8.995000000000000773e-01 -1.701078119139058981e+04
8.996000000000000663e-01 -1.701283184391022587e+04
8.997000000000000552e-01 -1.701487832300036098e+04
8.998000000000000442e-01 -1.701692247998681705e+04
8.999000000000000332e-01 -1.701896526416664346e+04
9.000000000000000222e-01 -1.702100829274462012e+04
9.001000000000000112e-01 -1.702482339625770692e+04
9.002000000000000002e-01 -1.702984878183036926e+04
9.002999999999999892e-01 -1.703522325987552904e+04
9.004000000000000892e-01 -1.704087557281365298e+04
9.005000000000000782e-01 -1.704726022109235055e+04
9.006000000000000671e-01 -1.705441314806493392e+04
9.007000000000000561e-01 -1.706213152027728211e+04
9.008000000000000451e-01 -1.707051755942267846e+04
9.009000000000000341e-01 -1.707943629341517590e+04
9.010000000000000231e-01 -1.708878252929458176e+04
9.011000000000000121e-01 -1.709801451138451739e+04
9.012000000000000011e-01 -1.710546216343943888e+04
9.012999999999999901e-01 -1.711042941827096729e+04
9.014000000000000901e-01 -1.711366754701853279e+04
9.015000000000000790e-01 -1.711591171991060037e+04
9.016000000000000680e-01 -1.711754153965124351e+04
9.017000000000000570e-01 -1.711872922200700850e+04
9.018000000000000460e-01 -1.711966672414948334e+04
9.019000000000000350e-01 -1.712053149965613920e+04
9.020000000000000240e-01 -1.712120774276712473e+04
9.021000000000000130e-01 -1.712327977997100970e+04
9.022000000000000020e-01 -1.712638901025946689e+04
9.022999999999999909e-01 -1.712928789200000392e+04
9.024000000000000909e-01 -1.713149099236573238e+04
9.025000000000000799e-01 -1.713316699743518984e+04
9.026000000000000689e-01 -1.713451126914497945e+04
9.027000000000000579e-01 -1.713562872824904844e+04
9.028000000000000469e-01 -1.713656636044221887e+04
9.029000000000000359e-01 -1.713734574757141309e+04
9.030000000000000249e-01 -1.713797797216796243e+04
9.031000000000000139e-01 -1.713847187177317755e+04
9.032000000000000028e-01 -1.713882004666965440e+04
9.032999999999999918e-01 -1.713904148084045300e+04
9.034000000000000918e-01 -1.713912269327318427e+04
9.035000000000000808e-01 -1.713902532343712301e+04
9.036000000000000698e-01 -1.713871616869403442e+04
9.037000000000000588e-01 -1.713819529617862281e+04
9.038000000000000478e-01 -1.713751049209629855e+04
9.039000000000000368e-01 -1.713666258254954664e+04
9.040000000000000258e-01 -1.713565774080991469e+04
9.041000000000000147e-01 -1.713463738553143412e+04
9.042000000000000037e-01 -1.713367658552466673e+04
9.042999999999999927e-01 -1.713262152006250471e+04
9.044000000000000927e-01 -1.713105414373115491e+04
9.045000000000000817e-01 -1.712946939447310797e+04
9.046000000000000707e-01 -1.712885348839563812e+04
9.047000000000000597e-01 -1.712953126722175148e+04
9.048000000000000487e-01 -1.713112019375628006e+04
9.049000000000000377e-01 -1.713314516409238786e+04
9.050000000000000266e-01 -1.713532460205306779e+04
9.051000000000000156e-01 -1.713752007307937674e+04
9.052000000000000046e-01 -1.713969149614391063e+04
9.052999999999999936e-01 -1.714185996244494891e+04
9.054000000000000936e-01 -1.714404246716349371e+04
9.055000000000000826e-01 -1.714620864268919468e+04
9.056000000000000716e-01 -1.714828417153166811e+04
9.057000000000000606e-01 -1.715035434492135028e+04
9.058000000000000496e-01 -1.715258210024436994e+04
9.059000000000000385e-01 -1.715484200512437747e+04
9.060000000000000275e-01 -1.715701140543198926e+04
9.061000000000000165e-01 -1.715905438072203833e+04
9.062000000000000055e-01 -1.716100415960765167e+04
9.062999999999999945e-01 -1.716291829096954825e+04
9.064000000000000945e-01 -1.716485526777100313e+04
9.065000000000000835e-01 -1.716682946546075982e+04
9.066000000000000725e-01 -1.716887807227999656e+04
9.067000000000000615e-01 -1.717100190673357793e+04
9.068000000000000504e-01 -1.717316716037614606e+04
9.069000000000000394e-01 -1.717534517090053851e+04
9.070000000000000284e-01 -1.717752074293889382e+04
9.071000000000000174e-01 -1.717967721128482663e+04
9.072000000000000064e-01 -1.718181106784812073e+04
9.072999999999999954e-01 -1.718391393041711854e+04
9.074000000000000954e-01 -1.718598434427550455e+04
9.075000000000000844e-01 -1.718804420201513130e+04
9.076000000000000734e-01 -1.719008191632459784e+04
9.077000000000000624e-01 -1.719206944610457140e+04
9.078000000000000513e-01 -1.719403072542547670e+04
9.079000000000000403e-01 -1.719597623190757440e+04
9.080000000000000293e-01 -1.719791169474490380e+04
9.081000000000000183e-01 -1.719984138033940690e+04
9.082000000000000073e-01 -1.720176892833195961e+04
9.082999999999999963e-01 -1.720369703942929846e+04
9.084000000000000963e-01 -1.720562783241607031e+04
9.085000000000000853e-01 -1.720757052339407164e+04
9.086000000000000743e-01 -1.720952727488469100e+04
9.087000000000000632e-01 -1.721148687902143865e+04
9.088000000000000522e-01 -1.721345899074032423e+04
9.089000000000000412e-01 -1.721544810865671025e+04
9.090000000000000302e-01 -1.721745241919271211e+04
9.091000000000000192e-01 -1.721947260776978510e+04
9.092000000000000082e-01 -1.722150498275470454e+04
9.092999999999999972e-01 -1.722354266768275193e+04
9.094000000000000972e-01 -1.722558336561471151e+04
9.095000000000000862e-01 -1.722762962378511656e+04
9.096000000000000751e-01 -1.722968002256476757e+04
9.097000000000000641e-01 -1.723173247621848350e+04
9.098000000000000531e-01 -1.723378589621156061e+04
9.099000000000000421e-01 -1.723583827807708440e+04
9.100000000000000311e-01 -1.723788997560368807e+04
9.101000000000000201e-01 -1.723995387886890239e+04
9.102000000000000091e-01 -1.724205803807937264e+04
9.102999999999999980e-01 -1.724420010523380188e+04
9.104000000000000981e-01 -1.724637130506807807e+04
9.105000000000000870e-01 -1.724856485052882272e+04
9.106000000000000760e-01 -1.725077547026145476e+04
9.107000000000000650e-01 -1.725299894358179517e+04
9.108000000000000540e-01 -1.725523221549699520e+04
9.109000000000000430e-01 -1.725747152837909016e+04
9.110000000000000320e-01 -1.725971609215172430e+04
9.111000000000000210e-01 -1.726196517378119461e+04
9.112000000000000099e-01 -1.726421779846066056e+04
9.112999999999999989e-01 -1.726647311489206550e+04
9.114000000000000989e-01 -1.726873046827335565e+04
9.115000000000000879e-01 -1.727098939583661922e+04
9.116000000000000769e-01 -1.727325159430730491e+04
9.117000000000000659e-01 -1.727551447944082247e+04
9.118000000000000549e-01 -1.727777644896398851e+04
9.119000000000000439e-01 -1.728003947362962208e+04
9.120000000000000329e-01 -1.728230419788276413e+04
9.121000000000000218e-01 -1.728457246629714427e+04
9.122000000000000108e-01 -1.728684583125205609e+04
9.122999999999999998e-01 -1.728912289046539809e+04
9.123999999999999888e-01 -1.729140272530353468e+04
9.125000000000000888e-01 -1.729368657064870422e+04
9.126000000000000778e-01 -1.729597486211475916e+04
9.127000000000000668e-01 -1.729826758140481252e+04
9.128000000000000558e-01 -1.730056454823410240e+04
9.129000000000000448e-01 -1.730286554424164206e+04
9.130000000000000338e-01 -1.730517033300912590e+04
9.131000000000000227e-01 -1.730747866002201772e+04
9.132000000000000117e-01 -1.730979025167844884e+04
9.133000000000000007e-01 -1.731210481683773833e+04
9.133999999999999897e-01 -1.731442205080007989e+04
9.135000000000000897e-01 -1.731674164100698181e+04
9.136000000000000787e-01 -1.731906327384453107e+04
9.137000000000000677e-01 -1.732138664212374351e+04
9.138000000000000567e-01 -1.732371145300133503e+04
9.139000000000000457e-01 -1.732603743626759388e+04
9.140000000000000346e-01 -1.732836435313108814e+04
9.141000000000000236e-01 -1.733069200599451506e+04
9.142000000000000126e-01 -1.733302025047507414e+04
9.143000000000000016e-01 -1.733534901293266739e+04
9.143999999999999906e-01 -1.733767832353375343e+04
9.145000000000000906e-01 -1.734000841529560057e+04
9.146000000000000796e-01 -1.734234104448874859e+04
9.147000000000000686e-01 -1.734467990541243489e+04
9.148000000000000576e-01 -1.734702584575488800e+04
9.149000000000000465e-01 -1.734937835913331583e+04
9.150000000000000355e-01 -1.735173674342554295e+04
9.151000000000000245e-01 -1.735410040651257805e+04
9.152000000000000135e-01 -1.735646889558672774e+04
9.153000000000000025e-01 -1.735884185387110483e+04
9.153999999999999915e-01 -1.736121898722037440e+04
9.155000000000000915e-01 -1.736360006154761868e+04
9.156000000000000805e-01 -1.736598491368068062e+04
9.157000000000000695e-01 -1.736837348355705763e+04
9.158000000000000584e-01 -1.737076587514546191e+04
9.159000000000000474e-01 -1.737316255449236269e+04
9.160000000000000364e-01 -1.737556625092001923e+04
9.161000000000000254e-01 -1.737798068892666925e+04
9.162000000000000144e-01 -1.738040688453432813e+04
9.163000000000000034e-01 -1.738284492216402941e+04
9.163999999999999924e-01 -1.738529513789870543e+04
9.165000000000000924e-01 -1.738775869050452820e+04
9.166000000000000814e-01 -1.739024067002278025e+04
9.167000000000000703e-01 -1.739275216329787509e+04
9.168000000000000593e-01 -1.739530020757417151e+04
9.169000000000000483e-01 -1.739789369960209660e+04
9.170000000000000373e-01 -1.740054333204410432e+04
9.171000000000000263e-01 -1.740325470648505143e+04
9.172000000000000153e-01 -1.740603097780287499e+04
9.173000000000000043e-01 -1.740887406788933004e+04
9.173999999999999932e-01 -1.741178755751254721e+04
9.175000000000000933e-01 -1.741477911242088521e+04
9.176000000000000822e-01 -1.741786122999666259e+04
9.177000000000000712e-01 -1.742105985777426031e+04
9.178000000000000602e-01 -1.742439792509941253e+04
9.179000000000000492e-01 -1.742788445402858270e+04
9.180000000000000382e-01 -1.743152584292417305e+04
9.181000000000000272e-01 -1.743533385087188799e+04
9.182000000000000162e-01 -1.743932651346678176e+04
9.183000000000000052e-01 -1.744354454110547886e+04
9.183999999999999941e-01 -1.744801227953805210e+04
9.185000000000000941e-01 -1.745274632093211039e+04
9.186000000000000831e-01 -1.745779369677223804e+04
9.187000000000000721e-01 -1.746324238610364773e+04
9.188000000000000611e-01 -1.746914719005669758e+04
9.189000000000000501e-01 -1.747547261963116762e+04
9.190000000000000391e-01 -1.748223752267984673e+04
9.191000000000000281e-01 -1.748949142858354753e+04
9.192000000000000171e-01 -1.749664965355975437e+04
9.193000000000000060e-01 -1.750105683658296039e+04
9.193999999999999950e-01 -1.750313322650998816e+04
9.195000000000000950e-01 -1.750481791921290642e+04
9.196000000000000840e-01 -1.750669185857132470e+04
9.197000000000000730e-01 -1.750856480813320741e+04
9.198000000000000620e-01 -1.751041311409159607e+04
9.199000000000000510e-01 -1.751229209653308135e+04
9.200000000000000400e-01 -1.751424782465364115e+04
9.201000000000000290e-01 -1.751631304129131968e+04
9.202000000000000179e-01 -1.751848881155967683e+04
9.203000000000000069e-01 -1.752074520338479851e+04
9.203999999999999959e-01 -1.752303717101597795e+04
9.205000000000000959e-01 -1.752532819836986528e+04
9.206000000000000849e-01 -1.752760672783053451e+04
9.207000000000000739e-01 -1.752987762073371778e+04
9.208000000000000629e-01 -1.753216272469449541e+04
9.209000000000000519e-01 -1.753445171955218757e+04
9.210000000000000409e-01 -1.753672837543108108e+04
9.211000000000000298e-01 -1.753899301711114094e+04
9.212000000000000188e-01 -1.754125162232717048e+04
9.213000000000000078e-01 -1.754350621761843286e+04
9.213999999999999968e-01 -1.754575885265622128e+04
9.215000000000000968e-01 -1.754802022513559132e+04
9.216000000000000858e-01 -1.755030042583723844e+04
9.217000000000000748e-01 -1.755258998384341612e+04
9.218000000000000638e-01 -1.755487217555423194e+04
9.219000000000000528e-01 -1.755715201683641499e+04
9.220000000000000417e-01 -1.755943555187489255e+04
9.221000000000000307e-01 -1.756172537165857648e+04
9.222000000000000197e-01 -1.756402104267891991e+04
9.223000000000000087e-01 -1.756632145031662731e+04
9.223999999999999977e-01 -1.756862457463662213e+04
9.225000000000000977e-01 -1.757092991335519764e+04
9.226000000000000867e-01 -1.757323770105027870e+04
9.227000000000000757e-01 -1.757554830314669744e+04
9.228000000000000647e-01 -1.757786179358937079e+04
9.229000000000000536e-01 -1.758017494831405929e+04
9.230000000000000426e-01 -1.758248324763716664e+04
9.231000000000000316e-01 -1.758478597391976291e+04
9.232000000000000206e-01 -1.758708621591242627e+04
9.233000000000000096e-01 -1.758938063876358501e+04
9.233999999999999986e-01 -1.759166939048082713e+04
9.235000000000000986e-01 -1.759395438097433362e+04
9.236000000000000876e-01 -1.759623675112839919e+04
9.237000000000000766e-01 -1.759851718674355288e+04
9.238000000000000655e-01 -1.760079575505626781e+04
9.239000000000000545e-01 -1.760307250367034794e+04
9.240000000000000435e-01 -1.760534703965415247e+04
9.241000000000000325e-01 -1.760761632894024297e+04
9.242000000000000215e-01 -1.760987678491480983e+04
9.243000000000000105e-01 -1.761212876378330839e+04
9.243999999999999995e-01 -1.761437407816405175e+04
9.245000000000000995e-01 -1.761661418203920039e+04
9.246000000000000885e-01 -1.761884996721331845e+04
9.247000000000000774e-01 -1.762108200526289147e+04
9.248000000000000664e-01 -1.762331076542538358e+04
9.249000000000000554e-01 -1.762553670988508384e+04
9.250000000000000444e-01 -1.762776030989035280e+04
9.251000000000000334e-01 -1.762998170673552886e+04
9.252000000000000224e-01 -1.763220072017754501e+04
9.253000000000000114e-01 -1.763441868091554352e+04
9.254000000000000004e-01 -1.763663634502136119e+04
9.254999999999999893e-01 -1.763885415133538845e+04
9.256000000000000894e-01 -1.764107243776383621e+04
9.257000000000000783e-01 -1.764329147324105725e+04
9.258000000000000673e-01 -1.764551146587713083e+04
9.259000000000000563e-01 -1.764773234320056508e+04
9.260000000000000453e-01 -1.764995446819107019e+04
9.261000000000000343e-01 -1.765217817207321423e+04
9.262000000000000233e-01 -1.765440356397080905e+04
9.263000000000000123e-01 -1.765663041923394849e+04
9.264000000000000012e-01 -1.765885853630714701e+04
9.264999999999999902e-01 -1.766108759471182566e+04
9.266000000000000902e-01 -1.766331724959533676e+04
9.267000000000000792e-01 -1.766554717657177753e+04
9.268000000000000682e-01 -1.766777709037084787e+04
9.269000000000000572e-01 -1.767000676729406041e+04
9.270000000000000462e-01 -1.767223613330095395e+04
9.271000000000000352e-01 -1.767446513089036671e+04
9.272000000000000242e-01 -1.767669365109111459e+04
9.273000000000000131e-01 -1.767892161915542238e+04
9.274000000000000021e-01 -1.768114901155166081e+04
9.274999999999999911e-01 -1.768337594330095817e+04
9.276000000000000911e-01 -1.768560273024852722e+04
9.277000000000000801e-01 -1.768782916727021802e+04
9.278000000000000691e-01 -1.769005534220716800e+04
9.279000000000000581e-01 -1.769228145297304218e+04
9.280000000000000471e-01 -1.769450771684617939e+04
9.281000000000000361e-01 -1.769673423430462935e+04
9.282000000000000250e-01 -1.769895989956022459e+04
9.283000000000000140e-01 -1.770118292566453238e+04
9.284000000000000030e-01 -1.770340171881856440e+04
9.284999999999999920e-01 -1.770561616826240061e+04
9.286000000000000920e-01 -1.770782660475298326e+04
9.287000000000000810e-01 -1.771003387927032600e+04
9.288000000000000700e-01 -1.771223880014594033e+04
9.289000000000000590e-01 -1.771444201565003823e+04
9.290000000000000480e-01 -1.771664402294663523e+04
9.291000000000000369e-01 -1.771884519493584230e+04
9.292000000000000259e-01 -1.772104580577795423e+04
9.293000000000000149e-01 -1.772324605175358374e+04
9.294000000000000039e-01 -1.772544605903634510e+04
9.294999999999999929e-01 -1.772764591536031003e+04
9.296000000000000929e-01 -1.772984569596343499e+04
9.297000000000000819e-01 -1.773204539838173514e+04
9.298000000000000709e-01 -1.773424503482779619e+04
9.299000000000000599e-01 -1.773644464577383042e+04
9.300000000000000488e-01 -1.773864422391503103e+04
9.301000000000000378e-01 -1.774083080989957671e+04
9.302000000000000268e-01 -1.774297709240546828e+04
9.303000000000000158e-01 -1.774508565654521954e+04
9.304000000000000048e-01 -1.774716525957209888e+04
9.304999999999999938e-01 -1.774922333714260458e+04
9.306000000000000938e-01 -1.775126547753451086e+04
9.307000000000000828e-01 -1.775329584709053961e+04
9.308000000000000718e-01 -1.775531734546652660e+04
9.309000000000000608e-01 -1.775733220616671315e+04
9.310000000000000497e-01 -1.775934208231671801e+04
9.311000000000000387e-01 -1.776134822779458045e+04
9.312000000000000277e-01 -1.776335195505381853e+04
9.313000000000000167e-01 -1.776535298400780812e+04
9.314000000000000057e-01 -1.776735218046266527e+04
9.314999999999999947e-01 -1.776934906603094350e+04
9.316000000000000947e-01 -1.777134415062195330e+04
9.317000000000000837e-01 -1.777333840523897743e+04
9.318000000000000727e-01 -1.777533286830264842e+04
9.319000000000000616e-01 -1.777732816651438407e+04
9.320000000000000506e-01 -1.777932464775597691e+04
9.321000000000000396e-01 -1.778132387725160879e+04
9.322000000000000286e-01 -1.778332254602303146e+04
9.323000000000000176e-01 -1.778532204737485154e+04
9.324000000000000066e-01 -1.778732198037800845e+04
9.324999999999999956e-01 -1.778932076657492507e+04
9.326000000000000956e-01 -1.779131756809324725e+04
9.327000000000000846e-01 -1.779331211712746517e+04
9.328000000000000735e-01 -1.779530421675220350e+04
9.329000000000000625e-01 -1.779729378448907300e+04
9.330000000000000515e-01 -1.779928086717129918e+04
9.331000000000000405e-01 -1.780126560496076854e+04
9.332000000000000295e-01 -1.780324820942403676e+04
9.333000000000000185e-01 -1.780522908701234337e+04
9.334000000000000075e-01 -1.780720817747872934e+04
9.334999999999999964e-01 -1.780918537375624510e+04
9.336000000000000965e-01 -1.781116079489702315e+04
9.337000000000000854e-01 -1.781313447547532996e+04
9.338000000000000744e-01 -1.781510660621979696e+04
9.339000000000000634e-01 -1.781707750334068987e+04
9.340000000000000524e-01 -1.781904742646866362e+04
9.341000000000000414e-01 -1.782101709884787851e+04
9.342000000000000304e-01 -1.782298762163850188e+04
9.343000000000000194e-01 -1.782495834935768289e+04
9.344000000000000083e-01 -1.782692869732409235e+04
9.344999999999999973e-01 -1.782889856624081222e+04
9.346000000000000973e-01 -1.783086953097886726e+04
9.347000000000000863e-01 -1.783284295446500619e+04
9.348000000000000753e-01 -1.783481820696218347e+04
9.349000000000000643e-01 -1.783679415794264060e+04
9.350000000000000533e-01 -1.783876996895996490e+04
9.351000000000000423e-01 -1.784074519149665139e+04
9.352000000000000313e-01 -1.784271964338146790e+04
9.353000000000000203e-01 -1.784469392496561341e+04
9.354000000000000092e-01 -1.784666904947858347e+04
9.354999999999999982e-01 -1.784864090776898956e+04
9.356000000000000982e-01 -1.785061112577666063e+04
9.357000000000000872e-01 -1.785257920175103936e+04
9.358000000000000762e-01 -1.785454326690539892e+04
9.359000000000000652e-01 -1.785650373639336249e+04
9.360000000000000542e-01 -1.785846176521455709e+04
9.361000000000000432e-01 -1.786041677050737053e+04
9.362000000000000322e-01 -1.786237142149178180e+04
9.363000000000000211e-01 -1.786432608365561464e+04
9.364000000000000101e-01 -1.786627703969592767e+04
9.364999999999999991e-01 -1.786822747973916921e+04
9.366000000000000991e-01 -1.787017911807378186e+04
9.367000000000000881e-01 -1.787212976794951828e+04
9.368000000000000771e-01 -1.787408011913072551e+04
9.369000000000000661e-01 -1.787603198553654147e+04
9.370000000000000551e-01 -1.787798382347730512e+04
9.371000000000000441e-01 -1.787993619752609811e+04
9.372000000000000330e-01 -1.788188869231837452e+04
9.373000000000000220e-01 -1.788384423932338905e+04
9.374000000000000110e-01 -1.788580410781964383e+04
9.375000000000000000e-01 -1.788776779802211604e+04
9.376000000000001000e-01 -1.788973411038595805e+04
9.377000000000000890e-01 -1.789170242019528814e+04
9.378000000000000780e-01 -1.789367111656276757e+04
9.379000000000000670e-01 -1.789563887449654430e+04
9.380000000000000560e-01 -1.789760507836541365e+04
9.381000000000000449e-01 -1.789956923683350033e+04
9.382000000000000339e-01 -1.790153042837583052e+04
9.383000000000000229e-01 -1.790348809425982472e+04
9.384000000000000119e-01 -1.790544262621787857e+04
9.385000000000000009e-01 -1.790739674795058090e+04
9.385999999999999899e-01 -1.790935178712524430e+04
9.387000000000000899e-01 -1.791129835985509999e+04
9.388000000000000789e-01 -1.791324022768193026e+04
9.389000000000000679e-01 -1.791517933109511068e+04
9.390000000000000568e-01 -1.791711557476320377e+04
9.391000000000000458e-01 -1.791904986059182556e+04
9.392000000000000348e-01 -1.792099091022490029e+04
9.393000000000000238e-01 -1.792295294527658916e+04
9.394000000000000128e-01 -1.792494468283428796e+04
9.395000000000000018e-01 -1.792695979244373666e+04
9.395999999999999908e-01 -1.792898020427821393e+04
9.397000000000000908e-01 -1.793099063581031442e+04
9.398000000000000798e-01 -1.793298668665052173e+04
9.399000000000000687e-01 -1.793497098005504813e+04
9.400000000000000577e-01 -1.793694895814732081e+04
9.401000000000000467e-01 -1.793892477972881534e+04
9.402000000000000357e-01 -1.794090057948833419e+04
9.403000000000000247e-01 -1.794287947245523173e+04
9.404000000000000137e-01 -1.794486347224922429e+04
9.405000000000000027e-01 -1.794685095984119471e+04
9.405999999999999917e-01 -1.794884173276628280e+04
9.407000000000000917e-01 -1.795083330720595768e+04
9.408000000000000806e-01 -1.795282174876501449e+04
9.409000000000000696e-01 -1.795480192735899982e+04
9.410000000000000586e-01 -1.795676990744422801e+04
9.411000000000000476e-01 -1.795872536046959431e+04
9.412000000000000366e-01 -1.796067043029220440e+04
9.413000000000000256e-01 -1.796260746595057572e+04
9.414000000000000146e-01 -1.796453830718021709e+04
9.415000000000000036e-01 -1.796646438652441429e+04
9.415999999999999925e-01 -1.796838696888236154e+04
9.417000000000000925e-01 -1.797030724300372458e+04
9.418000000000000815e-01 -1.797222626223609041e+04
9.419000000000000705e-01 -1.797414483282372748e+04
9.420000000000000595e-01 -1.797606343304450274e+04
9.421000000000000485e-01 -1.797798219510250055e+04
9.422000000000000375e-01 -1.797990094064506411e+04
9.423000000000000265e-01 -1.798181924197867920e+04
9.424000000000000155e-01 -1.798373647468725540e+04
9.425000000000000044e-01 -1.798565187135409724e+04
9.425999999999999934e-01 -1.798756453261080242e+04
9.427000000000000934e-01 -1.798947334727897396e+04
9.428000000000000824e-01 -1.799137632226619098e+04
9.429000000000000714e-01 -1.799326727578604914e+04
9.430000000000000604e-01 -1.799513961924429168e+04
9.431000000000000494e-01 -1.799698195593712080e+04
9.432000000000000384e-01 -1.799877521622357381e+04
9.433000000000000274e-01 -1.800050253895667629e+04
9.434000000000000163e-01 -1.800214728070377896e+04
9.435000000000000053e-01 -1.800368911746910089e+04
9.435999999999999943e-01 -1.800510803981335266e+04
9.437000000000000943e-01 -1.800638491519433956e+04
9.438000000000000833e-01 -1.800750175046898585e+04
9.439000000000000723e-01 -1.800844189287311019e+04
9.440000000000000613e-01 -1.800919111364193668e+04
9.441000000000000503e-01 -1.800977042269599406e+04
9.442000000000000393e-01 -1.801021467282851881e+04
9.443000000000000282e-01 -1.801052364984178712e+04
9.444000000000000172e-01 -1.801068840216647732e+04
9.445000000000000062e-01 -1.801070572792175153e+04
9.445999999999999952e-01 -1.801058541757095009e+04
9.447000000000000952e-01 -1.801043035799143399e+04
9.448000000000000842e-01 -1.801029042067235787e+04
9.449000000000000732e-01 -1.801016773983691746e+04
9.450000000000000622e-01 -1.801005454384798577e+04
9.451000000000000512e-01 -1.800995722582056987e+04
9.452000000000000401e-01 -1.800996870142219268e+04
9.453000000000000291e-01 -1.801013363906392988e+04
9.454000000000000181e-01 -1.801044698649687416e+04
9.455000000000000071e-01 -1.801089087812889557e+04
9.455999999999999961e-01 -1.801155183284033774e+04
9.457000000000000961e-01 -1.801253835124417674e+04
9.458000000000000851e-01 -1.801384625753938235e+04
9.459000000000000741e-01 -1.801541282623977531e+04
9.460000000000000631e-01 -1.801714292814751025e+04
9.461000000000000520e-01 -1.801896886235008424e+04
9.462000000000000410e-01 -1.802085094533533265e+04
9.463000000000000300e-01 -1.802276984847151107e+04
9.464000000000000190e-01 -1.802471809214551831e+04
9.465000000000000080e-01 -1.802669313142721876e+04
9.465999999999999970e-01 -1.802869304870172346e+04
9.467000000000000970e-01 -1.803069963118532178e+04
9.468000000000000860e-01 -1.803268781275051151e+04
9.469000000000000750e-01 -1.803474059201521595e+04
9.470000000000000639e-01 -1.803682034395692244e+04
9.471000000000000529e-01 -1.803890503286354578e+04
9.472000000000000419e-01 -1.804098452562630337e+04
9.473000000000000309e-01 -1.804306578278150118e+04
9.474000000000000199e-01 -1.804514516008834471e+04
9.475000000000000089e-01 -1.804721675768956629e+04
9.475999999999999979e-01 -1.804927472282346207e+04
9.477000000000000979e-01 -1.805132278837609192e+04
9.478000000000000869e-01 -1.805336453712466755e+04
9.479000000000000759e-01 -1.805539784623214655e+04
9.480000000000000648e-01 -1.805742268999090811e+04
9.481000000000000538e-01 -1.805943860692346061e+04
9.482000000000000428e-01 -1.806144485221133800e+04
9.483000000000000318e-01 -1.806344092045752768e+04
9.484000000000000208e-01 -1.806542683380904055e+04
9.485000000000000098e-01 -1.806740221346172621e+04
9.485999999999999988e-01 -1.806936712715560498e+04
9.487000000000000988e-01 -1.807132596819735409e+04
9.488000000000000878e-01 -1.807327821915081950e+04
9.489000000000000767e-01 -1.807522436255345019e+04
9.490000000000000657e-01 -1.807716740064603073e+04
9.491000000000000547e-01 -1.807911200219102102e+04
9.492000000000000437e-01 -1.808106032150449028e+04
9.493000000000000327e-01 -1.808301309933272569e+04
9.494000000000000217e-01 -1.808497050537624455e+04
9.495000000000000107e-01 -1.808693246595050368e+04
9.495999999999999996e-01 -1.808889874521603633e+04
9.497000000000000997e-01 -1.809087126293486290e+04
9.498000000000000886e-01 -1.809284916250978495e+04
9.499000000000000776e-01 -1.809483400077585247e+04
9.500000000000000666e-01 -1.809682872732522810e+04
9.501000000000000556e-01 -1.810065434770350112e+04
9.502000000000000446e-01 -1.810569872457630117e+04
9.503000000000000336e-01 -1.811104124856276030e+04
9.504000000000000226e-01 -1.811669526314852919e+04
9.505000000000000115e-01 -1.812307502680386460e+04
9.506000000000000005e-01 -1.813028236812668183e+04
9.507000000000001005e-01 -1.813804604865698639e+04
9.508000000000000895e-01 -1.814564196737442762e+04
9.509000000000000785e-01 -1.815271593503929398e+04
9.510000000000000675e-01 -1.815862791118056703e+04
9.511000000000000565e-01 -1.816334216759525225e+04
9.512000000000000455e-01 -1.816719159360613412e+04
9.513000000000000345e-01 -1.817041705047558571e+04
9.514000000000000234e-01 -1.817324302070031990e+04
9.515000000000000124e-01 -1.817577312326411266e+04
9.516000000000000014e-01 -1.817808335655082556e+04
9.516999999999999904e-01 -1.818022777488611609e+04
9.518000000000000904e-01 -1.818280658331330415e+04
9.519000000000000794e-01 -1.818613485746646620e+04
9.520000000000000684e-01 -1.818919485977028307e+04
9.521000000000000574e-01 -1.819152095382503467e+04
9.522000000000000464e-01 -1.819329879976102166e+04
9.523000000000000353e-01 -1.819474609637225512e+04
9.524000000000000243e-01 -1.819600152108923430e+04
9.525000000000000133e-01 -1.819715117559560895e+04
9.526000000000000023e-01 -1.819824901826944551e+04
9.526999999999999913e-01 -1.819932115526559210e+04
9.528000000000000913e-01 -1.820036837436946371e+04
9.529000000000000803e-01 -1.820139044261427625e+04
9.530000000000000693e-01 -1.820239852671743211e+04
9.531000000000000583e-01 -1.820340174206811571e+04
9.532000000000000473e-01 -1.820441338650074613e+04
9.533000000000000362e-01 -1.820542882371704400e+04
9.534000000000000252e-01 -1.820642223280719918e+04
9.535000000000000142e-01 -1.820737052255906747e+04
9.536000000000000032e-01 -1.820825432305693903e+04
9.536999999999999922e-01 -1.820905806428965298e+04
9.538000000000000922e-01 -1.820977138322447718e+04
9.539000000000000812e-01 -1.821039470360035921e+04
9.540000000000000702e-01 -1.821097438548175342e+04
9.541000000000000592e-01 -1.821153849798993542e+04
9.542000000000000481e-01 -1.821207942626028307e+04
9.543000000000000371e-01 -1.821258343052463533e+04
9.544000000000000261e-01 -1.821305706103330158e+04
9.545000000000000151e-01 -1.821349181443742054e+04
9.546000000000000041e-01 -1.821389350729006401e+04
9.546999999999999931e-01 -1.821432256714404502e+04
9.548000000000000931e-01 -1.821479640009435025e+04
9.549000000000000821e-01 -1.821533003494931472e+04
9.550000000000000711e-01 -1.821598363156662526e+04
9.551000000000000600e-01 -1.821677339512806793e+04
9.552000000000000490e-01 -1.821777467432140838e+04
9.553000000000000380e-01 -1.821901141155357254e+04
9.554000000000000270e-01 -1.822044179564385558e+04
9.555000000000000160e-01 -1.822203803218932080e+04
9.556000000000000050e-01 -1.822376420432074883e+04
9.556999999999999940e-01 -1.822557353416767364e+04
9.558000000000000940e-01 -1.822743323414691622e+04
9.559000000000000830e-01 -1.822932479995993344e+04
9.560000000000000719e-01 -1.823123772503286455e+04
9.561000000000000609e-01 -1.823317653059451914e+04
9.562000000000000499e-01 -1.823518020055736633e+04
9.563000000000000389e-01 -1.823723235611592463e+04
9.564000000000000279e-01 -1.823931262464246174e+04
9.565000000000000169e-01 -1.824140675811356050e+04
9.566000000000000059e-01 -1.824349806410029487e+04
9.566999999999999948e-01 -1.824558260247019643e+04
9.568000000000000949e-01 -1.824764265094063740e+04
9.569000000000000838e-01 -1.824971036167386046e+04
9.570000000000000728e-01 -1.825178877120109610e+04
9.571000000000000618e-01 -1.825387043393549902e+04
9.572000000000000508e-01 -1.825591900250190884e+04
9.573000000000000398e-01 -1.825777300140699299e+04
9.574000000000000288e-01 -1.825957193941851074e+04
9.575000000000000178e-01 -1.826140240523827742e+04
9.576000000000000068e-01 -1.826328546132939300e+04
9.576999999999999957e-01 -1.826521378733409074e+04
9.578000000000000957e-01 -1.826717327764501533e+04
9.579000000000000847e-01 -1.826896310929847095e+04
9.580000000000000737e-01 -1.827058838990873483e+04
9.581000000000000627e-01 -1.827223599710194321e+04
9.582000000000000517e-01 -1.827394560174586150e+04
9.583000000000000407e-01 -1.827571123273654302e+04
9.584000000000000297e-01 -1.827752089658640398e+04
9.585000000000000187e-01 -1.827936743140823091e+04
9.586000000000000076e-01 -1.828124527324703377e+04
9.586999999999999966e-01 -1.828314847353846562e+04
9.588000000000000966e-01 -1.828507199699327975e+04
9.589000000000000856e-01 -1.828701174817126230e+04
9.590000000000000746e-01 -1.828896372782802064e+04
9.591000000000000636e-01 -1.829092666419687521e+04
9.592000000000000526e-01 -1.829289957291589235e+04
9.593000000000000416e-01 -1.829488094980952519e+04
9.594000000000000306e-01 -1.829687031510926317e+04
9.595000000000000195e-01 -1.829886292181497993e+04
9.596000000000000085e-01 -1.830085971351162152e+04
9.596999999999999975e-01 -1.830285002649280796e+04
9.598000000000000975e-01 -1.830440869444148848e+04
9.599000000000000865e-01 -1.830576339616670521e+04
9.600000000000000755e-01 -1.830720740681313328e+04
9.601000000000000645e-01 -1.830880364614613427e+04
9.602000000000000535e-01 -1.831056972826488709e+04
9.603000000000000425e-01 -1.831247864659146944e+04
9.604000000000000314e-01 -1.831412268674582083e+04
9.605000000000000204e-01 -1.831532410348026679e+04
9.606000000000000094e-01 -1.831660385103783483e+04
9.606999999999999984e-01 -1.831808188112126300e+04
9.608000000000000984e-01 -1.831975514615558495e+04
9.609000000000000874e-01 -1.832158522305603037e+04
9.610000000000000764e-01 -1.832353300359112836e+04
9.611000000000000654e-01 -1.832556754689788795e+04
9.612000000000000544e-01 -1.832766999500878592e+04
9.613000000000000433e-01 -1.832982343124555337e+04
9.614000000000000323e-01 -1.833200955887934470e+04
9.615000000000000213e-01 -1.833421792574386564e+04
9.616000000000000103e-01 -1.833643913565429102e+04
9.616999999999999993e-01 -1.833866864555145366e+04
9.618000000000000993e-01 -1.834090490724827396e+04
9.619000000000000883e-01 -1.834314791655441149e+04
9.620000000000000773e-01 -1.834539876748875395e+04
9.621000000000000663e-01 -1.834765922965090795e+04
9.622000000000000552e-01 -1.834993207250567502e+04
9.623000000000000442e-01 -1.835221181177134713e+04
9.624000000000000332e-01 -1.835449633860721224e+04
9.625000000000000222e-01 -1.835678642041451167e+04
9.626000000000000112e-01 -1.835908174664380567e+04
9.627000000000000002e-01 -1.836138172003092768e+04
9.628000000000001002e-01 -1.836368571373571467e+04
9.629000000000000892e-01 -1.836599315139367172e+04
9.630000000000000782e-01 -1.836830353760127036e+04
9.631000000000000671e-01 -1.837061649853320341e+04
9.632000000000000561e-01 -1.837293211859687653e+04
9.633000000000000451e-01 -1.837525189023706480e+04
9.634000000000000341e-01 -1.837756885735040487e+04
9.635000000000000231e-01 -1.837990236219841245e+04
9.636000000000000121e-01 -1.838224465453379526e+04
9.637000000000000011e-01 -1.838459001469919895e+04
9.638000000000001011e-01 -1.838693634160907459e+04
9.639000000000000901e-01 -1.838928338945472206e+04
9.640000000000000790e-01 -1.839163032982485674e+04
9.641000000000000680e-01 -1.839397802021507960e+04
9.642000000000000570e-01 -1.839632995613561798e+04
9.643000000000000460e-01 -1.839868388983903787e+04
9.644000000000000350e-01 -1.840104003921218100e+04
9.645000000000000240e-01 -1.840340009216801991e+04
9.646000000000000130e-01 -1.840576546666503782e+04
9.647000000000000020e-01 -1.840813347292675826e+04
9.647999999999999909e-01 -1.841050553106950611e+04
9.649000000000000909e-01 -1.841288118388938892e+04
9.650000000000000799e-01 -1.841525856951356400e+04
9.651000000000000689e-01 -1.841763756736093637e+04
9.652000000000000579e-01 -1.842001883124044252e+04
9.653000000000000469e-01 -1.842240315114392797e+04
9.654000000000000359e-01 -1.842479117428214158e+04
9.655000000000000249e-01 -1.842718332949065370e+04
9.656000000000000139e-01 -1.842957985312887104e+04
9.657000000000000028e-01 -1.843198086017812602e+04
9.657999999999999918e-01 -1.843438644029985517e+04
9.659000000000000918e-01 -1.843679687141806062e+04
9.660000000000000808e-01 -1.843921331277927675e+04
9.661000000000000698e-01 -1.844163910648409365e+04
9.662000000000000588e-01 -1.844408094558107041e+04
9.663000000000000478e-01 -1.844654082304084659e+04
9.664000000000000368e-01 -1.844901772860773417e+04
9.665000000000000258e-01 -1.845150999655834312e+04
9.666000000000000147e-01 -1.845401643561991659e+04
9.667000000000000037e-01 -1.845652947158297684e+04
9.667999999999999927e-01 -1.845905707815864662e+04
9.669000000000000927e-01 -1.846160844329746033e+04
9.670000000000000817e-01 -1.846419207001980976e+04
9.671000000000000707e-01 -1.846682386756323103e+04
9.672000000000000597e-01 -1.846951009749365039e+04
9.673000000000000487e-01 -1.847224300482192848e+04
9.674000000000000377e-01 -1.847502644868760763e+04
9.675000000000000266e-01 -1.847786825149270953e+04
9.676000000000000156e-01 -1.848076629541234070e+04
9.677000000000000046e-01 -1.848371972499887488e+04
9.677999999999999936e-01 -1.848672169400261191e+04
9.679000000000000936e-01 -1.848979942190097427e+04
9.680000000000000826e-01 -1.849298198826400767e+04
9.681000000000000716e-01 -1.849629625127363033e+04
9.682000000000000606e-01 -1.849976148796883353e+04
9.683000000000000496e-01 -1.850337105720192267e+04
9.684000000000000385e-01 -1.850713659630969414e+04
9.685000000000000275e-01 -1.851111377118636665e+04
9.686000000000000165e-01 -1.851533638480257650e+04
9.687000000000000055e-01 -1.851985064476129264e+04
9.687999999999999945e-01 -1.852470010785674458e+04
9.689000000000000945e-01 -1.852996954658570394e+04
9.690000000000000835e-01 -1.853569273271161001e+04
9.691000000000000725e-01 -1.854187536684810766e+04
9.692000000000000615e-01 -1.854847745347118325e+04
9.693000000000000504e-01 -1.855440283919468857e+04
9.694000000000000394e-01 -1.855781832153004143e+04
9.695000000000000284e-01 -1.855964807066419962e+04
9.696000000000000174e-01 -1.856116591089638314e+04
9.697000000000000064e-01 -1.856309578539162248e+04
9.697999999999999954e-01 -1.856517059699614401e+04
9.699000000000000954e-01 -1.856730218561483343e+04
9.700000000000000844e-01 -1.856941212183001699e+04
9.701000000000000734e-01 -1.857147211943666844e+04
9.702000000000000624e-01 -1.857350539008538908e+04
9.703000000000000513e-01 -1.857554706521386834e+04
9.704000000000000403e-01 -1.857763708950355431e+04
9.705000000000000293e-01 -1.857980593978862453e+04
9.706000000000000183e-01 -1.858205771860291861e+04
9.707000000000000073e-01 -1.858437549542712441e+04
9.707999999999999963e-01 -1.858673332553410000e+04
9.709000000000000963e-01 -1.858910700280090896e+04
9.710000000000000853e-01 -1.859147639074766630e+04
9.711000000000000743e-01 -1.859383177434952813e+04
9.712000000000000632e-01 -1.859616451505708028e+04
9.713000000000000522e-01 -1.859846598602148151e+04
9.714000000000000412e-01 -1.860073916128364726e+04
9.715000000000000302e-01 -1.860298998651210422e+04
9.716000000000000192e-01 -1.860522460064414190e+04
9.717000000000000082e-01 -1.860744924829511001e+04
9.717999999999999972e-01 -1.860966944159499326e+04
9.719000000000000972e-01 -1.861188982808342917e+04
9.720000000000000862e-01 -1.861411415269808640e+04
9.721000000000000751e-01 -1.861634323659792426e+04
9.722000000000000641e-01 -1.861857668088347418e+04
9.723000000000000531e-01 -1.862081405157726113e+04
9.724000000000000421e-01 -1.862305454973567612e+04
9.725000000000000311e-01 -1.862529722819578092e+04
9.726000000000000201e-01 -1.862754094142278336e+04
9.727000000000000091e-01 -1.862978483008933108e+04
9.727999999999999980e-01 -1.863202848731675476e+04
9.729000000000000981e-01 -1.863427175396252642e+04
9.730000000000000870e-01 -1.863651476724357053e+04
9.731000000000000760e-01 -1.863875768301081553e+04
9.732000000000000650e-01 -1.864100214605273140e+04
9.733000000000000540e-01 -1.864324884336491959e+04
9.734000000000000430e-01 -1.864549111547339271e+04
9.735000000000000320e-01 -1.864773238362950360e+04
9.736000000000000210e-01 -1.864997378014199785e+04
9.737000000000000099e-01 -1.865221512015542612e+04
9.737999999999999989e-01 -1.865445601667099618e+04
9.739000000000000989e-01 -1.865669625326750247e+04
9.740000000000000879e-01 -1.865893586103698544e+04
9.741000000000000769e-01 -1.866117486952478794e+04
9.742000000000000659e-01 -1.866341328953533593e+04
9.743000000000000549e-01 -1.866565114493298461e+04
9.744000000000000439e-01 -1.866788847380712104e+04
9.745000000000000329e-01 -1.867012533739300488e+04
9.746000000000000218e-01 -1.867236180474033972e+04
9.747000000000000108e-01 -1.867459793550221730e+04
9.747999999999999998e-01 -1.867683355747861424e+04
9.749000000000000998e-01 -1.867913874647782723e+04
9.750000000000000888e-01 -1.868155581260162944e+04
9.751000000000000778e-01 -1.868396380008920096e+04
9.752000000000000668e-01 -1.868634153189763674e+04
9.753000000000000558e-01 -1.868870246868994582e+04
9.754000000000000448e-01 -1.869114571500780221e+04
9.755000000000000338e-01 -1.869359429691548212e+04
9.756000000000000227e-01 -1.869600726014921383e+04
9.757000000000000117e-01 -1.869839298172040071e+04
9.758000000000000007e-01 -1.870076197686079468e+04
9.759000000000001007e-01 -1.870312082982536231e+04
9.760000000000000897e-01 -1.870546954500974971e+04
9.761000000000000787e-01 -1.870778717295066599e+04
9.762000000000000677e-01 -1.871007449390242982e+04
9.763000000000000567e-01 -1.871234027422932195e+04
9.764000000000000457e-01 -1.871459136289728849e+04
9.765000000000000346e-01 -1.871683216476593589e+04
9.766000000000000236e-01 -1.871906571723367597e+04
9.767000000000000126e-01 -1.872129572424108483e+04
9.768000000000000016e-01 -1.872352479692181805e+04
9.769000000000001016e-01 -1.872575394196590423e+04
9.770000000000000906e-01 -1.872798287424361115e+04
9.771000000000000796e-01 -1.873021122497394026e+04
9.772000000000000686e-01 -1.873243733615179372e+04
9.773000000000000576e-01 -1.873466523104514999e+04
9.774000000000000465e-01 -1.873689351261494812e+04
9.775000000000000355e-01 -1.873912195160852934e+04
9.776000000000000245e-01 -1.874135060616186456e+04
9.777000000000000135e-01 -1.874357947625764427e+04
9.778000000000000025e-01 -1.874580851998209619e+04
9.778999999999999915e-01 -1.874803773473907859e+04
9.780000000000000915e-01 -1.875029005715529638e+04
9.781000000000000805e-01 -1.875257001857512296e+04
9.782000000000000695e-01 -1.875486455768843734e+04
9.783000000000000584e-01 -1.875716514326287870e+04
9.784000000000000474e-01 -1.875945622237602220e+04
9.785000000000000364e-01 -1.876173314481831039e+04
9.786000000000000254e-01 -1.876399632769994059e+04
9.787000000000000144e-01 -1.876624980918631627e+04
9.788000000000000034e-01 -1.876849465984887865e+04
9.788999999999999924e-01 -1.877073134732625840e+04
9.790000000000000924e-01 -1.877296133569230005e+04
9.791000000000000814e-01 -1.877518641504360130e+04
9.792000000000000703e-01 -1.877740821755444995e+04
9.793000000000000593e-01 -1.877962797900574878e+04
9.794000000000000483e-01 -1.878184652186773747e+04
9.795000000000000373e-01 -1.878406434199063733e+04
9.796000000000000263e-01 -1.878628168455975538e+04
9.797000000000000153e-01 -1.878849866308970377e+04
9.798000000000000043e-01 -1.879071544576110682e+04
9.798999999999999932e-01 -1.879293206246839327e+04
9.800000000000000933e-01 -1.879514853479564044e+04
9.801000000000000822e-01 -1.879735250818993154e+04
9.802000000000000712e-01 -1.879951899588952438e+04
9.803000000000000602e-01 -1.880164936862066315e+04
9.804000000000000492e-01 -1.880375033076301042e+04
9.805000000000000382e-01 -1.880582847556748675e+04
9.806000000000000272e-01 -1.880788919670402174e+04
9.807000000000000162e-01 -1.880993684368126196e+04
9.808000000000000052e-01 -1.881197480626361721e+04
9.808999999999999941e-01 -1.881400596618470445e+04
9.810000000000000941e-01 -1.881603470198657305e+04
9.811000000000000831e-01 -1.881806102717348767e+04
9.812000000000000721e-01 -1.882008489638867468e+04
9.813000000000000611e-01 -1.882210669720347869e+04
9.814000000000000501e-01 -1.882412676124879363e+04
9.815000000000000391e-01 -1.882614540018138723e+04
9.816000000000000281e-01 -1.882816287725180155e+04
9.817000000000000171e-01 -1.883017893389423261e+04
9.818000000000000060e-01 -1.883219318206034950e+04
9.818999999999999950e-01 -1.883420593703283157e+04
9.820000000000000950e-01 -1.883621757560363039e+04
9.821000000000000840e-01 -1.883822841765682460e+04
9.822000000000000730e-01 -1.884023871428193161e+04
9.823000000000000620e-01 -1.884224822114326889e+04
9.824000000000000510e-01 -1.884425741921257213e+04
9.825000000000000400e-01 -1.884626716083491556e+04
9.826000000000000290e-01 -1.884827695345353641e+04
9.827000000000000179e-01 -1.885028677859267555e+04
9.828000000000000069e-01 -1.885229666819798513e+04
9.828999999999999959e-01 -1.885430665648214199e+04
9.830000000000000959e-01 -1.885631676742455966e+04
9.831000000000000849e-01 -1.885832700194956124e+04
9.832000000000000739e-01 -1.886033735092141433e+04
9.833000000000000629e-01 -1.886234779676246399e+04
9.834000000000000519e-01 -1.886435831408249578e+04
9.835000000000000409e-01 -1.886636887096427745e+04
9.836000000000000298e-01 -1.886837947737059585e+04
9.837000000000000188e-01 -1.887038901535077821e+04
9.838000000000000078e-01 -1.887239715420698485e+04
9.838999999999999968e-01 -1.887440601644949857e+04
9.840000000000000968e-01 -1.887641619924285260e+04
9.841000000000000858e-01 -1.887842853703907167e+04
9.842000000000000748e-01 -1.888044281542493263e+04
9.843000000000000638e-01 -1.888245826776413378e+04
9.844000000000000528e-01 -1.888447416120843991e+04
9.845000000000000417e-01 -1.888649003649758015e+04
9.846000000000000307e-01 -1.888850565701521191e+04
9.847000000000000197e-01 -1.889052092257777622e+04
9.848000000000000087e-01 -1.889253581811817276e+04
9.848999999999999977e-01 -1.889455023949423776e+04
9.850000000000000977e-01 -1.889656424768575016e+04
9.851000000000000867e-01 -1.889857774287819484e+04
9.852000000000000757e-01 -1.890059020679672176e+04
9.853000000000000647e-01 -1.890259981457235699e+04
9.854000000000000536e-01 -1.890460618381399763e+04
9.855000000000000426e-01 -1.890660958615523850e+04
9.856000000000000316e-01 -1.890861007732899088e+04
9.857000000000000206e-01 -1.891060748282284840e+04
9.858000000000000096e-01 -1.891260130102350740e+04
9.858999999999999986e-01 -1.891459176108266911e+04
9.860000000000000986e-01 -1.891657808111515988e+04
9.861000000000000876e-01 -1.891856012349728917e+04
9.862000000000000766e-01 -1.892053808647743426e+04
9.863000000000000655e-01 -1.892251190582956406e+04
9.864000000000000545e-01 -1.892448139343459843e+04
9.865000000000000435e-01 -1.892644677768451947e+04
9.866000000000000325e-01 -1.892840842651104686e+04
9.867000000000000215e-01 -1.893036620318456335e+04
9.868000000000000105e-01 -1.893232050820796940e+04
9.868999999999999995e-01 -1.893427167049004856e+04
9.870000000000000995e-01 -1.893622025980209582e+04
9.871000000000000885e-01 -1.893816741664226720e+04
9.872000000000000774e-01 -1.894011271791184117e+04
9.873000000000000664e-01 -1.894205630358349663e+04
9.874000000000000554e-01 -1.894399790995858348e+04
9.875000000000000444e-01 -1.894593328911768185e+04
9.876000000000000334e-01 -1.894785874386026262e+04
9.877000000000000224e-01 -1.894977408789805122e+04
9.878000000000000114e-01 -1.895168067949136093e+04
9.879000000000000004e-01 -1.895358389574983448e+04
9.880000000000001004e-01 -1.895548276637281015e+04
9.881000000000000894e-01 -1.895737955517443334e+04
9.882000000000000783e-01 -1.895928657022714106e+04
9.883000000000000673e-01 -1.896119410515757045e+04
9.884000000000000563e-01 -1.896310250178608476e+04
9.885000000000000453e-01 -1.896501543579901045e+04
9.886000000000000343e-01 -1.896693441385987171e+04
9.887000000000000233e-01 -1.896886122350749429e+04
9.888000000000000123e-01 -1.897079290953364398e+04
9.889000000000000012e-01 -1.897273786382133767e+04
9.890000000000001013e-01 -1.897468555053266391e+04
9.891000000000000902e-01 -1.897662806364467906e+04
9.892000000000000792e-01 -1.897857135939885848e+04
9.893000000000000682e-01 -1.898051917968381895e+04
9.894000000000000572e-01 -1.898247304240854646e+04
9.895000000000000462e-01 -1.898443196175639605e+04
9.896000000000000352e-01 -1.898640557827701923e+04
9.897000000000000242e-01 -1.898838393335896399e+04
9.898000000000000131e-01 -1.899035881808829436e+04
9.899000000000000021e-01 -1.899234636698891336e+04
9.900000000000001021e-01 -1.899434322790224542e+04
9.901000000000000911e-01 -1.899634618473305090e+04
9.902000000000000801e-01 -1.899835062821595420e+04
9.903000000000000691e-01 -1.900035365372239539e+04
9.904000000000000581e-01 -1.900235380403837553e+04
9.905000000000000471e-01 -1.900435075730186145e+04
9.906000000000000361e-01 -1.900634498185996927e+04
9.907000000000000250e-01 -1.900833718425329425e+04
9.908000000000000140e-01 -1.901032845817055204e+04
9.909000000000000030e-01 -1.901231956180052657e+04
9.909999999999999920e-01 -1.901431087655034571e+04
9.911000000000000920e-01 -1.901630240103093820e+04
9.912000000000000810e-01 -1.901829432344420638e+04
9.913000000000000700e-01 -1.902028590069448910e+04
9.914000000000000590e-01 -1.902227471469008742e+04
9.915000000000000480e-01 -1.902425914373867636e+04
9.916000000000000369e-01 -1.902623537514625423e+04
9.917000000000000259e-01 -1.902819569444032823e+04
9.918000000000000149e-01 -1.903013633983958425e+04
9.919000000000000039e-01 -1.903205767522772658e+04
9.919999999999999929e-01 -1.903396092736897845e+04
9.921000000000000929e-01 -1.903585137016713998e+04
9.922000000000000819e-01 -1.903772969457116415e+04
9.923000000000000709e-01 -1.903959157159745882e+04
9.924000000000000599e-01 -1.904143277380339350e+04
9.925000000000000488e-01 -1.904325027654294900e+04
9.926000000000000378e-01 -1.904504306674806139e+04
9.927000000000000268e-01 -1.904681018172281983e+04
9.928000000000000158e-01 -1.904853933868883541e+04
9.929000000000000048e-01 -1.905020738171859921e+04
9.929999999999999938e-01 -1.905179651195205588e+04
9.931000000000000938e-01 -1.905327887144111082e+04
9.932000000000000828e-01 -1.905459923164734937e+04
9.933000000000000718e-01 -1.905575315998739825e+04
9.934000000000000608e-01 -1.905676698060500712e+04
9.935000000000000497e-01 -1.905767375360018195e+04
9.936000000000000387e-01 -1.905846042265660435e+04
9.937000000000000277e-01 -1.905908380882500205e+04
9.938000000000000167e-01 -1.905950304635921202e+04
9.939000000000000057e-01 -1.905968744503619382e+04
9.939999999999999947e-01 -1.905961483597890765e+04
9.941000000000000947e-01 -1.905930535647158831e+04
9.942000000000000837e-01 -1.905880406973525896e+04
9.943000000000000727e-01 -1.905812951881974368e+04
9.944000000000000616e-01 -1.905738038883924673e+04
9.945000000000000506e-01 -1.905661950687077115e+04
9.946000000000000396e-01 -1.905588908516148149e+04
9.947000000000000286e-01 -1.905526450597079383e+04
9.948000000000000176e-01 -1.905485291030237204e+04
9.949000000000000066e-01 -1.905469650263016592e+04
9.949999999999999956e-01 -1.905478659043410880e+04
9.951000000000000956e-01 -1.905510880686368546e+04
9.952000000000000846e-01 -1.905590746090568427e+04
9.953000000000000735e-01 -1.905723313138424783e+04
9.954000000000000625e-01 -1.905890170951944310e+04
9.955000000000000515e-01 -1.906075255397192814e+04
9.956000000000000405e-01 -1.906268780708926715e+04
9.957000000000000295e-01 -1.906466544005102696e+04
9.958000000000000185e-01 -1.906667709636327709e+04
9.959000000000000075e-01 -1.906868666761338682e+04
9.959999999999999964e-01 -1.907068087301988999e+04
9.961000000000000965e-01 -1.907276064368282459e+04
9.962000000000000854e-01 -1.907490753415984727e+04
9.963000000000000744e-01 -1.907708201106445995e+04
9.964000000000000634e-01 -1.907925644729281703e+04
9.965000000000000524e-01 -1.908140739426854634e+04
9.966000000000000414e-01 -1.908353448615465823e+04
9.967000000000000304e-01 -1.908564043745150047e+04
9.968000000000000194e-01 -1.908771743422020882e+04
9.969000000000000083e-01 -1.908976285332230691e+04
9.969999999999999973e-01 -1.909178398665278655e+04
9.971000000000000973e-01 -1.909380842529879737e+04
9.972000000000000863e-01 -1.909584066102682118e+04
9.973000000000000753e-01 -1.909787407013182019e+04
9.974000000000000643e-01 -1.909991298843071127e+04
9.975000000000000533e-01 -1.910194919384837340e+04
9.976000000000000423e-01 -1.910398148668400245e+04
9.977000000000000313e-01 -1.910600624595844783e+04
9.978000000000000203e-01 -1.910802822810057478e+04
9.979000000000000092e-01 -1.911005108407524312e+04
9.979999999999999982e-01 -1.911206583115828107e+04
9.981000000000000982e-01 -1.911406819572981112e+04
9.982000000000000872e-01 -1.911605964372105154e+04
9.983000000000000762e-01 -1.911804979140843352e+04
9.984000000000000652e-01 -1.912003696413278522e+04
9.985000000000000542e-01 -1.912202455992331670e+04
9.986000000000000432e-01 -1.912401192399309002e+04
9.987000000000000322e-01 -1.912600217254376912e+04
9.988000000000000211e-01 -1.912799650975830446e+04
9.989000000000000101e-01 -1.913000066952943598e+04
9.989999999999999991e-01 -1.913200876444106325e+04
9.991000000000000991e-01 -1.913401477166669792e+04
9.992000000000000881e-01 -1.913602204089159568e+04
9.993000000000000771e-01 -1.913803197944519343e+04
9.994000000000000661e-01 -1.914004519446495033e+04
9.995000000000000551e-01 -1.914206179540336962e+04
9.996000000000000441e-01 -1.914409299452400955e+04
9.997000000000000330e-01 -1.914612241785349761e+04
9.998000000000000220e-01 -1.914814569709818534e+04
9.999000000000000110e-01 -1.915016721974100801e+04
1.000000000000000000e+00 -1.915219196004253536e+04
