time R11 R12 R13 R21 R22 R23 R31 R32 R33
0.000000000000000000e+00 1.000000000000000000e+00 -0.000000000000000000e+00 0.000000000000000000e+00 0.000000000000000000e+00 1.000000000000000000e+00 -0.000000000000000000e+00 0.000000000000000000e+00 0.000000000000000000e+00 1.000000000000000000e+00
1.000040001600064482e-03 9.999999998766101461e-01 -1.570921997976653775e-05 0.000000000000000000e+00 1.570921997976653775e-05 9.999999998766101461e-01 -0.000000000000000000e+00 0.000000000000000000e+00 0.000000000000000000e+00 1.000000000000000000e+00
2.000080003200124627e-03 9.999999980257632259e-01 -6.283687988029874048e-05 0.000000000000000000e+00 6.283687988029874048e-05 9.999999980257632259e-01 -0.000000000000000000e+00 0.000000000000000000e+00 0.000000000000000000e+00 1.000000000000000000e+00
3.000120004800184773e-03 9.999999900054263868e-01 -1.413829793526922413e-04 0.000000000000000000e+00 1.413829793526922413e-04 9.999999900054263868e-01 -0.000000000000000000e+00 0.000000000000000000e+00 0.000000000000000000e+00 1.000000000000000000e+00
4.000160006400246653e-03 9.999999684122121701e-01 -2.513475170400970610e-04 0.000000000000000000e+00 2.513475170400970610e-04 9.999999684122121701e-01 -0.000000000000000000e+00 0.000000000000000000e+00 0.000000000000000000e+00 1.000000000000000000e+00
5.000200008000328482e-03 9.999999228813782892e-01 -3.927304894147057995e-04 0.000000000000000000e+00 3.927304894147057995e-04 9.999999228813782892e-01 -0.000000000000000000e+00 0.000000000000000000e+00 0.000000000000000000e+00 1.000000000000000000e+00
6.000240009600410311e-03 9.999998400868281845e-01 -5.655318891495254678e-04 0.000000000000000000e+00 5.655318891495254678e-04 9.999998400868281845e-01 -0.000000000000000000e+00 0.000000000000000000e+00 0.000000000000000000e+00 1.000000000000000000e+00
7.000280011200492140e-03 9.999997037411139100e-01 -7.697517030249594787e-04 0.000000000000000000e+00 7.697517030249594787e-04 9.999997037411139100e-01 -0.000000000000000000e+00 0.000000000000000000e+00 0.000000000000000000e+00 1.000000000000000000e+00
8.000320012800573102e-03 9.999994945954372438e-01 -1.005389909370174410e-03 0.000000000000000000e+00 1.005389909370174410e-03 9.999994945954372438e-01 -0.000000000000000000e+00 0.000000000000000000e+00 0.000000000000000000e+00 1.000000000000000000e+00
9.000360014400654932e-03 9.999991904396563491e-01 -1.272446475039266814e-03 0.000000000000000000e+00 1.272446475039266814e-03 9.999991904396563491e-01 -0.000000000000000000e+00 0.000000000000000000e+00 0.000000000000000000e+00 1.000000000000000000e+00
1.000040001600073676e-02 9.999987661022917695e-01 -1.570921351922223864e-03 0.000000000000000000e+00 1.570921351922223864e-03 9.999987661022917695e-01 -0.000000000000000000e+00 0.000000000000000000e+00 0.000000000000000000e+00 1.000000000000000000e+00
1.100044001760081859e-02 9.999981934505377534e-01 -1.900814472990687435e-03 0.000000000000000000e+00 1.900814472990687435e-03 9.999981934505377534e-01 -0.000000000000000000e+00 0.000000000000000000e+00 0.000000000000000000e+00 1.000000000000000000e+00
1.200048001920090042e-02 9.999974413902771309e-01 -2.262125747878518476e-03 0.000000000000000000e+00 2.262125747878518476e-03 9.999974413902771309e-01 -0.000000000000000000e+00 0.000000000000000000e+00 0.000000000000000000e+00 1.000000000000000000e+00
1.300052002080098225e-02 9.999964758661006314e-01 -2.654855057997165899e-03 0.000000000000000000e+00 2.654855057997165899e-03 9.999964758661006314e-01 -0.000000000000000000e+00 0.000000000000000000e+00 0.000000000000000000e+00 1.000000000000000000e+00
1.400056002240106408e-02 9.999952598613340848e-01 -3.079002251185853321e-03 0.000000000000000000e+00 3.079002251185853321e-03 9.999952598613340848e-01 -0.000000000000000000e+00 0.000000000000000000e+00 0.000000000000000000e+00 1.000000000000000000e+00
1.500060002400114591e-02 9.999937533980708393e-01 -3.534567135896579757e-03 0.000000000000000000e+00 3.534567135896579757e-03 9.999937533980708393e-01 -0.000000000000000000e+00 0.000000000000000000e+00 0.000000000000000000e+00 1.000000000000000000e+00
1.600064002560122600e-02 9.999919135372149492e-01 -4.021549474913952912e-03 0.000000000000000000e+00 4.021549474913952912e-03 9.999919135372149492e-01 -0.000000000000000000e+00 0.000000000000000000e+00 0.000000000000000000e+00 1.000000000000000000e+00
1.700068002720130783e-02 9.999896943785329118e-01 -4.539948978609863531e-03 0.000000000000000000e+00 4.539948978609863531e-03 9.999896943785329118e-01 -0.000000000000000000e+00 0.000000000000000000e+00 0.000000000000000000e+00 1.000000000000000000e+00
1.800072002880138966e-02 9.999870470607177264e-01 -5.089765297733014893e-03 0.000000000000000000e+00 5.089765297733014893e-03 9.999870470607177264e-01 -0.000000000000000000e+00 0.000000000000000000e+00 0.000000000000000000e+00 1.000000000000000000e+00
1.900076003040147149e-02 9.999839197614657227e-01 -5.670998015733325244e-03 0.000000000000000000e+00 5.670998015733325244e-03 9.999839197614657227e-01 -0.000000000000000000e+00 0.000000000000000000e+00 0.000000000000000000e+00 1.000000000000000000e+00
2.000080003200155332e-02 9.999802576975685975e-01 -6.283646640621227443e-03 0.000000000000000000e+00 6.283646640621227443e-03 9.999802576975685975e-01 -0.000000000000000000e+00 0.000000000000000000e+00 0.000000000000000000e+00 1.000000000000000000e+00
2.100084003360163515e-02 9.999760031250215508e-01 -6.927710596361897483e-03 0.000000000000000000e+00 6.927710596361897483e-03 9.999760031250215508e-01 -0.000000000000000000e+00 0.000000000000000000e+00 0.000000000000000000e+00 1.000000000000000000e+00
2.200088003520171698e-02 9.999710953391498514e-01 -7.603189213804413191e-03 0.000000000000000000e+00 7.603189213804413191e-03 9.999710953391498514e-01 -0.000000000000000000e+00 0.000000000000000000e+00 0.000000000000000000e+00 1.000000000000000000e+00
2.300092003680179881e-02 9.999654706747568289e-01 -8.310081721145936781e-03 0.000000000000000000e+00 8.310081721145936781e-03 9.999654706747568289e-01 -0.000000000000000000e+00 0.000000000000000000e+00 0.000000000000000000e+00 1.000000000000000000e+00
2.400096003840188064e-02 9.999590625062931837e-01 -9.048387233930893503e-03 0.000000000000000000e+00 9.048387233930893503e-03 9.999590625062931837e-01 -0.000000000000000000e+00 0.000000000000000000e+00 0.000000000000000000e+00 1.000000000000000000e+00
2.500100004000196247e-02 9.999518012480523854e-01 -9.818104744585245264e-03 0.000000000000000000e+00 9.818104744585245264e-03 9.999518012480523854e-01 -0.000000000000000000e+00 0.000000000000000000e+00 0.000000000000000000e+00 1.000000000000000000e+00
2.600104004160204429e-02 9.999436143543914968e-01 -1.061923311148590607e-02 0.000000000000000000e+00 1.061923311148590607e-02 9.999436143543914968e-01 -0.000000000000000000e+00 0.000000000000000000e+00 0.000000000000000000e+00 1.000000000000000000e+00
2.700108004320212612e-02 9.999344263199835270e-01 -1.145177104756532963e-02 0.000000000000000000e+00 1.145177104756532963e-02 9.999344263199835270e-01 -0.000000000000000000e+00 0.000000000000000000e+00 0.000000000000000000e+00 1.000000000000000000e+00
2.800112004480220795e-02 9.999241586800995396e-01 -1.231571710845138362e-02 0.000000000000000000e+00 1.231571710845138362e-02 9.999241586800995396e-01 -0.000000000000000000e+00 0.000000000000000000e+00 0.000000000000000000e+00 1.000000000000000000e+00
2.900116004640228978e-02 9.999127300109278416e-01 -1.321106968014256269e-02 0.000000000000000000e+00 1.321106968014256269e-02 9.999127300109278416e-01 -0.000000000000000000e+00 0.000000000000000000e+00 0.000000000000000000e+00 1.000000000000000000e+00
3.000120004800237161e-02 9.999000559299282553e-01 -1.413782696621864940e-02 0.000000000000000000e+00 1.413782696621864940e-02 9.999000559299282553e-01 -0.000000000000000000e+00 0.000000000000000000e+00 0.000000000000000000e+00 1.000000000000000000e+00
3.100124004960245344e-02 9.998860490962275804e-01 -1.509598697458689950e-02 0.000000000000000000e+00 1.509598697458689950e-02 9.998860490962275804e-01 -0.000000000000000000e+00 0.000000000000000000e+00 0.000000000000000000e+00 1.000000000000000000e+00
3.200128005120240343e-02 9.998706192110579094e-01 -1.608554750376374812e-02 0.000000000000000000e+00 1.608554750376374812e-02 9.998706192110579094e-01 -0.000000000000000000e+00 0.000000000000000000e+00 0.000000000000000000e+00 1.000000000000000000e+00
3.300132005280231179e-02 9.998536730182419063e-01 -1.710650612869277568e-02 0.000000000000000000e+00 1.710650612869277568e-02 9.998536730182419063e-01 -0.000000000000000000e+00 0.000000000000000000e+00 0.000000000000000000e+00 1.000000000000000000e+00
3.400136005440222015e-02 9.998351143047247147e-01 -1.815886018609798314e-02 0.000000000000000000e+00 1.815886018609798314e-02 9.998351143047247147e-01 -0.000000000000000000e+00 0.000000000000000000e+00 0.000000000000000000e+00 1.000000000000000000e+00
3.500140005600212850e-02 9.998148439011618205e-01 -1.924260675937335824e-02 0.000000000000000000e+00 1.924260675937335824e-02 9.998148439011618205e-01 -0.000000000000000000e+00 0.000000000000000000e+00 0.000000000000000000e+00 1.000000000000000000e+00
3.600144005760203686e-02 9.997927596825589847e-01 -2.035774266300877100e-02 0.000000000000000000e+00 2.035774266300877100e-02 9.997927596825589847e-01 -0.000000000000000000e+00 0.000000000000000000e+00 0.000000000000000000e+00 1.000000000000000000e+00
3.700148005920194522e-02 9.997687565689743483e-01 -2.150426442655215334e-02 0.000000000000000000e+00 2.150426442655215334e-02 9.997687565689743483e-01 -0.000000000000000000e+00 0.000000000000000000e+00 0.000000000000000000e+00 1.000000000000000000e+00
3.800152006080185357e-02 9.997427265262818219e-01 -2.268216827810836181e-02 0.000000000000000000e+00 2.268216827810836181e-02 9.997427265262818219e-01 -0.000000000000000000e+00 0.000000000000000000e+00 0.000000000000000000e+00 1.000000000000000000e+00
3.900156006240176193e-02 9.997145585669999779e-01 -2.389145012737481366e-02 0.000000000000000000e+00 2.389145012737481366e-02 9.997145585669999779e-01 -0.000000000000000000e+00 0.000000000000000000e+00 0.000000000000000000e+00 1.000000000000000000e+00
4.000160006400167029e-02 9.996841387511926635e-01 -2.513210554821421541e-02 0.000000000000000000e+00 2.513210554821421541e-02 9.996841387511926635e-01 -0.000000000000000000e+00 0.000000000000000000e+00 0.000000000000000000e+00 1.000000000000000000e+00
4.100164006560157864e-02 9.996513501874426666e-01 -2.640412976076458515e-02 0.000000000000000000e+00 2.640412976076458515e-02 9.996513501874426666e-01 -0.000000000000000000e+00 0.000000000000000000e+00 0.000000000000000000e+00 1.000000000000000000e+00
4.200168006720148700e-02 9.996160730339027634e-01 -2.770751761308684266e-02 0.000000000000000000e+00 2.770751761308684266e-02 9.996160730339027634e-01 -0.000000000000000000e+00 0.000000000000000000e+00 0.000000000000000000e+00 1.000000000000000000e+00
4.300172006880139536e-02 9.995781844994293674e-01 -2.904226356235033515e-02 0.000000000000000000e+00 2.904226356235033515e-02 9.995781844994293674e-01 -0.000000000000000000e+00 0.000000000000000000e+00 0.000000000000000000e+00 1.000000000000000000e+00
4.400176007040130371e-02 9.995375588448016657e-01 -3.040836165555653794e-02 0.000000000000000000e+00 3.040836165555653794e-02 9.995375588448016657e-01 -0.000000000000000000e+00 0.000000000000000000e+00 0.000000000000000000e+00 1.000000000000000000e+00
4.500180007200121207e-02 9.994940673840305712e-01 -3.180580550980129789e-02 0.000000000000000000e+00 3.180580550980129789e-02 9.994940673840305712e-01 -0.000000000000000000e+00 0.000000000000000000e+00 0.000000000000000000e+00 1.000000000000000000e+00
4.600184007360112043e-02 9.994475784857635992e-01 -3.323458829207600468e-02 0.000000000000000000e+00 3.323458829207600468e-02 9.994475784857635992e-01 -0.000000000000000000e+00 0.000000000000000000e+00 0.000000000000000000e+00 1.000000000000000000e+00
4.700188007520102879e-02 9.993979575747868882e-01 -3.469470269860812361e-02 0.000000000000000000e+00 3.469470269860812361e-02 9.993979575747868882e-01 -0.000000000000000000e+00 0.000000000000000000e+00 0.000000000000000000e+00 1.000000000000000000e+00
4.800192007680093714e-02 9.993450671336321367e-01 -3.618614093374135365e-02 0.000000000000000000e+00 3.618614093374135365e-02 9.993450671336321367e-01 -0.000000000000000000e+00 0.000000000000000000e+00 0.000000000000000000e+00 1.000000000000000000e+00
4.900196007840084550e-02 9.992887667042910094e-01 -3.770889468835615654e-02 0.000000000000000000e+00 3.770889468835615654e-02 9.992887667042910094e-01 -0.000000000000000000e+00 0.000000000000000000e+00 0.000000000000000000e+00 1.000000000000000000e+00
5.000200008000075386e-02 9.992289128900422313e-01 -3.926295511783078201e-02 0.000000000000000000e+00 3.926295511783078201e-02 9.992289128900422313e-01 -0.000000000000000000e+00 0.000000000000000000e+00 0.000000000000000000e+00 1.000000000000000000e+00
5.100204008160066221e-02 9.991653593573973646e-01 -4.084831281954365984e-02 0.000000000000000000e+00 4.084831281954365984e-02 9.991653593573973646e-01 -0.000000000000000000e+00 0.000000000000000000e+00 0.000000000000000000e+00 1.000000000000000000e+00
5.200208008320057057e-02 9.990979568381681553e-01 -4.246495780991740160e-02 0.000000000000000000e+00 4.246495780991740160e-02 9.990979568381681553e-01 -0.000000000000000000e+00 0.000000000000000000e+00 0.000000000000000000e+00 1.000000000000000000e+00
5.300212008480047893e-02 9.990265531316622205e-01 -4.411287950100523797e-02 0.000000000000000000e+00 4.411287950100523797e-02 9.990265531316622205e-01 -0.000000000000000000e+00 0.000000000000000000e+00 0.000000000000000000e+00 1.000000000000000000e+00
5.400216008640038728e-02 9.989509931070114090e-01 -4.579206667662034241e-02 0.000000000000000000e+00 4.579206667662034241e-02 9.989509931070114090e-01 -0.000000000000000000e+00 0.000000000000000000e+00 0.000000000000000000e+00 1.000000000000000000e+00
5.500220008800029564e-02 9.988711187056376062e-01 -4.750250746800879775e-02 0.000000000000000000e+00 4.750250746800879775e-02 9.988711187056376062e-01 -0.000000000000000000e+00 0.000000000000000000e+00 0.000000000000000000e+00 1.000000000000000000e+00
5.600224008960020400e-02 9.987867689438638674e-01 -4.924418932906687862e-02 0.000000000000000000e+00 4.924418932906687862e-02 9.987867689438638674e-01 -0.000000000000000000e+00 0.000000000000000000e+00 0.000000000000000000e+00 1.000000000000000000e+00
5.700228009120011236e-02 9.986977799156717683e-01 -5.101709901110335760e-02 0.000000000000000000e+00 5.101709901110335760e-02 9.986977799156717683e-01 -0.000000000000000000e+00 0.000000000000000000e+00 0.000000000000000000e+00 1.000000000000000000e+00
5.800232009280002071e-02 9.986039847956151849e-01 -5.282122253714765375e-02 0.000000000000000000e+00 5.282122253714765375e-02 9.986039847956151849e-01 -0.000000000000000000e+00 0.000000000000000000e+00 0.000000000000000000e+00 1.000000000000000000e+00
5.900236009439992907e-02 9.985052138418933909e-01 -5.465654517580464944e-02 0.000000000000000000e+00 5.465654517580464944e-02 9.985052138418933909e-01 -0.000000000000000000e+00 0.000000000000000000e+00 0.000000000000000000e+00 1.000000000000000000e+00
6.000240009599983743e-02 9.984012943995896894e-01 -5.652305141465695931e-02 0.000000000000000000e+00 5.652305141465695931e-02 9.984012943995896894e-01 -0.000000000000000000e+00 0.000000000000000000e+00 0.000000000000000000e+00 1.000000000000000000e+00
6.100244009759974578e-02 9.982920509040817958e-01 -5.842072493321573412e-02 0.000000000000000000e+00 5.842072493321573412e-02 9.982920509040817958e-01 -0.000000000000000000e+00 0.000000000000000000e+00 0.000000000000000000e+00 1.000000000000000000e+00
6.200248009919965414e-02 9.981773048846298568e-01 -6.034954857542079026e-02 0.000000000000000000e+00 6.034954857542079026e-02 9.981773048846298568e-01 -0.000000000000000000e+00 0.000000000000000000e+00 0.000000000000000000e+00 1.000000000000000000e+00
6.300252010079973597e-02 9.980568749681478780e-01 -6.230950432169145986e-02 0.000000000000000000e+00 6.230950432169145986e-02 9.980568749681478780e-01 -0.000000000000000000e+00 0.000000000000000000e+00 0.000000000000000000e+00 1.000000000000000000e+00
6.400256010239999127e-02 9.979305768831654433e-01 -6.430057326052805722e-02 0.000000000000000000e+00 6.430057326052805722e-02 9.979305768831654433e-01 -0.000000000000000000e+00 0.000000000000000000e+00 0.000000000000000000e+00 1.000000000000000000e+00
6.500260010400024657e-02 9.977982234639840575e-01 -6.632273555966643197e-02 0.000000000000000000e+00 6.632273555966643197e-02 9.977982234639840575e-01 -0.000000000000000000e+00 0.000000000000000000e+00 0.000000000000000000e+00 1.000000000000000000e+00
6.600264010560050187e-02 9.976596246550362146e-01 -6.837597043678705910e-02 0.000000000000000000e+00 6.837597043678705910e-02 9.976596246550362146e-01 -0.000000000000000000e+00 0.000000000000000000e+00 0.000000000000000000e+00 1.000000000000000000e+00
6.700268010720075718e-02 9.975145875154538544e-01 -7.046025612977817321e-02 0.000000000000000000e+00 7.046025612977817321e-02 9.975145875154538544e-01 -0.000000000000000000e+00 0.000000000000000000e+00 0.000000000000000000e+00 1.000000000000000000e+00
6.800272010880101248e-02 9.973629162238512036e-01 -7.257556986655537556e-02 0.000000000000000000e+00 7.257556986655537556e-02 9.973629162238512036e-01 -0.000000000000000000e+00 0.000000000000000000e+00 0.000000000000000000e+00 1.000000000000000000e+00
6.900276011040126778e-02 9.972044120833287728e-01 -7.472188783443914351e-02 0.000000000000000000e+00 7.472188783443914351e-02 9.972044120833287728e-01 -0.000000000000000000e+00 0.000000000000000000e+00 0.000000000000000000e+00 1.000000000000000000e+00
7.000280011200152308e-02 9.970388735267075031e-01 -7.689918514909106773e-02 0.000000000000000000e+00 7.689918514909106773e-02 9.970388735267075031e-01 -0.000000000000000000e+00 0.000000000000000000e+00 0.000000000000000000e+00 1.000000000000000000e+00
7.100284011360177838e-02 9.968660961219957262e-01 -7.910743582301096866e-02 0.000000000000000000e+00 7.910743582301096866e-02 9.968660961219957262e-01 -0.000000000000000000e+00 0.000000000000000000e+00 0.000000000000000000e+00 1.000000000000000000e+00
7.200288011520203368e-02 9.966858725781009287e-01 -8.134661273359582168e-02 0.000000000000000000e+00 8.134661273359582168e-02 9.966858725781009287e-01 -0.000000000000000000e+00 0.000000000000000000e+00 0.000000000000000000e+00 1.000000000000000000e+00
7.300292011680228899e-02 9.964979927507875423e-01 -8.361668759076251733e-02 0.000000000000000000e+00 8.361668759076251733e-02 9.964979927507875423e-01 -0.000000000000000000e+00 0.000000000000000000e+00 0.000000000000000000e+00 1.000000000000000000e+00
7.400296011840254429e-02 9.963022436488941924e-01 -8.591763090413602477e-02 0.000000000000000000e+00 8.591763090413602477e-02 9.963022436488941924e-01 -0.000000000000000000e+00 0.000000000000000000e+00 0.000000000000000000e+00 1.000000000000000000e+00
7.500300012000279959e-02 9.960984094408109613e-01 -8.824941194980454040e-02 0.000000000000000000e+00 8.824941194980454040e-02 9.960984094408109613e-01 -0.000000000000000000e+00 0.000000000000000000e+00 0.000000000000000000e+00 1.000000000000000000e+00
7.600304012160305489e-02 9.958862714612297662e-01 -9.061199873664382842e-02 0.000000000000000000e+00 9.061199873664382842e-02 9.958862714612297662e-01 -0.000000000000000000e+00 0.000000000000000000e+00 0.000000000000000000e+00 1.000000000000000000e+00
7.700308012320331019e-02 9.956656082181710721e-01 -9.300535797221218259e-02 0.000000000000000000e+00 9.300535797221218259e-02 9.956656082181710721e-01 -0.000000000000000000e+00 0.000000000000000000e+00 0.000000000000000000e+00 1.000000000000000000e+00
7.800312012480356549e-02 9.954361954002963753e-01 -9.542945502821836845e-02 0.000000000000000000e+00 9.542945502821836845e-02 9.954361954002963753e-01 -0.000000000000000000e+00 0.000000000000000000e+00 0.000000000000000000e+00 1.000000000000000000e+00
7.900316012640382080e-02 9.951978058845138975e-01 -9.788425390556459993e-02 0.000000000000000000e+00 9.788425390556459993e-02 9.951978058845138975e-01 -0.000000000000000000e+00 0.000000000000000000e+00 0.000000000000000000e+00 1.000000000000000000e+00
8.000320012800407610e-02 9.949502097438842618e-01 -1.003697171989662851e-01 0.000000000000000000e+00 1.003697171989662851e-01 9.949502097438842618e-01 -0.000000000000000000e+00 0.000000000000000000e+00 0.000000000000000000e+00 1.000000000000000000e+00
8.100324012960433140e-02 9.946931742558340339e-01 -1.028858060611513303e-01 0.000000000000000000e+00 1.028858060611513303e-01 9.946931742558340339e-01 -0.000000000000000000e+00 0.000000000000000000e+00 0.000000000000000000e+00 1.000000000000000000e+00
8.200328013120458670e-02 9.944264639106858983e-01 -1.054324801666410016e-01 0.000000000000000000e+00 1.054324801666410016e-01 9.944264639106858983e-01 -0.000000000000000000e+00 0.000000000000000000e+00 0.000000000000000000e+00 1.000000000000000000e+00
8.300332013280484200e-02 9.941498404205122430e-01 -1.080096976751146881e-01 0.000000000000000000e+00 1.080096976751146881e-01 9.941498404205122430e-01 -0.000000000000000000e+00 0.000000000000000000e+00 0.000000000000000000e+00 1.000000000000000000e+00
8.400336013440509730e-02 9.938630627283208119e-01 -1.106174151943613432e-01 0.000000000000000000e+00 1.106174151943613432e-01 9.938630627283208119e-01 -0.000000000000000000e+00 0.000000000000000000e+00 0.000000000000000000e+00 1.000000000000000000e+00
8.500340013600535261e-02 9.935658870175789747e-01 -1.132555877428198937e-01 0.000000000000000000e+00 1.132555877428198937e-01 9.935658870175789747e-01 -0.000000000000000000e+00 0.000000000000000000e+00 0.000000000000000000e+00 1.000000000000000000e+00
8.600344013760560791e-02 9.932580667220871629e-01 -1.159241687117115727e-01 0.000000000000000000e+00 1.159241687117115727e-01 9.932580667220871629e-01 -0.000000000000000000e+00 0.000000000000000000e+00 0.000000000000000000e+00 1.000000000000000000e+00
8.700348013920586321e-02 9.929393525362093520e-01 -1.186231098267667983e-01 0.000000000000000000e+00 1.186231098267667983e-01 9.929393525362093520e-01 -0.000000000000000000e+00 0.000000000000000000e+00 0.000000000000000000e+00 1.000000000000000000e+00
8.800352014080611851e-02 9.926094924254640350e-01 -1.213523611095494448e-01 0.000000000000000000e+00 1.213523611095494448e-01 9.926094924254640350e-01 -0.000000000000000000e+00 0.000000000000000000e+00 0.000000000000000000e+00 1.000000000000000000e+00
8.900356014240637381e-02 9.922682316374925593e-01 -1.241118708383816827e-01 0.000000000000000000e+00 1.241118708383816827e-01 9.922682316374925593e-01 -0.000000000000000000e+00 0.000000000000000000e+00 0.000000000000000000e+00 1.000000000000000000e+00
9.000360014400662911e-02 9.919153127134061609e-01 -1.269015855088722888e-01 0.000000000000000000e+00 1.269015855088722888e-01 9.919153127134061609e-01 -0.000000000000000000e+00 0.000000000000000000e+00 0.000000000000000000e+00 1.000000000000000000e+00
9.100364014560688442e-02 9.915504754995224657e-01 -1.297214497940517297e-01 0.000000000000000000e+00 1.297214497940517297e-01 9.915504754995224657e-01 -0.000000000000000000e+00 0.000000000000000000e+00 0.000000000000000000e+00 1.000000000000000000e+00
9.200368014720713972e-02 9.911734571595023358e-01 -1.325714065041172784e-01 0.000000000000000000e+00 1.325714065041172784e-01 9.911734571595023358e-01 -0.000000000000000000e+00 0.000000000000000000e+00 0.000000000000000000e+00 1.000000000000000000e+00
9.300372014880739502e-02 9.907839921868916155e-01 -1.354513965457917191e-01 0.000000000000000000e+00 1.354513965457917191e-01 9.907839921868916155e-01 -0.000000000000000000e+00 0.000000000000000000e+00 0.000000000000000000e+00 1.000000000000000000e+00
9.400376015040765032e-02 9.903818124180796545e-01 -1.383613588812988571e-01 0.000000000000000000e+00 1.383613588812988571e-01 9.903818124180796545e-01 -0.000000000000000000e+00 0.000000000000000000e+00 0.000000000000000000e+00 1.000000000000000000e+00
9.500380015200790562e-02 9.899666470456824907e-01 -1.413012304869599167e-01 0.000000000000000000e+00 1.413012304869599167e-01 9.899666470456824907e-01 -0.000000000000000000e+00 0.000000000000000000e+00 0.000000000000000000e+00 1.000000000000000000e+00
9.600384015360816092e-02 9.895382226323594654e-01 -1.442709463114140445e-01 0.000000000000000000e+00 1.442709463114140445e-01 9.895382226323594654e-01 -0.000000000000000000e+00 0.000000000000000000e+00 0.000000000000000000e+00 1.000000000000000000e+00
9.700388015520841622e-02 9.890962631250719284e-01 -1.472704392334676926e-01 0.000000000000000000e+00 1.472704392334676926e-01 9.890962631250719284e-01 -0.000000000000000000e+00 0.000000000000000000e+00 0.000000000000000000e+00 1.000000000000000000e+00
9.800392015680867153e-02 9.886404898697938037e-01 -1.502996400195757143e-01 0.000000000000000000e+00 1.502996400195757143e-01 9.886404898697938037e-01 -0.000000000000000000e+00 0.000000000000000000e+00 0.000000000000000000e+00 1.000000000000000000e+00
9.900396015840892683e-02 9.881706216266832321e-01 -1.533584772809593044e-01 0.000000000000000000e+00 1.533584772809593044e-01 9.881706216266832321e-01 -0.000000000000000000e+00 0.000000000000000000e+00 0.000000000000000000e+00 1.000000000000000000e+00
1.000040001600091821e-01 9.876863745857226151e-01 -1.564468774303647003e-01 0.000000000000000000e+00 1.564468774303647003e-01 9.876863745857226151e-01 -0.000000000000000000e+00 0.000000000000000000e+00 0.000000000000000000e+00 1.000000000000000000e+00
1.010040401616094374e-01 9.871874623828398310e-01 -1.595647646384667218e-01 0.000000000000000000e+00 1.595647646384667218e-01 9.871874623828398310e-01 -0.000000000000000000e+00 0.000000000000000000e+00 0.000000000000000000e+00 1.000000000000000000e+00
1.020040801632096927e-01 9.866735961165153945e-01 -1.627120607899225357e-01 0.000000000000000000e+00 1.627120607899225357e-01 9.866735961165153945e-01 -0.000000000000000000e+00 0.000000000000000000e+00 0.000000000000000000e+00 1.000000000000000000e+00
1.030041201648099480e-01 9.861444843648897729e-01 -1.658886854390791976e-01 0.000000000000000000e+00 1.658886854390791976e-01 9.861444843648897729e-01 -0.000000000000000000e+00 0.000000000000000000e+00 0.000000000000000000e+00 1.000000000000000000e+00
1.040041601664102033e-01 9.855998332033757414e-01 -1.690945557653407982e-01 0.000000000000000000e+00 1.690945557653407982e-01 9.855998332033757414e-01 -0.000000000000000000e+00 0.000000000000000000e+00 0.000000000000000000e+00 1.000000000000000000e+00
1.050042001680104586e-01 9.850393462227891028e-01 -1.723295865281994910e-01 0.000000000000000000e+00 1.723295865281994910e-01 9.850393462227891028e-01 -0.000000000000000000e+00 0.000000000000000000e+00 0.000000000000000000e+00 1.000000000000000000e+00
1.060042401696107139e-01 9.844627245480046529e-01 -1.755936900219358665e-01 0.000000000000000000e+00 1.755936900219358665e-01 9.844627245480046529e-01 -0.000000000000000000e+00 0.000000000000000000e+00 0.000000000000000000e+00 1.000000000000000000e+00
1.070042801712109692e-01 9.838696668571477177e-01 -1.788867760299937826e-01 0.000000000000000000e+00 1.788867760299937826e-01 9.838696668571477177e-01 -0.000000000000000000e+00 0.000000000000000000e+00 0.000000000000000000e+00 1.000000000000000000e+00
1.080043201728112245e-01 9.832598694013328089e-01 -1.822087517790350608e-01 0.000000000000000000e+00 1.822087517790350608e-01 9.832598694013328089e-01 -0.000000000000000000e+00 0.000000000000000000e+00 0.000000000000000000e+00 1.000000000000000000e+00
1.090043601744114798e-01 9.826330260249552806e-01 -1.855595218926792966e-01 0.000000000000000000e+00 1.855595218926792966e-01 9.826330260249552806e-01 -0.000000000000000000e+00 0.000000000000000000e+00 0.000000000000000000e+00 1.000000000000000000e+00
1.100044001760117351e-01 9.819888281865494228e-01 -1.889389883449354435e-01 0.000000000000000000e+00 1.889389883449354435e-01 9.819888281865494228e-01 -0.000000000000000000e+00 0.000000000000000000e+00 0.000000000000000000e+00 1.000000000000000000e+00
1.110044401776119904e-01 9.813269649802212058e-01 -1.923470504133297232e-01 0.000000000000000000e+00 1.923470504133297232e-01 9.813269649802212058e-01 -0.000000000000000000e+00 0.000000000000000000e+00 0.000000000000000000e+00 1.000000000000000000e+00
1.120044801792122457e-01 9.806471231576647796e-01 -1.957836046317366629e-01 0.000000000000000000e+00 1.957836046317366629e-01 9.806471231576647796e-01 -0.000000000000000000e+00 0.000000000000000000e+00 0.000000000000000000e+00 1.000000000000000000e+00
1.130045201808125011e-01 9.799489871507744976e-01 -1.992485447429196421e-01 0.000000000000000000e+00 1.992485447429196421e-01 9.799489871507744976e-01 -0.000000000000000000e+00 0.000000000000000000e+00 0.000000000000000000e+00 1.000000000000000000e+00
1.140045601824127564e-01 9.792322390948614563e-01 -2.027417616507863896e-01 0.000000000000000000e+00 2.027417616507863896e-01 9.792322390948614563e-01 -0.000000000000000000e+00 0.000000000000000000e+00 0.000000000000000000e+00 1.000000000000000000e+00
1.150046001840130117e-01 9.784965588524829894e-01 -2.062631433723670082e-01 0.000000000000000000e+00 2.062631433723670082e-01 9.784965588524829894e-01 -0.000000000000000000e+00 0.000000000000000000e+00 0.000000000000000000e+00 1.000000000000000000e+00
1.160046401856132670e-01 9.777416240378984380e-01 -2.098125749895203285e-01 0.000000000000000000e+00 2.098125749895203285e-01 9.777416240378984380e-01 -0.000000000000000000e+00 0.000000000000000000e+00 0.000000000000000000e+00 1.000000000000000000e+00
1.170046801872135223e-01 9.769671100421590815e-01 -2.133899386003760279e-01 0.000000000000000000e+00 2.133899386003760279e-01 9.769671100421590815e-01 -0.000000000000000000e+00 0.000000000000000000e+00 0.000000000000000000e+00 1.000000000000000000e+00
1.180047201888137776e-01 9.761726900588414413e-01 -2.169951132705191799e-01 0.000000000000000000e+00 2.169951132705191799e-01 9.761726900588414413e-01 -0.000000000000000000e+00 0.000000000000000000e+00 0.000000000000000000e+00 1.000000000000000000e+00
1.190047601904140329e-01 9.753580351104372825e-01 -2.206279749839248072e-01 0.000000000000000000e+00 2.206279749839248072e-01 9.753580351104372825e-01 -0.000000000000000000e+00 0.000000000000000000e+00 0.000000000000000000e+00 1.000000000000000000e+00
1.200048001920142882e-01 9.745228140754069734e-01 -2.242883965936493806e-01 0.000000000000000000e+00 2.242883965936493806e-01 9.745228140754069734e-01 -0.000000000000000000e+00 0.000000000000000000e+00 0.000000000000000000e+00 1.000000000000000000e+00
1.210048401936145435e-01 9.736666937159086377e-01 -2.279762477722871994e-01 0.000000000000000000e+00 2.279762477722871994e-01 9.736666937159086377e-01 -0.000000000000000000e+00 0.000000000000000000e+00 0.000000000000000000e+00 1.000000000000000000e+00
1.220048801952147988e-01 9.727893387062127584e-01 -2.316913949621992874e-01 0.000000000000000000e+00 2.316913949621992874e-01 9.727893387062127584e-01 -0.000000000000000000e+00 0.000000000000000000e+00 0.000000000000000000e+00 1.000000000000000000e+00
1.230049201968150541e-01 9.718904116618112266e-01 -2.354337013255227429e-01 0.000000000000000000e+00 2.354337013255227429e-01 9.718904116618112266e-01 -0.000000000000000000e+00 0.000000000000000000e+00 0.000000000000000000e+00 1.000000000000000000e+00
1.240049601984153094e-01 9.709695731692342680e-01 -2.392030266939687011e-01 0.000000000000000000e+00 2.392030266939687011e-01 9.709695731692342680e-01 -0.000000000000000000e+00 0.000000000000000000e+00 0.000000000000000000e+00 1.000000000000000000e+00
1.250050002000155647e-01 9.700264818165805769e-01 -2.429992275184171269e-01 0.000000000000000000e+00 2.429992275184171269e-01 9.700264818165805769e-01 -0.000000000000000000e+00 0.000000000000000000e+00 0.000000000000000000e+00 1.000000000000000000e+00
1.260050402016158200e-01 9.690607942247764228e-01 -2.468221568183172621e-01 0.000000000000000000e+00 2.468221568183172621e-01 9.690607942247764228e-01 -0.000000000000000000e+00 0.000000000000000000e+00 0.000000000000000000e+00 1.000000000000000000e+00
1.270050802032160753e-01 9.680721650795691691e-01 -2.506716641309022497e-01 0.000000000000000000e+00 2.506716641309022497e-01 9.680721650795691691e-01 -0.000000000000000000e+00 0.000000000000000000e+00 0.000000000000000000e+00 1.000000000000000000e+00
1.280051202048163306e-01 9.670602471642690823e-01 -2.545475954602266500e-01 0.000000000000000000e+00 2.545475954602266500e-01 9.670602471642690823e-01 -0.000000000000000000e+00 0.000000000000000000e+00 0.000000000000000000e+00 1.000000000000000000e+00
1.290051602064165859e-01 9.660246913932476476e-01 -2.584497932260364506e-01 0.000000000000000000e+00 2.584497932260364506e-01 9.660246913932476476e-01 -0.000000000000000000e+00 0.000000000000000000e+00 0.000000000000000000e+00 1.000000000000000000e+00
1.300052002080168412e-01 9.649651468462031589e-01 -2.623780962124809824e-01 0.000000000000000000e+00 2.623780962124809824e-01 9.649651468462031589e-01 -0.000000000000000000e+00 0.000000000000000000e+00 0.000000000000000000e+00 1.000000000000000000e+00
1.310052402096170965e-01 9.638812608032043538e-01 -2.663323395166751206e-01 0.000000000000000000e+00 2.663323395166751206e-01 9.638812608032043538e-01 -0.000000000000000000e+00 0.000000000000000000e+00 0.000000000000000000e+00 1.000000000000000000e+00
1.320052802112173518e-01 9.627726787805218622e-01 -2.703123544971234860e-01 0.000000000000000000e+00 2.703123544971234860e-01 9.627726787805218622e-01 -0.000000000000000000e+00 0.000000000000000000e+00 0.000000000000000000e+00 1.000000000000000000e+00
1.330053202128176071e-01 9.616390445672576837e-01 -2.743179687220145824e-01 0.000000000000000000e+00 2.743179687220145824e-01 9.616390445672576837e-01 -0.000000000000000000e+00 0.000000000000000000e+00 0.000000000000000000e+00 1.000000000000000000e+00
1.340053602144178624e-01 9.604800002627837952e-01 -2.783490059173971964e-01 0.000000000000000000e+00 2.783490059173971964e-01 9.604800002627837952e-01 -0.000000000000000000e+00 0.000000000000000000e+00 0.000000000000000000e+00 1.000000000000000000e+00
1.350054002160181177e-01 9.592951863149986602e-01 -2.824052859152468842e-01 0.000000000000000000e+00 2.824052859152468842e-01 9.592951863149986602e-01 -0.000000000000000000e+00 0.000000000000000000e+00 0.000000000000000000e+00 1.000000000000000000e+00
1.360054402176183730e-01 9.580842415594132966e-01 -2.864866246014360351e-01 0.000000000000000000e+00 2.864866246014360351e-01 9.580842415594132966e-01 -0.000000000000000000e+00 0.000000000000000000e+00 0.000000000000000000e+00 1.000000000000000000e+00
1.370054802192186283e-01 9.568468032590762284e-01 -2.905928338636161179e-01 0.000000000000000000e+00 2.905928338636161179e-01 9.568468032590762284e-01 -0.000000000000000000e+00 0.000000000000000000e+00 0.000000000000000000e+00 1.000000000000000000e+00
1.380055202208188836e-01 9.555825071453474262e-01 -2.947237215390244303e-01 0.000000000000000000e+00 2.947237215390244303e-01 9.555825071453474262e-01 -0.000000000000000000e+00 0.000000000000000000e+00 0.000000000000000000e+00 1.000000000000000000e+00
1.390055602224191389e-01 9.542909874595328912e-01 -2.988790913622260681e-01 0.000000000000000000e+00 2.988790913622260681e-01 9.542909874595328912e-01 -0.000000000000000000e+00 0.000000000000000000e+00 0.000000000000000000e+00 1.000000000000000000e+00
1.400056002240193942e-01 9.529718769953874347e-01 -3.030587429128032695e-01 0.000000000000000000e+00 3.030587429128032695e-01 9.529718769953874347e-01 -0.000000000000000000e+00 0.000000000000000000e+00 0.000000000000000000e+00 1.000000000000000000e+00
1.410056402256196495e-01 9.516248071424971977e-01 -3.072624715630031811e-01 0.000000000000000000e+00 3.072624715630031811e-01 9.516248071424971977e-01 -0.000000000000000000e+00 0.000000000000000000e+00 0.000000000000000000e+00 1.000000000000000000e+00
1.420056802272199048e-01 9.502494079305532360e-01 -3.114900684253566476e-01 0.000000000000000000e+00 3.114900684253566476e-01 9.502494079305532360e-01 -0.000000000000000000e+00 0.000000000000000000e+00 0.000000000000000000e+00 1.000000000000000000e+00
1.430057202288201601e-01 9.488453080745227197e-01 -3.157413203002803481e-01 0.000000000000000000e+00 3.157413203002803481e-01 9.488453080745227197e-01 -0.000000000000000000e+00 0.000000000000000000e+00 0.000000000000000000e+00 1.000000000000000000e+00
1.440057602304204154e-01 9.474121350207316272e-01 -3.200160096236739360e-01 0.000000000000000000e+00 3.200160096236739360e-01 9.474121350207316272e-01 -0.000000000000000000e+00 0.000000000000000000e+00 0.000000000000000000e+00 1.000000000000000000e+00
1.450058002320206707e-01 9.459495149938643710e-01 -3.243139144145263386e-01 0.000000000000000000e+00 3.243139144145263386e-01 9.459495149938643710e-01 -0.000000000000000000e+00 0.000000000000000000e+00 0.000000000000000000e+00 1.000000000000000000e+00
1.460058402336209260e-01 9.444570730448964557e-01 -3.286348082225427070e-01 0.000000000000000000e+00 3.286348082225427070e-01 9.444570730448964557e-01 -0.000000000000000000e+00 0.000000000000000000e+00 0.000000000000000000e+00 1.000000000000000000e+00
1.470058802352211813e-01 9.429344330999609447e-01 -3.329784600758063928e-01 0.000000000000000000e+00 3.329784600758063928e-01 9.429344330999609447e-01 -0.000000000000000000e+00 0.000000000000000000e+00 0.000000000000000000e+00 1.000000000000000000e+00
1.480059202368214366e-01 9.413812180101690519e-01 -3.373446344284888321e-01 0.000000000000000000e+00 3.373446344284888321e-01 9.413812180101690519e-01 -0.000000000000000000e+00 0.000000000000000000e+00 0.000000000000000000e+00 1.000000000000000000e+00
1.490059602384216919e-01 9.397970496023844156e-01 -3.417330911086216561e-01 0.000000000000000000e+00 3.417330911086216561e-01 9.397970496023844156e-01 -0.000000000000000000e+00 0.000000000000000000e+00 0.000000000000000000e+00 1.000000000000000000e+00
1.500060002400219472e-01 9.381815487309681512e-01 -3.461435852659441870e-01 0.000000000000000000e+00 3.461435852659441870e-01 9.381815487309681512e-01 -0.000000000000000000e+00 0.000000000000000000e+00 0.000000000000000000e+00 1.000000000000000000e+00
1.510060402416222025e-01 9.365343353304997898e-01 -3.505758673198412501e-01 0.000000000000000000e+00 3.505758673198412501e-01 9.365343353304997898e-01 -0.000000000000000000e+00 0.000000000000000000e+00 0.000000000000000000e+00 1.000000000000000000e+00
1.520060802432224578e-01 9.348550284694847612e-01 -3.550296829073856797e-01 0.000000000000000000e+00 3.550296829073856797e-01 9.348550284694847612e-01 -0.000000000000000000e+00 0.000000000000000000e+00 0.000000000000000000e+00 1.000000000000000000e+00
1.530061202448227131e-01 9.331432464050581910e-01 -3.595047728315005631e-01 0.000000000000000000e+00 3.595047728315005631e-01 9.331432464050581910e-01 -0.000000000000000000e+00 0.000000000000000000e+00 0.000000000000000000e+00 1.000000000000000000e+00
1.540061602464229684e-01 9.313986066386936713e-01 -3.640008730092552658e-01 0.000000000000000000e+00 3.640008730092552658e-01 9.313986066386936713e-01 -0.000000000000000000e+00 0.000000000000000000e+00 0.000000000000000000e+00 1.000000000000000000e+00
1.550062002480232237e-01 9.296207259729258876e-01 -3.685177144203116151e-01 0.000000000000000000e+00 3.685177144203116151e-01 9.296207259729258876e-01 -0.000000000000000000e+00 0.000000000000000000e+00 0.000000000000000000e+00 1.000000000000000000e+00
1.560062402496234790e-01 9.278092205690962047e-01 -3.730550230555356728e-01 0.000000000000000000e+00 3.730550230555356728e-01 9.278092205690962047e-01 -0.000000000000000000e+00 0.000000000000000000e+00 0.000000000000000000e+00 1.000000000000000000e+00
1.570062802512237343e-01 9.259637060061307601e-01 -3.776125198657903081e-01 0.000000000000000000e+00 3.776125198657903081e-01 9.259637060061307601e-01 -0.000000000000000000e+00 0.000000000000000000e+00 0.000000000000000000e+00 1.000000000000000000e+00
1.580063202528239896e-01 9.240837973403583927e-01 -3.821899207109253904e-01 0.000000000000000000e+00 3.821899207109253904e-01 9.240837973403583927e-01 -0.000000000000000000e+00 0.000000000000000000e+00 0.000000000000000000e+00 1.000000000000000000e+00
1.590063602544242449e-01 9.221691091663783979e-01 -3.867869363089811996e-01 0.000000000000000000e+00 3.867869363089811996e-01 9.221691091663783979e-01 -0.000000000000000000e+00 0.000000000000000000e+00 0.000000000000000000e+00 1.000000000000000000e+00
1.600064002560245002e-01 9.202192556789861033e-01 -3.914032721856227637e-01 0.000000000000000000e+00 3.914032721856227637e-01 9.202192556789861033e-01 -0.000000000000000000e+00 0.000000000000000000e+00 0.000000000000000000e+00 1.000000000000000000e+00
1.610064402576247555e-01 9.182338507361634816e-01 -3.960386286238211095e-01 0.000000000000000000e+00 3.960386286238211095e-01 9.182338507361634816e-01 -0.000000000000000000e+00 0.000000000000000000e+00 0.000000000000000000e+00 1.000000000000000000e+00
1.620064802592250108e-01 9.162125079231455693e-01 -4.006927006137992464e-01 0.000000000000000000e+00 4.006927006137992464e-01 9.162125079231455693e-01 -0.000000000000000000e+00 0.000000000000000000e+00 0.000000000000000000e+00 1.000000000000000000e+00
1.630065202608252661e-01 9.141548406175684649e-01 -4.053651778032593689e-01 0.000000000000000000e+00 4.053651778032593689e-01 9.141548406175684649e-01 -0.000000000000000000e+00 0.000000000000000000e+00 0.000000000000000000e+00 1.000000000000000000e+00
1.640065602624255214e-01 9.120604620557066777e-01 -4.100557444479112634e-01 0.000000000000000000e+00 4.100557444479112634e-01 9.120604620557066777e-01 -0.000000000000000000e+00 0.000000000000000000e+00 0.000000000000000000e+00 1.000000000000000000e+00
1.650066002640257767e-01 9.099289853998111521e-01 -4.147640793623166289e-01 0.000000000000000000e+00 4.147640793623166289e-01 9.099289853998111521e-01 -0.000000000000000000e+00 0.000000000000000000e+00 0.000000000000000000e+00 1.000000000000000000e+00
1.660066402656260320e-01 9.077600238065499649e-01 -4.194898558710709602e-01 0.000000000000000000e+00 4.194898558710709602e-01 9.077600238065499649e-01 -0.000000000000000000e+00 0.000000000000000000e+00 0.000000000000000000e+00 1.000000000000000000e+00
1.670066802672262873e-01 9.055531904965632428e-01 -4.242327417603394268e-01 0.000000000000000000e+00 4.242327417603394268e-01 9.055531904965632428e-01 -0.000000000000000000e+00 0.000000000000000000e+00 0.000000000000000000e+00 1.000000000000000000e+00
1.680067202688265426e-01 9.033080988251398491e-01 -4.289923992297663968e-01 0.000000000000000000e+00 4.289923992297663968e-01 9.033080988251398491e-01 -0.000000000000000000e+00 0.000000000000000000e+00 0.000000000000000000e+00 1.000000000000000000e+00
1.690067602704267979e-01 9.010243623540187263e-01 -4.337684848447774799e-01 0.000000000000000000e+00 4.337684848447774799e-01 9.010243623540187263e-01 -0.000000000000000000e+00 0.000000000000000000e+00 0.000000000000000000e+00 1.000000000000000000e+00
1.700068002720270532e-01 8.987015949243265522e-01 -4.385606494892944629e-01 0.000000000000000000e+00 4.385606494892944629e-01 8.987015949243265522e-01 -0.000000000000000000e+00 0.000000000000000000e+00 0.000000000000000000e+00 1.000000000000000000e+00
1.710068402736273085e-01 8.963394107306555947e-01 -4.433685383188811224e-01 0.000000000000000000e+00 4.433685383188811224e-01 8.963394107306555947e-01 -0.000000000000000000e+00 0.000000000000000000e+00 0.000000000000000000e+00 1.000000000000000000e+00
1.720068802752275638e-01 8.939374243962893152e-01 -4.481917907143421198e-01 0.000000000000000000e+00 4.481917907143421198e-01 8.939374243962893152e-01 -0.000000000000000000e+00 0.000000000000000000e+00 0.000000000000000000e+00 1.000000000000000000e+00
1.730069202768278191e-01 8.914952510495811611e-01 -4.530300402357930190e-01 0.000000000000000000e+00 4.530300402357930190e-01 8.914952510495811611e-01 -0.000000000000000000e+00 0.000000000000000000e+00 0.000000000000000000e+00 1.000000000000000000e+00
1.740069602784280745e-01 8.890125064014939849e-01 -4.578829145772241316e-01 0.000000000000000000e+00 4.578829145772241316e-01 8.890125064014939849e-01 -0.000000000000000000e+00 0.000000000000000000e+00 0.000000000000000000e+00 1.000000000000000000e+00
1.750070002800283298e-01 8.864888068243044206e-01 -4.627500355215771743e-01 0.000000000000000000e+00 4.627500355215771743e-01 8.864888068243044206e-01 -0.000000000000000000e+00 0.000000000000000000e+00 0.000000000000000000e+00 1.000000000000000000e+00
1.760070402816285851e-01 8.839237694314789895e-01 -4.676310188963574421e-01 0.000000000000000000e+00 4.676310188963574421e-01 8.839237694314789895e-01 -0.000000000000000000e+00 0.000000000000000000e+00 0.000000000000000000e+00 1.000000000000000000e+00
1.770070802832288404e-01 8.813170121587264871e-01 -4.725254745298026471e-01 0.000000000000000000e+00 4.725254745298026471e-01 8.813170121587264871e-01 -0.000000000000000000e+00 0.000000000000000000e+00 0.000000000000000000e+00 1.000000000000000000e+00
1.780071202848290957e-01 8.786681538462324248e-01 -4.774330062076284076e-01 0.000000000000000000e+00 4.774330062076284076e-01 8.786681538462324248e-01 -0.000000000000000000e+00 0.000000000000000000e+00 0.000000000000000000e+00 1.000000000000000000e+00
1.790071602864293510e-01 8.759768143220810765e-01 -4.823532116303757555e-01 0.000000000000000000e+00 4.823532116303757555e-01 8.759768143220810765e-01 -0.000000000000000000e+00 0.000000000000000000e+00 0.000000000000000000e+00 1.000000000000000000e+00
1.800072002880296063e-01 8.732426144868670193e-01 -4.872856823713795360e-01 0.000000000000000000e+00 4.872856823713795360e-01 8.732426144868670193e-01 -0.000000000000000000e+00 0.000000000000000000e+00 0.000000000000000000e+00 1.000000000000000000e+00
1.810072402896298616e-01 8.704651763995037150e-01 -4.922300038353827900e-01 0.000000000000000000e+00 4.922300038353827900e-01 8.704651763995037150e-01 -0.000000000000000000e+00 0.000000000000000000e+00 0.000000000000000000e+00 1.000000000000000000e+00
1.820072802912301169e-01 8.676441233642324669e-01 -4.971857552178186590e-01 0.000000000000000000e+00 4.971857552178186590e-01 8.676441233642324669e-01 -0.000000000000000000e+00 0.000000000000000000e+00 0.000000000000000000e+00 1.000000000000000000e+00
1.830073202928303722e-01 8.647790800188337457e-01 -5.021525094647835141e-01 0.000000000000000000e+00 5.021525094647835141e-01 8.647790800188337457e-01 -0.000000000000000000e+00 0.000000000000000000e+00 0.000000000000000000e+00 1.000000000000000000e+00
1.840073602944306275e-01 8.618696724240472173e-01 -5.071298332337249581e-01 0.000000000000000000e+00 5.071298332337249581e-01 8.618696724240472173e-01 -0.000000000000000000e+00 0.000000000000000000e+00 0.000000000000000000e+00 1.000000000000000000e+00
1.850074002960308828e-01 8.589155281542006914e-01 -5.121172868548673485e-01 0.000000000000000000e+00 5.121172868548673485e-01 8.589155281542006914e-01 -0.000000000000000000e+00 0.000000000000000000e+00 0.000000000000000000e+00 1.000000000000000000e+00
1.860074402976311381e-01 8.559162763890546533e-01 -5.171144242934010427e-01 0.000000000000000000e+00 5.171144242934010427e-01 8.559162763890546533e-01 -0.000000000000000000e+00 0.000000000000000000e+00 0.000000000000000000e+00 1.000000000000000000e+00
1.870074802992313934e-01 8.528715480068608246e-01 -5.221207931124567381e-01 0.000000000000000000e+00 5.221207931124567381e-01 8.528715480068608246e-01 -0.000000000000000000e+00 0.000000000000000000e+00 0.000000000000000000e+00 1.000000000000000000e+00
1.880075203008316487e-01 8.497809756786417479e-01 -5.271359344368925504e-01 0.000000000000000000e+00 5.271359344368925504e-01 8.497809756786417479e-01 -0.000000000000000000e+00 0.000000000000000000e+00 0.000000000000000000e+00 1.000000000000000000e+00
1.890075603024319040e-01 8.466441939636877301e-01 -5.321593829179164237e-01 0.000000000000000000e+00 5.321593829179164237e-01 8.466441939636877301e-01 -0.000000000000000000e+00 0.000000000000000000e+00 0.000000000000000000e+00 1.000000000000000000e+00
1.900076003040321593e-01 8.434608394062795833e-01 -5.371906666985700740e-01 0.000000000000000000e+00 5.371906666985700740e-01 8.434608394062795833e-01 -0.000000000000000000e+00 0.000000000000000000e+00 0.000000000000000000e+00 1.000000000000000000e+00
1.910076403056324146e-01 8.402305506336323893e-01 -5.422293073800997787e-01 0.000000000000000000e+00 5.422293073800997787e-01 8.402305506336323893e-01 -0.000000000000000000e+00 0.000000000000000000e+00 0.000000000000000000e+00 1.000000000000000000e+00
1.920076803072326699e-01 8.369529684550650606e-01 -5.472748199892397691e-01 0.000000000000000000e+00 5.472748199892397691e-01 8.369529684550650606e-01 -0.000000000000000000e+00 0.000000000000000000e+00 0.000000000000000000e+00 1.000000000000000000e+00
1.930077203088329252e-01 8.336277359623948113e-01 -5.523267129464332070e-01 0.000000000000000000e+00 5.523267129464332070e-01 8.336277359623948113e-01 -0.000000000000000000e+00 0.000000000000000000e+00 0.000000000000000000e+00 1.000000000000000000e+00
1.940077603104331805e-01 8.302544986315574249e-01 -5.573844880350198316e-01 0.000000000000000000e+00 5.573844880350198316e-01 8.302544986315574249e-01 -0.000000000000000000e+00 0.000000000000000000e+00 0.000000000000000000e+00 1.000000000000000000e+00
1.950078003120334358e-01 8.268329044254527638e-01 -5.624476403714128159e-01 0.000000000000000000e+00 5.624476403714128159e-01 8.268329044254527638e-01 -0.000000000000000000e+00 0.000000000000000000e+00 0.000000000000000000e+00 1.000000000000000000e+00
1.960078403136336911e-01 8.233626038980159656e-01 -5.675156583762944740e-01 0.000000000000000000e+00 5.675156583762944740e-01 8.233626038980159656e-01 -0.000000000000000000e+00 0.000000000000000000e+00 0.000000000000000000e+00 1.000000000000000000e+00
1.970078803152339464e-01 8.198432502995116611e-01 -5.725880237468577993e-01 0.000000000000000000e+00 5.725880237468577993e-01 8.198432502995116611e-01 -0.000000000000000000e+00 0.000000000000000000e+00 0.000000000000000000e+00 1.000000000000000000e+00
1.980079203168342017e-01 8.162744996830529898e-01 -5.776642114301193676e-01 0.000000000000000000e+00 5.776642114301193676e-01 8.162744996830529898e-01 -0.000000000000000000e+00 0.000000000000000000e+00 0.000000000000000000e+00 1.000000000000000000e+00
1.990079603184344570e-01 8.126560110123394187e-01 -5.827436895973326925e-01 0.000000000000000000e+00 5.827436895973326925e-01 8.126560110123394187e-01 -0.000000000000000000e+00 0.000000000000000000e+00 0.000000000000000000e+00 1.000000000000000000e+00
2.000080003200347123e-01 8.089874468616109482e-01 -5.878259188061819573e-01 0.000000000000000000e+00 5.878259188061819573e-01 8.089874468616109482e-01 -0.000000000000000000e+00 0.000000000000000000e+00 0.000000000000000000e+00 1.000000000000000000e+00
2.010080403216349676e-01 8.052779342501369397e-01 -5.928975026173006757e-01 0.000000000000000000e+00 5.928975026173006757e-01 8.052779342501369397e-01 -0.000000000000000000e+00 0.000000000000000000e+00 0.000000000000000000e+00 1.000000000000000000e+00
2.020080803232352229e-01 8.015366281012515914e-01 -5.979456779775869091e-01 0.000000000000000000e+00 5.979456779775869091e-01 8.015366281012515914e-01 -0.000000000000000000e+00 0.000000000000000000e+00 0.000000000000000000e+00 1.000000000000000000e+00
2.030081203248354782e-01 7.977636761271322818e-01 -6.029702455777765646e-01 0.000000000000000000e+00 6.029702455777765646e-01 7.977636761271322818e-01 -0.000000000000000000e+00 0.000000000000000000e+00 0.000000000000000000e+00 1.000000000000000000e+00
2.040081603264357335e-01 7.939592272893792879e-01 -6.079710070406747491e-01 0.000000000000000000e+00 6.079710070406747491e-01 7.939592272893792879e-01 -0.000000000000000000e+00 0.000000000000000000e+00 0.000000000000000000e+00 1.000000000000000000e+00
2.050082003280359888e-01 7.901234317931342677e-01 -6.129477649289867269e-01 0.000000000000000000e+00 6.129477649289867269e-01 7.901234317931342677e-01 -0.000000000000000000e+00 0.000000000000000000e+00 0.000000000000000000e+00 1.000000000000000000e+00
2.060082403296362441e-01 7.862564410811512250e-01 -6.179003227531139064e-01 0.000000000000000000e+00 6.179003227531139064e-01 7.862564410811512250e-01 -0.000000000000000000e+00 0.000000000000000000e+00 0.000000000000000000e+00 1.000000000000000000e+00
2.070082803312364994e-01 7.823584078278154053e-01 -6.228284849789111899e-01 0.000000000000000000e+00 6.228284849789111899e-01 7.823584078278154053e-01 -0.000000000000000000e+00 0.000000000000000000e+00 0.000000000000000000e+00 1.000000000000000000e+00
2.080083203328367547e-01 7.784294859331170047e-01 -6.277320570354070206e-01 0.000000000000000000e+00 6.277320570354070206e-01 7.784294859331170047e-01 -0.000000000000000000e+00 0.000000000000000000e+00 0.000000000000000000e+00 1.000000000000000000e+00
2.090083603344370100e-01 7.744698305165739205e-01 -6.326108453224851269e-01 0.000000000000000000e+00 6.326108453224851269e-01 7.744698305165739205e-01 -0.000000000000000000e+00 0.000000000000000000e+00 0.000000000000000000e+00 1.000000000000000000e+00
2.100084003360372653e-01 7.704795979111088711e-01 -6.374646572185285187e-01 0.000000000000000000e+00 6.374646572185285187e-01 7.704795979111088711e-01 -0.000000000000000000e+00 0.000000000000000000e+00 0.000000000000000000e+00 1.000000000000000000e+00
2.110084403376375206e-01 7.664589456568755566e-01 -6.422933010880238491e-01 0.000000000000000000e+00 6.422933010880238491e-01 7.664589456568755566e-01 -0.000000000000000000e+00 0.000000000000000000e+00 0.000000000000000000e+00 1.000000000000000000e+00
2.120084803392377759e-01 7.624080324950393006e-01 -6.470965862891283615e-01 0.000000000000000000e+00 6.470965862891283615e-01 7.624080324950393006e-01 -0.000000000000000000e+00 0.000000000000000000e+00 0.000000000000000000e+00 1.000000000000000000e+00
2.130085203408380312e-01 7.583270183615101745e-01 -6.518743231811957584e-01 0.000000000000000000e+00 6.518743231811957584e-01 7.583270183615101745e-01 -0.000000000000000000e+00 0.000000000000000000e+00 0.000000000000000000e+00 1.000000000000000000e+00
2.140085603424382865e-01 7.542160643806279374e-01 -6.566263231322643223e-01 0.000000000000000000e+00 6.566263231322643223e-01 7.542160643806279374e-01 -0.000000000000000000e+00 0.000000000000000000e+00 0.000000000000000000e+00 1.000000000000000000e+00
2.150086003440385418e-01 7.500753328588006807e-01 -6.613523985265037375e-01 0.000000000000000000e+00 6.613523985265037375e-01 7.500753328588006807e-01 -0.000000000000000000e+00 0.000000000000000000e+00 0.000000000000000000e+00 1.000000000000000000e+00
2.160086403456387971e-01 7.459049872780975088e-01 -6.660523627716228301e-01 0.000000000000000000e+00 6.660523627716228301e-01 7.459049872780975088e-01 -0.000000000000000000e+00 0.000000000000000000e+00 0.000000000000000000e+00 1.000000000000000000e+00
2.170086803472390524e-01 7.417051922897928140e-01 -6.707260303062360096e-01 0.000000000000000000e+00 6.707260303062360096e-01 7.417051922897928140e-01 -0.000000000000000000e+00 0.000000000000000000e+00 0.000000000000000000e+00 1.000000000000000000e+00
2.180087203488393077e-01 7.374761137078659212e-01 -6.753732166071902965e-01 0.000000000000000000e+00 6.753732166071902965e-01 7.374761137078659212e-01 -0.000000000000000000e+00 0.000000000000000000e+00 0.000000000000000000e+00 1.000000000000000000e+00
2.190087603504395630e-01 7.332179185024558787e-01 -6.799937381968498284e-01 0.000000000000000000e+00 6.799937381968498284e-01 7.332179185024558787e-01 -0.000000000000000000e+00 0.000000000000000000e+00 0.000000000000000000e+00 1.000000000000000000e+00
2.200088003520398183e-01 7.289307747932671777e-01 -6.845874126503403989e-01 0.000000000000000000e+00 6.845874126503403989e-01 7.289307747932671777e-01 -0.000000000000000000e+00 0.000000000000000000e+00 0.000000000000000000e+00 1.000000000000000000e+00
2.210088403536400736e-01 7.246148518429333940e-01 -6.891540586027510296e-01 0.000000000000000000e+00 6.891540586027510296e-01 7.246148518429333940e-01 -0.000000000000000000e+00 0.000000000000000000e+00 0.000000000000000000e+00 1.000000000000000000e+00
2.220088803552403289e-01 7.202703200503339787e-01 -6.936934957562955750e-01 0.000000000000000000e+00 6.936934957562955750e-01 7.202703200503339787e-01 -0.000000000000000000e+00 0.000000000000000000e+00 0.000000000000000000e+00 1.000000000000000000e+00
2.230089203568405842e-01 7.158973509438673055e-01 -6.982055448874304737e-01 0.000000000000000000e+00 6.982055448874304737e-01 7.158973509438673055e-01 -0.000000000000000000e+00 0.000000000000000000e+00 0.000000000000000000e+00 1.000000000000000000e+00
2.240089603584408395e-01 7.114961171746773116e-01 -7.026900278539307543e-01 0.000000000000000000e+00 7.026900278539307543e-01 7.114961171746773116e-01 -0.000000000000000000e+00 0.000000000000000000e+00 0.000000000000000000e+00 1.000000000000000000e+00
2.250090003600410948e-01 7.070667925098386153e-01 -7.071467676019236315e-01 0.000000000000000000e+00 7.071467676019236315e-01 7.070667925098386153e-01 -0.000000000000000000e+00 0.000000000000000000e+00 0.000000000000000000e+00 1.000000000000000000e+00
2.260090403616413501e-01 7.026095518254944494e-01 -7.115755881728784704e-01 0.000000000000000000e+00 7.115755881728784704e-01 7.026095518254944494e-01 -0.000000000000000000e+00 0.000000000000000000e+00 0.000000000000000000e+00 1.000000000000000000e+00
2.270090803632416054e-01 6.981245710999528509e-01 -7.159763147105546732e-01 0.000000000000000000e+00 7.159763147105546732e-01 6.981245710999528509e-01 -0.000000000000000000e+00 0.000000000000000000e+00 0.000000000000000000e+00 1.000000000000000000e+00
2.280091203648418607e-01 6.936120274067384406e-01 -7.203487734679041576e-01 0.000000000000000000e+00 7.203487734679041576e-01 6.936120274067384406e-01 -0.000000000000000000e+00 0.000000000000000000e+00 0.000000000000000000e+00 1.000000000000000000e+00
2.290091603664421160e-01 6.890720989076030145e-01 -7.246927918139317581e-01 0.000000000000000000e+00 7.246927918139317581e-01 6.890720989076030145e-01 -0.000000000000000000e+00 0.000000000000000000e+00 0.000000000000000000e+00 1.000000000000000000e+00
2.300092003680423713e-01 6.845049648454887281e-01 -7.290081982405112182e-01 0.000000000000000000e+00 7.290081982405112182e-01 6.845049648454887281e-01 -0.000000000000000000e+00 0.000000000000000000e+00 0.000000000000000000e+00 1.000000000000000000e+00
2.310092403696426266e-01 6.799108055374533111e-01 -7.332948223691557743e-01 0.000000000000000000e+00 7.332948223691557743e-01 6.799108055374533111e-01 -0.000000000000000000e+00 0.000000000000000000e+00 0.000000000000000000e+00 1.000000000000000000e+00
2.320092803712428819e-01 6.752898023675499850e-01 -7.375524949577457745e-01 0.000000000000000000e+00 7.375524949577457745e-01 6.752898023675499850e-01 -0.000000000000000000e+00 0.000000000000000000e+00 0.000000000000000000e+00 1.000000000000000000e+00
2.330093203728431372e-01 6.706421377796668581e-01 -7.417810479072101115e-01 0.000000000000000000e+00 7.417810479072101115e-01 6.706421377796668581e-01 -0.000000000000000000e+00 0.000000000000000000e+00 0.000000000000000000e+00 1.000000000000000000e+00
2.340093603744433925e-01 6.659679952703226880e-01 -7.459803142681632471e-01 0.000000000000000000e+00 7.459803142681632471e-01 6.659679952703226880e-01 -0.000000000000000000e+00 0.000000000000000000e+00 0.000000000000000000e+00 1.000000000000000000e+00
2.350094003760436479e-01 6.612675593814240083e-01 -7.501501282474961618e-01 0.000000000000000000e+00 7.501501282474961618e-01 6.612675593814240083e-01 -0.000000000000000000e+00 0.000000000000000000e+00 0.000000000000000000e+00 1.000000000000000000e+00
2.360094403776439032e-01 6.565410156929771812e-01 -7.542903252149230076e-01 0.000000000000000000e+00 7.542903252149230076e-01 6.565410156929771812e-01 -0.000000000000000000e+00 0.000000000000000000e+00 0.000000000000000000e+00 1.000000000000000000e+00
2.370094803792441585e-01 6.517885508157618135e-01 -7.584007417094797976e-01 0.000000000000000000e+00 7.584007417094797976e-01 6.517885508157618135e-01 -0.000000000000000000e+00 0.000000000000000000e+00 0.000000000000000000e+00 1.000000000000000000e+00
2.380095203808444138e-01 6.470103523839648707e-01 -7.624812154459791325e-01 0.000000000000000000e+00 7.624812154459791325e-01 6.470103523839648707e-01 -0.000000000000000000e+00 0.000000000000000000e+00 0.000000000000000000e+00 1.000000000000000000e+00
2.390095603824446691e-01 6.422066090477702716e-01 -7.665315853214167419e-01 0.000000000000000000e+00 7.665315853214167419e-01 6.422066090477702716e-01 -0.000000000000000000e+00 0.000000000000000000e+00 0.000000000000000000e+00 1.000000000000000000e+00
2.400096003840449244e-01 6.373775104659119561e-01 -7.705516914213325075e-01 0.000000000000000000e+00 7.705516914213325075e-01 6.373775104659119561e-01 -0.000000000000000000e+00 0.000000000000000000e+00 0.000000000000000000e+00 1.000000000000000000e+00
2.410096403856451797e-01 6.325232472981854315e-01 -7.745413750261240793e-01 0.000000000000000000e+00 7.745413750261240793e-01 6.325232472981854315e-01 -0.000000000000000000e+00 0.000000000000000000e+00 0.000000000000000000e+00 1.000000000000000000e+00
2.420096803872454350e-01 6.276440111979209036e-01 -7.785004786173124192e-01 0.000000000000000000e+00 7.785004786173124192e-01 6.276440111979209036e-01 -0.000000000000000000e+00 0.000000000000000000e+00 0.000000000000000000e+00 1.000000000000000000e+00
2.430097203888456903e-01 6.227399948044152200e-01 -7.824288458837627136e-01 0.000000000000000000e+00 7.824288458837627136e-01 6.227399948044152200e-01 -0.000000000000000000e+00 0.000000000000000000e+00 0.000000000000000000e+00 1.000000000000000000e+00
2.440097603904459456e-01 6.178113917353283968e-01 -7.863263217278541051e-01 0.000000000000000000e+00 7.863263217278541051e-01 6.178113917353283968e-01 -0.000000000000000000e+00 0.000000000000000000e+00 0.000000000000000000e+00 1.000000000000000000e+00
2.450098003920462009e-01 6.128583965790369570e-01 -7.901927522716036822e-01 0.000000000000000000e+00 7.901927522716036822e-01 6.128583965790369570e-01 -0.000000000000000000e+00 0.000000000000000000e+00 0.000000000000000000e+00 1.000000000000000000e+00
2.460098403936464562e-01 6.078812048869520757e-01 -7.940279848627422865e-01 0.000000000000000000e+00 7.940279848627422865e-01 6.078812048869520757e-01 -0.000000000000000000e+00 0.000000000000000000e+00 0.000000000000000000e+00 1.000000000000000000e+00
2.470098803952467115e-01 6.028800131658003103e-01 -7.978318680807406915e-01 0.000000000000000000e+00 7.978318680807406915e-01 6.028800131658003103e-01 -0.000000000000000000e+00 0.000000000000000000e+00 0.000000000000000000e+00 1.000000000000000000e+00
2.480099203968469668e-01 5.978550188698630308e-01 -8.016042517427884873e-01 0.000000000000000000e+00 8.016042517427884873e-01 5.978550188698630308e-01 -0.000000000000000000e+00 0.000000000000000000e+00 0.000000000000000000e+00 1.000000000000000000e+00
2.490099603984472221e-01 5.928064203931820986e-01 -8.053449869097230041e-01 0.000000000000000000e+00 8.053449869097230041e-01 5.928064203931820986e-01 -0.000000000000000000e+00 0.000000000000000000e+00 0.000000000000000000e+00 1.000000000000000000e+00
2.500100004000474496e-01 5.877344170617263552e-01 -8.090539258919103860e-01 0.000000000000000000e+00 8.090539258919103860e-01 5.877344170617263552e-01 -0.000000000000000000e+00 0.000000000000000000e+00 0.000000000000000000e+00 1.000000000000000000e+00
2.510100404016477049e-01 5.826392091255224726e-01 -8.127309222550757051e-01 0.000000000000000000e+00 8.127309222550757051e-01 5.826392091255224726e-01 -0.000000000000000000e+00 0.000000000000000000e+00 0.000000000000000000e+00 1.000000000000000000e+00
2.520100804032479602e-01 5.775209977507480552e-01 -8.163758308260850027e-01 0.000000000000000000e+00 8.163758308260850027e-01 5.775209977507480552e-01 -0.000000000000000000e+00 0.000000000000000000e+00 0.000000000000000000e+00 1.000000000000000000e+00
2.530101204048482155e-01 5.723799850117902155e-01 -8.199885076986768162e-01 0.000000000000000000e+00 8.199885076986768162e-01 5.723799850117902155e-01 -0.000000000000000000e+00 0.000000000000000000e+00 0.000000000000000000e+00 1.000000000000000000e+00
2.540101604064484708e-01 5.672163738832661783e-01 -8.235688102391436338e-01 0.000000000000000000e+00 8.235688102391436338e-01 5.672163738832661783e-01 -0.000000000000000000e+00 0.000000000000000000e+00 0.000000000000000000e+00 1.000000000000000000e+00
2.550102004080487261e-01 5.620303682320115790e-01 -8.271165970919636123e-01 0.000000000000000000e+00 8.271165970919636123e-01 5.620303682320115790e-01 -0.000000000000000000e+00 0.000000000000000000e+00 0.000000000000000000e+00 1.000000000000000000e+00
2.560102404096489814e-01 5.568221728090287925e-01 -8.306317281853806689e-01 0.000000000000000000e+00 8.306317281853806689e-01 5.568221728090287925e-01 -0.000000000000000000e+00 0.000000000000000000e+00 0.000000000000000000e+00 1.000000000000000000e+00
2.570102804112492367e-01 5.515919932414048432e-01 -8.341140647369362782e-01 0.000000000000000000e+00 8.341140647369362782e-01 5.515919932414048432e-01 -0.000000000000000000e+00 0.000000000000000000e+00 0.000000000000000000e+00 1.000000000000000000e+00
2.580103204128494920e-01 5.463400360241934539e-01 -8.375634692589468688e-01 0.000000000000000000e+00 8.375634692589468688e-01 5.463400360241934539e-01 -0.000000000000000000e+00 0.000000000000000000e+00 0.000000000000000000e+00 1.000000000000000000e+00
2.590103604144497473e-01 5.410665085122603468e-01 -8.409798055639338132e-01 0.000000000000000000e+00 8.409798055639338132e-01 5.410665085122603468e-01 -0.000000000000000000e+00 0.000000000000000000e+00 0.000000000000000000e+00 1.000000000000000000e+00
2.600104004160500026e-01 5.357716189120982353e-01 -8.443629387699991273e-01 0.000000000000000000e+00 8.443629387699991273e-01 5.357716189120982353e-01 -0.000000000000000000e+00 0.000000000000000000e+00 0.000000000000000000e+00 1.000000000000000000e+00
2.610104404176502579e-01 5.304555762736057334e-01 -8.477127353061512105e-01 0.000000000000000000e+00 8.477127353061512105e-01 5.304555762736057334e-01 -0.000000000000000000e+00 0.000000000000000000e+00 0.000000000000000000e+00 1.000000000000000000e+00
2.620104804192505132e-01 5.251185904818341799e-01 -8.510290629175785160e-01 0.000000000000000000e+00 8.510290629175785160e-01 5.251185904818341799e-01 -0.000000000000000000e+00 0.000000000000000000e+00 0.000000000000000000e+00 1.000000000000000000e+00
2.630105204208507685e-01 5.197608722487007116e-01 -8.543117906708708187e-01 0.000000000000000000e+00 8.543117906708708187e-01 5.197608722487007116e-01 -0.000000000000000000e+00 0.000000000000000000e+00 0.000000000000000000e+00 1.000000000000000000e+00
2.640105604224510238e-01 5.143826331046690292e-01 -8.575607889591894129e-01 0.000000000000000000e+00 8.575607889591894129e-01 5.143826331046690292e-01 -0.000000000000000000e+00 0.000000000000000000e+00 0.000000000000000000e+00 1.000000000000000000e+00
2.650106004240512791e-01 5.089840853903991880e-01 -8.607759295073827976e-01 0.000000000000000000e+00 8.607759295073827976e-01 5.089840853903991880e-01 -0.000000000000000000e+00 0.000000000000000000e+00 0.000000000000000000e+00 1.000000000000000000e+00
2.660106404256515344e-01 5.035654422483615278e-01 -8.639570853770527359e-01 0.000000000000000000e+00 8.639570853770527359e-01 5.035654422483615278e-01 -0.000000000000000000e+00 0.000000000000000000e+00 0.000000000000000000e+00 1.000000000000000000e+00
2.670106804272517897e-01 4.981269176144234589e-01 -8.671041309715650236e-01 0.000000000000000000e+00 8.671041309715650236e-01 4.981269176144234589e-01 -0.000000000000000000e+00 0.000000000000000000e+00 0.000000000000000000e+00 1.000000000000000000e+00
2.680107204288520450e-01 4.926687262094032183e-01 -8.702169420410085232e-01 0.000000000000000000e+00 8.702169420410085232e-01 4.926687262094032183e-01 -0.000000000000000000e+00 0.000000000000000000e+00 0.000000000000000000e+00 1.000000000000000000e+00
2.690107604304523004e-01 4.871910835305904852e-01 -8.732953956871003509e-01 0.000000000000000000e+00 8.732953956871003509e-01 4.871910835305904852e-01 -0.000000000000000000e+00 0.000000000000000000e+00 0.000000000000000000e+00 1.000000000000000000e+00
2.700108004320525557e-01 4.816942058432398532e-01 -8.763393703680385505e-01 0.000000000000000000e+00 8.763393703680385505e-01 4.816942058432398532e-01 -0.000000000000000000e+00 0.000000000000000000e+00 0.000000000000000000e+00 1.000000000000000000e+00
2.710108404336528110e-01 4.761783101720318823e-01 -8.793487459033010323e-01 0.000000000000000000e+00 8.793487459033010323e-01 4.761783101720318823e-01 -0.000000000000000000e+00 0.000000000000000000e+00 0.000000000000000000e+00 1.000000000000000000e+00
2.720108804352530663e-01 4.706436142925045085e-01 -8.823234034783891122e-01 0.000000000000000000e+00 8.823234034783891122e-01 4.706436142925045085e-01 -0.000000000000000000e+00 0.000000000000000000e+00 0.000000000000000000e+00 1.000000000000000000e+00
2.730109204368533216e-01 4.650903367224548113e-01 -8.852632256495202023e-01 0.000000000000000000e+00 8.852632256495202023e-01 4.650903367224548113e-01 -0.000000000000000000e+00 0.000000000000000000e+00 0.000000000000000000e+00 1.000000000000000000e+00
2.740109604384535769e-01 4.595186967133130240e-01 -8.881680963482634361e-01 0.000000000000000000e+00 8.881680963482634361e-01 4.595186967133130240e-01 -0.000000000000000000e+00 0.000000000000000000e+00 0.000000000000000000e+00 1.000000000000000000e+00
2.750110004400538322e-01 4.539289142414837386e-01 -8.910379008861224470e-01 0.000000000000000000e+00 8.910379008861224470e-01 4.539289142414837386e-01 -0.000000000000000000e+00 0.000000000000000000e+00 0.000000000000000000e+00 1.000000000000000000e+00
2.760110404416540875e-01 4.483212099996624067e-01 -8.938725259590643013e-01 0.000000000000000000e+00 8.938725259590643013e-01 4.483212099996624067e-01 -0.000000000000000000e+00 0.000000000000000000e+00 0.000000000000000000e+00 1.000000000000000000e+00
2.770110804432543428e-01 4.426958053881229760e-01 -8.966718596519915874e-01 0.000000000000000000e+00 8.966718596519915874e-01 4.426958053881229760e-01 -0.000000000000000000e+00 0.000000000000000000e+00 0.000000000000000000e+00 1.000000000000000000e+00
2.780111204448545981e-01 4.370529225059743839e-01 -8.994357914431616585e-01 0.000000000000000000e+00 8.994357914431616585e-01 4.370529225059743839e-01 -0.000000000000000000e+00 0.000000000000000000e+00 0.000000000000000000e+00 1.000000000000000000e+00
2.790111604464548534e-01 4.313927841423932930e-01 -9.021642122085503646e-01 0.000000000000000000e+00 9.021642122085503646e-01 4.313927841423932930e-01 -0.000000000000000000e+00 0.000000000000000000e+00 0.000000000000000000e+00 1.000000000000000000e+00
2.800112004480551087e-01 4.257156137678279051e-01 -9.048570142261601612e-01 0.000000000000000000e+00 9.048570142261601612e-01 4.257156137678279051e-01 -0.000000000000000000e+00 0.000000000000000000e+00 0.000000000000000000e+00 1.000000000000000000e+00
2.810112404496553640e-01 4.200216355251746858e-01 -9.075140911802732635e-01 0.000000000000000000e+00 9.075140911802732635e-01 4.200216355251746858e-01 -0.000000000000000000e+00 0.000000000000000000e+00 0.000000000000000000e+00 1.000000000000000000e+00
2.820112804512556193e-01 4.143110742209287767e-01 -9.101353381656488439e-01 0.000000000000000000e+00 9.101353381656488439e-01 4.143110742209287767e-01 -0.000000000000000000e+00 0.000000000000000000e+00 0.000000000000000000e+00 1.000000000000000000e+00
2.830113204528558746e-01 4.085841553163096496e-01 -9.127206516916650525e-01 0.000000000000000000e+00 9.127206516916650525e-01 4.085841553163096496e-01 -0.000000000000000000e+00 0.000000000000000000e+00 0.000000000000000000e+00 1.000000000000000000e+00
2.840113604544561299e-01 4.028411049183572845e-01 -9.152699296864050815e-01 0.000000000000000000e+00 9.152699296864050815e-01 4.028411049183572845e-01 -0.000000000000000000e+00 0.000000000000000000e+00 0.000000000000000000e+00 1.000000000000000000e+00
2.850114004560563852e-01 3.970821497710069203e-01 -9.177830715006871642e-01 0.000000000000000000e+00 9.177830715006871642e-01 3.970821497710069203e-01 -0.000000000000000000e+00 0.000000000000000000e+00 0.000000000000000000e+00 1.000000000000000000e+00
2.860114404576566405e-01 3.913075172461357720e-01 -9.202599779120381740e-01 0.000000000000000000e+00 9.202599779120381740e-01 3.913075172461357720e-01 -0.000000000000000000e+00 0.000000000000000000e+00 0.000000000000000000e+00 1.000000000000000000e+00
2.870114804592568958e-01 3.855174353345877103e-01 -9.227005511286106021e-01 0.000000000000000000e+00 9.227005511286106021e-01 3.855174353345877103e-01 -0.000000000000000000e+00 0.000000000000000000e+00 0.000000000000000000e+00 1.000000000000000000e+00
2.880115204608571511e-01 3.797121326371697414e-01 -9.251046947930445796e-01 0.000000000000000000e+00 9.251046947930445796e-01 3.797121326371697414e-01 -0.000000000000000000e+00 0.000000000000000000e+00 0.000000000000000000e+00 1.000000000000000000e+00
2.890115604624574064e-01 3.738918383556277814e-01 -9.274723139862715016e-01 0.000000000000000000e+00 9.274723139862715016e-01 3.738918383556277814e-01 -0.000000000000000000e+00 0.000000000000000000e+00 0.000000000000000000e+00 1.000000000000000000e+00
2.900116004640576617e-01 3.680567822835971725e-01 -9.298033152312616956e-01 0.000000000000000000e+00 9.298033152312616956e-01 3.680567822835971725e-01 -0.000000000000000000e+00 0.000000000000000000e+00 0.000000000000000000e+00 1.000000000000000000e+00
2.910116404656579170e-01 3.622071947975301076e-01 -9.320976064967145813e-01 0.000000000000000000e+00 9.320976064967145813e-01 3.622071947975301076e-01 -0.000000000000000000e+00 0.000000000000000000e+00 0.000000000000000000e+00 1.000000000000000000e+00
2.920116804672581723e-01 3.563433068475995724e-01 -9.343550972006935407e-01 0.000000000000000000e+00 9.343550972006935407e-01 3.563433068475995724e-01 -0.000000000000000000e+00 0.000000000000000000e+00 0.000000000000000000e+00 1.000000000000000000e+00
2.930117204688584276e-01 3.504653499485828605e-01 -9.365756982142006137e-01 0.000000000000000000e+00 9.365756982142006137e-01 3.504653499485828605e-01 -0.000000000000000000e+00 0.000000000000000000e+00 0.000000000000000000e+00 1.000000000000000000e+00
2.940117604704586829e-01 3.445735561707184980e-01 -9.387593218646964610e-01 0.000000000000000000e+00 9.387593218646964610e-01 3.445735561707184980e-01 -0.000000000000000000e+00 0.000000000000000000e+00 0.000000000000000000e+00 1.000000000000000000e+00
2.950118004720589382e-01 3.386681581305448496e-01 -9.409058819395615947e-01 0.000000000000000000e+00 9.409058819395615947e-01 3.386681581305448496e-01 -0.000000000000000000e+00 0.000000000000000000e+00 0.000000000000000000e+00 1.000000000000000000e+00
2.960118404736591935e-01 3.327493889817175754e-01 -9.430152936894999893e-01 0.000000000000000000e+00 9.430152936894999893e-01 3.327493889817175754e-01 -0.000000000000000000e+00 0.000000000000000000e+00 0.000000000000000000e+00 1.000000000000000000e+00
2.970118804752594488e-01 3.268174824058018846e-01 -9.450874738318847390e-01 0.000000000000000000e+00 9.450874738318847390e-01 3.268174824058018846e-01 -0.000000000000000000e+00 0.000000000000000000e+00 0.000000000000000000e+00 1.000000000000000000e+00
2.980119204768597041e-01 3.208726726030478593e-01 -9.471223405540476481e-01 0.000000000000000000e+00 9.471223405540476481e-01 3.208726726030478593e-01 -0.000000000000000000e+00 0.000000000000000000e+00 0.000000000000000000e+00 1.000000000000000000e+00
2.990119604784599594e-01 3.149151942831436846e-01 -9.491198135165075378e-01 0.000000000000000000e+00 9.491198135165075378e-01 3.149151942831436846e-01 -0.000000000000000000e+00 0.000000000000000000e+00 0.000000000000000000e+00 1.000000000000000000e+00
3.000120004800602147e-01 3.089452826559489496e-01 -9.510798138561432635e-01 0.000000000000000000e+00 9.510798138561432635e-01 3.089452826559489496e-01 -0.000000000000000000e+00 0.000000000000000000e+00 0.000000000000000000e+00 1.000000000000000000e+00
3.010120404816604700e-01 3.029631734222078543e-01 -9.530022641893067803e-01 0.000000000000000000e+00 9.530022641893067803e-01 3.029631734222078543e-01 -0.000000000000000000e+00 0.000000000000000000e+00 0.000000000000000000e+00 1.000000000000000000e+00
3.020120804832607253e-01 2.969691027642448189e-01 -9.548870886148789205e-01 0.000000000000000000e+00 9.548870886148789205e-01 2.969691027642448189e-01 -0.000000000000000000e+00 0.000000000000000000e+00 0.000000000000000000e+00 1.000000000000000000e+00
3.030121204848609806e-01 2.909633073366374445e-01 -9.567342127172655530e-01 0.000000000000000000e+00 9.567342127172655530e-01 2.909633073366374445e-01 -0.000000000000000000e+00 0.000000000000000000e+00 0.000000000000000000e+00 1.000000000000000000e+00
3.040121604864612359e-01 2.849460242568746526e-01 -9.585435635693355660e-01 0.000000000000000000e+00 9.585435635693355660e-01 2.849460242568746526e-01 -0.000000000000000000e+00 0.000000000000000000e+00 0.000000000000000000e+00 1.000000000000000000e+00
3.050122004880614912e-01 2.789174910959940079e-01 -9.603150697353011189e-01 0.000000000000000000e+00 9.603150697353011189e-01 2.789174910959940079e-01 -0.000000000000000000e+00 0.000000000000000000e+00 0.000000000000000000e+00 1.000000000000000000e+00
3.060122404896617465e-01 2.728779458692037752e-01 -9.620486612735368315e-01 0.000000000000000000e+00 9.620486612735368315e-01 2.728779458692037752e-01 -0.000000000000000000e+00 0.000000000000000000e+00 0.000000000000000000e+00 1.000000000000000000e+00
3.070122804912620018e-01 2.668276270264833272e-01 -9.637442697393412416e-01 0.000000000000000000e+00 9.637442697393412416e-01 2.668276270264833272e-01 -0.000000000000000000e+00 0.000000000000000000e+00 0.000000000000000000e+00 1.000000000000000000e+00
3.080123204928622571e-01 2.607667734431702855e-01 -9.654018281876406427e-01 0.000000000000000000e+00 9.654018281876406427e-01 2.607667734431702855e-01 -0.000000000000000000e+00 0.000000000000000000e+00 0.000000000000000000e+00 1.000000000000000000e+00
3.090123604944625124e-01 2.546956244105291756e-01 -9.670212711756298596e-01 0.000000000000000000e+00 9.670212711756298596e-01 2.546956244105291756e-01 -0.000000000000000000e+00 0.000000000000000000e+00 0.000000000000000000e+00 1.000000000000000000e+00
3.100124004960627677e-01 2.486144196263033179e-01 -9.686025347653581807e-01 0.000000000000000000e+00 9.686025347653581807e-01 2.486144196263033179e-01 -0.000000000000000000e+00 0.000000000000000000e+00 0.000000000000000000e+00 1.000000000000000000e+00
3.110124404976630230e-01 2.425233991852528415e-01 -9.701455565262517844e-01 0.000000000000000000e+00 9.701455565262517844e-01 2.425233991852528415e-01 -0.000000000000000000e+00 0.000000000000000000e+00 0.000000000000000000e+00 1.000000000000000000e+00
3.120124804992632783e-01 2.364228035696729624e-01 -9.716502755375805434e-01 0.000000000000000000e+00 9.716502755375805434e-01 2.364228035696729624e-01 -0.000000000000000000e+00 0.000000000000000000e+00 0.000000000000000000e+00 1.000000000000000000e+00
3.130125205008635336e-01 2.303128736399011056e-01 -9.731166323908616578e-01 0.000000000000000000e+00 9.731166323908616578e-01 2.303128736399011056e-01 -0.000000000000000000e+00 0.000000000000000000e+00 0.000000000000000000e+00 1.000000000000000000e+00
3.140125605024637889e-01 2.241938506248064011e-01 -9.745445691922058895e-01 0.000000000000000000e+00 9.745445691922058895e-01 2.241938506248064011e-01 -0.000000000000000000e+00 0.000000000000000000e+00 0.000000000000000000e+00 1.000000000000000000e+00
3.150126005040640442e-01 2.180659761122675511e-01 -9.759340295646035113e-01 0.000000000000000000e+00 9.759340295646035113e-01 2.180659761122675511e-01 -0.000000000000000000e+00 0.000000000000000000e+00 0.000000000000000000e+00 1.000000000000000000e+00
3.160126405056642995e-01 2.119294920396317394e-01 -9.772849586501493047e-01 0.000000000000000000e+00 9.772849586501493047e-01 2.119294920396317394e-01 -0.000000000000000000e+00 0.000000000000000000e+00 0.000000000000000000e+00 1.000000000000000000e+00
3.170126805072645548e-01 2.057846406841646048e-01 -9.785973031122094934e-01 0.000000000000000000e+00 9.785973031122094934e-01 2.057846406841646048e-01 -0.000000000000000000e+00 0.000000000000000000e+00 0.000000000000000000e+00 1.000000000000000000e+00
3.180127205088648101e-01 1.996316646534841144e-01 -9.798710111375268372e-01 0.000000000000000000e+00 9.798710111375268372e-01 1.996316646534841144e-01 -0.000000000000000000e+00 0.000000000000000000e+00 0.000000000000000000e+00 1.000000000000000000e+00
3.190127605104650654e-01 1.934708068759821986e-01 -9.811060324382664399e-01 0.000000000000000000e+00 9.811060324382664399e-01 1.934708068759821986e-01 -0.000000000000000000e+00 0.000000000000000000e+00 0.000000000000000000e+00 1.000000000000000000e+00
3.200128005120653207e-01 1.873023105912331177e-01 -9.823023182540013831e-01 0.000000000000000000e+00 9.823023182540013831e-01 1.873023105912331177e-01 -0.000000000000000000e+00 0.000000000000000000e+00 0.000000000000000000e+00 1.000000000000000000e+00
3.210128405136655760e-01 1.811264193403917533e-01 -9.834598213536374089e-01 0.000000000000000000e+00 9.834598213536374089e-01 1.811264193403917533e-01 -0.000000000000000000e+00 0.000000000000000000e+00 0.000000000000000000e+00 1.000000000000000000e+00
3.220128805152658313e-01 1.749433769565756080e-01 -9.845784960372787609e-01 0.000000000000000000e+00 9.845784960372787609e-01 1.749433769565756080e-01 -0.000000000000000000e+00 0.000000000000000000e+00 0.000000000000000000e+00 1.000000000000000000e+00
3.230129205168660866e-01 1.687534275552392826e-01 -9.856582981380304087e-01 0.000000000000000000e+00 9.856582981380304087e-01 1.687534275552392826e-01 -0.000000000000000000e+00 0.000000000000000000e+00 0.000000000000000000e+00 1.000000000000000000e+00
3.240129605184663419e-01 1.625568155245377122e-01 -9.866991850237444295e-01 0.000000000000000000e+00 9.866991850237444295e-01 1.625568155245377122e-01 -0.000000000000000000e+00 0.000000000000000000e+00 0.000000000000000000e+00 1.000000000000000000e+00
3.250130005200665972e-01 1.563537855156748035e-01 -9.877011155987008850e-01 0.000000000000000000e+00 9.877011155987008850e-01 1.563537855156748035e-01 -0.000000000000000000e+00 0.000000000000000000e+00 0.000000000000000000e+00 1.000000000000000000e+00
3.260130405216668525e-01 1.501445824332459378e-01 -9.886640503052319673e-01 0.000000000000000000e+00 9.886640503052319673e-01 1.501445824332459378e-01 -0.000000000000000000e+00 0.000000000000000000e+00 0.000000000000000000e+00 1.000000000000000000e+00
3.270130805232671078e-01 1.439294514255682889e-01 -9.895879511252827498e-01 0.000000000000000000e+00 9.895879511252827498e-01 1.439294514255682889e-01 -0.000000000000000000e+00 0.000000000000000000e+00 0.000000000000000000e+00 1.000000000000000000e+00
3.280131205248673631e-01 1.377086378750022322e-01 -9.904727815819126535e-01 0.000000000000000000e+00 9.904727815819126535e-01 1.377086378750022322e-01 -0.000000000000000000e+00 0.000000000000000000e+00 0.000000000000000000e+00 1.000000000000000000e+00
3.290131605264676184e-01 1.314823873882626226e-01 -9.913185067407359607e-01 0.000000000000000000e+00 9.913185067407359607e-01 1.314823873882626226e-01 -0.000000000000000000e+00 0.000000000000000000e+00 0.000000000000000000e+00 1.000000000000000000e+00
3.300132005280678738e-01 1.252509457867237441e-01 -9.921250932113001575e-01 0.000000000000000000e+00 9.921250932113001575e-01 1.252509457867237441e-01 -0.000000000000000000e+00 0.000000000000000000e+00 0.000000000000000000e+00 1.000000000000000000e+00
3.310132405296681291e-01 1.190145590967113393e-01 -9.928925091484048782e-01 0.000000000000000000e+00 9.928925091484048782e-01 1.190145590967113393e-01 -0.000000000000000000e+00 0.000000000000000000e+00 0.000000000000000000e+00 1.000000000000000000e+00
3.320132805312683844e-01 1.127734735397907528e-01 -9.936207242533590112e-01 0.000000000000000000e+00 9.936207242533590112e-01 1.127734735397907528e-01 -0.000000000000000000e+00 0.000000000000000000e+00 0.000000000000000000e+00 1.000000000000000000e+00
3.330133205328686397e-01 1.065279355230449865e-01 -9.943097097751774083e-01 0.000000000000000000e+00 9.943097097751774083e-01 1.065279355230449865e-01 -0.000000000000000000e+00 0.000000000000000000e+00 0.000000000000000000e+00 1.000000000000000000e+00
3.340133605344688950e-01 1.002781916293479236e-01 -9.949594385117153106e-01 0.000000000000000000e+00 9.949594385117153106e-01 1.002781916293479236e-01 -0.000000000000000000e+00 0.000000000000000000e+00 0.000000000000000000e+00 1.000000000000000000e+00
3.350134005360691503e-01 9.402448860762624427e-02 -9.955698848107420451e-01 0.000000000000000000e+00 9.955698848107420451e-01 9.402448860762624427e-02 -0.000000000000000000e+00 0.000000000000000000e+00 0.000000000000000000e+00 1.000000000000000000e+00
3.360134405376694056e-01 8.776707336311914687e-02 -9.961410245709554356e-01 0.000000000000000000e+00 9.961410245709554356e-01 8.776707336311914687e-02 -0.000000000000000000e+00 0.000000000000000000e+00 0.000000000000000000e+00 1.000000000000000000e+00
3.370134805392696609e-01 8.150619294762974365e-02 -9.966728352429314874e-01 0.000000000000000000e+00 9.966728352429314874e-01 8.150619294762974365e-02 -0.000000000000000000e+00 0.000000000000000000e+00 0.000000000000000000e+00 1.000000000000000000e+00
3.380135205408699162e-01 7.524209454977112688e-02 -9.971652958300160075e-01 0.000000000000000000e+00 9.971652958300160075e-01 7.524209454977112688e-02 -0.000000000000000000e+00 0.000000000000000000e+00 0.000000000000000000e+00 1.000000000000000000e+00
3.390135605424701715e-01 6.897502548520653698e-02 -9.976183868891527196e-01 0.000000000000000000e+00 9.976183868891527196e-01 6.897502548520653698e-02 -0.000000000000000000e+00 0.000000000000000000e+00 0.000000000000000000e+00 1.000000000000000000e+00
3.400136005440704268e-01 6.270523318688678294e-02 -9.980320905316512059e-01 0.000000000000000000e+00 9.980320905316512059e-01 6.270523318688678294e-02 -0.000000000000000000e+00 0.000000000000000000e+00 0.000000000000000000e+00 1.000000000000000000e+00
3.410136405456706821e-01 5.643296519527850330e-02 -9.984063904238937859e-01 0.000000000000000000e+00 9.984063904238937859e-01 5.643296519527850330e-02 -0.000000000000000000e+00 0.000000000000000000e+00 0.000000000000000000e+00 1.000000000000000000e+00
3.420136805472709374e-01 5.015846914859233008e-02 -9.987412717879790014e-01 0.000000000000000000e+00 9.987412717879790014e-01 5.015846914859233008e-02 -0.000000000000000000e+00 0.000000000000000000e+00 0.000000000000000000e+00 1.000000000000000000e+00
3.430137205488711927e-01 4.388199277300704887e-02 -9.990367214023065934e-01 0.000000000000000000e+00 9.990367214023065934e-01 4.388199277300704887e-02 -0.000000000000000000e+00 0.000000000000000000e+00 0.000000000000000000e+00 1.000000000000000000e+00
3.440137605504714480e-01 3.760378387288636215e-02 -9.992927276020984184e-01 0.000000000000000000e+00 9.992927276020984184e-01 3.760378387288636215e-02 -0.000000000000000000e+00 0.000000000000000000e+00 0.000000000000000000e+00 1.000000000000000000e+00
3.450138005520717033e-01 3.132409032099698482e-02 -9.995092802798593024e-01 0.000000000000000000e+00 9.995092802798593024e-01 3.132409032099698482e-02 -0.000000000000000000e+00 0.000000000000000000e+00 0.000000000000000000e+00 1.000000000000000000e+00
3.460138405536719586e-01 2.504316004872184087e-02 -9.996863708857766095e-01 0.000000000000000000e+00 9.996863708857766095e-01 2.504316004872184087e-02 -0.000000000000000000e+00 0.000000000000000000e+00 0.000000000000000000e+00 1.000000000000000000e+00
3.470138805552722139e-01 1.876124103627136233e-02 -9.998239924280570845e-01 0.000000000000000000e+00 9.998239924280570845e-01 1.876124103627136233e-02 -0.000000000000000000e+00 0.000000000000000000e+00 0.000000000000000000e+00 1.000000000000000000e+00
3.480139205568724692e-01 1.247858130289242716e-02 -9.999221394732028534e-01 0.000000000000000000e+00 9.999221394732028534e-01 1.247858130289242716e-02 -0.000000000000000000e+00 0.000000000000000000e+00 0.000000000000000000e+00 1.000000000000000000e+00
3.490139605584727245e-01 6.195428897077969420e-03 -9.999808081462269183e-01 0.000000000000000000e+00 9.999808081462269183e-01 6.195428897077969420e-03 -0.000000000000000000e+00 0.000000000000000000e+00 0.000000000000000000e+00 1.000000000000000000e+00
3.500140005600729798e-01 -8.796811322897367781e-05 -9.999999961308053686e-01 0.000000000000000000e+00 9.999999961308053686e-01 -8.796811322897367781e-05 -0.000000000000000000e+00 0.000000000000000000e+00 0.000000000000000000e+00 1.000000000000000000e+00
3.510140405616732351e-01 -6.371361650428034214e-03 -9.999797026693688640e-01 0.000000000000000000e+00 9.999797026693688640e-01 -6.371361650428034214e-03 -0.000000000000000000e+00 0.000000000000000000e+00 0.000000000000000000e+00 1.000000000000000000e+00
3.520140805632734904e-01 -1.265450363705463224e-02 -9.999199285631324985e-01 0.000000000000000000e+00 9.999199285631324985e-01 -1.265450363705463224e-02 -0.000000000000000000e+00 0.000000000000000000e+00 0.000000000000000000e+00 1.000000000000000000e+00
3.530141205648737457e-01 -1.893714600557710667e-02 -9.998206761720642710e-01 0.000000000000000000e+00 9.998206761720642710e-01 -1.893714600557710667e-02 -0.000000000000000000e+00 0.000000000000000000e+00 0.000000000000000000e+00 1.000000000000000000e+00
3.540141605664740010e-01 -2.521904070818898475e-02 -9.996819494147921592e-01 0.000000000000000000e+00 9.996819494147921592e-01 -2.521904070818898475e-02 -0.000000000000000000e+00 0.000000000000000000e+00 0.000000000000000000e+00 1.000000000000000000e+00
3.550142005680742563e-01 -3.149993972660273395e-02 -9.995037537684492435e-01 0.000000000000000000e+00 9.995037537684492435e-01 -3.149993972660273395e-02 -0.000000000000000000e+00 0.000000000000000000e+00 0.000000000000000000e+00 1.000000000000000000e+00
3.560142405696745116e-01 -3.777959508184187964e-02 -9.992860962684572135e-01 0.000000000000000000e+00 9.992860962684572135e-01 -3.777959508184187964e-02 -0.000000000000000000e+00 0.000000000000000000e+00 0.000000000000000000e+00 1.000000000000000000e+00
3.570142805712747669e-01 -4.405775884403199949e-02 -9.990289855082491455e-01 0.000000000000000000e+00 9.990289855082491455e-01 -4.405775884403199949e-02 -0.000000000000000000e+00 0.000000000000000000e+00 0.000000000000000000e+00 1.000000000000000000e+00
3.580143205728750222e-01 -5.033418314218759959e-02 -9.987324316389294410e-01 0.000000000000000000e+00 9.987324316389294410e-01 -5.033418314218759959e-02 -0.000000000000000000e+00 0.000000000000000000e+00 0.000000000000000000e+00 1.000000000000000000e+00
3.590143605744752775e-01 -5.660862017400106194e-02 -9.983964463688740354e-01 0.000000000000000000e+00 9.983964463688740354e-01 -5.660862017400106194e-02 -0.000000000000000000e+00 0.000000000000000000e+00 0.000000000000000000e+00 1.000000000000000000e+00
3.600144005760755328e-01 -6.288082221562493745e-02 -9.980210429632668800e-01 0.000000000000000000e+00 9.980210429632668800e-01 -6.288082221562493745e-02 -0.000000000000000000e+00 0.000000000000000000e+00 0.000000000000000000e+00 1.000000000000000000e+00
3.610144405776757881e-01 -6.915054163145106791e-02 -9.976062362435776931e-01 0.000000000000000000e+00 9.976062362435776931e-01 -6.915054163145106791e-02 -0.000000000000000000e+00 0.000000000000000000e+00 0.000000000000000000e+00 1.000000000000000000e+00
3.620144805792760434e-01 -7.541753088389029080e-02 -9.971520425869755400e-01 0.000000000000000000e+00 9.971520425869755400e-01 -7.541753088389029080e-02 -0.000000000000000000e+00 0.000000000000000000e+00 0.000000000000000000e+00 1.000000000000000000e+00
3.630145205808762987e-01 -8.168154254314380358e-02 -9.966584799256825722e-01 0.000000000000000000e+00 9.966584799256825722e-01 -8.168154254314380358e-02 -0.000000000000000000e+00 0.000000000000000000e+00 0.000000000000000000e+00 1.000000000000000000e+00
3.640145605824765540e-01 -8.794232929697250178e-02 -9.961255677462670377e-01 0.000000000000000000e+00 9.961255677462670377e-01 -8.794232929697250178e-02 -0.000000000000000000e+00 0.000000000000000000e+00 0.000000000000000000e+00 1.000000000000000000e+00
3.650146005840768093e-01 -9.419964396046118238e-02 -9.955533270888717867e-01 0.000000000000000000e+00 9.955533270888717867e-01 -9.419964396046118238e-02 -0.000000000000000000e+00 0.000000000000000000e+00 0.000000000000000000e+00 1.000000000000000000e+00
3.660146405856770646e-01 -1.004532394857777927e-01 -9.949417805463858233e-01 0.000000000000000000e+00 9.949417805463858233e-01 -1.004532394857777927e-01 -0.000000000000000000e+00 0.000000000000000000e+00 0.000000000000000000e+00 1.000000000000000000e+00
3.670146805872773199e-01 -1.067028689719276974e-01 -9.942909522635511310e-01 0.000000000000000000e+00 9.942909522635511310e-01 -1.067028689719276974e-01 -0.000000000000000000e+00 0.000000000000000000e+00 0.000000000000000000e+00 1.000000000000000000e+00
3.680147205888775752e-01 -1.129482856744998959e-01 -9.936008679360094353e-01 0.000000000000000000e+00 9.936008679360094353e-01 -1.129482856744998959e-01 -0.000000000000000000e+00 0.000000000000000000e+00 0.000000000000000000e+00 1.000000000000000000e+00
3.690147605904778305e-01 -1.191892430154114779e-01 -9.928715548092881260e-01 0.000000000000000000e+00 9.928715548092881260e-01 -1.191892430154114779e-01 -0.000000000000000000e+00 0.000000000000000000e+00 0.000000000000000000e+00 1.000000000000000000e+00
3.700148005920780858e-01 -1.254254945926416009e-01 -9.921030416777235628e-01 0.000000000000000000e+00 9.921030416777235628e-01 -1.254254945926416009e-01 -0.000000000000000000e+00 0.000000000000000000e+00 0.000000000000000000e+00 1.000000000000000000e+00
3.710148405936783411e-01 -1.316567941899584593e-01 -9.912953588833264273e-01 0.000000000000000000e+00 9.912953588833264273e-01 -1.316567941899584593e-01 -0.000000000000000000e+00 0.000000000000000000e+00 0.000000000000000000e+00 1.000000000000000000e+00
3.720148805952785964e-01 -1.378828957866428395e-01 -9.904485383145807953e-01 0.000000000000000000e+00 9.904485383145807953e-01 -1.378828957866428395e-01 -0.000000000000000000e+00 0.000000000000000000e+00 0.000000000000000000e+00 1.000000000000000000e+00
3.730149205968788517e-01 -1.441035535671997547e-01 -9.895626134051876965e-01 0.000000000000000000e+00 9.895626134051876965e-01 -1.441035535671997547e-01 -0.000000000000000000e+00 0.000000000000000000e+00 0.000000000000000000e+00 1.000000000000000000e+00
3.740149605984791070e-01 -1.503185219310639031e-01 -9.886376191327437279e-01 0.000000000000000000e+00 9.886376191327437279e-01 -1.503185219310639031e-01 -0.000000000000000000e+00 0.000000000000000000e+00 0.000000000000000000e+00 1.000000000000000000e+00
3.750150006000793623e-01 -1.565275555022964116e-01 -9.876735920173604910e-01 0.000000000000000000e+00 9.876735920173604910e-01 -1.565275555022964116e-01 -0.000000000000000000e+00 0.000000000000000000e+00 0.000000000000000000e+00 1.000000000000000000e+00
3.760150406016796176e-01 -1.627304091392725582e-01 -9.866705701202225232e-01 0.000000000000000000e+00 9.866705701202225232e-01 -1.627304091392725582e-01 -0.000000000000000000e+00 0.000000000000000000e+00 0.000000000000000000e+00 1.000000000000000000e+00
3.770150806032798729e-01 -1.689268379443608081e-01 -9.856285930420847219e-01 0.000000000000000000e+00 9.856285930420847219e-01 -1.689268379443608081e-01 -0.000000000000000000e+00 0.000000000000000000e+00 0.000000000000000000e+00 1.000000000000000000e+00
3.780151206048801282e-01 -1.751165972735900245e-01 -9.845477019217094838e-01 0.000000000000000000e+00 9.845477019217094838e-01 -1.751165972735900245e-01 -0.000000000000000000e+00 0.000000000000000000e+00 0.000000000000000000e+00 1.000000000000000000e+00
3.790151606064803835e-01 -1.812994427463113234e-01 -9.834279394342410052e-01 0.000000000000000000e+00 9.834279394342410052e-01 -1.812994427463113234e-01 -0.000000000000000000e+00 0.000000000000000000e+00 0.000000000000000000e+00 1.000000000000000000e+00
3.800152006080806388e-01 -1.874751302548431364e-01 -9.822693497895217396e-01 0.000000000000000000e+00 9.822693497895217396e-01 -1.874751302548431364e-01 -0.000000000000000000e+00 0.000000000000000000e+00 0.000000000000000000e+00 1.000000000000000000e+00
3.810152406096808941e-01 -1.936434159741119709e-01 -9.810719787303463502e-01 0.000000000000000000e+00 9.810719787303463502e-01 -1.936434159741119709e-01 -0.000000000000000000e+00 0.000000000000000000e+00 0.000000000000000000e+00 1.000000000000000000e+00
3.820152806112811494e-01 -1.998040563712772388e-01 -9.798358735306559320e-01 0.000000000000000000e+00 9.798358735306559320e-01 -1.998040563712772388e-01 -0.000000000000000000e+00 0.000000000000000000e+00 0.000000000000000000e+00 1.000000000000000000e+00
3.830153206128814047e-01 -2.059568082153467872e-01 -9.785610829936715049e-01 0.000000000000000000e+00 9.785610829936715049e-01 -2.059568082153467872e-01 -0.000000000000000000e+00 0.000000000000000000e+00 0.000000000000000000e+00 1.000000000000000000e+00
3.840153606144816600e-01 -2.121014285867798554e-01 -9.772476574499666668e-01 0.000000000000000000e+00 9.772476574499666668e-01 -2.121014285867798554e-01 -0.000000000000000000e+00 0.000000000000000000e+00 0.000000000000000000e+00 1.000000000000000000e+00
3.850154006160819153e-01 -2.182376748870780425e-01 -9.758956487554815151e-01 0.000000000000000000e+00 9.758956487554815151e-01 -2.182376748870780425e-01 -0.000000000000000000e+00 0.000000000000000000e+00 0.000000000000000000e+00 1.000000000000000000e+00
3.860154406176821706e-01 -2.243653048483637835e-01 -9.745051102894746187e-01 0.000000000000000000e+00 9.745051102894746187e-01 -2.243653048483637835e-01 -0.000000000000000000e+00 0.000000000000000000e+00 0.000000000000000000e+00 1.000000000000000000e+00
3.870154806192824259e-01 -2.304840765429438110e-01 -9.730760969524154813e-01 0.000000000000000000e+00 9.730760969524154813e-01 -2.304840765429438110e-01 -0.000000000000000000e+00 0.000000000000000000e+00 0.000000000000000000e+00 1.000000000000000000e+00
3.880155206208826812e-01 -2.365937483928636786e-01 -9.716086651638171645e-01 0.000000000000000000e+00 9.716086651638171645e-01 -2.365937483928636786e-01 -0.000000000000000000e+00 0.000000000000000000e+00 0.000000000000000000e+00 1.000000000000000000e+00
3.890155606224829365e-01 -2.426940791794422736e-01 -9.701028728600090689e-01 0.000000000000000000e+00 9.701028728600090689e-01 -2.426940791794422736e-01 -0.000000000000000000e+00 0.000000000000000000e+00 0.000000000000000000e+00 1.000000000000000000e+00
3.900156006240831918e-01 -2.487848280527984735e-01 -9.685587794918488758e-01 0.000000000000000000e+00 9.685587794918488758e-01 -2.487848280527984735e-01 -0.000000000000000000e+00 0.000000000000000000e+00 0.000000000000000000e+00 1.000000000000000000e+00
3.910156406256834472e-01 -2.548657545413585135e-01 -9.669764460223757574e-01 0.000000000000000000e+00 9.669764460223757574e-01 -2.548657545413585135e-01 -0.000000000000000000e+00 0.000000000000000000e+00 0.000000000000000000e+00 1.000000000000000000e+00
3.920156806272837025e-01 -2.609366185613506417e-01 -9.653559349244031917e-01 0.000000000000000000e+00 9.653559349244031917e-01 -2.609366185613506417e-01 -0.000000000000000000e+00 0.000000000000000000e+00 0.000000000000000000e+00 1.000000000000000000e+00
3.930157206288839578e-01 -2.669971804262837867e-01 -9.636973101780531570e-01 0.000000000000000000e+00 9.636973101780531570e-01 -2.669971804262837867e-01 -0.000000000000000000e+00 0.000000000000000000e+00 0.000000000000000000e+00 1.000000000000000000e+00
3.940157606304842131e-01 -2.730472008564109321e-01 -9.620006372682291529e-01 0.000000000000000000e+00 9.620006372682291529e-01 -2.730472008564109321e-01 -0.000000000000000000e+00 0.000000000000000000e+00 0.000000000000000000e+00 1.000000000000000000e+00
3.950158006320844684e-01 -2.790864409881765873e-01 -9.602659831820313796e-01 0.000000000000000000e+00 9.602659831820313796e-01 -2.790864409881765873e-01 -0.000000000000000000e+00 0.000000000000000000e+00 0.000000000000000000e+00 1.000000000000000000e+00
3.960158406336847237e-01 -2.851146623836458005e-01 -9.584934164061118533e-01 0.000000000000000000e+00 9.584934164061118533e-01 -2.851146623836458005e-01 -0.000000000000000000e+00 0.000000000000000000e+00 0.000000000000000000e+00 1.000000000000000000e+00
3.970158806352849790e-01 -2.911316270399204043e-01 -9.566830069239700141e-01 0.000000000000000000e+00 9.566830069239700141e-01 -2.911316270399204043e-01 -0.000000000000000000e+00 0.000000000000000000e+00 0.000000000000000000e+00 1.000000000000000000e+00
3.980159206368852343e-01 -2.971370973985346664e-01 -9.548348262131907127e-01 0.000000000000000000e+00 9.548348262131907127e-01 -2.971370973985346664e-01 -0.000000000000000000e+00 0.000000000000000000e+00 0.000000000000000000e+00 1.000000000000000000e+00
3.990159606384854896e-01 -3.031308363548331219e-01 -9.529489472426211361e-01 0.000000000000000000e+00 9.529489472426211361e-01 -3.031308363548331219e-01 -0.000000000000000000e+00 0.000000000000000000e+00 0.000000000000000000e+00 1.000000000000000000e+00
4.000160006400857449e-01 -3.091126072673341940e-01 -9.510254444694900000e-01 0.000000000000000000e+00 9.510254444694900000e-01 -3.091126072673341940e-01 -0.000000000000000000e+00 0.000000000000000000e+00 0.000000000000000000e+00 1.000000000000000000e+00
4.010160406416860002e-01 -3.150821739670716659e-01 -9.490643938364689003e-01 0.000000000000000000e+00 9.490643938364689003e-01 -3.150821739670716659e-01 -0.000000000000000000e+00 0.000000000000000000e+00 0.000000000000000000e+00 1.000000000000000000e+00
4.020160806432862555e-01 -3.210393007669191112e-01 -9.470658727686727119e-01 0.000000000000000000e+00 9.470658727686727119e-01 -3.210393007669191112e-01 -0.000000000000000000e+00 0.000000000000000000e+00 0.000000000000000000e+00 1.000000000000000000e+00
4.030161206448865108e-01 -3.269837524708956167e-01 -9.450299601706032560e-01 0.000000000000000000e+00 9.450299601706032560e-01 -3.269837524708956167e-01 -0.000000000000000000e+00 0.000000000000000000e+00 0.000000000000000000e+00 1.000000000000000000e+00
4.040161606464867661e-01 -3.329152943834511325e-01 -9.429567364230344584e-01 0.000000000000000000e+00 9.429567364230344584e-01 -3.329152943834511325e-01 -0.000000000000000000e+00 0.000000000000000000e+00 0.000000000000000000e+00 1.000000000000000000e+00
4.050162006480870214e-01 -3.388336923187334482e-01 -9.408462833798376668e-01 0.000000000000000000e+00 9.408462833798376668e-01 -3.388336923187334482e-01 -0.000000000000000000e+00 0.000000000000000000e+00 0.000000000000000000e+00 1.000000000000000000e+00
4.060162406496872767e-01 -3.447387126098321875e-01 -9.386986843647515677e-01 0.000000000000000000e+00 9.386986843647515677e-01 -3.447387126098321875e-01 -0.000000000000000000e+00 0.000000000000000000e+00 0.000000000000000000e+00 1.000000000000000000e+00
4.070162806512875320e-01 -3.506301221180074257e-01 -9.365140241680908195e-01 0.000000000000000000e+00 9.365140241680908195e-01 -3.506301221180074257e-01 -0.000000000000000000e+00 0.000000000000000000e+00 0.000000000000000000e+00 1.000000000000000000e+00
4.080163206528877873e-01 -3.565076882418909965e-01 -9.342923890433993961e-01 0.000000000000000000e+00 9.342923890433993961e-01 -3.565076882418909965e-01 -0.000000000000000000e+00 0.000000000000000000e+00 0.000000000000000000e+00 1.000000000000000000e+00
4.090163606544880426e-01 -3.623711789266728101e-01 -9.320338667040448666e-01 0.000000000000000000e+00 9.320338667040448666e-01 -3.623711789266728101e-01 -0.000000000000000000e+00 0.000000000000000000e+00 0.000000000000000000e+00 1.000000000000000000e+00
4.100164006560882979e-01 -3.682203626732610258e-01 -9.297385463197553879e-01 0.000000000000000000e+00 9.297385463197553879e-01 -3.682203626732610258e-01 -0.000000000000000000e+00 0.000000000000000000e+00 0.000000000000000000e+00 1.000000000000000000e+00
4.110164406576885532e-01 -3.740550085474224629e-01 -9.274065185130992983e-01 0.000000000000000000e+00 9.274065185130992983e-01 -3.740550085474224629e-01 -0.000000000000000000e+00 0.000000000000000000e+00 0.000000000000000000e+00 1.000000000000000000e+00
4.120164806592888085e-01 -3.798748861889001405e-01 -9.250378753559066469e-01 0.000000000000000000e+00 9.250378753559066469e-01 -3.798748861889001405e-01 -0.000000000000000000e+00 0.000000000000000000e+00 0.000000000000000000e+00 1.000000000000000000e+00
4.130165206608890638e-01 -3.856797658205081691e-01 -9.226327103656349893e-01 0.000000000000000000e+00 9.226327103656349893e-01 -3.856797658205081691e-01 -0.000000000000000000e+00 0.000000000000000000e+00 0.000000000000000000e+00 1.000000000000000000e+00
4.140165606624893191e-01 -3.914694182572043268e-01 -9.201911185016762307e-01 0.000000000000000000e+00 9.201911185016762307e-01 -3.914694182572043268e-01 -0.000000000000000000e+00 0.000000000000000000e+00 0.000000000000000000e+00 1.000000000000000000e+00
4.150166006640895744e-01 -3.972436149151367668e-01 -9.177131961616081801e-01 0.000000000000000000e+00 9.177131961616081801e-01 -3.972436149151367668e-01 -0.000000000000000000e+00 0.000000000000000000e+00 0.000000000000000000e+00 1.000000000000000000e+00
4.160166406656898297e-01 -4.030021278206714075e-01 -9.151990411773883727e-01 0.000000000000000000e+00 9.151990411773883727e-01 -4.030021278206714075e-01 -0.000000000000000000e+00 0.000000000000000000e+00 0.000000000000000000e+00 1.000000000000000000e+00
4.170166806672900850e-01 -4.087447296193914004e-01 -9.126487528114912706e-01 0.000000000000000000e+00 9.126487528114912706e-01 -4.087447296193914004e-01 -0.000000000000000000e+00 0.000000000000000000e+00 0.000000000000000000e+00 1.000000000000000000e+00
4.180167206688903403e-01 -4.144711935850720619e-01 -9.100624317529901752e-01 0.000000000000000000e+00 9.100624317529901752e-01 -4.144711935850720619e-01 -0.000000000000000000e+00 0.000000000000000000e+00 0.000000000000000000e+00 1.000000000000000000e+00
4.190167606704905956e-01 -4.201812936286350442e-01 -9.074401801135800749e-01 0.000000000000000000e+00 9.074401801135800749e-01 -4.201812936286350442e-01 -0.000000000000000000e+00 0.000000000000000000e+00 0.000000000000000000e+00 1.000000000000000000e+00
4.200168006720908509e-01 -4.258748043070729183e-01 -9.047821014235484238e-01 0.000000000000000000e+00 9.047821014235484238e-01 -4.258748043070729183e-01 -0.000000000000000000e+00 0.000000000000000000e+00 0.000000000000000000e+00 1.000000000000000000e+00
4.210168406736911062e-01 -4.315515008323502766e-01 -9.020883006276856353e-01 0.000000000000000000e+00 9.020883006276856353e-01 -4.315515008323502766e-01 -0.000000000000000000e+00 0.000000000000000000e+00 0.000000000000000000e+00 1.000000000000000000e+00
4.220168806752913615e-01 -4.372111590802787995e-01 -8.993588840811430618e-01 0.000000000000000000e+00 8.993588840811430618e-01 -4.372111590802787995e-01 -0.000000000000000000e+00 0.000000000000000000e+00 0.000000000000000000e+00 1.000000000000000000e+00
4.230169206768916168e-01 -4.428535555993661776e-01 -8.965939595452330213e-01 0.000000000000000000e+00 8.965939595452330213e-01 -4.428535555993661776e-01 -0.000000000000000000e+00 0.000000000000000000e+00 0.000000000000000000e+00 1.000000000000000000e+00
4.240169606784918721e-01 -4.484784676196382214e-01 -8.937936361831745335e-01 0.000000000000000000e+00 8.937936361831745335e-01 -4.484784676196382214e-01 -0.000000000000000000e+00 0.000000000000000000e+00 0.000000000000000000e+00 1.000000000000000000e+00
4.250170006800921274e-01 -4.540856730614331593e-01 -8.909580245557839895e-01 0.000000000000000000e+00 8.909580245557839895e-01 -4.540856730614331593e-01 -0.000000000000000000e+00 0.000000000000000000e+00 0.000000000000000000e+00 1.000000000000000000e+00
4.260170406816923827e-01 -4.596749505441718453e-01 -8.880872366171089771e-01 0.000000000000000000e+00 8.880872366171089771e-01 -4.596749505441718453e-01 -0.000000000000000000e+00 0.000000000000000000e+00 0.000000000000000000e+00 1.000000000000000000e+00
4.270170806832926380e-01 -4.652460793950955464e-01 -8.851813857100092608e-01 0.000000000000000000e+00 8.851813857100092608e-01 -4.652460793950955464e-01 -0.000000000000000000e+00 0.000000000000000000e+00 0.000000000000000000e+00 1.000000000000000000e+00
4.280171206848928933e-01 -4.707988396579807500e-01 -8.822405865616809173e-01 0.000000000000000000e+00 8.822405865616809173e-01 -4.707988396579807500e-01 -0.000000000000000000e+00 0.000000000000000000e+00 0.000000000000000000e+00 1.000000000000000000e+00
4.290171606864931486e-01 -4.763330121018221064e-01 -8.792649552791270695e-01 0.000000000000000000e+00 8.792649552791270695e-01 -4.763330121018221064e-01 -0.000000000000000000e+00 0.000000000000000000e+00 0.000000000000000000e+00 1.000000000000000000e+00
4.300172006880934039e-01 -4.818483782294881723e-01 -8.762546093445739981e-01 0.000000000000000000e+00 8.762546093445739981e-01 -4.818483782294881723e-01 -0.000000000000000000e+00 0.000000000000000000e+00 0.000000000000000000e+00 1.000000000000000000e+00
4.310172406896936592e-01 -4.873447202863481209e-01 -8.732096676108327404e-01 0.000000000000000000e+00 8.732096676108327404e-01 -4.873447202863481209e-01 -0.000000000000000000e+00 0.000000000000000000e+00 0.000000000000000000e+00 1.000000000000000000e+00
4.320172806912939145e-01 -4.928218212688688649e-01 -8.701302502966064001e-01 0.000000000000000000e+00 8.701302502966064001e-01 -4.928218212688688649e-01 -0.000000000000000000e+00 0.000000000000000000e+00 0.000000000000000000e+00 1.000000000000000000e+00
4.330173206928941698e-01 -4.982794649331832026e-01 -8.670164789817438322e-01 0.000000000000000000e+00 8.670164789817438322e-01 -4.982794649331832026e-01 -0.000000000000000000e+00 0.000000000000000000e+00 0.000000000000000000e+00 1.000000000000000000e+00
4.340173606944944251e-01 -5.037174358036258237e-01 -8.638684766024398165e-01 0.000000000000000000e+00 8.638684766024398165e-01 -5.037174358036258237e-01 -0.000000000000000000e+00 0.000000000000000000e+00 0.000000000000000000e+00 1.000000000000000000e+00
4.350174006960946804e-01 -5.091355191812433345e-01 -8.606863674463803848e-01 0.000000000000000000e+00 8.606863674463803848e-01 -5.091355191812433345e-01 -0.000000000000000000e+00 0.000000000000000000e+00 0.000000000000000000e+00 1.000000000000000000e+00
4.360174406976949357e-01 -5.145335011522677027e-01 -8.574702771478375229e-01 0.000000000000000000e+00 8.574702771478375229e-01 -5.145335011522677027e-01 -0.000000000000000000e+00 0.000000000000000000e+00 0.000000000000000000e+00 1.000000000000000000e+00
4.370174806992951910e-01 -5.199111685965648322e-01 -8.542203326827068066e-01 0.000000000000000000e+00 8.542203326827068066e-01 -5.199111685965648322e-01 -0.000000000000000000e+00 0.000000000000000000e+00 0.000000000000000000e+00 1.000000000000000000e+00
4.380175207008954463e-01 -5.252683091960468342e-01 -8.509366623634957438e-01 0.000000000000000000e+00 8.509366623634957438e-01 -5.252683091960468342e-01 -0.000000000000000000e+00 0.000000000000000000e+00 0.000000000000000000e+00 1.000000000000000000e+00
4.390175607024957016e-01 -5.306047114430556544e-01 -8.476193958342573831e-01 0.000000000000000000e+00 8.476193958342573831e-01 -5.306047114430556544e-01 -0.000000000000000000e+00 0.000000000000000000e+00 0.000000000000000000e+00 1.000000000000000000e+00
4.400176007040959569e-01 -5.359201646487132820e-01 -8.442686640654715191e-01 0.000000000000000000e+00 8.442686640654715191e-01 -5.359201646487132820e-01 -0.000000000000000000e+00 0.000000000000000000e+00 0.000000000000000000e+00 1.000000000000000000e+00
4.410176407056962122e-01 -5.412144589512399850e-01 -8.408845993488740511e-01 0.000000000000000000e+00 8.408845993488740511e-01 -5.412144589512399850e-01 -0.000000000000000000e+00 0.000000000000000000e+00 0.000000000000000000e+00 1.000000000000000000e+00
4.420176807072964675e-01 -5.464873853242406820e-01 -8.374673352922338276e-01 0.000000000000000000e+00 8.374673352922338276e-01 -5.464873853242406820e-01 -0.000000000000000000e+00 0.000000000000000000e+00 0.000000000000000000e+00 1.000000000000000000e+00
4.430177207088967228e-01 -5.517387355849558972e-01 -8.340170068140780879e-01 0.000000000000000000e+00 8.340170068140780879e-01 -5.517387355849558972e-01 -0.000000000000000000e+00 0.000000000000000000e+00 0.000000000000000000e+00 1.000000000000000000e+00
4.440177607104969781e-01 -5.569683024024834062e-01 -8.305337501383647236e-01 0.000000000000000000e+00 8.305337501383647236e-01 -5.569683024024834062e-01 -0.000000000000000000e+00 0.000000000000000000e+00 0.000000000000000000e+00 1.000000000000000000e+00
4.450178007120972334e-01 -5.621758793059628001e-01 -8.270177027891043586e-01 0.000000000000000000e+00 8.270177027891043586e-01 -5.621758793059628001e-01 -0.000000000000000000e+00 0.000000000000000000e+00 0.000000000000000000e+00 1.000000000000000000e+00
4.460178407136974887e-01 -5.673612606927260771e-01 -8.234690035849319134e-01 0.000000000000000000e+00 8.234690035849319134e-01 -5.673612606927260771e-01 -0.000000000000000000e+00 0.000000000000000000e+00 0.000000000000000000e+00 1.000000000000000000e+00
4.470178807152977440e-01 -5.725242418364175911e-01 -8.198877926336232136e-01 0.000000000000000000e+00 8.198877926336232136e-01 -5.725242418364175911e-01 -0.000000000000000000e+00 0.000000000000000000e+00 0.000000000000000000e+00 1.000000000000000000e+00
4.480179207168979993e-01 -5.776646188950751437e-01 -8.162742113265660793e-01 0.000000000000000000e+00 8.162742113265660793e-01 -5.776646188950751437e-01 -0.000000000000000000e+00 0.000000000000000000e+00 0.000000000000000000e+00 1.000000000000000000e+00
4.490179607184982546e-01 -5.827821889191787674e-01 -8.126284023331762363e-01 0.000000000000000000e+00 8.126284023331762363e-01 -5.827821889191787674e-01 -0.000000000000000000e+00 0.000000000000000000e+00 0.000000000000000000e+00 1.000000000000000000e+00
4.500180007200985099e-01 -5.878767498596629837e-01 -8.089505095952651548e-01 0.000000000000000000e+00 8.089505095952651548e-01 -5.878767498596629837e-01 -0.000000000000000000e+00 0.000000000000000000e+00 0.000000000000000000e+00 1.000000000000000000e+00
4.510180407216987652e-01 -5.929481005758943102e-01 -8.052406783213570396e-01 0.000000000000000000e+00 8.052406783213570396e-01 -5.929481005758943102e-01 -0.000000000000000000e+00 0.000000000000000000e+00 0.000000000000000000e+00 1.000000000000000000e+00
4.520180807232990206e-01 -5.979960408436126862e-01 -8.014990549809553055e-01 0.000000000000000000e+00 8.014990549809553055e-01 -5.979960408436126862e-01 -0.000000000000000000e+00 0.000000000000000000e+00 0.000000000000000000e+00 1.000000000000000000e+00
4.530181207248992759e-01 -6.030203713628354834e-01 -7.977257872987608689e-01 0.000000000000000000e+00 7.977257872987608689e-01 -6.030203713628354834e-01 -0.000000000000000000e+00 0.000000000000000000e+00 0.000000000000000000e+00 1.000000000000000000e+00
4.540181607264995312e-01 -6.080208937657286539e-01 -7.939210242488383695e-01 0.000000000000000000e+00 7.939210242488383695e-01 -6.080208937657286539e-01 -0.000000000000000000e+00 0.000000000000000000e+00 0.000000000000000000e+00 1.000000000000000000e+00
4.550182007280997865e-01 -6.129974106244352461e-01 -7.900849160487356526e-01 0.000000000000000000e+00 7.900849160487356526e-01 -6.129974106244352461e-01 -0.000000000000000000e+00 0.000000000000000000e+00 0.000000000000000000e+00 1.000000000000000000e+00
4.560182407297000418e-01 -6.179497254588731670e-01 -7.862176141535518470e-01 0.000000000000000000e+00 7.862176141535518470e-01 -6.179497254588731670e-01 -0.000000000000000000e+00 0.000000000000000000e+00 0.000000000000000000e+00 1.000000000000000000e+00
4.570182807313002971e-01 -6.228776427444909780e-01 -7.823192712499585921e-01 0.000000000000000000e+00 7.823192712499585921e-01 -6.228776427444909780e-01 -0.000000000000000000e+00 0.000000000000000000e+00 0.000000000000000000e+00 1.000000000000000000e+00
4.580183207329005524e-01 -6.277809679199876092e-01 -7.783900412501714161e-01 0.000000000000000000e+00 7.783900412501714161e-01 -6.277809679199876092e-01 -0.000000000000000000e+00 0.000000000000000000e+00 0.000000000000000000e+00 1.000000000000000000e+00
4.590183607345008077e-01 -6.326595073949941028e-01 -7.744300792858729299e-01 0.000000000000000000e+00 7.744300792858729299e-01 -6.326595073949941028e-01 -0.000000000000000000e+00 0.000000000000000000e+00 0.000000000000000000e+00 1.000000000000000000e+00
4.600184007361010630e-01 -6.375130685577167222e-01 -7.704395417020883929e-01 0.000000000000000000e+00 7.704395417020883929e-01 -6.375130685577167222e-01 -0.000000000000000000e+00 0.000000000000000000e+00 0.000000000000000000e+00 1.000000000000000000e+00
4.610184407377013183e-01 -6.423414597825420902e-01 -7.664185860510123183e-01 0.000000000000000000e+00 7.664185860510123183e-01 -6.423414597825420902e-01 -0.000000000000000000e+00 0.000000000000000000e+00 0.000000000000000000e+00 1.000000000000000000e+00
4.620184807393015736e-01 -6.471444904376013607e-01 -7.623673710857892249e-01 0.000000000000000000e+00 7.623673710857892249e-01 -6.471444904376013607e-01 -0.000000000000000000e+00 0.000000000000000000e+00 0.000000000000000000e+00 1.000000000000000000e+00
4.630185207409018289e-01 -6.519219708922988632e-01 -7.582860567542440977e-01 0.000000000000000000e+00 7.582860567542440977e-01 -6.519219708922988632e-01 -0.000000000000000000e+00 0.000000000000000000e+00 0.000000000000000000e+00 1.000000000000000000e+00
4.640185607425020842e-01 -6.566737125247965601e-01 -7.541748041925697699e-01 0.000000000000000000e+00 7.541748041925697699e-01 -6.566737125247965601e-01 -0.000000000000000000e+00 0.000000000000000000e+00 0.000000000000000000e+00 1.000000000000000000e+00
4.650186007441023395e-01 -6.613995277294634212e-01 -7.500337757189624588e-01 0.000000000000000000e+00 7.500337757189624588e-01 -6.613995277294634212e-01 -0.000000000000000000e+00 0.000000000000000000e+00 0.000000000000000000e+00 1.000000000000000000e+00
4.660186407457025948e-01 -6.660992299242807224e-01 -7.458631348272150019e-01 0.000000000000000000e+00 7.458631348272150019e-01 -6.660992299242807224e-01 -0.000000000000000000e+00 0.000000000000000000e+00 0.000000000000000000e+00 1.000000000000000000e+00
4.670186807473028501e-01 -6.707726335582093746e-01 -7.416630461802612428e-01 0.000000000000000000e+00 7.416630461802612428e-01 -6.707726335582093746e-01 -0.000000000000000000e+00 0.000000000000000000e+00 0.000000000000000000e+00 1.000000000000000000e+00
4.680187207489031054e-01 -6.754195541185151752e-01 -7.374336756036750096e-01 0.000000000000000000e+00 7.374336756036750096e-01 -6.754195541185151752e-01 -0.000000000000000000e+00 0.000000000000000000e+00 0.000000000000000000e+00 1.000000000000000000e+00
4.690187607505033607e-01 -6.800398081380543136e-01 -7.331751900791231291e-01 0.000000000000000000e+00 7.331751900791231291e-01 -6.800398081380543136e-01 -0.000000000000000000e+00 0.000000000000000000e+00 0.000000000000000000e+00 1.000000000000000000e+00
4.700188007521036160e-01 -6.846332132025169104e-01 -7.288877577377721462e-01 0.000000000000000000e+00 7.288877577377721462e-01 -6.846332132025169104e-01 -0.000000000000000000e+00 0.000000000000000000e+00 0.000000000000000000e+00 1.000000000000000000e+00
4.710188407537038713e-01 -6.891995879576272577e-01 -7.245715478536518539e-01 0.000000000000000000e+00 7.245715478536518539e-01 -6.891995879576272577e-01 -0.000000000000000000e+00 0.000000000000000000e+00 0.000000000000000000e+00 1.000000000000000000e+00
4.720188807553041266e-01 -6.937387521163067561e-01 -7.202267308369703080e-01 0.000000000000000000e+00 7.202267308369703080e-01 -6.937387521163067561e-01 -0.000000000000000000e+00 0.000000000000000000e+00 0.000000000000000000e+00 1.000000000000000000e+00
4.730189207569043819e-01 -6.982505264657903332e-01 -7.158534782273860975e-01 0.000000000000000000e+00 7.158534782273860975e-01 -6.982505264657903332e-01 -0.000000000000000000e+00 0.000000000000000000e+00 0.000000000000000000e+00 1.000000000000000000e+00
4.740189607585046372e-01 -7.027347328747011179e-01 -7.114519626872375380e-01 0.000000000000000000e+00 7.114519626872375380e-01 -7.027347328747011179e-01 -0.000000000000000000e+00 0.000000000000000000e+00 0.000000000000000000e+00 1.000000000000000000e+00
4.750190007601048925e-01 -7.071911943000857015e-01 -7.070223579947231274e-01 0.000000000000000000e+00 7.070223579947231274e-01 -7.071911943000857015e-01 -0.000000000000000000e+00 0.000000000000000000e+00 0.000000000000000000e+00 1.000000000000000000e+00
4.760190407617051478e-01 -7.116197347944021034e-01 -7.025648390370420326e-01 0.000000000000000000e+00 7.025648390370420326e-01 -7.116197347944021034e-01 -0.000000000000000000e+00 0.000000000000000000e+00 0.000000000000000000e+00 1.000000000000000000e+00
4.770190807633054031e-01 -7.160201795124673252e-01 -6.980795818034890576e-01 0.000000000000000000e+00 6.980795818034890576e-01 -7.160201795124673252e-01 -0.000000000000000000e+00 0.000000000000000000e+00 0.000000000000000000e+00 1.000000000000000000e+00
4.780191207649056584e-01 -7.203923547183598286e-01 -6.935667633785062014e-01 0.000000000000000000e+00 6.935667633785062014e-01 -7.203923547183598286e-01 -0.000000000000000000e+00 0.000000000000000000e+00 0.000000000000000000e+00 1.000000000000000000e+00
4.790191607665059137e-01 -7.247360877922798261e-01 -6.890265619346912507e-01 0.000000000000000000e+00 6.890265619346912507e-01 -7.247360877922798261e-01 -0.000000000000000000e+00 0.000000000000000000e+00 0.000000000000000000e+00 1.000000000000000000e+00
4.800192007681061690e-01 -7.290512072373640517e-01 -6.844591567257626297e-01 0.000000000000000000e+00 6.844591567257626297e-01 -7.290512072373640517e-01 -0.000000000000000000e+00 0.000000000000000000e+00 0.000000000000000000e+00 1.000000000000000000e+00
4.810192407697064243e-01 -7.333375426864557900e-01 -6.798647280794839487e-01 0.000000000000000000e+00 6.798647280794839487e-01 -7.333375426864557900e-01 -0.000000000000000000e+00 0.000000000000000000e+00 0.000000000000000000e+00 1.000000000000000000e+00
4.820192807713066796e-01 -7.375949249088333826e-01 -6.752434573905418125e-01 0.000000000000000000e+00 6.752434573905418125e-01 -7.375949249088333826e-01 -0.000000000000000000e+00 0.000000000000000000e+00 0.000000000000000000e+00 1.000000000000000000e+00
4.830193207729069349e-01 -7.418231858168892190e-01 -6.705955271133868800e-01 0.000000000000000000e+00 6.705955271133868800e-01 -7.418231858168892190e-01 -0.000000000000000000e+00 0.000000000000000000e+00 0.000000000000000000e+00 1.000000000000000000e+00
4.840193607745071902e-01 -7.460221584727679822e-01 -6.659211207550277400e-01 0.000000000000000000e+00 6.659211207550277400e-01 -7.460221584727679822e-01 -0.000000000000000000e+00 0.000000000000000000e+00 0.000000000000000000e+00 1.000000000000000000e+00
4.850194007761074455e-01 -7.501916770949570434e-01 -6.612204228677874829e-01 0.000000000000000000e+00 6.612204228677874829e-01 -7.501916770949570434e-01 -0.000000000000000000e+00 0.000000000000000000e+00 0.000000000000000000e+00 1.000000000000000000e+00
4.860194407777077008e-01 -7.543315770648313379e-01 -6.564936190420166406e-01 0.000000000000000000e+00 6.564936190420166406e-01 -7.543315770648313379e-01 -0.000000000000000000e+00 0.000000000000000000e+00 0.000000000000000000e+00 1.000000000000000000e+00
4.870194807793079561e-01 -7.584416949331529434e-01 -6.517408958987660483e-01 0.000000000000000000e+00 6.517408958987660483e-01 -7.584416949331529434e-01 -0.000000000000000000e+00 0.000000000000000000e+00 0.000000000000000000e+00 1.000000000000000000e+00
4.880195207809082114e-01 -7.625218684265245850e-01 -6.469624410824186267e-01 0.000000000000000000e+00 6.469624410824186267e-01 -7.625218684265245850e-01 -0.000000000000000000e+00 0.000000000000000000e+00 0.000000000000000000e+00 1.000000000000000000e+00
4.890195607825084667e-01 -7.665719364537967317e-01 -6.421584432532806419e-01 0.000000000000000000e+00 6.421584432532806419e-01 -7.665719364537967317e-01 -0.000000000000000000e+00 0.000000000000000000e+00 0.000000000000000000e+00 1.000000000000000000e+00
4.900196007841087220e-01 -7.705917391124247340e-01 -6.373290920801343296e-01 0.000000000000000000e+00 6.373290920801343296e-01 -7.705917391124247340e-01 -0.000000000000000000e+00 0.000000000000000000e+00 0.000000000000000000e+00 1.000000000000000000e+00
4.910196407857089773e-01 -7.745811176947886567e-01 -6.324745782327478860e-01 0.000000000000000000e+00 6.324745782327478860e-01 -7.745811176947886567e-01 -0.000000000000000000e+00 0.000000000000000000e+00 0.000000000000000000e+00 1.000000000000000000e+00
4.920196807873092326e-01 -7.785399146944511628e-01 -6.275950933743481563e-01 0.000000000000000000e+00 6.275950933743481563e-01 -7.785399146944511628e-01 -0.000000000000000000e+00 0.000000000000000000e+00 0.000000000000000000e+00 1.000000000000000000e+00
4.930197207889094879e-01 -7.824679738123820893e-01 -6.226908301540543533e-01 0.000000000000000000e+00 6.226908301540543533e-01 -7.824679738123820893e-01 -0.000000000000000000e+00 0.000000000000000000e+00 0.000000000000000000e+00 1.000000000000000000e+00
4.940197607905097432e-01 -7.863651399631268468e-01 -6.177619821992705873e-01 0.000000000000000000e+00 6.177619821992705873e-01 -7.863651399631268468e-01 -0.000000000000000000e+00 0.000000000000000000e+00 0.000000000000000000e+00 1.000000000000000000e+00
4.950198007921099985e-01 -7.902312592809298541e-01 -6.128087441080420916e-01 0.000000000000000000e+00 6.128087441080420916e-01 -7.902312592809298541e-01 -0.000000000000000000e+00 0.000000000000000000e+00 0.000000000000000000e+00 1.000000000000000000e+00
4.960198407937102538e-01 -7.940661791258093460e-01 -6.078313114413719243e-01 0.000000000000000000e+00 6.078313114413719243e-01 -7.940661791258093460e-01 -0.000000000000000000e+00 0.000000000000000000e+00 0.000000000000000000e+00 1.000000000000000000e+00
4.970198807953105091e-01 -7.978697480895839966e-01 -6.028298807154999217e-01 0.000000000000000000e+00 6.028298807154999217e-01 -7.978697480895839966e-01 -0.000000000000000000e+00 0.000000000000000000e+00 0.000000000000000000e+00 1.000000000000000000e+00
4.980199207969107644e-01 -8.016418160018504713e-01 -5.978046493941440165e-01 0.000000000000000000e+00 5.978046493941440165e-01 -8.016418160018504713e-01 -0.000000000000000000e+00 0.000000000000000000e+00 0.000000000000000000e+00 1.000000000000000000e+00
4.990199607985110197e-01 -8.053822339359124616e-01 -5.927558158807038069e-01 0.000000000000000000e+00 5.927558158807038069e-01 -8.053822339359124616e-01 -0.000000000000000000e+00 0.000000000000000000e+00 0.000000000000000000e+00 1.000000000000000000e+00
5.000000000000000000e-01 -8.090169943749474513e-01 -5.877852522924734702e-01 0.000000000000000000e+00 5.877852522924734702e-01 -8.090169943749474513e-01 -0.000000000000000000e+00 0.000000000000000000e+00 0.000000000000000000e+00 1.000000000000000000e+00
