time R11 R12 R13 R21 R22 R23 R31 R32 R33
0.000000000000000000e+00 1.000000000000000000e+00 -0.000000000000000000e+00 0.000000000000000000e+00 0.000000000000000000e+00 1.000000000000000000e+00 -0.000000000000000000e+00 0.000000000000000000e+00 0.000000000000000000e+00 1.000000000000000000e+00
1.000040001600064482e-03 9.999999999973082643e-01 2.320170262261450855e-06 0.000000000000000000e+00 -2.320170262261450855e-06 9.999999999973082643e-01 -0.000000000000000000e+00 -0.000000000000000000e+00 0.000000000000000000e+00 1.000000000000000000e+00
2.000080003200124627e-03 9.999999990126584581e-01 4.443740388538810750e-05 0.000000000000000000e+00 -4.443740388538810750e-05 9.999999990126584581e-01 -0.000000000000000000e+00 -0.000000000000000000e+00 0.000000000000000000e+00 1.000000000000000000e+00
3.000120004800184773e-03 9.999999965815901115e-01 8.268506164877467972e-05 0.000000000000000000e+00 -8.268506164877467972e-05 9.999999965815901115e-01 -0.000000000000000000e+00 -0.000000000000000000e+00 0.000000000000000000e+00 1.000000000000000000e+00
4.000160006400246653e-03 9.999999927550027312e-01 1.203743915947851729e-04 0.000000000000000000e+00 -1.203743915947851729e-04 9.999999927550027312e-01 -0.000000000000000000e+00 -0.000000000000000000e+00 0.000000000000000000e+00 1.000000000000000000e+00
5.000200008000328482e-03 9.999999912792277845e-01 1.320664376311181311e-04 0.000000000000000000e+00 -1.320664376311181311e-04 9.999999912792277845e-01 -0.000000000000000000e+00 -0.000000000000000000e+00 0.000000000000000000e+00 1.000000000000000000e+00
6.000240009600410311e-03 9.999999912440095118e-01 1.323328404056123492e-04 0.000000000000000000e+00 -1.323328404056123492e-04 9.999999912440095118e-01 -0.000000000000000000e+00 -0.000000000000000000e+00 0.000000000000000000e+00 1.000000000000000000e+00
7.000280011200492140e-03 9.999999911897400340e-01 1.327423044796081225e-04 0.000000000000000000e+00 -1.327423044796081225e-04 9.999999911897400340e-01 -0.000000000000000000e+00 -0.000000000000000000e+00 0.000000000000000000e+00 1.000000000000000000e+00
8.000320012800573102e-03 9.999999914925870037e-01 1.304408903628957207e-04 0.000000000000000000e+00 -1.304408903628957207e-04 9.999999914925870037e-01 -0.000000000000000000e+00 -0.000000000000000000e+00 0.000000000000000000e+00 1.000000000000000000e+00
9.000360014400654932e-03 9.999999919427322581e-01 1.269430390374933653e-04 0.000000000000000000e+00 -1.269430390374933653e-04 9.999999919427322581e-01 -0.000000000000000000e+00 -0.000000000000000000e+00 0.000000000000000000e+00 1.000000000000000000e+00
1.000040001600073676e-02 9.999999923214476505e-01 1.239237849948398684e-04 0.000000000000000000e+00 -1.239237849948398684e-04 9.999999923214476505e-01 -0.000000000000000000e+00 -0.000000000000000000e+00 0.000000000000000000e+00 1.000000000000000000e+00
1.100044001760081859e-02 9.999999927412396294e-01 1.204886737266065564e-04 0.000000000000000000e+00 -1.204886737266065564e-04 9.999999927412396294e-01 -0.000000000000000000e+00 -0.000000000000000000e+00 0.000000000000000000e+00 1.000000000000000000e+00
1.200048001920090042e-02 9.999999931880915183e-01 1.167211062771662897e-04 0.000000000000000000e+00 -1.167211062771662897e-04 9.999999931880915183e-01 -0.000000000000000000e+00 -0.000000000000000000e+00 0.000000000000000000e+00 1.000000000000000000e+00
1.300052002080098225e-02 9.999999936517643961e-01 1.126786177319963409e-04 0.000000000000000000e+00 -1.126786177319963409e-04 9.999999936517643961e-01 -0.000000000000000000e+00 -0.000000000000000000e+00 0.000000000000000000e+00 1.000000000000000000e+00
1.400056002240106408e-02 9.999999941231180189e-01 1.084147758962956677e-04 0.000000000000000000e+00 -1.084147758962956677e-04 9.999999941231180189e-01 -0.000000000000000000e+00 -0.000000000000000000e+00 0.000000000000000000e+00 1.000000000000000000e+00
1.500060002400114591e-02 9.999999945988850003e-01 1.039337755904577119e-04 0.000000000000000000e+00 -1.039337755904577119e-04 9.999999945988850003e-01 -0.000000000000000000e+00 -0.000000000000000000e+00 0.000000000000000000e+00 1.000000000000000000e+00
1.600064002560122600e-02 9.999999950887387135e-01 9.910863786178137952e-05 0.000000000000000000e+00 -9.910863786178137952e-05 9.999999950887387135e-01 -0.000000000000000000e+00 -0.000000000000000000e+00 0.000000000000000000e+00 1.000000000000000000e+00
1.700068002720130783e-02 9.999999955917768801e-01 9.389593161083077764e-05 0.000000000000000000e+00 -9.389593161083077764e-05 9.999999955917768801e-01 -0.000000000000000000e+00 -0.000000000000000000e+00 0.000000000000000000e+00 1.000000000000000000e+00
1.800072002880138966e-02 9.999999960989739423e-01 8.832922543556837990e-05 0.000000000000000000e+00 -8.832922543556837990e-05 9.999999960989739423e-01 -0.000000000000000000e+00 -0.000000000000000000e+00 0.000000000000000000e+00 1.000000000000000000e+00
1.900076003040147149e-02 9.999999965989976314e-01 8.247426587669146882e-05 0.000000000000000000e+00 -8.247426587669146882e-05 9.999999965989976314e-01 -0.000000000000000000e+00 -0.000000000000000000e+00 0.000000000000000000e+00 1.000000000000000000e+00
2.000080003200155332e-02 9.999999970915325331e-01 7.626883054639002678e-05 0.000000000000000000e+00 -7.626883054639002678e-05 9.999999970915325331e-01 -0.000000000000000000e+00 -0.000000000000000000e+00 0.000000000000000000e+00 1.000000000000000000e+00
2.100084003360163515e-02 9.999999975814306552e-01 6.954953883636534595e-05 0.000000000000000000e+00 -6.954953883636534595e-05 9.999999975814306552e-01 -0.000000000000000000e+00 -0.000000000000000000e+00 0.000000000000000000e+00 1.000000000000000000e+00
2.200088003520171698e-02 9.999999980663395460e-01 6.218778578571016076e-05 0.000000000000000000e+00 -6.218778578571016076e-05 9.999999980663395460e-01 -0.000000000000000000e+00 -0.000000000000000000e+00 0.000000000000000000e+00 1.000000000000000000e+00
2.300092003680179881e-02 9.999999985109977452e-01 5.457109475873003383e-05 0.000000000000000000e+00 -5.457109475873003383e-05 9.999999985109977452e-01 -0.000000000000000000e+00 -0.000000000000000000e+00 0.000000000000000000e+00 1.000000000000000000e+00
2.400096003840188064e-02 9.999999989129220168e-01 4.662784349919576256e-05 0.000000000000000000e+00 -4.662784349919576256e-05 9.999999989129220168e-01 -0.000000000000000000e+00 -0.000000000000000000e+00 0.000000000000000000e+00 1.000000000000000000e+00
2.500100004000196247e-02 9.999999992704988738e-01 3.819688561226898977e-05 0.000000000000000000e+00 -3.819688561226898977e-05 9.999999992704988738e-01 -0.000000000000000000e+00 -0.000000000000000000e+00 0.000000000000000000e+00 1.000000000000000000e+00
2.600104004160204429e-02 9.999999995991469826e-01 2.831441020288633090e-05 0.000000000000000000e+00 -2.831441020288633090e-05 9.999999995991469826e-01 -0.000000000000000000e+00 -0.000000000000000000e+00 0.000000000000000000e+00 1.000000000000000000e+00
2.700108004320212612e-02 9.999999998790957134e-01 1.555018992395114407e-05 0.000000000000000000e+00 -1.555018992395114407e-05 9.999999998790957134e-01 -0.000000000000000000e+00 -0.000000000000000000e+00 0.000000000000000000e+00 1.000000000000000000e+00
2.800112004480220795e-02 9.999999999990784039e-01 -1.357550744177977268e-06 0.000000000000000000e+00 1.357550744177977268e-06 9.999999999990784039e-01 -0.000000000000000000e+00 0.000000000000000000e+00 0.000000000000000000e+00 1.000000000000000000e+00
2.900116004640228978e-02 9.999999996278426950e-01 -2.728212805613543568e-05 0.000000000000000000e+00 2.728212805613543568e-05 9.999999996278426950e-01 -0.000000000000000000e+00 0.000000000000000000e+00 0.000000000000000000e+00 1.000000000000000000e+00
3.000120004800237161e-02 9.999999973779680751e-01 -7.241590664894346618e-05 0.000000000000000000e+00 7.241590664894346618e-05 9.999999973779680751e-01 -0.000000000000000000e+00 0.000000000000000000e+00 0.000000000000000000e+00 1.000000000000000000e+00
3.100124004960245344e-02 9.999999899799012493e-01 -1.415634029281559144e-04 0.000000000000000000e+00 1.415634029281559144e-04 9.999999899799012493e-01 -0.000000000000000000e+00 0.000000000000000000e+00 0.000000000000000000e+00 1.000000000000000000e+00
3.200128005120240343e-02 9.999999773950433157e-01 -2.126262275561420544e-04 0.000000000000000000e+00 2.126262275561420544e-04 9.999999773950433157e-01 -0.000000000000000000e+00 0.000000000000000000e+00 0.000000000000000000e+00 1.000000000000000000e+00
3.300132005280231179e-02 9.999999727394067728e-01 -2.334977208154114729e-04 0.000000000000000000e+00 2.334977208154114729e-04 9.999999727394067728e-01 -0.000000000000000000e+00 0.000000000000000000e+00 0.000000000000000000e+00 1.000000000000000000e+00
3.400136005440222015e-02 9.999999743384906381e-01 -2.265458404890633641e-04 0.000000000000000000e+00 2.265458404890633641e-04 9.999999743384906381e-01 -0.000000000000000000e+00 0.000000000000000000e+00 0.000000000000000000e+00 1.000000000000000000e+00
3.500140005600212850e-02 9.999999765286767817e-01 -2.166625153699799347e-04 0.000000000000000000e+00 2.166625153699799347e-04 9.999999765286767817e-01 -0.000000000000000000e+00 0.000000000000000000e+00 0.000000000000000000e+00 1.000000000000000000e+00
3.600144005760203686e-02 9.999999695384631515e-01 -2.468259967823264339e-04 0.000000000000000000e+00 2.468259967823264339e-04 9.999999695384631515e-01 -0.000000000000000000e+00 0.000000000000000000e+00 0.000000000000000000e+00 1.000000000000000000e+00
3.700148005920194522e-02 9.999999647325977792e-01 -2.655838903360358623e-04 0.000000000000000000e+00 2.655838903360358623e-04 9.999999647325977792e-01 -0.000000000000000000e+00 0.000000000000000000e+00 0.000000000000000000e+00 1.000000000000000000e+00
3.800152006080185357e-02 9.999999633969076651e-01 -2.705664118876517773e-04 0.000000000000000000e+00 2.705664118876517773e-04 9.999999633969076651e-01 -0.000000000000000000e+00 0.000000000000000000e+00 0.000000000000000000e+00 1.000000000000000000e+00
3.900156006240176193e-02 9.999999620757651364e-01 -2.754060056517759346e-04 0.000000000000000000e+00 2.754060056517759346e-04 9.999999620757651364e-01 -0.000000000000000000e+00 0.000000000000000000e+00 0.000000000000000000e+00 1.000000000000000000e+00
4.000160006400167029e-02 9.999999566479595980e-01 -2.944555627378759905e-04 0.000000000000000000e+00 2.944555627378759905e-04 9.999999566479595980e-01 -0.000000000000000000e+00 0.000000000000000000e+00 0.000000000000000000e+00 1.000000000000000000e+00
4.100164006560157864e-02 9.999999509856175584e-01 -3.130954523557427584e-04 0.000000000000000000e+00 3.130954523557427584e-04 9.999999509856175584e-01 -0.000000000000000000e+00 0.000000000000000000e+00 0.000000000000000000e+00 1.000000000000000000e+00
4.200168006720148700e-02 9.999999468255553747e-01 -3.261117695879499215e-04 0.000000000000000000e+00 3.261117695879499215e-04 9.999999468255553747e-01 -0.000000000000000000e+00 0.000000000000000000e+00 0.000000000000000000e+00 1.000000000000000000e+00
4.300172006880139536e-02 9.999999430012198598e-01 -3.376352426339763622e-04 0.000000000000000000e+00 3.376352426339763622e-04 9.999999430012198598e-01 -0.000000000000000000e+00 0.000000000000000000e+00 0.000000000000000000e+00 1.000000000000000000e+00
4.400176007040130371e-02 9.999999388219484864e-01 -3.497943666264823255e-04 0.000000000000000000e+00 3.497943666264823255e-04 9.999999388219484864e-01 -0.000000000000000000e+00 0.000000000000000000e+00 0.000000000000000000e+00 1.000000000000000000e+00
4.500180007200121207e-02 9.999999336629938895e-01 -3.642444337199889645e-04 0.000000000000000000e+00 3.642444337199889645e-04 9.999999336629938895e-01 -0.000000000000000000e+00 0.000000000000000000e+00 0.000000000000000000e+00 1.000000000000000000e+00
4.600184007360112043e-02 9.999999276004195581e-01 -3.805248421937456010e-04 0.000000000000000000e+00 3.805248421937456010e-04 9.999999276004195581e-01 -0.000000000000000000e+00 0.000000000000000000e+00 0.000000000000000000e+00 1.000000000000000000e+00
4.700188007520102879e-02 9.999999212842833884e-01 -3.967762932188694295e-04 0.000000000000000000e+00 3.967762932188694295e-04 9.999999212842833884e-01 -0.000000000000000000e+00 0.000000000000000000e+00 0.000000000000000000e+00 1.000000000000000000e+00
4.800192007680093714e-02 9.999999152705868477e-01 -4.116537608476244299e-04 0.000000000000000000e+00 4.116537608476244299e-04 9.999999152705868477e-01 -0.000000000000000000e+00 0.000000000000000000e+00 0.000000000000000000e+00 1.000000000000000000e+00
4.900196007840084550e-02 9.999999094231853958e-01 -4.256214523800064980e-04 0.000000000000000000e+00 4.256214523800064980e-04 9.999999094231853958e-01 -0.000000000000000000e+00 0.000000000000000000e+00 0.000000000000000000e+00 1.000000000000000000e+00
5.000200008000075386e-02 9.999999030642733322e-01 -4.403083507901691968e-04 0.000000000000000000e+00 4.403083507901691968e-04 9.999999030642733322e-01 -0.000000000000000000e+00 0.000000000000000000e+00 0.000000000000000000e+00 1.000000000000000000e+00
5.100204008160066221e-02 9.999998958599889409e-01 -4.563770492523925269e-04 0.000000000000000000e+00 4.563770492523925269e-04 9.999998958599889409e-01 -0.000000000000000000e+00 0.000000000000000000e+00 0.000000000000000000e+00 1.000000000000000000e+00
5.200208008320057057e-02 9.999998879788011275e-01 -4.733311580176028668e-04 0.000000000000000000e+00 4.733311580176028668e-04 9.999998879788011275e-01 -0.000000000000000000e+00 0.000000000000000000e+00 0.000000000000000000e+00 1.000000000000000000e+00
5.300212008480047893e-02 9.999998800037410707e-01 -4.898902968229851230e-04 0.000000000000000000e+00 4.898902968229851230e-04 9.999998800037410707e-01 -0.000000000000000000e+00 0.000000000000000000e+00 0.000000000000000000e+00 1.000000000000000000e+00
5.400216008640038728e-02 9.999998724287347818e-01 -5.051163370751685653e-04 0.000000000000000000e+00 5.051163370751685653e-04 9.999998724287347818e-01 -0.000000000000000000e+00 0.000000000000000000e+00 0.000000000000000000e+00 1.000000000000000000e+00
5.500220008800029564e-02 9.999998647268502072e-01 -5.201406359607107328e-04 0.000000000000000000e+00 5.201406359607107328e-04 9.999998647268502072e-01 -0.000000000000000000e+00 0.000000000000000000e+00 0.000000000000000000e+00 1.000000000000000000e+00
5.600224008960020400e-02 9.999998563795426954e-01 -5.359485924414825490e-04 0.000000000000000000e+00 5.359485924414825490e-04 9.999998563795426954e-01 -0.000000000000000000e+00 0.000000000000000000e+00 0.000000000000000000e+00 1.000000000000000000e+00
5.700228009120011236e-02 9.999998474133618975e-01 -5.524248843838338880e-04 0.000000000000000000e+00 5.524248843838338880e-04 9.999998474133618975e-01 -0.000000000000000000e+00 0.000000000000000000e+00 0.000000000000000000e+00 1.000000000000000000e+00
5.800232009280002071e-02 9.999998380964671973e-01 -5.690404547839881784e-04 0.000000000000000000e+00 5.690404547839881784e-04 9.999998380964671973e-01 -0.000000000000000000e+00 0.000000000000000000e+00 0.000000000000000000e+00 1.000000000000000000e+00
5.900236009439992907e-02 9.999998285415612198e-01 -5.855910243472468727e-04 0.000000000000000000e+00 5.855910243472468727e-04 9.999998285415612198e-01 -0.000000000000000000e+00 0.000000000000000000e+00 0.000000000000000000e+00 1.000000000000000000e+00
6.000240009599983743e-02 9.999998186351767293e-01 -6.022703824376593592e-04 0.000000000000000000e+00 6.022703824376593592e-04 9.999998186351767293e-01 -0.000000000000000000e+00 0.000000000000000000e+00 0.000000000000000000e+00 1.000000000000000000e+00
6.100244009759974578e-02 9.999998081022394292e-01 -6.195122954598862803e-04 0.000000000000000000e+00 6.195122954598862803e-04 9.999998081022394292e-01 -0.000000000000000000e+00 0.000000000000000000e+00 0.000000000000000000e+00 1.000000000000000000e+00
6.200248009919965414e-02 9.999997972295084914e-01 -6.368209652893622955e-04 0.000000000000000000e+00 6.368209652893622955e-04 9.999997972295084914e-01 -0.000000000000000000e+00 0.000000000000000000e+00 0.000000000000000000e+00 1.000000000000000000e+00
6.300252010079973597e-02 9.999997860816741690e-01 -6.540921996282671484e-04 0.000000000000000000e+00 6.540921996282671484e-04 9.999997860816741690e-01 -0.000000000000000000e+00 0.000000000000000000e+00 0.000000000000000000e+00 1.000000000000000000e+00
6.400256010239999127e-02 9.999997743790444149e-01 -6.717453833281967265e-04 0.000000000000000000e+00 6.717453833281967265e-04 9.999997743790444149e-01 -0.000000000000000000e+00 0.000000000000000000e+00 0.000000000000000000e+00 1.000000000000000000e+00
6.500260010400024657e-02 9.999997621556784289e-01 -6.897018097596788275e-04 0.000000000000000000e+00 6.897018097596788275e-04 9.999997621556784289e-01 -0.000000000000000000e+00 0.000000000000000000e+00 0.000000000000000000e+00 1.000000000000000000e+00
6.600264010560050187e-02 9.999997494748639193e-01 -7.078490016995149644e-04 0.000000000000000000e+00 7.078490016995149644e-04 9.999997494748639193e-01 -0.000000000000000000e+00 0.000000000000000000e+00 0.000000000000000000e+00 1.000000000000000000e+00
6.700268010720075718e-02 9.999997363388093419e-01 -7.261696164042239204e-04 0.000000000000000000e+00 7.261696164042239204e-04 9.999997363388093419e-01 -0.000000000000000000e+00 0.000000000000000000e+00 0.000000000000000000e+00 1.000000000000000000e+00
6.800272010880101248e-02 9.999997226804564487e-01 -7.447409012839215471e-04 0.000000000000000000e+00 7.447409012839215471e-04 9.999997226804564487e-01 -0.000000000000000000e+00 0.000000000000000000e+00 0.000000000000000000e+00 1.000000000000000000e+00
6.900276011040126778e-02 9.999997084693206251e-01 -7.635844902227100677e-04 0.000000000000000000e+00 7.635844902227100677e-04 9.999997084693206251e-01 -0.000000000000000000e+00 0.000000000000000000e+00 0.000000000000000000e+00 1.000000000000000000e+00
7.000280011200152308e-02 9.999996937158545096e-01 -7.826673603393728348e-04 0.000000000000000000e+00 7.826673603393728348e-04 9.999996937158545096e-01 -0.000000000000000000e+00 0.000000000000000000e+00 0.000000000000000000e+00 1.000000000000000000e+00
7.100284011360177838e-02 9.999996783931490718e-01 -8.020059838014905254e-04 0.000000000000000000e+00 8.020059838014905254e-04 9.999996783931490718e-01 -0.000000000000000000e+00 0.000000000000000000e+00 0.000000000000000000e+00 1.000000000000000000e+00
7.200288011520203368e-02 9.999996624764045938e-01 -8.216124857138577993e-04 0.000000000000000000e+00 8.216124857138577993e-04 9.999996624764045938e-01 -0.000000000000000000e+00 0.000000000000000000e+00 0.000000000000000000e+00 1.000000000000000000e+00
7.300292011680228899e-02 9.999996459587412456e-01 -8.414763168488973441e-04 0.000000000000000000e+00 8.414763168488973441e-04 9.999996459587412456e-01 -0.000000000000000000e+00 0.000000000000000000e+00 0.000000000000000000e+00 1.000000000000000000e+00
7.400296011840254429e-02 9.999996288302295255e-01 -8.615912040539007140e-04 0.000000000000000000e+00 8.615912040539007140e-04 9.999996288302295255e-01 -0.000000000000000000e+00 0.000000000000000000e+00 0.000000000000000000e+00 1.000000000000000000e+00
7.500300012000279959e-02 9.999996110655222648e-01 -8.819687092307412031e-04 0.000000000000000000e+00 8.819687092307412031e-04 9.999996110655222648e-01 -0.000000000000000000e+00 0.000000000000000000e+00 0.000000000000000000e+00 1.000000000000000000e+00
7.600304012160305489e-02 9.999995926530157453e-01 -9.026039012039069418e-04 0.000000000000000000e+00 9.026039012039069418e-04 9.999995926530157453e-01 -0.000000000000000000e+00 0.000000000000000000e+00 0.000000000000000000e+00 1.000000000000000000e+00
7.700308012320331019e-02 9.999995735745561554e-01 -9.234991639467548695e-04 0.000000000000000000e+00 9.234991639467548695e-04 9.999995735745561554e-01 -0.000000000000000000e+00 0.000000000000000000e+00 0.000000000000000000e+00 1.000000000000000000e+00
7.800312012480356549e-02 9.999995538392526528e-01 -9.446275960992618235e-04 0.000000000000000000e+00 9.446275960992618235e-04 9.999995538392526528e-01 -0.000000000000000000e+00 0.000000000000000000e+00 0.000000000000000000e+00 1.000000000000000000e+00
7.900316012640382080e-02 9.999995334190860952e-01 -9.660029036165023548e-04 0.000000000000000000e+00 9.660029036165023548e-04 9.999995334190860952e-01 -0.000000000000000000e+00 0.000000000000000000e+00 0.000000000000000000e+00 1.000000000000000000e+00
8.000320012800407610e-02 9.999995122688170035e-01 -9.876548627406761278e-04 0.000000000000000000e+00 9.876548627406761278e-04 9.999995122688170035e-01 -0.000000000000000000e+00 0.000000000000000000e+00 0.000000000000000000e+00 1.000000000000000000e+00
8.100324012960433140e-02 9.999994903980324867e-01 -1.009556177336692201e-03 0.000000000000000000e+00 1.009556177336692201e-03 9.999994903980324867e-01 -0.000000000000000000e+00 0.000000000000000000e+00 0.000000000000000000e+00 1.000000000000000000e+00
8.200328013120458670e-02 9.999994677913722763e-01 -1.031705855279094674e-03 0.000000000000000000e+00 1.031705855279094674e-03 9.999994677913722763e-01 -0.000000000000000000e+00 0.000000000000000000e+00 0.000000000000000000e+00 1.000000000000000000e+00
8.300332013280484200e-02 9.999994443864774762e-01 -1.054147397697520819e-03 0.000000000000000000e+00 1.054147397697520819e-03 9.999994443864774762e-01 -0.000000000000000000e+00 0.000000000000000000e+00 0.000000000000000000e+00 1.000000000000000000e+00
8.400336013440509730e-02 9.999994201730932897e-01 -1.076872080211295057e-03 0.000000000000000000e+00 1.076872080211295057e-03 9.999994201730932897e-01 -0.000000000000000000e+00 0.000000000000000000e+00 0.000000000000000000e+00 1.000000000000000000e+00
8.500340013600535261e-02 9.999993951340245824e-01 -1.099877986341319790e-03 0.000000000000000000e+00 1.099877986341319790e-03 9.999993951340245824e-01 -0.000000000000000000e+00 0.000000000000000000e+00 0.000000000000000000e+00 1.000000000000000000e+00
8.600344013760560791e-02 9.999993692252439059e-01 -1.123187034271351048e-03 0.000000000000000000e+00 1.123187034271351048e-03 9.999993692252439059e-01 -0.000000000000000000e+00 0.000000000000000000e+00 0.000000000000000000e+00 1.000000000000000000e+00
8.700348013920586321e-02 9.999993425069990671e-01 -1.146728202056932454e-03 0.000000000000000000e+00 1.146728202056932454e-03 9.999993425069990671e-01 -0.000000000000000000e+00 0.000000000000000000e+00 0.000000000000000000e+00 1.000000000000000000e+00
8.800352014080611851e-02 9.999993149071697562e-01 -1.170549097991015587e-03 0.000000000000000000e+00 1.170549097991015587e-03 9.999993149071697562e-01 -0.000000000000000000e+00 0.000000000000000000e+00 0.000000000000000000e+00 1.000000000000000000e+00
8.900356014240637381e-02 9.999992863936775223e-01 -1.194659840986836419e-03 0.000000000000000000e+00 1.194659840986836419e-03 9.999992863936775223e-01 -0.000000000000000000e+00 0.000000000000000000e+00 0.000000000000000000e+00 1.000000000000000000e+00
9.000360014400662911e-02 9.999992569977602663e-01 -1.219017607468504075e-03 0.000000000000000000e+00 1.219017607468504075e-03 9.999992569977602663e-01 -0.000000000000000000e+00 0.000000000000000000e+00 0.000000000000000000e+00 1.000000000000000000e+00
9.100364014560688442e-02 9.999992266967283605e-01 -1.243626127664895211e-03 0.000000000000000000e+00 1.243626127664895211e-03 9.999992266967283605e-01 -0.000000000000000000e+00 0.000000000000000000e+00 0.000000000000000000e+00 1.000000000000000000e+00
9.200368014720713972e-02 9.999991954461516785e-01 -1.268505833292400860e-03 0.000000000000000000e+00 1.268505833292400860e-03 9.999991954461516785e-01 -0.000000000000000000e+00 0.000000000000000000e+00 0.000000000000000000e+00 1.000000000000000000e+00
9.300372014880739502e-02 9.999991632347291493e-01 -1.293649814022778668e-03 0.000000000000000000e+00 1.293649814022778668e-03 9.999991632347291493e-01 -0.000000000000000000e+00 0.000000000000000000e+00 0.000000000000000000e+00 1.000000000000000000e+00
9.400376015040765032e-02 9.999991300529791349e-01 -1.319050144891120583e-03 0.000000000000000000e+00 1.319050144891120583e-03 9.999991300529791349e-01 -0.000000000000000000e+00 0.000000000000000000e+00 0.000000000000000000e+00 1.000000000000000000e+00
9.500380015200790562e-02 9.999990958798626872e-01 -1.344707944899443735e-03 0.000000000000000000e+00 1.344707944899443735e-03 9.999990958798626872e-01 -0.000000000000000000e+00 0.000000000000000000e+00 0.000000000000000000e+00 1.000000000000000000e+00
9.600384015360816092e-02 9.999990606885853506e-01 -1.370628303674047751e-03 0.000000000000000000e+00 1.370628303674047751e-03 9.999990606885853506e-01 -0.000000000000000000e+00 0.000000000000000000e+00 0.000000000000000000e+00 1.000000000000000000e+00
9.700388015520841622e-02 9.999990244519300076e-01 -1.396816089552802833e-03 0.000000000000000000e+00 1.396816089552802833e-03 9.999990244519300076e-01 -0.000000000000000000e+00 0.000000000000000000e+00 0.000000000000000000e+00 1.000000000000000000e+00
9.800392015680867153e-02 9.999989871563383925e-01 -1.423266066794093765e-03 0.000000000000000000e+00 1.423266066794093765e-03 9.999989871563383925e-01 -0.000000000000000000e+00 0.000000000000000000e+00 0.000000000000000000e+00 1.000000000000000000e+00
9.900396015840892683e-02 9.999989487839991975e-01 -1.449976170974041955e-03 0.000000000000000000e+00 1.449976170974041955e-03 9.999989487839991975e-01 -0.000000000000000000e+00 0.000000000000000000e+00 0.000000000000000000e+00 1.000000000000000000e+00
1.000040001600091821e-01 9.999989093071924851e-01 -1.476951057200224160e-03 0.000000000000000000e+00 1.476951057200224160e-03 9.999989093071924851e-01 -0.000000000000000000e+00 0.000000000000000000e+00 0.000000000000000000e+00 1.000000000000000000e+00
1.010040401616094374e-01 9.999988698983933721e-01 -1.503396799205167483e-03 0.000000000000000000e+00 1.503396799205167483e-03 9.999988698983933721e-01 -0.000000000000000000e+00 0.000000000000000000e+00 0.000000000000000000e+00 1.000000000000000000e+00
1.020040801632096927e-01 9.999988299913293854e-01 -1.529711074814024121e-03 0.000000000000000000e+00 1.529711074814024121e-03 9.999988299913293854e-01 -0.000000000000000000e+00 0.000000000000000000e+00 0.000000000000000000e+00 1.000000000000000000e+00
1.030041201648099480e-01 9.999987888288907056e-01 -1.556387082744266522e-03 0.000000000000000000e+00 1.556387082744266522e-03 9.999987888288907056e-01 -0.000000000000000000e+00 0.000000000000000000e+00 0.000000000000000000e+00 1.000000000000000000e+00
1.040041601664102033e-01 9.999987464702293494e-01 -1.583369183056248597e-03 0.000000000000000000e+00 1.583369183056248597e-03 9.999987464702293494e-01 -0.000000000000000000e+00 0.000000000000000000e+00 0.000000000000000000e+00 1.000000000000000000e+00
1.050042001680104586e-01 9.999987029770880387e-01 -1.610603657428706908e-03 0.000000000000000000e+00 1.610603657428706908e-03 9.999987029770880387e-01 -0.000000000000000000e+00 0.000000000000000000e+00 0.000000000000000000e+00 1.000000000000000000e+00
1.060042401696107139e-01 9.999986582360849141e-01 -1.638147133059851719e-03 0.000000000000000000e+00 1.638147133059851719e-03 9.999986582360849141e-01 -0.000000000000000000e+00 0.000000000000000000e+00 0.000000000000000000e+00 1.000000000000000000e+00
1.070042801712109692e-01 9.999986121020371099e-01 -1.666071426884669629e-03 0.000000000000000000e+00 1.666071426884669629e-03 9.999986121020371099e-01 -0.000000000000000000e+00 0.000000000000000000e+00 0.000000000000000000e+00 1.000000000000000000e+00
1.080043201728112245e-01 9.999985649229228279e-01 -1.694152323369087785e-03 0.000000000000000000e+00 1.694152323369087785e-03 9.999985649229228279e-01 -0.000000000000000000e+00 0.000000000000000000e+00 0.000000000000000000e+00 1.000000000000000000e+00
1.090043601744114798e-01 9.999985167116030027e-01 -1.722374696137515511e-03 0.000000000000000000e+00 1.722374696137515511e-03 9.999985167116030027e-01 -0.000000000000000000e+00 0.000000000000000000e+00 0.000000000000000000e+00 1.000000000000000000e+00
1.100044001760117351e-01 9.999984673294608495e-01 -1.750810877591743196e-03 0.000000000000000000e+00 1.750810877591743196e-03 9.999984673294608495e-01 -0.000000000000000000e+00 0.000000000000000000e+00 0.000000000000000000e+00 1.000000000000000000e+00
1.110044401776119904e-01 9.999984169604372308e-01 -1.779347245344474037e-03 0.000000000000000000e+00 1.779347245344474037e-03 9.999984169604372308e-01 -0.000000000000000000e+00 0.000000000000000000e+00 0.000000000000000000e+00 1.000000000000000000e+00
1.120044801792122457e-01 9.999983657514407431e-01 -1.807897797859555483e-03 0.000000000000000000e+00 1.807897797859555483e-03 9.999983657514407431e-01 -0.000000000000000000e+00 0.000000000000000000e+00 0.000000000000000000e+00 1.000000000000000000e+00
1.130045201808125011e-01 9.999983134390443285e-01 -1.836605310600806194e-03 0.000000000000000000e+00 1.836605310600806194e-03 9.999983134390443285e-01 -0.000000000000000000e+00 0.000000000000000000e+00 0.000000000000000000e+00 1.000000000000000000e+00
1.140045601824127564e-01 9.999982597823049435e-01 -1.865591692133668949e-03 0.000000000000000000e+00 1.865591692133668949e-03 9.999982597823049435e-01 -0.000000000000000000e+00 0.000000000000000000e+00 0.000000000000000000e+00 1.000000000000000000e+00
1.150046001840130117e-01 9.999982047938973384e-01 -1.894837455473511031e-03 0.000000000000000000e+00 1.894837455473511031e-03 9.999982047938973384e-01 -0.000000000000000000e+00 0.000000000000000000e+00 0.000000000000000000e+00 1.000000000000000000e+00
1.160046401856132670e-01 9.999981484420862321e-01 -1.924347265716394931e-03 0.000000000000000000e+00 1.924347265716394931e-03 9.999981484420862321e-01 -0.000000000000000000e+00 0.000000000000000000e+00 0.000000000000000000e+00 1.000000000000000000e+00
1.170046801872135223e-01 9.999980907208156911e-01 -1.954112259564212174e-03 0.000000000000000000e+00 1.954112259564212174e-03 9.999980907208156911e-01 -0.000000000000000000e+00 0.000000000000000000e+00 0.000000000000000000e+00 1.000000000000000000e+00
1.180047201888137776e-01 9.999980315816344723e-01 -1.984145371757927920e-03 0.000000000000000000e+00 1.984145371757927920e-03 9.999980315816344723e-01 -0.000000000000000000e+00 0.000000000000000000e+00 0.000000000000000000e+00 1.000000000000000000e+00
1.190047601904140329e-01 9.999979710250127551e-01 -2.014434376620784315e-03 0.000000000000000000e+00 2.014434376620784315e-03 9.999979710250127551e-01 -0.000000000000000000e+00 0.000000000000000000e+00 0.000000000000000000e+00 1.000000000000000000e+00
1.200048001920142882e-01 9.999979089980892688e-01 -2.044993752866714441e-03 0.000000000000000000e+00 2.044993752866714441e-03 9.999979089980892688e-01 -0.000000000000000000e+00 0.000000000000000000e+00 0.000000000000000000e+00 1.000000000000000000e+00
1.210048401936145435e-01 9.999978454863546196e-01 -2.075818549038990161e-03 0.000000000000000000e+00 2.075818549038990161e-03 9.999978454863546196e-01 -0.000000000000000000e+00 0.000000000000000000e+00 0.000000000000000000e+00 1.000000000000000000e+00
1.220048801952147988e-01 9.999977804118983515e-01 -2.106934094031257584e-03 0.000000000000000000e+00 2.106934094031257584e-03 9.999977804118983515e-01 -0.000000000000000000e+00 0.000000000000000000e+00 0.000000000000000000e+00 1.000000000000000000e+00
1.230049201968150541e-01 9.999977136341889894e-01 -2.138393414314580191e-03 0.000000000000000000e+00 2.138393414314580191e-03 9.999977136341889894e-01 -0.000000000000000000e+00 0.000000000000000000e+00 0.000000000000000000e+00 1.000000000000000000e+00
1.240049601984153094e-01 9.999976451960564949e-01 -2.170161823873609837e-03 0.000000000000000000e+00 2.170161823873609837e-03 9.999976451960564949e-01 -0.000000000000000000e+00 0.000000000000000000e+00 0.000000000000000000e+00 1.000000000000000000e+00
1.250050002000155647e-01 9.999975750662121188e-01 -2.202240153866532636e-03 0.000000000000000000e+00 2.202240153866532636e-03 9.999975750662121188e-01 -0.000000000000000000e+00 0.000000000000000000e+00 0.000000000000000000e+00 1.000000000000000000e+00
1.260050402016158200e-01 9.999974935134574583e-01 -2.238965565283241969e-03 0.000000000000000000e+00 2.238965565283241969e-03 9.999974935134574583e-01 -0.000000000000000000e+00 0.000000000000000000e+00 0.000000000000000000e+00 1.000000000000000000e+00
1.270050802032160753e-01 9.999973917899360742e-01 -2.283946874381217410e-03 0.000000000000000000e+00 2.283946874381217410e-03 9.999973917899360742e-01 -0.000000000000000000e+00 0.000000000000000000e+00 0.000000000000000000e+00 1.000000000000000000e+00
1.280051202048163306e-01 9.999973141575830837e-01 -2.317687990171645764e-03 0.000000000000000000e+00 2.317687990171645764e-03 9.999973141575830837e-01 -0.000000000000000000e+00 0.000000000000000000e+00 0.000000000000000000e+00 1.000000000000000000e+00
1.290051602064165859e-01 9.999971403997727215e-01 -2.391483279719714642e-03 0.000000000000000000e+00 2.391483279719714642e-03 9.999971403997727215e-01 -0.000000000000000000e+00 0.000000000000000000e+00 0.000000000000000000e+00 1.000000000000000000e+00
1.300052002080168412e-01 9.999970555277118978e-01 -2.426712983912886201e-03 0.000000000000000000e+00 2.426712983912886201e-03 9.999970555277118978e-01 -0.000000000000000000e+00 0.000000000000000000e+00 0.000000000000000000e+00 1.000000000000000000e+00
1.310052402096170965e-01 9.999969726474010612e-01 -2.460629194546538803e-03 0.000000000000000000e+00 2.460629194546538803e-03 9.999969726474010612e-01 -0.000000000000000000e+00 0.000000000000000000e+00 0.000000000000000000e+00 1.000000000000000000e+00
1.320052802112173518e-01 9.999968875819169600e-01 -2.494960215893787716e-03 0.000000000000000000e+00 2.494960215893787716e-03 9.999968875819169600e-01 -0.000000000000000000e+00 0.000000000000000000e+00 0.000000000000000000e+00 1.000000000000000000e+00
1.330053202128176071e-01 9.999968017096039219e-01 -2.529144235322690250e-03 0.000000000000000000e+00 2.529144235322690250e-03 9.999968017096039219e-01 -0.000000000000000000e+00 0.000000000000000000e+00 0.000000000000000000e+00 1.000000000000000000e+00
1.340053602144178624e-01 9.999967144273055331e-01 -2.563422437620701926e-03 0.000000000000000000e+00 2.563422437620701926e-03 9.999967144273055331e-01 -0.000000000000000000e+00 0.000000000000000000e+00 0.000000000000000000e+00 1.000000000000000000e+00
1.350054002160181177e-01 9.999966253770883329e-01 -2.597928874150489190e-03 0.000000000000000000e+00 2.597928874150489190e-03 9.999966253770883329e-01 -0.000000000000000000e+00 0.000000000000000000e+00 0.000000000000000000e+00 1.000000000000000000e+00
1.360054402176183730e-01 9.999965342331347262e-01 -2.632778326955824508e-03 0.000000000000000000e+00 2.632778326955824508e-03 9.999965342331347262e-01 -0.000000000000000000e+00 0.000000000000000000e+00 0.000000000000000000e+00 1.000000000000000000e+00
1.370054802192186283e-01 9.999964414582394046e-01 -2.667783885176339739e-03 0.000000000000000000e+00 2.667783885176339739e-03 9.999964414582394046e-01 -0.000000000000000000e+00 0.000000000000000000e+00 0.000000000000000000e+00 1.000000000000000000e+00
1.380055202208188836e-01 9.999963471156420036e-01 -2.702916086785485134e-03 0.000000000000000000e+00 2.702916086785485134e-03 9.999963471156420036e-01 -0.000000000000000000e+00 0.000000000000000000e+00 0.000000000000000000e+00 1.000000000000000000e+00
1.390055602224191389e-01 9.999962504842196953e-01 -2.738433402823197294e-03 0.000000000000000000e+00 2.738433402823197294e-03 9.999962504842196953e-01 -0.000000000000000000e+00 0.000000000000000000e+00 0.000000000000000000e+00 1.000000000000000000e+00
1.400056002240193942e-01 9.999961515224315978e-01 -2.774336015345854004e-03 0.000000000000000000e+00 2.774336015345854004e-03 9.999961515224315978e-01 -0.000000000000000000e+00 0.000000000000000000e+00 0.000000000000000000e+00 1.000000000000000000e+00
1.410056402256196495e-01 9.999960498317465030e-01 -2.810750950041252146e-03 0.000000000000000000e+00 2.810750950041252146e-03 9.999960498317465030e-01 -0.000000000000000000e+00 0.000000000000000000e+00 0.000000000000000000e+00 1.000000000000000000e+00
1.420056802272199048e-01 9.999959468519900030e-01 -2.847152892250801384e-03 0.000000000000000000e+00 2.847152892250801384e-03 9.999959468519900030e-01 -0.000000000000000000e+00 0.000000000000000000e+00 0.000000000000000000e+00 1.000000000000000000e+00
1.430057202288201601e-01 9.999958422063838226e-01 -2.883672995527791164e-03 0.000000000000000000e+00 2.883672995527791164e-03 9.999958422063838226e-01 -0.000000000000000000e+00 0.000000000000000000e+00 0.000000000000000000e+00 1.000000000000000000e+00
1.440057602304204154e-01 9.999957345591373725e-01 -2.920764203294759238e-03 0.000000000000000000e+00 2.920764203294759238e-03 9.999957345591373725e-01 -0.000000000000000000e+00 0.000000000000000000e+00 0.000000000000000000e+00 1.000000000000000000e+00
1.450058002320206707e-01 9.999954800409357469e-01 -3.006642263077285125e-03 0.000000000000000000e+00 3.006642263077285125e-03 9.999954800409357469e-01 -0.000000000000000000e+00 0.000000000000000000e+00 0.000000000000000000e+00 1.000000000000000000e+00
1.460058402336209260e-01 9.999952861874439325e-01 -3.070440178890958272e-03 0.000000000000000000e+00 3.070440178890958272e-03 9.999952861874439325e-01 -0.000000000000000000e+00 0.000000000000000000e+00 0.000000000000000000e+00 1.000000000000000000e+00
1.470058802352211813e-01 9.999951703616395404e-01 -3.107933943226727849e-03 0.000000000000000000e+00 3.107933943226727849e-03 9.999951703616395404e-01 -0.000000000000000000e+00 0.000000000000000000e+00 0.000000000000000000e+00 1.000000000000000000e+00
1.480059202368214366e-01 9.999950498437117918e-01 -3.146472321906319727e-03 0.000000000000000000e+00 3.146472321906319727e-03 9.999950498437117918e-01 -0.000000000000000000e+00 0.000000000000000000e+00 0.000000000000000000e+00 1.000000000000000000e+00
1.490059602384216919e-01 9.999949281517301891e-01 -3.184912999726811130e-03 0.000000000000000000e+00 3.184912999726811130e-03 9.999949281517301891e-01 -0.000000000000000000e+00 0.000000000000000000e+00 0.000000000000000000e+00 1.000000000000000000e+00
1.500060002400219472e-01 9.999948047833977505e-01 -3.223415302753085930e-03 0.000000000000000000e+00 3.223415302753085930e-03 9.999948047833977505e-01 -0.000000000000000000e+00 0.000000000000000000e+00 0.000000000000000000e+00 1.000000000000000000e+00
1.510060402416222025e-01 9.999946794843207476e-01 -3.262055034857055426e-03 0.000000000000000000e+00 3.262055034857055426e-03 9.999946794843207476e-01 -0.000000000000000000e+00 0.000000000000000000e+00 0.000000000000000000e+00 1.000000000000000000e+00
1.520060802432224578e-01 9.999945530005451833e-01 -3.300601345187044108e-03 0.000000000000000000e+00 3.300601345187044108e-03 9.999945530005451833e-01 -0.000000000000000000e+00 0.000000000000000000e+00 0.000000000000000000e+00 1.000000000000000000e+00
1.530061202448227131e-01 9.999944248764912613e-01 -3.339193905022973079e-03 0.000000000000000000e+00 3.339193905022973079e-03 9.999944248764912613e-01 -0.000000000000000000e+00 0.000000000000000000e+00 0.000000000000000000e+00 1.000000000000000000e+00
1.540061602464229684e-01 9.999942945467164002e-01 -3.377998522033830338e-03 0.000000000000000000e+00 3.377998522033830338e-03 9.999942945467164002e-01 -0.000000000000000000e+00 0.000000000000000000e+00 0.000000000000000000e+00 1.000000000000000000e+00
1.550062002480232237e-01 9.999941613811595964e-01 -3.417192355047756272e-03 0.000000000000000000e+00 3.417192355047756272e-03 9.999941613811595964e-01 -0.000000000000000000e+00 0.000000000000000000e+00 0.000000000000000000e+00 1.000000000000000000e+00
1.560062402496234790e-01 9.999940249076558763e-01 -3.456898752697156255e-03 0.000000000000000000e+00 3.456898752697156255e-03 9.999940249076558763e-01 -0.000000000000000000e+00 0.000000000000000000e+00 0.000000000000000000e+00 1.000000000000000000e+00
1.570062802512237343e-01 9.999938858526603580e-01 -3.496892520006208375e-03 0.000000000000000000e+00 3.496892520006208375e-03 9.999938858526603580e-01 -0.000000000000000000e+00 0.000000000000000000e+00 0.000000000000000000e+00 1.000000000000000000e+00
1.580063202528239896e-01 9.999937444475801573e-01 -3.537098487124491590e-03 0.000000000000000000e+00 3.537098487124491590e-03 9.999937444475801573e-01 -0.000000000000000000e+00 0.000000000000000000e+00 0.000000000000000000e+00 1.000000000000000000e+00
1.590063602544242449e-01 9.999936001846689848e-01 -3.577651422970546877e-03 0.000000000000000000e+00 3.577651422970546877e-03 9.999936001846689848e-01 -0.000000000000000000e+00 0.000000000000000000e+00 0.000000000000000000e+00 1.000000000000000000e+00
1.600064002560245002e-01 9.999934561936669741e-01 -3.617674645999488688e-03 0.000000000000000000e+00 3.617674645999488688e-03 9.999934561936669741e-01 -0.000000000000000000e+00 0.000000000000000000e+00 0.000000000000000000e+00 1.000000000000000000e+00
1.610064402576247555e-01 9.999933187546097280e-01 -3.655467978444198844e-03 0.000000000000000000e+00 3.655467978444198844e-03 9.999933187546097280e-01 -0.000000000000000000e+00 0.000000000000000000e+00 0.000000000000000000e+00 1.000000000000000000e+00
1.620064802592250108e-01 9.999931865841945600e-01 -3.691447573541120023e-03 0.000000000000000000e+00 3.691447573541120023e-03 9.999931865841945600e-01 -0.000000000000000000e+00 0.000000000000000000e+00 0.000000000000000000e+00 1.000000000000000000e+00
1.630065202608252661e-01 9.999930361884670216e-01 -3.731966582282110305e-03 0.000000000000000000e+00 3.731966582282110305e-03 9.999930361884670216e-01 -0.000000000000000000e+00 0.000000000000000000e+00 0.000000000000000000e+00 1.000000000000000000e+00
1.640065602624255214e-01 9.999928826553134975e-01 -3.772882017264721742e-03 0.000000000000000000e+00 3.772882017264721742e-03 9.999928826553134975e-01 -0.000000000000000000e+00 0.000000000000000000e+00 0.000000000000000000e+00 1.000000000000000000e+00
1.650066002640257767e-01 9.999927364150555942e-01 -3.811445543206858511e-03 0.000000000000000000e+00 3.811445543206858511e-03 9.999927364150555942e-01 -0.000000000000000000e+00 0.000000000000000000e+00 0.000000000000000000e+00 1.000000000000000000e+00
1.660066402656260320e-01 9.999925946350761707e-01 -3.848463980384816182e-03 0.000000000000000000e+00 3.848463980384816182e-03 9.999925946350761707e-01 -0.000000000000000000e+00 0.000000000000000000e+00 0.000000000000000000e+00 1.000000000000000000e+00
1.670066802672262873e-01 9.999924477392779787e-01 -3.886446243977885202e-03 0.000000000000000000e+00 3.886446243977885202e-03 9.999924477392779787e-01 -0.000000000000000000e+00 0.000000000000000000e+00 0.000000000000000000e+00 1.000000000000000000e+00
1.680067202688265426e-01 9.999922988121952017e-01 -3.924578487046844442e-03 0.000000000000000000e+00 3.924578487046844442e-03 9.999922988121952017e-01 -0.000000000000000000e+00 0.000000000000000000e+00 0.000000000000000000e+00 1.000000000000000000e+00
1.690067602704267979e-01 9.999921587704028170e-01 -3.960100719622566649e-03 0.000000000000000000e+00 3.960100719622566649e-03 9.999921587704028170e-01 -0.000000000000000000e+00 0.000000000000000000e+00 0.000000000000000000e+00 1.000000000000000000e+00
1.700068002720270532e-01 9.999920262553960715e-01 -3.993422795941037849e-03 0.000000000000000000e+00 3.993422795941037849e-03 9.999920262553960715e-01 -0.000000000000000000e+00 0.000000000000000000e+00 0.000000000000000000e+00 1.000000000000000000e+00
1.710068402736273085e-01 9.999918917533724416e-01 -4.026962566441338529e-03 0.000000000000000000e+00 4.026962566441338529e-03 9.999918917533724416e-01 -0.000000000000000000e+00 0.000000000000000000e+00 0.000000000000000000e+00 1.000000000000000000e+00
1.720068802752275638e-01 9.999917553475112797e-01 -4.060694152839208412e-03 0.000000000000000000e+00 4.060694152839208412e-03 9.999917553475112797e-01 -0.000000000000000000e+00 0.000000000000000000e+00 0.000000000000000000e+00 1.000000000000000000e+00
1.730069202768278191e-01 9.999916331454806739e-01 -4.090677087515648402e-03 0.000000000000000000e+00 4.090677087515648402e-03 9.999916331454806739e-01 -0.000000000000000000e+00 0.000000000000000000e+00 0.000000000000000000e+00 1.000000000000000000e+00
1.740069602784280745e-01 9.999915596822024355e-01 -4.108596397329448806e-03 0.000000000000000000e+00 4.108596397329448806e-03 9.999915596822024355e-01 -0.000000000000000000e+00 0.000000000000000000e+00 0.000000000000000000e+00 1.000000000000000000e+00
1.750070002800283298e-01 9.999915647758409465e-01 -4.107356469220095445e-03 0.000000000000000000e+00 4.107356469220095445e-03 9.999915647758409465e-01 -0.000000000000000000e+00 0.000000000000000000e+00 0.000000000000000000e+00 1.000000000000000000e+00
1.760070402816285851e-01 9.999916311800803870e-01 -4.091157513725896672e-03 0.000000000000000000e+00 4.091157513725896672e-03 9.999916311800803870e-01 -0.000000000000000000e+00 0.000000000000000000e+00 0.000000000000000000e+00 1.000000000000000000e+00
1.770070802832288404e-01 9.999913580092917309e-01 -4.157391818475582312e-03 0.000000000000000000e+00 4.157391818475582312e-03 9.999913580092917309e-01 -0.000000000000000000e+00 0.000000000000000000e+00 0.000000000000000000e+00 1.000000000000000000e+00
1.780071202848290957e-01 9.999911899138109739e-01 -4.197629659737191557e-03 0.000000000000000000e+00 4.197629659737191557e-03 9.999911899138109739e-01 -0.000000000000000000e+00 0.000000000000000000e+00 0.000000000000000000e+00 1.000000000000000000e+00
1.790071602864293510e-01 9.999909935637929514e-01 -4.244147888369137998e-03 0.000000000000000000e+00 4.244147888369137998e-03 9.999909935637929514e-01 -0.000000000000000000e+00 0.000000000000000000e+00 0.000000000000000000e+00 1.000000000000000000e+00
1.800072002880296063e-01 9.999907943608952188e-01 -4.290826664602947517e-03 0.000000000000000000e+00 4.290826664602947517e-03 9.999907943608952188e-01 -0.000000000000000000e+00 0.000000000000000000e+00 0.000000000000000000e+00 1.000000000000000000e+00
1.810072402896298616e-01 9.999905855599511284e-01 -4.339215535793486400e-03 0.000000000000000000e+00 4.339215535793486400e-03 9.999905855599511284e-01 -0.000000000000000000e+00 0.000000000000000000e+00 0.000000000000000000e+00 1.000000000000000000e+00
1.820072802912301169e-01 9.999903781943395575e-01 -4.386743523571114654e-03 0.000000000000000000e+00 4.386743523571114654e-03 9.999903781943395575e-01 -0.000000000000000000e+00 0.000000000000000000e+00 0.000000000000000000e+00 1.000000000000000000e+00
1.830073202928303722e-01 9.999901644310271731e-01 -4.435204753689751117e-03 0.000000000000000000e+00 4.435204753689751117e-03 9.999901644310271731e-01 -0.000000000000000000e+00 0.000000000000000000e+00 0.000000000000000000e+00 1.000000000000000000e+00
1.840073602944306275e-01 9.999899483930337896e-01 -4.483649506550503074e-03 0.000000000000000000e+00 4.483649506550503074e-03 9.999899483930337896e-01 -0.000000000000000000e+00 0.000000000000000000e+00 0.000000000000000000e+00 1.000000000000000000e+00
1.850074002960308828e-01 9.999897313930108389e-01 -4.531788668303311264e-03 0.000000000000000000e+00 4.531788668303311264e-03 9.999897313930108389e-01 -0.000000000000000000e+00 0.000000000000000000e+00 0.000000000000000000e+00 1.000000000000000000e+00
1.860074402976311381e-01 9.999895111770709111e-01 -4.580123998630857875e-03 0.000000000000000000e+00 4.580123998630857875e-03 9.999895111770709111e-01 -0.000000000000000000e+00 0.000000000000000000e+00 0.000000000000000000e+00 1.000000000000000000e+00
1.870074802992313934e-01 9.999892887440398059e-01 -4.628433556758499920e-03 0.000000000000000000e+00 4.628433556758499920e-03 9.999892887440398059e-01 -0.000000000000000000e+00 0.000000000000000000e+00 0.000000000000000000e+00 1.000000000000000000e+00
1.880075203008316487e-01 9.999890610616747333e-01 -4.677366458819531489e-03 0.000000000000000000e+00 4.677366458819531489e-03 9.999890610616747333e-01 -0.000000000000000000e+00 0.000000000000000000e+00 0.000000000000000000e+00 1.000000000000000000e+00
1.890075603024319040e-01 9.999888297518773062e-01 -4.726560215520835863e-03 0.000000000000000000e+00 4.726560215520835863e-03 9.999888297518773062e-01 -0.000000000000000000e+00 0.000000000000000000e+00 0.000000000000000000e+00 1.000000000000000000e+00
1.900076003040321593e-01 9.999885944486543998e-01 -4.776083395905478084e-03 0.000000000000000000e+00 4.776083395905478084e-03 9.999885944486543998e-01 -0.000000000000000000e+00 0.000000000000000000e+00 0.000000000000000000e+00 1.000000000000000000e+00
1.910076403056324146e-01 9.999884404057728382e-01 -4.808227826349547804e-03 0.000000000000000000e+00 4.808227826349547804e-03 9.999884404057728382e-01 -0.000000000000000000e+00 0.000000000000000000e+00 0.000000000000000000e+00 1.000000000000000000e+00
1.920076803072326699e-01 9.999881894498108270e-01 -4.860140007161336401e-03 0.000000000000000000e+00 4.860140007161336401e-03 9.999881894498108270e-01 -0.000000000000000000e+00 0.000000000000000000e+00 0.000000000000000000e+00 1.000000000000000000e+00
1.930077203088329252e-01 9.999879537960143505e-01 -4.908386991684179045e-03 0.000000000000000000e+00 4.908386991684179045e-03 9.999879537960143505e-01 -0.000000000000000000e+00 0.000000000000000000e+00 0.000000000000000000e+00 1.000000000000000000e+00
1.940077603104331805e-01 9.999877003733401715e-01 -4.959748183004935793e-03 0.000000000000000000e+00 4.959748183004935793e-03 9.999877003733401715e-01 -0.000000000000000000e+00 0.000000000000000000e+00 0.000000000000000000e+00 1.000000000000000000e+00
1.950078003120334358e-01 9.999874448930251569e-01 -5.010993546075253637e-03 0.000000000000000000e+00 5.010993546075253637e-03 9.999874448930251569e-01 -0.000000000000000000e+00 0.000000000000000000e+00 0.000000000000000000e+00 1.000000000000000000e+00
1.960078403136336911e-01 9.999871850328565515e-01 -5.062585314199262616e-03 0.000000000000000000e+00 5.062585314199262616e-03 9.999871850328565515e-01 -0.000000000000000000e+00 0.000000000000000000e+00 0.000000000000000000e+00 1.000000000000000000e+00
1.970078803152339464e-01 9.999869209565357409e-01 -5.114480996828172331e-03 0.000000000000000000e+00 5.114480996828172331e-03 9.999869209565357409e-01 -0.000000000000000000e+00 0.000000000000000000e+00 0.000000000000000000e+00 1.000000000000000000e+00
1.980079203168342017e-01 9.999866524816026780e-01 -5.166706749803040913e-03 0.000000000000000000e+00 5.166706749803040913e-03 9.999866524816026780e-01 -0.000000000000000000e+00 0.000000000000000000e+00 0.000000000000000000e+00 1.000000000000000000e+00
1.990079603184344570e-01 9.999863795564881697e-01 -5.219262544380910696e-03 0.000000000000000000e+00 5.219262544380910696e-03 9.999863795564881697e-01 -0.000000000000000000e+00 0.000000000000000000e+00 0.000000000000000000e+00 1.000000000000000000e+00
2.000080003200347123e-01 9.999861065255258863e-01 -5.271314439459916408e-03 0.000000000000000000e+00 5.271314439459916408e-03 9.999861065255258863e-01 -0.000000000000000000e+00 0.000000000000000000e+00 0.000000000000000000e+00 1.000000000000000000e+00
2.010080403216349676e-01 9.999860760827837813e-01 -5.277086370059247411e-03 0.000000000000000000e+00 5.277086370059247411e-03 9.999860760827837813e-01 -0.000000000000000000e+00 0.000000000000000000e+00 0.000000000000000000e+00 1.000000000000000000e+00
2.020080803232352229e-01 9.999857839634297418e-01 -5.332154446816637916e-03 0.000000000000000000e+00 5.332154446816637916e-03 9.999857839634297418e-01 -0.000000000000000000e+00 0.000000000000000000e+00 0.000000000000000000e+00 1.000000000000000000e+00
2.030081203248354782e-01 9.999855068500222988e-01 -5.383873132238655747e-03 0.000000000000000000e+00 5.383873132238655747e-03 9.999855068500222988e-01 -0.000000000000000000e+00 0.000000000000000000e+00 0.000000000000000000e+00 1.000000000000000000e+00
2.040081603264357335e-01 9.999852327014004949e-01 -5.434554179128605472e-03 0.000000000000000000e+00 5.434554179128605472e-03 9.999852327014004949e-01 -0.000000000000000000e+00 0.000000000000000000e+00 0.000000000000000000e+00 1.000000000000000000e+00
2.050082003280359888e-01 9.999849415707044997e-01 -5.487862228101324756e-03 0.000000000000000000e+00 5.487862228101324756e-03 9.999849415707044997e-01 -0.000000000000000000e+00 0.000000000000000000e+00 0.000000000000000000e+00 1.000000000000000000e+00
2.060082403296362441e-01 9.999846414485854540e-01 -5.542279940947389232e-03 0.000000000000000000e+00 5.542279940947389232e-03 9.999846414485854540e-01 -0.000000000000000000e+00 0.000000000000000000e+00 0.000000000000000000e+00 1.000000000000000000e+00
2.070082803312364994e-01 9.999843481139283341e-01 -5.594955510256351475e-03 0.000000000000000000e+00 5.594955510256351475e-03 9.999843481139283341e-01 -0.000000000000000000e+00 0.000000000000000000e+00 0.000000000000000000e+00 1.000000000000000000e+00
2.080083203328367547e-01 9.999840512987203667e-01 -5.647756032096827236e-03 0.000000000000000000e+00 5.647756032096827236e-03 9.999840512987203667e-01 -0.000000000000000000e+00 0.000000000000000000e+00 0.000000000000000000e+00 1.000000000000000000e+00
2.090083603344370100e-01 9.999837422485922112e-01 -5.702213473832160387e-03 0.000000000000000000e+00 5.702213473832160387e-03 9.999837422485922112e-01 -0.000000000000000000e+00 0.000000000000000000e+00 0.000000000000000000e+00 1.000000000000000000e+00
2.100084003360372653e-01 9.999834263638659460e-01 -5.757342927305367404e-03 0.000000000000000000e+00 5.757342927305367404e-03 9.999834263638659460e-01 -0.000000000000000000e+00 0.000000000000000000e+00 0.000000000000000000e+00 1.000000000000000000e+00
2.110084403376375206e-01 9.999831162708784360e-01 -5.810952863594091508e-03 0.000000000000000000e+00 5.810952863594091508e-03 9.999831162708784360e-01 -0.000000000000000000e+00 0.000000000000000000e+00 0.000000000000000000e+00 1.000000000000000000e+00
2.120084803392377759e-01 9.999827989401984807e-01 -5.865306788784436023e-03 0.000000000000000000e+00 5.865306788784436023e-03 9.999827989401984807e-01 -0.000000000000000000e+00 0.000000000000000000e+00 0.000000000000000000e+00 1.000000000000000000e+00
2.130085203408380312e-01 9.999824799813396004e-01 -5.919436659826873837e-03 0.000000000000000000e+00 5.919436659826873837e-03 9.999824799813396004e-01 -0.000000000000000000e+00 0.000000000000000000e+00 0.000000000000000000e+00 1.000000000000000000e+00
2.140085603424382865e-01 9.999821587456289018e-01 -5.973457159119367581e-03 0.000000000000000000e+00 5.973457159119367581e-03 9.999821587456289018e-01 -0.000000000000000000e+00 0.000000000000000000e+00 0.000000000000000000e+00 1.000000000000000000e+00
2.150086003440385418e-01 9.999818342395181414e-01 -6.027536061202730389e-03 0.000000000000000000e+00 6.027536061202730389e-03 9.999818342395181414e-01 -0.000000000000000000e+00 0.000000000000000000e+00 0.000000000000000000e+00 1.000000000000000000e+00
2.160086403456387971e-01 9.999815059290192432e-01 -6.081759608138602793e-03 0.000000000000000000e+00 6.081759608138602793e-03 9.999815059290192432e-01 -0.000000000000000000e+00 0.000000000000000000e+00 0.000000000000000000e+00 1.000000000000000000e+00
2.170086803472390524e-01 9.999811750909316510e-01 -6.135915885942380688e-03 0.000000000000000000e+00 6.135915885942380688e-03 9.999811750909316510e-01 -0.000000000000000000e+00 0.000000000000000000e+00 0.000000000000000000e+00 1.000000000000000000e+00
2.180087203488393077e-01 9.999808410174509943e-01 -6.190121002971898587e-03 0.000000000000000000e+00 6.190121002971898587e-03 9.999808410174509943e-01 -0.000000000000000000e+00 0.000000000000000000e+00 0.000000000000000000e+00 1.000000000000000000e+00
2.190087603504395630e-01 9.999805040500953091e-01 -6.244318995497669111e-03 0.000000000000000000e+00 6.244318995497669111e-03 9.999805040500953091e-01 -0.000000000000000000e+00 0.000000000000000000e+00 0.000000000000000000e+00 1.000000000000000000e+00
2.200088003520398183e-01 9.999801646419622658e-01 -6.298438110676948462e-03 0.000000000000000000e+00 6.298438110676948462e-03 9.999801646419622658e-01 -0.000000000000000000e+00 0.000000000000000000e+00 0.000000000000000000e+00 1.000000000000000000e+00
2.210088403536400736e-01 9.999798245160241850e-01 -6.352209135519030180e-03 0.000000000000000000e+00 6.352209135519030180e-03 9.999798245160241850e-01 -0.000000000000000000e+00 0.000000000000000000e+00 0.000000000000000000e+00 1.000000000000000000e+00
2.220088803552403289e-01 9.999794819414747904e-01 -6.405911024975254747e-03 0.000000000000000000e+00 6.405911024975254747e-03 9.999794819414747904e-01 -0.000000000000000000e+00 0.000000000000000000e+00 0.000000000000000000e+00 1.000000000000000000e+00
2.230089203568405842e-01 9.999791379448654816e-01 -6.459386584175929105e-03 0.000000000000000000e+00 6.459386584175929105e-03 9.999791379448654816e-01 -0.000000000000000000e+00 0.000000000000000000e+00 0.000000000000000000e+00 1.000000000000000000e+00
2.240089603584408395e-01 9.999787907691657374e-01 -6.512911164536023395e-03 0.000000000000000000e+00 6.512911164536023395e-03 9.999787907691657374e-01 -0.000000000000000000e+00 0.000000000000000000e+00 0.000000000000000000e+00 1.000000000000000000e+00
2.250090003600410948e-01 9.999784410707743820e-01 -6.566383606211136266e-03 0.000000000000000000e+00 6.566383606211136266e-03 9.999784410707743820e-01 -0.000000000000000000e+00 0.000000000000000000e+00 0.000000000000000000e+00 1.000000000000000000e+00
2.260090403616413501e-01 9.999780882960330741e-01 -6.619888806549437468e-03 0.000000000000000000e+00 6.619888806549437468e-03 9.999780882960330741e-01 -0.000000000000000000e+00 0.000000000000000000e+00 0.000000000000000000e+00 1.000000000000000000e+00
2.270090803632416054e-01 9.999777327121242010e-01 -6.673385941156667785e-03 0.000000000000000000e+00 6.673385941156667785e-03 9.999777327121242010e-01 -0.000000000000000000e+00 0.000000000000000000e+00 0.000000000000000000e+00 1.000000000000000000e+00
2.280091203648418607e-01 9.999773747778164523e-01 -6.726807003795881590e-03 0.000000000000000000e+00 6.726807003795881590e-03 9.999773747778164523e-01 -0.000000000000000000e+00 0.000000000000000000e+00 0.000000000000000000e+00 1.000000000000000000e+00
2.290091603664421160e-01 9.999770156074148098e-01 -6.779989446017563315e-03 0.000000000000000000e+00 6.779989446017563315e-03 9.999770156074148098e-01 -0.000000000000000000e+00 0.000000000000000000e+00 0.000000000000000000e+00 1.000000000000000000e+00
2.300092003680423713e-01 9.999766515328011307e-01 -6.833475634478254103e-03 0.000000000000000000e+00 6.833475634478254103e-03 9.999766515328011307e-01 -0.000000000000000000e+00 0.000000000000000000e+00 0.000000000000000000e+00 1.000000000000000000e+00
2.310092403696426266e-01 9.999762816320006964e-01 -6.887392353991990228e-03 0.000000000000000000e+00 6.887392353991990228e-03 9.999762816320006964e-01 -0.000000000000000000e+00 0.000000000000000000e+00 0.000000000000000000e+00 1.000000000000000000e+00
2.320092803712428819e-01 9.999759081758515800e-01 -6.941402443366703756e-03 0.000000000000000000e+00 6.941402443366703756e-03 9.999759081758515800e-01 -0.000000000000000000e+00 0.000000000000000000e+00 0.000000000000000000e+00 1.000000000000000000e+00
2.330093203728431372e-01 9.999755316740434052e-01 -6.995430881248762729e-03 0.000000000000000000e+00 6.995430881248762729e-03 9.999755316740434052e-01 -0.000000000000000000e+00 0.000000000000000000e+00 0.000000000000000000e+00 1.000000000000000000e+00
2.340093603744433925e-01 9.999751521848088132e-01 -7.049468984858887725e-03 0.000000000000000000e+00 7.049468984858887725e-03 9.999751521848088132e-01 -0.000000000000000000e+00 0.000000000000000000e+00 0.000000000000000000e+00 1.000000000000000000e+00
2.350094003760436479e-01 9.999747698394786388e-01 -7.103498045469449143e-03 0.000000000000000000e+00 7.103498045469449143e-03 9.999747698394786388e-01 -0.000000000000000000e+00 0.000000000000000000e+00 0.000000000000000000e+00 1.000000000000000000e+00
2.360094403776439032e-01 9.999743844038400109e-01 -7.157550989090298750e-03 0.000000000000000000e+00 7.157550989090298750e-03 9.999743844038400109e-01 -0.000000000000000000e+00 0.000000000000000000e+00 0.000000000000000000e+00 1.000000000000000000e+00
2.370094803792441585e-01 9.999739958323609068e-01 -7.211633591731336952e-03 0.000000000000000000e+00 7.211633591731336952e-03 9.999739958323609068e-01 -0.000000000000000000e+00 0.000000000000000000e+00 0.000000000000000000e+00 1.000000000000000000e+00
2.380095203808444138e-01 9.999736040935671699e-01 -7.265749522370275673e-03 0.000000000000000000e+00 7.265749522370275673e-03 9.999736040935671699e-01 -0.000000000000000000e+00 0.000000000000000000e+00 0.000000000000000000e+00 1.000000000000000000e+00
2.390095603824446691e-01 9.999732091263906497e-01 -7.319906383816117065e-03 0.000000000000000000e+00 7.319906383816117065e-03 9.999732091263906497e-01 -0.000000000000000000e+00 0.000000000000000000e+00 0.000000000000000000e+00 1.000000000000000000e+00
2.400096003840449244e-01 9.999728081433968407e-01 -7.374481256967857154e-03 0.000000000000000000e+00 7.374481256967857154e-03 9.999728081433968407e-01 -0.000000000000000000e+00 0.000000000000000000e+00 0.000000000000000000e+00 1.000000000000000000e+00
2.410096403856451797e-01 9.999724017946441945e-01 -7.429377433597971793e-03 0.000000000000000000e+00 7.429377433597971793e-03 9.999724017946441945e-01 -0.000000000000000000e+00 0.000000000000000000e+00 0.000000000000000000e+00 1.000000000000000000e+00
2.420096803872454350e-01 9.999719913950694261e-01 -7.484412159890389306e-03 0.000000000000000000e+00 7.484412159890389306e-03 9.999719913950694261e-01 -0.000000000000000000e+00 0.000000000000000000e+00 0.000000000000000000e+00 1.000000000000000000e+00
2.430097203888456903e-01 9.999715778573741165e-01 -7.539461349043024424e-03 0.000000000000000000e+00 7.539461349043024424e-03 9.999715778573741165e-01 -0.000000000000000000e+00 0.000000000000000000e+00 0.000000000000000000e+00 1.000000000000000000e+00
2.440097603904459456e-01 9.999711610122561378e-01 -7.594546977969903606e-03 0.000000000000000000e+00 7.594546977969903606e-03 9.999711610122561378e-01 -0.000000000000000000e+00 0.000000000000000000e+00 0.000000000000000000e+00 1.000000000000000000e+00
2.450098003920462009e-01 9.999707407180816743e-01 -7.649686773408339267e-03 0.000000000000000000e+00 7.649686773408339267e-03 9.999707407180816743e-01 -0.000000000000000000e+00 0.000000000000000000e+00 0.000000000000000000e+00 1.000000000000000000e+00
2.460098403936464562e-01 9.999703167671117887e-01 -7.704906533003124357e-03 0.000000000000000000e+00 7.704906533003124357e-03 9.999703167671117887e-01 -0.000000000000000000e+00 0.000000000000000000e+00 0.000000000000000000e+00 1.000000000000000000e+00
2.470098803952467115e-01 9.999698892417260288e-01 -7.760193933808339981e-03 0.000000000000000000e+00 7.760193933808339981e-03 9.999698892417260288e-01 -0.000000000000000000e+00 0.000000000000000000e+00 0.000000000000000000e+00 1.000000000000000000e+00
2.480099203968469668e-01 9.999694591390885234e-01 -7.815419955379664801e-03 0.000000000000000000e+00 7.815419955379664801e-03 9.999694591390885234e-01 -0.000000000000000000e+00 0.000000000000000000e+00 0.000000000000000000e+00 1.000000000000000000e+00
2.490099603984472221e-01 9.999690280031793277e-01 -7.870389722031754035e-03 0.000000000000000000e+00 7.870389722031754035e-03 9.999690280031793277e-01 -0.000000000000000000e+00 0.000000000000000000e+00 0.000000000000000000e+00 1.000000000000000000e+00
2.500100004000474496e-01 9.999685970762720588e-01 -7.924951817669821999e-03 0.000000000000000000e+00 7.924951817669821999e-03 9.999685970762720588e-01 -0.000000000000000000e+00 0.000000000000000000e+00 0.000000000000000000e+00 1.000000000000000000e+00
2.510100404016477049e-01 9.999681677575953387e-01 -7.978939247654838474e-03 0.000000000000000000e+00 7.978939247654838474e-03 9.999681677575953387e-01 -0.000000000000000000e+00 0.000000000000000000e+00 0.000000000000000000e+00 1.000000000000000000e+00
2.520100804032479602e-01 9.999677357912880593e-01 -8.032893404292640316e-03 0.000000000000000000e+00 8.032893404292640316e-03 9.999677357912880593e-01 -0.000000000000000000e+00 0.000000000000000000e+00 0.000000000000000000e+00 1.000000000000000000e+00
2.530101204048482155e-01 9.999673017663822661e-01 -8.086742116629056301e-03 0.000000000000000000e+00 8.086742116629056301e-03 9.999673017663822661e-01 -0.000000000000000000e+00 0.000000000000000000e+00 0.000000000000000000e+00 1.000000000000000000e+00
2.540101604064484708e-01 9.999668679479533084e-01 -8.140209233220155674e-03 0.000000000000000000e+00 8.140209233220155674e-03 9.999668679479533084e-01 -0.000000000000000000e+00 0.000000000000000000e+00 0.000000000000000000e+00 1.000000000000000000e+00
2.550102004080487261e-01 9.999664315084427768e-01 -8.193647311842671560e-03 0.000000000000000000e+00 8.193647311842671560e-03 9.999664315084427768e-01 -0.000000000000000000e+00 0.000000000000000000e+00 0.000000000000000000e+00 1.000000000000000000e+00
2.560102404096489814e-01 9.999659920142198732e-01 -8.247109494665349344e-03 0.000000000000000000e+00 8.247109494665349344e-03 9.999659920142198732e-01 -0.000000000000000000e+00 0.000000000000000000e+00 0.000000000000000000e+00 1.000000000000000000e+00
2.570102804112492367e-01 9.999655493260062311e-01 -8.300612094216936951e-03 0.000000000000000000e+00 8.300612094216936951e-03 9.999655493260062311e-01 -0.000000000000000000e+00 0.000000000000000000e+00 0.000000000000000000e+00 1.000000000000000000e+00
2.580103204128494920e-01 9.999651008522916218e-01 -8.354464523015681793e-03 0.000000000000000000e+00 8.354464523015681793e-03 9.999651008522916218e-01 -0.000000000000000000e+00 0.000000000000000000e+00 0.000000000000000000e+00 1.000000000000000000e+00
2.590103604144497473e-01 9.999646508314661286e-01 -8.408156010934007135e-03 0.000000000000000000e+00 8.408156010934007135e-03 9.999646508314661286e-01 -0.000000000000000000e+00 0.000000000000000000e+00 0.000000000000000000e+00 1.000000000000000000e+00
2.600104004160500026e-01 9.999641995920633963e-01 -8.461650796626205354e-03 0.000000000000000000e+00 8.461650796626205354e-03 9.999641995920633963e-01 -0.000000000000000000e+00 0.000000000000000000e+00 0.000000000000000000e+00 1.000000000000000000e+00
2.610104404176502579e-01 9.999637450402341088e-01 -8.515198477400506144e-03 0.000000000000000000e+00 8.515198477400506144e-03 9.999637450402341088e-01 -0.000000000000000000e+00 0.000000000000000000e+00 0.000000000000000000e+00 1.000000000000000000e+00
2.620104804192505132e-01 9.999632875078278138e-01 -8.568759334774600847e-03 0.000000000000000000e+00 8.568759334774600847e-03 9.999632875078278138e-01 -0.000000000000000000e+00 0.000000000000000000e+00 0.000000000000000000e+00 1.000000000000000000e+00
2.630105204208507685e-01 9.999628265163863494e-01 -8.622388611030590636e-03 0.000000000000000000e+00 8.622388611030590636e-03 9.999628265163863494e-01 -0.000000000000000000e+00 0.000000000000000000e+00 0.000000000000000000e+00 1.000000000000000000e+00
2.640105604224510238e-01 9.999623769120564720e-01 -8.674373775112825466e-03 0.000000000000000000e+00 8.674373775112825466e-03 9.999623769120564720e-01 -0.000000000000000000e+00 0.000000000000000000e+00 0.000000000000000000e+00 1.000000000000000000e+00
2.650106004240512791e-01 9.999619555485330658e-01 -8.722812364931008949e-03 0.000000000000000000e+00 8.722812364931008949e-03 9.999619555485330658e-01 -0.000000000000000000e+00 0.000000000000000000e+00 0.000000000000000000e+00 1.000000000000000000e+00
2.660106404256515344e-01 9.999614854556700960e-01 -8.776537203811681995e-03 0.000000000000000000e+00 8.776537203811681995e-03 9.999614854556700960e-01 -0.000000000000000000e+00 0.000000000000000000e+00 0.000000000000000000e+00 1.000000000000000000e+00
2.670106804272517897e-01 9.999610049277101176e-01 -8.831116801644381051e-03 0.000000000000000000e+00 8.831116801644381051e-03 9.999610049277101176e-01 -0.000000000000000000e+00 0.000000000000000000e+00 0.000000000000000000e+00 1.000000000000000000e+00
2.680107204288520450e-01 9.999605183065033431e-01 -8.886046825740130661e-03 0.000000000000000000e+00 8.886046825740130661e-03 9.999605183065033431e-01 -0.000000000000000000e+00 0.000000000000000000e+00 0.000000000000000000e+00 1.000000000000000000e+00
2.690107604304523004e-01 9.999600423666067384e-01 -8.939444623352488933e-03 0.000000000000000000e+00 8.939444623352488933e-03 9.999600423666067384e-01 -0.000000000000000000e+00 0.000000000000000000e+00 0.000000000000000000e+00 1.000000000000000000e+00
2.700108004320525557e-01 9.999595560259612048e-01 -8.993681802388228674e-03 0.000000000000000000e+00 8.993681802388228674e-03 9.999595560259612048e-01 -0.000000000000000000e+00 0.000000000000000000e+00 0.000000000000000000e+00 1.000000000000000000e+00
2.710108404336528110e-01 9.999590705538694557e-01 -9.047497833195007610e-03 0.000000000000000000e+00 9.047497833195007610e-03 9.999590705538694557e-01 -0.000000000000000000e+00 0.000000000000000000e+00 0.000000000000000000e+00 1.000000000000000000e+00
2.720108804352530663e-01 9.999585798854893071e-01 -9.101566535256773102e-03 0.000000000000000000e+00 9.101566535256773102e-03 9.999585798854893071e-01 -0.000000000000000000e+00 0.000000000000000000e+00 0.000000000000000000e+00 1.000000000000000000e+00
2.730109204368533216e-01 9.999580873531686009e-01 -9.155519482410025972e-03 0.000000000000000000e+00 9.155519482410025972e-03 9.999580873531686009e-01 -0.000000000000000000e+00 0.000000000000000000e+00 0.000000000000000000e+00 1.000000000000000000e+00
2.740109604384535769e-01 9.999575874089923211e-01 -9.209961085023749341e-03 0.000000000000000000e+00 9.209961085023749341e-03 9.999575874089923211e-01 -0.000000000000000000e+00 0.000000000000000000e+00 0.000000000000000000e+00 1.000000000000000000e+00
2.750110004400538322e-01 9.999570703798599247e-01 -9.265926684787801834e-03 0.000000000000000000e+00 9.265926684787801834e-03 9.999570703798599247e-01 -0.000000000000000000e+00 0.000000000000000000e+00 0.000000000000000000e+00 1.000000000000000000e+00
2.760110404416540875e-01 9.999565696731232967e-01 -9.319805124572025021e-03 0.000000000000000000e+00 9.319805124572025021e-03 9.999565696731232967e-01 -0.000000000000000000e+00 0.000000000000000000e+00 0.000000000000000000e+00 1.000000000000000000e+00
2.770110804432543428e-01 9.999560699445828593e-01 -9.373269492810983039e-03 0.000000000000000000e+00 9.373269492810983039e-03 9.999560699445828593e-01 -0.000000000000000000e+00 0.000000000000000000e+00 0.000000000000000000e+00 1.000000000000000000e+00
2.780111204448545981e-01 9.999555665590758036e-01 -9.426818525771469767e-03 0.000000000000000000e+00 9.426818525771469767e-03 9.999555665590758036e-01 -0.000000000000000000e+00 0.000000000000000000e+00 0.000000000000000000e+00 1.000000000000000000e+00
2.790111604464548534e-01 9.999550604643380192e-01 -9.480350824845296467e-03 0.000000000000000000e+00 9.480350824845296467e-03 9.999550604643380192e-01 -0.000000000000000000e+00 0.000000000000000000e+00 0.000000000000000000e+00 1.000000000000000000e+00
2.800112004480551087e-01 9.999545510866695297e-01 -9.533926843512780316e-03 0.000000000000000000e+00 9.533926843512780316e-03 9.999545510866695297e-01 -0.000000000000000000e+00 0.000000000000000000e+00 0.000000000000000000e+00 1.000000000000000000e+00
2.810112404496553640e-01 9.999540384664494796e-01 -9.587541636875578088e-03 0.000000000000000000e+00 9.587541636875578088e-03 9.999540384664494796e-01 -0.000000000000000000e+00 0.000000000000000000e+00 0.000000000000000000e+00 1.000000000000000000e+00
2.820112804512556193e-01 9.999535226350767525e-01 -9.641191300936576350e-03 0.000000000000000000e+00 9.641191300936576350e-03 9.999535226350767525e-01 -0.000000000000000000e+00 0.000000000000000000e+00 0.000000000000000000e+00 1.000000000000000000e+00
2.830113204528558746e-01 9.999530455874412471e-01 -9.690542833133542963e-03 0.000000000000000000e+00 9.690542833133542963e-03 9.999530455874412471e-01 -0.000000000000000000e+00 0.000000000000000000e+00 0.000000000000000000e+00 1.000000000000000000e+00
2.840113604544561299e-01 9.999526071850047826e-01 -9.735675832309893807e-03 0.000000000000000000e+00 9.735675832309893807e-03 9.999526071850047826e-01 -0.000000000000000000e+00 0.000000000000000000e+00 0.000000000000000000e+00 1.000000000000000000e+00
2.850114004560563852e-01 9.999520711296978615e-01 -9.790579320335021304e-03 0.000000000000000000e+00 9.790579320335021304e-03 9.999520711296978615e-01 -0.000000000000000000e+00 0.000000000000000000e+00 0.000000000000000000e+00 1.000000000000000000e+00
2.860114404576566405e-01 9.999515527172950780e-01 -9.843384492692355825e-03 0.000000000000000000e+00 9.843384492692355825e-03 9.999515527172950780e-01 -0.000000000000000000e+00 0.000000000000000000e+00 0.000000000000000000e+00 1.000000000000000000e+00
2.870114804592568958e-01 9.999510308515981993e-01 -9.896256808826029566e-03 0.000000000000000000e+00 9.896256808826029566e-03 9.999510308515981993e-01 -0.000000000000000000e+00 0.000000000000000000e+00 0.000000000000000000e+00 1.000000000000000000e+00
2.880115204608571511e-01 9.999505002231444672e-01 -9.949728814564561333e-03 0.000000000000000000e+00 9.949728814564561333e-03 9.999505002231444672e-01 -0.000000000000000000e+00 0.000000000000000000e+00 0.000000000000000000e+00 1.000000000000000000e+00
2.890115604624574064e-01 9.999499713996051753e-01 -1.000273452257077755e-02 0.000000000000000000e+00 1.000273452257077755e-02 9.999499713996051753e-01 -0.000000000000000000e+00 0.000000000000000000e+00 0.000000000000000000e+00 1.000000000000000000e+00
2.900116004640576617e-01 9.999494372367695449e-01 -1.005599173967069646e-02 0.000000000000000000e+00 1.005599173967069646e-02 9.999494372367695449e-01 -0.000000000000000000e+00 0.000000000000000000e+00 0.000000000000000000e+00 1.000000000000000000e+00
2.910116404656579170e-01 9.999489013998631437e-01 -1.010913394938813166e-02 0.000000000000000000e+00 1.010913394938813166e-02 9.999489013998631437e-01 -0.000000000000000000e+00 0.000000000000000000e+00 0.000000000000000000e+00 1.000000000000000000e+00
2.920116804672581723e-01 9.999483623372781294e-01 -1.016231563158034520e-02 0.000000000000000000e+00 1.016231563158034520e-02 9.999483623372781294e-01 -0.000000000000000000e+00 0.000000000000000000e+00 0.000000000000000000e+00 1.000000000000000000e+00
2.930117204688584276e-01 9.999479063509904009e-01 -1.020708500361830300e-02 0.000000000000000000e+00 1.020708500361830300e-02 9.999479063509904009e-01 -0.000000000000000000e+00 0.000000000000000000e+00 0.000000000000000000e+00 1.000000000000000000e+00
2.940117604704586829e-01 9.999473716668577650e-01 -1.025933216848198132e-02 0.000000000000000000e+00 1.025933216848198132e-02 9.999473716668577650e-01 -0.000000000000000000e+00 0.000000000000000000e+00 0.000000000000000000e+00 1.000000000000000000e+00
2.950118004720589382e-01 9.999468175250358914e-01 -1.031320132416443068e-02 0.000000000000000000e+00 1.031320132416443068e-02 9.999468175250358914e-01 -0.000000000000000000e+00 0.000000000000000000e+00 0.000000000000000000e+00 1.000000000000000000e+00
2.960118404736591935e-01 9.999462594844336083e-01 -1.036716658927890229e-02 0.000000000000000000e+00 1.036716658927890229e-02 9.999462594844336083e-01 -0.000000000000000000e+00 0.000000000000000000e+00 0.000000000000000000e+00 1.000000000000000000e+00
2.970118804752594488e-01 9.999456984773504864e-01 -1.042113701300596482e-02 0.000000000000000000e+00 1.042113701300596482e-02 9.999456984773504864e-01 -0.000000000000000000e+00 0.000000000000000000e+00 0.000000000000000000e+00 1.000000000000000000e+00
2.980119204768597041e-01 9.999451342623929539e-01 -1.047513555832076115e-02 0.000000000000000000e+00 1.047513555832076115e-02 9.999451342623929539e-01 -0.000000000000000000e+00 0.000000000000000000e+00 0.000000000000000000e+00 1.000000000000000000e+00
2.990119604784599594e-01 9.999445668145163779e-01 -1.052916417049748823e-02 0.000000000000000000e+00 1.052916417049748823e-02 9.999445668145163779e-01 -0.000000000000000000e+00 0.000000000000000000e+00 0.000000000000000000e+00 1.000000000000000000e+00
3.000120004800602147e-01 9.999439960248596160e-01 -1.058323267417234266e-02 0.000000000000000000e+00 1.058323267417234266e-02 9.999439960248596160e-01 -0.000000000000000000e+00 0.000000000000000000e+00 0.000000000000000000e+00 1.000000000000000000e+00
3.010120404816604700e-01 9.999434128954101109e-01 -1.063818626832073629e-02 0.000000000000000000e+00 1.063818626832073629e-02 9.999434128954101109e-01 -0.000000000000000000e+00 0.000000000000000000e+00 0.000000000000000000e+00 1.000000000000000000e+00
3.020120804832607253e-01 9.999428277159863043e-01 -1.069304911413756012e-02 0.000000000000000000e+00 1.069304911413756012e-02 9.999428277159863043e-01 -0.000000000000000000e+00 0.000000000000000000e+00 0.000000000000000000e+00 1.000000000000000000e+00
3.030121204848609806e-01 9.999422481589399503e-01 -1.074710876678062511e-02 0.000000000000000000e+00 1.074710876678062511e-02 9.999422481589399503e-01 -0.000000000000000000e+00 0.000000000000000000e+00 0.000000000000000000e+00 1.000000000000000000e+00
3.040121604864612359e-01 9.999416680757087228e-01 -1.080094653117256130e-02 0.000000000000000000e+00 1.080094653117256130e-02 9.999416680757087228e-01 -0.000000000000000000e+00 0.000000000000000000e+00 0.000000000000000000e+00 1.000000000000000000e+00
3.050122004880614912e-01 9.999410803702035722e-01 -1.085521939300975250e-02 0.000000000000000000e+00 1.085521939300975250e-02 9.999410803702035722e-01 -0.000000000000000000e+00 0.000000000000000000e+00 0.000000000000000000e+00 1.000000000000000000e+00
3.060122404896617465e-01 9.999404879000074464e-01 -1.090965894495806582e-02 0.000000000000000000e+00 1.090965894495806582e-02 9.999404879000074464e-01 -0.000000000000000000e+00 0.000000000000000000e+00 0.000000000000000000e+00 1.000000000000000000e+00
3.070122804912620018e-01 9.999398912510966131e-01 -1.096420926219021826e-02 0.000000000000000000e+00 1.096420926219021826e-02 9.999398912510966131e-01 -0.000000000000000000e+00 0.000000000000000000e+00 0.000000000000000000e+00 1.000000000000000000e+00
3.080123204928622571e-01 9.999392902708785780e-01 -1.101888254642053276e-02 0.000000000000000000e+00 1.101888254642053276e-02 9.999392902708785780e-01 -0.000000000000000000e+00 0.000000000000000000e+00 0.000000000000000000e+00 1.000000000000000000e+00
3.090123604944625124e-01 9.999386857970626874e-01 -1.107360133123872110e-02 0.000000000000000000e+00 1.107360133123872110e-02 9.999386857970626874e-01 -0.000000000000000000e+00 0.000000000000000000e+00 0.000000000000000000e+00 1.000000000000000000e+00
3.100124004960627677e-01 9.999380772729493660e-01 -1.112841496698475929e-02 0.000000000000000000e+00 1.112841496698475929e-02 9.999380772729493660e-01 -0.000000000000000000e+00 0.000000000000000000e+00 0.000000000000000000e+00 1.000000000000000000e+00
3.110124404976630230e-01 9.999374647422195617e-01 -1.118331815261376996e-02 0.000000000000000000e+00 1.118331815261376996e-02 9.999374647422195617e-01 -0.000000000000000000e+00 0.000000000000000000e+00 0.000000000000000000e+00 1.000000000000000000e+00
3.120124804992632783e-01 9.999368496801469552e-01 -1.123817831071956611e-02 0.000000000000000000e+00 1.123817831071956611e-02 9.999368496801469552e-01 -0.000000000000000000e+00 0.000000000000000000e+00 0.000000000000000000e+00 1.000000000000000000e+00
3.130125205008635336e-01 9.999362337096385778e-01 -1.129285236701585773e-02 0.000000000000000000e+00 1.129285236701585773e-02 9.999362337096385778e-01 -0.000000000000000000e+00 0.000000000000000000e+00 0.000000000000000000e+00 1.000000000000000000e+00
3.140125605024637889e-01 9.999358424643164378e-01 -1.132744257005205077e-02 0.000000000000000000e+00 1.132744257005205077e-02 9.999358424643164378e-01 -0.000000000000000000e+00 0.000000000000000000e+00 0.000000000000000000e+00 1.000000000000000000e+00
3.150126005040640442e-01 9.999353228818744777e-01 -1.137321648090796646e-02 0.000000000000000000e+00 1.137321648090796646e-02 9.999353228818744777e-01 -0.000000000000000000e+00 0.000000000000000000e+00 0.000000000000000000e+00 1.000000000000000000e+00
3.160126405056642995e-01 9.999347176371276014e-01 -1.142630578788346625e-02 0.000000000000000000e+00 1.142630578788346625e-02 9.999347176371276014e-01 -0.000000000000000000e+00 0.000000000000000000e+00 0.000000000000000000e+00 1.000000000000000000e+00
3.170126805072645548e-01 9.999340914368536337e-01 -1.148097479982363410e-02 0.000000000000000000e+00 1.148097479982363410e-02 9.999340914368536337e-01 -0.000000000000000000e+00 0.000000000000000000e+00 0.000000000000000000e+00 1.000000000000000000e+00
3.180127205088648101e-01 9.999334532674303277e-01 -1.153642217811851924e-02 0.000000000000000000e+00 1.153642217811851924e-02 9.999334532674303277e-01 -0.000000000000000000e+00 0.000000000000000000e+00 0.000000000000000000e+00 1.000000000000000000e+00
3.190127605104650654e-01 9.999328097830567641e-01 -1.159206277421517481e-02 0.000000000000000000e+00 1.159206277421517481e-02 9.999328097830567641e-01 -0.000000000000000000e+00 0.000000000000000000e+00 0.000000000000000000e+00 1.000000000000000000e+00
3.200128005120653207e-01 9.999321735536065292e-01 -1.164681468730280507e-02 0.000000000000000000e+00 1.164681468730280507e-02 9.999321735536065292e-01 -0.000000000000000000e+00 0.000000000000000000e+00 0.000000000000000000e+00 1.000000000000000000e+00
3.210128405136655760e-01 9.999319726987159207e-01 -1.166404624710370118e-02 0.000000000000000000e+00 1.166404624710370118e-02 9.999319726987159207e-01 -0.000000000000000000e+00 0.000000000000000000e+00 0.000000000000000000e+00 1.000000000000000000e+00
3.220128805152658313e-01 9.999314380388318879e-01 -1.170979169728476529e-02 0.000000000000000000e+00 1.170979169728476529e-02 9.999314380388318879e-01 -0.000000000000000000e+00 0.000000000000000000e+00 0.000000000000000000e+00 1.000000000000000000e+00
3.230129205168660866e-01 9.999307939404974421e-01 -1.176466444597589790e-02 0.000000000000000000e+00 1.176466444597589790e-02 9.999307939404974421e-01 -0.000000000000000000e+00 0.000000000000000000e+00 0.000000000000000000e+00 1.000000000000000000e+00
3.240129605184663419e-01 9.999301433418339435e-01 -1.181983233297464672e-02 0.000000000000000000e+00 1.181983233297464672e-02 9.999301433418339435e-01 -0.000000000000000000e+00 0.000000000000000000e+00 0.000000000000000000e+00 1.000000000000000000e+00
3.250130005200665972e-01 9.999294933865168211e-01 -1.187468971316458025e-02 0.000000000000000000e+00 1.187468971316458025e-02 9.999294933865168211e-01 -0.000000000000000000e+00 0.000000000000000000e+00 0.000000000000000000e+00 1.000000000000000000e+00
3.260130405216668525e-01 9.999288499597149826e-01 -1.192874755545350260e-02 0.000000000000000000e+00 1.192874755545350260e-02 9.999288499597149826e-01 -0.000000000000000000e+00 0.000000000000000000e+00 0.000000000000000000e+00 1.000000000000000000e+00
3.270130805232671078e-01 9.999282028580255277e-01 -1.198286815079873356e-02 0.000000000000000000e+00 1.198286815079873356e-02 9.999282028580255277e-01 -0.000000000000000000e+00 0.000000000000000000e+00 0.000000000000000000e+00 1.000000000000000000e+00
3.280131205248673631e-01 9.999275444125935719e-01 -1.203768769328016422e-02 0.000000000000000000e+00 1.203768769328016422e-02 9.999275444125935719e-01 -0.000000000000000000e+00 0.000000000000000000e+00 0.000000000000000000e+00 1.000000000000000000e+00
3.290131605264676184e-01 9.999268780728658434e-01 -1.209291145474085220e-02 0.000000000000000000e+00 1.209291145474085220e-02 9.999268780728658434e-01 -0.000000000000000000e+00 0.000000000000000000e+00 0.000000000000000000e+00 1.000000000000000000e+00
3.300132005280678738e-01 9.999262104872399526e-01 -1.214798669031393052e-02 0.000000000000000000e+00 1.214798669031393052e-02 9.999262104872399526e-01 -0.000000000000000000e+00 0.000000000000000000e+00 0.000000000000000000e+00 1.000000000000000000e+00
3.310132405296681291e-01 9.999255307725304354e-01 -1.220380716307476604e-02 0.000000000000000000e+00 1.220380716307476604e-02 9.999255307725304354e-01 -0.000000000000000000e+00 0.000000000000000000e+00 0.000000000000000000e+00 1.000000000000000000e+00
3.320132805312683844e-01 9.999248408061285343e-01 -1.226020957563794117e-02 0.000000000000000000e+00 1.226020957563794117e-02 9.999248408061285343e-01 -0.000000000000000000e+00 0.000000000000000000e+00 0.000000000000000000e+00 1.000000000000000000e+00
3.330133205328686397e-01 9.999241420779801937e-01 -1.231706497569447396e-02 0.000000000000000000e+00 1.231706497569447396e-02 9.999241420779801937e-01 -0.000000000000000000e+00 0.000000000000000000e+00 0.000000000000000000e+00 1.000000000000000000e+00
3.340133605344688950e-01 9.999234365925978585e-01 -1.237420514009550561e-02 0.000000000000000000e+00 1.237420514009550561e-02 9.999234365925978585e-01 -0.000000000000000000e+00 0.000000000000000000e+00 0.000000000000000000e+00 1.000000000000000000e+00
3.350134005360691503e-01 9.999227395189546064e-01 -1.243040598328151725e-02 0.000000000000000000e+00 1.243040598328151725e-02 9.999227395189546064e-01 -0.000000000000000000e+00 0.000000000000000000e+00 0.000000000000000000e+00 1.000000000000000000e+00
3.360134405376694056e-01 9.999220507666185531e-01 -1.248568743322337957e-02 0.000000000000000000e+00 1.248568743322337957e-02 9.999220507666185531e-01 -0.000000000000000000e+00 0.000000000000000000e+00 0.000000000000000000e+00 1.000000000000000000e+00
3.370134805392696609e-01 9.999213516346286967e-01 -1.254155274188104713e-02 0.000000000000000000e+00 1.254155274188104713e-02 9.999213516346286967e-01 -0.000000000000000000e+00 0.000000000000000000e+00 0.000000000000000000e+00 1.000000000000000000e+00
3.380135205408699162e-01 9.999206548417766127e-01 -1.259698459127708316e-02 0.000000000000000000e+00 1.259698459127708316e-02 9.999206548417766127e-01 -0.000000000000000000e+00 0.000000000000000000e+00 0.000000000000000000e+00 1.000000000000000000e+00
3.390135605424701715e-01 9.999199521928245904e-01 -1.265263635372382116e-02 0.000000000000000000e+00 1.265263635372382116e-02 9.999199521928245904e-01 -0.000000000000000000e+00 0.000000000000000000e+00 0.000000000000000000e+00 1.000000000000000000e+00
3.400136005440704268e-01 9.999192483918784013e-01 -1.270813500956023342e-02 0.000000000000000000e+00 1.270813500956023342e-02 9.999192483918784013e-01 -0.000000000000000000e+00 0.000000000000000000e+00 0.000000000000000000e+00 1.000000000000000000e+00
3.410136405456706821e-01 9.999185419791333240e-01 -1.276359691953562678e-02 0.000000000000000000e+00 1.276359691953562678e-02 9.999185419791333240e-01 -0.000000000000000000e+00 0.000000000000000000e+00 0.000000000000000000e+00 1.000000000000000000e+00
3.420136805472709374e-01 9.999178323790319789e-01 -1.281906745509373696e-02 0.000000000000000000e+00 1.281906745509373696e-02 9.999178323790319789e-01 -0.000000000000000000e+00 0.000000000000000000e+00 0.000000000000000000e+00 1.000000000000000000e+00
3.430137205488711927e-01 9.999171197962074542e-01 -1.287453061113579510e-02 0.000000000000000000e+00 1.287453061113579510e-02 9.999171197962074542e-01 -0.000000000000000000e+00 0.000000000000000000e+00 0.000000000000000000e+00 1.000000000000000000e+00
3.440137605504714480e-01 9.999164050744989707e-01 -1.292992122523095762e-02 0.000000000000000000e+00 1.292992122523095762e-02 9.999164050744989707e-01 -0.000000000000000000e+00 0.000000000000000000e+00 0.000000000000000000e+00 1.000000000000000000e+00
3.450138005520717033e-01 9.999156874340218160e-01 -1.298530027945462954e-02 0.000000000000000000e+00 1.298530027945462954e-02 9.999156874340218160e-01 -0.000000000000000000e+00 0.000000000000000000e+00 0.000000000000000000e+00 1.000000000000000000e+00
3.460138405536719586e-01 9.999149664826044726e-01 -1.304069799098917133e-02 0.000000000000000000e+00 1.304069799098917133e-02 9.999149664826044726e-01 -0.000000000000000000e+00 0.000000000000000000e+00 0.000000000000000000e+00 1.000000000000000000e+00
3.470138805552722139e-01 9.999142409327098635e-01 -1.309621242814151994e-02 0.000000000000000000e+00 1.309621242814151994e-02 9.999142409327098635e-01 -0.000000000000000000e+00 0.000000000000000000e+00 0.000000000000000000e+00 1.000000000000000000e+00
3.480139205568724692e-01 9.999135107510579434e-01 -1.315184464226631413e-02 0.000000000000000000e+00 1.315184464226631413e-02 9.999135107510579434e-01 -0.000000000000000000e+00 0.000000000000000000e+00 0.000000000000000000e+00 1.000000000000000000e+00
3.490139605584727245e-01 9.999127777987921739e-01 -1.320745224119519376e-02 0.000000000000000000e+00 1.320745224119519376e-02 9.999127777987921739e-01 -0.000000000000000000e+00 0.000000000000000000e+00 0.000000000000000000e+00 1.000000000000000000e+00
3.500140005600729798e-01 9.999120429044050518e-01 -1.326297307316960314e-02 0.000000000000000000e+00 1.326297307316960314e-02 9.999120429044050518e-01 -0.000000000000000000e+00 0.000000000000000000e+00 0.000000000000000000e+00 1.000000000000000000e+00
3.510140405616732351e-01 9.999113047155238077e-01 -1.331850975518324154e-02 0.000000000000000000e+00 1.331850975518324154e-02 9.999113047155238077e-01 -0.000000000000000000e+00 0.000000000000000000e+00 0.000000000000000000e+00 1.000000000000000000e+00
3.520140805632734904e-01 9.999105633984120001e-01 -1.337404965859611931e-02 0.000000000000000000e+00 1.337404965859611931e-02 9.999105633984120001e-01 -0.000000000000000000e+00 0.000000000000000000e+00 0.000000000000000000e+00 1.000000000000000000e+00
3.530141205648737457e-01 9.999098186598970317e-01 -1.342961457124482172e-02 0.000000000000000000e+00 1.342961457124482172e-02 9.999098186598970317e-01 -0.000000000000000000e+00 0.000000000000000000e+00 0.000000000000000000e+00 1.000000000000000000e+00
3.540141605664740010e-01 9.999090704735001944e-01 -1.348520614677623485e-02 0.000000000000000000e+00 1.348520614677623485e-02 9.999090704735001944e-01 -0.000000000000000000e+00 0.000000000000000000e+00 0.000000000000000000e+00 1.000000000000000000e+00
3.550142005680742563e-01 9.999083194841871247e-01 -1.354077642932787102e-02 0.000000000000000000e+00 1.354077642932787102e-02 9.999083194841871247e-01 -0.000000000000000000e+00 0.000000000000000000e+00 0.000000000000000000e+00 1.000000000000000000e+00
3.560142405696745116e-01 9.999075647492277064e-01 -1.359639501004736295e-02 0.000000000000000000e+00 1.359639501004736295e-02 9.999075647492277064e-01 -0.000000000000000000e+00 0.000000000000000000e+00 0.000000000000000000e+00 1.000000000000000000e+00
3.570142805712747669e-01 9.999068066225285101e-01 -1.365203537709396182e-02 0.000000000000000000e+00 1.365203537709396182e-02 9.999068066225285101e-01 -0.000000000000000000e+00 0.000000000000000000e+00 0.000000000000000000e+00 1.000000000000000000e+00
3.580143205728750222e-01 9.999060452385282183e-01 -1.370768745801357290e-02 0.000000000000000000e+00 1.370768745801357290e-02 9.999060452385282183e-01 -0.000000000000000000e+00 0.000000000000000000e+00 0.000000000000000000e+00 1.000000000000000000e+00
3.590143605744752775e-01 9.999052835850766874e-01 -1.376313404161821040e-02 0.000000000000000000e+00 1.376313404161821040e-02 9.999052835850766874e-01 -0.000000000000000000e+00 0.000000000000000000e+00 0.000000000000000000e+00 1.000000000000000000e+00
3.600144005760755328e-01 9.999045254825664752e-01 -1.381810115333273990e-02 0.000000000000000000e+00 1.381810115333273990e-02 9.999045254825664752e-01 -0.000000000000000000e+00 0.000000000000000000e+00 0.000000000000000000e+00 1.000000000000000000e+00
3.610144405776757881e-01 9.999037647975128618e-01 -1.387303657316862893e-02 0.000000000000000000e+00 1.387303657316862893e-02 9.999037647975128618e-01 -0.000000000000000000e+00 0.000000000000000000e+00 0.000000000000000000e+00 1.000000000000000000e+00
3.620144805792760434e-01 9.999029996765843586e-01 -1.392807372786901247e-02 0.000000000000000000e+00 1.392807372786901247e-02 9.999029996765843586e-01 -0.000000000000000000e+00 0.000000000000000000e+00 0.000000000000000000e+00 1.000000000000000000e+00
3.630145205808762987e-01 9.999022300188044055e-01 -1.398321863600142032e-02 0.000000000000000000e+00 1.398321863600142032e-02 9.999022300188044055e-01 -0.000000000000000000e+00 0.000000000000000000e+00 0.000000000000000000e+00 1.000000000000000000e+00
3.640145605824765540e-01 9.999014567315633872e-01 -1.403840539725777908e-02 0.000000000000000000e+00 1.403840539725777908e-02 9.999014567315633872e-01 -0.000000000000000000e+00 0.000000000000000000e+00 0.000000000000000000e+00 1.000000000000000000e+00
3.650146005840768093e-01 9.999006792595623860e-01 -1.409367291610124848e-02 0.000000000000000000e+00 1.409367291610124848e-02 9.999006792595623860e-01 -0.000000000000000000e+00 0.000000000000000000e+00 0.000000000000000000e+00 1.000000000000000000e+00
3.660146405856770646e-01 9.998998983495077653e-01 -1.414896747625698538e-02 0.000000000000000000e+00 1.414896747625698538e-02 9.998998983495077653e-01 -0.000000000000000000e+00 0.000000000000000000e+00 0.000000000000000000e+00 1.000000000000000000e+00
3.670146805872773199e-01 9.998991145300012429e-01 -1.420425155084454119e-02 0.000000000000000000e+00 1.420425155084454119e-02 9.998991145300012429e-01 -0.000000000000000000e+00 0.000000000000000000e+00 0.000000000000000000e+00 1.000000000000000000e+00
3.680147205888775752e-01 9.998983272981069037e-01 -1.425956052787326171e-02 0.000000000000000000e+00 1.425956052787326171e-02 9.998983272981069037e-01 -0.000000000000000000e+00 0.000000000000000000e+00 0.000000000000000000e+00 1.000000000000000000e+00
3.690147605904778305e-01 9.998975363170420350e-01 -1.431491764243231386e-02 0.000000000000000000e+00 1.431491764243231386e-02 9.998975363170420350e-01 -0.000000000000000000e+00 0.000000000000000000e+00 0.000000000000000000e+00 1.000000000000000000e+00
3.700148005920780858e-01 9.998967421226732100e-01 -1.437028505160513163e-02 0.000000000000000000e+00 1.437028505160513163e-02 9.998967421226732100e-01 -0.000000000000000000e+00 0.000000000000000000e+00 0.000000000000000000e+00 1.000000000000000000e+00
3.710148405936783411e-01 9.998959442703276856e-01 -1.442569345820285398e-02 0.000000000000000000e+00 1.442569345820285398e-02 9.998959442703276856e-01 -0.000000000000000000e+00 0.000000000000000000e+00 0.000000000000000000e+00 1.000000000000000000e+00
3.720148805952785964e-01 9.998951426603807091e-01 -1.448114926989671480e-02 0.000000000000000000e+00 1.448114926989671480e-02 9.998951426603807091e-01 -0.000000000000000000e+00 0.000000000000000000e+00 0.000000000000000000e+00 1.000000000000000000e+00
3.730149205968788517e-01 9.998943376851324727e-01 -1.453662495941034430e-02 0.000000000000000000e+00 1.453662495941034430e-02 9.998943376851324727e-01 -0.000000000000000000e+00 0.000000000000000000e+00 0.000000000000000000e+00 1.000000000000000000e+00
3.740149605984791070e-01 9.998935293921656919e-01 -1.459211703895864007e-02 0.000000000000000000e+00 1.459211703895864007e-02 9.998935293921656919e-01 -0.000000000000000000e+00 0.000000000000000000e+00 0.000000000000000000e+00 1.000000000000000000e+00
3.750150006000793623e-01 9.998927189427390116e-01 -1.464754605034800441e-02 0.000000000000000000e+00 1.464754605034800441e-02 9.998927189427390116e-01 -0.000000000000000000e+00 0.000000000000000000e+00 0.000000000000000000e+00 1.000000000000000000e+00
3.760150406016796176e-01 9.998919035191697890e-01 -1.470310432567020938e-02 0.000000000000000000e+00 1.470310432567020938e-02 9.998919035191697890e-01 -0.000000000000000000e+00 0.000000000000000000e+00 0.000000000000000000e+00 1.000000000000000000e+00
3.770150806032798729e-01 9.998910821783055791e-01 -1.475885430164058584e-02 0.000000000000000000e+00 1.475885430164058584e-02 9.998910821783055791e-01 -0.000000000000000000e+00 0.000000000000000000e+00 0.000000000000000000e+00 1.000000000000000000e+00
3.780151206048801282e-01 9.998902951542161244e-01 -1.481207805862578587e-02 0.000000000000000000e+00 1.481207805862578587e-02 9.998902951542161244e-01 -0.000000000000000000e+00 0.000000000000000000e+00 0.000000000000000000e+00 1.000000000000000000e+00
3.790151606064803835e-01 9.998894437999180651e-01 -1.486943769921801085e-02 0.000000000000000000e+00 1.486943769921801085e-02 9.998894437999180651e-01 -0.000000000000000000e+00 0.000000000000000000e+00 0.000000000000000000e+00 1.000000000000000000e+00
3.800152006080806388e-01 9.998886072310878559e-01 -1.492558640307108456e-02 0.000000000000000000e+00 1.492558640307108456e-02 9.998886072310878559e-01 -0.000000000000000000e+00 0.000000000000000000e+00 0.000000000000000000e+00 1.000000000000000000e+00
3.810152406096808941e-01 9.998877750945107667e-01 -1.498122880638933993e-02 0.000000000000000000e+00 1.498122880638933993e-02 9.998877750945107667e-01 -0.000000000000000000e+00 0.000000000000000000e+00 0.000000000000000000e+00 1.000000000000000000e+00
3.820152806112811494e-01 9.998869465833761794e-01 -1.503642418172972638e-02 0.000000000000000000e+00 1.503642418172972638e-02 9.998869465833761794e-01 -0.000000000000000000e+00 0.000000000000000000e+00 0.000000000000000000e+00 1.000000000000000000e+00
3.830153206128814047e-01 9.998861134268933748e-01 -1.509172541699176778e-02 0.000000000000000000e+00 1.509172541699176778e-02 9.998861134268933748e-01 -0.000000000000000000e+00 0.000000000000000000e+00 0.000000000000000000e+00 1.000000000000000000e+00
3.840153606144816600e-01 9.998852738553192232e-01 -1.514724817495058211e-02 0.000000000000000000e+00 1.514724817495058211e-02 9.998852738553192232e-01 -0.000000000000000000e+00 0.000000000000000000e+00 0.000000000000000000e+00 1.000000000000000000e+00
3.850154006160819153e-01 9.998844286313197660e-01 -1.520293986764934512e-02 0.000000000000000000e+00 1.520293986764934512e-02 9.998844286313197660e-01 -0.000000000000000000e+00 0.000000000000000000e+00 0.000000000000000000e+00 1.000000000000000000e+00
3.860154406176821706e-01 9.998835798533395325e-01 -1.525866113623553823e-02 0.000000000000000000e+00 1.525866113623553823e-02 9.998835798533395325e-01 -0.000000000000000000e+00 0.000000000000000000e+00 0.000000000000000000e+00 1.000000000000000000e+00
3.870154806192824259e-01 9.998828366509334709e-01 -1.530728489586116042e-02 0.000000000000000000e+00 1.530728489586116042e-02 9.998828366509334709e-01 -0.000000000000000000e+00 0.000000000000000000e+00 0.000000000000000000e+00 1.000000000000000000e+00
3.880155206208826812e-01 9.998821027379447557e-01 -1.535514976632803251e-02 0.000000000000000000e+00 1.535514976632803251e-02 9.998821027379447557e-01 -0.000000000000000000e+00 0.000000000000000000e+00 0.000000000000000000e+00 1.000000000000000000e+00
3.890155606224829365e-01 9.998812864112106569e-01 -1.540821484347915798e-02 0.000000000000000000e+00 1.540821484347915798e-02 9.998812864112106569e-01 -0.000000000000000000e+00 0.000000000000000000e+00 0.000000000000000000e+00 1.000000000000000000e+00
3.900156006240831918e-01 9.998804498307264366e-01 -1.546240751967595424e-02 0.000000000000000000e+00 1.546240751967595424e-02 9.998804498307264366e-01 -0.000000000000000000e+00 0.000000000000000000e+00 0.000000000000000000e+00 1.000000000000000000e+00
3.910156406256834472e-01 9.998795654925802801e-01 -1.551948808334287569e-02 0.000000000000000000e+00 1.551948808334287569e-02 9.998795654925802801e-01 -0.000000000000000000e+00 0.000000000000000000e+00 0.000000000000000000e+00 1.000000000000000000e+00
3.920156806272837025e-01 9.998787003825907460e-01 -1.557512507884411569e-02 0.000000000000000000e+00 1.557512507884411569e-02 9.998787003825907460e-01 -0.000000000000000000e+00 0.000000000000000000e+00 0.000000000000000000e+00 1.000000000000000000e+00
3.930157206288839578e-01 9.998778185629039195e-01 -1.563163286061085289e-02 0.000000000000000000e+00 1.563163286061085289e-02 9.998778185629039195e-01 -0.000000000000000000e+00 0.000000000000000000e+00 0.000000000000000000e+00 1.000000000000000000e+00
3.940157606304842131e-01 9.998769262590442297e-01 -1.568860525241301540e-02 0.000000000000000000e+00 1.568860525241301540e-02 9.998769262590442297e-01 -0.000000000000000000e+00 0.000000000000000000e+00 0.000000000000000000e+00 1.000000000000000000e+00
3.950158006320844684e-01 9.998760311083811914e-01 -1.574555222759613585e-02 0.000000000000000000e+00 1.574555222759613585e-02 9.998760311083811914e-01 -0.000000000000000000e+00 0.000000000000000000e+00 0.000000000000000000e+00 1.000000000000000000e+00
3.960158406336847237e-01 9.998751455544916400e-01 -1.580168669428848663e-02 0.000000000000000000e+00 1.580168669428848663e-02 9.998751455544916400e-01 -0.000000000000000000e+00 0.000000000000000000e+00 0.000000000000000000e+00 1.000000000000000000e+00
3.970158806352849790e-01 9.998742859078220135e-01 -1.585598878416195900e-02 0.000000000000000000e+00 1.585598878416195900e-02 9.998742859078220135e-01 -0.000000000000000000e+00 0.000000000000000000e+00 0.000000000000000000e+00 1.000000000000000000e+00
3.980159206368852343e-01 9.998734156134805318e-01 -1.591077463331237729e-02 0.000000000000000000e+00 1.591077463331237729e-02 9.998734156134805318e-01 -0.000000000000000000e+00 0.000000000000000000e+00 0.000000000000000000e+00 1.000000000000000000e+00
3.990159606384854896e-01 9.998725137288771991e-01 -1.596735073506384134e-02 0.000000000000000000e+00 1.596735073506384134e-02 9.998725137288771991e-01 -0.000000000000000000e+00 0.000000000000000000e+00 0.000000000000000000e+00 1.000000000000000000e+00
4.000160006400857449e-01 9.998715789670015175e-01 -1.602577842214029588e-02 0.000000000000000000e+00 1.602577842214029588e-02 9.998715789670015175e-01 -0.000000000000000000e+00 0.000000000000000000e+00 0.000000000000000000e+00 1.000000000000000000e+00
4.010160406416860002e-01 9.998706774968535438e-01 -1.608192407590644177e-02 0.000000000000000000e+00 1.608192407590644177e-02 9.998706774968535438e-01 -0.000000000000000000e+00 0.000000000000000000e+00 0.000000000000000000e+00 1.000000000000000000e+00
4.020160806432862555e-01 9.998698013388223060e-01 -1.613630597951076079e-02 0.000000000000000000e+00 1.613630597951076079e-02 9.998698013388223060e-01 -0.000000000000000000e+00 0.000000000000000000e+00 0.000000000000000000e+00 1.000000000000000000e+00
4.030161206448865108e-01 9.998689087881988957e-01 -1.619151749208535412e-02 0.000000000000000000e+00 1.619151749208535412e-02 9.998689087881988957e-01 -0.000000000000000000e+00 0.000000000000000000e+00 0.000000000000000000e+00 1.000000000000000000e+00
4.040161606464867661e-01 9.998680068092090645e-01 -1.624712157212953451e-02 0.000000000000000000e+00 1.624712157212953451e-02 9.998680068092090645e-01 -0.000000000000000000e+00 0.000000000000000000e+00 0.000000000000000000e+00 1.000000000000000000e+00
4.050162006480870214e-01 9.998670898861464762e-01 -1.630345247513580176e-02 0.000000000000000000e+00 1.630345247513580176e-02 9.998670898861464762e-01 -0.000000000000000000e+00 0.000000000000000000e+00 0.000000000000000000e+00 1.000000000000000000e+00
4.060162406496872767e-01 9.998661986970146520e-01 -1.635801648068222966e-02 0.000000000000000000e+00 1.635801648068222966e-02 9.998661986970146520e-01 -0.000000000000000000e+00 0.000000000000000000e+00 0.000000000000000000e+00 1.000000000000000000e+00
4.070162806512875320e-01 9.998653048333057125e-01 -1.641256197553682752e-02 0.000000000000000000e+00 1.641256197553682752e-02 9.998653048333057125e-01 -0.000000000000000000e+00 0.000000000000000000e+00 0.000000000000000000e+00 1.000000000000000000e+00
4.080163206528877873e-01 9.998643947660755815e-01 -1.646791058603587141e-02 0.000000000000000000e+00 1.646791058603587141e-02 9.998643947660755815e-01 -0.000000000000000000e+00 0.000000000000000000e+00 0.000000000000000000e+00 1.000000000000000000e+00
4.090163606544880426e-01 9.998634722388839435e-01 -1.652382771644599416e-02 0.000000000000000000e+00 1.652382771644599416e-02 9.998634722388839435e-01 -0.000000000000000000e+00 0.000000000000000000e+00 0.000000000000000000e+00 1.000000000000000000e+00
4.100164006560882979e-01 9.998625567826395777e-01 -1.657912977460791401e-02 0.000000000000000000e+00 1.657912977460791401e-02 9.998625567826395777e-01 -0.000000000000000000e+00 0.000000000000000000e+00 0.000000000000000000e+00 1.000000000000000000e+00
4.110164406576885532e-01 9.998616372579217648e-01 -1.663449247522538754e-02 0.000000000000000000e+00 1.663449247522538754e-02 9.998616372579217648e-01 -0.000000000000000000e+00 0.000000000000000000e+00 0.000000000000000000e+00 1.000000000000000000e+00
4.120164806592888085e-01 9.998607178982347188e-01 -1.668966159114319489e-02 0.000000000000000000e+00 1.668966159114319489e-02 9.998607178982347188e-01 -0.000000000000000000e+00 0.000000000000000000e+00 0.000000000000000000e+00 1.000000000000000000e+00
4.130165206608890638e-01 9.998597938115137973e-01 -1.674493114937795901e-02 0.000000000000000000e+00 1.674493114937795901e-02 9.998597938115137973e-01 -0.000000000000000000e+00 0.000000000000000000e+00 0.000000000000000000e+00 1.000000000000000000e+00
4.140165606624893191e-01 9.998588661840681624e-01 -1.680022955526942058e-02 0.000000000000000000e+00 1.680022955526942058e-02 9.998588661840681624e-01 -0.000000000000000000e+00 0.000000000000000000e+00 0.000000000000000000e+00 1.000000000000000000e+00
4.150166006640895744e-01 9.998579374455967006e-01 -1.685541239594721616e-02 0.000000000000000000e+00 1.685541239594721616e-02 9.998579374455967006e-01 -0.000000000000000000e+00 0.000000000000000000e+00 0.000000000000000000e+00 1.000000000000000000e+00
4.160166406656898297e-01 9.998570053459410190e-01 -1.691061384595814523e-02 0.000000000000000000e+00 1.691061384595814523e-02 9.998570053459410190e-01 -0.000000000000000000e+00 0.000000000000000000e+00 0.000000000000000000e+00 1.000000000000000000e+00
4.170166806672900850e-01 9.998560694600372445e-01 -1.696585877359265554e-02 0.000000000000000000e+00 1.696585877359265554e-02 9.998560694600372445e-01 -0.000000000000000000e+00 0.000000000000000000e+00 0.000000000000000000e+00 1.000000000000000000e+00
4.180167206688903403e-01 9.998551371419011069e-01 -1.702071476026418423e-02 0.000000000000000000e+00 1.702071476026418423e-02 9.998551371419011069e-01 -0.000000000000000000e+00 0.000000000000000000e+00 0.000000000000000000e+00 1.000000000000000000e+00
4.190167606704905956e-01 9.998542127651333100e-01 -1.707492945272916229e-02 0.000000000000000000e+00 1.707492945272916229e-02 9.998542127651333100e-01 -0.000000000000000000e+00 0.000000000000000000e+00 0.000000000000000000e+00 1.000000000000000000e+00
4.200168006720908509e-01 9.998533132810908386e-01 -1.712751940080655191e-02 0.000000000000000000e+00 1.712751940080655191e-02 9.998533132810908386e-01 -0.000000000000000000e+00 0.000000000000000000e+00 0.000000000000000000e+00 1.000000000000000000e+00
4.210168406736911062e-01 9.998523668875720638e-01 -1.718267817659241414e-02 0.000000000000000000e+00 1.718267817659241414e-02 9.998523668875720638e-01 -0.000000000000000000e+00 0.000000000000000000e+00 0.000000000000000000e+00 1.000000000000000000e+00
4.220168806752913615e-01 9.998514466522528954e-01 -1.723614305455685794e-02 0.000000000000000000e+00 1.723614305455685794e-02 9.998514466522528954e-01 -0.000000000000000000e+00 0.000000000000000000e+00 0.000000000000000000e+00 1.000000000000000000e+00
4.230169206768916168e-01 9.998507605437116919e-01 -1.727589766587328893e-02 0.000000000000000000e+00 1.727589766587328893e-02 9.998507605437116919e-01 -0.000000000000000000e+00 0.000000000000000000e+00 0.000000000000000000e+00 1.000000000000000000e+00
4.240169606784918721e-01 9.998497694646998335e-01 -1.733316189813964223e-02 0.000000000000000000e+00 1.733316189813964223e-02 9.998497694646998335e-01 -0.000000000000000000e+00 0.000000000000000000e+00 0.000000000000000000e+00 1.000000000000000000e+00
4.250170006800921274e-01 9.998488680047583621e-01 -1.738508411264893389e-02 0.000000000000000000e+00 1.738508411264893389e-02 9.998488680047583621e-01 -0.000000000000000000e+00 0.000000000000000000e+00 0.000000000000000000e+00 1.000000000000000000e+00
4.260170406816923827e-01 9.998479044380671477e-01 -1.744041257556711022e-02 0.000000000000000000e+00 1.744041257556711022e-02 9.998479044380671477e-01 -0.000000000000000000e+00 0.000000000000000000e+00 0.000000000000000000e+00 1.000000000000000000e+00
4.270170806832926380e-01 9.998469256465478683e-01 -1.749643606986535371e-02 0.000000000000000000e+00 1.749643606986535371e-02 9.998469256465478683e-01 -0.000000000000000000e+00 0.000000000000000000e+00 0.000000000000000000e+00 1.000000000000000000e+00
4.280171206848928933e-01 9.998459257570115888e-01 -1.755348247797606370e-02 0.000000000000000000e+00 1.755348247797606370e-02 9.998459257570115888e-01 -0.000000000000000000e+00 0.000000000000000000e+00 0.000000000000000000e+00 1.000000000000000000e+00
4.290171606864931486e-01 9.998447482864046831e-01 -1.762042349367342470e-02 0.000000000000000000e+00 1.762042349367342470e-02 9.998447482864046831e-01 -0.000000000000000000e+00 0.000000000000000000e+00 0.000000000000000000e+00 1.000000000000000000e+00
4.300172006880934039e-01 9.998432301656614563e-01 -1.770635738643848781e-02 0.000000000000000000e+00 1.770635738643848781e-02 9.998432301656614563e-01 -0.000000000000000000e+00 0.000000000000000000e+00 0.000000000000000000e+00 1.000000000000000000e+00
4.310172406896936592e-01 9.998414104184378814e-01 -1.780881839059196906e-02 0.000000000000000000e+00 1.780881839059196906e-02 9.998414104184378814e-01 -0.000000000000000000e+00 0.000000000000000000e+00 0.000000000000000000e+00 1.000000000000000000e+00
4.320172806912939145e-01 9.998397242915656458e-01 -1.790323234967221983e-02 0.000000000000000000e+00 1.790323234967221983e-02 9.998397242915656458e-01 -0.000000000000000000e+00 0.000000000000000000e+00 0.000000000000000000e+00 1.000000000000000000e+00
4.330173206928941698e-01 9.998378273769280566e-01 -1.800885743695346958e-02 0.000000000000000000e+00 1.800885743695346958e-02 9.998378273769280566e-01 -0.000000000000000000e+00 0.000000000000000000e+00 0.000000000000000000e+00 1.000000000000000000e+00
4.340173606944944251e-01 9.998366674352912042e-01 -1.807314172719128031e-02 0.000000000000000000e+00 1.807314172719128031e-02 9.998366674352912042e-01 -0.000000000000000000e+00 0.000000000000000000e+00 0.000000000000000000e+00 1.000000000000000000e+00
4.350174006960946804e-01 9.998357508461827026e-01 -1.812377802364326454e-02 0.000000000000000000e+00 1.812377802364326454e-02 9.998357508461827026e-01 -0.000000000000000000e+00 0.000000000000000000e+00 0.000000000000000000e+00 1.000000000000000000e+00
4.360174406976949357e-01 9.998348630559245054e-01 -1.817268879228539982e-02 0.000000000000000000e+00 1.817268879228539982e-02 9.998348630559245054e-01 -0.000000000000000000e+00 0.000000000000000000e+00 0.000000000000000000e+00 1.000000000000000000e+00
4.370174806992951910e-01 9.998338855700067418e-01 -1.822638927442462448e-02 0.000000000000000000e+00 1.822638927442462448e-02 9.998338855700067418e-01 -0.000000000000000000e+00 0.000000000000000000e+00 0.000000000000000000e+00 1.000000000000000000e+00
4.380175207008954463e-01 9.998328137940888372e-01 -1.828508847654826408e-02 0.000000000000000000e+00 1.828508847654826408e-02 9.998328137940888372e-01 -0.000000000000000000e+00 0.000000000000000000e+00 0.000000000000000000e+00 1.000000000000000000e+00
4.390175607024957016e-01 9.998318225631626088e-01 -1.833920908940627273e-02 0.000000000000000000e+00 1.833920908940627273e-02 9.998318225631626088e-01 -0.000000000000000000e+00 0.000000000000000000e+00 0.000000000000000000e+00 1.000000000000000000e+00
4.400176007040959569e-01 9.998308909572298786e-01 -1.838992897410129251e-02 0.000000000000000000e+00 1.838992897410129251e-02 9.998308909572298786e-01 -0.000000000000000000e+00 0.000000000000000000e+00 0.000000000000000000e+00 1.000000000000000000e+00
4.410176407056962122e-01 9.998299219768082002e-01 -1.844253561335658376e-02 0.000000000000000000e+00 1.844253561335658376e-02 9.998299219768082002e-01 -0.000000000000000000e+00 0.000000000000000000e+00 0.000000000000000000e+00 1.000000000000000000e+00
4.420176807072964675e-01 9.998288972963921273e-01 -1.849800343498799945e-02 0.000000000000000000e+00 1.849800343498799945e-02 9.998288972963921273e-01 -0.000000000000000000e+00 0.000000000000000000e+00 0.000000000000000000e+00 1.000000000000000000e+00
4.430177207088967228e-01 9.998278900969741478e-01 -1.855236330587457794e-02 0.000000000000000000e+00 1.855236330587457794e-02 9.998278900969741478e-01 -0.000000000000000000e+00 0.000000000000000000e+00 0.000000000000000000e+00 1.000000000000000000e+00
4.440177607104969781e-01 9.998269066314008358e-01 -1.860528892235193549e-02 0.000000000000000000e+00 1.860528892235193549e-02 9.998269066314008358e-01 -0.000000000000000000e+00 0.000000000000000000e+00 0.000000000000000000e+00 1.000000000000000000e+00
4.450178007120972334e-01 9.998259206342132721e-01 -1.865820001897418659e-02 0.000000000000000000e+00 1.865820001897418659e-02 9.998259206342132721e-01 -0.000000000000000000e+00 0.000000000000000000e+00 0.000000000000000000e+00 1.000000000000000000e+00
4.460178407136974887e-01 9.998249201172415557e-01 -1.871173729379010248e-02 0.000000000000000000e+00 1.871173729379010248e-02 9.998249201172415557e-01 -0.000000000000000000e+00 0.000000000000000000e+00 0.000000000000000000e+00 1.000000000000000000e+00
4.470178807152977440e-01 9.998239371948086651e-01 -1.876418429540018321e-02 0.000000000000000000e+00 1.876418429540018321e-02 9.998239371948086651e-01 -0.000000000000000000e+00 0.000000000000000000e+00 0.000000000000000000e+00 1.000000000000000000e+00
4.480179207168979993e-01 9.998229523166363153e-01 -1.881658898008801983e-02 0.000000000000000000e+00 1.881658898008801983e-02 9.998229523166363153e-01 -0.000000000000000000e+00 0.000000000000000000e+00 0.000000000000000000e+00 1.000000000000000000e+00
4.490179607184982546e-01 9.998219538008178420e-01 -1.886957068710166247e-02 0.000000000000000000e+00 1.886957068710166247e-02 9.998219538008178420e-01 -0.000000000000000000e+00 0.000000000000000000e+00 0.000000000000000000e+00 1.000000000000000000e+00
4.500180007200985099e-01 9.998209461573560608e-01 -1.892288627587036809e-02 0.000000000000000000e+00 1.892288627587036809e-02 9.998209461573560608e-01 -0.000000000000000000e+00 0.000000000000000000e+00 0.000000000000000000e+00 1.000000000000000000e+00
4.510180407216987652e-01 9.998199418670618011e-01 -1.897587534069266474e-02 0.000000000000000000e+00 1.897587534069266474e-02 9.998199418670618011e-01 -0.000000000000000000e+00 0.000000000000000000e+00 0.000000000000000000e+00 1.000000000000000000e+00
4.520180807232990206e-01 9.998189375880044416e-01 -1.902871620457763369e-02 0.000000000000000000e+00 1.902871620457763369e-02 9.998189375880044416e-01 -0.000000000000000000e+00 0.000000000000000000e+00 0.000000000000000000e+00 1.000000000000000000e+00
4.530181207248992759e-01 9.998179265830309248e-01 -1.908176310536319892e-02 0.000000000000000000e+00 1.908176310536319892e-02 9.998179265830309248e-01 -0.000000000000000000e+00 0.000000000000000000e+00 0.000000000000000000e+00 1.000000000000000000e+00
4.540181607264995312e-01 9.998169102122728136e-01 -1.913494326054563169e-02 0.000000000000000000e+00 1.913494326054563169e-02 9.998169102122728136e-01 -0.000000000000000000e+00 0.000000000000000000e+00 0.000000000000000000e+00 1.000000000000000000e+00
4.550182007280997865e-01 9.998158928679455881e-01 -1.918802670086592471e-02 0.000000000000000000e+00 1.918802670086592471e-02 9.998158928679455881e-01 -0.000000000000000000e+00 0.000000000000000000e+00 0.000000000000000000e+00 1.000000000000000000e+00
4.560182407297000418e-01 9.998148739309461464e-01 -1.924104639687217871e-02 0.000000000000000000e+00 1.924104639687217871e-02 9.998148739309461464e-01 -0.000000000000000000e+00 0.000000000000000000e+00 0.000000000000000000e+00 1.000000000000000000e+00
4.570182807313002971e-01 9.998138496524027197e-01 -1.929419713911893416e-02 0.000000000000000000e+00 1.929419713911893416e-02 9.998138496524027197e-01 -0.000000000000000000e+00 0.000000000000000000e+00 0.000000000000000000e+00 1.000000000000000000e+00
4.580183207329005524e-01 9.998128219416319018e-01 -1.934737917939003543e-02 0.000000000000000000e+00 1.934737917939003543e-02 9.998128219416319018e-01 -0.000000000000000000e+00 0.000000000000000000e+00 0.000000000000000000e+00 1.000000000000000000e+00
4.590183607345008077e-01 9.998117949894619327e-01 -1.940037628373621204e-02 0.000000000000000000e+00 1.940037628373621204e-02 9.998117949894619327e-01 -0.000000000000000000e+00 0.000000000000000000e+00 0.000000000000000000e+00 1.000000000000000000e+00
4.600184007361010630e-01 9.998107623325395155e-01 -1.945352214964214330e-02 0.000000000000000000e+00 1.945352214964214330e-02 9.998107623325395155e-01 -0.000000000000000000e+00 0.000000000000000000e+00 0.000000000000000000e+00 1.000000000000000000e+00
4.610184407377013183e-01 9.998097252778422872e-01 -1.950674857185994565e-02 0.000000000000000000e+00 1.950674857185994565e-02 9.998097252778422872e-01 -0.000000000000000000e+00 0.000000000000000000e+00 0.000000000000000000e+00 1.000000000000000000e+00
4.620184807393015736e-01 9.998086863354077591e-01 -1.955992659154683067e-02 0.000000000000000000e+00 1.955992659154683067e-02 9.998086863354077591e-01 -0.000000000000000000e+00 0.000000000000000000e+00 0.000000000000000000e+00 1.000000000000000000e+00
4.630185207409018289e-01 9.998076421552358761e-01 -1.961322737307780867e-02 0.000000000000000000e+00 1.961322737307780867e-02 9.998076421552358761e-01 -0.000000000000000000e+00 0.000000000000000000e+00 0.000000000000000000e+00 1.000000000000000000e+00
4.640185607425020842e-01 9.998065934967689250e-01 -1.966661130919377873e-02 0.000000000000000000e+00 1.966661130919377873e-02 9.998065934967689250e-01 -0.000000000000000000e+00 0.000000000000000000e+00 0.000000000000000000e+00 1.000000000000000000e+00
4.650186007441023395e-01 9.998055464683638371e-01 -1.971976802846832702e-02 0.000000000000000000e+00 1.971976802846832702e-02 9.998055464683638371e-01 -0.000000000000000000e+00 0.000000000000000000e+00 0.000000000000000000e+00 1.000000000000000000e+00
4.660186407457025948e-01 9.998044973795958690e-01 -1.977288596876896135e-02 0.000000000000000000e+00 1.977288596876896135e-02 9.998044973795958690e-01 -0.000000000000000000e+00 0.000000000000000000e+00 0.000000000000000000e+00 1.000000000000000000e+00
4.670186807473028501e-01 9.998034423394508430e-01 -1.982616166041251127e-02 0.000000000000000000e+00 1.982616166041251127e-02 9.998034423394508430e-01 -0.000000000000000000e+00 0.000000000000000000e+00 0.000000000000000000e+00 1.000000000000000000e+00
4.680187207489031054e-01 9.998023842697840724e-01 -1.987944688504749563e-02 0.000000000000000000e+00 1.987944688504749563e-02 9.998023842697840724e-01 -0.000000000000000000e+00 0.000000000000000000e+00 0.000000000000000000e+00 1.000000000000000000e+00
4.690187607505033607e-01 9.998013210561027542e-01 -1.993284762576700078e-02 0.000000000000000000e+00 1.993284762576700078e-02 9.998013210561027542e-01 -0.000000000000000000e+00 0.000000000000000000e+00 0.000000000000000000e+00 1.000000000000000000e+00
4.700188007521036160e-01 9.998002530760883300e-01 -1.998634406263712429e-02 0.000000000000000000e+00 1.998634406263712429e-02 9.998002530760883300e-01 -0.000000000000000000e+00 0.000000000000000000e+00 0.000000000000000000e+00 1.000000000000000000e+00
4.710188407537038713e-01 9.997991814361061325e-01 -2.003988023148837658e-02 0.000000000000000000e+00 2.003988023148837658e-02 9.997991814361061325e-01 -0.000000000000000000e+00 0.000000000000000000e+00 0.000000000000000000e+00 1.000000000000000000e+00
4.720188807553041266e-01 9.997981066290970720e-01 -2.009343128668826875e-02 0.000000000000000000e+00 2.009343128668826875e-02 9.997981066290970720e-01 -0.000000000000000000e+00 0.000000000000000000e+00 0.000000000000000000e+00 1.000000000000000000e+00
4.730189207569043819e-01 9.997970287623010321e-01 -2.014699178723293113e-02 0.000000000000000000e+00 2.014699178723293113e-02 9.997970287623010321e-01 -0.000000000000000000e+00 0.000000000000000000e+00 0.000000000000000000e+00 1.000000000000000000e+00
4.740189607585046372e-01 9.997959482645464302e-01 -2.020054043328608009e-02 0.000000000000000000e+00 2.020054043328608009e-02 9.997959482645464302e-01 -0.000000000000000000e+00 0.000000000000000000e+00 0.000000000000000000e+00 1.000000000000000000e+00
4.750190007601048925e-01 9.997948685973080396e-01 -2.025390645016069552e-02 0.000000000000000000e+00 2.025390645016069552e-02 9.997948685973080396e-01 -0.000000000000000000e+00 0.000000000000000000e+00 0.000000000000000000e+00 1.000000000000000000e+00
4.760190407617051478e-01 9.997937927043087925e-01 -2.030694634685334399e-02 0.000000000000000000e+00 2.030694634685334399e-02 9.997937927043087925e-01 -0.000000000000000000e+00 0.000000000000000000e+00 0.000000000000000000e+00 1.000000000000000000e+00
4.770190807633054031e-01 9.997927129065525831e-01 -2.036003975821652420e-02 0.000000000000000000e+00 2.036003975821652420e-02 9.997927129065525831e-01 -0.000000000000000000e+00 0.000000000000000000e+00 0.000000000000000000e+00 1.000000000000000000e+00
4.780191207649056584e-01 9.997916296960643878e-01 -2.041316216777979559e-02 0.000000000000000000e+00 2.041316216777979559e-02 9.997916296960643878e-01 -0.000000000000000000e+00 0.000000000000000000e+00 0.000000000000000000e+00 1.000000000000000000e+00
4.790191607665059137e-01 9.997905453738762382e-01 -2.046620094222193972e-02 0.000000000000000000e+00 2.046620094222193972e-02 9.997905453738762382e-01 -0.000000000000000000e+00 0.000000000000000000e+00 0.000000000000000000e+00 1.000000000000000000e+00
4.800192007681061690e-01 9.997894598068622907e-01 -2.051916321643426980e-02 0.000000000000000000e+00 2.051916321643426980e-02 9.997894598068622907e-01 -0.000000000000000000e+00 0.000000000000000000e+00 0.000000000000000000e+00 1.000000000000000000e+00
4.810192407697064243e-01 9.997883703623394736e-01 -2.057217752737552918e-02 0.000000000000000000e+00 2.057217752737552918e-02 9.997883703623394736e-01 -0.000000000000000000e+00 0.000000000000000000e+00 0.000000000000000000e+00 1.000000000000000000e+00
4.820192807713066796e-01 9.997872797870684947e-01 -2.062511032635596514e-02 0.000000000000000000e+00 2.062511032635596514e-02 9.997872797870684947e-01 -0.000000000000000000e+00 0.000000000000000000e+00 0.000000000000000000e+00 1.000000000000000000e+00
4.830193207729069349e-01 9.997861873421088896e-01 -2.067799796716148983e-02 0.000000000000000000e+00 2.067799796716148983e-02 9.997861873421088896e-01 -0.000000000000000000e+00 0.000000000000000000e+00 0.000000000000000000e+00 1.000000000000000000e+00
4.840193607745071902e-01 9.997850929263665254e-01 -2.073084567057052047e-02 0.000000000000000000e+00 2.073084567057052047e-02 9.997850929263665254e-01 -0.000000000000000000e+00 0.000000000000000000e+00 0.000000000000000000e+00 1.000000000000000000e+00
4.850194007761074455e-01 9.997839955068994477e-01 -2.078370342985893029e-02 0.000000000000000000e+00 2.078370342985893029e-02 9.997839955068994477e-01 -0.000000000000000000e+00 0.000000000000000000e+00 0.000000000000000000e+00 1.000000000000000000e+00
4.860194407777077008e-01 9.997828937793376003e-01 -2.083663375437762658e-02 0.000000000000000000e+00 2.083663375437762658e-02 9.997828937793376003e-01 -0.000000000000000000e+00 0.000000000000000000e+00 0.000000000000000000e+00 1.000000000000000000e+00
4.870194807793079561e-01 9.997817792293371975e-01 -2.089004358590874216e-02 0.000000000000000000e+00 2.089004358590874216e-02 9.997817792293371975e-01 -0.000000000000000000e+00 0.000000000000000000e+00 0.000000000000000000e+00 1.000000000000000000e+00
4.880195207809082114e-01 9.997806342564192761e-01 -2.094476941464186101e-02 0.000000000000000000e+00 2.094476941464186101e-02 9.997806342564192761e-01 -0.000000000000000000e+00 0.000000000000000000e+00 0.000000000000000000e+00 1.000000000000000000e+00
4.890195607825084667e-01 9.997790103051150679e-01 -2.102214435601043943e-02 0.000000000000000000e+00 2.102214435601043943e-02 9.997790103051150679e-01 -0.000000000000000000e+00 0.000000000000000000e+00 0.000000000000000000e+00 1.000000000000000000e+00
4.900196007841087220e-01 9.997777139855251738e-01 -2.108370503203075771e-02 0.000000000000000000e+00 2.108370503203075771e-02 9.997777139855251738e-01 -0.000000000000000000e+00 0.000000000000000000e+00 0.000000000000000000e+00 1.000000000000000000e+00
4.910196407857089773e-01 9.997765720625144681e-01 -2.113778500525010165e-02 0.000000000000000000e+00 2.113778500525010165e-02 9.997765720625144681e-01 -0.000000000000000000e+00 0.000000000000000000e+00 0.000000000000000000e+00 1.000000000000000000e+00
4.920196807873092326e-01 9.997754419428906969e-01 -2.119117004552132505e-02 0.000000000000000000e+00 2.119117004552132505e-02 9.997754419428906969e-01 -0.000000000000000000e+00 0.000000000000000000e+00 0.000000000000000000e+00 1.000000000000000000e+00
4.930197207889094879e-01 9.997742980558317338e-01 -2.124506876829009017e-02 0.000000000000000000e+00 2.124506876829009017e-02 9.997742980558317338e-01 -0.000000000000000000e+00 0.000000000000000000e+00 0.000000000000000000e+00 1.000000000000000000e+00
4.940197607905097432e-01 9.997727142801581257e-01 -2.131946952636914680e-02 0.000000000000000000e+00 2.131946952636914680e-02 9.997727142801581257e-01 -0.000000000000000000e+00 0.000000000000000000e+00 0.000000000000000000e+00 1.000000000000000000e+00
4.950198007921099985e-01 9.997711839064514772e-01 -2.139111568602568292e-02 0.000000000000000000e+00 2.139111568602568292e-02 9.997711839064514772e-01 -0.000000000000000000e+00 0.000000000000000000e+00 0.000000000000000000e+00 1.000000000000000000e+00
4.960198407937102538e-01 9.997700013054123813e-01 -2.144631646171396219e-02 0.000000000000000000e+00 2.144631646171396219e-02 9.997700013054123813e-01 -0.000000000000000000e+00 0.000000000000000000e+00 0.000000000000000000e+00 1.000000000000000000e+00
4.970198807953105091e-01 9.997688851830680568e-01 -2.149828411305084938e-02 0.000000000000000000e+00 2.149828411305084938e-02 9.997688851830680568e-01 -0.000000000000000000e+00 0.000000000000000000e+00 0.000000000000000000e+00 1.000000000000000000e+00
4.980199207969107644e-01 9.997677651882435068e-01 -2.155030604204369662e-02 0.000000000000000000e+00 2.155030604204369662e-02 9.997677651882435068e-01 -0.000000000000000000e+00 0.000000000000000000e+00 0.000000000000000000e+00 1.000000000000000000e+00
4.990199607985110197e-01 9.997666364986278476e-01 -2.160260503321047298e-02 0.000000000000000000e+00 2.160260503321047298e-02 9.997666364986278476e-01 -0.000000000000000000e+00 0.000000000000000000e+00 0.000000000000000000e+00 1.000000000000000000e+00
5.000000000000000000e-01 9.997655402333606167e-01 -2.165328062665868372e-02 0.000000000000000000e+00 2.165328062665868372e-02 9.997655402333606167e-01 -0.000000000000000000e+00 0.000000000000000000e+00 0.000000000000000000e+00 1.000000000000000000e+00
