time R11 R12 R13 R21 R22 R23 R31 R32 R33
0.000000000000000000e+00 1.000000000000000000e+00 -0.000000000000000000e+00 0.000000000000000000e+00 0.000000000000000000e+00 1.000000000000000000e+00 -0.000000000000000000e+00 0.000000000000000000e+00 0.000000000000000000e+00 1.000000000000000000e+00
9.999999999999990992e-05 9.999999999999992228e-01 -3.564939745140523322e-08 0.000000000000000000e+00 3.564939745140523322e-08 9.999999999999992228e-01 -0.000000000000000000e+00 0.000000000000000000e+00 0.000000000000000000e+00 1.000000000000000000e+00
1.999999999999996301e-04 9.999999999999708011e-01 -2.410035418645455995e-07 0.000000000000000000e+00 2.410035418645455995e-07 9.999999999999708011e-01 -0.000000000000000000e+00 0.000000000000000000e+00 0.000000000000000000e+00 1.000000000000000000e+00
2.999999999999993774e-04 9.999999999997518652e-01 -7.042605988192197534e-07 0.000000000000000000e+00 7.042605988192197534e-07 9.999999999997518652e-01 -0.000000000000000000e+00 0.000000000000000000e+00 0.000000000000000000e+00 1.000000000000000000e+00
3.999999999999990976e-04 9.999999999989240829e-01 -1.466831936841894946e-06 0.000000000000000000e+00 1.466831936841894946e-06 9.999999999989240829e-01 -0.000000000000000000e+00 0.000000000000000000e+00 0.000000000000000000e+00 1.000000000000000000e+00
4.999999999999991430e-04 9.999999999967568165e-01 -2.546808905915488375e-06 0.000000000000000000e+00 2.546808905915488375e-06 9.999999999967568165e-01 -0.000000000000000000e+00 0.000000000000000000e+00 0.000000000000000000e+00 1.000000000000000000e+00
6.000000000000015737e-04 9.999999999921954652e-01 -3.950783127316298016e-06 0.000000000000000000e+00 3.950783127316298016e-06 9.999999999921954652e-01 -0.000000000000000000e+00 0.000000000000000000e+00 0.000000000000000000e+00 1.000000000000000000e+00
7.000000000000040044e-04 9.999999999838699027e-01 -5.679788361416031081e-06 0.000000000000000000e+00 5.679788361416031081e-06 9.999999999838699027e-01 -0.000000000000000000e+00 0.000000000000000000e+00 0.000000000000000000e+00 1.000000000000000000e+00
8.000000000000064351e-04 9.999999999701058018e-01 -7.732276522467563696e-06 0.000000000000000000e+00 7.732276522467563696e-06 9.999999999701058018e-01 -0.000000000000000000e+00 0.000000000000000000e+00 0.000000000000000000e+00 1.000000000000000000e+00
9.000000000000088658e-04 9.999999999542575901e-01 -9.564743353392033228e-06 0.000000000000000000e+00 9.564743353392033228e-06 9.999999999542575901e-01 -0.000000000000000000e+00 0.000000000000000000e+00 0.000000000000000000e+00 1.000000000000000000e+00
1.000000000000011297e-03 9.999999999769232373e-01 -6.793628685875426584e-06 0.000000000000000000e+00 6.793628685875426584e-06 9.999999999769232373e-01 -0.000000000000000000e+00 0.000000000000000000e+00 0.000000000000000000e+00 1.000000000000000000e+00
1.100000000000013727e-03 9.999999999998661071e-01 -5.172708375618344040e-07 0.000000000000000000e+00 5.172708375618344040e-07 9.999999999998661071e-01 -0.000000000000000000e+00 0.000000000000000000e+00 0.000000000000000000e+00 1.000000000000000000e+00
1.200000000000016158e-03 9.999999999820622376e-01 5.989595505795087281e-06 0.000000000000000000e+00 -5.989595505795087281e-06 9.999999999820622376e-01 -0.000000000000000000e+00 -0.000000000000000000e+00 0.000000000000000000e+00 1.000000000000000000e+00
1.300000000000018589e-03 9.999999999103572623e-01 1.338974555407686969e-05 0.000000000000000000e+00 -1.338974555407686969e-05 9.999999999103572623e-01 -0.000000000000000000e+00 -0.000000000000000000e+00 0.000000000000000000e+00 1.000000000000000000e+00
1.400000000000021019e-03 9.999999997991537715e-01 2.004225861470954802e-05 0.000000000000000000e+00 -2.004225861470954802e-05 9.999999997991537715e-01 -0.000000000000000000e+00 -0.000000000000000000e+00 0.000000000000000000e+00 1.000000000000000000e+00
1.500000000000023450e-03 9.999999996954858084e-01 2.467849412273399786e-05 0.000000000000000000e+00 -2.467849412273399786e-05 9.999999996954858084e-01 -0.000000000000000000e+00 -0.000000000000000000e+00 0.000000000000000000e+00 1.000000000000000000e+00
1.600000000000025881e-03 9.999999996271348168e-01 2.730806313786490101e-05 0.000000000000000000e+00 -2.730806313786490101e-05 9.999999996271348168e-01 -0.000000000000000000e+00 -0.000000000000000000e+00 0.000000000000000000e+00 1.000000000000000000e+00
1.700000000000028311e-03 9.999999995958216426e-01 2.843161326131821541e-05 0.000000000000000000e+00 -2.843161326131821541e-05 9.999999995958216426e-01 -0.000000000000000000e+00 -0.000000000000000000e+00 0.000000000000000000e+00 1.000000000000000000e+00
1.800000000000030742e-03 9.999999995968424926e-01 2.839568123955371910e-05 0.000000000000000000e+00 -2.839568123955371910e-05 9.999999995968424926e-01 -0.000000000000000000e+00 -0.000000000000000000e+00 0.000000000000000000e+00 1.000000000000000000e+00
1.900000000000033173e-03 9.999999996258065460e-01 2.735665683761973947e-05 0.000000000000000000e+00 -2.735665683761973947e-05 9.999999996258065460e-01 -0.000000000000000000e+00 -0.000000000000000000e+00 0.000000000000000000e+00 1.000000000000000000e+00
2.000000000000030399e-03 9.999999996784921796e-01 2.535775009020644366e-05 0.000000000000000000e+00 -2.535775009020644366e-05 9.999999996784921796e-01 -0.000000000000000000e+00 -0.000000000000000000e+00 0.000000000000000000e+00 1.000000000000000000e+00
2.100000000000021988e-03 9.999999997472186486e-01 2.248471889408722765e-05 0.000000000000000000e+00 -2.248471889408722765e-05 9.999999997472186486e-01 -0.000000000000000000e+00 -0.000000000000000000e+00 0.000000000000000000e+00 1.000000000000000000e+00
2.200000000000013577e-03 9.999999998235399312e-01 1.878616328495718283e-05 0.000000000000000000e+00 -1.878616328495718283e-05 9.999999998235399312e-01 -0.000000000000000000e+00 -0.000000000000000000e+00 0.000000000000000000e+00 1.000000000000000000e+00
2.300000000000005165e-03 9.999999998986152105e-01 1.423971432863097062e-05 0.000000000000000000e+00 -1.423971432863097062e-05 9.999999998986152105e-01 -0.000000000000000000e+00 -0.000000000000000000e+00 0.000000000000000000e+00 1.000000000000000000e+00
2.399999999999996754e-03 9.999999999603659262e-01 8.903262265566276858e-06 0.000000000000000000e+00 -8.903262265566276858e-06 9.999999999603659262e-01 -0.000000000000000000e+00 -0.000000000000000000e+00 0.000000000000000000e+00 1.000000000000000000e+00
2.499999999999988343e-03 9.999999999962506658e-01 2.738323505453603647e-06 0.000000000000000000e+00 -2.738323505453603647e-06 9.999999999962506658e-01 -0.000000000000000000e+00 -0.000000000000000000e+00 0.000000000000000000e+00 1.000000000000000000e+00
2.599999999999979931e-03 9.999999999886272084e-01 -4.769192426815637947e-06 0.000000000000000000e+00 4.769192426815637947e-06 9.999999999886272084e-01 -0.000000000000000000e+00 0.000000000000000000e+00 0.000000000000000000e+00 1.000000000000000000e+00
2.699999999999971520e-03 9.999999999037593179e-01 -1.387375846373981619e-05 0.000000000000000000e+00 1.387375846373981619e-05 9.999999999037593179e-01 -0.000000000000000000e+00 0.000000000000000000e+00 0.000000000000000000e+00 1.000000000000000000e+00
2.799999999999963109e-03 9.999999996929608281e-01 -2.478059885531608489e-05 0.000000000000000000e+00 2.478059885531608489e-05 9.999999996929608281e-01 -0.000000000000000000e+00 0.000000000000000000e+00 0.000000000000000000e+00 1.000000000000000000e+00
2.899999999999954697e-03 9.999999993029227152e-01 -3.733837600695592520e-05 0.000000000000000000e+00 3.733837600695592520e-05 9.999999993029227152e-01 -0.000000000000000000e+00 0.000000000000000000e+00 0.000000000000000000e+00 1.000000000000000000e+00
2.999999999999946286e-03 9.999999986896173088e-01 -5.119340797063865188e-05 0.000000000000000000e+00 5.119340797063865188e-05 9.999999986896173088e-01 -0.000000000000000000e+00 0.000000000000000000e+00 0.000000000000000000e+00 1.000000000000000000e+00
3.099999999999937875e-03 9.999999978708306037e-01 -6.525594606628905487e-05 0.000000000000000000e+00 6.525594606628905487e-05 9.999999978708306037e-01 -0.000000000000000000e+00 0.000000000000000000e+00 0.000000000000000000e+00 1.000000000000000000e+00
3.199999999999929463e-03 9.999999969536615962e-01 -7.805559761075166701e-05 0.000000000000000000e+00 7.805559761075166701e-05 9.999999969536615962e-01 -0.000000000000000000e+00 0.000000000000000000e+00 0.000000000000000000e+00 1.000000000000000000e+00
3.299999999999921052e-03 9.999999961745422716e-01 -8.746951042551780989e-05 0.000000000000000000e+00 8.746951042551780989e-05 9.999999961745422716e-01 -0.000000000000000000e+00 0.000000000000000000e+00 0.000000000000000000e+00 1.000000000000000000e+00
3.399999999999912641e-03 9.999999955592001610e-01 -9.424223877569123237e-05 0.000000000000000000e+00 9.424223877569123237e-05 9.999999955592001610e-01 -0.000000000000000000e+00 0.000000000000000000e+00 0.000000000000000000e+00 1.000000000000000000e+00
3.499999999999904229e-03 9.999999950674427485e-01 -9.932328113552112408e-05 0.000000000000000000e+00 9.932328113552112408e-05 9.999999950674427485e-01 -0.000000000000000000e+00 0.000000000000000000e+00 0.000000000000000000e+00 1.000000000000000000e+00
3.599999999999895818e-03 9.999999946620398150e-01 -1.033243442827139121e-04 0.000000000000000000e+00 1.033243442827139121e-04 9.999999946620398150e-01 -0.000000000000000000e+00 0.000000000000000000e+00 0.000000000000000000e+00 1.000000000000000000e+00
3.699999999999887407e-03 9.999999943120776447e-01 -1.066576039084347129e-04 0.000000000000000000e+00 1.066576039084347129e-04 9.999999943120776447e-01 -0.000000000000000000e+00 0.000000000000000000e+00 0.000000000000000000e+00 1.000000000000000000e+00
3.799999999999878995e-03 9.999999939911652369e-01 -1.096251310603747601e-04 0.000000000000000000e+00 1.096251310603747601e-04 9.999999939911652369e-01 -0.000000000000000000e+00 0.000000000000000000e+00 0.000000000000000000e+00 1.000000000000000000e+00
3.899999999999870584e-03 9.999999937191580424e-01 -1.120789174206946359e-04 0.000000000000000000e+00 1.120789174206946359e-04 9.999999937191580424e-01 -0.000000000000000000e+00 0.000000000000000000e+00 0.000000000000000000e+00 1.000000000000000000e+00
3.999999999999882122e-03 9.999999935023935471e-01 -1.139965466413133755e-04 0.000000000000000000e+00 1.139965466413133755e-04 9.999999935023935471e-01 -0.000000000000000000e+00 0.000000000000000000e+00 0.000000000000000000e+00 1.000000000000000000e+00
4.099999999999895395e-03 9.999999933293051146e-01 -1.155049335674934496e-04 0.000000000000000000e+00 1.155049335674934496e-04 9.999999933293051146e-01 -0.000000000000000000e+00 0.000000000000000000e+00 0.000000000000000000e+00 1.000000000000000000e+00
4.199999999999908668e-03 9.999999931893289729e-01 -1.167105042420529506e-04 0.000000000000000000e+00 1.167105042420529506e-04 9.999999931893289729e-01 -0.000000000000000000e+00 0.000000000000000000e+00 0.000000000000000000e+00 1.000000000000000000e+00
4.299999999999921940e-03 9.999999931181917656e-01 -1.173184395886778676e-04 0.000000000000000000e+00 1.173184395886778676e-04 9.999999931181917656e-01 -0.000000000000000000e+00 0.000000000000000000e+00 0.000000000000000000e+00 1.000000000000000000e+00
4.399999999999935213e-03 9.999999931393021013e-01 -1.171383604652552490e-04 0.000000000000000000e+00 1.171383604652552490e-04 9.999999931393021013e-01 -0.000000000000000000e+00 0.000000000000000000e+00 0.000000000000000000e+00 1.000000000000000000e+00
4.499999999999948486e-03 9.999999932463305985e-01 -1.162210758605471844e-04 0.000000000000000000e+00 1.162210758605471844e-04 9.999999932463305985e-01 -0.000000000000000000e+00 0.000000000000000000e+00 0.000000000000000000e+00 1.000000000000000000e+00
4.599999999999961758e-03 9.999999934344850905e-01 -1.145907035051045391e-04 0.000000000000000000e+00 1.145907035051045391e-04 9.999999934344850905e-01 -0.000000000000000000e+00 0.000000000000000000e+00 0.000000000000000000e+00 1.000000000000000000e+00
4.699999999999975031e-03 9.999999937119324889e-01 -1.121433666172399574e-04 0.000000000000000000e+00 1.121433666172399574e-04 9.999999937119324889e-01 -0.000000000000000000e+00 0.000000000000000000e+00 0.000000000000000000e+00 1.000000000000000000e+00
4.799999999999988304e-03 9.999999940334766135e-01 -1.092384844125156746e-04 0.000000000000000000e+00 1.092384844125156746e-04 9.999999940334766135e-01 -0.000000000000000000e+00 0.000000000000000000e+00 0.000000000000000000e+00 1.000000000000000000e+00
4.900000000000001577e-03 9.999999943636224131e-01 -1.061732300119413525e-04 0.000000000000000000e+00 1.061732300119413525e-04 9.999999943636224131e-01 -0.000000000000000000e+00 0.000000000000000000e+00 0.000000000000000000e+00 1.000000000000000000e+00
5.000000000000014849e-03 9.999999946742058610e-01 -1.032065311773759837e-04 0.000000000000000000e+00 1.032065311773759837e-04 9.999999946742058610e-01 -0.000000000000000000e+00 0.000000000000000000e+00 0.000000000000000000e+00 1.000000000000000000e+00
5.100000000000028122e-03 9.999999949690303591e-01 -1.003092163556436241e-04 0.000000000000000000e+00 1.003092163556436241e-04 9.999999949690303591e-01 -0.000000000000000000e+00 0.000000000000000000e+00 0.000000000000000000e+00 1.000000000000000000e+00
5.200000000000041395e-03 9.999999953382223694e-01 -9.655855750735483571e-05 0.000000000000000000e+00 9.655855750735483571e-05 9.999999953382223694e-01 -0.000000000000000000e+00 0.000000000000000000e+00 0.000000000000000000e+00 1.000000000000000000e+00
5.300000000000054667e-03 9.999999957196031852e-01 -9.252455613877432535e-05 0.000000000000000000e+00 9.252455613877432535e-05 9.999999957196031852e-01 -0.000000000000000000e+00 0.000000000000000000e+00 0.000000000000000000e+00 1.000000000000000000e+00
5.400000000000067940e-03 9.999999959553501627e-01 -8.994053199361014413e-05 0.000000000000000000e+00 8.994053199361014413e-05 9.999999959553501627e-01 -0.000000000000000000e+00 0.000000000000000000e+00 0.000000000000000000e+00 1.000000000000000000e+00
5.500000000000081213e-03 9.999999960549877942e-01 -8.882580826720433702e-05 0.000000000000000000e+00 8.882580826720433702e-05 9.999999960549877942e-01 -0.000000000000000000e+00 0.000000000000000000e+00 0.000000000000000000e+00 1.000000000000000000e+00
5.600000000000094486e-03 9.999999960532488519e-01 -8.884538294071533222e-05 0.000000000000000000e+00 8.884538294071533222e-05 9.999999960532488519e-01 -0.000000000000000000e+00 0.000000000000000000e+00 0.000000000000000000e+00 1.000000000000000000e+00
5.700000000000107758e-03 9.999999959588460330e-01 -8.990165536023807474e-05 0.000000000000000000e+00 8.990165536023807474e-05 9.999999959588460330e-01 -0.000000000000000000e+00 0.000000000000000000e+00 0.000000000000000000e+00 1.000000000000000000e+00
5.800000000000121031e-03 9.999999957844951659e-01 -9.182052831532044510e-05 0.000000000000000000e+00 9.182052831532044510e-05 9.999999957844951659e-01 -0.000000000000000000e+00 0.000000000000000000e+00 0.000000000000000000e+00 1.000000000000000000e+00
5.900000000000134304e-03 9.999999955129503793e-01 -9.473171984874239357e-05 0.000000000000000000e+00 9.473171984874239357e-05 9.999999955129503793e-01 -0.000000000000000000e+00 0.000000000000000000e+00 0.000000000000000000e+00 1.000000000000000000e+00
6.000000000000147576e-03 9.999999951381453034e-01 -9.860886918103659471e-05 0.000000000000000000e+00 9.860886918103659471e-05 9.999999951381453034e-01 -0.000000000000000000e+00 0.000000000000000000e+00 0.000000000000000000e+00 1.000000000000000000e+00
6.100000000000160849e-03 9.999999946596479505e-01 -1.033474908632185191e-04 0.000000000000000000e+00 1.033474908632185191e-04 9.999999946596479505e-01 -0.000000000000000000e+00 0.000000000000000000e+00 0.000000000000000000e+00 1.000000000000000000e+00
6.200000000000174122e-03 9.999999940937782661e-01 -1.086850638389507887e-04 0.000000000000000000e+00 1.086850638389507887e-04 9.999999940937782661e-01 -0.000000000000000000e+00 0.000000000000000000e+00 0.000000000000000000e+00 1.000000000000000000e+00
6.300000000000187395e-03 9.999999934671202073e-01 -1.143055525059244183e-04 0.000000000000000000e+00 1.143055525059244183e-04 9.999999934671202073e-01 -0.000000000000000000e+00 0.000000000000000000e+00 0.000000000000000000e+00 1.000000000000000000e+00
6.400000000000200667e-03 9.999999927749284589e-01 -1.202087468007069390e-04 0.000000000000000000e+00 1.202087468007069390e-04 9.999999927749284589e-01 -0.000000000000000000e+00 0.000000000000000000e+00 0.000000000000000000e+00 1.000000000000000000e+00
6.500000000000213940e-03 9.999999920493747307e-01 -1.261001602295117898e-04 0.000000000000000000e+00 1.261001602295117898e-04 9.999999920493747307e-01 -0.000000000000000000e+00 0.000000000000000000e+00 0.000000000000000000e+00 1.000000000000000000e+00
6.600000000000227213e-03 9.999999914068908868e-01 -1.310962161781814551e-04 0.000000000000000000e+00 1.310962161781814551e-04 9.999999914068908868e-01 -0.000000000000000000e+00 0.000000000000000000e+00 0.000000000000000000e+00 1.000000000000000000e+00
6.700000000000240485e-03 9.999999909513488383e-01 -1.345262125978864177e-04 0.000000000000000000e+00 1.345262125978864177e-04 9.999999909513488383e-01 -0.000000000000000000e+00 0.000000000000000000e+00 0.000000000000000000e+00 1.000000000000000000e+00
6.800000000000253758e-03 9.999999906739636124e-01 -1.365725899708227170e-04 0.000000000000000000e+00 1.365725899708227170e-04 9.999999906739636124e-01 -0.000000000000000000e+00 0.000000000000000000e+00 0.000000000000000000e+00 1.000000000000000000e+00
6.900000000000267031e-03 9.999999905108560849e-01 -1.377617054668817684e-04 0.000000000000000000e+00 1.377617054668817684e-04 9.999999905108560849e-01 -0.000000000000000000e+00 0.000000000000000000e+00 0.000000000000000000e+00 1.000000000000000000e+00
7.000000000000280304e-03 9.999999904084139191e-01 -1.385033277432052678e-04 0.000000000000000000e+00 1.385033277432052678e-04 9.999999904084139191e-01 -0.000000000000000000e+00 0.000000000000000000e+00 0.000000000000000000e+00 1.000000000000000000e+00
7.100000000000293576e-03 9.999999903403616885e-01 -1.389937999673817681e-04 0.000000000000000000e+00 1.389937999673817681e-04 9.999999903403616885e-01 -0.000000000000000000e+00 0.000000000000000000e+00 0.000000000000000000e+00 1.000000000000000000e+00
7.200000000000306849e-03 9.999999903006930868e-01 -1.392789054177395931e-04 0.000000000000000000e+00 1.392789054177395931e-04 9.999999903006930868e-01 -0.000000000000000000e+00 0.000000000000000000e+00 0.000000000000000000e+00 1.000000000000000000e+00
7.300000000000320122e-03 9.999999902940638341e-01 -1.393264941282134988e-04 0.000000000000000000e+00 1.393264941282134988e-04 9.999999902940638341e-01 -0.000000000000000000e+00 0.000000000000000000e+00 0.000000000000000000e+00 1.000000000000000000e+00
7.400000000000333394e-03 9.999999903274593427e-01 -1.390865956512692104e-04 0.000000000000000000e+00 1.390865956512692104e-04 9.999999903274593427e-01 -0.000000000000000000e+00 0.000000000000000000e+00 0.000000000000000000e+00 1.000000000000000000e+00
7.500000000000346667e-03 9.999999904022899289e-01 -1.385475370253086490e-04 0.000000000000000000e+00 1.385475370253086490e-04 9.999999904022899289e-01 -0.000000000000000000e+00 0.000000000000000000e+00 0.000000000000000000e+00 1.000000000000000000e+00
7.600000000000359940e-03 9.999999905142382683e-01 -1.377371531038352190e-04 0.000000000000000000e+00 1.377371531038352190e-04 9.999999905142382683e-01 -0.000000000000000000e+00 0.000000000000000000e+00 0.000000000000000000e+00 1.000000000000000000e+00
7.700000000000373213e-03 9.999999906758400003e-01 -1.365588504338136782e-04 0.000000000000000000e+00 1.365588504338136782e-04 9.999999906758400003e-01 -0.000000000000000000e+00 0.000000000000000000e+00 0.000000000000000000e+00 1.000000000000000000e+00
7.800000000000386485e-03 9.999999908736713072e-01 -1.351023949007119928e-04 0.000000000000000000e+00 1.351023949007119928e-04 9.999999908736713072e-01 -0.000000000000000000e+00 0.000000000000000000e+00 0.000000000000000000e+00 1.000000000000000000e+00
7.900000000000399758e-03 9.999999910742737308e-01 -1.336093264179140209e-04 0.000000000000000000e+00 1.336093264179140209e-04 9.999999910742737308e-01 -0.000000000000000000e+00 0.000000000000000000e+00 0.000000000000000000e+00 1.000000000000000000e+00
8.000000000000413031e-03 9.999999912747440378e-01 -1.321003844587608736e-04 0.000000000000000000e+00 1.321003844587608736e-04 9.999999912747440378e-01 -0.000000000000000000e+00 0.000000000000000000e+00 0.000000000000000000e+00 1.000000000000000000e+00
8.100000000000426303e-03 9.999999914843583637e-01 -1.305039578122162256e-04 0.000000000000000000e+00 1.305039578122162256e-04 9.999999914843583637e-01 -0.000000000000000000e+00 0.000000000000000000e+00 0.000000000000000000e+00 1.000000000000000000e+00
8.200000000000439576e-03 9.999999917296896745e-01 -1.286103426374368187e-04 0.000000000000000000e+00 1.286103426374368187e-04 9.999999917296896745e-01 -0.000000000000000000e+00 0.000000000000000000e+00 0.000000000000000000e+00 1.000000000000000000e+00
8.300000000000452849e-03 9.999999919189648256e-01 -1.271301300306346539e-04 0.000000000000000000e+00 1.271301300306346539e-04 9.999999919189648256e-01 -0.000000000000000000e+00 0.000000000000000000e+00 0.000000000000000000e+00 1.000000000000000000e+00
8.400000000000466122e-03 9.999999919283304450e-01 -1.270564396165169748e-04 0.000000000000000000e+00 1.270564396165169748e-04 9.999999919283304450e-01 -0.000000000000000000e+00 0.000000000000000000e+00 0.000000000000000000e+00 1.000000000000000000e+00
8.500000000000479394e-03 9.999999917532869098e-01 -1.284267323352142060e-04 0.000000000000000000e+00 1.284267323352142060e-04 9.999999917532869098e-01 -0.000000000000000000e+00 0.000000000000000000e+00 0.000000000000000000e+00 1.000000000000000000e+00
8.600000000000492667e-03 9.999999914100851095e-01 -1.310718490334915353e-04 0.000000000000000000e+00 1.310718490334915353e-04 9.999999914100851095e-01 -0.000000000000000000e+00 0.000000000000000000e+00 0.000000000000000000e+00 1.000000000000000000e+00
8.700000000000505940e-03 9.999999909135638410e-01 -1.348067959651593265e-04 0.000000000000000000e+00 1.348067959651593265e-04 9.999999909135638410e-01 -0.000000000000000000e+00 0.000000000000000000e+00 0.000000000000000000e+00 1.000000000000000000e+00
8.800000000000519212e-03 9.999999903299904291e-01 -1.390683962450136929e-04 0.000000000000000000e+00 1.390683962450136929e-04 9.999999903299904291e-01 -0.000000000000000000e+00 0.000000000000000000e+00 0.000000000000000000e+00 1.000000000000000000e+00
8.900000000000532485e-03 9.999999897202986876e-01 -1.433855020870180631e-04 0.000000000000000000e+00 1.433855020870180631e-04 9.999999897202986876e-01 -0.000000000000000000e+00 0.000000000000000000e+00 0.000000000000000000e+00 1.000000000000000000e+00
9.000000000000545758e-03 9.999999891668569507e-01 -1.471947206194242270e-04 0.000000000000000000e+00 1.471947206194242270e-04 9.999999891668569507e-01 -0.000000000000000000e+00 0.000000000000000000e+00 0.000000000000000000e+00 1.000000000000000000e+00
9.100000000000559031e-03 9.999999887066094439e-01 -1.502889913101826175e-04 0.000000000000000000e+00 1.502889913101826175e-04 9.999999887066094439e-01 -0.000000000000000000e+00 0.000000000000000000e+00 0.000000000000000000e+00 1.000000000000000000e+00
9.200000000000572303e-03 9.999999883493438935e-01 -1.526476727008267145e-04 0.000000000000000000e+00 1.526476727008267145e-04 9.999999883493438935e-01 -0.000000000000000000e+00 0.000000000000000000e+00 0.000000000000000000e+00 1.000000000000000000e+00
9.300000000000585576e-03 9.999999880815739761e-01 -1.543918777481911940e-04 0.000000000000000000e+00 1.543918777481911940e-04 9.999999880815739761e-01 -0.000000000000000000e+00 0.000000000000000000e+00 0.000000000000000000e+00 1.000000000000000000e+00
9.400000000000598849e-03 9.999999878775379658e-01 -1.557078158804476393e-04 0.000000000000000000e+00 1.557078158804476393e-04 9.999999878775379658e-01 -0.000000000000000000e+00 0.000000000000000000e+00 0.000000000000000000e+00 1.000000000000000000e+00
9.500000000000612121e-03 9.999999877256228187e-01 -1.566804194055881373e-04 0.000000000000000000e+00 1.566804194055881373e-04 9.999999877256228187e-01 -0.000000000000000000e+00 0.000000000000000000e+00 0.000000000000000000e+00 1.000000000000000000e+00
9.600000000000625394e-03 9.999999876026942625e-01 -1.574630468256236668e-04 0.000000000000000000e+00 1.574630468256236668e-04 9.999999876026942625e-01 -0.000000000000000000e+00 0.000000000000000000e+00 0.000000000000000000e+00 1.000000000000000000e+00
9.700000000000638667e-03 9.999999875053208198e-01 -1.580802264831440110e-04 0.000000000000000000e+00 1.580802264831440110e-04 9.999999875053208198e-01 -0.000000000000000000e+00 0.000000000000000000e+00 0.000000000000000000e+00 1.000000000000000000e+00
9.800000000000651940e-03 9.999999874264284827e-01 -1.585785062195829470e-04 0.000000000000000000e+00 1.585785062195829470e-04 9.999999874264284827e-01 -0.000000000000000000e+00 0.000000000000000000e+00 0.000000000000000000e+00 1.000000000000000000e+00
9.900000000000665212e-03 9.999999873661076233e-01 -1.589584359604669778e-04 0.000000000000000000e+00 1.589584359604669778e-04 9.999999873661076233e-01 -0.000000000000000000e+00 0.000000000000000000e+00 0.000000000000000000e+00 1.000000000000000000e+00
1.000000000000067849e-02 9.999999873228986313e-01 -1.592300297180512130e-04 0.000000000000000000e+00 1.592300297180512130e-04 9.999999873228986313e-01 -0.000000000000000000e+00 0.000000000000000000e+00 0.000000000000000000e+00 1.000000000000000000e+00
1.010000000000069176e-02 9.999999873182912058e-01 -1.592589623940094139e-04 0.000000000000000000e+00 1.592589623940094139e-04 9.999999873182912058e-01 -0.000000000000000000e+00 0.000000000000000000e+00 0.000000000000000000e+00 1.000000000000000000e+00
1.020000000000070503e-02 9.999999873852086774e-01 -1.588382269066896313e-04 0.000000000000000000e+00 1.588382269066896313e-04 9.999999873852086774e-01 -0.000000000000000000e+00 0.000000000000000000e+00 0.000000000000000000e+00 1.000000000000000000e+00
1.030000000000071830e-02 9.999999875088986245e-01 -1.580575923645750566e-04 0.000000000000000000e+00 1.580575923645750566e-04 9.999999875088986245e-01 -0.000000000000000000e+00 0.000000000000000000e+00 0.000000000000000000e+00 1.000000000000000000e+00
1.040000000000073158e-02 9.999999876775983454e-01 -1.569866332269358839e-04 0.000000000000000000e+00 1.569866332269358839e-04 9.999999876775983454e-01 -0.000000000000000000e+00 0.000000000000000000e+00 0.000000000000000000e+00 1.000000000000000000e+00
1.050000000000074485e-02 9.999999878900892591e-01 -1.556271860974294918e-04 0.000000000000000000e+00 1.556271860974294918e-04 9.999999878900892591e-01 -0.000000000000000000e+00 0.000000000000000000e+00 0.000000000000000000e+00 1.000000000000000000e+00
1.060000000000075812e-02 9.999999881515508893e-01 -1.539379673425582287e-04 0.000000000000000000e+00 1.539379673425582287e-04 9.999999881515508893e-01 -0.000000000000000000e+00 0.000000000000000000e+00 0.000000000000000000e+00 1.000000000000000000e+00
1.070000000000077139e-02 9.999999884436996389e-01 -1.520282884033606434e-04 0.000000000000000000e+00 1.520282884033606434e-04 9.999999884436996389e-01 -0.000000000000000000e+00 0.000000000000000000e+00 0.000000000000000000e+00 1.000000000000000000e+00
1.080000000000078467e-02 9.999999888015979055e-01 -1.496556168793816721e-04 0.000000000000000000e+00 1.496556168793816721e-04 9.999999888015979055e-01 -0.000000000000000000e+00 0.000000000000000000e+00 0.000000000000000000e+00 1.000000000000000000e+00
1.090000000000079794e-02 9.999999890659716506e-01 -1.478785189174863150e-04 0.000000000000000000e+00 1.478785189174863150e-04 9.999999890659716506e-01 -0.000000000000000000e+00 0.000000000000000000e+00 0.000000000000000000e+00 1.000000000000000000e+00
1.100000000000081121e-02 9.999999891921026451e-01 -1.470231084129812070e-04 0.000000000000000000e+00 1.470231084129812070e-04 9.999999891921026451e-01 -0.000000000000000000e+00 0.000000000000000000e+00 0.000000000000000000e+00 1.000000000000000000e+00
1.110000000000082448e-02 9.999999892055373429e-01 -1.469317013258321998e-04 0.000000000000000000e+00 1.469317013258321998e-04 9.999999892055373429e-01 -0.000000000000000000e+00 0.000000000000000000e+00 0.000000000000000000e+00 1.000000000000000000e+00
1.120000000000083776e-02 9.999999891223658732e-01 -1.474966704722946258e-04 0.000000000000000000e+00 1.474966704722946258e-04 9.999999891223658732e-01 -0.000000000000000000e+00 0.000000000000000000e+00 0.000000000000000000e+00 1.000000000000000000e+00
1.130000000000085103e-02 9.999999889762342109e-01 -1.484841104248026534e-04 0.000000000000000000e+00 1.484841104248026534e-04 9.999999889762342109e-01 -0.000000000000000000e+00 0.000000000000000000e+00 0.000000000000000000e+00 1.000000000000000000e+00
1.140000000000086430e-02 9.999999888005431936e-01 -1.496626646503040913e-04 0.000000000000000000e+00 1.496626646503040913e-04 9.999999888005431936e-01 -0.000000000000000000e+00 0.000000000000000000e+00 0.000000000000000000e+00 1.000000000000000000e+00
1.150000000000087758e-02 9.999999886207129318e-01 -1.508594507913511471e-04 0.000000000000000000e+00 1.508594507913511471e-04 9.999999886207129318e-01 -0.000000000000000000e+00 0.000000000000000000e+00 0.000000000000000000e+00 1.000000000000000000e+00
1.160000000000089085e-02 9.999999884470680556e-01 -1.520061298783714526e-04 0.000000000000000000e+00 1.520061298783714526e-04 9.999999884470680556e-01 -0.000000000000000000e+00 0.000000000000000000e+00 0.000000000000000000e+00 1.000000000000000000e+00
1.170000000000090412e-02 9.999999882759481595e-01 -1.531277355173853866e-04 0.000000000000000000e+00 1.531277355173853866e-04 9.999999882759481595e-01 -0.000000000000000000e+00 0.000000000000000000e+00 0.000000000000000000e+00 1.000000000000000000e+00
1.180000000000091739e-02 9.999999881174401750e-01 -1.541593954949301666e-04 0.000000000000000000e+00 1.541593954949301666e-04 9.999999881174401750e-01 -0.000000000000000000e+00 0.000000000000000000e+00 0.000000000000000000e+00 1.000000000000000000e+00
1.190000000000093067e-02 9.999999879875984821e-01 -1.549993635290429527e-04 0.000000000000000000e+00 1.549993635290429527e-04 9.999999879875984821e-01 -0.000000000000000000e+00 0.000000000000000000e+00 0.000000000000000000e+00 1.000000000000000000e+00
1.200000000000094394e-02 9.999999878921103091e-01 -1.556141991521855920e-04 0.000000000000000000e+00 1.556141991521855920e-04 9.999999878921103091e-01 -0.000000000000000000e+00 0.000000000000000000e+00 0.000000000000000000e+00 1.000000000000000000e+00
1.210000000000095721e-02 9.999999878352506810e-01 -1.559791593260886097e-04 0.000000000000000000e+00 1.559791593260886097e-04 9.999999878352506810e-01 -0.000000000000000000e+00 0.000000000000000000e+00 0.000000000000000000e+00 1.000000000000000000e+00
1.220000000000097048e-02 9.999999878206849990e-01 -1.560725141475025870e-04 0.000000000000000000e+00 1.560725141475025870e-04 9.999999878206849990e-01 -0.000000000000000000e+00 0.000000000000000000e+00 0.000000000000000000e+00 1.000000000000000000e+00
1.230000000000098376e-02 9.999999878413372567e-01 -1.559401334320208046e-04 0.000000000000000000e+00 1.559401334320208046e-04 9.999999878413372567e-01 -0.000000000000000000e+00 0.000000000000000000e+00 0.000000000000000000e+00 1.000000000000000000e+00
1.240000000000099703e-02 9.999999878918877094e-01 -1.556156292325086067e-04 0.000000000000000000e+00 1.556156292325086067e-04 9.999999878918877094e-01 -0.000000000000000000e+00 0.000000000000000000e+00 0.000000000000000000e+00 1.000000000000000000e+00
1.250000000000101030e-02 9.999999879697187843e-01 -1.551146736487273828e-04 0.000000000000000000e+00 1.551146736487273828e-04 9.999999879697187843e-01 -0.000000000000000000e+00 0.000000000000000000e+00 0.000000000000000000e+00 1.000000000000000000e+00
1.260000000000102358e-02 9.999999880706368360e-01 -1.544627010771732162e-04 0.000000000000000000e+00 1.544627010771732162e-04 9.999999880706368360e-01 -0.000000000000000000e+00 0.000000000000000000e+00 0.000000000000000000e+00 1.000000000000000000e+00
1.270000000000103685e-02 9.999999881937678969e-01 -1.536634759784250590e-04 0.000000000000000000e+00 1.536634759784250590e-04 9.999999881937678969e-01 -0.000000000000000000e+00 0.000000000000000000e+00 0.000000000000000000e+00 1.000000000000000000e+00
1.280000000000105012e-02 9.999999883428712932e-01 -1.526900683741716166e-04 0.000000000000000000e+00 1.526900683741716166e-04 9.999999883428712932e-01 -0.000000000000000000e+00 0.000000000000000000e+00 0.000000000000000000e+00 1.000000000000000000e+00
1.290000000000106339e-02 9.999999885237570441e-01 -1.515007769099127285e-04 0.000000000000000000e+00 1.515007769099127285e-04 9.999999885237570441e-01 -0.000000000000000000e+00 0.000000000000000000e+00 0.000000000000000000e+00 1.000000000000000000e+00
1.300000000000107667e-02 9.999999887538387755e-01 -1.499744044325986687e-04 0.000000000000000000e+00 1.499744044325986687e-04 9.999999887538387755e-01 -0.000000000000000000e+00 0.000000000000000000e+00 0.000000000000000000e+00 1.000000000000000000e+00
1.310000000000108994e-02 9.999999890544326586e-01 -1.479565285203539781e-04 0.000000000000000000e+00 1.479565285203539781e-04 9.999999890544326586e-01 -0.000000000000000000e+00 0.000000000000000000e+00 0.000000000000000000e+00 1.000000000000000000e+00
1.320000000000110321e-02 9.999999894712102710e-01 -1.451122976123021553e-04 0.000000000000000000e+00 1.451122976123021553e-04 9.999999894712102710e-01 -0.000000000000000000e+00 0.000000000000000000e+00 0.000000000000000000e+00 1.000000000000000000e+00
1.330000000000111648e-02 9.999999899904993272e-01 -1.414885191310851224e-04 0.000000000000000000e+00 1.414885191310851224e-04 9.999999899904993272e-01 -0.000000000000000000e+00 0.000000000000000000e+00 0.000000000000000000e+00 1.000000000000000000e+00
1.340000000000112976e-02 9.999999906623097123e-01 -1.366578943815569501e-04 0.000000000000000000e+00 1.366578943815569501e-04 9.999999906623097123e-01 -0.000000000000000000e+00 0.000000000000000000e+00 0.000000000000000000e+00 1.000000000000000000e+00
1.350000000000114303e-02 9.999999913347317193e-01 -1.316454949140535369e-04 0.000000000000000000e+00 1.316454949140535369e-04 9.999999913347317193e-01 -0.000000000000000000e+00 0.000000000000000000e+00 0.000000000000000000e+00 1.000000000000000000e+00
1.360000000000115630e-02 9.999999919324165099e-01 -1.270242764814294347e-04 0.000000000000000000e+00 1.270242764814294347e-04 9.999999919324165099e-01 -0.000000000000000000e+00 0.000000000000000000e+00 0.000000000000000000e+00 1.000000000000000000e+00
1.370000000000116958e-02 9.999999924441613786e-01 -1.229295610485386296e-04 0.000000000000000000e+00 1.229295610485386296e-04 9.999999924441613786e-01 -0.000000000000000000e+00 0.000000000000000000e+00 0.000000000000000000e+00 1.000000000000000000e+00
1.380000000000118285e-02 9.999999928694365270e-01 -1.194199596998956329e-04 0.000000000000000000e+00 1.194199596998956329e-04 9.999999928694365270e-01 -0.000000000000000000e+00 0.000000000000000000e+00 0.000000000000000000e+00 1.000000000000000000e+00
1.390000000000119612e-02 9.999999932098956323e-01 -1.165341508300255180e-04 0.000000000000000000e+00 1.165341508300255180e-04 9.999999932098956323e-01 -0.000000000000000000e+00 0.000000000000000000e+00 0.000000000000000000e+00 1.000000000000000000e+00
1.400000000000120939e-02 9.999999934703558413e-01 -1.142772426639124462e-04 0.000000000000000000e+00 1.142772426639124462e-04 9.999999934703558413e-01 -0.000000000000000000e+00 0.000000000000000000e+00 0.000000000000000000e+00 1.000000000000000000e+00
1.410000000000122267e-02 9.999999936620603824e-01 -1.125872062772932723e-04 0.000000000000000000e+00 1.125872062772932723e-04 9.999999936620603824e-01 -0.000000000000000000e+00 0.000000000000000000e+00 0.000000000000000000e+00 1.000000000000000000e+00
1.420000000000123594e-02 9.999999937965946550e-01 -1.113858627161602342e-04 0.000000000000000000e+00 1.113858627161602342e-04 9.999999937965946550e-01 -0.000000000000000000e+00 0.000000000000000000e+00 0.000000000000000000e+00 1.000000000000000000e+00
1.430000000000124921e-02 9.999999938850554493e-01 -1.105888275477788171e-04 0.000000000000000000e+00 1.105888275477788171e-04 9.999999938850554493e-01 -0.000000000000000000e+00 0.000000000000000000e+00 0.000000000000000000e+00 1.000000000000000000e+00
1.440000000000126248e-02 9.999999939368140467e-01 -1.101198051127471488e-04 0.000000000000000000e+00 1.101198051127471488e-04 9.999999939368140467e-01 -0.000000000000000000e+00 0.000000000000000000e+00 0.000000000000000000e+00 1.000000000000000000e+00
1.450000000000127576e-02 9.999999939601758037e-01 -1.099074526322143326e-04 0.000000000000000000e+00 1.099074526322143326e-04 9.999999939601758037e-01 -0.000000000000000000e+00 0.000000000000000000e+00 0.000000000000000000e+00 1.000000000000000000e+00
1.460000000000128903e-02 9.999999939616965872e-01 -1.098936142591305662e-04 0.000000000000000000e+00 1.098936142591305662e-04 9.999999939616965872e-01 -0.000000000000000000e+00 0.000000000000000000e+00 0.000000000000000000e+00 1.000000000000000000e+00
1.470000000000130230e-02 9.999999939446693187e-01 -1.100484485481737699e-04 0.000000000000000000e+00 1.100484485481737699e-04 9.999999939446693187e-01 -0.000000000000000000e+00 0.000000000000000000e+00 0.000000000000000000e+00 1.000000000000000000e+00
1.480000000000131558e-02 9.999999939095483015e-01 -1.103671292037144004e-04 0.000000000000000000e+00 1.103671292037144004e-04 9.999999939095483015e-01 -0.000000000000000000e+00 0.000000000000000000e+00 0.000000000000000000e+00 1.000000000000000000e+00
1.490000000000132885e-02 9.999999938543672195e-01 -1.108659797459603491e-04 0.000000000000000000e+00 1.108659797459603491e-04 9.999999938543672195e-01 -0.000000000000000000e+00 0.000000000000000000e+00 0.000000000000000000e+00 1.000000000000000000e+00
1.500000000000134212e-02 9.999999937749625145e-01 -1.115799027701646913e-04 0.000000000000000000e+00 1.115799027701646913e-04 9.999999937749625145e-01 -0.000000000000000000e+00 0.000000000000000000e+00 0.000000000000000000e+00 1.000000000000000000e+00
1.510000000000135539e-02 9.999999936673552581e-01 -1.125401680425721160e-04 0.000000000000000000e+00 1.125401680425721160e-04 9.999999936673552581e-01 -0.000000000000000000e+00 0.000000000000000000e+00 0.000000000000000000e+00 1.000000000000000000e+00
1.520000000000136867e-02 9.999999935297910758e-01 -1.137559572011692498e-04 0.000000000000000000e+00 1.137559572011692498e-04 9.999999935297910758e-01 -0.000000000000000000e+00 0.000000000000000000e+00 0.000000000000000000e+00 1.000000000000000000e+00
1.530000000000138194e-02 9.999999933600492996e-01 -1.152384531198346056e-04 0.000000000000000000e+00 1.152384531198346056e-04 9.999999933600492996e-01 -0.000000000000000000e+00 0.000000000000000000e+00 0.000000000000000000e+00 1.000000000000000000e+00
1.540000000000139521e-02 9.999999931599935499e-01 -1.169615864251344795e-04 0.000000000000000000e+00 1.169615864251344795e-04 9.999999931599935499e-01 -0.000000000000000000e+00 0.000000000000000000e+00 0.000000000000000000e+00 1.000000000000000000e+00
1.550000000000140848e-02 9.999999929356435668e-01 -1.188642619548406103e-04 0.000000000000000000e+00 1.188642619548406103e-04 9.999999929356435668e-01 -0.000000000000000000e+00 0.000000000000000000e+00 0.000000000000000000e+00 1.000000000000000000e+00
1.560000000000142176e-02 9.999999927206630890e-01 -1.206593287961555289e-04 0.000000000000000000e+00 1.206593287961555289e-04 9.999999927206630890e-01 -0.000000000000000000e+00 0.000000000000000000e+00 0.000000000000000000e+00 1.000000000000000000e+00
1.570000000000136911e-02 9.999999925110950594e-01 -1.223838608200553710e-04 0.000000000000000000e+00 1.223838608200553710e-04 9.999999925110950594e-01 -0.000000000000000000e+00 0.000000000000000000e+00 0.000000000000000000e+00 1.000000000000000000e+00
1.580000000000129565e-02 9.999999923274696112e-01 -1.238751816150743680e-04 0.000000000000000000e+00 1.238751816150743680e-04 9.999999923274696112e-01 -0.000000000000000000e+00 0.000000000000000000e+00 0.000000000000000000e+00 1.000000000000000000e+00
1.590000000000122218e-02 9.999999921967021033e-01 -1.249263604240651352e-04 0.000000000000000000e+00 1.249263604240651352e-04 9.999999921967021033e-01 -0.000000000000000000e+00 0.000000000000000000e+00 0.000000000000000000e+00 1.000000000000000000e+00
1.600000000000114872e-02 9.999999921405381409e-01 -1.253751305688743955e-04 0.000000000000000000e+00 1.253751305688743955e-04 9.999999921405381409e-01 -0.000000000000000000e+00 0.000000000000000000e+00 0.000000000000000000e+00 1.000000000000000000e+00
1.610000000000107526e-02 9.999999921542875869e-01 -1.252654157510345117e-04 0.000000000000000000e+00 1.252654157510345117e-04 9.999999921542875869e-01 -0.000000000000000000e+00 0.000000000000000000e+00 0.000000000000000000e+00 1.000000000000000000e+00
1.620000000000100179e-02 9.999999922355020665e-01 -1.246153899135515181e-04 0.000000000000000000e+00 1.246153899135515181e-04 9.999999922355020665e-01 -0.000000000000000000e+00 0.000000000000000000e+00 0.000000000000000000e+00 1.000000000000000000e+00
1.630000000000092833e-02 9.999999923837269433e-01 -1.234201997203076282e-04 0.000000000000000000e+00 1.234201997203076282e-04 9.999999923837269433e-01 -0.000000000000000000e+00 0.000000000000000000e+00 0.000000000000000000e+00 1.000000000000000000e+00
1.640000000000085487e-02 9.999999925997423711e-01 -1.216573665757376510e-04 0.000000000000000000e+00 1.216573665757376510e-04 9.999999925997423711e-01 -0.000000000000000000e+00 0.000000000000000000e+00 0.000000000000000000e+00 1.000000000000000000e+00
1.650000000000078140e-02 9.999999928907502555e-01 -1.192413487734543911e-04 0.000000000000000000e+00 1.192413487734543911e-04 9.999999928907502555e-01 -0.000000000000000000e+00 0.000000000000000000e+00 0.000000000000000000e+00 1.000000000000000000e+00
1.660000000000070794e-02 9.999999932843094408e-01 -1.158938337048444014e-04 0.000000000000000000e+00 1.158938337048444014e-04 9.999999932843094408e-01 -0.000000000000000000e+00 0.000000000000000000e+00 0.000000000000000000e+00 1.000000000000000000e+00
1.670000000000063448e-02 9.999999938069907834e-01 -1.112924881873623116e-04 0.000000000000000000e+00 1.112924881873623116e-04 9.999999938069907834e-01 -0.000000000000000000e+00 0.000000000000000000e+00 0.000000000000000000e+00 1.000000000000000000e+00
1.680000000000056101e-02 9.999999944994649725e-01 -1.048859847643681775e-04 0.000000000000000000e+00 1.048859847643681775e-04 9.999999944994649725e-01 -0.000000000000000000e+00 0.000000000000000000e+00 0.000000000000000000e+00 1.000000000000000000e+00
1.690000000000048755e-02 9.999999953704100664e-01 -9.622463109143626311e-05 0.000000000000000000e+00 9.622463109143626311e-05 9.999999953704100664e-01 -0.000000000000000000e+00 0.000000000000000000e+00 0.000000000000000000e+00 1.000000000000000000e+00
1.700000000000041409e-02 9.999999963861300190e-01 -8.501611439637995614e-05 0.000000000000000000e+00 8.501611439637995614e-05 9.999999963861300190e-01 -0.000000000000000000e+00 0.000000000000000000e+00 0.000000000000000000e+00 1.000000000000000000e+00
1.710000000000034062e-02 9.999999974175511896e-01 -7.186722133246650952e-05 0.000000000000000000e+00 7.186722133246650952e-05 9.999999974175511896e-01 -0.000000000000000000e+00 0.000000000000000000e+00 0.000000000000000000e+00 1.000000000000000000e+00
1.720000000000026716e-02 9.999999983317130470e-01 -5.776308173009123023e-05 0.000000000000000000e+00 5.776308173009123023e-05 9.999999983317130470e-01 -0.000000000000000000e+00 0.000000000000000000e+00 0.000000000000000000e+00 1.000000000000000000e+00
1.730000000000019370e-02 9.999999990740812139e-01 -4.303297969062876962e-05 0.000000000000000000e+00 4.303297969062876962e-05 9.999999990740812139e-01 -0.000000000000000000e+00 0.000000000000000000e+00 0.000000000000000000e+00 1.000000000000000000e+00
1.740000000000012023e-02 9.999999996099974142e-01 -2.792856846287277331e-05 0.000000000000000000e+00 2.792856846287277331e-05 9.999999996099974142e-01 -0.000000000000000000e+00 0.000000000000000000e+00 0.000000000000000000e+00 1.000000000000000000e+00
1.750000000000004677e-02 9.999999999225148706e-01 -1.244870247788321598e-05 0.000000000000000000e+00 1.244870247788321598e-05 9.999999999225148706e-01 -0.000000000000000000e+00 0.000000000000000000e+00 0.000000000000000000e+00 1.000000000000000000e+00
1.759999999999997330e-02 9.999999999951934004e-01 3.100505824047244699e-06 0.000000000000000000e+00 -3.100505824047244699e-06 9.999999999951934004e-01 -0.000000000000000000e+00 -0.000000000000000000e+00 0.000000000000000000e+00 1.000000000000000000e+00
1.769999999999989984e-02 9.999999998312039118e-01 1.837367407943494850e-05 0.000000000000000000e+00 -1.837367407943494850e-05 9.999999998312039118e-01 -0.000000000000000000e+00 -0.000000000000000000e+00 0.000000000000000000e+00 1.000000000000000000e+00
1.779999999999982638e-02 9.999999994430511796e-01 3.337510063370817214e-05 0.000000000000000000e+00 -3.337510063370817214e-05 9.999999994430511796e-01 -0.000000000000000000e+00 -0.000000000000000000e+00 0.000000000000000000e+00 1.000000000000000000e+00
1.789999999999975291e-02 9.999999988301098153e-01 4.837127527120836955e-05 0.000000000000000000e+00 -4.837127527120836955e-05 9.999999988301098153e-01 -0.000000000000000000e+00 -0.000000000000000000e+00 0.000000000000000000e+00 1.000000000000000000e+00
1.799999999999967945e-02 9.999999980084028905e-01 6.311254847070402239e-05 0.000000000000000000e+00 -6.311254847070402239e-05 9.999999980084028905e-01 -0.000000000000000000e+00 -0.000000000000000000e+00 0.000000000000000000e+00 1.000000000000000000e+00
1.809999999999960599e-02 9.999999969926393062e-01 7.755463267717274656e-05 0.000000000000000000e+00 -7.755463267717274656e-05 9.999999969926393062e-01 -0.000000000000000000e+00 -0.000000000000000000e+00 0.000000000000000000e+00 1.000000000000000000e+00
1.819999999999953252e-02 9.999999959001767413e-01 9.055189771585268497e-05 0.000000000000000000e+00 -9.055189771585268497e-05 9.999999959001767413e-01 -0.000000000000000000e+00 -0.000000000000000000e+00 0.000000000000000000e+00 1.000000000000000000e+00
1.829999999999945906e-02 9.999999951996098035e-01 9.798357025137209694e-05 0.000000000000000000e+00 -9.798357025137209694e-05 9.999999951996098035e-01 -0.000000000000000000e+00 -0.000000000000000000e+00 0.000000000000000000e+00 1.000000000000000000e+00
1.839999999999938560e-02 9.999999950529616655e-01 9.946897213045071339e-05 0.000000000000000000e+00 -9.946897213045071339e-05 9.999999950529616655e-01 -0.000000000000000000e+00 -0.000000000000000000e+00 0.000000000000000000e+00 1.000000000000000000e+00
1.849999999999931213e-02 9.999999951864833037e-01 9.811744626222287686e-05 0.000000000000000000e+00 -9.811744626222287686e-05 9.999999951864833037e-01 -0.000000000000000000e+00 -0.000000000000000000e+00 0.000000000000000000e+00 1.000000000000000000e+00
1.859999999999923867e-02 9.999999954424321214e-01 9.547321897731337237e-05 0.000000000000000000e+00 -9.547321897731337237e-05 9.999999954424321214e-01 -0.000000000000000000e+00 -0.000000000000000000e+00 0.000000000000000000e+00 1.000000000000000000e+00
1.869999999999916521e-02 9.999999957535785633e-01 9.215662067353196920e-05 0.000000000000000000e+00 -9.215662067353196920e-05 9.999999957535785633e-01 -0.000000000000000000e+00 -0.000000000000000000e+00 0.000000000000000000e+00 1.000000000000000000e+00
1.879999999999909174e-02 9.999999960701967394e-01 8.865442025785982524e-05 0.000000000000000000e+00 -8.865442025785982524e-05 9.999999960701967394e-01 -0.000000000000000000e+00 -0.000000000000000000e+00 0.000000000000000000e+00 1.000000000000000000e+00
1.889999999999901828e-02 9.999999963371511980e-01 8.559028699086320183e-05 0.000000000000000000e+00 -8.559028699086320183e-05 9.999999963371511980e-01 -0.000000000000000000e+00 -0.000000000000000000e+00 0.000000000000000000e+00 1.000000000000000000e+00
1.899999999999894482e-02 9.999999965058939955e-01 8.359552401616269829e-05 0.000000000000000000e+00 -8.359552401616269829e-05 9.999999965058939955e-01 -0.000000000000000000e+00 -0.000000000000000000e+00 0.000000000000000000e+00 1.000000000000000000e+00
1.909999999999887135e-02 9.999999965459162032e-01 8.311538571296214588e-05 0.000000000000000000e+00 -8.311538571296214588e-05 9.999999965459162032e-01 -0.000000000000000000e+00 -0.000000000000000000e+00 0.000000000000000000e+00 1.000000000000000000e+00
1.919999999999879789e-02 9.999999964499998173e-01 8.426149828264543559e-05 0.000000000000000000e+00 -8.426149828264543559e-05 9.999999964499998173e-01 -0.000000000000000000e+00 -0.000000000000000000e+00 0.000000000000000000e+00 1.000000000000000000e+00
1.929999999999872443e-02 9.999999962479787508e-01 8.662587607651086100e-05 0.000000000000000000e+00 -8.662587607651086100e-05 9.999999962479787508e-01 -0.000000000000000000e+00 -0.000000000000000000e+00 0.000000000000000000e+00 1.000000000000000000e+00
1.939999999999865096e-02 9.999999960150494083e-01 8.927430271104106103e-05 0.000000000000000000e+00 -8.927430271104106103e-05 9.999999960150494083e-01 -0.000000000000000000e+00 -0.000000000000000000e+00 0.000000000000000000e+00 1.000000000000000000e+00
1.949999999999857750e-02 9.999999958173998449e-01 9.146146709848937406e-05 0.000000000000000000e+00 -9.146146709848937406e-05 9.999999958173998449e-01 -0.000000000000000000e+00 -0.000000000000000000e+00 0.000000000000000000e+00 1.000000000000000000e+00
1.959999999999850404e-02 9.999999956827102521e-01 9.292243713401744903e-05 0.000000000000000000e+00 -9.292243713401744903e-05 9.999999956827102521e-01 -0.000000000000000000e+00 -0.000000000000000000e+00 0.000000000000000000e+00 1.000000000000000000e+00
1.969999999999843057e-02 9.999999956220853026e-01 9.357258837496831242e-05 0.000000000000000000e+00 -9.357258837496831242e-05 9.999999956220853026e-01 -0.000000000000000000e+00 -0.000000000000000000e+00 0.000000000000000000e+00 1.000000000000000000e+00
1.979999999999835711e-02 9.999999956107530341e-01 9.369361642983305312e-05 0.000000000000000000e+00 -9.369361642983305312e-05 9.999999956107530341e-01 -0.000000000000000000e+00 -0.000000000000000000e+00 0.000000000000000000e+00 1.000000000000000000e+00
1.989999999999828365e-02 9.999999956143197366e-01 9.365553988773686286e-05 0.000000000000000000e+00 -9.365553988773686286e-05 9.999999956143197366e-01 -0.000000000000000000e+00 -0.000000000000000000e+00 0.000000000000000000e+00 1.000000000000000000e+00
1.999999999999821018e-02 9.999999956044272054e-01 9.376110910111952218e-05 0.000000000000000000e+00 -9.376110910111952218e-05 9.999999956044272054e-01 -0.000000000000000000e+00 -0.000000000000000000e+00 0.000000000000000000e+00 1.000000000000000000e+00
2.009999999999813672e-02 9.999999955674278018e-01 9.415489427454370596e-05 0.000000000000000000e+00 -9.415489427454370596e-05 9.999999955674278018e-01 -0.000000000000000000e+00 -0.000000000000000000e+00 0.000000000000000000e+00 1.000000000000000000e+00
2.019999999999806325e-02 9.999999955051673828e-01 9.481384352549737811e-05 0.000000000000000000e+00 -9.481384352549737811e-05 9.999999955051673828e-01 -0.000000000000000000e+00 -0.000000000000000000e+00 0.000000000000000000e+00 1.000000000000000000e+00
2.029999999999798979e-02 9.999999954302382088e-01 9.560085413038795128e-05 0.000000000000000000e+00 -9.560085413038795128e-05 9.999999954302382088e-01 -0.000000000000000000e+00 -0.000000000000000000e+00 0.000000000000000000e+00 1.000000000000000000e+00
2.039999999999791633e-02 9.999999953594123081e-01 9.633885540012174589e-05 0.000000000000000000e+00 -9.633885540012174589e-05 9.999999953594123081e-01 -0.000000000000000000e+00 -0.000000000000000000e+00 0.000000000000000000e+00 1.000000000000000000e+00
2.049999999999784286e-02 9.999999952843904305e-01 9.711446362964093720e-05 0.000000000000000000e+00 -9.711446362964093720e-05 9.999999952843904305e-01 -0.000000000000000000e+00 -0.000000000000000000e+00 0.000000000000000000e+00 1.000000000000000000e+00
2.059999999999776940e-02 9.999999951897735606e-01 9.808390680043777422e-05 0.000000000000000000e+00 -9.808390680043777422e-05 9.999999951897735606e-01 -0.000000000000000000e+00 -0.000000000000000000e+00 0.000000000000000000e+00 1.000000000000000000e+00
2.069999999999769594e-02 9.999999950790713354e-01 9.920613405163970083e-05 0.000000000000000000e+00 -9.920613405163970083e-05 9.999999950790713354e-01 -0.000000000000000000e+00 -0.000000000000000000e+00 0.000000000000000000e+00 1.000000000000000000e+00
2.079999999999762247e-02 9.999999949897884211e-01 1.001020620884565530e-04 0.000000000000000000e+00 -1.001020620884565530e-04 9.999999949897884211e-01 -0.000000000000000000e+00 -0.000000000000000000e+00 0.000000000000000000e+00 1.000000000000000000e+00
2.089999999999754901e-02 9.999999949620416162e-01 1.003788644089010864e-04 0.000000000000000000e+00 -1.003788644089010864e-04 9.999999949620416162e-01 -0.000000000000000000e+00 -0.000000000000000000e+00 0.000000000000000000e+00 1.000000000000000000e+00
2.099999999999747555e-02 9.999999950123089620e-01 9.987683334965381408e-05 0.000000000000000000e+00 -9.987683334965381408e-05 9.999999950123089620e-01 -0.000000000000000000e+00 -0.000000000000000000e+00 0.000000000000000000e+00 1.000000000000000000e+00
2.109999999999740208e-02 9.999999951579975344e-01 9.840734097680428161e-05 0.000000000000000000e+00 -9.840734097680428161e-05 9.999999951579975344e-01 -0.000000000000000000e+00 -0.000000000000000000e+00 0.000000000000000000e+00 1.000000000000000000e+00
2.119999999999732862e-02 9.999999953623532889e-01 9.630832278437717576e-05 0.000000000000000000e+00 -9.630832278437717576e-05 9.999999953623532889e-01 -0.000000000000000000e+00 -0.000000000000000000e+00 0.000000000000000000e+00 1.000000000000000000e+00
2.129999999999725516e-02 9.999999954560482296e-01 9.533049559538906510e-05 0.000000000000000000e+00 -9.533049559538906510e-05 9.999999954560482296e-01 -0.000000000000000000e+00 -0.000000000000000000e+00 0.000000000000000000e+00 1.000000000000000000e+00
2.139999999999718169e-02 9.999999955008450625e-01 9.485942080995009881e-05 0.000000000000000000e+00 -9.485942080995009881e-05 9.999999955008450625e-01 -0.000000000000000000e+00 -0.000000000000000000e+00 0.000000000000000000e+00 1.000000000000000000e+00
2.149999999999710823e-02 9.999999955604231827e-01 9.422926004142877427e-05 0.000000000000000000e+00 -9.422926004142877427e-05 9.999999955604231827e-01 -0.000000000000000000e+00 -0.000000000000000000e+00 0.000000000000000000e+00 1.000000000000000000e+00
2.159999999999703477e-02 9.999999953861375968e-01 9.606104552245261585e-05 0.000000000000000000e+00 -9.606104552245261585e-05 9.999999953861375968e-01 -0.000000000000000000e+00 -0.000000000000000000e+00 0.000000000000000000e+00 1.000000000000000000e+00
2.169999999999696130e-02 9.999999952444206253e-01 9.752516903047555544e-05 0.000000000000000000e+00 -9.752516903047555544e-05 9.999999952444206253e-01 -0.000000000000000000e+00 -0.000000000000000000e+00 0.000000000000000000e+00 1.000000000000000000e+00
2.179999999999688784e-02 9.999999952275043791e-01 9.769846964586311865e-05 0.000000000000000000e+00 -9.769846964586311865e-05 9.999999952275043791e-01 -0.000000000000000000e+00 -0.000000000000000000e+00 0.000000000000000000e+00 1.000000000000000000e+00
2.189999999999681438e-02 9.999999952826728045e-01 9.713214740449852382e-05 0.000000000000000000e+00 -9.713214740449852382e-05 9.999999952826728045e-01 -0.000000000000000000e+00 -0.000000000000000000e+00 0.000000000000000000e+00 1.000000000000000000e+00
2.199999999999674091e-02 9.999999953503639905e-01 9.643273201615616078e-05 0.000000000000000000e+00 -9.643273201615616078e-05 9.999999953503639905e-01 -0.000000000000000000e+00 -0.000000000000000000e+00 0.000000000000000000e+00 1.000000000000000000e+00
2.209999999999666745e-02 9.999999953856245627e-01 9.606638684012403222e-05 0.000000000000000000e+00 -9.606638684012403222e-05 9.999999953856245627e-01 -0.000000000000000000e+00 -0.000000000000000000e+00 0.000000000000000000e+00 1.000000000000000000e+00
2.219999999999659399e-02 9.999999953822744647e-01 9.610125369652433949e-05 0.000000000000000000e+00 -9.610125369652433949e-05 9.999999953822744647e-01 -0.000000000000000000e+00 -0.000000000000000000e+00 0.000000000000000000e+00 1.000000000000000000e+00
2.229999999999652052e-02 9.999999953634550742e-01 9.629688336255868002e-05 0.000000000000000000e+00 -9.629688336255868002e-05 9.999999953634550742e-01 -0.000000000000000000e+00 -0.000000000000000000e+00 0.000000000000000000e+00 1.000000000000000000e+00
2.239999999999644706e-02 9.999999953328665425e-01 9.661400777345449458e-05 0.000000000000000000e+00 -9.661400777345449458e-05 9.999999953328665425e-01 -0.000000000000000000e+00 -0.000000000000000000e+00 0.000000000000000000e+00 1.000000000000000000e+00
2.249999999999637360e-02 9.999999952864249142e-01 9.709351171024041083e-05 0.000000000000000000e+00 -9.709351171024041083e-05 9.999999952864249142e-01 -0.000000000000000000e+00 -0.000000000000000000e+00 0.000000000000000000e+00 1.000000000000000000e+00
2.259999999999630013e-02 9.999999952203996179e-01 9.777116430695776544e-05 0.000000000000000000e+00 -9.777116430695776544e-05 9.999999952203996179e-01 -0.000000000000000000e+00 -0.000000000000000000e+00 0.000000000000000000e+00 1.000000000000000000e+00
2.269999999999622667e-02 9.999999951346364435e-01 9.864444788904208389e-05 0.000000000000000000e+00 -9.864444788904208389e-05 9.999999951346364435e-01 -0.000000000000000000e+00 -0.000000000000000000e+00 0.000000000000000000e+00 1.000000000000000000e+00
2.279999999999615320e-02 9.999999950306535101e-01 9.969299211856063876e-05 0.000000000000000000e+00 -9.969299211856063876e-05 9.999999950306535101e-01 -0.000000000000000000e+00 -0.000000000000000000e+00 0.000000000000000000e+00 1.000000000000000000e+00
2.289999999999607974e-02 9.999999949297724289e-01 1.006998259794475236e-04 0.000000000000000000e+00 -1.006998259794475236e-04 9.999999949297724289e-01 -0.000000000000000000e+00 -0.000000000000000000e+00 0.000000000000000000e+00 1.000000000000000000e+00
2.299999999999600628e-02 9.999999948700472041e-01 1.012911908296641804e-04 0.000000000000000000e+00 -1.012911908296641804e-04 9.999999948700472041e-01 -0.000000000000000000e+00 -0.000000000000000000e+00 0.000000000000000000e+00 1.000000000000000000e+00
2.309999999999593281e-02 9.999999948329337807e-01 1.016569342571983141e-04 0.000000000000000000e+00 -1.016569342571983141e-04 9.999999948329337807e-01 -0.000000000000000000e+00 -0.000000000000000000e+00 0.000000000000000000e+00 1.000000000000000000e+00
2.319999999999585935e-02 9.999999947967124214e-01 1.020126208774796086e-04 0.000000000000000000e+00 -1.020126208774796086e-04 9.999999947967124214e-01 -0.000000000000000000e+00 -0.000000000000000000e+00 0.000000000000000000e+00 1.000000000000000000e+00
2.329999999999578589e-02 9.999999947531866828e-01 1.024384029474076021e-04 0.000000000000000000e+00 -1.024384029474076021e-04 9.999999947531866828e-01 -0.000000000000000000e+00 -0.000000000000000000e+00 0.000000000000000000e+00 1.000000000000000000e+00
2.339999999999571242e-02 9.999999947154293300e-01 1.028063276333124391e-04 0.000000000000000000e+00 -1.028063276333124391e-04 9.999999947154293300e-01 -0.000000000000000000e+00 -0.000000000000000000e+00 0.000000000000000000e+00 1.000000000000000000e+00
2.349999999999563896e-02 9.999999947297579794e-01 1.026668578787831712e-04 0.000000000000000000e+00 -1.026668578787831712e-04 9.999999947297579794e-01 -0.000000000000000000e+00 -0.000000000000000000e+00 0.000000000000000000e+00 1.000000000000000000e+00
2.359999999999556550e-02 9.999999948052097354e-01 1.019292909502604453e-04 0.000000000000000000e+00 -1.019292909502604453e-04 9.999999948052097354e-01 -0.000000000000000000e+00 -0.000000000000000000e+00 0.000000000000000000e+00 1.000000000000000000e+00
2.369999999999549203e-02 9.999999949060582871e-01 1.009350438607694222e-04 0.000000000000000000e+00 -1.009350438607694222e-04 9.999999949060582871e-01 -0.000000000000000000e+00 -0.000000000000000000e+00 0.000000000000000000e+00 1.000000000000000000e+00
2.379999999999541857e-02 9.999999950251389214e-01 9.974829297541924203e-05 0.000000000000000000e+00 -9.974829297541924203e-05 9.999999950251389214e-01 -0.000000000000000000e+00 -0.000000000000000000e+00 0.000000000000000000e+00 1.000000000000000000e+00
2.389999999999534511e-02 9.999999951746741944e-01 9.823772874666884640e-05 0.000000000000000000e+00 -9.823772874666884640e-05 9.999999951746741944e-01 -0.000000000000000000e+00 -0.000000000000000000e+00 0.000000000000000000e+00 1.000000000000000000e+00
2.399999999999527164e-02 9.999999953335452219e-01 9.660698404563487047e-05 0.000000000000000000e+00 -9.660698404563487047e-05 9.999999953335452219e-01 -0.000000000000000000e+00 -0.000000000000000000e+00 0.000000000000000000e+00 1.000000000000000000e+00
2.409999999999519818e-02 9.999999954969015503e-01 9.490098318022099628e-05 0.000000000000000000e+00 -9.490098318022099628e-05 9.999999954969015503e-01 -0.000000000000000000e+00 -0.000000000000000000e+00 0.000000000000000000e+00 1.000000000000000000e+00
2.419999999999512472e-02 9.999999956620727604e-01 9.314426637712456950e-05 0.000000000000000000e+00 -9.314426637712456950e-05 9.999999956620727604e-01 -0.000000000000000000e+00 -0.000000000000000000e+00 0.000000000000000000e+00 1.000000000000000000e+00
2.429999999999505125e-02 9.999999957727651045e-01 9.194818974519116555e-05 0.000000000000000000e+00 -9.194818974519116555e-05 9.999999957727651045e-01 -0.000000000000000000e+00 -0.000000000000000000e+00 0.000000000000000000e+00 1.000000000000000000e+00
2.439999999999497779e-02 9.999999956430034587e-01 9.334877080567209910e-05 0.000000000000000000e+00 -9.334877080567209910e-05 9.999999956430034587e-01 -0.000000000000000000e+00 -0.000000000000000000e+00 0.000000000000000000e+00 1.000000000000000000e+00
2.449999999999490433e-02 9.999999954983775918e-01 9.488542903014724828e-05 0.000000000000000000e+00 -9.488542903014724828e-05 9.999999954983775918e-01 -0.000000000000000000e+00 -0.000000000000000000e+00 0.000000000000000000e+00 1.000000000000000000e+00
2.459999999999483086e-02 9.999999954501479493e-01 9.539236845665298946e-05 0.000000000000000000e+00 -9.539236845665298946e-05 9.999999954501479493e-01 -0.000000000000000000e+00 -0.000000000000000000e+00 0.000000000000000000e+00 1.000000000000000000e+00
2.469999999999475740e-02 9.999999954626542786e-01 9.526117291389040842e-05 0.000000000000000000e+00 -9.526117291389040842e-05 9.999999954626542786e-01 -0.000000000000000000e+00 -0.000000000000000000e+00 0.000000000000000000e+00 1.000000000000000000e+00
2.479999999999468394e-02 9.999999954900296029e-01 9.497336737008986115e-05 0.000000000000000000e+00 -9.497336737008986115e-05 9.999999954900296029e-01 -0.000000000000000000e+00 -0.000000000000000000e+00 0.000000000000000000e+00 1.000000000000000000e+00
2.489999999999461047e-02 9.999999954970848481e-01 9.489905111252393613e-05 0.000000000000000000e+00 -9.489905111252393613e-05 9.999999954970848481e-01 -0.000000000000000000e+00 -0.000000000000000000e+00 0.000000000000000000e+00 1.000000000000000000e+00
2.499999999999453701e-02 9.999999954674860803e-01 9.521043904800383627e-05 0.000000000000000000e+00 -9.521043904800383627e-05 9.999999954674860803e-01 -0.000000000000000000e+00 -0.000000000000000000e+00 0.000000000000000000e+00 1.000000000000000000e+00
2.509999999999446355e-02 9.999999953998527369e-01 9.591816306398363357e-05 0.000000000000000000e+00 -9.591816306398363357e-05 9.999999953998527369e-01 -0.000000000000000000e+00 -0.000000000000000000e+00 0.000000000000000000e+00 1.000000000000000000e+00
2.519999999999439008e-02 9.999999952969816919e-01 9.698472204577373516e-05 0.000000000000000000e+00 -9.698472204577373516e-05 9.999999952969816919e-01 -0.000000000000000000e+00 -0.000000000000000000e+00 0.000000000000000000e+00 1.000000000000000000e+00
2.529999999999431662e-02 9.999999951651110663e-01 9.833502800646979638e-05 0.000000000000000000e+00 -9.833502800646979638e-05 9.999999951651110663e-01 -0.000000000000000000e+00 -0.000000000000000000e+00 0.000000000000000000e+00 1.000000000000000000e+00
2.539999999999424315e-02 9.999999950229881973e-01 9.976985243405114812e-05 0.000000000000000000e+00 -9.976985243405114812e-05 9.999999950229881973e-01 -0.000000000000000000e+00 -0.000000000000000000e+00 0.000000000000000000e+00 1.000000000000000000e+00
2.549999999999416969e-02 9.999999948972992936e-01 1.010217857216910188e-04 0.000000000000000000e+00 -1.010217857216910188e-04 9.999999948972992936e-01 -0.000000000000000000e+00 -0.000000000000000000e+00 0.000000000000000000e+00 1.000000000000000000e+00
2.559999999999409623e-02 9.999999948270882344e-01 1.017144208269752997e-04 0.000000000000000000e+00 -1.017144208269752997e-04 9.999999948270882344e-01 -0.000000000000000000e+00 -0.000000000000000000e+00 0.000000000000000000e+00 1.000000000000000000e+00
2.569999999999402276e-02 9.999999948096089941e-01 1.018861218354941335e-04 0.000000000000000000e+00 -1.018861218354941335e-04 9.999999948096089941e-01 -0.000000000000000000e+00 -0.000000000000000000e+00 0.000000000000000000e+00 1.000000000000000000e+00
2.579999999999394930e-02 9.999999948612546818e-01 1.013779573451406774e-04 0.000000000000000000e+00 -1.013779573451406774e-04 9.999999948612546818e-01 -0.000000000000000000e+00 -0.000000000000000000e+00 0.000000000000000000e+00 1.000000000000000000e+00
2.589999999999387584e-02 9.999999949457996085e-01 1.005405408664219313e-04 0.000000000000000000e+00 -1.005405408664219313e-04 9.999999949457996085e-01 -0.000000000000000000e+00 -0.000000000000000000e+00 0.000000000000000000e+00 1.000000000000000000e+00
2.599999999999380237e-02 9.999999950351089462e-01 9.964828995283136299e-05 0.000000000000000000e+00 -9.964828995283136299e-05 9.999999950351089462e-01 -0.000000000000000000e+00 -0.000000000000000000e+00 0.000000000000000000e+00 1.000000000000000000e+00
2.609999999999372891e-02 9.999999951360921679e-01 9.862968895561119627e-05 0.000000000000000000e+00 -9.862968895561119627e-05 9.999999951360921679e-01 -0.000000000000000000e+00 -0.000000000000000000e+00 0.000000000000000000e+00 1.000000000000000000e+00
2.619999999999365545e-02 9.999999952243173729e-01 9.773108587292695022e-05 0.000000000000000000e+00 -9.773108587292695022e-05 9.999999952243173729e-01 -0.000000000000000000e+00 -0.000000000000000000e+00 0.000000000000000000e+00 1.000000000000000000e+00
2.629999999999358198e-02 9.999999952710301176e-01 9.725193818602171703e-05 0.000000000000000000e+00 -9.725193818602171703e-05 9.999999952710301176e-01 -0.000000000000000000e+00 -0.000000000000000000e+00 0.000000000000000000e+00 1.000000000000000000e+00
2.639999999999350852e-02 9.999999953227364236e-01 9.671880206247933061e-05 0.000000000000000000e+00 -9.671880206247933061e-05 9.999999953227364236e-01 -0.000000000000000000e+00 -0.000000000000000000e+00 0.000000000000000000e+00 1.000000000000000000e+00
2.649999999999343506e-02 9.999999954029581417e-01 9.588578453739328281e-05 0.000000000000000000e+00 -9.588578453739328281e-05 9.999999954029581417e-01 -0.000000000000000000e+00 -0.000000000000000000e+00 0.000000000000000000e+00 1.000000000000000000e+00
2.659999999999336159e-02 9.999999955168852317e-01 9.469017468257835538e-05 0.000000000000000000e+00 -9.469017468257835538e-05 9.999999955168852317e-01 -0.000000000000000000e+00 -0.000000000000000000e+00 0.000000000000000000e+00 1.000000000000000000e+00
2.669999999999328813e-02 9.999999956604708196e-01 9.316146277575471318e-05 0.000000000000000000e+00 -9.316146277575471318e-05 9.999999956604708196e-01 -0.000000000000000000e+00 -0.000000000000000000e+00 0.000000000000000000e+00 1.000000000000000000e+00
2.679999999999321467e-02 9.999999958208398709e-01 9.142384800656829500e-05 0.000000000000000000e+00 -9.142384800656829500e-05 9.999999958208398709e-01 -0.000000000000000000e+00 -0.000000000000000000e+00 0.000000000000000000e+00 1.000000000000000000e+00
2.689999999999314120e-02 9.999999959644876313e-01 8.983888132945287469e-05 0.000000000000000000e+00 -8.983888132945287469e-05 9.999999959644876313e-01 -0.000000000000000000e+00 -0.000000000000000000e+00 0.000000000000000000e+00 1.000000000000000000e+00
2.699999999999306774e-02 9.999999960409945432e-01 8.898320419278450536e-05 0.000000000000000000e+00 -8.898320419278450536e-05 9.999999960409945432e-01 -0.000000000000000000e+00 -0.000000000000000000e+00 0.000000000000000000e+00 1.000000000000000000e+00
2.709999999999299428e-02 9.999999959996423993e-01 8.944671584528323435e-05 0.000000000000000000e+00 -8.944671584528323435e-05 9.999999959996423993e-01 -0.000000000000000000e+00 -0.000000000000000000e+00 0.000000000000000000e+00 1.000000000000000000e+00
2.719999999999292081e-02 9.999999959560235130e-01 8.993304444594897714e-05 0.000000000000000000e+00 -8.993304444594897714e-05 9.999999959560235130e-01 -0.000000000000000000e+00 -0.000000000000000000e+00 0.000000000000000000e+00 1.000000000000000000e+00
2.729999999999284735e-02 9.999999959507219760e-01 8.999197697375727815e-05 0.000000000000000000e+00 -8.999197697375727815e-05 9.999999959507219760e-01 -0.000000000000000000e+00 -0.000000000000000000e+00 0.000000000000000000e+00 1.000000000000000000e+00
2.739999999999277389e-02 9.999999959516225889e-01 8.998196741657269045e-05 0.000000000000000000e+00 -8.998196741657269045e-05 9.999999959516225889e-01 -0.000000000000000000e+00 -0.000000000000000000e+00 0.000000000000000000e+00 1.000000000000000000e+00
2.749999999999270042e-02 9.999999959310738040e-01 9.021004351619239098e-05 0.000000000000000000e+00 -9.021004351619239098e-05 9.999999959310738040e-01 -0.000000000000000000e+00 -0.000000000000000000e+00 0.000000000000000000e+00 1.000000000000000000e+00
2.759999999999262696e-02 9.999999958766795372e-01 9.081101665615684971e-05 0.000000000000000000e+00 -9.081101665615684971e-05 9.999999958766795372e-01 -0.000000000000000000e+00 -0.000000000000000000e+00 0.000000000000000000e+00 1.000000000000000000e+00
2.769999999999255350e-02 9.999999957873622058e-01 9.178929834161516396e-05 0.000000000000000000e+00 -9.178929834161516396e-05 9.999999957873622058e-01 -0.000000000000000000e+00 -0.000000000000000000e+00 0.000000000000000000e+00 1.000000000000000000e+00
2.779999999999248003e-02 9.999999956738628848e-01 9.301760048057915403e-05 0.000000000000000000e+00 -9.301760048057915403e-05 9.999999956738628848e-01 -0.000000000000000000e+00 -0.000000000000000000e+00 0.000000000000000000e+00 1.000000000000000000e+00
2.789999999999240657e-02 9.999999955507645755e-01 9.433170553431726390e-05 0.000000000000000000e+00 -9.433170553431726390e-05 9.999999955507645755e-01 -0.000000000000000000e+00 -0.000000000000000000e+00 0.000000000000000000e+00 1.000000000000000000e+00
2.799999999999233311e-02 9.999999954393319346e-01 9.550568657575089760e-05 0.000000000000000000e+00 -9.550568657575089760e-05 9.999999954393319346e-01 -0.000000000000000000e+00 -0.000000000000000000e+00 0.000000000000000000e+00 1.000000000000000000e+00
2.809999999999225964e-02 9.999999953972299460e-01 9.594550431221482217e-05 0.000000000000000000e+00 -9.594550431221482217e-05 9.999999953972299460e-01 -0.000000000000000000e+00 -0.000000000000000000e+00 0.000000000000000000e+00 1.000000000000000000e+00
2.819999999999218618e-02 9.999999954326856955e-01 9.557524935146053280e-05 0.000000000000000000e+00 -9.557524935146053280e-05 9.999999954326856955e-01 -0.000000000000000000e+00 -0.000000000000000000e+00 0.000000000000000000e+00 1.000000000000000000e+00
2.829999999999211271e-02 9.999999955318070732e-01 9.453245721289162010e-05 0.000000000000000000e+00 -9.453245721289162010e-05 9.999999955318070732e-01 -0.000000000000000000e+00 -0.000000000000000000e+00 0.000000000000000000e+00 1.000000000000000000e+00
2.839999999999203925e-02 9.999999956377002563e-01 9.340556357176753202e-05 0.000000000000000000e+00 -9.340556357176753202e-05 9.999999956377002563e-01 -0.000000000000000000e+00 -0.000000000000000000e+00 0.000000000000000000e+00 1.000000000000000000e+00
2.849999999999196579e-02 9.999999957199179335e-01 9.252115322351332197e-05 0.000000000000000000e+00 -9.252115322351332197e-05 9.999999957199179335e-01 -0.000000000000000000e+00 -0.000000000000000000e+00 0.000000000000000000e+00 1.000000000000000000e+00
2.859999999999189232e-02 9.999999957721911192e-01 9.195443077340079033e-05 0.000000000000000000e+00 -9.195443077340079033e-05 9.999999957721911192e-01 -0.000000000000000000e+00 -0.000000000000000000e+00 0.000000000000000000e+00 1.000000000000000000e+00
2.869999999999181886e-02 9.999999957962850683e-01 9.169203673974308611e-05 0.000000000000000000e+00 -9.169203673974308611e-05 9.999999957962850683e-01 -0.000000000000000000e+00 -0.000000000000000000e+00 0.000000000000000000e+00 1.000000000000000000e+00
2.879999999999174540e-02 9.999999958046064119e-01 9.160123848999249046e-05 0.000000000000000000e+00 -9.160123848999249046e-05 9.999999958046064119e-01 -0.000000000000000000e+00 -0.000000000000000000e+00 0.000000000000000000e+00 1.000000000000000000e+00
2.889999999999167193e-02 9.999999958161897018e-01 9.147469756676618964e-05 0.000000000000000000e+00 -9.147469756676618964e-05 9.999999958161897018e-01 -0.000000000000000000e+00 -0.000000000000000000e+00 0.000000000000000000e+00 1.000000000000000000e+00
2.899999999999159847e-02 9.999999958600140904e-01 9.099434949165472234e-05 0.000000000000000000e+00 -9.099434949165472234e-05 9.999999958600140904e-01 -0.000000000000000000e+00 -0.000000000000000000e+00 0.000000000000000000e+00 1.000000000000000000e+00
2.909999999999152501e-02 9.999999959463973243e-01 9.004001895764666248e-05 0.000000000000000000e+00 -9.004001895764666248e-05 9.999999959463973243e-01 -0.000000000000000000e+00 -0.000000000000000000e+00 0.000000000000000000e+00 1.000000000000000000e+00
2.919999999999145154e-02 9.999999960731800197e-01 8.862076461239296087e-05 0.000000000000000000e+00 -8.862076461239296087e-05 9.999999960731800197e-01 -0.000000000000000000e+00 -0.000000000000000000e+00 0.000000000000000000e+00 1.000000000000000000e+00
2.929999999999137808e-02 9.999999962175695201e-01 8.697620705995171974e-05 0.000000000000000000e+00 -8.697620705995171974e-05 9.999999962175695201e-01 -0.000000000000000000e+00 -0.000000000000000000e+00 0.000000000000000000e+00 1.000000000000000000e+00
2.939999999999130462e-02 9.999999963691544869e-01 8.521555430101375624e-05 0.000000000000000000e+00 -8.521555430101375624e-05 9.999999963691544869e-01 -0.000000000000000000e+00 -0.000000000000000000e+00 0.000000000000000000e+00 1.000000000000000000e+00
2.949999999999123115e-02 9.999999965051968864e-01 8.360386361064862991e-05 0.000000000000000000e+00 -8.360386361064862991e-05 9.999999965051968864e-01 -0.000000000000000000e+00 -0.000000000000000000e+00 0.000000000000000000e+00 1.000000000000000000e+00
2.959999999999115769e-02 9.999999966028265685e-01 8.242782688799481846e-05 0.000000000000000000e+00 -8.242782688799481846e-05 9.999999966028265685e-01 -0.000000000000000000e+00 -0.000000000000000000e+00 0.000000000000000000e+00 1.000000000000000000e+00
2.969999999999108423e-02 9.999999966419185204e-01 8.195219816108197575e-05 0.000000000000000000e+00 -8.195219816108197575e-05 9.999999966419185204e-01 -0.000000000000000000e+00 -0.000000000000000000e+00 0.000000000000000000e+00 1.000000000000000000e+00
2.979999999999101076e-02 9.999999966392548734e-01 8.198469456245123391e-05 0.000000000000000000e+00 -8.198469456245123391e-05 9.999999966392548734e-01 -0.000000000000000000e+00 -0.000000000000000000e+00 0.000000000000000000e+00 1.000000000000000000e+00
2.989999999999093730e-02 9.999999966334304213e-01 8.205570540217059429e-05 0.000000000000000000e+00 -8.205570540217059429e-05 9.999999966334304213e-01 -0.000000000000000000e+00 -0.000000000000000000e+00 0.000000000000000000e+00 1.000000000000000000e+00
2.999999999999086384e-02 9.999999966261683415e-01 8.214416028162945871e-05 0.000000000000000000e+00 -8.214416028162945871e-05 9.999999966261683415e-01 -0.000000000000000000e+00 -0.000000000000000000e+00 0.000000000000000000e+00 1.000000000000000000e+00
3.009999999999079037e-02 9.999999966121074779e-01 8.231515401558991420e-05 0.000000000000000000e+00 -8.231515401558991420e-05 9.999999966121074779e-01 -0.000000000000000000e+00 -0.000000000000000000e+00 0.000000000000000000e+00 1.000000000000000000e+00
3.019999999999071691e-02 9.999999965911077204e-01 8.256987530915563007e-05 0.000000000000000000e+00 -8.256987530915563007e-05 9.999999965911077204e-01 -0.000000000000000000e+00 -0.000000000000000000e+00 0.000000000000000000e+00 1.000000000000000000e+00
3.029999999999064345e-02 9.999999965606196639e-01 8.293829314259582074e-05 0.000000000000000000e+00 -8.293829314259582074e-05 9.999999965606196639e-01 -0.000000000000000000e+00 -0.000000000000000000e+00 0.000000000000000000e+00 1.000000000000000000e+00
3.039999999999056998e-02 9.999999965276731295e-01 8.333458877040509575e-05 0.000000000000000000e+00 -8.333458877040509575e-05 9.999999965276731295e-01 -0.000000000000000000e+00 -0.000000000000000000e+00 0.000000000000000000e+00 1.000000000000000000e+00
3.049999999999049652e-02 9.999999965048840256e-01 8.360760535717530408e-05 0.000000000000000000e+00 -8.360760535717530408e-05 9.999999965048840256e-01 -0.000000000000000000e+00 -0.000000000000000000e+00 0.000000000000000000e+00 1.000000000000000000e+00
3.059999999999042306e-02 9.999999965129038326e-01 8.351162853449029032e-05 0.000000000000000000e+00 -8.351162853449029032e-05 9.999999965129038326e-01 -0.000000000000000000e+00 -0.000000000000000000e+00 0.000000000000000000e+00 1.000000000000000000e+00
3.069999999999034959e-02 9.999999965765635768e-01 8.274583070050590885e-05 0.000000000000000000e+00 -8.274583070050590885e-05 9.999999965765635768e-01 -0.000000000000000000e+00 -0.000000000000000000e+00 0.000000000000000000e+00 1.000000000000000000e+00
3.079999999999027613e-02 9.999999966811712326e-01 8.147181916999769659e-05 0.000000000000000000e+00 -8.147181916999769659e-05 9.999999966811712326e-01 -0.000000000000000000e+00 -0.000000000000000000e+00 0.000000000000000000e+00 1.000000000000000000e+00
3.089999999999020266e-02 9.999999968180219856e-01 7.977440601633044575e-05 0.000000000000000000e+00 -7.977440601633044575e-05 9.999999968180219856e-01 -0.000000000000000000e+00 -0.000000000000000000e+00 0.000000000000000000e+00 1.000000000000000000e+00
3.099999999999012920e-02 9.999999969540700473e-01 7.805036706592736312e-05 0.000000000000000000e+00 -7.805036706592736312e-05 9.999999969540700473e-01 -0.000000000000000000e+00 -0.000000000000000000e+00 0.000000000000000000e+00 1.000000000000000000e+00
3.109999999999005574e-02 9.999999970769718471e-01 7.645950544846108813e-05 0.000000000000000000e+00 -7.645950544846108813e-05 9.999999970769718471e-01 -0.000000000000000000e+00 -0.000000000000000000e+00 0.000000000000000000e+00 1.000000000000000000e+00
3.119999999998998227e-02 9.999999971872324256e-01 7.500356610135984015e-05 0.000000000000000000e+00 -7.500356610135984015e-05 9.999999971872324256e-01 -0.000000000000000000e+00 -0.000000000000000000e+00 0.000000000000000000e+00 1.000000000000000000e+00
3.129999999998999555e-02 9.999999972888826694e-01 7.363582211981707008e-05 0.000000000000000000e+00 -7.363582211981707008e-05 9.999999972888826694e-01 -0.000000000000000000e+00 -0.000000000000000000e+00 0.000000000000000000e+00 1.000000000000000000e+00
3.139999999999009556e-02 9.999999973889409643e-01 7.226422260413213324e-05 0.000000000000000000e+00 -7.226422260413213324e-05 9.999999973889409643e-01 -0.000000000000000000e+00 -0.000000000000000000e+00 0.000000000000000000e+00 1.000000000000000000e+00
3.149999999999019556e-02 9.999999975004583153e-01 7.070419388974600726e-05 0.000000000000000000e+00 -7.070419388974600726e-05 9.999999975004583153e-01 -0.000000000000000000e+00 -0.000000000000000000e+00 0.000000000000000000e+00 1.000000000000000000e+00
3.159999999999029557e-02 9.999999976426892090e-01 6.866310017118585664e-05 0.000000000000000000e+00 -6.866310017118585664e-05 9.999999976426892090e-01 -0.000000000000000000e+00 -0.000000000000000000e+00 0.000000000000000000e+00 1.000000000000000000e+00
3.169999999999039558e-02 9.999999978157583236e-01 6.609450147946749744e-05 0.000000000000000000e+00 -6.609450147946749744e-05 9.999999978157583236e-01 -0.000000000000000000e+00 -0.000000000000000000e+00 0.000000000000000000e+00 1.000000000000000000e+00
3.179999999999049559e-02 9.999999980088950524e-01 6.310475019685144208e-05 0.000000000000000000e+00 -6.310475019685144208e-05 9.999999980088950524e-01 -0.000000000000000000e+00 -0.000000000000000000e+00 0.000000000000000000e+00 1.000000000000000000e+00
3.189999999999059560e-02 9.999999982082077299e-01 5.986304671307080905e-05 0.000000000000000000e+00 -5.986304671307080905e-05 9.999999982082077299e-01 -0.000000000000000000e+00 -0.000000000000000000e+00 0.000000000000000000e+00 1.000000000000000000e+00
3.199999999999069561e-02 9.999999983836895812e-01 5.685613934801085829e-05 0.000000000000000000e+00 -5.685613934801085829e-05 9.999999983836895812e-01 -0.000000000000000000e+00 -0.000000000000000000e+00 0.000000000000000000e+00 1.000000000000000000e+00
3.209999999999079562e-02 9.999999984884397897e-01 5.498290694322667229e-05 0.000000000000000000e+00 -5.498290694322667229e-05 9.999999984884397897e-01 -0.000000000000000000e+00 -0.000000000000000000e+00 0.000000000000000000e+00 1.000000000000000000e+00
3.219999999999089563e-02 9.999999985223418930e-01 5.436281827521528544e-05 0.000000000000000000e+00 -5.436281827521528544e-05 9.999999985223418930e-01 -0.000000000000000000e+00 -0.000000000000000000e+00 0.000000000000000000e+00 1.000000000000000000e+00
3.229999999999099564e-02 9.999999985639633771e-01 5.359172428417712403e-05 0.000000000000000000e+00 -5.359172428417712403e-05 9.999999985639633771e-01 -0.000000000000000000e+00 -0.000000000000000000e+00 0.000000000000000000e+00 1.000000000000000000e+00
3.239999999999109564e-02 9.999999986238514715e-01 5.246233720100557574e-05 0.000000000000000000e+00 -5.246233720100557574e-05 9.999999986238514715e-01 -0.000000000000000000e+00 -0.000000000000000000e+00 0.000000000000000000e+00 1.000000000000000000e+00
3.249999999999119565e-02 9.999999986870190538e-01 5.124413833028728082e-05 0.000000000000000000e+00 -5.124413833028728082e-05 9.999999986870190538e-01 -0.000000000000000000e+00 -0.000000000000000000e+00 0.000000000000000000e+00 1.000000000000000000e+00
3.259999999999129566e-02 9.999999987406984481e-01 5.018568466308028051e-05 0.000000000000000000e+00 -5.018568466308028051e-05 9.999999987406984481e-01 -0.000000000000000000e+00 -0.000000000000000000e+00 0.000000000000000000e+00 1.000000000000000000e+00
3.269999999999139567e-02 9.999999987812659974e-01 4.937071714031908973e-05 0.000000000000000000e+00 -4.937071714031908973e-05 9.999999987812659974e-01 -0.000000000000000000e+00 -0.000000000000000000e+00 0.000000000000000000e+00 1.000000000000000000e+00
3.279999999999149568e-02 9.999999988108023707e-01 4.876879122176958526e-05 0.000000000000000000e+00 -4.876879122176958526e-05 9.999999988108023707e-01 -0.000000000000000000e+00 -0.000000000000000000e+00 0.000000000000000000e+00 1.000000000000000000e+00
3.289999999999159569e-02 9.999999988331219614e-01 4.830896312980543416e-05 0.000000000000000000e+00 -4.830896312980543416e-05 9.999999988331219614e-01 -0.000000000000000000e+00 -0.000000000000000000e+00 0.000000000000000000e+00 1.000000000000000000e+00
3.299999999999169570e-02 9.999999988536455442e-01 4.788223696932067836e-05 0.000000000000000000e+00 -4.788223696932067836e-05 9.999999988536455442e-01 -0.000000000000000000e+00 -0.000000000000000000e+00 0.000000000000000000e+00 1.000000000000000000e+00
3.309999999999179571e-02 9.999999988793346617e-01 4.734269028974305853e-05 0.000000000000000000e+00 -4.734269028974305853e-05 9.999999988793346617e-01 -0.000000000000000000e+00 -0.000000000000000000e+00 0.000000000000000000e+00 1.000000000000000000e+00
3.319999999999189572e-02 9.999999989116892252e-01 4.665427349238500003e-05 0.000000000000000000e+00 -4.665427349238500003e-05 9.999999989116892252e-01 -0.000000000000000000e+00 -0.000000000000000000e+00 0.000000000000000000e+00 1.000000000000000000e+00
3.329999999999199572e-02 9.999999989538065348e-01 4.574261227890761151e-05 0.000000000000000000e+00 -4.574261227890761151e-05 9.999999989538065348e-01 -0.000000000000000000e+00 -0.000000000000000000e+00 0.000000000000000000e+00 1.000000000000000000e+00
3.339999999999209573e-02 9.999999990096470892e-01 4.450511864660448532e-05 0.000000000000000000e+00 -4.450511864660448532e-05 9.999999990096470892e-01 -0.000000000000000000e+00 -0.000000000000000000e+00 0.000000000000000000e+00 1.000000000000000000e+00
3.349999999999219574e-02 9.999999990748369427e-01 4.301541430500202225e-05 0.000000000000000000e+00 -4.301541430500202225e-05 9.999999990748369427e-01 -0.000000000000000000e+00 -0.000000000000000000e+00 0.000000000000000000e+00 1.000000000000000000e+00
3.359999999999229575e-02 9.999999991442035663e-01 4.137139854804722656e-05 0.000000000000000000e+00 -4.137139854804722656e-05 9.999999991442035663e-01 -0.000000000000000000e+00 -0.000000000000000000e+00 0.000000000000000000e+00 1.000000000000000000e+00
3.369999999999239576e-02 9.999999992147404759e-01 3.962977153043241316e-05 0.000000000000000000e+00 -3.962977153043241316e-05 9.999999992147404759e-01 -0.000000000000000000e+00 -0.000000000000000000e+00 0.000000000000000000e+00 1.000000000000000000e+00
3.379999999999249577e-02 9.999999992849157859e-01 3.781756520879844569e-05 0.000000000000000000e+00 -3.781756520879844569e-05 9.999999992849157859e-01 -0.000000000000000000e+00 -0.000000000000000000e+00 0.000000000000000000e+00 1.000000000000000000e+00
3.389999999999259578e-02 9.999999993532131537e-01 3.596628498362783620e-05 0.000000000000000000e+00 -3.596628498362783620e-05 9.999999993532131537e-01 -0.000000000000000000e+00 -0.000000000000000000e+00 0.000000000000000000e+00 1.000000000000000000e+00
3.399999999999269579e-02 9.999999994202471987e-01 3.405150994684718317e-05 0.000000000000000000e+00 -3.405150994684718317e-05 9.999999994202471987e-01 -0.000000000000000000e+00 -0.000000000000000000e+00 0.000000000000000000e+00 1.000000000000000000e+00
3.409999999999279580e-02 9.999999994894605004e-01 3.195432522396613817e-05 0.000000000000000000e+00 -3.195432522396613817e-05 9.999999994894605004e-01 -0.000000000000000000e+00 -0.000000000000000000e+00 0.000000000000000000e+00 1.000000000000000000e+00
3.419999999999289580e-02 9.999999995665921348e-01 2.944173062573439379e-05 0.000000000000000000e+00 -2.944173062573439379e-05 9.999999995665921348e-01 -0.000000000000000000e+00 -0.000000000000000000e+00 0.000000000000000000e+00 1.000000000000000000e+00
3.429999999999299581e-02 9.999999996513679879e-01 2.640574870719729605e-05 0.000000000000000000e+00 -2.640574870719729605e-05 9.999999996513679879e-01 -0.000000000000000000e+00 -0.000000000000000000e+00 0.000000000000000000e+00 1.000000000000000000e+00
3.439999999999309582e-02 9.999999997383106631e-01 2.287746898904457847e-05 0.000000000000000000e+00 -2.287746898904457847e-05 9.999999997383106631e-01 -0.000000000000000000e+00 -0.000000000000000000e+00 0.000000000000000000e+00 1.000000000000000000e+00
3.449999999999319583e-02 9.999999998064541540e-01 1.967463338280393996e-05 0.000000000000000000e+00 -1.967463338280393996e-05 9.999999998064541540e-01 -0.000000000000000000e+00 -0.000000000000000000e+00 0.000000000000000000e+00 1.000000000000000000e+00
3.459999999999329584e-02 9.999999998176415383e-01 1.909755690295945418e-05 0.000000000000000000e+00 -1.909755690295945418e-05 9.999999998176415383e-01 -0.000000000000000000e+00 -0.000000000000000000e+00 0.000000000000000000e+00 1.000000000000000000e+00
3.469999999999339585e-02 9.999999998189084138e-01 1.903110532661395811e-05 0.000000000000000000e+00 -1.903110532661395811e-05 9.999999998189084138e-01 -0.000000000000000000e+00 -0.000000000000000000e+00 0.000000000000000000e+00 1.000000000000000000e+00
3.479999999999349586e-02 9.999999998385722400e-01 1.796817447303411533e-05 0.000000000000000000e+00 -1.796817447303411533e-05 9.999999998385722400e-01 -0.000000000000000000e+00 -0.000000000000000000e+00 0.000000000000000000e+00 1.000000000000000000e+00
3.489999999999359587e-02 9.999999998677526758e-01 1.626328936104412496e-05 0.000000000000000000e+00 -1.626328936104412496e-05 9.999999998677526758e-01 -0.000000000000000000e+00 -0.000000000000000000e+00 0.000000000000000000e+00 1.000000000000000000e+00
3.499999999999369588e-02 9.999999998973984061e-01 1.432490744517003050e-05 0.000000000000000000e+00 -1.432490744517003050e-05 9.999999998973984061e-01 -0.000000000000000000e+00 -0.000000000000000000e+00 0.000000000000000000e+00 1.000000000000000000e+00
3.509999999999379589e-02 9.999999999220168245e-01 1.248863996275174181e-05 0.000000000000000000e+00 -1.248863996275174181e-05 9.999999999220168245e-01 -0.000000000000000000e+00 -0.000000000000000000e+00 0.000000000000000000e+00 1.000000000000000000e+00
3.519999999999389589e-02 9.999999999407748197e-01 1.088348363945983609e-05 0.000000000000000000e+00 -1.088348363945983609e-05 9.999999999407748197e-01 -0.000000000000000000e+00 -0.000000000000000000e+00 0.000000000000000000e+00 1.000000000000000000e+00
3.529999999999399590e-02 9.999999999551875129e-01 9.467041614277908678e-06 0.000000000000000000e+00 -9.467041614277908678e-06 9.999999999551875129e-01 -0.000000000000000000e+00 -0.000000000000000000e+00 0.000000000000000000e+00 1.000000000000000000e+00
3.539999999999409591e-02 9.999999999667410489e-01 8.155832835587094320e-06 0.000000000000000000e+00 -8.155832835587094320e-06 9.999999999667410489e-01 -0.000000000000000000e+00 -0.000000000000000000e+00 0.000000000000000000e+00 1.000000000000000000e+00
3.549999999999419592e-02 9.999999999764048741e-01 6.869495845122825818e-06 0.000000000000000000e+00 -6.869495845122825818e-06 9.999999999764048741e-01 -0.000000000000000000e+00 -0.000000000000000000e+00 0.000000000000000000e+00 1.000000000000000000e+00
3.559999999999429593e-02 9.999999999846373999e-01 5.542987100008834045e-06 0.000000000000000000e+00 -5.542987100008834045e-06 9.999999999846373999e-01 -0.000000000000000000e+00 -0.000000000000000000e+00 0.000000000000000000e+00 1.000000000000000000e+00
3.569999999999439594e-02 9.999999999914800375e-01 4.127903419805586480e-06 0.000000000000000000e+00 -4.127903419805586480e-06 9.999999999914800375e-01 -0.000000000000000000e+00 -0.000000000000000000e+00 0.000000000000000000e+00 1.000000000000000000e+00
3.579999999999449595e-02 9.999999999966620035e-01 2.583760852512973334e-06 0.000000000000000000e+00 -2.583760852512973334e-06 9.999999999966620035e-01 -0.000000000000000000e+00 -0.000000000000000000e+00 0.000000000000000000e+00 1.000000000000000000e+00
3.589999999999459596e-02 9.999999999996338484e-01 8.555272899281871718e-07 0.000000000000000000e+00 -8.555272899281871718e-07 9.999999999996338484e-01 -0.000000000000000000e+00 -0.000000000000000000e+00 0.000000000000000000e+00 1.000000000000000000e+00
3.599999999999469597e-02 9.999999999994556577e-01 -1.043201650316575468e-06 0.000000000000000000e+00 1.043201650316575468e-06 9.999999999994556577e-01 -0.000000000000000000e+00 0.000000000000000000e+00 0.000000000000000000e+00 1.000000000000000000e+00
3.609999999999479597e-02 9.999999999953016472e-01 -3.065347537979858799e-06 0.000000000000000000e+00 3.065347537979858799e-06 9.999999999953016472e-01 -0.000000000000000000e+00 0.000000000000000000e+00 0.000000000000000000e+00 1.000000000000000000e+00
3.619999999999489598e-02 9.999999999865152311e-01 -5.193204610645285041e-06 0.000000000000000000e+00 5.193204610645285041e-06 9.999999999865152311e-01 -0.000000000000000000e+00 0.000000000000000000e+00 0.000000000000000000e+00 1.000000000000000000e+00
3.629999999999499599e-02 9.999999999726326694e-01 -7.398270284417393435e-06 0.000000000000000000e+00 7.398270284417393435e-06 9.999999999726326694e-01 -0.000000000000000000e+00 0.000000000000000000e+00 0.000000000000000000e+00 1.000000000000000000e+00
3.639999999999509600e-02 9.999999999533975004e-01 -9.654251827760839614e-06 0.000000000000000000e+00 9.654251827760839614e-06 9.999999999533975004e-01 -0.000000000000000000e+00 0.000000000000000000e+00 0.000000000000000000e+00 1.000000000000000000e+00
3.649999999999519601e-02 9.999999999290836161e-01 -1.190934493089132661e-05 0.000000000000000000e+00 1.190934493089132661e-05 9.999999999290836161e-01 -0.000000000000000000e+00 0.000000000000000000e+00 0.000000000000000000e+00 1.000000000000000000e+00
3.659999999999529602e-02 9.999999999051015775e-01 -1.377667554869166295e-05 0.000000000000000000e+00 1.377667554869166295e-05 9.999999999051015775e-01 -0.000000000000000000e+00 0.000000000000000000e+00 0.000000000000000000e+00 1.000000000000000000e+00
3.669999999999539603e-02 9.999999999028400532e-01 -1.393984842389265915e-05 0.000000000000000000e+00 1.393984842389265915e-05 9.999999999028400532e-01 -0.000000000000000000e+00 0.000000000000000000e+00 0.000000000000000000e+00 1.000000000000000000e+00
3.679999999999549604e-02 9.999999999011246476e-01 -1.406237553379869225e-05 0.000000000000000000e+00 1.406237553379869225e-05 9.999999999011246476e-01 -0.000000000000000000e+00 0.000000000000000000e+00 0.000000000000000000e+00 1.000000000000000000e+00
3.689999999999559605e-02 9.999999998882193042e-01 -1.495196489900557940e-05 0.000000000000000000e+00 1.495196489900557940e-05 9.999999998882193042e-01 -0.000000000000000000e+00 0.000000000000000000e+00 0.000000000000000000e+00 1.000000000000000000e+00
3.699999999999569605e-02 9.999999998640488608e-01 -1.648945458083488590e-05 0.000000000000000000e+00 1.648945458083488590e-05 9.999999998640488608e-01 -0.000000000000000000e+00 0.000000000000000000e+00 0.000000000000000000e+00 1.000000000000000000e+00
3.709999999999579606e-02 9.999999998293559456e-01 -1.847397706396874140e-05 0.000000000000000000e+00 1.847397706396874140e-05 9.999999998293559456e-01 -0.000000000000000000e+00 0.000000000000000000e+00 0.000000000000000000e+00 1.000000000000000000e+00
3.719999999999589607e-02 9.999999997846232835e-01 -2.075458922350046081e-05 0.000000000000000000e+00 2.075458922350046081e-05 9.999999997846232835e-01 -0.000000000000000000e+00 0.000000000000000000e+00 0.000000000000000000e+00 1.000000000000000000e+00
3.729999999999599608e-02 9.999999997312055688e-01 -2.318595460178686182e-05 0.000000000000000000e+00 2.318595460178686182e-05 9.999999997312055688e-01 -0.000000000000000000e+00 0.000000000000000000e+00 0.000000000000000000e+00 1.000000000000000000e+00
3.739999999999609609e-02 9.999999996717492401e-01 -2.562227774913657978e-05 0.000000000000000000e+00 2.562227774913657978e-05 9.999999996717492401e-01 -0.000000000000000000e+00 0.000000000000000000e+00 0.000000000000000000e+00 1.000000000000000000e+00
3.749999999999619610e-02 9.999999996091024634e-01 -2.796059420453845816e-05 0.000000000000000000e+00 2.796059420453845816e-05 9.999999996091024634e-01 -0.000000000000000000e+00 0.000000000000000000e+00 0.000000000000000000e+00 1.000000000000000000e+00
3.759999999999629611e-02 9.999999995443467071e-01 -3.018785190623722521e-05 0.000000000000000000e+00 3.018785190623722521e-05 9.999999995443467071e-01 -0.000000000000000000e+00 0.000000000000000000e+00 0.000000000000000000e+00 1.000000000000000000e+00
3.769999999999639612e-02 9.999999994794316338e-01 -3.226664894208322885e-05 0.000000000000000000e+00 3.226664894208322885e-05 9.999999994794316338e-01 -0.000000000000000000e+00 0.000000000000000000e+00 0.000000000000000000e+00 1.000000000000000000e+00
3.779999999999649613e-02 9.999999994143743409e-01 -3.422354523628584947e-05 0.000000000000000000e+00 3.422354523628584947e-05 9.999999994143743409e-01 -0.000000000000000000e+00 0.000000000000000000e+00 0.000000000000000000e+00 1.000000000000000000e+00
3.789999999999659613e-02 9.999999993471206938e-01 -3.613527851587101621e-05 0.000000000000000000e+00 3.613527851587101621e-05 9.999999993471206938e-01 -0.000000000000000000e+00 0.000000000000000000e+00 0.000000000000000000e+00 1.000000000000000000e+00
3.799999999999669614e-02 9.999999992790373771e-01 -3.797268745501191072e-05 0.000000000000000000e+00 3.797268745501191072e-05 9.999999992790373771e-01 -0.000000000000000000e+00 0.000000000000000000e+00 0.000000000000000000e+00 1.000000000000000000e+00
3.809999999999679615e-02 9.999999992170010010e-01 -3.957269056925772222e-05 0.000000000000000000e+00 3.957269056925772222e-05 9.999999992170010010e-01 -0.000000000000000000e+00 0.000000000000000000e+00 0.000000000000000000e+00 1.000000000000000000e+00
3.819999999999689616e-02 9.999999991623992335e-01 -4.092922404973674472e-05 0.000000000000000000e+00 4.092922404973674472e-05 9.999999991623992335e-01 -0.000000000000000000e+00 0.000000000000000000e+00 0.000000000000000000e+00 1.000000000000000000e+00
3.829999999999699617e-02 9.999999991079735473e-01 -4.223804632375986214e-05 0.000000000000000000e+00 4.223804632375986214e-05 9.999999991079735473e-01 -0.000000000000000000e+00 0.000000000000000000e+00 0.000000000000000000e+00 1.000000000000000000e+00
3.839999999999709618e-02 9.999999990466711397e-01 -4.366529050492130295e-05 0.000000000000000000e+00 4.366529050492130295e-05 9.999999990466711397e-01 -0.000000000000000000e+00 0.000000000000000000e+00 0.000000000000000000e+00 1.000000000000000000e+00
3.849999999999719619e-02 9.999999989756529484e-01 -4.526249702988596600e-05 0.000000000000000000e+00 4.526249702988596600e-05 9.999999989756529484e-01 -0.000000000000000000e+00 0.000000000000000000e+00 0.000000000000000000e+00 1.000000000000000000e+00
3.859999999999729620e-02 9.999999988955531327e-01 -4.699886747538044800e-05 0.000000000000000000e+00 4.699886747538044800e-05 9.999999988955531327e-01 -0.000000000000000000e+00 0.000000000000000000e+00 0.000000000000000000e+00 1.000000000000000000e+00
3.869999999999739621e-02 9.999999988088505987e-01 -4.880879482914491540e-05 0.000000000000000000e+00 4.880879482914491540e-05 9.999999988088505987e-01 -0.000000000000000000e+00 0.000000000000000000e+00 0.000000000000000000e+00 1.000000000000000000e+00
3.879999999999749621e-02 9.999999987186042327e-01 -5.062402073926435908e-05 0.000000000000000000e+00 5.062402073926435908e-05 9.999999987186042327e-01 -0.000000000000000000e+00 0.000000000000000000e+00 0.000000000000000000e+00 1.000000000000000000e+00
3.889999999999759622e-02 9.999999986273757635e-01 -5.239511554526338232e-05 0.000000000000000000e+00 5.239511554526338232e-05 9.999999986273757635e-01 -0.000000000000000000e+00 0.000000000000000000e+00 0.000000000000000000e+00 1.000000000000000000e+00
3.899999999999769623e-02 9.999999985364653732e-01 -5.410239586283168236e-05 0.000000000000000000e+00 5.410239586283168236e-05 9.999999985364653732e-01 -0.000000000000000000e+00 0.000000000000000000e+00 0.000000000000000000e+00 1.000000000000000000e+00
3.909999999999779624e-02 9.999999984456283686e-01 -5.575610314596671571e-05 0.000000000000000000e+00 5.575610314596671571e-05 9.999999984456283686e-01 -0.000000000000000000e+00 0.000000000000000000e+00 0.000000000000000000e+00 1.000000000000000000e+00
3.919999999999789625e-02 9.999999983535909909e-01 -5.738308104026969210e-05 0.000000000000000000e+00 5.738308104026969210e-05 9.999999983535909909e-01 -0.000000000000000000e+00 0.000000000000000000e+00 0.000000000000000000e+00 1.000000000000000000e+00
3.929999999999799626e-02 9.999999982589178327e-01 -5.900986265740161828e-05 0.000000000000000000e+00 5.900986265740161828e-05 9.999999982589178327e-01 -0.000000000000000000e+00 0.000000000000000000e+00 0.000000000000000000e+00 1.000000000000000000e+00
3.939999999999809627e-02 9.999999981605935950e-01 -6.065321552652431803e-05 0.000000000000000000e+00 6.065321552652431803e-05 9.999999981605935950e-01 -0.000000000000000000e+00 0.000000000000000000e+00 0.000000000000000000e+00 1.000000000000000000e+00
3.949999999999819628e-02 9.999999980587367387e-01 -6.230992129467953207e-05 0.000000000000000000e+00 6.230992129467953207e-05 9.999999980587367387e-01 -0.000000000000000000e+00 0.000000000000000000e+00 0.000000000000000000e+00 1.000000000000000000e+00
3.959999999999829629e-02 9.999999979536321471e-01 -6.397449136654170115e-05 0.000000000000000000e+00 6.397449136654170115e-05 9.999999979536321471e-01 -0.000000000000000000e+00 0.000000000000000000e+00 0.000000000000000000e+00 1.000000000000000000e+00
3.969999999999839629e-02 9.999999978452258631e-01 -6.564714848195285144e-05 0.000000000000000000e+00 6.564714848195285144e-05 9.999999978452258631e-01 -0.000000000000000000e+00 0.000000000000000000e+00 0.000000000000000000e+00 1.000000000000000000e+00
3.979999999999849630e-02 9.999999977335163326e-01 -6.732731453070920453e-05 0.000000000000000000e+00 6.732731453070920453e-05 9.999999977335163326e-01 -0.000000000000000000e+00 0.000000000000000000e+00 0.000000000000000000e+00 1.000000000000000000e+00
3.989999999999859631e-02 9.999999976185161010e-01 -6.901425569989757581e-05 0.000000000000000000e+00 6.901425569989757581e-05 9.999999976185161010e-01 -0.000000000000000000e+00 0.000000000000000000e+00 0.000000000000000000e+00 1.000000000000000000e+00
3.999999999999869632e-02 9.999999975002142882e-01 -7.070764674506499969e-05 0.000000000000000000e+00 7.070764674506499969e-05 9.999999975002142882e-01 -0.000000000000000000e+00 0.000000000000000000e+00 0.000000000000000000e+00 1.000000000000000000e+00
4.009999999999879633e-02 9.999999973786163343e-01 -7.240695471025389816e-05 0.000000000000000000e+00 7.240695471025389816e-05 9.999999973786163343e-01 -0.000000000000000000e+00 0.000000000000000000e+00 0.000000000000000000e+00 1.000000000000000000e+00
4.019999999999889634e-02 9.999999972537735315e-01 -7.411108419717102726e-05 0.000000000000000000e+00 7.411108419717102726e-05 9.999999972537735315e-01 -0.000000000000000000e+00 0.000000000000000000e+00 0.000000000000000000e+00 1.000000000000000000e+00
4.029999999999899635e-02 9.999999971257840237e-01 -7.581841261124109773e-05 0.000000000000000000e+00 7.581841261124109773e-05 9.999999971257840237e-01 -0.000000000000000000e+00 0.000000000000000000e+00 0.000000000000000000e+00 1.000000000000000000e+00
4.039999999999909636e-02 9.999999969947360734e-01 -7.752759273121124530e-05 0.000000000000000000e+00 7.752759273121124530e-05 9.999999969947360734e-01 -0.000000000000000000e+00 0.000000000000000000e+00 0.000000000000000000e+00 1.000000000000000000e+00
4.049999999999919637e-02 9.999999968606634315e-01 -7.923807728178011267e-05 0.000000000000000000e+00 7.923807728178011267e-05 9.999999968606634315e-01 -0.000000000000000000e+00 0.000000000000000000e+00 0.000000000000000000e+00 1.000000000000000000e+00
4.059999999999929637e-02 9.999999967235392306e-01 -8.095011500677038558e-05 0.000000000000000000e+00 8.095011500677038558e-05 9.999999967235392306e-01 -0.000000000000000000e+00 0.000000000000000000e+00 0.000000000000000000e+00 1.000000000000000000e+00
4.069999999999939638e-02 9.999999965832939708e-01 -8.266445277450993527e-05 0.000000000000000000e+00 8.266445277450993527e-05 9.999999965832939708e-01 -0.000000000000000000e+00 0.000000000000000000e+00 0.000000000000000000e+00 1.000000000000000000e+00
4.079999999999949639e-02 9.999999964398370578e-01 -8.438202364526798727e-05 0.000000000000000000e+00 8.438202364526798727e-05 9.999999964398370578e-01 -0.000000000000000000e+00 0.000000000000000000e+00 0.000000000000000000e+00 1.000000000000000000e+00
4.089999999999959640e-02 9.999999962930827824e-01 -8.610362434736174616e-05 0.000000000000000000e+00 8.610362434736174616e-05 9.999999962930827824e-01 -0.000000000000000000e+00 0.000000000000000000e+00 0.000000000000000000e+00 1.000000000000000000e+00
4.099999999999969641e-02 9.999999961429796302e-01 -8.782961028105606646e-05 0.000000000000000000e+00 8.782961028105606646e-05 9.999999961429796302e-01 -0.000000000000000000e+00 0.000000000000000000e+00 0.000000000000000000e+00 1.000000000000000000e+00
4.109999999999979642e-02 9.999999959894970702e-01 -8.956006736052820986e-05 0.000000000000000000e+00 8.956006736052820986e-05 9.999999959894970702e-01 -0.000000000000000000e+00 0.000000000000000000e+00 0.000000000000000000e+00 1.000000000000000000e+00
4.119999999999989643e-02 9.999999958326113436e-01 -9.129499927666855671e-05 0.000000000000000000e+00 9.129499927666855671e-05 9.999999958326113436e-01 -0.000000000000000000e+00 0.000000000000000000e+00 0.000000000000000000e+00 1.000000000000000000e+00
4.129999999999999644e-02 9.999999956723074623e-01 -9.303432047967492000e-05 0.000000000000000000e+00 9.303432047967492000e-05 9.999999956723074623e-01 -0.000000000000000000e+00 0.000000000000000000e+00 0.000000000000000000e+00 1.000000000000000000e+00
4.140000000000009645e-02 9.999999955088669790e-01 -9.477481682860075453e-05 0.000000000000000000e+00 9.477481682860075453e-05 9.999999955088669790e-01 -0.000000000000000000e+00 0.000000000000000000e+00 0.000000000000000000e+00 1.000000000000000000e+00
4.150000000000019645e-02 9.999999953426675914e-01 -9.651251099862061505e-05 0.000000000000000000e+00 9.651251099862061505e-05 9.999999953426675914e-01 -0.000000000000000000e+00 0.000000000000000000e+00 0.000000000000000000e+00 1.000000000000000000e+00
4.160000000000029646e-02 9.999999951741557203e-01 -9.824300672126860302e-05 0.000000000000000000e+00 9.824300672126860302e-05 9.999999951741557203e-01 -0.000000000000000000e+00 0.000000000000000000e+00 0.000000000000000000e+00 1.000000000000000000e+00
4.170000000000039647e-02 9.999999950030177276e-01 -9.996981635805115044e-05 0.000000000000000000e+00 9.996981635805115044e-05 9.999999950030177276e-01 -0.000000000000000000e+00 0.000000000000000000e+00 0.000000000000000000e+00 1.000000000000000000e+00
4.180000000000049648e-02 9.999999948288526008e-01 -1.016970717457350978e-04 0.000000000000000000e+00 1.016970717457350978e-04 9.999999948288526008e-01 -0.000000000000000000e+00 0.000000000000000000e+00 0.000000000000000000e+00 1.000000000000000000e+00
4.190000000000059649e-02 9.999999946512413418e-01 -1.034288017470620099e-04 0.000000000000000000e+00 1.034288017470620099e-04 9.999999946512413418e-01 -0.000000000000000000e+00 0.000000000000000000e+00 0.000000000000000000e+00 1.000000000000000000e+00
4.200000000000069650e-02 9.999999944692636866e-01 -1.051735348345498618e-04 0.000000000000000000e+00 1.051735348345498618e-04 9.999999944692636866e-01 -0.000000000000000000e+00 0.000000000000000000e+00 0.000000000000000000e+00 1.000000000000000000e+00
4.210000000000079651e-02 9.999999942823925014e-01 -1.069355626921597721e-04 0.000000000000000000e+00 1.069355626921597721e-04 9.999999942823925014e-01 -0.000000000000000000e+00 0.000000000000000000e+00 0.000000000000000000e+00 1.000000000000000000e+00
4.220000000000089652e-02 9.999999940907732254e-01 -1.087127095318993653e-04 0.000000000000000000e+00 1.087127095318993653e-04 9.999999940907732254e-01 -0.000000000000000000e+00 0.000000000000000000e+00 0.000000000000000000e+00 1.000000000000000000e+00
4.230000000000099653e-02 9.999999938947053968e-01 -1.105015330006463634e-04 0.000000000000000000e+00 1.105015330006463634e-04 9.999999938947053968e-01 -0.000000000000000000e+00 0.000000000000000000e+00 0.000000000000000000e+00 1.000000000000000000e+00
4.240000000000109653e-02 9.999999936944418133e-01 -1.122992249186970603e-04 0.000000000000000000e+00 1.122992249186970603e-04 9.999999936944418133e-01 -0.000000000000000000e+00 0.000000000000000000e+00 0.000000000000000000e+00 1.000000000000000000e+00
4.250000000000119654e-02 9.999999934901492304e-01 -1.141039065740084380e-04 0.000000000000000000e+00 1.141039065740084380e-04 9.999999934901492304e-01 -0.000000000000000000e+00 0.000000000000000000e+00 0.000000000000000000e+00 1.000000000000000000e+00
4.260000000000129655e-02 9.999999932819100268e-01 -1.159145352679757783e-04 0.000000000000000000e+00 1.159145352679757783e-04 9.999999932819100268e-01 -0.000000000000000000e+00 0.000000000000000000e+00 0.000000000000000000e+00 1.000000000000000000e+00
4.270000000000139656e-02 9.999999930697239803e-01 -1.177308445841215520e-04 0.000000000000000000e+00 1.177308445841215520e-04 9.999999930697239803e-01 -0.000000000000000000e+00 0.000000000000000000e+00 0.000000000000000000e+00 1.000000000000000000e+00
4.280000000000149657e-02 9.999999928535010518e-01 -1.195533250153775387e-04 0.000000000000000000e+00 1.195533250153775387e-04 9.999999928535010518e-01 -0.000000000000000000e+00 0.000000000000000000e+00 0.000000000000000000e+00 1.000000000000000000e+00
4.290000000000159658e-02 9.999999926330380706e-01 -1.213833743670709124e-04 0.000000000000000000e+00 1.213833743670709124e-04 9.999999926330380706e-01 -0.000000000000000000e+00 0.000000000000000000e+00 0.000000000000000000e+00 1.000000000000000000e+00
4.300000000000169659e-02 9.999999924079544522e-01 -1.232237434684748767e-04 0.000000000000000000e+00 1.232237434684748767e-04 9.999999924079544522e-01 -0.000000000000000000e+00 0.000000000000000000e+00 0.000000000000000000e+00 1.000000000000000000e+00
4.310000000000179660e-02 9.999999921769857636e-01 -1.250840843471921239e-04 0.000000000000000000e+00 1.250840843471921239e-04 9.999999921769857636e-01 -0.000000000000000000e+00 0.000000000000000000e+00 0.000000000000000000e+00 1.000000000000000000e+00
4.320000000000189661e-02 9.999999919363259382e-01 -1.269934949895590206e-04 0.000000000000000000e+00 1.269934949895590206e-04 9.999999919363259382e-01 -0.000000000000000000e+00 0.000000000000000000e+00 0.000000000000000000e+00 1.000000000000000000e+00
4.330000000000199661e-02 9.999999916824412471e-01 -1.289771962526215573e-04 0.000000000000000000e+00 1.289771962526215573e-04 9.999999916824412471e-01 -0.000000000000000000e+00 0.000000000000000000e+00 0.000000000000000000e+00 1.000000000000000000e+00
4.340000000000209662e-02 9.999999914124783063e-01 -1.310535887397522423e-04 0.000000000000000000e+00 1.310535887397522423e-04 9.999999914124783063e-01 -0.000000000000000000e+00 0.000000000000000000e+00 0.000000000000000000e+00 1.000000000000000000e+00
4.350000000000219663e-02 9.999999911239140227e-01 -1.332372752556656439e-04 0.000000000000000000e+00 1.332372752556656439e-04 9.999999911239140227e-01 -0.000000000000000000e+00 0.000000000000000000e+00 0.000000000000000000e+00 1.000000000000000000e+00
4.360000000000229664e-02 9.999999908151748773e-01 -1.355346819586892605e-04 0.000000000000000000e+00 1.355346819586892605e-04 9.999999908151748773e-01 -0.000000000000000000e+00 0.000000000000000000e+00 0.000000000000000000e+00 1.000000000000000000e+00
4.370000000000239665e-02 9.999999904857578281e-01 -1.379437713110753295e-04 0.000000000000000000e+00 1.379437713110753295e-04 9.999999904857578281e-01 -0.000000000000000000e+00 0.000000000000000000e+00 0.000000000000000000e+00 1.000000000000000000e+00
4.380000000000249666e-02 9.999999901359465371e-01 -1.404567783179472946e-04 0.000000000000000000e+00 1.404567783179472946e-04 9.999999901359465371e-01 -0.000000000000000000e+00 0.000000000000000000e+00 0.000000000000000000e+00 1.000000000000000000e+00
4.390000000000259667e-02 9.999999897664768600e-01 -1.430630839526983585e-04 0.000000000000000000e+00 1.430630839526983585e-04 9.999999897664768600e-01 -0.000000000000000000e+00 0.000000000000000000e+00 0.000000000000000000e+00 1.000000000000000000e+00
4.400000000000269668e-02 9.999999893775594062e-01 -1.457562377761845976e-04 0.000000000000000000e+00 1.457562377761845976e-04 9.999999893775594062e-01 -0.000000000000000000e+00 0.000000000000000000e+00 0.000000000000000000e+00 1.000000000000000000e+00
4.410000000000279669e-02 9.999999889651198792e-01 -1.485589437868227783e-04 0.000000000000000000e+00 1.485589437868227783e-04 9.999999889651198792e-01 -0.000000000000000000e+00 0.000000000000000000e+00 0.000000000000000000e+00 1.000000000000000000e+00
4.420000000000289669e-02 9.999999885238233244e-01 -1.515003399649195203e-04 0.000000000000000000e+00 1.515003399649195203e-04 9.999999885238233244e-01 -0.000000000000000000e+00 0.000000000000000000e+00 0.000000000000000000e+00 1.000000000000000000e+00
4.430000000000299670e-02 9.999999880446662770e-01 -1.546307445698717428e-04 0.000000000000000000e+00 1.546307445698717428e-04 9.999999880446662770e-01 -0.000000000000000000e+00 0.000000000000000000e+00 0.000000000000000000e+00 1.000000000000000000e+00
4.440000000000309671e-02 9.999999875166636354e-01 -1.580084565061243068e-04 0.000000000000000000e+00 1.580084565061243068e-04 9.999999875166636354e-01 -0.000000000000000000e+00 0.000000000000000000e+00 0.000000000000000000e+00 1.000000000000000000e+00
4.450000000000319672e-02 9.999999869307791833e-01 -1.616738731621414490e-04 0.000000000000000000e+00 1.616738731621414490e-04 9.999999869307791833e-01 -0.000000000000000000e+00 0.000000000000000000e+00 0.000000000000000000e+00 1.000000000000000000e+00
4.460000000000329673e-02 9.999999862785841076e-01 -1.656587805354665336e-04 0.000000000000000000e+00 1.656587805354665336e-04 9.999999862785841076e-01 -0.000000000000000000e+00 0.000000000000000000e+00 0.000000000000000000e+00 1.000000000000000000e+00
4.470000000000339674e-02 9.999999855517952563e-01 -1.699894383167884924e-04 0.000000000000000000e+00 1.699894383167884924e-04 9.999999855517952563e-01 -0.000000000000000000e+00 0.000000000000000000e+00 0.000000000000000000e+00 1.000000000000000000e+00
4.480000000000349675e-02 9.999999847422382793e-01 -1.746869283561816024e-04 0.000000000000000000e+00 1.746869283561816024e-04 9.999999847422382793e-01 -0.000000000000000000e+00 0.000000000000000000e+00 0.000000000000000000e+00 1.000000000000000000e+00
4.490000000000359676e-02 9.999999838397338747e-01 -1.797791198572916004e-04 0.000000000000000000e+00 1.797791198572916004e-04 9.999999838397338747e-01 -0.000000000000000000e+00 0.000000000000000000e+00 0.000000000000000000e+00 1.000000000000000000e+00
4.500000000000369677e-02 9.999999828297634341e-01 -1.853118251367182176e-04 0.000000000000000000e+00 1.853118251367182176e-04 9.999999828297634341e-01 -0.000000000000000000e+00 0.000000000000000000e+00 0.000000000000000000e+00 1.000000000000000000e+00
4.510000000000379677e-02 9.999999816930849050e-01 -1.913474055808086528e-04 0.000000000000000000e+00 1.913474055808086528e-04 9.999999816930849050e-01 -0.000000000000000000e+00 0.000000000000000000e+00 0.000000000000000000e+00 1.000000000000000000e+00
4.520000000000389678e-02 9.999999804060588637e-01 -1.979592923722349224e-04 0.000000000000000000e+00 1.979592923722349224e-04 9.999999804060588637e-01 -0.000000000000000000e+00 0.000000000000000000e+00 0.000000000000000000e+00 1.000000000000000000e+00
4.530000000000399679e-02 9.999999789439205644e-01 -2.052124709009270570e-04 0.000000000000000000e+00 2.052124709009270570e-04 9.999999789439205644e-01 -0.000000000000000000e+00 0.000000000000000000e+00 0.000000000000000000e+00 1.000000000000000000e+00
4.540000000000409680e-02 9.999999772824166300e-01 -2.131552626693090750e-04 0.000000000000000000e+00 2.131552626693090750e-04 9.999999772824166300e-01 -0.000000000000000000e+00 0.000000000000000000e+00 0.000000000000000000e+00 1.000000000000000000e+00
4.550000000000419681e-02 9.999999754140269648e-01 -2.217474808604661947e-04 0.000000000000000000e+00 2.217474808604661947e-04 9.999999754140269648e-01 -0.000000000000000000e+00 0.000000000000000000e+00 0.000000000000000000e+00 1.000000000000000000e+00
4.560000000000429682e-02 9.999999733264063329e-01 -2.309700980948974590e-04 0.000000000000000000e+00 2.309700980948974590e-04 9.999999733264063329e-01 -0.000000000000000000e+00 0.000000000000000000e+00 0.000000000000000000e+00 1.000000000000000000e+00
4.570000000000439683e-02 9.999999709998826924e-01 -2.408323765389532435e-04 0.000000000000000000e+00 2.408323765389532435e-04 9.999999709998826924e-01 -0.000000000000000000e+00 0.000000000000000000e+00 0.000000000000000000e+00 1.000000000000000000e+00
4.580000000000449684e-02 9.999999684020597357e-01 -2.513879062158257930e-04 0.000000000000000000e+00 2.513879062158257930e-04 9.999999684020597357e-01 -0.000000000000000000e+00 0.000000000000000000e+00 0.000000000000000000e+00 1.000000000000000000e+00
4.590000000000459685e-02 9.999999655151781131e-01 -2.626207195384944637e-04 0.000000000000000000e+00 2.626207195384944637e-04 9.999999655151781131e-01 -0.000000000000000000e+00 0.000000000000000000e+00 0.000000000000000000e+00 1.000000000000000000e+00
4.600000000000469685e-02 9.999999623033223317e-01 -2.745785019552870543e-04 0.000000000000000000e+00 2.745785019552870543e-04 9.999999623033223317e-01 -0.000000000000000000e+00 0.000000000000000000e+00 0.000000000000000000e+00 1.000000000000000000e+00
4.610000000000479686e-02 9.999999587546370972e-01 -2.872119841176738525e-04 0.000000000000000000e+00 2.872119841176738525e-04 9.999999587546370972e-01 -0.000000000000000000e+00 0.000000000000000000e+00 0.000000000000000000e+00 1.000000000000000000e+00
4.620000000000489687e-02 9.999999548833642393e-01 -3.003885305754090858e-04 0.000000000000000000e+00 3.003885305754090858e-04 9.999999548833642393e-01 -0.000000000000000000e+00 0.000000000000000000e+00 0.000000000000000000e+00 1.000000000000000000e+00
4.630000000000499688e-02 9.999999507023006329e-01 -3.139990381679946710e-04 0.000000000000000000e+00 3.139990381679946710e-04 9.999999507023006329e-01 -0.000000000000000000e+00 0.000000000000000000e+00 0.000000000000000000e+00 1.000000000000000000e+00
4.640000000000509689e-02 9.999999462897952718e-01 -3.277505245424337105e-04 0.000000000000000000e+00 3.277505245424337105e-04 9.999999462897952718e-01 -0.000000000000000000e+00 0.000000000000000000e+00 0.000000000000000000e+00 1.000000000000000000e+00
4.650000000000519690e-02 9.999999418107129445e-01 -3.411430353436275165e-04 0.000000000000000000e+00 3.411430353436275165e-04 9.999999418107129445e-01 -0.000000000000000000e+00 0.000000000000000000e+00 0.000000000000000000e+00 1.000000000000000000e+00
4.660000000000529691e-02 9.999999375825461279e-01 -3.533198319521241586e-04 0.000000000000000000e+00 3.533198319521241586e-04 9.999999375825461279e-01 -0.000000000000000000e+00 0.000000000000000000e+00 0.000000000000000000e+00 1.000000000000000000e+00
4.670000000000539692e-02 9.999999336932713367e-01 -3.641613002798746944e-04 0.000000000000000000e+00 3.641613002798746944e-04 9.999999336932713367e-01 -0.000000000000000000e+00 0.000000000000000000e+00 0.000000000000000000e+00 1.000000000000000000e+00
4.680000000000549693e-02 9.999999301983643063e-01 -3.736352049641232390e-04 0.000000000000000000e+00 3.736352049641232390e-04 9.999999301983643063e-01 -0.000000000000000000e+00 0.000000000000000000e+00 0.000000000000000000e+00 1.000000000000000000e+00
4.690000000000559693e-02 9.999999271450045191e-01 -3.817197732219320479e-04 0.000000000000000000e+00 3.817197732219320479e-04 9.999999271450045191e-01 -0.000000000000000000e+00 0.000000000000000000e+00 0.000000000000000000e+00 1.000000000000000000e+00
4.700000000000569694e-02 9.999999246201425329e-01 -3.882778760512219313e-04 0.000000000000000000e+00 3.882778760512219313e-04 9.999999246201425329e-01 -0.000000000000000000e+00 0.000000000000000000e+00 0.000000000000000000e+00 1.000000000000000000e+00
4.710000000000579695e-02 9.999999226542976016e-01 -3.933082743338737423e-04 0.000000000000000000e+00 3.933082743338737423e-04 9.999999226542976016e-01 -0.000000000000000000e+00 0.000000000000000000e+00 0.000000000000000000e+00 1.000000000000000000e+00
4.720000000000589696e-02 9.999999212054068165e-01 -3.969750368415260727e-04 0.000000000000000000e+00 3.969750368415260727e-04 9.999999212054068165e-01 -0.000000000000000000e+00 0.000000000000000000e+00 0.000000000000000000e+00 1.000000000000000000e+00
4.730000000000599697e-02 9.999999202124976172e-01 -3.994683944481854771e-04 0.000000000000000000e+00 3.994683944481854771e-04 9.999999202124976172e-01 -0.000000000000000000e+00 0.000000000000000000e+00 0.000000000000000000e+00 1.000000000000000000e+00
4.740000000000609698e-02 9.999999196081973407e-01 -4.009783017269237960e-04 0.000000000000000000e+00 4.009783017269237960e-04 9.999999196081973407e-01 -0.000000000000000000e+00 0.000000000000000000e+00 0.000000000000000000e+00 1.000000000000000000e+00
4.750000000000619699e-02 9.999999192924429181e-01 -4.017649905369326800e-04 0.000000000000000000e+00 4.017649905369326800e-04 9.999999192924429181e-01 -0.000000000000000000e+00 0.000000000000000000e+00 0.000000000000000000e+00 1.000000000000000000e+00
4.760000000000629700e-02 9.999999191972956947e-01 -4.020017435563941655e-04 0.000000000000000000e+00 4.020017435563941655e-04 9.999999191972956947e-01 -0.000000000000000000e+00 0.000000000000000000e+00 0.000000000000000000e+00 1.000000000000000000e+00
4.770000000000639701e-02 9.999999192518780333e-01 -4.018659444639597874e-04 0.000000000000000000e+00 4.018659444639597874e-04 9.999999192518780333e-01 -0.000000000000000000e+00 0.000000000000000000e+00 0.000000000000000000e+00 1.000000000000000000e+00
4.780000000000649701e-02 9.999999193859718805e-01 -4.015321277402708524e-04 0.000000000000000000e+00 4.015321277402708524e-04 9.999999193859718805e-01 -0.000000000000000000e+00 0.000000000000000000e+00 0.000000000000000000e+00 1.000000000000000000e+00
4.790000000000659702e-02 9.999999195349763559e-01 -4.011608662153347184e-04 0.000000000000000000e+00 4.011608662153347184e-04 9.999999195349763559e-01 -0.000000000000000000e+00 0.000000000000000000e+00 0.000000000000000000e+00 1.000000000000000000e+00
4.800000000000669703e-02 9.999999196688538206e-01 -4.008270021742513689e-04 0.000000000000000000e+00 4.008270021742513689e-04 9.999999196688538206e-01 -0.000000000000000000e+00 0.000000000000000000e+00 0.000000000000000000e+00 1.000000000000000000e+00
4.810000000000679704e-02 9.999999197344687785e-01 -4.006632698987271698e-04 0.000000000000000000e+00 4.006632698987271698e-04 9.999999197344687785e-01 -0.000000000000000000e+00 0.000000000000000000e+00 0.000000000000000000e+00 1.000000000000000000e+00
4.820000000000689705e-02 9.999999197132254380e-01 -4.007162869835558601e-04 0.000000000000000000e+00 4.007162869835558601e-04 9.999999197132254380e-01 -0.000000000000000000e+00 0.000000000000000000e+00 0.000000000000000000e+00 1.000000000000000000e+00
4.830000000000699706e-02 9.999999195917488315e-01 -4.010193205155602363e-04 0.000000000000000000e+00 4.010193205155602363e-04 9.999999195917488315e-01 -0.000000000000000000e+00 0.000000000000000000e+00 0.000000000000000000e+00 1.000000000000000000e+00
4.840000000000709707e-02 9.999999193362280048e-01 -4.016559936751067181e-04 0.000000000000000000e+00 4.016559936751067181e-04 9.999999193362280048e-01 -0.000000000000000000e+00 0.000000000000000000e+00 0.000000000000000000e+00 1.000000000000000000e+00
4.850000000000719708e-02 9.999999189162513957e-01 -4.027002486985496862e-04 0.000000000000000000e+00 4.027002486985496862e-04 9.999999189162513957e-01 -0.000000000000000000e+00 0.000000000000000000e+00 0.000000000000000000e+00 1.000000000000000000e+00
4.860000000000729709e-02 9.999999182893041239e-01 -4.042541092146527794e-04 0.000000000000000000e+00 4.042541092146527794e-04 9.999999182893041239e-01 -0.000000000000000000e+00 0.000000000000000000e+00 0.000000000000000000e+00 1.000000000000000000e+00
4.870000000000739709e-02 9.999999173954783327e-01 -4.064591445789393349e-04 0.000000000000000000e+00 4.064591445789393349e-04 9.999999173954783327e-01 -0.000000000000000000e+00 0.000000000000000000e+00 0.000000000000000000e+00 1.000000000000000000e+00
4.880000000000749710e-02 9.999999162048760493e-01 -4.093778701328812690e-04 0.000000000000000000e+00 4.093778701328812690e-04 9.999999162048760493e-01 -0.000000000000000000e+00 0.000000000000000000e+00 0.000000000000000000e+00 1.000000000000000000e+00
4.890000000000759711e-02 9.999999147272031763e-01 -4.129716529823484095e-04 0.000000000000000000e+00 4.129716529823484095e-04 9.999999147272031763e-01 -0.000000000000000000e+00 0.000000000000000000e+00 0.000000000000000000e+00 1.000000000000000000e+00
4.900000000000769712e-02 9.999999130283024895e-01 -4.170652073128748127e-04 0.000000000000000000e+00 4.170652073128748127e-04 9.999999130283024895e-01 -0.000000000000000000e+00 0.000000000000000000e+00 0.000000000000000000e+00 1.000000000000000000e+00
4.910000000000779713e-02 9.999999111760986548e-01 -4.214828522485353484e-04 0.000000000000000000e+00 4.214828522485353484e-04 9.999999111760986548e-01 -0.000000000000000000e+00 0.000000000000000000e+00 0.000000000000000000e+00 1.000000000000000000e+00
4.920000000000789714e-02 9.999999092288370806e-01 -4.260778301265383304e-04 0.000000000000000000e+00 4.260778301265383304e-04 9.999999092288370806e-01 -0.000000000000000000e+00 0.000000000000000000e+00 0.000000000000000000e+00 1.000000000000000000e+00
4.930000000000799715e-02 9.999999072417979917e-01 -4.307161422467470292e-04 0.000000000000000000e+00 4.307161422467470292e-04 9.999999072417979917e-01 -0.000000000000000000e+00 0.000000000000000000e+00 0.000000000000000000e+00 1.000000000000000000e+00
4.940000000000809716e-02 9.999999052640486941e-01 -4.352836927724177329e-04 0.000000000000000000e+00 4.352836927724177329e-04 9.999999052640486941e-01 -0.000000000000000000e+00 0.000000000000000000e+00 0.000000000000000000e+00 1.000000000000000000e+00
4.950000000000819717e-02 9.999999033228070822e-01 -4.397207934669775044e-04 0.000000000000000000e+00 4.397207934669775044e-04 9.999999033228070822e-01 -0.000000000000000000e+00 0.000000000000000000e+00 0.000000000000000000e+00 1.000000000000000000e+00
4.960000000000829717e-02 9.999999014622582560e-01 -4.439318343809198816e-04 0.000000000000000000e+00 4.439318343809198816e-04 9.999999014622582560e-01 -0.000000000000000000e+00 0.000000000000000000e+00 0.000000000000000000e+00 1.000000000000000000e+00
4.970000000000839718e-02 9.999998996902329518e-01 -4.479057088429990157e-04 0.000000000000000000e+00 4.479057088429990157e-04 9.999998996902329518e-01 -0.000000000000000000e+00 0.000000000000000000e+00 0.000000000000000000e+00 1.000000000000000000e+00
4.980000000000849719e-02 9.999998980033254492e-01 -4.516562170723118267e-04 0.000000000000000000e+00 4.516562170723118267e-04 9.999998980033254492e-01 -0.000000000000000000e+00 0.000000000000000000e+00 0.000000000000000000e+00 1.000000000000000000e+00
4.990000000000859720e-02 9.999998964084652053e-01 -4.551736578492910062e-04 0.000000000000000000e+00 4.551736578492910062e-04 9.999998964084652053e-01 -0.000000000000000000e+00 0.000000000000000000e+00 0.000000000000000000e+00 1.000000000000000000e+00
5.000000000000000278e-02 9.999998949232195011e-01 -4.584250754372456863e-04 0.000000000000000000e+00 4.584250754372456863e-04 9.999998949232195011e-01 -0.000000000000000000e+00 0.000000000000000000e+00 0.000000000000000000e+00 1.000000000000000000e+00
