time error_arcsec
0.000000000000000000e+00 0.000000000000000000e+00
1.000000000000000048e-04 6.543216058194418171e-03
2.000000000000000096e-04 4.647054886770112664e-02
3.000000000000000279e-04 1.379741759635751130e-01
4.000000000000000192e-04 2.895958052492730306e-01
5.000000000000000104e-04 5.050670455280096283e-01
6.000000000000000559e-04 7.857475162768260413e-01
6.999999999999999929e-04 1.131850445884927003e+00
8.000000000000000383e-04 1.543056518754677864e+00
9.000000000000000838e-04 2.018819297529110823e+00
1.000000000000000021e-03 2.558515347206521628e+00
1.100000000000000066e-03 3.161516342974727944e+00
1.200000000000000112e-03 3.827222147203976022e+00
1.300000000000000157e-03 4.534811514673338984e+00
1.399999999999999986e-03 4.936379152010779592e+00
1.500000000000000031e-03 4.822467571672690134e+00
1.600000000000000077e-03 4.513568915912189006e+00
1.700000000000000122e-03 4.221374752132236452e+00
1.800000000000000168e-03 3.763188685107866860e+00
1.899999999999999996e-03 3.240560376767743112e+00
2.000000000000000042e-03 2.914218976206783385e+00
2.100000000000000304e-03 2.844395751551974882e+00
2.200000000000000133e-03 2.971204670186391450e+00
2.299999999999999961e-03 3.265884174145125218e+00
2.400000000000000223e-03 3.694691110973139736e+00
2.500000000000000052e-03 4.223655816316415290e+00
2.600000000000000314e-03 4.836011148052758557e+00
2.700000000000000143e-03 5.520814315962291552e+00
2.799999999999999972e-03 6.266635461945551100e+00
2.900000000000000234e-03 7.064969962985859553e+00
3.000000000000000062e-03 7.917024995631217088e+00
3.100000000000000325e-03 8.809801251228883245e+00
3.200000000000000153e-03 9.728079708709575613e+00
3.299999999999999982e-03 1.069801394636030345e+01
3.400000000000000244e-03 1.173970878124010575e+01
3.500000000000000073e-03 1.280418161390502263e+01
3.600000000000000335e-03 1.385249158503485667e+01
3.700000000000000164e-03 1.486646252377885169e+01
3.799999999999999992e-03 1.584050252949200122e+01
3.900000000000000255e-03 1.674234752834623308e+01
4.000000000000000083e-03 1.761064882249747043e+01
4.100000000000000346e-03 1.842458013505814307e+01
4.200000000000000608e-03 1.915498936027963239e+01
4.300000000000000003e-03 1.981313300396406873e+01
4.400000000000000265e-03 2.041878871896824776e+01
4.500000000000000527e-03 2.098858261167977801e+01
4.599999999999999922e-03 2.153341168517919257e+01
4.700000000000000185e-03 2.205954501439471116e+01
4.800000000000000447e-03 2.255332241638434709e+01
4.899999999999999842e-03 2.298933681474628798e+01
5.000000000000000104e-03 2.335223074199289783e+01
5.100000000000000366e-03 2.365216071184954316e+01
5.200000000000000629e-03 2.390208088304949285e+01
5.300000000000000024e-03 2.409813500505970296e+01
5.400000000000000286e-03 2.424985966020442518e+01
5.500000000000000548e-03 2.436736415996340099e+01
5.599999999999999943e-03 2.445759800707876863e+01
5.700000000000000205e-03 2.452504450996333674e+01
5.800000000000000468e-03 2.457522325849453537e+01
5.899999999999999863e-03 2.461317701753813836e+01
6.000000000000000125e-03 2.464303978612775836e+01
6.100000000000000387e-03 2.466802713160849336e+01
6.200000000000000649e-03 2.469216052544400242e+01
6.300000000000000044e-03 2.471618666463814407e+01
6.400000000000000307e-03 2.474004246088908587e+01
6.500000000000000569e-03 2.476758373969750693e+01
6.599999999999999964e-03 2.480225750205348589e+01
6.700000000000000226e-03 2.484095041952307525e+01
6.800000000000000488e-03 2.488485749591550089e+01
6.900000000000000751e-03 2.493458616504626946e+01
7.000000000000000146e-03 2.498488757649990788e+01
7.100000000000000408e-03 2.503136368693255065e+01
7.200000000000000670e-03 2.507271681110520944e+01
7.300000000000000065e-03 2.510876809313574398e+01
7.400000000000000328e-03 2.514507719460798896e+01
7.500000000000000590e-03 2.518120047819451912e+01
7.599999999999999985e-03 2.521697276839199375e+01
7.700000000000000247e-03 2.525269805036366577e+01
7.800000000000000509e-03 2.528805975346358537e+01
7.900000000000000772e-03 2.532508783241880224e+01
8.000000000000000167e-03 2.536357856390086951e+01
8.099999999999999561e-03 2.540327127676725993e+01
8.200000000000000691e-03 2.544398016697794418e+01
8.300000000000000086e-03 2.548651196868807745e+01
8.400000000000001216e-03 2.553036806030874217e+01
8.500000000000000611e-03 2.557376724192885220e+01
8.600000000000000006e-03 2.561636184559571205e+01
8.700000000000001135e-03 2.565796020672061672e+01
8.800000000000000530e-03 2.569838362090289863e+01
8.899999999999999925e-03 2.573746454379758575e+01
9.000000000000001055e-03 2.577505305107673905e+01
9.100000000000000450e-03 2.581102024228526659e+01
9.199999999999999845e-03 2.584493707473346191e+01
9.300000000000000974e-03 2.587484967919167289e+01
9.400000000000000369e-03 2.589885383769584593e+01
9.499999999999999764e-03 2.591725754287741879e+01
9.600000000000000894e-03 2.593094479786503470e+01
9.700000000000000289e-03 2.593676683668354954e+01
9.799999999999999684e-03 2.594217655430732350e+01
9.900000000000000813e-03 2.594680532364834136e+01
1.000000000000000021e-02 2.594901352911526260e+01
1.010000000000000134e-02 2.593555947793667826e+01
1.020000000000000073e-02 2.587672356761838088e+01
1.030000000000000013e-02 2.577434957104556190e+01
1.040000000000000126e-02 2.563830946978395886e+01
1.050000000000000065e-02 2.547734853127281696e+01
1.060000000000000005e-02 2.529794068054902567e+01
1.070000000000000118e-02 2.510468092504084581e+01
1.080000000000000057e-02 2.490069591357555012e+01
1.089999999999999997e-02 2.468715899381558998e+01
1.100000000000000110e-02 2.446695387850761705e+01
1.110000000000000049e-02 2.424229458224042943e+01
1.119999999999999989e-02 2.401382622050337190e+01
1.130000000000000102e-02 2.378165814425258517e+01
1.140000000000000041e-02 2.354617849328290191e+01
1.149999999999999981e-02 2.330761837470420517e+01
1.160000000000000094e-02 2.306502155956292555e+01
1.170000000000000033e-02 2.281641715658176039e+01
1.179999999999999973e-02 2.256143306469696341e+01
1.190000000000000085e-02 2.230511572561457712e+01
1.200000000000000025e-02 2.204614585561720119e+01
1.210000000000000138e-02 2.178444378684874749e+01
1.220000000000000077e-02 2.152032164678115578e+01
1.230000000000000017e-02 2.125411586387120266e+01
1.240000000000000130e-02 2.098610558156709516e+01
1.250000000000000069e-02 2.071624838384479617e+01
1.260000000000000009e-02 2.044497752207637475e+01
1.270000000000000122e-02 2.017323687698031520e+01
1.280000000000000061e-02 1.990037012351275081e+01
1.290000000000000001e-02 1.962605379715643750e+01
1.300000000000000114e-02 1.935151583168802958e+01
1.310000000000000053e-02 1.907538268810782611e+01
1.319999999999999993e-02 1.879631489826211066e+01
1.330000000000000106e-02 1.851510008436946819e+01
1.340000000000000045e-02 1.823167352348028913e+01
1.349999999999999985e-02 1.794579944523735904e+01
1.360000000000000098e-02 1.765747817759074323e+01
1.370000000000000037e-02 1.736688233305154938e+01
1.380000000000000150e-02 1.707413527486383487e+01
1.390000000000000090e-02 1.677929606111491623e+01
1.400000000000000029e-02 1.648237956153082706e+01
1.410000000000000142e-02 1.618337749530492076e+01
1.420000000000000082e-02 1.588227267309219748e+01
1.430000000000000021e-02 1.557904596225188776e+01
1.440000000000000134e-02 1.527367765663365340e+01
1.450000000000000074e-02 1.496614513640185251e+01
1.460000000000000013e-02 1.465641820540711393e+01
1.470000000000000126e-02 1.434445280324855432e+01
1.480000000000000066e-02 1.403018302850499310e+01
1.490000000000000005e-02 1.371351043083655519e+01
1.500000000000000118e-02 1.339428777145720950e+01
1.510000000000000057e-02 1.307228997405087689e+01
1.519999999999999997e-02 1.274714805186222222e+01
1.530000000000000110e-02 1.241792540354277641e+01
1.540000000000000049e-02 1.208113222367852835e+01
1.549999999999999989e-02 1.173061038235063158e+01
1.560000000000000102e-02 1.136312103858947609e+01
1.570000000000000215e-02 1.097887474650329587e+01
1.580000000000000154e-02 1.057894198062358271e+01
1.590000000000000094e-02 1.016416038549204615e+01
1.600000000000000033e-02 9.734744553626057950e+00
1.609999999999999973e-02 9.290030439424572961e+00
1.619999999999999912e-02 8.825502697800091667e+00
1.630000000000000199e-02 8.333620357903415155e+00
1.640000000000000138e-02 7.811323139039505925e+00
1.650000000000000078e-02 7.257988574383730018e+00
1.660000000000000017e-02 6.673670458125849692e+00
1.669999999999999957e-02 6.058278616095059910e+00
1.680000000000000243e-02 5.411286457740049016e+00
1.690000000000000183e-02 4.731696355496036510e+00
1.700000000000000122e-02 4.018081494625780792e+00
1.710000000000000062e-02 3.268567155645351274e+00
1.720000000000000001e-02 2.480469089915280367e+00
1.729999999999999941e-02 1.648197673746846004e+00
1.740000000000000227e-02 7.585621526593104846e-01
1.750000000000000167e-02 -2.029942824389992240e-01
1.760000000000000106e-02 -1.243786085856136925e+00
1.770000000000000046e-02 -2.359142401288352620e+00
1.779999999999999985e-02 -3.553112500743889957e+00
1.789999999999999925e-02 -4.863310828111933048e+00
1.800000000000000211e-02 -6.306715755553644165e+00
1.810000000000000150e-02 -7.918508155124171388e+00
1.820000000000000090e-02 -9.760854126098765349e+00
1.830000000000000029e-02 -1.190787813919759763e+01
1.839999999999999969e-02 -1.439079973976936877e+01
1.850000000000000255e-02 -1.717187389028408617e+01
1.860000000000000195e-02 -2.013590923754730611e+01
1.870000000000000134e-02 -2.326111878755169826e+01
1.880000000000000074e-02 -2.652744791337888230e+01
1.890000000000000013e-02 -2.990836808978033901e+01
1.899999999999999953e-02 -3.332629668624676356e+01
1.910000000000000239e-02 -3.688331028401465517e+01
1.920000000000000179e-02 -4.057323837390214294e+01
1.930000000000000118e-02 -4.432788299262277576e+01
1.940000000000000058e-02 -4.785228814996592916e+01
1.949999999999999997e-02 -5.034791701433077549e+01
1.959999999999999937e-02 -5.139517193582535270e+01
1.970000000000000223e-02 -5.178604670546562261e+01
1.980000000000000163e-02 -5.193175630028171952e+01
1.990000000000000102e-02 -5.194968577531231801e+01
2.000000000000000042e-02 -5.193995920603103400e+01
2.009999999999999981e-02 -5.197854012004866320e+01
2.020000000000000268e-02 -5.212326202884863591e+01
2.030000000000000207e-02 -5.239158232523692504e+01
2.040000000000000147e-02 -5.275712169644214100e+01
2.050000000000000086e-02 -5.317376536775824292e+01
2.060000000000000026e-02 -5.359779680193582863e+01
2.069999999999999965e-02 -5.400667495683432406e+01
2.080000000000000251e-02 -5.439423635694262771e+01
2.090000000000000191e-02 -5.476225355920236382e+01
2.100000000000000130e-02 -5.511697824119459455e+01
2.110000000000000070e-02 -5.546429659432133974e+01
2.120000000000000009e-02 -5.580596903752746840e+01
2.129999999999999949e-02 -5.614418086361580862e+01
2.140000000000000235e-02 -5.648082332795988947e+01
2.150000000000000175e-02 -5.682115864924386273e+01
2.160000000000000114e-02 -5.717164765551124361e+01
2.170000000000000054e-02 -5.753658192342101785e+01
2.179999999999999993e-02 -5.792339412646068553e+01
2.189999999999999933e-02 -5.831983511968206102e+01
2.200000000000000219e-02 -5.872520297889259666e+01
2.210000000000000159e-02 -5.913934898346570179e+01
2.220000000000000098e-02 -5.956060836430873451e+01
2.230000000000000038e-02 -5.998250283199513433e+01
2.239999999999999977e-02 -6.040143456782235631e+01
2.250000000000000264e-02 -6.081992642182916597e+01
2.260000000000000203e-02 -6.123896222139471490e+01
2.270000000000000143e-02 -6.165843454284471647e+01
2.280000000000000082e-02 -6.207799540183886933e+01
2.290000000000000022e-02 -6.249716652843876119e+01
2.299999999999999961e-02 -6.291563919504104518e+01
2.310000000000000248e-02 -6.333377915208115638e+01
2.320000000000000187e-02 -6.375275665934709934e+01
2.330000000000000127e-02 -6.417344337053476977e+01
2.340000000000000066e-02 -6.459644390796140101e+01
2.350000000000000006e-02 -6.502228429954843136e+01
2.359999999999999945e-02 -6.545148242648575376e+01
2.370000000000000231e-02 -6.588455925398008617e+01
2.380000000000000171e-02 -6.632202953672036472e+01
2.390000000000000110e-02 -6.676438725202933711e+01
2.400000000000000050e-02 -6.721170896628827052e+01
2.409999999999999989e-02 -6.766383787455146148e+01
2.420000000000000276e-02 -6.812179494032986327e+01
2.430000000000000215e-02 -6.858682814284689755e+01
2.440000000000000155e-02 -6.905975590254372776e+01
2.450000000000000094e-02 -6.954065807054504944e+01
2.460000000000000034e-02 -7.002768450496454022e+01
2.469999999999999973e-02 -7.051636223911182810e+01
2.480000000000000260e-02 -7.100526992470832965e+01
2.490000000000000199e-02 -7.149508368426003813e+01
2.500000000000000139e-02 -7.198710301057455752e+01
2.510000000000000078e-02 -7.247730473539627383e+01
2.520000000000000018e-02 -7.295880598265313211e+01
2.529999999999999957e-02 -7.343600503817120284e+01
2.540000000000000244e-02 -7.391236659739990955e+01
2.550000000000000183e-02 -7.435923238693315795e+01
2.560000000000000123e-02 -7.477881523528401431e+01
2.570000000000000062e-02 -7.518168314957796383e+01
2.580000000000000002e-02 -7.556938153413247505e+01
2.590000000000000288e-02 -7.594587345080294938e+01
2.600000000000000228e-02 -7.631318372740477685e+01
2.610000000000000167e-02 -7.667124194937662196e+01
2.620000000000000107e-02 -7.702414565901307242e+01
2.630000000000000046e-02 -7.737900699153581741e+01
2.639999999999999986e-02 -7.773936625178258453e+01
2.650000000000000272e-02 -7.810594582075226811e+01
2.660000000000000211e-02 -7.847814656388906940e+01
2.670000000000000151e-02 -7.885353740041873039e+01
2.680000000000000090e-02 -7.922946759727628319e+01
2.690000000000000030e-02 -7.960634953073669351e+01
2.699999999999999969e-02 -7.998503616512934400e+01
2.710000000000000256e-02 -8.036619924459770914e+01
2.720000000000000195e-02 -8.075025425886801145e+01
2.730000000000000135e-02 -8.113738139205891287e+01
2.740000000000000074e-02 -8.152756685424006378e+01
2.750000000000000014e-02 -8.192064682936099018e+01
2.760000000000000300e-02 -8.231634993903976749e+01
2.770000000000000240e-02 -8.271433719921316197e+01
2.780000000000000179e-02 -8.311423856738737470e+01
2.790000000000000119e-02 -8.351568476343160796e+01
2.800000000000000058e-02 -8.391833294679811672e+01
2.809999999999999998e-02 -8.432188522760510807e+01
2.820000000000000284e-02 -8.472609974176549485e+01
2.830000000000000224e-02 -8.513079476553913594e+01
2.840000000000000163e-02 -8.553567680118153760e+01
2.850000000000000103e-02 -8.593881553123100048e+01
2.860000000000000042e-02 -8.633813810088800267e+01
2.869999999999999982e-02 -8.673447009919429718e+01
2.880000000000000268e-02 -8.712964651975111963e+01
2.890000000000000208e-02 -8.752514503018363712e+01
2.900000000000000147e-02 -8.792193729237077093e+01
2.910000000000000087e-02 -8.832059094613261152e+01
2.920000000000000026e-02 -8.872138115546829340e+01
2.930000000000000313e-02 -8.912437678114180528e+01
2.940000000000000252e-02 -8.952950562506779875e+01
2.950000000000000192e-02 -8.993660388873657041e+01
2.960000000000000131e-02 -9.034545351885313380e+01
2.970000000000000070e-02 -9.075581127162051587e+01
2.980000000000000010e-02 -9.116743280915784453e+01
2.990000000000000296e-02 -9.158009349867015203e+01
3.000000000000000236e-02 -9.199360568077382538e+01
3.010000000000000175e-02 -9.239524418395195937e+01
3.020000000000000115e-02 -9.275821103938555723e+01
3.030000000000000054e-02 -9.308568238055792676e+01
3.039999999999999994e-02 -9.338658587798967403e+01
3.050000000000000280e-02 -9.366826169120727741e+01
3.060000000000000220e-02 -9.393603769165272865e+01
3.070000000000000159e-02 -9.419370276388036700e+01
3.080000000000000099e-02 -9.444396123735677406e+01
3.090000000000000038e-02 -9.468876503481213547e+01
3.099999999999999978e-02 -9.492954500186527866e+01
3.110000000000000264e-02 -9.516737009417570903e+01
3.120000000000000204e-02 -9.540305726922542817e+01
3.130000000000000143e-02 -9.563725324146341222e+01
3.140000000000000430e-02 -9.587048332091033842e+01
3.150000000000000022e-02 -9.610318196257522061e+01
3.160000000000000309e-02 -9.633571164873701775e+01
3.169999999999999901e-02 -9.656837375466095352e+01
3.180000000000000188e-02 -9.680141408519079960e+01
3.190000000000000474e-02 -9.703502443250623344e+01
3.200000000000000067e-02 -9.726933770562507675e+01
3.210000000000000353e-02 -9.750430530555468067e+01
3.219999999999999946e-02 -9.773959402486657666e+01
3.230000000000000232e-02 -9.797502630849382399e+01
3.239999999999999825e-02 -9.821069609380624854e+01
3.250000000000000111e-02 -9.844671531472192783e+01
3.260000000000000397e-02 -9.868316237970833527e+01
3.269999999999999990e-02 -9.892009049773996310e+01
3.280000000000000276e-02 -9.915753894839846794e+01
3.289999999999999869e-02 -9.939554138373543424e+01
3.300000000000000155e-02 -9.963413082125117626e+01
3.310000000000000442e-02 -9.987334211271955553e+01
3.320000000000000034e-02 -1.001132127277979720e+02
3.330000000000000321e-02 -1.003537824850084235e+02
3.339999999999999913e-02 -1.005950926505970955e+02
3.350000000000000200e-02 -1.008371846755782144e+02
3.360000000000000486e-02 -1.010800987528565429e+02
3.370000000000000079e-02 -1.013238723287003609e+02
3.380000000000000365e-02 -1.015685386766511868e+02
3.389999999999999958e-02 -1.018141256228798568e+02
3.400000000000000244e-02 -1.020606544930011808e+02
3.409999999999999837e-02 -1.023081393274545690e+02
3.420000000000000123e-02 -1.025565863851123680e+02
3.430000000000000410e-02 -1.028059939228915454e+02
3.440000000000000002e-02 -1.030563522016771003e+02
3.450000000000000289e-02 -1.033076436202275090e+02
3.459999999999999881e-02 -1.035598427983998278e+02
3.470000000000000168e-02 -1.038129162472407643e+02
3.480000000000000454e-02 -1.040668206639497555e+02
3.490000000000000047e-02 -1.043214953845835566e+02
3.500000000000000333e-02 -1.045767244471592647e+02
3.509999999999999926e-02 -1.048321720731991036e+02
3.520000000000000212e-02 -1.050878131817658812e+02
3.530000000000000498e-02 -1.053437234816279187e+02
3.540000000000000091e-02 -1.055999721895964285e+02
3.550000000000000377e-02 -1.058565380544008150e+02
3.559999999999999970e-02 -1.061147089218547137e+02
3.570000000000000256e-02 -1.063748852065634054e+02
3.579999999999999849e-02 -1.066314093065418547e+02
3.590000000000000135e-02 -1.068864942773711704e+02
3.600000000000000422e-02 -1.071410692698022444e+02
3.610000000000000014e-02 -1.073955229115881878e+02
3.620000000000000301e-02 -1.076499990933746460e+02
3.629999999999999893e-02 -1.079044230926060095e+02
3.640000000000000180e-02 -1.081577619260649215e+02
3.650000000000000466e-02 -1.084084918590125426e+02
3.660000000000000059e-02 -1.086564454960294626e+02
3.670000000000000345e-02 -1.089016823759700401e+02
3.679999999999999938e-02 -1.091441808001581535e+02
3.690000000000000224e-02 -1.093837282295186384e+02
3.700000000000000511e-02 -1.096193220549508567e+02
3.710000000000000103e-02 -1.098485535429524305e+02
3.720000000000000390e-02 -1.100691227476402503e+02
3.729999999999999982e-02 -1.102795808740474257e+02
3.740000000000000269e-02 -1.104798110653301251e+02
3.749999999999999861e-02 -1.106704980664201372e+02
3.760000000000000148e-02 -1.108523613053896213e+02
3.770000000000000434e-02 -1.110259739625025475e+02
3.780000000000000027e-02 -1.111919402083681661e+02
3.790000000000000313e-02 -1.113515697809900047e+02
3.799999999999999906e-02 -1.115121913149185104e+02
3.810000000000000192e-02 -1.116613409877414540e+02
3.820000000000000479e-02 -1.117996094438449717e+02
3.830000000000000071e-02 -1.119288977287833831e+02
3.840000000000000357e-02 -1.120508891632314743e+02
3.849999999999999950e-02 -1.121681342912689274e+02
3.860000000000000236e-02 -1.122765750177969153e+02
3.870000000000000523e-02 -1.123762906406850277e+02
3.880000000000000115e-02 -1.124771773335511114e+02
3.890000000000000402e-02 -1.125814200282969750e+02
3.899999999999999994e-02 -1.126921805143158508e+02
3.910000000000000281e-02 -1.128084140965089830e+02
3.919999999999999873e-02 -1.129419014099869401e+02
3.930000000000000160e-02 -1.131110116570722823e+02
3.940000000000000446e-02 -1.133127315629510150e+02
3.950000000000000039e-02 -1.135734762451622402e+02
3.960000000000000325e-02 -1.139161534851741067e+02
3.969999999999999918e-02 -1.142772316259560625e+02
3.980000000000000204e-02 -1.145961582435981683e+02
3.990000000000000491e-02 -1.148664620747306202e+02
4.000000000000000083e-02 -1.151036473803081748e+02
4.010000000000000370e-02 -1.153222546162044040e+02
4.019999999999999962e-02 -1.155378230243217246e+02
4.030000000000000249e-02 -1.157622130481106950e+02
4.040000000000000535e-02 -1.159971107219166697e+02
4.050000000000000128e-02 -1.162549829936162382e+02
4.060000000000000414e-02 -1.165359824513274702e+02
4.070000000000000007e-02 -1.168104396281379564e+02
4.080000000000000293e-02 -1.170774125698538626e+02
4.089999999999999886e-02 -1.173549026363589007e+02
4.100000000000000172e-02 -1.176524667645770990e+02
4.110000000000000459e-02 -1.179637308398981475e+02
4.120000000000000051e-02 -1.182757780903718725e+02
4.130000000000000338e-02 -1.185765293422382314e+02
4.139999999999999930e-02 -1.188593701773963716e+02
4.150000000000000216e-02 -1.191254184449859537e+02
4.160000000000000503e-02 -1.193754799507169650e+02
4.170000000000000095e-02 -1.196103007053156091e+02
4.180000000000000382e-02 -1.198338934051209606e+02
4.189999999999999974e-02 -1.200493504881952305e+02
4.200000000000000261e-02 -1.202608524760388633e+02
4.210000000000000547e-02 -1.204719144367628445e+02
4.220000000000000140e-02 -1.206622570702628110e+02
4.230000000000000426e-02 -1.208067760618659321e+02
4.240000000000000019e-02 -1.209003098226876745e+02
4.250000000000000305e-02 -1.209525669453997239e+02
4.259999999999999898e-02 -1.209713520362586081e+02
4.270000000000000184e-02 -1.209535079775211983e+02
4.280000000000000471e-02 -1.208969406375280613e+02
4.290000000000000063e-02 -1.207860390202252461e+02
4.300000000000000350e-02 -1.205967175365194066e+02
4.309999999999999942e-02 -1.203063864940475440e+02
4.320000000000000229e-02 -1.198941937614129358e+02
4.330000000000000515e-02 -1.193379568293469362e+02
4.340000000000000108e-02 -1.186171807189636809e+02
4.350000000000000394e-02 -1.177134516192848537e+02
4.359999999999999987e-02 -1.166078820788895314e+02
4.370000000000000273e-02 -1.152944548499901174e+02
4.379999999999999866e-02 -1.137482605307224475e+02
4.390000000000000152e-02 -1.119494160000616461e+02
4.400000000000000439e-02 -1.099072265188560209e+02
4.410000000000000031e-02 -1.076505541774671144e+02
4.420000000000000318e-02 -1.051780242322107028e+02
4.429999999999999910e-02 -1.025100711258616570e+02
4.440000000000000197e-02 -9.962327097036573775e+01
4.450000000000000483e-02 -9.661902885405892505e+01
4.460000000000000075e-02 -9.368048743410300006e+01
4.470000000000000362e-02 -9.108228841589313163e+01
4.479999999999999954e-02 -8.887707504906826728e+01
4.490000000000000241e-02 -8.715623252786735975e+01
4.500000000000000527e-02 -8.587835841631898859e+01
4.510000000000000120e-02 -8.493547068891921015e+01
4.520000000000000406e-02 -8.433452513064196410e+01
4.529999999999999999e-02 -8.412598043640345225e+01
4.540000000000000285e-02 -8.429698919784931377e+01
4.549999999999999878e-02 -8.466668565734188689e+01
4.560000000000000164e-02 -8.509019197939277035e+01
4.570000000000000451e-02 -8.551374405416260061e+01
4.580000000000000043e-02 -8.591870595143008416e+01
4.590000000000000330e-02 -8.626087780104106173e+01
4.599999999999999922e-02 -8.662275551095933679e+01
4.610000000000000209e-02 -8.702159682850771105e+01
4.620000000000000495e-02 -8.748418187462307571e+01
4.630000000000000088e-02 -8.801090422429686555e+01
4.640000000000000374e-02 -8.855183298017226434e+01
4.649999999999999967e-02 -8.907237058986186184e+01
4.660000000000000253e-02 -8.955380556297613737e+01
4.670000000000000540e-02 -8.999096843444995386e+01
4.680000000000000132e-02 -9.039201609788827341e+01
4.690000000000000419e-02 -9.077198722824002175e+01
4.700000000000000011e-02 -9.114157711948105600e+01
4.710000000000000298e-02 -9.150844850703288103e+01
4.719999999999999890e-02 -9.188096008062302644e+01
4.730000000000000177e-02 -9.226074055629101167e+01
4.740000000000000463e-02 -9.265189942606170348e+01
4.750000000000000056e-02 -9.305143984148412528e+01
4.760000000000000342e-02 -9.347190281699703007e+01
4.769999999999999934e-02 -9.390154575773227918e+01
4.780000000000000221e-02 -9.433670577457969841e+01
4.790000000000000507e-02 -9.477745347910332896e+01
4.800000000000000100e-02 -9.520827485545378011e+01
4.810000000000000386e-02 -9.563952465942770687e+01
4.819999999999999979e-02 -9.605735113532014680e+01
4.830000000000000265e-02 -9.646759072451231987e+01
4.840000000000000552e-02 -9.687508887482835007e+01
4.850000000000000144e-02 -9.726979674952960409e+01
4.860000000000000431e-02 -9.766668360309640207e+01
4.870000000000000023e-02 -9.805777322428653520e+01
4.880000000000000310e-02 -9.843740115822711800e+01
4.889999999999999902e-02 -9.881835565091920159e+01
4.900000000000000189e-02 -9.920571646295510959e+01
4.910000000000000475e-02 -9.958524904523559940e+01
4.920000000000000068e-02 -9.996425668624370076e+01
4.930000000000000354e-02 -1.003442147066684669e+02
4.939999999999999947e-02 -1.007272963188593025e+02
4.950000000000000233e-02 -1.011140159628140367e+02
4.960000000000000520e-02 -1.015041735593837018e+02
4.970000000000000112e-02 -1.018985180678019020e+02
4.980000000000000399e-02 -1.022971758132242428e+02
4.989999999999999991e-02 -1.026990514160330861e+02
5.000000000000000278e-02 -1.031054594553991564e+02
5.010000000000000564e-02 -1.052735621876980190e+02
5.020000000000000157e-02 -1.084576948027027044e+02
5.030000000000000443e-02 -1.118804521383615480e+02
5.040000000000000036e-02 -1.156660689607365811e+02
5.050000000000000322e-02 -1.201478487229560983e+02
5.059999999999999915e-02 -1.254481584707262130e+02
5.070000000000000201e-02 -1.315343404495124275e+02
5.080000000000000487e-02 -1.383262717788930445e+02
5.090000000000000080e-02 -1.454155295544263993e+02
5.100000000000000366e-02 -1.530555051198900856e+02
5.109999999999999959e-02 -1.607324453516763469e+02
5.120000000000000245e-02 -1.662039075502977994e+02
5.130000000000000532e-02 -1.690175574146585689e+02
5.140000000000000124e-02 -1.705586243230120829e+02
5.150000000000000411e-02 -1.712895896257169568e+02
5.160000000000000003e-02 -1.714542765488783687e+02
5.170000000000000290e-02 -1.713836951115724219e+02
5.180000000000000576e-02 -1.710175582557344853e+02
5.190000000000000169e-02 -1.705584585755580349e+02
5.200000000000000455e-02 -1.698826049052682094e+02
5.210000000000000048e-02 -1.697457851044644883e+02
5.220000000000000334e-02 -1.711068158745327423e+02
5.229999999999999927e-02 -1.728139655013974902e+02
5.240000000000000213e-02 -1.737506012813963423e+02
5.250000000000000500e-02 -1.740177249595991782e+02
5.260000000000000092e-02 -1.738936067318728362e+02
5.270000000000000379e-02 -1.735441457397305101e+02
5.279999999999999971e-02 -1.730364949492298194e+02
5.290000000000000258e-02 -1.724167395071808073e+02
5.300000000000000544e-02 -1.717086725671512966e+02
5.310000000000000137e-02 -1.709279277892940740e+02
5.320000000000000423e-02 -1.700792943068877889e+02
5.330000000000000016e-02 -1.691504041592401393e+02
5.340000000000000302e-02 -1.681157360217382575e+02
5.350000000000000588e-02 -1.669472167837786003e+02
5.360000000000000181e-02 -1.656187043262841598e+02
5.370000000000000467e-02 -1.641108969760477407e+02
5.380000000000000060e-02 -1.624199987223005337e+02
5.390000000000000346e-02 -1.605405392047300666e+02
5.399999999999999939e-02 -1.585015124554719534e+02
5.410000000000000225e-02 -1.562975397685217445e+02
5.420000000000000512e-02 -1.539455383563099247e+02
5.430000000000000104e-02 -1.514294539700575513e+02
5.440000000000000391e-02 -1.488180026121411856e+02
5.449999999999999983e-02 -1.462613291690178698e+02
5.460000000000000270e-02 -1.440758477289652717e+02
5.470000000000000556e-02 -1.422278553095590041e+02
5.480000000000000149e-02 -1.407699543665271165e+02
5.490000000000000435e-02 -1.397097923880147334e+02
5.500000000000000028e-02 -1.389422379026431145e+02
5.510000000000000314e-02 -1.384132165721858030e+02
5.520000000000000601e-02 -1.381223055367147197e+02
5.530000000000000193e-02 -1.381086150481785353e+02
5.540000000000000480e-02 -1.383807131807018322e+02
5.550000000000000072e-02 -1.388182248980843667e+02
5.560000000000000359e-02 -1.393202590185765928e+02
5.569999999999999951e-02 -1.398377552212061801e+02
5.580000000000000238e-02 -1.403505110553109887e+02
5.590000000000000524e-02 -1.408544534915190525e+02
5.600000000000000117e-02 -1.413510304825124138e+02
5.610000000000000403e-02 -1.419133980341459278e+02
5.619999999999999996e-02 -1.425304239971282527e+02
5.630000000000000282e-02 -1.431538733015852358e+02
5.640000000000000568e-02 -1.437565992570970366e+02
5.650000000000000161e-02 -1.443280861829512105e+02
5.660000000000000447e-02 -1.448649722154056860e+02
5.670000000000000040e-02 -1.453747947028375052e+02
5.680000000000000326e-02 -1.458679242061911907e+02
5.690000000000000613e-02 -1.463543458950553031e+02
5.700000000000000205e-02 -1.468383587543522992e+02
5.710000000000000492e-02 -1.473234996604660978e+02
5.720000000000000084e-02 -1.478130305487954104e+02
5.730000000000000371e-02 -1.483141331582962437e+02
5.739999999999999963e-02 -1.488325051905710268e+02
5.750000000000000250e-02 -1.493636664368171978e+02
5.760000000000000536e-02 -1.499008460904595665e+02
5.770000000000000129e-02 -1.504385838181604242e+02
5.780000000000000415e-02 -1.509730424262649251e+02
5.790000000000000008e-02 -1.515019899783985977e+02
5.800000000000000294e-02 -1.520244944825740276e+02
5.810000000000000581e-02 -1.525423495554045417e+02
5.820000000000000173e-02 -1.530533021302701115e+02
5.830000000000000460e-02 -1.535569808481653808e+02
5.840000000000000052e-02 -1.540561880227074028e+02
5.850000000000000339e-02 -1.545615479939376939e+02
5.860000000000000625e-02 -1.550514856140510176e+02
5.870000000000000218e-02 -1.555364159782505737e+02
5.880000000000000504e-02 -1.560207999609488070e+02
5.890000000000000097e-02 -1.565062052110934019e+02
5.900000000000000383e-02 -1.569934325288703292e+02
5.909999999999999976e-02 -1.574830472686618634e+02
5.920000000000000262e-02 -1.579774748051487450e+02
5.930000000000000548e-02 -1.584753181805078555e+02
5.940000000000000141e-02 -1.589737787160289031e+02
5.950000000000000427e-02 -1.594753760009254506e+02
5.960000000000000020e-02 -1.599806561714740667e+02
5.970000000000000306e-02 -1.604896191284931035e+02
5.980000000000000593e-02 -1.610021237244636723e+02
5.990000000000000185e-02 -1.615182178335634262e+02
6.000000000000000472e-02 -1.620411844324303274e+02
6.010000000000000064e-02 -1.625767998430718251e+02
6.020000000000000351e-02 -1.631557896839321984e+02
6.029999999999999943e-02 -1.637825017179919485e+02
6.040000000000000230e-02 -1.644473510056143937e+02
6.050000000000000516e-02 -1.651404379961794859e+02
6.060000000000000109e-02 -1.658550827044786331e+02
6.070000000000000395e-02 -1.665865552567522911e+02
6.079999999999999988e-02 -1.673313784468234360e+02
6.090000000000000274e-02 -1.680869220278643184e+02
6.100000000000000561e-02 -1.688511469340416227e+02
6.110000000000000153e-02 -1.696224382453532371e+02
6.120000000000000440e-02 -1.703994945373149790e+02
6.130000000000000032e-02 -1.711812539757220293e+02
6.140000000000000319e-02 -1.719668442827246793e+02
6.150000000000000605e-02 -1.727553022639055484e+02
6.160000000000000198e-02 -1.735461548645630501e+02
6.170000000000000484e-02 -1.743412824837089090e+02
6.180000000000000077e-02 -1.751416656857735177e+02
6.190000000000000363e-02 -1.759387431685962042e+02
6.199999999999999956e-02 -1.767356504261123860e+02
6.210000000000000242e-02 -1.775334272597866629e+02
6.220000000000000528e-02 -1.783321558855328419e+02
6.230000000000000121e-02 -1.791317419202313204e+02
6.240000000000000407e-02 -1.799321008306320664e+02
6.250000000000000000e-02 -1.807331950648238603e+02
6.260000000000000286e-02 -1.815350443135255034e+02
6.270000000000000573e-02 -1.823377001336720298e+02
6.280000000000000859e-02 -1.831412261465506788e+02
6.289999999999999758e-02 -1.839456998235932019e+02
6.300000000000000044e-02 -1.847512104962617343e+02
6.310000000000000331e-02 -1.855578558368490292e+02
6.320000000000000617e-02 -1.863657394064888138e+02
6.330000000000000904e-02 -1.871750252202658373e+02
6.339999999999999802e-02 -1.879859075742162133e+02
6.350000000000000089e-02 -1.887984882530138009e+02
6.360000000000000375e-02 -1.896128481032273498e+02
6.370000000000000662e-02 -1.904290758437706472e+02
6.380000000000000948e-02 -1.912470102452282106e+02
6.389999999999999847e-02 -1.920664522077720733e+02
6.400000000000000133e-02 -1.928890496797592391e+02
6.410000000000000420e-02 -1.937144952544855130e+02
6.420000000000000706e-02 -1.945427706175496496e+02
6.430000000000000993e-02 -1.953755301143542908e+02
6.439999999999999891e-02 -1.962161379323026722e+02
6.450000000000000178e-02 -1.970656911952856944e+02
6.460000000000000464e-02 -1.979243734622562840e+02
6.470000000000000751e-02 -1.987921874415426657e+02
6.479999999999999649e-02 -1.996675647639960971e+02
6.489999999999999936e-02 -2.005502741457591753e+02
6.500000000000000222e-02 -2.014404984568336374e+02
6.510000000000000508e-02 -2.023397058454224577e+02
6.520000000000000795e-02 -2.032510172728408122e+02
6.529999999999999694e-02 -2.041752626544457598e+02
6.539999999999999980e-02 -2.051111979979281443e+02
6.550000000000000266e-02 -2.060589305005277652e+02
6.560000000000000553e-02 -2.070207651730769669e+02
6.570000000000000839e-02 -2.080023694280100415e+02
6.579999999999999738e-02 -2.090060613288015361e+02
6.590000000000000024e-02 -2.100359663242001886e+02
6.600000000000000311e-02 -2.110934671861787137e+02
6.610000000000000597e-02 -2.121788041453188782e+02
6.620000000000000884e-02 -2.132920690704745823e+02
6.629999999999999782e-02 -2.144323475011941014e+02
6.640000000000000069e-02 -2.156005322814183387e+02
6.650000000000000355e-02 -2.167986871155850110e+02
6.660000000000000642e-02 -2.180285724803946152e+02
6.670000000000000928e-02 -2.192903840619564164e+02
6.679999999999999827e-02 -2.205841281789427057e+02
6.690000000000000113e-02 -2.219122207428392812e+02
6.700000000000000400e-02 -2.232836686816432632e+02
6.710000000000000686e-02 -2.247148961207814182e+02
6.720000000000000973e-02 -2.262141685598998890e+02
6.729999999999999871e-02 -2.277806369142693086e+02
6.740000000000000158e-02 -2.294117804237887697e+02
6.750000000000000444e-02 -2.311085906831850139e+02
6.760000000000000731e-02 -2.328933744206824485e+02
6.770000000000001017e-02 -2.347732878435921862e+02
6.779999999999999916e-02 -2.367424803934080444e+02
6.790000000000000202e-02 -2.389438987280792617e+02
6.800000000000000488e-02 -2.414635334365497101e+02
6.810000000000000775e-02 -2.442534503736167437e+02
6.819999999999999674e-02 -2.472295546355139209e+02
6.829999999999999960e-02 -2.503885297930564775e+02
6.840000000000000246e-02 -2.537511896213706564e+02
6.850000000000000533e-02 -2.573452016090420216e+02
6.860000000000000819e-02 -2.611450762124352423e+02
6.869999999999999718e-02 -2.651750135217320121e+02
6.880000000000000004e-02 -2.694716904470751615e+02
6.890000000000000291e-02 -2.741328151955563612e+02
6.900000000000000577e-02 -2.788749686049938532e+02
6.910000000000000864e-02 -2.822794764757985604e+02
6.919999999999999762e-02 -2.835848724513572847e+02
6.930000000000000049e-02 -2.842206036579571560e+02
6.940000000000000335e-02 -2.847799821911917206e+02
6.950000000000000622e-02 -2.852931889693131211e+02
6.960000000000000908e-02 -2.857406415954252452e+02
6.969999999999999807e-02 -2.862171945688763230e+02
6.980000000000000093e-02 -2.867846552828779068e+02
6.990000000000000380e-02 -2.874621853982230846e+02
7.000000000000000666e-02 -2.882377450120399089e+02
7.010000000000000953e-02 -2.890838801898499355e+02
7.019999999999999851e-02 -2.899682592475392084e+02
7.030000000000000138e-02 -2.908620424859406626e+02
7.040000000000000424e-02 -2.917568693200371968e+02
7.050000000000000711e-02 -2.926373288276992639e+02
7.060000000000000997e-02 -2.934891503895818801e+02
7.069999999999999896e-02 -2.943226101612900152e+02
7.080000000000000182e-02 -2.951657387341998628e+02
7.090000000000000469e-02 -2.960384960212126657e+02
7.100000000000000755e-02 -2.969375612778227946e+02
7.109999999999999654e-02 -2.978451184709079484e+02
7.119999999999999940e-02 -2.987493213711160251e+02
7.130000000000000226e-02 -2.996521975893923582e+02
7.140000000000000513e-02 -3.005545622552876353e+02
7.150000000000000799e-02 -3.014573352572562044e+02
7.159999999999999698e-02 -3.023624570859898881e+02
7.169999999999999984e-02 -3.032735055358907061e+02
7.180000000000000271e-02 -3.041903532965186514e+02
7.190000000000000557e-02 -3.051111343981410187e+02
7.200000000000000844e-02 -3.060339703306021306e+02
7.209999999999999742e-02 -3.069575631944146039e+02
7.220000000000000029e-02 -3.078812256746440426e+02
7.230000000000000315e-02 -3.088047173822379250e+02
7.240000000000000602e-02 -3.097280673812991267e+02
7.250000000000000888e-02 -3.106514424814462814e+02
7.259999999999999787e-02 -3.115750647866478289e+02
7.270000000000000073e-02 -3.124991648181655250e+02
7.280000000000000360e-02 -3.134239564330696908e+02
7.290000000000000646e-02 -3.143496242121364048e+02
7.300000000000000933e-02 -3.152763180916567762e+02
7.309999999999999831e-02 -3.162041525304626930e+02
7.320000000000000118e-02 -3.171332087150598795e+02
7.330000000000000404e-02 -3.180635388327537498e+02
7.340000000000000691e-02 -3.189951716815806435e+02
7.350000000000000977e-02 -3.199281190597710065e+02
7.359999999999999876e-02 -3.208623830600934639e+02
7.370000000000000162e-02 -3.217979108717183294e+02
7.380000000000000449e-02 -3.227332637900743748e+02
7.390000000000000735e-02 -3.236660853215444718e+02
7.400000000000001021e-02 -3.245960209555706797e+02
7.409999999999999920e-02 -3.255242634198046403e+02
7.420000000000000207e-02 -3.264516138478886660e+02
7.430000000000000493e-02 -3.273790704766959152e+02
7.440000000000000779e-02 -3.283076672004283978e+02
7.449999999999999678e-02 -3.292382234734755571e+02
7.459999999999999964e-02 -3.301713295805363373e+02
7.470000000000000251e-02 -3.311072905856657371e+02
7.480000000000000537e-02 -3.320455406847781887e+02
7.490000000000000824e-02 -3.329869034526024620e+02
7.499999999999999722e-02 -3.339319212677199289e+02
7.510000000000000009e-02 -3.348786159974496286e+02
7.520000000000000295e-02 -3.358246154293747736e+02
7.530000000000000582e-02 -3.367694671303991640e+02
7.540000000000000868e-02 -3.377135822516726762e+02
7.549999999999999767e-02 -3.386568713028756292e+02
7.560000000000000053e-02 -3.395996716736560188e+02
7.570000000000000340e-02 -3.405424058200772492e+02
7.580000000000000626e-02 -3.414853735943243578e+02
7.590000000000000913e-02 -3.424287543862625967e+02
7.599999999999999811e-02 -3.433726688925028725e+02
7.610000000000000098e-02 -3.443171775913993429e+02
7.620000000000000384e-02 -3.452622871290235480e+02
7.630000000000000671e-02 -3.462079885899989904e+02
7.640000000000000957e-02 -3.471542704276937457e+02
7.649999999999999856e-02 -3.481011214151467357e+02
7.660000000000000142e-02 -3.490487500882490508e+02
7.670000000000000429e-02 -3.499969662860688118e+02
7.680000000000000715e-02 -3.509445172544604929e+02
7.690000000000001001e-02 -3.518858645144467800e+02
7.699999999999999900e-02 -3.528180682309449026e+02
7.710000000000000187e-02 -3.537423431661858331e+02
7.720000000000000473e-02 -3.546611304565043383e+02
7.730000000000000759e-02 -3.555761311662779462e+02
7.740000000000001046e-02 -3.564883861617167895e+02
7.749999999999999944e-02 -3.573986706814521881e+02
7.760000000000000231e-02 -3.583079401117134353e+02
7.770000000000000517e-02 -3.592168706567073855e+02
7.780000000000000804e-02 -3.601259749366115557e+02
7.789999999999999702e-02 -3.610356696719060778e+02
7.799999999999999989e-02 -3.619462933926798769e+02
7.810000000000000275e-02 -3.628581127392082522e+02
7.820000000000000562e-02 -3.637723709921135651e+02
7.830000000000000848e-02 -3.646882733070996210e+02
7.839999999999999747e-02 -3.656043149934710073e+02
7.850000000000000033e-02 -3.665219046912841350e+02
7.860000000000000320e-02 -3.674413063506361254e+02
7.870000000000000606e-02 -3.683625128162866531e+02
7.880000000000000893e-02 -3.692855076899080018e+02
7.889999999999999791e-02 -3.702101702459344779e+02
7.900000000000000078e-02 -3.711363331446033840e+02
7.910000000000000364e-02 -3.720639593860995546e+02
7.920000000000000651e-02 -3.729930203269559570e+02
7.930000000000000937e-02 -3.739234256131254597e+02
7.939999999999999836e-02 -3.748550456579474144e+02
7.950000000000000122e-02 -3.757877480468948761e+02
7.960000000000000409e-02 -3.767214163295232083e+02
7.970000000000000695e-02 -3.776559539542384414e+02
7.980000000000000981e-02 -3.785912837616892830e+02
7.989999999999999880e-02 -3.795273478515728698e+02
8.000000000000000167e-02 -3.804641077051841762e+02
8.010000000000000453e-02 -3.813887380555236177e+02
8.020000000000000739e-02 -3.822735084501636607e+02
8.030000000000001026e-02 -3.831214024420610826e+02
8.039999999999999925e-02 -3.839417260315480576e+02
8.050000000000000211e-02 -3.847421882747925110e+02
8.060000000000000497e-02 -3.855283892393127303e+02
8.070000000000000784e-02 -3.863043201140598057e+02
8.080000000000001070e-02 -3.870728448937600774e+02
8.089999999999999969e-02 -3.878360482267713110e+02
8.100000000000000255e-02 -3.885954698451523655e+02
8.110000000000000542e-02 -3.893522284693483471e+02
8.120000000000000828e-02 -3.901072162392547398e+02
8.129999999999999727e-02 -3.908611839842065478e+02
8.140000000000000013e-02 -3.916147282564946295e+02
8.150000000000000300e-02 -3.923683117388397363e+02
8.160000000000000586e-02 -3.931222926213388860e+02
8.170000000000000873e-02 -3.938769469271205139e+02
8.179999999999999771e-02 -3.946324753819538387e+02
8.190000000000000058e-02 -3.953889922353678230e+02
8.200000000000000344e-02 -3.961466272006250051e+02
8.210000000000000631e-02 -3.969083894714721055e+02
8.220000000000000917e-02 -3.976689044490665310e+02
8.229999999999999816e-02 -3.984292290829909007e+02
8.240000000000000102e-02 -3.991922974879272488e+02
8.250000000000000389e-02 -3.999567574776157244e+02
8.260000000000000675e-02 -4.007214661694989672e+02
8.270000000000000961e-02 -4.014872804008694516e+02
8.279999999999999860e-02 -4.022538495659478599e+02
8.290000000000000147e-02 -4.030206030385693907e+02
8.300000000000000433e-02 -4.037874088920528379e+02
8.310000000000000719e-02 -4.045543643036849062e+02
8.320000000000001006e-02 -4.053215867099468142e+02
8.329999999999999905e-02 -4.060891576187704572e+02
8.340000000000000191e-02 -4.068571180660571827e+02
8.350000000000000477e-02 -4.076254767160419874e+02
8.360000000000000764e-02 -4.083942177031575511e+02
8.370000000000001050e-02 -4.091633029394565142e+02
8.379999999999999949e-02 -4.099326637761738539e+02
8.390000000000000235e-02 -4.107021641799892109e+02
8.400000000000000522e-02 -4.114711342306639494e+02
8.410000000000000808e-02 -4.122372519873285910e+02
8.420000000000001095e-02 -4.129992675401483666e+02
8.429999999999999993e-02 -4.137576728268435886e+02
8.440000000000000280e-02 -4.145132217421534619e+02
8.450000000000000566e-02 -4.152669273810928416e+02
8.460000000000000853e-02 -4.160186292811775388e+02
8.469999999999999751e-02 -4.167686027498790509e+02
8.480000000000000038e-02 -4.175172867806758177e+02
8.490000000000000324e-02 -4.182649266778853416e+02
8.500000000000000611e-02 -4.190116950588448503e+02
8.510000000000000897e-02 -4.197577330332479733e+02
8.519999999999999796e-02 -4.205031650844640581e+02
8.530000000000000082e-02 -4.212481057349677940e+02
8.540000000000000369e-02 -4.219926631824513947e+02
8.550000000000000655e-02 -4.227369415364665315e+02
8.560000000000000941e-02 -4.234810422048274177e+02
8.569999999999999840e-02 -4.242250646319780572e+02
8.580000000000000127e-02 -4.249691064774705183e+02
8.590000000000000413e-02 -4.257132812279401719e+02
8.600000000000000699e-02 -4.264593972696881110e+02
8.610000000000000986e-02 -4.272045532351609722e+02
8.619999999999999885e-02 -4.279487123115339386e+02
8.630000000000000171e-02 -4.286930105719351332e+02
8.640000000000000457e-02 -4.294377051325535035e+02
8.650000000000000744e-02 -4.301828364793789206e+02
8.660000000000001030e-02 -4.309289157997893653e+02
8.669999999999999929e-02 -4.316773900423420969e+02
8.680000000000000215e-02 -4.324266195839966258e+02
8.690000000000000502e-02 -4.331780691091890958e+02
8.700000000000000788e-02 -4.339330507201668752e+02
8.710000000000001075e-02 -4.346913960567881645e+02
8.719999999999999973e-02 -4.354537035899996908e+02
8.730000000000000260e-02 -4.362203908376058052e+02
8.740000000000000546e-02 -4.369914409523491372e+02
8.750000000000000833e-02 -4.377703450576549358e+02
8.759999999999999731e-02 -4.385567416925814541e+02
8.770000000000000018e-02 -4.393363994391575602e+02
8.780000000000000304e-02 -4.401132290777736102e+02
8.790000000000000591e-02 -4.408885479573044677e+02
8.800000000000000877e-02 -4.416626247133086736e+02
8.809999999999999776e-02 -4.424353097200686307e+02
8.820000000000000062e-02 -4.432063358547812300e+02
8.830000000000000349e-02 -4.439758733523020169e+02
8.840000000000000635e-02 -4.447451315452730682e+02
8.850000000000000921e-02 -4.455123822975690473e+02
8.859999999999999820e-02 -4.462774881767490456e+02
8.870000000000000107e-02 -4.470415169562529627e+02
8.880000000000000393e-02 -4.478094526727415428e+02
8.890000000000000679e-02 -4.485813651925119530e+02
8.900000000000000966e-02 -4.493714294564176157e+02
8.909999999999999865e-02 -4.501768257067043919e+02
8.920000000000000151e-02 -4.509807976740560207e+02
8.930000000000000437e-02 -4.517847340215071767e+02
8.940000000000000724e-02 -4.525908514433739924e+02
8.950000000000001010e-02 -4.533938726714094969e+02
8.959999999999999909e-02 -4.541958948182304425e+02
8.970000000000000195e-02 -4.550051030603580671e+02
8.980000000000000482e-02 -4.558232577029327786e+02
8.990000000000000768e-02 -4.566580880757672389e+02
9.000000000000001055e-02 -4.575035746679154727e+02
9.009999999999999953e-02 -4.583356487310138618e+02
9.020000000000000240e-02 -4.591429703941695379e+02
9.030000000000000526e-02 -4.599325957499539754e+02
9.040000000000000813e-02 -4.607191553444482111e+02
9.050000000000001099e-02 -4.615121358244516614e+02
9.059999999999999998e-02 -4.623159490895699832e+02
9.070000000000000284e-02 -4.631200729502081685e+02
9.080000000000000571e-02 -4.639162733080875114e+02
9.090000000000000857e-02 -4.647140629878866775e+02
9.099999999999999756e-02 -4.655129853284591377e+02
9.110000000000000042e-02 -4.663076738024247447e+02
9.120000000000000329e-02 -4.670979250691901257e+02
9.130000000000000615e-02 -4.678859945590557459e+02
9.140000000000000902e-02 -4.686735577841925533e+02
9.149999999999999800e-02 -4.694606604560008805e+02
9.160000000000000087e-02 -4.702476027667679546e+02
9.170000000000000373e-02 -4.710350592139435548e+02
9.180000000000000659e-02 -4.718236531923615757e+02
9.190000000000000946e-02 -4.726136158536818357e+02
9.199999999999999845e-02 -4.734046928852720839e+02
9.210000000000000131e-02 -4.741962395687955336e+02
9.220000000000000417e-02 -4.749873818781318278e+02
9.230000000000000704e-02 -4.757771330253880251e+02
9.240000000000000990e-02 -4.765644012934025682e+02
9.249999999999999889e-02 -4.773474728764046517e+02
9.260000000000000175e-02 -4.781205694408566274e+02
9.270000000000000462e-02 -4.788777753892423448e+02
9.280000000000000748e-02 -4.796125190104703506e+02
9.290000000000001035e-02 -4.803109395027212258e+02
9.299999999999999933e-02 -4.809544194721850090e+02
9.310000000000000220e-02 -4.815286938089743103e+02
9.320000000000000506e-02 -4.820216071941933933e+02
9.330000000000000793e-02 -4.824201582061619433e+02
9.340000000000001079e-02 -4.827100452633964096e+02
9.349999999999999978e-02 -4.828750281995274349e+02
9.360000000000000264e-02 -4.828965296506723917e+02
9.370000000000000551e-02 -4.827559706535038231e+02
9.380000000000000837e-02 -4.824378526342482587e+02
9.390000000000001124e-02 -4.819489292375130276e+02
9.400000000000000022e-02 -4.812975056197115009e+02
9.410000000000000309e-02 -4.804806753098411036e+02
9.420000000000000595e-02 -4.794816829468863375e+02
9.430000000000000882e-02 -4.782873432291501672e+02
9.439999999999999780e-02 -4.769217207037095250e+02
9.450000000000000067e-02 -4.754185905528473768e+02
9.460000000000000353e-02 -4.737639303963403563e+02
9.470000000000000639e-02 -4.720649789772618306e+02
9.480000000000000926e-02 -4.704413992148192278e+02
9.489999999999999825e-02 -4.690381819922974387e+02
9.500000000000000111e-02 -4.678451337544382227e+02
9.510000000000000397e-02 -4.668725460954783557e+02
9.520000000000000684e-02 -4.661645892617694358e+02
9.530000000000000970e-02 -4.657502346713219481e+02
9.539999999999999869e-02 -4.655943081139251944e+02
9.550000000000000155e-02 -4.656324177112701364e+02
9.560000000000000442e-02 -4.658161847740094004e+02
9.570000000000000728e-02 -4.661428872496342137e+02
9.580000000000001015e-02 -4.666359663418658101e+02
9.589999999999999913e-02 -4.672818403731779426e+02
9.600000000000000200e-02 -4.680440192606772598e+02
9.610000000000000486e-02 -4.688775287404562846e+02
9.620000000000000773e-02 -4.697482453291940487e+02
9.630000000000001059e-02 -4.706417104645573204e+02
9.639999999999999958e-02 -4.715434156175534213e+02
9.650000000000000244e-02 -4.724925523833345551e+02
9.660000000000000531e-02 -4.734683563024113369e+02
9.670000000000000817e-02 -4.744561961253754703e+02
9.680000000000001104e-02 -4.754798065313767097e+02
9.690000000000000002e-02 -4.764817942214878030e+02
9.700000000000000289e-02 -4.774727429288195708e+02
9.710000000000000575e-02 -4.784512795833292103e+02
9.720000000000000862e-02 -4.794126996289969611e+02
9.730000000000001148e-02 -4.803617174726113035e+02
9.740000000000000047e-02 -4.813023093439146010e+02
9.750000000000000333e-02 -4.822372734356990236e+02
9.760000000000000620e-02 -4.831683353531846024e+02
9.770000000000000906e-02 -4.840963462031860445e+02
9.779999999999999805e-02 -4.850214032861347846e+02
9.790000000000000091e-02 -4.859432849593366086e+02
9.800000000000000377e-02 -4.868620707473002085e+02
9.810000000000000664e-02 -4.877779607813307052e+02
9.820000000000000950e-02 -4.886915852188273561e+02
9.829999999999999849e-02 -4.896049926831927337e+02
9.840000000000000135e-02 -4.905211717115595320e+02
9.850000000000000422e-02 -4.914409011412798236e+02
9.860000000000000708e-02 -4.923633386035186845e+02
9.870000000000000995e-02 -4.932877344734787357e+02
9.879999999999999893e-02 -4.942136840126217407e+02
9.890000000000000180e-02 -4.951410037694228663e+02
9.900000000000000466e-02 -4.960696337076813052e+02
9.910000000000000753e-02 -4.969995958011201083e+02
9.920000000000001039e-02 -4.979309716820474705e+02
9.929999999999999938e-02 -4.988638826485282607e+02
9.940000000000000224e-02 -4.997984576993016503e+02
9.950000000000000511e-02 -5.007345721658631419e+02
9.960000000000000797e-02 -5.016733467154405730e+02
9.970000000000001084e-02 -5.026144490653835533e+02
9.979999999999999982e-02 -5.035576496586978692e+02
9.990000000000000269e-02 -5.045080407878458573e+02
1.000000000000000056e-01 -5.054572940675037671e+02
1.001000000000000084e-01 -5.082255027224632045e+02
1.002000000000000113e-01 -5.121426714190955636e+02
1.003000000000000003e-01 -5.163193279244504765e+02
1.004000000000000031e-01 -5.208294922918647671e+02
1.005000000000000060e-01 -5.260509445925853242e+02
1.006000000000000089e-01 -5.321511830339749167e+02
1.007000000000000117e-01 -5.389173116824368890e+02
1.008000000000000007e-01 -5.460763819614343220e+02
1.009000000000000036e-01 -5.535688732709096485e+02
1.010000000000000064e-01 -5.595817373749274566e+02
1.011000000000000093e-01 -5.633774042371998121e+02
1.011999999999999983e-01 -5.661578346047716650e+02
1.013000000000000012e-01 -5.683902630381138579e+02
1.014000000000000040e-01 -5.702396238800671426e+02
1.015000000000000069e-01 -5.718056353837048391e+02
1.016000000000000097e-01 -5.730107228407750881e+02
1.016999999999999987e-01 -5.738347882415616823e+02
1.018000000000000016e-01 -5.744968653404239376e+02
1.019000000000000045e-01 -5.752857953146290129e+02
1.020000000000000073e-01 -5.771645007218343153e+02
1.021000000000000102e-01 -5.791710968175549397e+02
1.021999999999999992e-01 -5.805038459699899249e+02
1.023000000000000020e-01 -5.812952030036507267e+02
1.024000000000000049e-01 -5.817612904502832407e+02
1.025000000000000078e-01 -5.820449192923213104e+02
1.026000000000000106e-01 -5.822319620407394041e+02
1.026999999999999996e-01 -5.823749919457770829e+02
1.028000000000000025e-01 -5.824922794367060987e+02
1.029000000000000054e-01 -5.825814288021493894e+02
1.030000000000000082e-01 -5.826487058026859813e+02
1.031000000000000111e-01 -5.827011847621491825e+02
1.032000000000000001e-01 -5.827342540612131643e+02
1.033000000000000029e-01 -5.827356173286564172e+02
1.034000000000000058e-01 -5.827003921602586161e+02
1.035000000000000087e-01 -5.826120590400853416e+02
1.036000000000000115e-01 -5.824471990011927574e+02
1.037000000000000005e-01 -5.821893714250487619e+02
1.038000000000000034e-01 -5.818192375582636942e+02
1.039000000000000062e-01 -5.813294692205371348e+02
1.040000000000000091e-01 -5.807273558818735637e+02
1.040999999999999981e-01 -5.800026218604941732e+02
1.042000000000000010e-01 -5.791560960677584262e+02
1.043000000000000038e-01 -5.781905003543754447e+02
1.044000000000000067e-01 -5.771761122371179908e+02
1.045000000000000095e-01 -5.761585974219320860e+02
1.045999999999999985e-01 -5.751845853282901544e+02
1.047000000000000014e-01 -5.743484490044417043e+02
1.048000000000000043e-01 -5.736692313898457769e+02
1.049000000000000071e-01 -5.731563481873459978e+02
1.050000000000000100e-01 -5.727885797520048072e+02
1.050999999999999990e-01 -5.726056667631432902e+02
1.052000000000000018e-01 -5.726329489016458183e+02
1.053000000000000047e-01 -5.728366587490016855e+02
1.054000000000000076e-01 -5.731663968188208855e+02
1.055000000000000104e-01 -5.736052990318759157e+02
1.055999999999999994e-01 -5.741207217410792509e+02
1.057000000000000023e-01 -5.747068062650516822e+02
1.058000000000000052e-01 -5.753775668180865068e+02
1.059000000000000080e-01 -5.761408791329758969e+02
1.060000000000000109e-01 -5.769912112738415999e+02
1.060999999999999999e-01 -5.779108042808467189e+02
1.062000000000000027e-01 -5.788752693918938803e+02
1.063000000000000056e-01 -5.798659515982893708e+02
1.064000000000000085e-01 -5.808418278472626071e+02
1.065000000000000113e-01 -5.818750158465493314e+02
1.066000000000000003e-01 -5.829426172666093180e+02
1.067000000000000032e-01 -5.840199667585901580e+02
1.068000000000000060e-01 -5.850937392915895998e+02
1.069000000000000089e-01 -5.861572347427667182e+02
1.070000000000000118e-01 -5.872091285296019123e+02
1.071000000000000008e-01 -5.882507269969679555e+02
1.072000000000000036e-01 -5.892836138636671421e+02
1.073000000000000065e-01 -5.903089833335153571e+02
1.074000000000000093e-01 -5.913185463653866236e+02
1.074999999999999983e-01 -5.923325479701110226e+02
1.076000000000000012e-01 -5.933509684147670669e+02
1.077000000000000041e-01 -5.943683062791593557e+02
1.078000000000000069e-01 -5.953823944456266872e+02
1.079000000000000098e-01 -5.963931064624957799e+02
1.079999999999999988e-01 -5.974008198033407098e+02
1.081000000000000016e-01 -5.984061278706568601e+02
1.082000000000000045e-01 -5.994095630255059177e+02
1.083000000000000074e-01 -6.004097249155522604e+02
1.084000000000000102e-01 -6.014075509138791631e+02
1.084999999999999992e-01 -6.024074508698970476e+02
1.086000000000000021e-01 -6.034099741740968739e+02
1.087000000000000050e-01 -6.044161077548205867e+02
1.088000000000000078e-01 -6.054275353616541224e+02
1.089000000000000107e-01 -6.064458156319585669e+02
1.089999999999999997e-01 -6.074699798762100045e+02
1.091000000000000025e-01 -6.084987170769232989e+02
1.092000000000000054e-01 -6.095310652218586256e+02
1.093000000000000083e-01 -6.105668587428067440e+02
1.094000000000000111e-01 -6.116056713951809343e+02
1.095000000000000001e-01 -6.126468454545855593e+02
1.096000000000000030e-01 -6.136901622491027410e+02
1.097000000000000058e-01 -6.147355390120352467e+02
1.098000000000000087e-01 -6.157838960557712653e+02
1.099000000000000116e-01 -6.168362674297334252e+02
1.100000000000000006e-01 -6.178925166734102277e+02
1.101000000000000034e-01 -6.189659095576140544e+02
1.102000000000000063e-01 -6.200894503588999669e+02
1.103000000000000091e-01 -6.212619345138612061e+02
1.104000000000000120e-01 -6.224741472248406353e+02
1.105000000000000010e-01 -6.237157976749970203e+02
1.106000000000000039e-01 -6.249786932099341357e+02
1.107000000000000067e-01 -6.262574342033409494e+02
1.108000000000000096e-01 -6.275483657159609265e+02
1.108999999999999986e-01 -6.288489321353262085e+02
1.110000000000000014e-01 -6.301572850275841802e+02
1.111000000000000043e-01 -6.314720419369765523e+02
1.112000000000000072e-01 -6.327921377204169175e+02
1.113000000000000100e-01 -6.341168244019088434e+02
1.113999999999999990e-01 -6.354483325923949906e+02
1.115000000000000019e-01 -6.367813591951189665e+02
1.116000000000000048e-01 -6.381160280107853850e+02
1.117000000000000076e-01 -6.394529870961985125e+02
1.118000000000000105e-01 -6.407923328544383139e+02
1.118999999999999995e-01 -6.421345764628410961e+02
1.120000000000000023e-01 -6.434814447345553390e+02
1.121000000000000052e-01 -6.448351568290225941e+02
1.122000000000000081e-01 -6.461946391718703353e+02
1.123000000000000109e-01 -6.475586731947875023e+02
1.123999999999999999e-01 -6.489265156835492689e+02
1.125000000000000028e-01 -6.502976716878874868e+02
1.126000000000000056e-01 -6.516717761859241591e+02
1.127000000000000085e-01 -6.530485333949369533e+02
1.128000000000000114e-01 -6.544277056493110649e+02
1.129000000000000004e-01 -6.558090922677395156e+02
1.130000000000000032e-01 -6.571924816949615433e+02
1.131000000000000061e-01 -6.585776747431443710e+02
1.132000000000000089e-01 -6.599645499959062818e+02
1.133000000000000118e-01 -6.613531577997407567e+02
1.134000000000000008e-01 -6.627436873701985860e+02
1.135000000000000037e-01 -6.641366969390572876e+02
1.136000000000000065e-01 -6.655314819873357237e+02
1.137000000000000094e-01 -6.669274833734568801e+02
1.138000000000000123e-01 -6.683229370699174297e+02
1.139000000000000012e-01 -6.697206909430283304e+02
1.140000000000000041e-01 -6.711205928148367548e+02
1.141000000000000070e-01 -6.725221760606066255e+02
1.142000000000000098e-01 -6.739254963390848161e+02
1.142999999999999988e-01 -6.753308322124171355e+02
1.144000000000000017e-01 -6.767385654773516990e+02
1.145000000000000046e-01 -6.781491603650811157e+02
1.146000000000000074e-01 -6.795632590111765694e+02
1.147000000000000103e-01 -6.809829466857190710e+02
1.147999999999999993e-01 -6.824125687966534315e+02
1.149000000000000021e-01 -6.838564502388788924e+02
1.150000000000000050e-01 -6.853155628803987156e+02
1.151000000000000079e-01 -6.867893299445557886e+02
1.152000000000000107e-01 -6.882770617853631165e+02
1.152999999999999997e-01 -6.897783836810555158e+02
1.154000000000000026e-01 -6.912932921359453076e+02
1.155000000000000054e-01 -6.928221899394712864e+02
1.156000000000000083e-01 -6.943672534469508264e+02
1.157000000000000112e-01 -6.959311625450770862e+02
1.158000000000000002e-01 -6.975147669326225923e+02
1.159000000000000030e-01 -6.991182113182891271e+02
1.160000000000000059e-01 -7.007415198705944022e+02
1.161000000000000087e-01 -7.023847997944150165e+02
1.162000000000000116e-01 -7.040480586539883916e+02
1.163000000000000006e-01 -7.057318679355277027e+02
1.164000000000000035e-01 -7.074347716559956325e+02
1.165000000000000063e-01 -7.091454494183089992e+02
1.166000000000000092e-01 -7.108871063402792743e+02
1.167000000000000121e-01 -7.126590223173379854e+02
1.168000000000000010e-01 -7.144598181571215036e+02
1.169000000000000039e-01 -7.162986072986510635e+02
1.170000000000000068e-01 -7.181851093486604896e+02
1.171000000000000096e-01 -7.201255452191511495e+02
1.172000000000000125e-01 -7.221215510052604714e+02
1.173000000000000015e-01 -7.241727744426602840e+02
1.174000000000000044e-01 -7.262800680816338854e+02
1.175000000000000072e-01 -7.284364110028183177e+02
1.176000000000000101e-01 -7.306368121443344990e+02
1.176999999999999991e-01 -7.328910382426505521e+02
1.178000000000000019e-01 -7.352224480236781119e+02
1.179000000000000048e-01 -7.376592320408608430e+02
1.180000000000000077e-01 -7.402205740405872803e+02
1.181000000000000105e-01 -7.429577533267442959e+02
1.181999999999999995e-01 -7.459435367519985220e+02
1.183000000000000024e-01 -7.491914100310525555e+02
1.184000000000000052e-01 -7.527026423349308288e+02
1.185000000000000081e-01 -7.564897038349225795e+02
1.186000000000000110e-01 -7.605309679348279133e+02
1.187000000000000000e-01 -7.648266360535122885e+02
1.188000000000000028e-01 -7.692993487834141888e+02
1.189000000000000057e-01 -7.735112281810440891e+02
1.190000000000000085e-01 -7.763296440805090697e+02
1.191000000000000114e-01 -7.778968057560526859e+02
1.192000000000000004e-01 -7.792425230242657790e+02
1.193000000000000033e-01 -7.807048241400486859e+02
1.194000000000000061e-01 -7.820839877053200553e+02
1.195000000000000090e-01 -7.832899434316154839e+02
1.196000000000000119e-01 -7.843744817216171441e+02
1.197000000000000008e-01 -7.854099834616431508e+02
1.198000000000000037e-01 -7.864560317167461108e+02
1.199000000000000066e-01 -7.875585127376846231e+02
1.200000000000000094e-01 -7.887406675369124969e+02
1.201000000000000123e-01 -7.900003120997425867e+02
1.202000000000000013e-01 -7.913237170153939815e+02
1.203000000000000042e-01 -7.926978096466044690e+02
1.204000000000000070e-01 -7.941070224928407697e+02
1.205000000000000099e-01 -7.955398990772791876e+02
1.205999999999999989e-01 -7.969931766709768226e+02
1.207000000000000017e-01 -7.984545418521034890e+02
1.208000000000000046e-01 -7.999122773586192352e+02
1.209000000000000075e-01 -8.013628706033396156e+02
1.210000000000000103e-01 -8.028080109654841863e+02
1.210999999999999993e-01 -8.042481425234394692e+02
1.212000000000000022e-01 -8.056838796338032580e+02
1.213000000000000050e-01 -8.071118510877732888e+02
1.214000000000000079e-01 -8.085288640216335807e+02
1.215000000000000108e-01 -8.099358999185260473e+02
1.215999999999999998e-01 -8.113378544830678720e+02
1.217000000000000026e-01 -8.127405479216663480e+02
1.218000000000000055e-01 -8.141484623254455073e+02
1.219000000000000083e-01 -8.155623135987954129e+02
1.220000000000000112e-01 -8.169814103519406672e+02
1.221000000000000002e-01 -8.184048845763469444e+02
1.222000000000000031e-01 -8.198320401495262786e+02
1.223000000000000059e-01 -8.212623413926737612e+02
1.224000000000000088e-01 -8.226953248391091620e+02
1.225000000000000117e-01 -8.241305430302693367e+02
1.226000000000000006e-01 -8.255675487393405092e+02
1.227000000000000035e-01 -8.270051048987393187e+02
1.228000000000000064e-01 -8.284407856852529903e+02
1.229000000000000092e-01 -8.298731701787183965e+02
1.230000000000000121e-01 -8.313027310889686987e+02
1.231000000000000011e-01 -8.327305051121994666e+02
1.232000000000000040e-01 -8.341573736868803053e+02
1.233000000000000068e-01 -8.355839235894388821e+02
1.234000000000000097e-01 -8.370105271858426477e+02
1.235000000000000125e-01 -8.384374402820908472e+02
1.236000000000000015e-01 -8.398648615813243623e+02
1.237000000000000044e-01 -8.412929577825085516e+02
1.238000000000000073e-01 -8.427218735643498349e+02
1.239000000000000101e-01 -8.441518149172275116e+02
1.239999999999999991e-01 -8.455829476290385855e+02
1.241000000000000020e-01 -8.470153540025344228e+02
1.242000000000000048e-01 -8.484492363128853185e+02
1.243000000000000077e-01 -8.498849332725856129e+02
1.244000000000000106e-01 -8.513232988951662037e+02
1.244999999999999996e-01 -8.527642007771385124e+02
1.246000000000000024e-01 -8.542073193058756715e+02
1.247000000000000053e-01 -8.556522555436162065e+02
1.248000000000000081e-01 -8.570988785288734562e+02
1.249000000000000110e-01 -8.585473349130427323e+02
1.250000000000000000e-01 -8.599976806209748474e+02
1.251000000000000167e-01 -8.614503787627347720e+02
1.252000000000000057e-01 -8.629060916669823200e+02
1.252999999999999947e-01 -8.643638997527572201e+02
1.254000000000000115e-01 -8.658210386772572065e+02
1.255000000000000004e-01 -8.672735832463353063e+02
1.256000000000000172e-01 -8.687210110487832253e+02
1.257000000000000062e-01 -8.701645894036263371e+02
1.257999999999999952e-01 -8.716056655453369331e+02
1.259000000000000119e-01 -8.730452965956947082e+02
1.260000000000000009e-01 -8.744842966800409840e+02
1.261000000000000176e-01 -8.759232921975656154e+02
1.262000000000000066e-01 -8.773627505908389139e+02
1.262999999999999956e-01 -8.788030055410146133e+02
1.264000000000000123e-01 -8.802442839317715197e+02
1.265000000000000013e-01 -8.816867325429652738e+02
1.266000000000000181e-01 -8.831304415327132347e+02
1.267000000000000071e-01 -8.845754629068476333e+02
1.267999999999999960e-01 -8.860218235126919808e+02
1.269000000000000128e-01 -8.874695331034733954e+02
1.270000000000000018e-01 -8.889185893011373309e+02
1.271000000000000185e-01 -8.903690950114737461e+02
1.272000000000000075e-01 -8.918208734245118876e+02
1.272999999999999965e-01 -8.932738085153082466e+02
1.274000000000000132e-01 -8.947279598417961779e+02
1.275000000000000022e-01 -8.961832985391176862e+02
1.276000000000000190e-01 -8.976397711200246476e+02
1.277000000000000079e-01 -8.990973189664264282e+02
1.277999999999999969e-01 -9.005558852407259565e+02
1.279000000000000137e-01 -9.020154184931884629e+02
1.280000000000000027e-01 -9.034758750521212960e+02
1.281000000000000194e-01 -9.049372205383455139e+02
1.282000000000000084e-01 -9.063994305341950621e+02
1.282999999999999974e-01 -9.078624904655885075e+02
1.284000000000000141e-01 -9.093263948295200407e+02
1.285000000000000031e-01 -9.107911459484371335e+02
1.286000000000000199e-01 -9.122567524389137361e+02
1.287000000000000088e-01 -9.137232382674253586e+02
1.287999999999999978e-01 -9.151906623894428776e+02
1.289000000000000146e-01 -9.166590752793662205e+02
1.290000000000000036e-01 -9.181284849461364956e+02
1.290999999999999925e-01 -9.195988888756911592e+02
1.292000000000000093e-01 -9.210703513247376577e+02
1.292999999999999983e-01 -9.225440566185102398e+02
1.294000000000000150e-01 -9.240176856231415741e+02
1.295000000000000040e-01 -9.254917715819112800e+02
1.295999999999999930e-01 -9.269668577497883462e+02
1.297000000000000097e-01 -9.284105263157218815e+02
1.297999999999999987e-01 -9.298351342189695288e+02
1.299000000000000155e-01 -9.312791393973143386e+02
1.300000000000000044e-01 -9.327345330983434906e+02
1.300999999999999934e-01 -9.341848604532377749e+02
1.302000000000000102e-01 -9.355987345058864548e+02
1.302999999999999992e-01 -9.369762120065455520e+02
1.304000000000000159e-01 -9.382979859982331163e+02
1.305000000000000049e-01 -9.395984328440356421e+02
1.305999999999999939e-01 -9.408902132089172028e+02
1.307000000000000106e-01 -9.421731437459020526e+02
1.307999999999999996e-01 -9.434491735213489392e+02
1.309000000000000163e-01 -9.447205594547721148e+02
1.310000000000000053e-01 -9.459902712936109310e+02
1.310999999999999943e-01 -9.472586421799093159e+02
1.312000000000000111e-01 -9.485254949654561187e+02
1.313000000000000000e-01 -9.497923716928121394e+02
1.314000000000000168e-01 -9.510598196459404789e+02
1.315000000000000058e-01 -9.523280782526218218e+02
1.315999999999999948e-01 -9.535972646039849678e+02
1.317000000000000115e-01 -9.548674314950811777e+02
1.318000000000000005e-01 -9.561229966419979291e+02
1.319000000000000172e-01 -9.574537143820509755e+02
1.320000000000000062e-01 -9.588317559002954340e+02
1.320999999999999952e-01 -9.601975737068999024e+02
1.322000000000000119e-01 -9.615483558174562404e+02
1.323000000000000009e-01 -9.628890038046355357e+02
1.324000000000000177e-01 -9.642231316820469829e+02
1.325000000000000067e-01 -9.655518392395058527e+02
1.325999999999999956e-01 -9.669038356377432137e+02
1.327000000000000124e-01 -9.683560132996258289e+02
1.328000000000000014e-01 -9.697937950279221013e+02
1.329000000000000181e-01 -9.711944538990438787e+02
1.330000000000000071e-01 -9.725639506153587490e+02
1.330999999999999961e-01 -9.739110036003257846e+02
1.332000000000000128e-01 -9.752421423895207226e+02
1.333000000000000018e-01 -9.765618927037374988e+02
1.334000000000000186e-01 -9.778734239954783334e+02
1.335000000000000075e-01 -9.791783939700005703e+02
1.335999999999999965e-01 -9.804786236657263316e+02
1.337000000000000133e-01 -9.817752250650089536e+02
1.338000000000000023e-01 -9.830716971364926167e+02
1.339000000000000190e-01 -9.843668929759261346e+02
1.340000000000000080e-01 -9.856560226787404417e+02
1.340999999999999970e-01 -9.869438580159445564e+02
1.342000000000000137e-01 -9.882319490483304207e+02
1.343000000000000027e-01 -9.895190492981680563e+02
1.344000000000000195e-01 -9.908065082219064834e+02
1.345000000000000084e-01 -9.920949407487804592e+02
1.345999999999999974e-01 -9.933846874848604784e+02
1.347000000000000142e-01 -9.946759814912875299e+02
1.348000000000000032e-01 -9.959689754504552184e+02
1.349000000000000199e-01 -9.972637423889804040e+02
1.350000000000000089e-01 -9.985602742731499575e+02
1.350999999999999979e-01 -9.998584793400177659e+02
1.352000000000000146e-01 -1.001158160460868999e+03
1.353000000000000036e-01 -1.002458540600464175e+03
1.354000000000000203e-01 -1.003757743399091964e+03
1.355000000000000093e-01 -1.005055474526313674e+03
1.355999999999999983e-01 -1.006352007373613560e+03
1.357000000000000151e-01 -1.007647553902509799e+03
1.358000000000000040e-01 -1.008943009214374342e+03
1.358999999999999930e-01 -1.010237827679453176e+03
1.360000000000000098e-01 -1.011533868899218646e+03
1.360999999999999988e-01 -1.012832084713645486e+03
1.362000000000000155e-01 -1.014126845693221298e+03
1.363000000000000045e-01 -1.015419524748174013e+03
1.363999999999999935e-01 -1.016710735982275082e+03
1.365000000000000102e-01 -1.018001440962652282e+03
1.365999999999999992e-01 -1.019291981317626664e+03
1.367000000000000159e-01 -1.020582455162007818e+03
1.368000000000000049e-01 -1.021872860344190372e+03
1.368999999999999939e-01 -1.023163260214215484e+03
1.370000000000000107e-01 -1.024453735880721979e+03
1.370999999999999996e-01 -1.025744371080711517e+03
1.372000000000000164e-01 -1.027035248506870175e+03
1.373000000000000054e-01 -1.028326447229525684e+03
1.373999999999999944e-01 -1.029618039936048490e+03
1.375000000000000111e-01 -1.030910090365967108e+03
1.376000000000000001e-01 -1.032202651257616935e+03
1.377000000000000168e-01 -1.033495762728363161e+03
1.378000000000000058e-01 -1.034789450671469467e+03
1.378999999999999948e-01 -1.036083724464212082e+03
1.380000000000000115e-01 -1.037378764263312860e+03
1.381000000000000005e-01 -1.038675592444683616e+03
1.382000000000000173e-01 -1.039972994487603273e+03
1.383000000000000063e-01 -1.041270142832850524e+03
1.383999999999999952e-01 -1.042565910092153217e+03
1.385000000000000120e-01 -1.043860470935446983e+03
1.386000000000000010e-01 -1.045156733151959770e+03
1.387000000000000177e-01 -1.046455225550747627e+03
1.388000000000000067e-01 -1.047759800569485833e+03
1.388999999999999957e-01 -1.049077816238898777e+03
1.390000000000000124e-01 -1.050384200127601162e+03
1.391000000000000014e-01 -1.051692011713493230e+03
1.392000000000000182e-01 -1.053007263613864552e+03
1.393000000000000071e-01 -1.054330372027264275e+03
1.393999999999999961e-01 -1.055647510925396091e+03
1.395000000000000129e-01 -1.056961140039730026e+03
1.396000000000000019e-01 -1.058262427654595740e+03
1.397000000000000186e-01 -1.059555445556357654e+03
1.398000000000000076e-01 -1.060845685393333042e+03
1.398999999999999966e-01 -1.062127621646818625e+03
1.400000000000000133e-01 -1.063401799373683616e+03
1.401000000000000023e-01 -1.064683961798206155e+03
1.402000000000000191e-01 -1.065971042627279076e+03
1.403000000000000080e-01 -1.067258841903097391e+03
1.403999999999999970e-01 -1.068547475241700340e+03
1.405000000000000138e-01 -1.069835037793838865e+03
1.406000000000000028e-01 -1.071125637341702713e+03
1.407000000000000195e-01 -1.072430603604878343e+03
1.408000000000000085e-01 -1.073745619648517732e+03
1.408999999999999975e-01 -1.075062539489945038e+03
1.410000000000000142e-01 -1.076371614585352290e+03
1.411000000000000032e-01 -1.077667663520734322e+03
1.412000000000000199e-01 -1.078954397125669630e+03
1.413000000000000089e-01 -1.080240685769615538e+03
1.413999999999999979e-01 -1.081533898388953730e+03
1.415000000000000147e-01 -1.082837435533018606e+03
1.416000000000000036e-01 -1.084151032415188411e+03
1.417000000000000204e-01 -1.085470709254033409e+03
1.418000000000000094e-01 -1.086791550964799171e+03
1.418999999999999984e-01 -1.088110744029409261e+03
1.420000000000000151e-01 -1.089427971932565924e+03
1.421000000000000041e-01 -1.090743605059540187e+03
1.421999999999999931e-01 -1.092055981453373306e+03
1.423000000000000098e-01 -1.093358737360994610e+03
1.423999999999999988e-01 -1.094638218267858520e+03
1.425000000000000155e-01 -1.095882866255435601e+03
1.426000000000000045e-01 -1.097082495517766347e+03
1.426999999999999935e-01 -1.098224456559805731e+03
1.428000000000000103e-01 -1.099298270219836013e+03
1.428999999999999992e-01 -1.100288227887946277e+03
1.430000000000000160e-01 -1.101176268347151336e+03
1.431000000000000050e-01 -1.101942221444513962e+03
1.431999999999999940e-01 -1.102566960551780994e+03
1.433000000000000107e-01 -1.103042697611574113e+03
1.433999999999999997e-01 -1.103375399244142045e+03
1.435000000000000164e-01 -1.103559532602271702e+03
1.436000000000000054e-01 -1.103584135043120568e+03
1.436999999999999944e-01 -1.103429330476583573e+03
1.438000000000000111e-01 -1.103095753601772913e+03
1.439000000000000001e-01 -1.102569270393057423e+03
1.440000000000000169e-01 -1.101856908358587816e+03
1.441000000000000059e-01 -1.100966615330203922e+03
1.441999999999999948e-01 -1.099916632226581669e+03
1.443000000000000116e-01 -1.098837608376983098e+03
1.444000000000000006e-01 -1.097804163018698546e+03
1.445000000000000173e-01 -1.096962865629442604e+03
1.446000000000000063e-01 -1.096329091274265465e+03
1.446999999999999953e-01 -1.095881467669799804e+03
1.448000000000000120e-01 -1.095706935573336295e+03
1.449000000000000010e-01 -1.095623402119904767e+03
1.450000000000000178e-01 -1.095467494854376810e+03
1.451000000000000068e-01 -1.095255355114532449e+03
1.451999999999999957e-01 -1.094260673279012508e+03
1.453000000000000125e-01 -1.092843400057890676e+03
1.454000000000000015e-01 -1.091789279913182554e+03
1.455000000000000182e-01 -1.091548299069592531e+03
1.456000000000000072e-01 -1.091880064289890015e+03
1.456999999999999962e-01 -1.092464436885459918e+03
1.458000000000000129e-01 -1.093149568403433477e+03
1.459000000000000019e-01 -1.093925295115853942e+03
1.460000000000000187e-01 -1.094805032118798408e+03
1.461000000000000076e-01 -1.095792687735983918e+03
1.461999999999999966e-01 -1.096889581643820293e+03
1.463000000000000134e-01 -1.098072575174849135e+03
1.464000000000000024e-01 -1.099304819829381358e+03
1.465000000000000191e-01 -1.100627769141899762e+03
1.466000000000000081e-01 -1.102012253876548357e+03
1.466999999999999971e-01 -1.103423187893528166e+03
1.468000000000000138e-01 -1.104834241798282619e+03
1.469000000000000028e-01 -1.106233762082423027e+03
1.470000000000000195e-01 -1.107633453752432843e+03
1.471000000000000085e-01 -1.109039429013585504e+03
1.471999999999999975e-01 -1.110436013395652935e+03
1.473000000000000143e-01 -1.111836168075361684e+03
1.474000000000000032e-01 -1.113243742703242788e+03
1.475000000000000200e-01 -1.114659699909410620e+03
1.476000000000000090e-01 -1.116098399005767533e+03
1.476999999999999980e-01 -1.117539031966363382e+03
1.478000000000000147e-01 -1.118978674506485277e+03
1.479000000000000037e-01 -1.120421043916448752e+03
1.480000000000000204e-01 -1.121866411213570473e+03
1.481000000000000094e-01 -1.123317056859528066e+03
1.481999999999999984e-01 -1.124785849510976050e+03
1.483000000000000151e-01 -1.126243080243290933e+03
1.484000000000000041e-01 -1.127694462801374129e+03
1.485000000000000209e-01 -1.129144996265642476e+03
1.486000000000000099e-01 -1.130596627288711261e+03
1.486999999999999988e-01 -1.132053492700788865e+03
1.488000000000000156e-01 -1.133526132575438396e+03
1.489000000000000046e-01 -1.135001741435281929e+03
1.489999999999999936e-01 -1.136463549957143641e+03
1.491000000000000103e-01 -1.137920355912312743e+03
1.491999999999999993e-01 -1.139380064499143145e+03
1.493000000000000160e-01 -1.140847104128557476e+03
1.494000000000000050e-01 -1.142313623683105561e+03
1.494999999999999940e-01 -1.143780893228017703e+03
1.496000000000000107e-01 -1.145246960022200938e+03
1.496999999999999997e-01 -1.146715378257134944e+03
1.498000000000000165e-01 -1.148188488210584865e+03
1.499000000000000055e-01 -1.149663242472367756e+03
1.499999999999999944e-01 -1.151140704621954228e+03
1.501000000000000112e-01 -1.154375941485815247e+03
1.502000000000000002e-01 -1.158888970589794098e+03
1.503000000000000169e-01 -1.163949687642923209e+03
1.504000000000000059e-01 -1.169531014711206581e+03
1.504999999999999949e-01 -1.175876033167466403e+03
1.506000000000000116e-01 -1.182947001989094588e+03
1.507000000000000006e-01 -1.190766080671195823e+03
1.508000000000000174e-01 -1.199115165957564614e+03
1.509000000000000064e-01 -1.207898467132298492e+03
1.509999999999999953e-01 -1.217221416615632734e+03
1.511000000000000121e-01 -1.225458454804127769e+03
1.512000000000000011e-01 -1.231341815100987105e+03
1.513000000000000178e-01 -1.235646019738723226e+03
1.514000000000000068e-01 -1.239090094946751151e+03
1.514999999999999958e-01 -1.241863141847177985e+03
1.516000000000000125e-01 -1.244053586622331522e+03
1.517000000000000015e-01 -1.245715200721214615e+03
1.518000000000000183e-01 -1.246923477702492846e+03
1.519000000000000072e-01 -1.247840005202523116e+03
1.519999999999999962e-01 -1.248687486266466976e+03
1.521000000000000130e-01 -1.249383380584423548e+03
1.522000000000000020e-01 -1.249906844083156784e+03
1.523000000000000187e-01 -1.250267160261251547e+03
1.524000000000000077e-01 -1.250373549553445855e+03
1.524999999999999967e-01 -1.250346223216677117e+03
1.526000000000000134e-01 -1.250588665028667947e+03
1.527000000000000024e-01 -1.251670484285036764e+03
1.528000000000000191e-01 -1.253115684841782922e+03
1.529000000000000081e-01 -1.255033380589048875e+03
1.529999999999999971e-01 -1.256914189552458311e+03
1.531000000000000139e-01 -1.258461185032824460e+03
1.532000000000000028e-01 -1.259582350644876442e+03
1.533000000000000196e-01 -1.260220911576742310e+03
1.534000000000000086e-01 -1.260409565128582017e+03
1.534999999999999976e-01 -1.260258236852269874e+03
1.536000000000000143e-01 -1.259868764232418698e+03
1.537000000000000033e-01 -1.259234389824267737e+03
1.538000000000000200e-01 -1.258317278086766009e+03
1.539000000000000090e-01 -1.257064510062383306e+03
1.539999999999999980e-01 -1.255519577149463885e+03
1.541000000000000147e-01 -1.253759929216822684e+03
1.542000000000000037e-01 -1.251777288282021345e+03
1.543000000000000205e-01 -1.249532678308220056e+03
1.544000000000000095e-01 -1.247074384213390431e+03
1.544999999999999984e-01 -1.244698075121228840e+03
1.546000000000000152e-01 -1.242681643804614851e+03
1.547000000000000042e-01 -1.241187445805517427e+03
1.548000000000000209e-01 -1.240215865854959020e+03
1.549000000000000099e-01 -1.239872262370072121e+03
1.549999999999999989e-01 -1.240524154483462326e+03
1.551000000000000156e-01 -1.241965634571963164e+03
1.552000000000000046e-01 -1.243795652711102548e+03
1.552999999999999936e-01 -1.245754948125348164e+03
1.554000000000000103e-01 -1.247685856829334853e+03
1.554999999999999993e-01 -1.249520736728937663e+03
1.556000000000000161e-01 -1.251231922763181956e+03
1.557000000000000051e-01 -1.252766390334646303e+03
1.557999999999999940e-01 -1.254202263425140245e+03
1.559000000000000108e-01 -1.255554073495619377e+03
1.559999999999999998e-01 -1.256836732914210643e+03
1.561000000000000165e-01 -1.258101340430387836e+03
1.562000000000000055e-01 -1.259388451079693823e+03
1.562999999999999945e-01 -1.260736213913530037e+03
1.564000000000000112e-01 -1.262130301455353901e+03
1.565000000000000002e-01 -1.263586588991442341e+03
1.566000000000000170e-01 -1.265120826875499461e+03
1.567000000000000060e-01 -1.266693656589408192e+03
1.567999999999999949e-01 -1.268275108177432685e+03
1.569000000000000117e-01 -1.269855423560644340e+03
1.570000000000000007e-01 -1.271403279982115464e+03
1.571000000000000174e-01 -1.272923513330983269e+03
1.572000000000000064e-01 -1.274434895002236090e+03
1.572999999999999954e-01 -1.275949666585091109e+03
1.574000000000000121e-01 -1.277486940873797948e+03
1.575000000000000011e-01 -1.279035455892597838e+03
1.576000000000000179e-01 -1.280586673604297857e+03
1.577000000000000068e-01 -1.282136864263179405e+03
1.577999999999999958e-01 -1.283688522621281209e+03
1.579000000000000126e-01 -1.285231760340082246e+03
1.580000000000000016e-01 -1.286765008907463198e+03
1.581000000000000183e-01 -1.288291785839752492e+03
1.582000000000000073e-01 -1.289811967391144208e+03
1.582999999999999963e-01 -1.291331703826640023e+03
1.584000000000000130e-01 -1.292856843402538289e+03
1.585000000000000020e-01 -1.294402745820398195e+03
1.586000000000000187e-01 -1.295937774733601373e+03
1.587000000000000077e-01 -1.297476476898043529e+03
1.587999999999999967e-01 -1.299024531769005762e+03
1.589000000000000135e-01 -1.300580107793930210e+03
1.590000000000000024e-01 -1.302148198718060712e+03
1.591000000000000192e-01 -1.303734648315929462e+03
1.592000000000000082e-01 -1.305315735171220467e+03
1.592999999999999972e-01 -1.306896626308397572e+03
1.594000000000000139e-01 -1.308477093447499556e+03
1.595000000000000029e-01 -1.310059376985890140e+03
1.596000000000000196e-01 -1.311649546092756054e+03
1.597000000000000086e-01 -1.313237275780262735e+03
1.597999999999999976e-01 -1.314822627005244158e+03
1.599000000000000143e-01 -1.316407803512632427e+03
1.600000000000000033e-01 -1.317995658722259805e+03
1.601000000000000201e-01 -1.319600352355628502e+03
1.602000000000000091e-01 -1.321260035394142051e+03
1.602999999999999980e-01 -1.322981132318410346e+03
1.604000000000000148e-01 -1.324755840241860597e+03
1.605000000000000038e-01 -1.326573124302661427e+03
1.606000000000000205e-01 -1.328417341130398881e+03
1.607000000000000095e-01 -1.330279302271967254e+03
1.607999999999999985e-01 -1.332154628250417773e+03
1.609000000000000152e-01 -1.334036628538877039e+03
1.610000000000000042e-01 -1.335924080721035807e+03
1.611000000000000210e-01 -1.337813091336685147e+03
1.612000000000000099e-01 -1.339703691768512272e+03
1.612999999999999989e-01 -1.341596118625835743e+03
1.614000000000000157e-01 -1.343490439715222237e+03
1.615000000000000047e-01 -1.345385871617629846e+03
1.616000000000000214e-01 -1.347283550277198401e+03
1.617000000000000104e-01 -1.349184345584542143e+03
1.617999999999999994e-01 -1.351093445768545507e+03
1.619000000000000161e-01 -1.353005455826483512e+03
1.620000000000000051e-01 -1.354915620505523066e+03
1.620999999999999941e-01 -1.356823590748899278e+03
1.622000000000000108e-01 -1.358731831414943599e+03
1.622999999999999998e-01 -1.360638728638253042e+03
1.624000000000000166e-01 -1.362545269305533338e+03
1.625000000000000056e-01 -1.364452794702994424e+03
1.625999999999999945e-01 -1.366362903602809638e+03
1.627000000000000113e-01 -1.368280123645607546e+03
1.628000000000000003e-01 -1.370192759214412035e+03
1.629000000000000170e-01 -1.372103421975590663e+03
1.630000000000000060e-01 -1.374015785196498655e+03
1.630999999999999950e-01 -1.375931647778389333e+03
1.632000000000000117e-01 -1.377853499243729630e+03
1.633000000000000007e-01 -1.379784310547903942e+03
1.634000000000000175e-01 -1.381724249729457370e+03
1.635000000000000064e-01 -1.383672253501507384e+03
1.635999999999999954e-01 -1.385626897687626752e+03
1.637000000000000122e-01 -1.387586823784366516e+03
1.638000000000000012e-01 -1.389550925728633729e+03
1.639000000000000179e-01 -1.391518392581280295e+03
1.640000000000000069e-01 -1.393488675807775508e+03
1.640999999999999959e-01 -1.395461427301267804e+03
1.642000000000000126e-01 -1.397436435735632585e+03
1.643000000000000016e-01 -1.399413575148273594e+03
1.644000000000000183e-01 -1.401394050295987427e+03
1.645000000000000073e-01 -1.403380111586641078e+03
1.645999999999999963e-01 -1.405367499848492116e+03
1.647000000000000131e-01 -1.407353338592846285e+03
1.648000000000000020e-01 -1.409336929852196363e+03
1.649000000000000188e-01 -1.411318871001294610e+03
1.650000000000000078e-01 -1.413300358622253043e+03
1.650999999999999968e-01 -1.415282760101096756e+03
1.652000000000000135e-01 -1.417267432856277765e+03
1.653000000000000025e-01 -1.419255826466282315e+03
1.654000000000000192e-01 -1.421251981046555557e+03
1.655000000000000082e-01 -1.423264247174676029e+03
1.655999999999999972e-01 -1.425296054022534236e+03
1.657000000000000139e-01 -1.427348010852967491e+03
1.658000000000000029e-01 -1.429422329961738114e+03
1.659000000000000197e-01 -1.431520889135794278e+03
1.660000000000000087e-01 -1.433643637668048541e+03
1.660999999999999976e-01 -1.435790168818761686e+03
1.662000000000000144e-01 -1.437960302808030974e+03
1.663000000000000034e-01 -1.440154260074652939e+03
1.664000000000000201e-01 -1.442372640368646216e+03
1.665000000000000091e-01 -1.444616321007761826e+03
1.665999999999999981e-01 -1.446886402694164417e+03
1.667000000000000148e-01 -1.449185536390432844e+03
1.668000000000000038e-01 -1.451518403259644401e+03
1.669000000000000206e-01 -1.453884810086367906e+03
1.670000000000000095e-01 -1.456282647315452323e+03
1.670999999999999985e-01 -1.458713904094968029e+03
1.672000000000000153e-01 -1.461177952772331992e+03
1.673000000000000043e-01 -1.463686625934896711e+03
1.674000000000000210e-01 -1.466263574165920318e+03
1.675000000000000100e-01 -1.468943603924853733e+03
1.675999999999999990e-01 -1.471729842737890749e+03
1.677000000000000157e-01 -1.474597769942709647e+03
1.678000000000000047e-01 -1.477537402875805128e+03
1.679000000000000214e-01 -1.480547632727014161e+03
1.680000000000000104e-01 -1.483644227541392183e+03
1.680999999999999994e-01 -1.486858297083321986e+03
1.682000000000000162e-01 -1.490214335576514713e+03
1.683000000000000052e-01 -1.493729338532376687e+03
1.684000000000000219e-01 -1.497417095513278355e+03
1.685000000000000109e-01 -1.501295803189897015e+03
1.685999999999999999e-01 -1.505411515487205634e+03
1.687000000000000166e-01 -1.509798892965602818e+03
1.688000000000000056e-01 -1.514502037556127561e+03
1.688999999999999946e-01 -1.519509375116041838e+03
1.690000000000000113e-01 -1.524980233001877878e+03
1.691000000000000003e-01 -1.530956338590108544e+03
1.692000000000000171e-01 -1.537509350218032750e+03
1.693000000000000060e-01 -1.544059566199996198e+03
1.693999999999999950e-01 -1.548268058020032640e+03
1.695000000000000118e-01 -1.549982001127173817e+03
1.696000000000000008e-01 -1.551100403335361534e+03
1.697000000000000175e-01 -1.552299398873271002e+03
1.698000000000000065e-01 -1.553692748483803143e+03
1.698999999999999955e-01 -1.555307389409274947e+03
1.700000000000000122e-01 -1.557094776494169309e+03
1.701000000000000012e-01 -1.558908644981438556e+03
1.702000000000000179e-01 -1.560722074850770241e+03
1.703000000000000069e-01 -1.562563253397048129e+03
1.703999999999999959e-01 -1.564456086593864256e+03
1.705000000000000127e-01 -1.566403121313058136e+03
1.706000000000000016e-01 -1.568384953575353848e+03
1.707000000000000184e-01 -1.570377220041234523e+03
1.708000000000000074e-01 -1.572363121249735514e+03
1.708999999999999964e-01 -1.574335289795342078e+03
1.710000000000000131e-01 -1.576291618089040185e+03
1.711000000000000021e-01 -1.578233105635553329e+03
1.712000000000000188e-01 -1.580163203715934060e+03
1.713000000000000078e-01 -1.582089082247065335e+03
1.713999999999999968e-01 -1.584014796703190314e+03
1.715000000000000135e-01 -1.585944202972395715e+03
1.716000000000000025e-01 -1.587882189930107870e+03
1.717000000000000193e-01 -1.589822945821320218e+03
1.718000000000000083e-01 -1.591770206393510534e+03
1.718999999999999972e-01 -1.593731418836870262e+03
1.720000000000000140e-01 -1.595700613900447706e+03
1.721000000000000030e-01 -1.597674007006250349e+03
1.722000000000000197e-01 -1.599654317336164695e+03
1.723000000000000087e-01 -1.601641224815287842e+03
1.723999999999999977e-01 -1.603632882372314498e+03
1.725000000000000144e-01 -1.605627492784956758e+03
1.726000000000000034e-01 -1.607623617676759068e+03
1.727000000000000202e-01 -1.609619560341809120e+03
1.728000000000000091e-01 -1.611611551008469860e+03
1.728999999999999981e-01 -1.613594908687055749e+03
1.730000000000000149e-01 -1.615568821470117882e+03
1.731000000000000039e-01 -1.617535594177381199e+03
1.732000000000000206e-01 -1.619497595436266465e+03
1.733000000000000096e-01 -1.621456624959274450e+03
1.733999999999999986e-01 -1.623413982747398677e+03
1.735000000000000153e-01 -1.625370749995329106e+03
1.736000000000000043e-01 -1.627327773110123644e+03
1.737000000000000210e-01 -1.629285699085743317e+03
1.738000000000000100e-01 -1.631245077169356819e+03
1.738999999999999990e-01 -1.633206363489764499e+03
1.740000000000000158e-01 -1.635169953412783116e+03
1.741000000000000048e-01 -1.637136216689128560e+03
1.742000000000000215e-01 -1.639105304045144067e+03
1.743000000000000105e-01 -1.641077229369154566e+03
1.743999999999999995e-01 -1.643052198182202801e+03
1.745000000000000162e-01 -1.645030361215525318e+03
1.746000000000000052e-01 -1.647011709867172613e+03
1.747000000000000219e-01 -1.648996164939936762e+03
1.748000000000000109e-01 -1.650983612817454741e+03
1.748999999999999999e-01 -1.652973939211783090e+03
1.750000000000000167e-01 -1.654967143385309328e+03
1.751000000000000056e-01 -1.656963245382147988e+03
1.751999999999999946e-01 -1.658962389969886544e+03
1.753000000000000114e-01 -1.660965993215043000e+03
1.754000000000000004e-01 -1.662973665712196862e+03
1.755000000000000171e-01 -1.664985073355866689e+03
1.756000000000000061e-01 -1.667001405364806033e+03
1.756999999999999951e-01 -1.669020738358259905e+03
1.758000000000000118e-01 -1.671040487352697937e+03
1.759000000000000008e-01 -1.673060434430318082e+03
1.760000000000000175e-01 -1.675080899498200097e+03
1.761000000000000065e-01 -1.677102005246474164e+03
1.761999999999999955e-01 -1.679123696433515079e+03
1.763000000000000123e-01 -1.681145847077676763e+03
1.764000000000000012e-01 -1.683168331852436722e+03
1.765000000000000180e-01 -1.685191058143959253e+03
1.766000000000000070e-01 -1.687213998504114443e+03
1.766999999999999960e-01 -1.689237243346452033e+03
1.768000000000000127e-01 -1.691261135457057662e+03
1.769000000000000017e-01 -1.693285981628758236e+03
1.770000000000000184e-01 -1.695311975374070244e+03
1.771000000000000074e-01 -1.697335088023018443e+03
1.771999999999999964e-01 -1.699347448191327203e+03
1.773000000000000131e-01 -1.701363027859572639e+03
1.774000000000000021e-01 -1.703378633862977722e+03
1.775000000000000189e-01 -1.705393391193075104e+03
1.776000000000000079e-01 -1.707405441739319940e+03
1.776999999999999968e-01 -1.709414477618844558e+03
1.778000000000000136e-01 -1.711430566319278341e+03
1.779000000000000026e-01 -1.713448529796166440e+03
1.780000000000000193e-01 -1.715466023093993272e+03
1.781000000000000083e-01 -1.717482434707461607e+03
1.781999999999999973e-01 -1.719497893558314217e+03
1.783000000000000140e-01 -1.721512776612661128e+03
1.784000000000000030e-01 -1.723527421588268226e+03
1.785000000000000198e-01 -1.725542141490259837e+03
1.786000000000000087e-01 -1.727557472091516274e+03
1.786999999999999977e-01 -1.729574328748979724e+03
1.788000000000000145e-01 -1.731592186232089944e+03
1.789000000000000035e-01 -1.733610315107638598e+03
1.790000000000000202e-01 -1.735628734462013426e+03
1.791000000000000092e-01 -1.737647792346571350e+03
1.791999999999999982e-01 -1.739667929376386383e+03
1.793000000000000149e-01 -1.741691498560908713e+03
1.794000000000000039e-01 -1.743718701724406401e+03
1.795000000000000207e-01 -1.745747734575774302e+03
1.796000000000000096e-01 -1.747777209897638159e+03
1.796999999999999986e-01 -1.749806768394808387e+03
1.798000000000000154e-01 -1.751836926598105947e+03
1.799000000000000044e-01 -1.753868301320177807e+03
1.800000000000000211e-01 -1.755901321913465154e+03
1.801000000000000101e-01 -1.757923185935358106e+03
1.801999999999999991e-01 -1.759904104378492320e+03
1.803000000000000158e-01 -1.761844474808376162e+03
1.804000000000000048e-01 -1.763753138289240496e+03
1.805000000000000215e-01 -1.765638657007224310e+03
1.806000000000000105e-01 -1.767507627698762235e+03
1.806999999999999995e-01 -1.769364739072533439e+03
1.808000000000000163e-01 -1.771213221516052499e+03
1.809000000000000052e-01 -1.773055313964613561e+03
1.810000000000000220e-01 -1.774893598822477998e+03
1.811000000000000110e-01 -1.776727882707521530e+03
1.812000000000000000e-01 -1.778559860908383598e+03
1.813000000000000167e-01 -1.780388680628273278e+03
1.814000000000000057e-01 -1.782214503447514289e+03
1.815000000000000224e-01 -1.784038014249857952e+03
1.816000000000000114e-01 -1.785859997837589162e+03
1.817000000000000004e-01 -1.787681188343495478e+03
1.818000000000000171e-01 -1.789502177483368087e+03
1.819000000000000061e-01 -1.791323400932068807e+03
1.819999999999999951e-01 -1.793145144134888369e+03
1.821000000000000119e-01 -1.794967538265664871e+03
1.822000000000000008e-01 -1.796790210247214873e+03
1.823000000000000176e-01 -1.798611729515920615e+03
1.824000000000000066e-01 -1.800431372106639856e+03
1.824999999999999956e-01 -1.802249776797898448e+03
1.826000000000000123e-01 -1.804067637667674035e+03
1.827000000000000013e-01 -1.805885434048590469e+03
1.828000000000000180e-01 -1.807703522599749249e+03
1.829000000000000070e-01 -1.809522199145524837e+03
1.829999999999999960e-01 -1.811341669831921990e+03
1.831000000000000127e-01 -1.813162057954150896e+03
1.832000000000000017e-01 -1.814983417740895675e+03
1.833000000000000185e-01 -1.816805744307541318e+03
1.834000000000000075e-01 -1.818628971791162940e+03
1.834999999999999964e-01 -1.820452871125708043e+03
1.836000000000000132e-01 -1.822276288415970839e+03
1.837000000000000022e-01 -1.824098573901125519e+03
1.838000000000000189e-01 -1.825920168700933118e+03
1.839000000000000079e-01 -1.827741456602345352e+03
1.839999999999999969e-01 -1.829562788905882144e+03
1.841000000000000136e-01 -1.831383539287118310e+03
1.842000000000000026e-01 -1.833203969387019470e+03
1.843000000000000194e-01 -1.835024313411332514e+03
1.844000000000000083e-01 -1.836845369053173272e+03
1.844999999999999973e-01 -1.838666394267350370e+03
1.846000000000000141e-01 -1.840488903106318048e+03
1.847000000000000031e-01 -1.842312738426970554e+03
1.848000000000000198e-01 -1.844137089873683408e+03
1.849000000000000088e-01 -1.845962305273566471e+03
1.849999999999999978e-01 -1.847787155317187171e+03
1.851000000000000145e-01 -1.849611752924408847e+03
1.852000000000000035e-01 -1.851436468575884192e+03
1.853000000000000203e-01 -1.853261544531527079e+03
1.854000000000000092e-01 -1.855087154990768113e+03
1.854999999999999982e-01 -1.856913404678427923e+03
1.856000000000000150e-01 -1.858740727909832685e+03
1.857000000000000040e-01 -1.860569804298399504e+03
1.858000000000000207e-01 -1.862402852455462153e+03
1.859000000000000097e-01 -1.864239565784829438e+03
1.859999999999999987e-01 -1.866078586234307522e+03
1.861000000000000154e-01 -1.867921182643821339e+03
1.862000000000000044e-01 -1.869765948470033436e+03
1.863000000000000211e-01 -1.871607938951292908e+03
1.864000000000000101e-01 -1.873451312271984989e+03
1.864999999999999991e-01 -1.875301999387802198e+03
1.866000000000000159e-01 -1.877161713116221563e+03
1.867000000000000048e-01 -1.879029807574074994e+03
1.868000000000000216e-01 -1.880904785352746103e+03
1.869000000000000106e-01 -1.882784641704096657e+03
1.869999999999999996e-01 -1.884667830305538928e+03
1.871000000000000163e-01 -1.886552774763096750e+03
1.872000000000000053e-01 -1.888438229253363716e+03
1.873000000000000220e-01 -1.890323167327699593e+03
1.874000000000000110e-01 -1.892206933677907500e+03
1.875000000000000000e-01 -1.894089298101918757e+03
1.876000000000000167e-01 -1.895970150986724320e+03
1.877000000000000057e-01 -1.897849505301176123e+03
1.878000000000000225e-01 -1.899727556169559421e+03
1.879000000000000115e-01 -1.901604644799042717e+03
1.880000000000000004e-01 -1.903483072318167615e+03
1.881000000000000172e-01 -1.905360851068903685e+03
1.882000000000000062e-01 -1.907243643164924379e+03
1.882999999999999952e-01 -1.909134354583594813e+03
1.884000000000000119e-01 -1.911020686578892764e+03
1.885000000000000009e-01 -1.912897447977717093e+03
1.886000000000000176e-01 -1.914766975460446019e+03
1.887000000000000066e-01 -1.916636616900378613e+03
1.887999999999999956e-01 -1.918508672147754851e+03
1.889000000000000123e-01 -1.920391498900963370e+03
1.890000000000000013e-01 -1.922287733567968871e+03
1.891000000000000181e-01 -1.924197453714590893e+03
1.892000000000000071e-01 -1.926102718673156232e+03
1.892999999999999960e-01 -1.927990296090987385e+03
1.894000000000000128e-01 -1.929860693717537970e+03
1.895000000000000018e-01 -1.931726268619962639e+03
1.896000000000000185e-01 -1.933594829043907112e+03
1.897000000000000075e-01 -1.935469703272209017e+03
1.897999999999999965e-01 -1.937346592374851980e+03
1.899000000000000132e-01 -1.939227091734822579e+03
1.900000000000000022e-01 -1.941104447452045861e+03
1.901000000000000190e-01 -1.942969755970847245e+03
1.902000000000000079e-01 -1.944905355586262203e+03
1.902999999999999969e-01 -1.947107042255453962e+03
1.904000000000000137e-01 -1.949449560226730000e+03
1.905000000000000027e-01 -1.951797248615362378e+03
1.906000000000000194e-01 -1.954068101060301387e+03
1.907000000000000084e-01 -1.956256969898052375e+03
1.907999999999999974e-01 -1.958416108110809773e+03
1.909000000000000141e-01 -1.960614929676061138e+03
1.910000000000000031e-01 -1.962839055513315088e+03
1.911000000000000199e-01 -1.965007823068967355e+03
1.912000000000000088e-01 -1.967069760533081080e+03
1.912999999999999978e-01 -1.969021514248385301e+03
1.914000000000000146e-01 -1.970886417516950587e+03
1.915000000000000036e-01 -1.972694921457919463e+03
1.916000000000000203e-01 -1.974474235040650001e+03
1.917000000000000093e-01 -1.976244973099484923e+03
1.917999999999999983e-01 -1.978019608774359995e+03
1.919000000000000150e-01 -1.979799090675106299e+03
1.920000000000000040e-01 -1.981590649135834838e+03
1.921000000000000207e-01 -1.983412312529362907e+03
1.922000000000000097e-01 -1.985277211621612651e+03
1.922999999999999987e-01 -1.987184090164213785e+03
1.924000000000000155e-01 -1.989117144341684252e+03
1.925000000000000044e-01 -1.991054385529063666e+03
1.926000000000000212e-01 -1.992973852693062099e+03
1.927000000000000102e-01 -1.994857722853398627e+03
1.927999999999999992e-01 -1.996689477999973178e+03
1.929000000000000159e-01 -1.998453461136510896e+03
1.930000000000000049e-01 -2.000136914104965172e+03
1.931000000000000216e-01 -2.001723651027148662e+03
1.932000000000000106e-01 -2.003199965256827227e+03
1.932999999999999996e-01 -2.004552342518104297e+03
1.934000000000000163e-01 -2.005764609776025964e+03
1.935000000000000053e-01 -2.006819500325740364e+03
1.936000000000000221e-01 -2.007700667539046208e+03
1.937000000000000111e-01 -2.008390317760794005e+03
1.938000000000000000e-01 -2.008868647026484268e+03
1.939000000000000168e-01 -2.009125353429546294e+03
1.940000000000000058e-01 -2.009173142867711022e+03
1.941000000000000225e-01 -2.009015615287809851e+03
1.942000000000000115e-01 -2.008650281246805434e+03
1.943000000000000005e-01 -2.008090634011525253e+03
1.944000000000000172e-01 -2.007313458803116646e+03
1.945000000000000062e-01 -2.006303938863117764e+03
1.946000000000000230e-01 -2.005150362410757680e+03
1.947000000000000119e-01 -2.003924407500220241e+03
1.948000000000000009e-01 -2.002811748306610298e+03
1.949000000000000177e-01 -2.001995061163102264e+03
1.950000000000000067e-01 -2.001645907375139586e+03
1.950999999999999956e-01 -2.001816503121609912e+03
1.952000000000000124e-01 -2.002407407255494036e+03
1.953000000000000014e-01 -2.003334667013308490e+03
1.954000000000000181e-01 -2.004605473416394716e+03
1.955000000000000071e-01 -2.006241210649268623e+03
1.955999999999999961e-01 -2.008168093160713624e+03
1.957000000000000128e-01 -2.010263145620382829e+03
1.958000000000000018e-01 -2.012404788067173740e+03
1.959000000000000186e-01 -2.014497219684412130e+03
1.960000000000000075e-01 -2.016535998958127038e+03
1.960999999999999965e-01 -2.018533367200189105e+03
1.962000000000000133e-01 -2.020502457757879256e+03
1.963000000000000023e-01 -2.022454543991390892e+03
1.964000000000000190e-01 -2.024404759701317971e+03
1.965000000000000080e-01 -2.026386197859162849e+03
1.965999999999999970e-01 -2.028416737265485153e+03
1.967000000000000137e-01 -2.030480187783068232e+03
1.968000000000000027e-01 -2.032583412535770094e+03
1.969000000000000195e-01 -2.034662102467550540e+03
1.970000000000000084e-01 -2.036741799220569419e+03
1.970999999999999974e-01 -2.038709107916507264e+03
1.972000000000000142e-01 -2.040390937151968956e+03
1.973000000000000032e-01 -2.042018585881740364e+03
1.974000000000000199e-01 -2.043755542721086613e+03
1.975000000000000089e-01 -2.045391143118190939e+03
1.975999999999999979e-01 -2.047096834865058781e+03
1.977000000000000146e-01 -2.049029994601873113e+03
1.978000000000000036e-01 -2.051086034123494301e+03
1.979000000000000203e-01 -2.053180628896935559e+03
1.980000000000000093e-01 -2.055289411520457634e+03
1.980999999999999983e-01 -2.057429011530818570e+03
1.982000000000000151e-01 -2.059584355558295556e+03
1.983000000000000040e-01 -2.061745798181893406e+03
1.984000000000000208e-01 -2.063901736181455362e+03
1.985000000000000098e-01 -2.066084805758031052e+03
1.985999999999999988e-01 -2.068257643570938399e+03
1.987000000000000155e-01 -2.070445420841887426e+03
1.988000000000000045e-01 -2.072642453333126014e+03
1.989000000000000212e-01 -2.074748964158741728e+03
1.990000000000000102e-01 -2.076774242221535133e+03
1.990999999999999992e-01 -2.078734167906762195e+03
1.992000000000000159e-01 -2.080672687764198145e+03
1.993000000000000049e-01 -2.082616717695318130e+03
1.994000000000000217e-01 -2.084578570224554824e+03
1.995000000000000107e-01 -2.086561881364108103e+03
1.995999999999999996e-01 -2.088564367896203294e+03
1.997000000000000164e-01 -2.090581159981963083e+03
1.998000000000000054e-01 -2.092613122194875359e+03
1.999000000000000221e-01 -2.094648180163751931e+03
2.000000000000000111e-01 -2.096687941656045496e+03
2.001000000000000001e-01 -2.100444224620435762e+03
2.002000000000000168e-01 -2.105216438222218585e+03
2.003000000000000058e-01 -2.110349702382386567e+03
2.004000000000000226e-01 -2.115998352088846332e+03
2.005000000000000115e-01 -2.122391674661153502e+03
2.006000000000000005e-01 -2.129659293431423521e+03
2.007000000000000173e-01 -2.137704810250897481e+03
2.008000000000000063e-01 -2.146326535399300155e+03
2.009000000000000230e-01 -2.155446661111189314e+03
2.010000000000000120e-01 -2.165010015252243193e+03
2.011000000000000010e-01 -2.174761654781792004e+03
2.012000000000000177e-01 -2.184734556661140687e+03
2.013000000000000067e-01 -2.193266918023462040e+03
2.014000000000000234e-01 -2.197749988638949617e+03
2.015000000000000124e-01 -2.199921075417888460e+03
2.016000000000000014e-01 -2.201073066270233539e+03
2.017000000000000182e-01 -2.201853865260683051e+03
2.018000000000000071e-01 -2.202509555073775118e+03
2.018999999999999961e-01 -2.203224244897609424e+03
2.020000000000000129e-01 -2.203822192532292775e+03
2.021000000000000019e-01 -2.204298767649034289e+03
2.022000000000000186e-01 -2.204679898995660096e+03
2.023000000000000076e-01 -2.205327746027863213e+03
2.023999999999999966e-01 -2.207783772371488340e+03
2.025000000000000133e-01 -2.211124480034724456e+03
2.026000000000000023e-01 -2.214397562419692349e+03
2.027000000000000191e-01 -2.216956729472128245e+03
2.028000000000000080e-01 -2.218841184120724392e+03
2.028999999999999970e-01 -2.220262255216684480e+03
2.030000000000000138e-01 -2.221383364424496904e+03
2.031000000000000028e-01 -2.222265301903574709e+03
2.032000000000000195e-01 -2.222920276734737854e+03
2.033000000000000085e-01 -2.223340571546911178e+03
2.033999999999999975e-01 -2.223509454967976126e+03
2.035000000000000142e-01 -2.223410317845198279e+03
2.036000000000000032e-01 -2.223067392377337455e+03
2.037000000000000199e-01 -2.222512135324042447e+03
2.038000000000000089e-01 -2.221717564048660734e+03
2.038999999999999979e-01 -2.220654881858983117e+03
2.040000000000000147e-01 -2.219330259599770670e+03
2.041000000000000036e-01 -2.217751323560078163e+03
2.042000000000000204e-01 -2.215970965393497863e+03
2.043000000000000094e-01 -2.214059902204144237e+03
2.043999999999999984e-01 -2.211958831870716040e+03
2.045000000000000151e-01 -2.209798830593758794e+03
2.046000000000000041e-01 -2.207777236943210482e+03
2.047000000000000208e-01 -2.206583140428718252e+03
2.048000000000000098e-01 -2.206443496575516292e+03
2.048999999999999988e-01 -2.207269557832817554e+03
2.050000000000000155e-01 -2.208969991635355200e+03
2.051000000000000045e-01 -2.211241705813313274e+03
2.052000000000000213e-01 -2.213721080237725801e+03
2.053000000000000103e-01 -2.216187500991891739e+03
2.053999999999999992e-01 -2.218549231809808134e+03
2.055000000000000160e-01 -2.220726643191964286e+03
2.056000000000000050e-01 -2.222814010891132057e+03
2.057000000000000217e-01 -2.224821191794567767e+03
2.058000000000000107e-01 -2.226735393265138100e+03
2.058999999999999997e-01 -2.228591942088042742e+03
2.060000000000000164e-01 -2.230424992163519164e+03
2.061000000000000054e-01 -2.232261504308886288e+03
2.062000000000000222e-01 -2.234160103022182739e+03
2.063000000000000111e-01 -2.236179408347985827e+03
2.064000000000000001e-01 -2.238278249985802631e+03
2.065000000000000169e-01 -2.240441804976627282e+03
2.066000000000000059e-01 -2.242665747189565081e+03
2.067000000000000226e-01 -2.244890019975887753e+03
2.068000000000000116e-01 -2.247065839790491736e+03
2.069000000000000006e-01 -2.249171478236571602e+03
2.070000000000000173e-01 -2.251208490298138713e+03
2.071000000000000063e-01 -2.253197212507843687e+03
2.072000000000000230e-01 -2.255161015575304191e+03
2.073000000000000120e-01 -2.257144169319073626e+03
2.074000000000000010e-01 -2.259118759006023538e+03
2.075000000000000178e-01 -2.261117459065736512e+03
2.076000000000000068e-01 -2.263147561631726603e+03
2.077000000000000235e-01 -2.265218227042940725e+03
2.078000000000000125e-01 -2.267343896731358655e+03
2.079000000000000015e-01 -2.269479194584271681e+03
2.080000000000000182e-01 -2.271536171029529214e+03
2.081000000000000072e-01 -2.273539353329678761e+03
2.081999999999999962e-01 -2.275524757775680428e+03
2.083000000000000129e-01 -2.277510700901190830e+03
2.084000000000000019e-01 -2.279503901415505879e+03
2.085000000000000187e-01 -2.281505307803830419e+03
2.086000000000000076e-01 -2.283514932858151042e+03
2.086999999999999966e-01 -2.285534845202044835e+03
2.088000000000000134e-01 -2.287562450532498588e+03
2.089000000000000024e-01 -2.289597598925517559e+03
2.090000000000000191e-01 -2.291645665144049872e+03
2.091000000000000081e-01 -2.293686358021337128e+03
2.091999999999999971e-01 -2.295719174755912263e+03
2.093000000000000138e-01 -2.297749140607772006e+03
2.094000000000000028e-01 -2.299780682303756748e+03
2.095000000000000195e-01 -2.301814687047194639e+03
2.096000000000000085e-01 -2.303850827199672949e+03
2.096999999999999975e-01 -2.305890344856491993e+03
2.098000000000000143e-01 -2.307935484607829494e+03
2.099000000000000032e-01 -2.309985836315970118e+03
2.100000000000000200e-01 -2.312037534510534442e+03
2.101000000000000090e-01 -2.314100181829760913e+03
2.101999999999999980e-01 -2.316201046841243624e+03
2.103000000000000147e-01 -2.318337648355635338e+03
2.104000000000000037e-01 -2.320501019086927499e+03
2.105000000000000204e-01 -2.322684859617761049e+03
2.106000000000000094e-01 -2.324883053522296450e+03
2.106999999999999984e-01 -2.327093162508746900e+03
2.108000000000000151e-01 -2.329314342030116222e+03
2.109000000000000041e-01 -2.331544849889330635e+03
2.110000000000000209e-01 -2.333782460881509451e+03
2.111000000000000099e-01 -2.336025489183484751e+03
2.111999999999999988e-01 -2.338272217477416234e+03
2.113000000000000156e-01 -2.340524914654291479e+03
2.114000000000000046e-01 -2.342783012242735367e+03
2.115000000000000213e-01 -2.345044637967900599e+03
2.116000000000000103e-01 -2.347307913847185318e+03
2.116999999999999993e-01 -2.349571553311332536e+03
2.118000000000000160e-01 -2.351833832246825295e+03
2.119000000000000050e-01 -2.354093217458471827e+03
2.120000000000000218e-01 -2.356349236708867920e+03
2.121000000000000107e-01 -2.358602564743131097e+03
2.121999999999999997e-01 -2.360854674640987923e+03
2.123000000000000165e-01 -2.363106757246773668e+03
2.124000000000000055e-01 -2.365359724158321114e+03
2.125000000000000222e-01 -2.367614208432467422e+03
2.126000000000000112e-01 -2.369870651742846348e+03
2.127000000000000002e-01 -2.372129334296075740e+03
2.128000000000000169e-01 -2.374390426742747877e+03
2.129000000000000059e-01 -2.376654580598851680e+03
2.130000000000000226e-01 -2.378924500740609346e+03
2.131000000000000116e-01 -2.381200356326307428e+03
2.132000000000000006e-01 -2.383480724228788858e+03
2.133000000000000174e-01 -2.385764249746473979e+03
2.134000000000000064e-01 -2.388050148685909789e+03
2.135000000000000231e-01 -2.390338172226722236e+03
2.136000000000000121e-01 -2.392628279808849584e+03
2.137000000000000011e-01 -2.394920359059382918e+03
2.138000000000000178e-01 -2.397215193746226760e+03
2.139000000000000068e-01 -2.399512859422238762e+03
2.140000000000000235e-01 -2.401809873702615732e+03
2.141000000000000125e-01 -2.404107803115920888e+03
2.142000000000000015e-01 -2.406407375781780956e+03
2.143000000000000183e-01 -2.408709550646440221e+03
2.144000000000000072e-01 -2.411015605878853876e+03
2.145000000000000240e-01 -2.413325576181290671e+03
2.146000000000000130e-01 -2.415639328323597510e+03
2.147000000000000020e-01 -2.417957095525687691e+03
2.148000000000000187e-01 -2.420280092375593085e+03
2.149000000000000077e-01 -2.422613152346010338e+03
2.149999999999999967e-01 -2.424959337279186002e+03
2.151000000000000134e-01 -2.427318886903462953e+03
2.152000000000000024e-01 -2.429691427326357825e+03
2.153000000000000191e-01 -2.432076762750712533e+03
2.154000000000000081e-01 -2.434474275980652237e+03
2.154999999999999971e-01 -2.436884976801350604e+03
2.156000000000000139e-01 -2.439310624897706475e+03
2.157000000000000028e-01 -2.441754883778126896e+03
2.158000000000000196e-01 -2.444221848137514826e+03
2.159000000000000086e-01 -2.446712385492769045e+03
2.159999999999999976e-01 -2.449225077157017950e+03
2.161000000000000143e-01 -2.451757161471502968e+03
2.162000000000000033e-01 -2.454306322853217807e+03
2.163000000000000200e-01 -2.456870225194826162e+03
2.164000000000000090e-01 -2.459444856716869253e+03
2.164999999999999980e-01 -2.462030602501010435e+03
2.166000000000000147e-01 -2.464629675791370119e+03
2.167000000000000037e-01 -2.467248034459705195e+03
2.168000000000000205e-01 -2.469890343847268014e+03
2.169000000000000095e-01 -2.472556192422037839e+03
2.169999999999999984e-01 -2.475244231333316748e+03
2.171000000000000152e-01 -2.477954622677794305e+03
2.172000000000000042e-01 -2.480692914703167844e+03
2.173000000000000209e-01 -2.483475957409533748e+03
2.174000000000000099e-01 -2.486314656151359941e+03
2.174999999999999989e-01 -2.489213479829963035e+03
2.176000000000000156e-01 -2.492176475332805239e+03
2.177000000000000046e-01 -2.495215946367468860e+03
2.178000000000000214e-01 -2.498353991309732464e+03
2.179000000000000103e-01 -2.501605661454897927e+03
2.179999999999999993e-01 -2.504982031044261021e+03
2.181000000000000161e-01 -2.508501676646938449e+03
2.182000000000000051e-01 -2.512184120403968791e+03
2.183000000000000218e-01 -2.516046566198112487e+03
2.184000000000000108e-01 -2.520106485078678361e+03
2.184999999999999998e-01 -2.524384063349651115e+03
2.186000000000000165e-01 -2.528920065822575907e+03
2.187000000000000055e-01 -2.533758960266050508e+03
2.188000000000000222e-01 -2.538929120459301430e+03
2.189000000000000112e-01 -2.544460469225453835e+03
2.190000000000000002e-01 -2.550370414122065540e+03
2.191000000000000170e-01 -2.556806230113538732e+03
2.192000000000000060e-01 -2.563790717409129229e+03
2.193000000000000227e-01 -2.570741542889360517e+03
2.194000000000000117e-01 -2.575134319928450623e+03
2.195000000000000007e-01 -2.577135832068978289e+03
2.196000000000000174e-01 -2.578731300893107345e+03
2.197000000000000064e-01 -2.580367985951185346e+03
2.198000000000000231e-01 -2.582099963752445092e+03
2.199000000000000121e-01 -2.583985337755227192e+03
2.200000000000000011e-01 -2.585980992266313024e+03
2.201000000000000179e-01 -2.588043041158418873e+03
2.202000000000000068e-01 -2.590170119363190679e+03
2.203000000000000236e-01 -2.592370971313518112e+03
2.204000000000000126e-01 -2.594636602446496909e+03
2.205000000000000016e-01 -2.596935512427978210e+03
2.206000000000000183e-01 -2.599236837492555424e+03
2.207000000000000073e-01 -2.601524010118523620e+03
2.208000000000000240e-01 -2.603794783592581098e+03
2.209000000000000130e-01 -2.606055477059419900e+03
2.210000000000000020e-01 -2.608323781238924312e+03
2.211000000000000187e-01 -2.610608977732520088e+03
2.212000000000000077e-01 -2.612899183877299947e+03
2.213000000000000245e-01 -2.615183664927173140e+03
2.214000000000000135e-01 -2.617457211005130830e+03
2.215000000000000024e-01 -2.619717094227808957e+03
2.216000000000000192e-01 -2.621966522289097611e+03
2.217000000000000082e-01 -2.624211001021033553e+03
2.217999999999999972e-01 -2.626455999307175716e+03
2.219000000000000139e-01 -2.628704448487948866e+03
2.220000000000000029e-01 -2.630958586368672968e+03
2.221000000000000196e-01 -2.633219487838111036e+03
2.222000000000000086e-01 -2.635486179094665658e+03
2.222999999999999976e-01 -2.637756788299203436e+03
2.224000000000000143e-01 -2.640029581480155230e+03
2.225000000000000033e-01 -2.642305288810871389e+03
2.226000000000000201e-01 -2.644583898544804015e+03
2.227000000000000091e-01 -2.646864826450466353e+03
2.227999999999999980e-01 -2.649150420429790756e+03
2.229000000000000148e-01 -2.651435401209275824e+03
2.230000000000000038e-01 -2.653717773228392161e+03
2.231000000000000205e-01 -2.655997676648678407e+03
2.232000000000000095e-01 -2.658277219340002830e+03
2.232999999999999985e-01 -2.660554996211722482e+03
2.234000000000000152e-01 -2.662826331642796049e+03
2.235000000000000042e-01 -2.665090255108387282e+03
2.236000000000000210e-01 -2.667348279220493168e+03
2.237000000000000099e-01 -2.669601437366697610e+03
2.237999999999999989e-01 -2.671851090909613959e+03
2.239000000000000157e-01 -2.674098322780482704e+03
2.240000000000000047e-01 -2.676343930237154382e+03
2.241000000000000214e-01 -2.678588561568994919e+03
2.242000000000000104e-01 -2.680832580095968751e+03
2.242999999999999994e-01 -2.683075875366844230e+03
2.244000000000000161e-01 -2.685318725367314528e+03
2.245000000000000051e-01 -2.687560842788491300e+03
2.246000000000000218e-01 -2.689802321887917969e+03
2.247000000000000108e-01 -2.692043620673231999e+03
2.247999999999999998e-01 -2.694285152367665432e+03
2.249000000000000166e-01 -2.696527171792959052e+03
2.250000000000000056e-01 -2.698769693578692113e+03
2.251000000000000223e-01 -2.701012613761798548e+03
2.252000000000000113e-01 -2.703255785760413346e+03
2.253000000000000003e-01 -2.705499059254847452e+03
2.254000000000000170e-01 -2.707742304556562885e+03
2.255000000000000060e-01 -2.709985424648244589e+03
2.256000000000000227e-01 -2.712228392123694448e+03
2.257000000000000117e-01 -2.714471123417378749e+03
2.258000000000000007e-01 -2.716713709868175101e+03
2.259000000000000175e-01 -2.718955854805458785e+03
2.260000000000000064e-01 -2.721197843232309424e+03
2.261000000000000232e-01 -2.723441318960039098e+03
2.262000000000000122e-01 -2.725687043190519944e+03
2.263000000000000012e-01 -2.727934772828190944e+03
2.264000000000000179e-01 -2.730184474362498349e+03
2.265000000000000069e-01 -2.732437355609080896e+03
2.266000000000000236e-01 -2.734693782562973865e+03
2.267000000000000126e-01 -2.736953138929100078e+03
2.268000000000000016e-01 -2.739214936264528205e+03
2.269000000000000183e-01 -2.741478758363991346e+03
2.270000000000000073e-01 -2.743744280484150750e+03
2.271000000000000241e-01 -2.746011476230027256e+03
2.272000000000000131e-01 -2.748280468562602437e+03
2.273000000000000020e-01 -2.750551504529966223e+03
2.274000000000000188e-01 -2.752824774823584448e+03
2.275000000000000078e-01 -2.755100526041142075e+03
2.276000000000000245e-01 -2.757375858977986809e+03
2.277000000000000135e-01 -2.759649370451968480e+03
2.278000000000000025e-01 -2.761921357146663013e+03
2.279000000000000192e-01 -2.764192431362630032e+03
2.280000000000000082e-01 -2.766463295803890560e+03
2.280999999999999972e-01 -2.768733842182394255e+03
2.282000000000000139e-01 -2.771002865466863568e+03
2.283000000000000029e-01 -2.773268732521314178e+03
2.284000000000000197e-01 -2.775530861722727423e+03
2.285000000000000087e-01 -2.777789948841050318e+03
2.285999999999999976e-01 -2.780046769707916155e+03
2.287000000000000144e-01 -2.782302087486341406e+03
2.288000000000000034e-01 -2.784556250164567246e+03
2.289000000000000201e-01 -2.786808721025214254e+03
2.290000000000000091e-01 -2.789059177848062063e+03
2.290999999999999981e-01 -2.791307859057532369e+03
2.292000000000000148e-01 -2.793553818064437110e+03
2.293000000000000038e-01 -2.795798230385038096e+03
2.294000000000000206e-01 -2.798043377340927691e+03
2.295000000000000095e-01 -2.800283887319400492e+03
2.295999999999999985e-01 -2.802523386298625155e+03
2.297000000000000153e-01 -2.804761607351438215e+03
2.298000000000000043e-01 -2.806999620540419528e+03
2.299000000000000210e-01 -2.809237467578888300e+03
2.300000000000000100e-01 -2.811474561743678350e+03
2.300999999999999990e-01 -2.813697022044650566e+03
2.302000000000000157e-01 -2.815875256561443166e+03
2.303000000000000047e-01 -2.818012850725812768e+03
2.304000000000000214e-01 -2.820113967488233357e+03
2.305000000000000104e-01 -2.822191218358221249e+03
2.305999999999999994e-01 -2.824251228715427260e+03
2.307000000000000162e-01 -2.826297683260334907e+03
2.308000000000000052e-01 -2.828332654418741186e+03
2.309000000000000219e-01 -2.830357591796788256e+03
2.310000000000000109e-01 -2.832374420952303808e+03
2.310999999999999999e-01 -2.834384674794187049e+03
2.312000000000000166e-01 -2.836389541038348398e+03
2.313000000000000056e-01 -2.838389921326967396e+03
2.314000000000000223e-01 -2.840385865489230127e+03
2.315000000000000113e-01 -2.842376535782830160e+03
2.316000000000000003e-01 -2.844362246505863823e+03
2.317000000000000171e-01 -2.846343518136068724e+03
2.318000000000000060e-01 -2.848320821455310124e+03
2.319000000000000228e-01 -2.850294522879361466e+03
2.320000000000000118e-01 -2.852264958071308683e+03
2.321000000000000008e-01 -2.854232293864639814e+03
2.322000000000000175e-01 -2.856196620159362283e+03
2.323000000000000065e-01 -2.858158175249148826e+03
2.324000000000000232e-01 -2.860117132487977415e+03
2.325000000000000122e-01 -2.862073679124983300e+03
2.326000000000000012e-01 -2.864028669170562807e+03
2.327000000000000179e-01 -2.865979508963211629e+03
2.328000000000000069e-01 -2.867927853848758332e+03
2.329000000000000237e-01 -2.869874080363860230e+03
2.330000000000000127e-01 -2.871819923942945024e+03
2.331000000000000016e-01 -2.873766117471473081e+03
2.332000000000000184e-01 -2.875712632143490282e+03
2.333000000000000074e-01 -2.877660678061781255e+03
2.334000000000000241e-01 -2.879610677391898662e+03
2.335000000000000131e-01 -2.881567815097522271e+03
2.336000000000000021e-01 -2.883529171487602071e+03
2.337000000000000188e-01 -2.885491360916593749e+03
2.338000000000000078e-01 -2.887467334442306765e+03
2.339000000000000246e-01 -2.889460242972600554e+03
2.340000000000000135e-01 -2.891464364989541536e+03
2.341000000000000025e-01 -2.893474747110506542e+03
2.342000000000000193e-01 -2.895488053828683405e+03
2.343000000000000083e-01 -2.897501889799053970e+03
2.344000000000000250e-01 -2.899513520101859285e+03
2.345000000000000140e-01 -2.901520097255566725e+03
2.346000000000000030e-01 -2.903520869697228591e+03
2.347000000000000197e-01 -2.905516296454199619e+03
2.348000000000000087e-01 -2.907506473960308085e+03
2.348999999999999977e-01 -2.909491676383223421e+03
2.350000000000000144e-01 -2.911472766780989787e+03
2.351000000000000034e-01 -2.913450689023885843e+03
2.352000000000000202e-01 -2.915426432816455872e+03
2.353000000000000091e-01 -2.917401004986264979e+03
2.353999999999999981e-01 -2.919375303989633267e+03
2.355000000000000149e-01 -2.921350012249848533e+03
2.356000000000000039e-01 -2.923325494229479318e+03
2.357000000000000206e-01 -2.925301978571024392e+03
2.358000000000000096e-01 -2.927279497833183996e+03
2.358999999999999986e-01 -2.929257899545160853e+03
2.360000000000000153e-01 -2.931237110212404332e+03
2.361000000000000043e-01 -2.933219540855151081e+03
2.362000000000000210e-01 -2.935199280398003339e+03
2.363000000000000100e-01 -2.937177383026700227e+03
2.363999999999999990e-01 -2.939154781391273900e+03
2.365000000000000158e-01 -2.941131569173377557e+03
2.366000000000000048e-01 -2.943107723207722302e+03
2.367000000000000215e-01 -2.945083761620589485e+03
2.368000000000000105e-01 -2.947060239467450629e+03
2.368999999999999995e-01 -2.949037557352906333e+03
2.370000000000000162e-01 -2.951015792002137914e+03
2.371000000000000052e-01 -2.952994999592099248e+03
2.372000000000000219e-01 -2.954975375822068600e+03
2.373000000000000109e-01 -2.956956523622487111e+03
2.373999999999999999e-01 -2.958937968656987323e+03
2.375000000000000167e-01 -2.960919996306623943e+03
2.376000000000000056e-01 -2.962901705373767527e+03
2.377000000000000224e-01 -2.964882446742431057e+03
2.378000000000000114e-01 -2.966862277480204284e+03
2.379000000000000004e-01 -2.968841343240650076e+03
2.380000000000000171e-01 -2.970819789718306311e+03
2.381000000000000061e-01 -2.972797676397702617e+03
2.382000000000000228e-01 -2.974774963396321255e+03
2.383000000000000118e-01 -2.976752415381557057e+03
2.384000000000000008e-01 -2.978734400378301871e+03
2.385000000000000175e-01 -2.980709790145921943e+03
2.386000000000000065e-01 -2.982681522049846535e+03
2.387000000000000233e-01 -2.984649244818347597e+03
2.388000000000000123e-01 -2.986611829303069499e+03
2.389000000000000012e-01 -2.988570352003735934e+03
2.390000000000000180e-01 -2.990526729628154953e+03
2.391000000000000070e-01 -2.992476547406803547e+03
2.392000000000000237e-01 -2.994430604093682632e+03
2.393000000000000127e-01 -2.996383633404120701e+03
2.394000000000000017e-01 -2.998331324500093615e+03
2.395000000000000184e-01 -3.000277371587356356e+03
2.396000000000000074e-01 -3.002234470118408353e+03
2.397000000000000242e-01 -3.004200709153669322e+03
2.398000000000000131e-01 -3.006166465934808912e+03
2.399000000000000021e-01 -3.008128708875282882e+03
2.400000000000000189e-01 -3.010080244424006196e+03
2.401000000000000079e-01 -3.012016063199142991e+03
2.402000000000000246e-01 -3.013938718902674736e+03
2.403000000000000136e-01 -3.015853574244902120e+03
2.404000000000000026e-01 -3.017764437943886151e+03
2.405000000000000193e-01 -3.019672871665703951e+03
2.406000000000000083e-01 -3.021579264208666245e+03
2.407000000000000250e-01 -3.023483815059260451e+03
2.408000000000000140e-01 -3.025386969956382927e+03
2.409000000000000030e-01 -3.027289379073065447e+03
2.410000000000000198e-01 -3.029191636376315273e+03
2.411000000000000087e-01 -3.031094070374761941e+03
2.411999999999999977e-01 -3.032996700947252521e+03
2.413000000000000145e-01 -3.034899321510393293e+03
2.414000000000000035e-01 -3.036801613761019325e+03
2.415000000000000202e-01 -3.038703230978809643e+03
2.416000000000000092e-01 -3.040603833809899697e+03
2.416999999999999982e-01 -3.042503092383696185e+03
2.418000000000000149e-01 -3.044400674351149064e+03
2.419000000000000039e-01 -3.046296229972864239e+03
2.420000000000000207e-01 -3.048189373579677977e+03
2.421000000000000096e-01 -3.050079650864312043e+03
2.421999999999999986e-01 -3.051966468900630844e+03
2.423000000000000154e-01 -3.053848919928534997e+03
2.424000000000000044e-01 -3.055724759103974975e+03
2.425000000000000211e-01 -3.057583932738877138e+03
2.426000000000000101e-01 -3.059414154822126875e+03
2.426999999999999991e-01 -3.061208722578915967e+03
2.428000000000000158e-01 -3.062964143981624602e+03
2.429000000000000048e-01 -3.064677030026145076e+03
2.430000000000000215e-01 -3.066342496836597547e+03
2.431000000000000105e-01 -3.067954116166701169e+03
2.431999999999999995e-01 -3.069497709993726403e+03
2.433000000000000163e-01 -3.070960125010069078e+03
2.434000000000000052e-01 -3.072331801288221868e+03
2.435000000000000220e-01 -3.073608450567653108e+03
2.436000000000000110e-01 -3.074788107862454581e+03
2.437000000000000000e-01 -3.075872835338533605e+03
2.438000000000000167e-01 -3.076853860997312040e+03
2.439000000000000057e-01 -3.077714978700059874e+03
2.440000000000000224e-01 -3.078439652506591301e+03
2.441000000000000114e-01 -3.079014615228781622e+03
2.442000000000000004e-01 -3.079433732471851727e+03
2.443000000000000171e-01 -3.079726585239757696e+03
2.444000000000000061e-01 -3.079930406826413673e+03
2.445000000000000229e-01 -3.080044847948508050e+03
2.446000000000000119e-01 -3.080084645882549921e+03
2.447000000000000008e-01 -3.080092023538450121e+03
2.448000000000000176e-01 -3.080165533647396842e+03
2.449000000000000066e-01 -3.080387965435050319e+03
2.450000000000000233e-01 -3.080795984244533429e+03
2.451000000000000123e-01 -3.081397538218900081e+03
2.452000000000000013e-01 -3.082247506787266957e+03
2.453000000000000180e-01 -3.083338297218277148e+03
2.454000000000000070e-01 -3.084610204509478081e+03
2.455000000000000238e-01 -3.086035375809695779e+03
2.456000000000000127e-01 -3.087591740727993965e+03
2.457000000000000017e-01 -3.089242494861292016e+03
2.458000000000000185e-01 -3.090981044695347464e+03
2.459000000000000075e-01 -3.092796336060654539e+03
2.460000000000000242e-01 -3.094673639863040080e+03
2.461000000000000132e-01 -3.096601303160654879e+03
2.462000000000000022e-01 -3.098568217876124891e+03
2.463000000000000189e-01 -3.100573213019529703e+03
2.464000000000000079e-01 -3.102596202251269915e+03
2.465000000000000246e-01 -3.104633894361689272e+03
2.466000000000000136e-01 -3.106668074365270513e+03
2.467000000000000026e-01 -3.108733112997639182e+03
2.468000000000000194e-01 -3.110809480569607331e+03
2.469000000000000083e-01 -3.112887983347030968e+03
2.470000000000000251e-01 -3.114964984275912684e+03
2.471000000000000141e-01 -3.117031621056409676e+03
2.472000000000000031e-01 -3.119083561545865905e+03
2.473000000000000198e-01 -3.121119636520335007e+03
2.474000000000000088e-01 -3.123140201564010567e+03
2.475000000000000255e-01 -3.125146380071997555e+03
2.476000000000000145e-01 -3.127139978403511122e+03
2.477000000000000035e-01 -3.129123783181261388e+03
2.478000000000000203e-01 -3.131099021962295865e+03
2.479000000000000092e-01 -3.133066855226705684e+03
2.479999999999999982e-01 -3.135032022298917582e+03
2.481000000000000150e-01 -3.136998824316367518e+03
2.482000000000000040e-01 -3.138969640817512754e+03
2.483000000000000207e-01 -3.140946912853743470e+03
2.484000000000000097e-01 -3.142926064149104604e+03
2.484999999999999987e-01 -3.144905885367583778e+03
2.486000000000000154e-01 -3.146886267998354469e+03
2.487000000000000044e-01 -3.148867158519712120e+03
2.488000000000000211e-01 -3.150848439695916113e+03
2.489000000000000101e-01 -3.152829961369598095e+03
2.489999999999999991e-01 -3.154811514878369053e+03
2.491000000000000159e-01 -3.156792858326178248e+03
2.492000000000000048e-01 -3.158773793022721748e+03
2.493000000000000216e-01 -3.160754209992758661e+03
2.494000000000000106e-01 -3.162734045329626952e+03
2.494999999999999996e-01 -3.164713286810741465e+03
2.496000000000000163e-01 -3.166692012082837209e+03
2.497000000000000053e-01 -3.168670244750715028e+03
2.498000000000000220e-01 -3.170646519700051158e+03
2.499000000000000110e-01 -3.172620821368093857e+03
2.500000000000000000e-01 -3.174592494228410942e+03
2.500999999999999890e-01 -3.178459082007778306e+03
2.502000000000000335e-01 -3.183528344027731691e+03
2.503000000000000225e-01 -3.188849832017755489e+03
2.504000000000000115e-01 -3.194400914605871549e+03
2.505000000000000004e-01 -3.200517506331812001e+03
2.505999999999999894e-01 -3.207460244173125830e+03
2.507000000000000339e-01 -3.214842641069092679e+03
2.508000000000000229e-01 -3.221722187348926582e+03
2.509000000000000119e-01 -3.227181408742275835e+03
2.510000000000000009e-01 -3.231642541646510381e+03
2.510999999999999899e-01 -3.235593763313717318e+03
2.512000000000000344e-01 -3.239188857753495085e+03
2.513000000000000234e-01 -3.242384763183274572e+03
2.514000000000000123e-01 -3.245104461106073813e+03
2.515000000000000013e-01 -3.247498553182334490e+03
2.515999999999999903e-01 -3.249943260885951531e+03
2.517000000000000348e-01 -3.253285228637394994e+03
2.518000000000000238e-01 -3.256774880113624022e+03
2.519000000000000128e-01 -3.259469961543823047e+03
2.520000000000000018e-01 -3.261507220345012229e+03
2.520999999999999908e-01 -3.263138509919833268e+03
2.522000000000000353e-01 -3.264540692689541174e+03
2.523000000000000242e-01 -3.265828986316106239e+03
2.524000000000000132e-01 -3.267078858967620818e+03
2.525000000000000022e-01 -3.268329066306978802e+03
2.525999999999999912e-01 -3.269603561571623231e+03
2.527000000000000357e-01 -3.270932074575787283e+03
2.528000000000000247e-01 -3.272327514389636690e+03
2.529000000000000137e-01 -3.273777742826307076e+03
2.530000000000000027e-01 -3.275257750902082535e+03
2.530999999999999917e-01 -3.276753258039567754e+03
2.532000000000000361e-01 -3.278257108307805993e+03
2.533000000000000251e-01 -3.279762574500348819e+03
2.534000000000000141e-01 -3.281258302169585932e+03
2.535000000000000031e-01 -3.282728072822024387e+03
2.535999999999999921e-01 -3.284153679459370778e+03
2.537000000000000366e-01 -3.285517239397185222e+03
2.538000000000000256e-01 -3.286803428344193890e+03
2.539000000000000146e-01 -3.287997609010165434e+03
2.540000000000000036e-01 -3.289095492459061461e+03
2.540999999999999925e-01 -3.290107514058225206e+03
2.542000000000000370e-01 -3.291032813489885939e+03
2.543000000000000260e-01 -3.291870118689927040e+03
2.544000000000000150e-01 -3.292624005361133186e+03
2.545000000000000040e-01 -3.293302735282945378e+03
2.545999999999999930e-01 -3.293910563960292166e+03
2.547000000000000375e-01 -3.294451656840038140e+03
2.548000000000000265e-01 -3.294962068093807829e+03
2.549000000000000155e-01 -3.295512597088281382e+03
2.550000000000000044e-01 -3.296151197712211342e+03
2.550999999999999934e-01 -3.296886110145772363e+03
2.552000000000000379e-01 -3.297712956639040840e+03
2.553000000000000269e-01 -3.298552202413331997e+03
2.554000000000000159e-01 -3.299322172747516106e+03
2.555000000000000049e-01 -3.300142638011398049e+03
2.555999999999999939e-01 -3.300881987923362885e+03
2.557000000000000384e-01 -3.301714922146159097e+03
2.558000000000000274e-01 -3.302722215232094186e+03
2.559000000000000163e-01 -3.303906100279595648e+03
2.560000000000000053e-01 -3.305240418803840839e+03
2.560999999999999943e-01 -3.306702237104132109e+03
2.562000000000000388e-01 -3.308278051042388142e+03
2.563000000000000278e-01 -3.309957892791616359e+03
2.564000000000000168e-01 -3.311717662907767135e+03
2.565000000000000058e-01 -3.313529641286270362e+03
2.565999999999999948e-01 -3.315383880211761607e+03
2.567000000000000393e-01 -3.317274186756190829e+03
2.568000000000000282e-01 -3.319192739055727088e+03
2.569000000000000172e-01 -3.321133451849039375e+03
2.570000000000000062e-01 -3.323086557596394869e+03
2.570999999999999952e-01 -3.325057156468391440e+03
2.572000000000000397e-01 -3.327043047718234902e+03
2.573000000000000287e-01 -3.329039134742728947e+03
2.574000000000000177e-01 -3.331041666486419672e+03
2.575000000000000067e-01 -3.333044095861743244e+03
2.575999999999999956e-01 -3.335042674099052419e+03
2.576999999999999846e-01 -3.337039546131081352e+03
2.578000000000000291e-01 -3.339044693520746478e+03
2.579000000000000181e-01 -3.341058327036979335e+03
2.580000000000000071e-01 -3.343055376444129706e+03
2.580999999999999961e-01 -3.345045304906888305e+03
2.581999999999999851e-01 -3.347034659734746583e+03
2.583000000000000296e-01 -3.349018411407573694e+03
2.584000000000000186e-01 -3.350993889028690774e+03
2.585000000000000075e-01 -3.352963068272816145e+03
2.585999999999999965e-01 -3.354927817403657173e+03
2.586999999999999855e-01 -3.356889134929489046e+03
2.588000000000000300e-01 -3.358848766328742386e+03
2.589000000000000190e-01 -3.360809660580950549e+03
2.590000000000000080e-01 -3.362774328853944098e+03
2.590999999999999970e-01 -3.364743439927561667e+03
2.591999999999999860e-01 -3.366716851631242207e+03
2.593000000000000305e-01 -3.368694136907368829e+03
2.594000000000000195e-01 -3.370674785903674547e+03
2.595000000000000084e-01 -3.372658317731280476e+03
2.595999999999999974e-01 -3.374644308498027385e+03
2.596999999999999864e-01 -3.376632373475109944e+03
2.598000000000000309e-01 -3.378622606629909569e+03
2.599000000000000199e-01 -3.380616840308416613e+03
2.600000000000000089e-01 -3.382616083492753660e+03
2.600999999999999979e-01 -3.384633802490851849e+03
2.601999999999999869e-01 -3.386704261154572123e+03
2.603000000000000314e-01 -3.388827960457337213e+03
2.604000000000000203e-01 -3.390993772269785495e+03
2.605000000000000093e-01 -3.393190653844579629e+03
2.605999999999999983e-01 -3.395410265167015496e+03
2.606999999999999873e-01 -3.397647147288865199e+03
2.608000000000000318e-01 -3.399893721760518474e+03
2.609000000000000208e-01 -3.402043983598852265e+03
2.610000000000000098e-01 -3.403707666905267615e+03
2.610999999999999988e-01 -3.405294474843143689e+03
2.611999999999999877e-01 -3.406990105457663049e+03
2.613000000000000322e-01 -3.408817665769095129e+03
2.614000000000000212e-01 -3.410748785197015877e+03
2.615000000000000102e-01 -3.412757453665536104e+03
2.615999999999999992e-01 -3.414503174140533702e+03
2.616999999999999882e-01 -3.415762235676947057e+03
2.618000000000000327e-01 -3.416974495185713295e+03
2.619000000000000217e-01 -3.418276838563525416e+03
2.620000000000000107e-01 -3.419683208274071148e+03
2.620999999999999996e-01 -3.421235274423929695e+03
2.621999999999999886e-01 -3.423004317902824369e+03
2.623000000000000331e-01 -3.425020806276565054e+03
2.624000000000000221e-01 -3.427224797860686976e+03
2.625000000000000111e-01 -3.429532181310213673e+03
2.626000000000000001e-01 -3.431885151529701488e+03
2.626999999999999891e-01 -3.434253444063667303e+03
2.628000000000000336e-01 -3.436623624049681439e+03
2.629000000000000226e-01 -3.438992339488564994e+03
2.630000000000000115e-01 -3.441354581744428287e+03
2.631000000000000005e-01 -3.443708010494792688e+03
2.631999999999999895e-01 -3.446053281165131011e+03
2.633000000000000340e-01 -3.448392715097906148e+03
2.634000000000000230e-01 -3.450729379078627971e+03
2.635000000000000120e-01 -3.453066139464307525e+03
2.636000000000000010e-01 -3.455401401697692563e+03
2.636999999999999900e-01 -3.457735669710209095e+03
2.638000000000000345e-01 -3.460073546869187794e+03
2.639000000000000234e-01 -3.462417159589285347e+03
2.640000000000000124e-01 -3.464768423393250941e+03
2.641000000000000014e-01 -3.467128129121030270e+03
2.641999999999999904e-01 -3.469495727274323599e+03
2.643000000000000349e-01 -3.471870258980886319e+03
2.644000000000000239e-01 -3.474250443855969934e+03
2.645000000000000129e-01 -3.476636347647162438e+03
2.646000000000000019e-01 -3.479028074154042315e+03
2.646999999999999909e-01 -3.481425397229749251e+03
2.648000000000000353e-01 -3.483828043688386515e+03
2.649000000000000243e-01 -3.486235924815533508e+03
2.650000000000000133e-01 -3.488642514309414764e+03
2.651000000000000023e-01 -3.491060266632986441e+03
2.651999999999999913e-01 -3.493492542372649496e+03
2.653000000000000358e-01 -3.495937701189474865e+03
2.654000000000000248e-01 -3.498399333536105587e+03
2.655000000000000138e-01 -3.500880280779151690e+03
2.656000000000000028e-01 -3.503381174187667057e+03
2.656999999999999917e-01 -3.505900737739344549e+03
2.658000000000000362e-01 -3.508436463409787848e+03
2.659000000000000252e-01 -3.510988081373238401e+03
2.660000000000000142e-01 -3.513556808466808434e+03
2.661000000000000032e-01 -3.516144150354678004e+03
2.661999999999999922e-01 -3.518754024544410640e+03
2.663000000000000367e-01 -3.521393973128827383e+03
2.664000000000000257e-01 -3.524066720694429023e+03
2.665000000000000147e-01 -3.526770454955371861e+03
2.666000000000000036e-01 -3.529500519446678481e+03
2.666999999999999926e-01 -3.532251405033129231e+03
2.668000000000000371e-01 -3.535020034512341681e+03
2.669000000000000261e-01 -3.537812846858673311e+03
2.670000000000000151e-01 -3.540643380591431651e+03
2.671000000000000041e-01 -3.543522492054748454e+03
2.671999999999999931e-01 -3.546457231092731035e+03
2.673000000000000376e-01 -3.549445877119518173e+03
2.674000000000000266e-01 -3.552492571084022529e+03
2.675000000000000155e-01 -3.555614001809530237e+03
2.676000000000000045e-01 -3.558821738351787189e+03
2.676999999999999935e-01 -3.562123924320034348e+03
2.678000000000000380e-01 -3.565528476825275447e+03
2.679000000000000270e-01 -3.569045579145627016e+03
2.680000000000000160e-01 -3.572690638279219456e+03
2.681000000000000050e-01 -3.576491069072192204e+03
2.681999999999999940e-01 -3.580472858645037832e+03
2.683000000000000385e-01 -3.584655099974700533e+03
2.684000000000000274e-01 -3.589014984108305725e+03
2.685000000000000164e-01 -3.593600805103294078e+03
2.686000000000000054e-01 -3.598402163822702732e+03
2.686999999999999944e-01 -3.603534720365326393e+03
2.688000000000000389e-01 -3.609040976053694067e+03
2.689000000000000279e-01 -3.614919444686800034e+03
2.690000000000000169e-01 -3.620867697904046054e+03
2.691000000000000059e-01 -3.625434108246623055e+03
2.691999999999999948e-01 -3.628143893076269251e+03
2.693000000000000393e-01 -3.630117111761288470e+03
2.694000000000000283e-01 -3.631993718363962671e+03
2.695000000000000173e-01 -3.633894113943606953e+03
2.696000000000000063e-01 -3.635781186545127184e+03
2.696999999999999953e-01 -3.637675076535135304e+03
2.698000000000000398e-01 -3.639618966552221991e+03
2.699000000000000288e-01 -3.641640349770237208e+03
2.700000000000000178e-01 -3.643741194309619004e+03
2.701000000000000068e-01 -3.645914107764946039e+03
2.701999999999999957e-01 -3.648149987210230393e+03
2.703000000000000402e-01 -3.650432286573215151e+03
2.704000000000000292e-01 -3.652738492792991565e+03
2.705000000000000182e-01 -3.655047686675270143e+03
2.706000000000000072e-01 -3.657347158555958231e+03
2.706999999999999962e-01 -3.659631287983428592e+03
2.708000000000000407e-01 -3.661897354377374540e+03
2.709000000000000297e-01 -3.664151171445712862e+03
2.710000000000000187e-01 -3.666399298702209762e+03
2.711000000000000076e-01 -3.668645180887691367e+03
2.711999999999999966e-01 -3.670884988690193040e+03
2.712999999999999856e-01 -3.673120192920882801e+03
2.714000000000000301e-01 -3.675358158686473871e+03
2.715000000000000191e-01 -3.677602891783712494e+03
2.716000000000000081e-01 -3.679854849873734111e+03
2.716999999999999971e-01 -3.682113021908707196e+03
2.717999999999999861e-01 -3.684376022009747885e+03
2.719000000000000306e-01 -3.686641639668350763e+03
2.720000000000000195e-01 -3.688905101875186574e+03
2.721000000000000085e-01 -3.691161731935544594e+03
2.721999999999999975e-01 -3.693411386931182278e+03
2.722999999999999865e-01 -3.695655775126747358e+03
2.724000000000000310e-01 -3.697896443749479204e+03
2.725000000000000200e-01 -3.700134398333233548e+03
2.726000000000000090e-01 -3.702370269087974066e+03
2.726999999999999980e-01 -3.704604518467877824e+03
2.727999999999999869e-01 -3.706837817979425836e+03
2.729000000000000314e-01 -3.709070788230707876e+03
2.730000000000000204e-01 -3.711303376272757305e+03
2.731000000000000094e-01 -3.713535520375273336e+03
2.731999999999999984e-01 -3.715767184265348078e+03
2.732999999999999874e-01 -3.717998585778223514e+03
2.734000000000000319e-01 -3.720230629807068453e+03
2.735000000000000209e-01 -3.722463736691729537e+03
2.736000000000000099e-01 -3.724697818234955321e+03
2.736999999999999988e-01 -3.726932612937572230e+03
2.737999999999999878e-01 -3.729144369488752545e+03
2.739000000000000323e-01 -3.731303422637135554e+03
2.740000000000000213e-01 -3.733410018057586058e+03
2.741000000000000103e-01 -3.735534161536860665e+03
2.741999999999999993e-01 -3.737685838582066935e+03
2.742999999999999883e-01 -3.739855556712020189e+03
2.744000000000000328e-01 -3.742042562798921153e+03
2.745000000000000218e-01 -3.744245829911995770e+03
2.746000000000000107e-01 -3.746461975532977249e+03
2.746999999999999997e-01 -3.748687010304113755e+03
2.747999999999999887e-01 -3.750919265493813782e+03
2.749000000000000332e-01 -3.753155560699265152e+03
2.750000000000000222e-01 -3.755395789976170818e+03
2.751000000000000112e-01 -3.757640112349261017e+03
2.752000000000000002e-01 -3.759887937152128416e+03
2.752999999999999892e-01 -3.762136751035678117e+03
2.754000000000000337e-01 -3.764384926037990681e+03
2.755000000000000226e-01 -3.766631866435363463e+03
2.756000000000000116e-01 -3.768877857613940250e+03
2.757000000000000006e-01 -3.771122249838809239e+03
2.757999999999999896e-01 -3.773365563564770127e+03
2.759000000000000341e-01 -3.775608182437420510e+03
2.760000000000000231e-01 -3.777850903172121434e+03
2.761000000000000121e-01 -3.780094169160814999e+03
2.762000000000000011e-01 -3.782336823727202045e+03
2.762999999999999901e-01 -3.784578894091732309e+03
2.764000000000000346e-01 -3.786820705751332753e+03
2.765000000000000235e-01 -3.789062718237259560e+03
2.766000000000000125e-01 -3.791305972060796194e+03
2.767000000000000015e-01 -3.793549453047728093e+03
2.767999999999999905e-01 -3.795792884860109552e+03
2.769000000000000350e-01 -3.798036331893957140e+03
2.770000000000000240e-01 -3.800279934968910311e+03
2.771000000000000130e-01 -3.802524182898959680e+03
2.772000000000000020e-01 -3.804769393939226575e+03
2.772999999999999909e-01 -3.807015599089832904e+03
2.774000000000000354e-01 -3.809262721284819236e+03
2.775000000000000244e-01 -3.811510639799688761e+03
2.776000000000000134e-01 -3.813759214152350523e+03
2.777000000000000024e-01 -3.816008296232497287e+03
2.777999999999999914e-01 -3.818257548589351700e+03
2.779000000000000359e-01 -3.820506163631782783e+03
2.780000000000000249e-01 -3.822753896668583366e+03
2.781000000000000139e-01 -3.824999938990243663e+03
2.782000000000000028e-01 -3.827244127392557402e+03
2.782999999999999918e-01 -3.829486669434805208e+03
2.784000000000000363e-01 -3.831727903956304090e+03
2.785000000000000253e-01 -3.833968132815981789e+03
2.786000000000000143e-01 -3.836207558287225311e+03
2.787000000000000033e-01 -3.838446229818633128e+03
2.787999999999999923e-01 -3.840684044117857866e+03
2.789000000000000368e-01 -3.842921223121193179e+03
2.790000000000000258e-01 -3.845157861053617125e+03
2.791000000000000147e-01 -3.847394133459209115e+03
2.792000000000000037e-01 -3.849630024395984947e+03
2.792999999999999927e-01 -3.851864361230862869e+03
2.794000000000000372e-01 -3.854096085394680358e+03
2.795000000000000262e-01 -3.856324506294415642e+03
2.796000000000000152e-01 -3.858550177855778657e+03
2.797000000000000042e-01 -3.860773808260809346e+03
2.797999999999999932e-01 -3.862995978062821905e+03
2.799000000000000377e-01 -3.865217128877630330e+03
2.800000000000000266e-01 -3.867437592584002687e+03
2.801000000000000156e-01 -3.869644458283520635e+03
2.802000000000000046e-01 -3.871809689378162602e+03
2.802999999999999936e-01 -3.873936862987170571e+03
2.804000000000000381e-01 -3.876035772622383320e+03
2.805000000000000271e-01 -3.878114318906431890e+03
2.806000000000000161e-01 -3.880178033307393889e+03
2.807000000000000051e-01 -3.882230866290735321e+03
2.807999999999999940e-01 -3.884275671430539205e+03
2.809000000000000385e-01 -3.886314240246782902e+03
2.810000000000000275e-01 -3.888347847177579752e+03
2.811000000000000165e-01 -3.890377434770234231e+03
2.812000000000000055e-01 -3.892403864052131212e+03
2.812999999999999945e-01 -3.894427812621442627e+03
2.814000000000000390e-01 -3.896449894722145018e+03
2.815000000000000280e-01 -3.898470714993343790e+03
2.816000000000000170e-01 -3.900490771104764463e+03
2.817000000000000060e-01 -3.902510368738231136e+03
2.817999999999999949e-01 -3.904529627456727667e+03
2.819000000000000394e-01 -3.906548306615788988e+03
2.820000000000000284e-01 -3.908566060203856978e+03
2.821000000000000174e-01 -3.910582297309040314e+03
2.822000000000000064e-01 -3.912595683785377332e+03
2.822999999999999954e-01 -3.914605766569041862e+03
2.824000000000000399e-01 -3.916612908137300565e+03
2.825000000000000289e-01 -3.918706074630407329e+03
2.826000000000000179e-01 -3.920915748590734438e+03
2.827000000000000068e-01 -3.923100357124865695e+03
2.827999999999999958e-01 -3.925302791530788909e+03
2.829000000000000403e-01 -3.927466857178112150e+03
2.830000000000000293e-01 -3.929603032410756896e+03
2.831000000000000183e-01 -3.931725619378480587e+03
2.832000000000000073e-01 -3.933846200014012538e+03
2.832999999999999963e-01 -3.935975737656749061e+03
2.834000000000000408e-01 -3.938115484836307587e+03
2.835000000000000298e-01 -3.940260667605005438e+03
2.836000000000000187e-01 -3.942408111273517989e+03
2.837000000000000077e-01 -3.944555674063484275e+03
2.837999999999999967e-01 -3.946701706661810022e+03
2.839000000000000412e-01 -3.948844774026328651e+03
2.840000000000000302e-01 -3.950976161390740344e+03
2.841000000000000192e-01 -3.953093939562100331e+03
2.842000000000000082e-01 -3.955197234871048749e+03
2.842999999999999972e-01 -3.957286013352867940e+03
2.843999999999999861e-01 -3.959361870497230029e+03
2.845000000000000306e-01 -3.961424126896058624e+03
2.846000000000000196e-01 -3.963472537220393860e+03
2.847000000000000086e-01 -3.965514279313616498e+03
2.847999999999999976e-01 -3.967553873557938459e+03
2.848999999999999866e-01 -3.969589792842390580e+03
2.850000000000000311e-01 -3.971608645664392952e+03
2.851000000000000201e-01 -3.973608344504396882e+03
2.852000000000000091e-01 -3.975587583749016630e+03
2.852999999999999980e-01 -3.977551778864647076e+03
2.853999999999999870e-01 -3.979531619983531527e+03
2.855000000000000315e-01 -3.981526785627742811e+03
2.856000000000000205e-01 -3.983528652539269387e+03
2.857000000000000095e-01 -3.985533403825212645e+03
2.857999999999999985e-01 -3.987540150802725748e+03
2.858999999999999875e-01 -3.989548175936542521e+03
2.860000000000000320e-01 -3.991554848165380918e+03
2.861000000000000210e-01 -3.993556185241062849e+03
2.862000000000000099e-01 -3.995552338086647069e+03
2.862999999999999989e-01 -3.997544316536023871e+03
2.863999999999999879e-01 -3.999532976906675685e+03
2.865000000000000324e-01 -4.001518891849910233e+03
2.866000000000000214e-01 -4.003502397674735676e+03
2.867000000000000104e-01 -4.005483645151974088e+03
2.867999999999999994e-01 -4.007462664226636207e+03
2.868999999999999884e-01 -4.009439349567608588e+03
2.870000000000000329e-01 -4.011412537713053098e+03
2.871000000000000218e-01 -4.013380029267157624e+03
2.872000000000000108e-01 -4.015344394690700938e+03
2.872999999999999998e-01 -4.017302313163487270e+03
2.873999999999999888e-01 -4.019253096616288076e+03
2.875000000000000333e-01 -4.021199133761394478e+03
2.876000000000000223e-01 -4.023141757438806508e+03
2.877000000000000113e-01 -4.025081790082575480e+03
2.878000000000000003e-01 -4.027019741714019801e+03
2.878999999999999893e-01 -4.028955912694647850e+03
2.880000000000000338e-01 -4.030890442292027274e+03
2.881000000000000227e-01 -4.032823394470933181e+03
2.882000000000000117e-01 -4.034754794472290541e+03
2.883000000000000007e-01 -4.036684632578256242e+03
2.883999999999999897e-01 -4.038612868145486573e+03
2.885000000000000342e-01 -4.040539433446475414e+03
2.886000000000000232e-01 -4.042464235429874861e+03
2.887000000000000122e-01 -4.044387167950845651e+03
2.888000000000000012e-01 -4.046309093600443703e+03
2.888999999999999901e-01 -4.048229107889311763e+03
2.890000000000000346e-01 -4.050146062282357889e+03
2.891000000000000236e-01 -4.052058850081263699e+03
2.892000000000000126e-01 -4.053963532005618617e+03
2.893000000000000016e-01 -4.055858545068508647e+03
2.893999999999999906e-01 -4.057744701421911486e+03
2.895000000000000351e-01 -4.059627520958013974e+03
2.896000000000000241e-01 -4.061515180787512691e+03
2.897000000000000131e-01 -4.063410125925609918e+03
2.898000000000000020e-01 -4.065385858034832381e+03
2.898999999999999910e-01 -4.067455891331046132e+03
2.900000000000000355e-01 -4.069521961514325994e+03
2.901000000000000245e-01 -4.071526703905883551e+03
2.902000000000000135e-01 -4.073471436635199098e+03
2.903000000000000025e-01 -4.075374189641636804e+03
2.903999999999999915e-01 -4.077253539322027791e+03
2.905000000000000360e-01 -4.079122561198100357e+03
2.906000000000000250e-01 -4.080988714506912856e+03
2.907000000000000139e-01 -4.082858961237860967e+03
2.908000000000000029e-01 -4.084738208099577150e+03
2.908999999999999919e-01 -4.086634913227173456e+03
2.910000000000000364e-01 -4.088555096151165799e+03
2.911000000000000254e-01 -4.090482443656437681e+03
2.912000000000000144e-01 -4.092415793206433591e+03
2.913000000000000034e-01 -4.094335978627494114e+03
2.913999999999999924e-01 -4.096262276274118449e+03
2.915000000000000369e-01 -4.098228826366368594e+03
2.916000000000000258e-01 -4.100222660660670954e+03
2.917000000000000148e-01 -4.102212281997492028e+03
2.918000000000000038e-01 -4.104169021775412148e+03
2.918999999999999928e-01 -4.106075544079279098e+03
2.920000000000000373e-01 -4.107925286985378079e+03
2.921000000000000263e-01 -4.109718167073947370e+03
2.922000000000000153e-01 -4.111461515355365009e+03
2.923000000000000043e-01 -4.113163969455209553e+03
2.923999999999999932e-01 -4.114825568188200123e+03
2.925000000000000377e-01 -4.116438879154487040e+03
2.926000000000000267e-01 -4.117994581904726147e+03
2.927000000000000157e-01 -4.119473929687569580e+03
2.928000000000000047e-01 -4.120847567529215667e+03
2.928999999999999937e-01 -4.122086089641059516e+03
2.930000000000000382e-01 -4.123165643823031132e+03
2.931000000000000272e-01 -4.124068364253938853e+03
2.932000000000000162e-01 -4.124780713310179635e+03
2.933000000000000052e-01 -4.125292910324754303e+03
2.933999999999999941e-01 -4.125564435204657457e+03
2.935000000000000386e-01 -4.125588117746699936e+03
2.936000000000000276e-01 -4.125411345445580992e+03
2.937000000000000166e-01 -4.125075834280270101e+03
2.938000000000000056e-01 -4.124580593275812134e+03
2.938999999999999946e-01 -4.123898082165285814e+03
2.940000000000000391e-01 -4.123030472418075078e+03
2.941000000000000281e-01 -4.122035198347202822e+03
2.942000000000000171e-01 -4.121003127385137304e+03
2.943000000000000060e-01 -4.119923036740676253e+03
2.943999999999999950e-01 -4.118913798574199063e+03
2.945000000000000395e-01 -4.118400859829137516e+03
2.946000000000000285e-01 -4.118533598260004510e+03
2.947000000000000175e-01 -4.119231011805499293e+03
2.948000000000000065e-01 -4.120402987722342004e+03
2.948999999999999955e-01 -4.121950357388508564e+03
2.950000000000000400e-01 -4.123811916491769807e+03
2.951000000000000290e-01 -4.125962424261725573e+03
2.952000000000000179e-01 -4.128324998917653829e+03
2.953000000000000069e-01 -4.130778417266404176e+03
2.953999999999999959e-01 -4.133161062320447854e+03
2.955000000000000404e-01 -4.135414343299978100e+03
2.956000000000000294e-01 -4.137568306160852444e+03
2.957000000000000184e-01 -4.139598222199007978e+03
2.958000000000000074e-01 -4.141480314032905881e+03
2.958999999999999964e-01 -4.143301464200665578e+03
2.960000000000000409e-01 -4.145102871483873969e+03
2.961000000000000298e-01 -4.146911712171058753e+03
2.962000000000000188e-01 -4.148741850696740585e+03
2.963000000000000078e-01 -4.150594965130211676e+03
2.963999999999999968e-01 -4.152488952302040161e+03
2.965000000000000413e-01 -4.154466236901452248e+03
2.966000000000000303e-01 -4.156500502232607687e+03
2.967000000000000193e-01 -4.158545821925068594e+03
2.968000000000000083e-01 -4.160588246261145287e+03
2.968999999999999972e-01 -4.162614255098853391e+03
2.970000000000000417e-01 -4.164610590494259668e+03
2.971000000000000307e-01 -4.166572751920066366e+03
2.972000000000000197e-01 -4.168500081284561929e+03
2.973000000000000087e-01 -4.170398592290956003e+03
2.973999999999999977e-01 -4.172283172443324474e+03
2.974999999999999867e-01 -4.174184836768252353e+03
2.976000000000000312e-01 -4.176091233464755533e+03
2.977000000000000202e-01 -4.178018407841827866e+03
2.978000000000000091e-01 -4.179982763891795003e+03
2.978999999999999981e-01 -4.181964132258727659e+03
2.979999999999999871e-01 -4.184001607137097380e+03
2.981000000000000316e-01 -4.186095199150630833e+03
2.982000000000000206e-01 -4.188217148167980667e+03
2.983000000000000096e-01 -4.190313155914481285e+03
2.983999999999999986e-01 -4.192370004740809236e+03
2.984999999999999876e-01 -4.194381469276376265e+03
2.986000000000000321e-01 -4.196356305193598928e+03
2.987000000000000210e-01 -4.198311237718608027e+03
2.988000000000000100e-01 -4.200261389269193387e+03
2.988999999999999990e-01 -4.202219389795561256e+03
2.989999999999999880e-01 -4.204190266133674413e+03
2.991000000000000325e-01 -4.206173541097603447e+03
2.992000000000000215e-01 -4.208167182176087408e+03
2.993000000000000105e-01 -4.210180385104201378e+03
2.993999999999999995e-01 -4.212201299821176690e+03
2.994999999999999885e-01 -4.214224037867204061e+03
2.996000000000000330e-01 -4.216255330153986506e+03
2.997000000000000219e-01 -4.218297319163867542e+03
2.998000000000000109e-01 -4.220352099413289579e+03
2.998999999999999999e-01 -4.222418226326269178e+03
2.999999999999999889e-01 -4.224492228139340114e+03
3.001000000000000334e-01 -4.228404776144565403e+03
3.002000000000000224e-01 -4.233691668847333858e+03
3.003000000000000114e-01 -4.239398846378466260e+03
3.004000000000000004e-01 -4.245410167148955225e+03
3.004999999999999893e-01 -4.252051855781433005e+03
3.006000000000000338e-01 -4.259557154259569870e+03
3.007000000000000228e-01 -4.267812520435089937e+03
3.008000000000000118e-01 -4.276410100892787341e+03
3.009000000000000008e-01 -4.284347013993972723e+03
3.009999999999999898e-01 -4.291256473194554019e+03
3.011000000000000343e-01 -4.297563664197580692e+03
3.012000000000000233e-01 -4.302725462236379826e+03
3.013000000000000123e-01 -4.306968610187888771e+03
3.014000000000000012e-01 -4.310437174142347430e+03
3.014999999999999902e-01 -4.313232946512895978e+03
3.016000000000000347e-01 -4.315518078238836097e+03
3.017000000000000237e-01 -4.317393371514142018e+03
3.018000000000000127e-01 -4.318974972637465726e+03
3.019000000000000017e-01 -4.320386235837402637e+03
3.019999999999999907e-01 -4.321873751267507942e+03
3.021000000000000352e-01 -4.323484509152235660e+03
3.022000000000000242e-01 -4.325544184485506776e+03
3.023000000000000131e-01 -4.328371642839420929e+03
3.024000000000000021e-01 -4.331405035153426979e+03
3.024999999999999911e-01 -4.333935445651594819e+03
3.026000000000000356e-01 -4.335906678582840868e+03
3.027000000000000246e-01 -4.337462437372912063e+03
3.028000000000000136e-01 -4.338732269411662855e+03
3.029000000000000026e-01 -4.339779185413521191e+03
3.029999999999999916e-01 -4.340595368395376681e+03
3.031000000000000361e-01 -4.341169453477203206e+03
3.032000000000000250e-01 -4.341513686335679267e+03
3.033000000000000140e-01 -4.341643056853360576e+03
3.034000000000000030e-01 -4.341565882758248335e+03
3.034999999999999920e-01 -4.341335444393517719e+03
3.036000000000000365e-01 -4.340982887919395580e+03
3.037000000000000255e-01 -4.340488141399097913e+03
3.038000000000000145e-01 -4.339836845307574549e+03
3.039000000000000035e-01 -4.338976174354281284e+03
3.039999999999999925e-01 -4.337960331717194094e+03
3.041000000000000369e-01 -4.336887613686249097e+03
3.042000000000000259e-01 -4.335762460242349334e+03
3.043000000000000149e-01 -4.334694400336793478e+03
3.044000000000000039e-01 -4.333945070366538857e+03
3.044999999999999929e-01 -4.333846137310369159e+03
3.046000000000000374e-01 -4.334357079170429643e+03
3.047000000000000264e-01 -4.335411051614191820e+03
3.048000000000000154e-01 -4.336942848827044145e+03
3.049000000000000044e-01 -4.338809476766145053e+03
3.049999999999999933e-01 -4.340914095537212233e+03
3.051000000000000378e-01 -4.343187031085110902e+03
3.052000000000000268e-01 -4.345536331785406219e+03
3.053000000000000158e-01 -4.347854876230923765e+03
3.054000000000000048e-01 -4.350137118295160690e+03
3.054999999999999938e-01 -4.352321117337203759e+03
3.056000000000000383e-01 -4.354384719321014927e+03
3.057000000000000273e-01 -4.356345644830430501e+03
3.058000000000000163e-01 -4.358237646630490417e+03
3.059000000000000052e-01 -4.360071398638357095e+03
3.059999999999999942e-01 -4.361939477227019779e+03
3.061000000000000387e-01 -4.363837591477557908e+03
3.062000000000000277e-01 -4.365762680800879934e+03
3.063000000000000167e-01 -4.367742180525494405e+03
3.064000000000000057e-01 -4.369810686412741234e+03
3.064999999999999947e-01 -4.371939116085493879e+03
3.066000000000000392e-01 -4.374088357779556645e+03
3.067000000000000282e-01 -4.376229492107341684e+03
3.068000000000000171e-01 -4.378344309339373467e+03
3.069000000000000061e-01 -4.380423349639877415e+03
3.069999999999999951e-01 -4.382463745053537423e+03
3.071000000000000396e-01 -4.384467665224721713e+03
3.072000000000000286e-01 -4.386439575685660202e+03
3.073000000000000176e-01 -4.388386732715208382e+03
3.074000000000000066e-01 -4.390317329855528442e+03
3.074999999999999956e-01 -4.392239675199338308e+03
3.076000000000000401e-01 -4.394171506113988471e+03
3.077000000000000290e-01 -4.396125867939918862e+03
3.078000000000000180e-01 -4.398105258618491462e+03
3.079000000000000070e-01 -4.400114373006482310e+03
3.079999999999999960e-01 -4.402151168768436037e+03
3.081000000000000405e-01 -4.404202172658542622e+03
3.082000000000000295e-01 -4.406302286994150563e+03
3.083000000000000185e-01 -4.408437771046194030e+03
3.084000000000000075e-01 -4.410563206061130586e+03
3.084999999999999964e-01 -4.412662046210371045e+03
3.086000000000000409e-01 -4.414727667582364120e+03
3.087000000000000299e-01 -4.416763818177376379e+03
3.088000000000000189e-01 -4.418779233445628961e+03
3.089000000000000079e-01 -4.420782681569273336e+03
3.089999999999999969e-01 -4.422780739392563191e+03
3.091000000000000414e-01 -4.424777637684486763e+03
3.092000000000000304e-01 -4.426776599707659443e+03
3.093000000000000194e-01 -4.428782214999489042e+03
3.094000000000000083e-01 -4.430794893190958646e+03
3.094999999999999973e-01 -4.432813089867457165e+03
3.096000000000000418e-01 -4.434835864694639895e+03
3.097000000000000308e-01 -4.436862599951773518e+03
3.098000000000000198e-01 -4.438894170830932126e+03
3.099000000000000088e-01 -4.440930169658125124e+03
3.099999999999999978e-01 -4.442966692041833085e+03
3.101000000000000423e-01 -4.445016058196915765e+03
3.102000000000000313e-01 -4.447115111500532294e+03
3.103000000000000203e-01 -4.449269761197040680e+03
3.104000000000000092e-01 -4.451470279840385047e+03
3.104999999999999982e-01 -4.453707776486255170e+03
3.105999999999999872e-01 -4.455970437011882495e+03
3.107000000000000317e-01 -4.458201699664245098e+03
3.108000000000000207e-01 -4.460240136183230788e+03
3.109000000000000097e-01 -4.462254260074028934e+03
3.109999999999999987e-01 -4.464325798867865160e+03
3.110999999999999877e-01 -4.466464974923692353e+03
3.112000000000000322e-01 -4.468660974584057840e+03
3.113000000000000211e-01 -4.470840884955659931e+03
3.114000000000000101e-01 -4.472885237715769108e+03
3.114999999999999991e-01 -4.474927899170646015e+03
3.115999999999999881e-01 -4.477023997045073884e+03
3.117000000000000326e-01 -4.479178807224949196e+03
3.118000000000000216e-01 -4.481381963313158849e+03
3.119000000000000106e-01 -4.483619441109461150e+03
3.119999999999999996e-01 -4.485887580266817167e+03
3.120999999999999885e-01 -4.488196263090913817e+03
3.122000000000000330e-01 -4.490540111770622389e+03
3.123000000000000220e-01 -4.492904424202004520e+03
3.124000000000000110e-01 -4.495275033463364707e+03
3.125000000000000000e-01 -4.497643298345014955e+03
3.125999999999999890e-01 -4.500003392727427126e+03
3.127000000000000335e-01 -4.502345961137479208e+03
3.128000000000000225e-01 -4.504671770995784755e+03
3.129000000000000115e-01 -4.506986679714291313e+03
3.130000000000000004e-01 -4.509295080684110872e+03
3.130999999999999894e-01 -4.511600778657843875e+03
3.132000000000000339e-01 -4.513906667752878093e+03
3.133000000000000229e-01 -4.516214668813224307e+03
3.134000000000000119e-01 -4.518522913762127246e+03
3.135000000000000009e-01 -4.520830149315609560e+03
3.135999999999999899e-01 -4.523138841445997969e+03
3.137000000000000344e-01 -4.525451417857106208e+03
3.138000000000000234e-01 -4.527769455499123069e+03
3.139000000000000123e-01 -4.530094154623161558e+03
3.140000000000000013e-01 -4.532428680780021750e+03
3.140999999999999903e-01 -4.534774336886641322e+03
3.142000000000000348e-01 -4.537130217484560490e+03
3.143000000000000238e-01 -4.539494854932575436e+03
3.144000000000000128e-01 -4.541866977409478750e+03
3.145000000000000018e-01 -4.544246105033223103e+03
3.145999999999999908e-01 -4.546630843653293596e+03
3.147000000000000353e-01 -4.549019930591518460e+03
3.148000000000000242e-01 -4.551412619496515617e+03
3.149000000000000132e-01 -4.553808292447787608e+03
3.150000000000000022e-01 -4.556206455314131745e+03
3.150999999999999912e-01 -4.558606829917773211e+03
3.152000000000000357e-01 -4.561009376825878462e+03
3.153000000000000247e-01 -4.563414252284192116e+03
3.154000000000000137e-01 -4.565821740189327102e+03
3.155000000000000027e-01 -4.568232201193864967e+03
3.155999999999999917e-01 -4.570646081602172671e+03
3.157000000000000361e-01 -4.573064324280930123e+03
3.158000000000000251e-01 -4.575490344652699605e+03
3.159000000000000141e-01 -4.577926968911611766e+03
3.160000000000000031e-01 -4.580378003247815286e+03
3.160999999999999921e-01 -4.582849472137134399e+03
3.162000000000000366e-01 -4.585342710837041523e+03
3.163000000000000256e-01 -4.587856918956959817e+03
3.164000000000000146e-01 -4.590391139874627697e+03
3.165000000000000036e-01 -4.592944943470900398e+03
3.165999999999999925e-01 -4.595518486066855075e+03
3.167000000000000370e-01 -4.598112339871799122e+03
3.168000000000000260e-01 -4.600727368580611255e+03
3.169000000000000150e-01 -4.603365586921375325e+03
3.170000000000000040e-01 -4.606026656853132408e+03
3.170999999999999930e-01 -4.608712262185365034e+03
3.172000000000000375e-01 -4.611430621785148105e+03
3.173000000000000265e-01 -4.614206665435690411e+03
3.174000000000000155e-01 -4.617059492718727597e+03
3.175000000000000044e-01 -4.620000208658915653e+03
3.175999999999999934e-01 -4.623039310213603130e+03
3.177000000000000379e-01 -4.626189931941750729e+03
3.178000000000000269e-01 -4.629457842178670944e+03
3.179000000000000159e-01 -4.632844876125201154e+03
3.180000000000000049e-01 -4.636352656737729376e+03
3.180999999999999939e-01 -4.639983240492892037e+03
3.182000000000000384e-01 -4.643742631087037807e+03
3.183000000000000274e-01 -4.647660262282671283e+03
3.184000000000000163e-01 -4.651778068654135495e+03
3.185000000000000053e-01 -4.656124192042015238e+03
3.185999999999999943e-01 -4.660681939850230265e+03
3.187000000000000388e-01 -4.665532044119398961e+03
3.188000000000000278e-01 -4.670712381833699510e+03
3.189000000000000168e-01 -4.676305602541152439e+03
3.190000000000000058e-01 -4.682375451815668384e+03
3.190999999999999948e-01 -4.688690306529456393e+03
3.192000000000000393e-01 -4.695281267923999621e+03
3.193000000000000282e-01 -4.700217104160078634e+03
3.194000000000000172e-01 -4.702863276735469299e+03
3.195000000000000062e-01 -4.704805162119317174e+03
3.195999999999999952e-01 -4.706541704921044584e+03
3.197000000000000397e-01 -4.708271632159756336e+03
3.198000000000000287e-01 -4.710113549185135525e+03
3.199000000000000177e-01 -4.712070928247276242e+03
3.200000000000000067e-01 -4.714091297580211176e+03
3.200999999999999956e-01 -4.716170122135992642e+03
3.202000000000000401e-01 -4.718311694799554061e+03
3.203000000000000291e-01 -4.720513055756993708e+03
3.204000000000000181e-01 -4.722766918724352763e+03
3.205000000000000071e-01 -4.725060292369869785e+03
3.205999999999999961e-01 -4.727383907437576454e+03
3.207000000000000406e-01 -4.729733866109529117e+03
3.208000000000000296e-01 -4.732200350331408117e+03
3.209000000000000186e-01 -4.734955607957544089e+03
3.210000000000000075e-01 -4.738433935771535289e+03
3.210999999999999965e-01 -4.742715774168319513e+03
3.212000000000000410e-01 -4.747043605117574771e+03
3.213000000000000300e-01 -4.750709643568559841e+03
3.214000000000000190e-01 -4.753785338948366189e+03
3.215000000000000080e-01 -4.756501013697918097e+03
3.215999999999999970e-01 -4.759014519852129524e+03
3.217000000000000415e-01 -4.761419885513767440e+03
3.218000000000000305e-01 -4.763772356081874022e+03
3.219000000000000195e-01 -4.766099234800357408e+03
3.220000000000000084e-01 -4.768412638368638000e+03
3.220999999999999974e-01 -4.770717872069247278e+03
3.222000000000000419e-01 -4.773017167392608826e+03
3.223000000000000309e-01 -4.775310568381867597e+03
3.224000000000000199e-01 -4.777597996633368894e+03
3.225000000000000089e-01 -4.779881282137444941e+03
3.225999999999999979e-01 -4.782163641335376269e+03
3.227000000000000424e-01 -4.784446409030188988e+03
3.228000000000000314e-01 -4.786729571966624462e+03
3.229000000000000203e-01 -4.789014659819715234e+03
3.230000000000000093e-01 -4.791303728977313767e+03
3.230999999999999983e-01 -4.793596112659752180e+03
3.232000000000000428e-01 -4.795890564016176540e+03
3.233000000000000318e-01 -4.798183497116175204e+03
3.234000000000000208e-01 -4.800473706631031746e+03
3.235000000000000098e-01 -4.802763844515235178e+03
3.235999999999999988e-01 -4.805051841169991349e+03
3.237000000000000433e-01 -4.807335848033074399e+03
3.238000000000000322e-01 -4.809616035874583758e+03
3.239000000000000212e-01 -4.811893217189003735e+03
3.240000000000000102e-01 -4.814168214930365139e+03
3.240999999999999992e-01 -4.816441704860801110e+03
3.241999999999999882e-01 -4.818714220298439614e+03
3.243000000000000327e-01 -4.820986189310568989e+03
3.244000000000000217e-01 -4.823257963670112076e+03
3.245000000000000107e-01 -4.825529832943931979e+03
3.245999999999999996e-01 -4.827802027652190191e+03
3.246999999999999886e-01 -4.830074717310635606e+03
3.248000000000000331e-01 -4.832348008076101905e+03
3.249000000000000221e-01 -4.834622912610103413e+03
3.250000000000000111e-01 -4.836898268236786862e+03
3.251000000000000001e-01 -4.839172571942667673e+03
3.251999999999999891e-01 -4.841447053620615407e+03
3.253000000000000336e-01 -4.843722032823127847e+03
3.254000000000000226e-01 -4.845997396263413975e+03
3.255000000000000115e-01 -4.848274646744182064e+03
3.256000000000000005e-01 -4.850553401479384775e+03
3.256999999999999895e-01 -4.852828237491437903e+03
3.258000000000000340e-01 -4.855102004169170868e+03
3.259000000000000230e-01 -4.857375395860525714e+03
3.260000000000000120e-01 -4.859648410015483933e+03
3.261000000000000010e-01 -4.861920889000162788e+03
3.261999999999999900e-01 -4.864192458336975506e+03
3.263000000000000345e-01 -4.866463669172656410e+03
3.264000000000000234e-01 -4.868734316431498883e+03
3.265000000000000124e-01 -4.871004224790965964e+03
3.266000000000000014e-01 -4.873273392332745061e+03
3.266999999999999904e-01 -4.875541874031240695e+03
3.268000000000000349e-01 -4.877809775884589726e+03
3.269000000000000239e-01 -4.880077177989317534e+03
3.270000000000000129e-01 -4.882342971178156404e+03
3.271000000000000019e-01 -4.884605380951314146e+03
3.271999999999999909e-01 -4.886864270301310171e+03
3.273000000000000353e-01 -4.889120444657084590e+03
3.274000000000000243e-01 -4.891374725159390437e+03
3.275000000000000133e-01 -4.893627692041690352e+03
3.276000000000000023e-01 -4.895879738012473354e+03
3.276999999999999913e-01 -4.898131117533707766e+03
3.278000000000000358e-01 -4.900381991220036070e+03
3.279000000000000248e-01 -4.902632463541324796e+03
3.280000000000000138e-01 -4.904882600544019624e+03
3.281000000000000028e-01 -4.907132448242467945e+03
3.281999999999999917e-01 -4.909382041775676953e+03
3.283000000000000362e-01 -4.911631410266372768e+03
3.284000000000000252e-01 -4.913880579540654253e+03
3.285000000000000142e-01 -4.916129573655796776e+03
3.286000000000000032e-01 -4.918378116432038041e+03
3.286999999999999922e-01 -4.920624973337467054e+03
3.288000000000000367e-01 -4.922868742811356242e+03
3.289000000000000257e-01 -4.925109323168568153e+03
3.290000000000000147e-01 -4.927346708174403830e+03
3.291000000000000036e-01 -4.929578610604216919e+03
3.291999999999999926e-01 -4.931803897526175206e+03
3.293000000000000371e-01 -4.934022189507914845e+03
3.294000000000000261e-01 -4.936234840508480374e+03
3.295000000000000151e-01 -4.938443388618620702e+03
3.296000000000000041e-01 -4.940649047020904618e+03
3.296999999999999931e-01 -4.942852466654537238e+03
3.298000000000000376e-01 -4.945054298006206409e+03
3.299000000000000266e-01 -4.947255567118504587e+03
3.300000000000000155e-01 -4.949456093782068820e+03
3.301000000000000045e-01 -4.951643476399152860e+03
3.301999999999999935e-01 -4.953792089705001672e+03
3.303000000000000380e-01 -4.955905349600305271e+03
3.304000000000000270e-01 -4.957992111679710433e+03
3.305000000000000160e-01 -4.960059595998571240e+03
3.306000000000000050e-01 -4.962112959773166949e+03
3.306999999999999940e-01 -4.964155793250237366e+03
3.308000000000000385e-01 -4.966190575698565226e+03
3.309000000000000274e-01 -4.968218895005165905e+03
3.310000000000000164e-01 -4.970241346488296585e+03
3.311000000000000054e-01 -4.972258415777125265e+03
3.311999999999999944e-01 -4.974271053082113212e+03
3.313000000000000389e-01 -4.976280148629950418e+03
3.314000000000000279e-01 -4.978286307886078248e+03
3.315000000000000169e-01 -4.980289851899315181e+03
3.316000000000000059e-01 -4.982290521580739551e+03
3.316999999999999948e-01 -4.984288037024398363e+03
3.318000000000000393e-01 -4.986282554310463638e+03
3.319000000000000283e-01 -4.988274258310912046e+03
3.320000000000000173e-01 -4.990262914551752147e+03
3.321000000000000063e-01 -4.992247991681934764e+03
3.321999999999999953e-01 -4.994229558168303811e+03
3.323000000000000398e-01 -4.996207909307212503e+03
3.324000000000000288e-01 -4.998183259587404791e+03
3.325000000000000178e-01 -5.000155494630546855e+03
3.326000000000000068e-01 -5.002122775008998360e+03
3.326999999999999957e-01 -5.004084111258789562e+03
3.328000000000000402e-01 -5.006040336520137316e+03
3.329000000000000292e-01 -5.007992456852290161e+03
3.330000000000000182e-01 -5.009941303580440945e+03
3.331000000000000072e-01 -5.011887406449461196e+03
3.331999999999999962e-01 -5.013831768442729299e+03
3.333000000000000407e-01 -5.015775003206196743e+03
3.334000000000000297e-01 -5.017716845179504162e+03
3.335000000000000187e-01 -5.019658058399159927e+03
3.336000000000000076e-01 -5.021598647944431832e+03
3.336999999999999966e-01 -5.023538459706844151e+03
3.338000000000000411e-01 -5.025477425619484166e+03
3.339000000000000301e-01 -5.027416314210085147e+03
3.340000000000000191e-01 -5.029354596289293113e+03
3.341000000000000081e-01 -5.031293205101588683e+03
3.341999999999999971e-01 -5.033229670427896053e+03
3.343000000000000416e-01 -5.035163535150438292e+03
3.344000000000000306e-01 -5.037096082407456379e+03
3.345000000000000195e-01 -5.039029277743852617e+03
3.346000000000000085e-01 -5.040965437669805397e+03
3.346999999999999975e-01 -5.042903672664325313e+03
3.348000000000000420e-01 -5.044853737995763368e+03
3.349000000000000310e-01 -5.046822436927821400e+03
3.350000000000000200e-01 -5.048806380757242550e+03
3.351000000000000090e-01 -5.050799013814405953e+03
3.351999999999999980e-01 -5.052794647508912931e+03
3.353000000000000425e-01 -5.054797098717001063e+03
3.354000000000000314e-01 -5.056803579690882543e+03
3.355000000000000204e-01 -5.058814419593887578e+03
3.356000000000000094e-01 -5.060822952855965923e+03
3.356999999999999984e-01 -5.062822347010884187e+03
3.358000000000000429e-01 -5.064811816555694350e+03
3.359000000000000319e-01 -5.066793642871747579e+03
3.360000000000000209e-01 -5.068771354947999498e+03
3.361000000000000099e-01 -5.070747244976846559e+03
3.361999999999999988e-01 -5.072722649133140294e+03
3.363000000000000433e-01 -5.074700244041470796e+03
3.364000000000000323e-01 -5.076681956440730573e+03
3.365000000000000213e-01 -5.078671375435427763e+03
3.366000000000000103e-01 -5.080670787853025104e+03
3.366999999999999993e-01 -5.082675370007761558e+03
3.368000000000000438e-01 -5.084678389639557281e+03
3.369000000000000328e-01 -5.086675777632538484e+03
3.370000000000000218e-01 -5.088666480282212433e+03
3.371000000000000107e-01 -5.090651428458922965e+03
3.371999999999999997e-01 -5.092632485918101338e+03
3.372999999999999887e-01 -5.094610977323711268e+03
3.374000000000000332e-01 -5.096584886538984392e+03
3.375000000000000222e-01 -5.098551699818724956e+03
3.376000000000000112e-01 -5.100511981305562585e+03
3.377000000000000002e-01 -5.102467044437416916e+03
3.377999999999999892e-01 -5.104417599687612892e+03
3.379000000000000337e-01 -5.106363773418263008e+03
3.380000000000000226e-01 -5.108305468286777796e+03
3.381000000000000116e-01 -5.110242596477808547e+03
3.382000000000000006e-01 -5.112174986621376775e+03
3.382999999999999896e-01 -5.114102705689968388e+03
3.384000000000000341e-01 -5.116026275089351657e+03
3.385000000000000231e-01 -5.117946596044014768e+03
3.386000000000000121e-01 -5.119866280004669534e+03
3.387000000000000011e-01 -5.121784460435509573e+03
3.387999999999999901e-01 -5.123700495404314097e+03
3.389000000000000346e-01 -5.125614410243186285e+03
3.390000000000000235e-01 -5.127526287960753507e+03
3.391000000000000125e-01 -5.129436197535771498e+03
3.392000000000000015e-01 -5.131344202419901194e+03
3.392999999999999905e-01 -5.133250387400416002e+03
3.394000000000000350e-01 -5.135154873325303015e+03
3.395000000000000240e-01 -5.137062145433353180e+03
3.396000000000000130e-01 -5.138977725301476312e+03
3.397000000000000020e-01 -5.140879446076613021e+03
3.397999999999999909e-01 -5.142778233509414349e+03
3.399000000000000354e-01 -5.144701173997315891e+03
3.400000000000000244e-01 -5.146663211283500459e+03
3.401000000000000134e-01 -5.148652694779487319e+03
3.402000000000000024e-01 -5.150645871383004305e+03
3.402999999999999914e-01 -5.152630845498723829e+03
3.404000000000000359e-01 -5.154605828106072295e+03
3.405000000000000249e-01 -5.156572310336183364e+03
3.406000000000000139e-01 -5.158533210909076843e+03
3.407000000000000028e-01 -5.160491935822034975e+03
3.407999999999999918e-01 -5.162451145391169121e+03
3.409000000000000363e-01 -5.164412663013829842e+03
3.410000000000000253e-01 -5.166377276730237099e+03
3.411000000000000143e-01 -5.168346033458838065e+03
3.412000000000000033e-01 -5.170323145227934219e+03
3.412999999999999923e-01 -5.172300781547611223e+03
3.414000000000000368e-01 -5.174265084022345036e+03
3.415000000000000258e-01 -5.176213922505624396e+03
3.416000000000000147e-01 -5.178153933269459230e+03
3.417000000000000037e-01 -5.180087754635822421e+03
3.417999999999999927e-01 -5.182012663950600654e+03
3.419000000000000372e-01 -5.183924618521215052e+03
3.420000000000000262e-01 -5.185820422239427899e+03
3.421000000000000152e-01 -5.187699045960534932e+03
3.422000000000000042e-01 -5.189561580457268974e+03
3.422999999999999932e-01 -5.191406511812957433e+03
3.424000000000000377e-01 -5.193234722886226336e+03
3.425000000000000266e-01 -5.195046921939603635e+03
3.426000000000000156e-01 -5.196843131147034001e+03
3.427000000000000046e-01 -5.198623781058897293e+03
3.427999999999999936e-01 -5.200388271705628540e+03
3.429000000000000381e-01 -5.202126411722842931e+03
3.430000000000000271e-01 -5.203822113434909625e+03
3.431000000000000161e-01 -5.205452323362084826e+03
3.432000000000000051e-01 -5.206994987829857564e+03
3.432999999999999940e-01 -5.208430101195969655e+03
3.434000000000000385e-01 -5.209738352029685302e+03
3.435000000000000275e-01 -5.210900852890293208e+03
3.436000000000000165e-01 -5.211899051803445218e+03
3.437000000000000055e-01 -5.212712859412578837e+03
3.437999999999999945e-01 -5.213324110054900302e+03
3.439000000000000390e-01 -5.213724803094054550e+03
3.440000000000000280e-01 -5.213947659540448512e+03
3.441000000000000170e-01 -5.214011132510920106e+03
3.442000000000000060e-01 -5.213924463169108094e+03
3.442999999999999949e-01 -5.213672508447360087e+03
3.444000000000000394e-01 -5.213260042649300885e+03
3.445000000000000284e-01 -5.212707998229791883e+03
3.446000000000000174e-01 -5.212116734534267380e+03
3.447000000000000064e-01 -5.211503116917926491e+03
3.447999999999999954e-01 -5.210864142342291416e+03
3.449000000000000399e-01 -5.210202653732640101e+03
3.450000000000000289e-01 -5.209624207324928648e+03
3.451000000000000179e-01 -5.209219598912438414e+03
3.452000000000000068e-01 -5.209164593499724106e+03
3.452999999999999958e-01 -5.209619360292984311e+03
3.454000000000000403e-01 -5.210511680826795782e+03
3.455000000000000293e-01 -5.211821522653064676e+03
3.456000000000000183e-01 -5.213411544435854012e+03
3.457000000000000073e-01 -5.215166817430562332e+03
3.457999999999999963e-01 -5.217014131520809315e+03
3.459000000000000408e-01 -5.218932317512263580e+03
3.460000000000000298e-01 -5.220899979572324810e+03
3.461000000000000187e-01 -5.222889056137208172e+03
3.462000000000000077e-01 -5.224875013017891433e+03
3.462999999999999967e-01 -5.226897370041279828e+03
3.464000000000000412e-01 -5.229045604916703269e+03
3.465000000000000302e-01 -5.231243692043344709e+03
3.466000000000000192e-01 -5.233446229254581340e+03
3.467000000000000082e-01 -5.235632250389357068e+03
3.467999999999999972e-01 -5.237770354876925921e+03
3.469000000000000417e-01 -5.239912677023771721e+03
3.470000000000000306e-01 -5.242055761989620805e+03
3.471000000000000196e-01 -5.244184691286235648e+03
3.472000000000000086e-01 -5.246295308460707929e+03
3.472999999999999976e-01 -5.248386776472339989e+03
3.474000000000000421e-01 -5.250458864973223172e+03
3.475000000000000311e-01 -5.252511336094756189e+03
3.476000000000000201e-01 -5.254544205637943378e+03
3.477000000000000091e-01 -5.256557923123417822e+03
3.477999999999999980e-01 -5.258553035321546304e+03
3.479000000000000425e-01 -5.260531678706363891e+03
3.480000000000000315e-01 -5.262496123619091122e+03
3.481000000000000205e-01 -5.264447807884912436e+03
3.482000000000000095e-01 -5.266388001773347241e+03
3.482999999999999985e-01 -5.268318095796084890e+03
3.484000000000000430e-01 -5.270241582051643491e+03
3.485000000000000320e-01 -5.272157354340757593e+03
3.486000000000000210e-01 -5.274067232637519737e+03
3.487000000000000099e-01 -5.275973998409956039e+03
3.487999999999999989e-01 -5.277881722119886035e+03
3.489000000000000434e-01 -5.279790212840591266e+03
3.490000000000000324e-01 -5.281699083890618567e+03
3.491000000000000214e-01 -5.283617309354283861e+03
3.492000000000000104e-01 -5.285541124567953375e+03
3.492999999999999994e-01 -5.287475430007768409e+03
3.494000000000000439e-01 -5.289428919652707009e+03
3.495000000000000329e-01 -5.291398519276288425e+03
3.496000000000000218e-01 -5.293378032024987078e+03
3.497000000000000108e-01 -5.295366548945072282e+03
3.497999999999999998e-01 -5.297366617116092129e+03
3.499000000000000443e-01 -5.299380004220696719e+03
3.500000000000000333e-01 -5.301412383600855719e+03
3.501000000000000223e-01 -5.305238334311097788e+03
3.502000000000000113e-01 -5.310193460859286461e+03
3.503000000000000003e-01 -5.315387265853169083e+03
3.503999999999999893e-01 -5.320874002900820415e+03
3.505000000000000338e-01 -5.327056290094808901e+03
3.506000000000000227e-01 -5.334113295533817109e+03
3.507000000000000117e-01 -5.341970757044379752e+03
3.508000000000000007e-01 -5.350406762098145009e+03
3.508999999999999897e-01 -5.359221366107843096e+03
3.510000000000000342e-01 -5.368313338206388835e+03
3.511000000000000232e-01 -5.376690906643739254e+03
3.512000000000000122e-01 -5.382180061042423404e+03
3.513000000000000012e-01 -5.385397550424039764e+03
3.513999999999999901e-01 -5.387470223510636970e+03
3.515000000000000346e-01 -5.388987744515693521e+03
3.516000000000000236e-01 -5.390241649606875399e+03
3.517000000000000126e-01 -5.391329094380878814e+03
3.518000000000000016e-01 -5.392605729956741015e+03
3.518999999999999906e-01 -5.395125352224493327e+03
3.520000000000000351e-01 -5.398540917088205788e+03
3.521000000000000241e-01 -5.401305104840186686e+03
3.522000000000000131e-01 -5.403298381709719251e+03
3.523000000000000020e-01 -5.404859291489821771e+03
3.523999999999999910e-01 -5.406209873127510946e+03
3.525000000000000355e-01 -5.407464274494965139e+03
3.526000000000000245e-01 -5.408690628053220280e+03
3.527000000000000135e-01 -5.409923843375200704e+03
3.528000000000000025e-01 -5.411165924658614131e+03
3.528999999999999915e-01 -5.412402968358045655e+03
3.530000000000000360e-01 -5.413624710074827817e+03
3.531000000000000250e-01 -5.414825325825567234e+03
3.532000000000000139e-01 -5.415993605750124516e+03
3.533000000000000029e-01 -5.417110714344296866e+03
3.533999999999999919e-01 -5.418153642823164773e+03
3.535000000000000364e-01 -5.419104597066049791e+03
3.536000000000000254e-01 -5.419973633512869128e+03
3.537000000000000144e-01 -5.420760324932939511e+03
3.538000000000000034e-01 -5.421450457736473254e+03
3.538999999999999924e-01 -5.422032011813851568e+03
3.540000000000000369e-01 -5.422501083882536477e+03
3.541000000000000258e-01 -5.422857772869097971e+03
3.542000000000000148e-01 -5.423095305625916808e+03
3.543000000000000038e-01 -5.423215405640319659e+03
3.543999999999999928e-01 -5.423280567862813768e+03
3.545000000000000373e-01 -5.423331370777023039e+03
3.546000000000000263e-01 -5.423348335166921061e+03
3.547000000000000153e-01 -5.423320468083129526e+03
3.548000000000000043e-01 -5.423250173324992829e+03
3.548999999999999932e-01 -5.423165735177642091e+03
3.550000000000000377e-01 -5.423167989798548660e+03
3.551000000000000267e-01 -5.423348317649982164e+03
3.552000000000000157e-01 -5.423735082809400410e+03
3.553000000000000047e-01 -5.424439325918374379e+03
3.553999999999999937e-01 -5.425428599365576702e+03
3.555000000000000382e-01 -5.426692714772557338e+03
3.556000000000000272e-01 -5.428208543250767434e+03
3.557000000000000162e-01 -5.429904949643158943e+03
3.558000000000000052e-01 -5.431715409136755625e+03
3.558999999999999941e-01 -5.433599077629932253e+03
3.560000000000000386e-01 -5.435539209317302266e+03
3.561000000000000276e-01 -5.437519071590427302e+03
3.562000000000000166e-01 -5.439531607222752427e+03
3.563000000000000056e-01 -5.441597711609512771e+03
3.563999999999999946e-01 -5.443711275148643836e+03
3.565000000000000391e-01 -5.445844524341937358e+03
3.566000000000000281e-01 -5.447946657829956166e+03
3.567000000000000171e-01 -5.450060262565862104e+03
3.568000000000000060e-01 -5.452180050757276149e+03
3.568999999999999950e-01 -5.454290722018046836e+03
3.570000000000000395e-01 -5.456387033669670927e+03
3.571000000000000285e-01 -5.458469203179960459e+03
3.572000000000000175e-01 -5.460537933254205200e+03
3.573000000000000065e-01 -5.462593458094178459e+03
3.573999999999999955e-01 -5.464635712913144744e+03
3.575000000000000400e-01 -5.466664131185564656e+03
3.576000000000000290e-01 -5.468675784411877430e+03
3.577000000000000179e-01 -5.470674774612272813e+03
3.578000000000000069e-01 -5.472665041256076620e+03
3.578999999999999959e-01 -5.474650772415828214e+03
3.580000000000000404e-01 -5.476632764322670482e+03
3.581000000000000294e-01 -5.478610842003662583e+03
3.582000000000000184e-01 -5.480584930681359765e+03
3.583000000000000074e-01 -5.482555261144788346e+03
3.583999999999999964e-01 -5.484522336962679219e+03
3.585000000000000409e-01 -5.486486856626119334e+03
3.586000000000000298e-01 -5.488449409024361557e+03
3.587000000000000188e-01 -5.490410976681438115e+03
3.588000000000000078e-01 -5.492372573530036789e+03
3.588999999999999968e-01 -5.494334859151083947e+03
3.590000000000000413e-01 -5.496298810459212291e+03
3.591000000000000303e-01 -5.498261342128294018e+03
3.592000000000000193e-01 -5.500225604357440716e+03
3.593000000000000083e-01 -5.502193430167601946e+03
3.593999999999999972e-01 -5.504170002247304183e+03
3.595000000000000417e-01 -5.506146840940189577e+03
3.596000000000000307e-01 -5.508136042579673813e+03
3.597000000000000197e-01 -5.510130971948980005e+03
3.598000000000000087e-01 -5.512124977614675117e+03
3.598999999999999977e-01 -5.514117672119273266e+03
3.600000000000000422e-01 -5.516115473363454839e+03
3.601000000000000312e-01 -5.518136964328134127e+03
3.602000000000000202e-01 -5.520211103524653481e+03
3.603000000000000091e-01 -5.522339213038910202e+03
3.603999999999999981e-01 -5.524510979216556734e+03
3.605000000000000426e-01 -5.526714481351379618e+03
3.606000000000000316e-01 -5.528942172714331718e+03
3.607000000000000206e-01 -5.531188834594617219e+03
3.608000000000000096e-01 -5.533450861004000217e+03
3.608999999999999986e-01 -5.535726664917518974e+03
3.610000000000000431e-01 -5.538014589815395084e+03
3.611000000000000321e-01 -5.540312653587878231e+03
3.612000000000000210e-01 -5.542619457055040584e+03
3.613000000000000100e-01 -5.544933590091909537e+03
3.613999999999999990e-01 -5.547250598299598096e+03
3.615000000000000435e-01 -5.549571830433330433e+03
3.616000000000000325e-01 -5.551897079338085859e+03
3.617000000000000215e-01 -5.554225794395229059e+03
3.618000000000000105e-01 -5.556557546160496713e+03
3.618999999999999995e-01 -5.558892068852122065e+03
3.620000000000000440e-01 -5.561229218559747096e+03
3.621000000000000330e-01 -5.563568923519606869e+03
3.622000000000000219e-01 -5.565911143225229353e+03
3.623000000000000109e-01 -5.568255839062295308e+03
3.623999999999999999e-01 -5.570603051386520747e+03
3.625000000000000444e-01 -5.572952921883846102e+03
3.626000000000000334e-01 -5.575305365526165588e+03
3.627000000000000224e-01 -5.577660214517167333e+03
3.628000000000000114e-01 -5.580017308646542915e+03
3.629000000000000004e-01 -5.582376531849304229e+03
3.630000000000000449e-01 -5.584737701174189169e+03
3.631000000000000338e-01 -5.587100617104296362e+03
3.632000000000000228e-01 -5.589465093075659752e+03
3.633000000000000118e-01 -5.591830964697055606e+03
3.634000000000000008e-01 -5.594198094072537060e+03
3.634999999999999898e-01 -5.596566372921146467e+03
3.636000000000000343e-01 -5.598935725342787009e+03
3.637000000000000233e-01 -5.601306110529168109e+03
3.638000000000000123e-01 -5.603677525815402078e+03
3.639000000000000012e-01 -5.606050010833348097e+03
3.639999999999999902e-01 -5.608423654248333150e+03
3.641000000000000347e-01 -5.610798606221122100e+03
3.642000000000000237e-01 -5.613175104580744119e+03
3.643000000000000127e-01 -5.615553542798986200e+03
3.644000000000000017e-01 -5.617934979681072036e+03
3.644999999999999907e-01 -5.620323879685805878e+03
3.646000000000000352e-01 -5.622723234462193432e+03
3.647000000000000242e-01 -5.625133167294362465e+03
3.648000000000000131e-01 -5.627553224833427521e+03
3.649000000000000021e-01 -5.629983062221484033e+03
3.649999999999999911e-01 -5.632422534894988530e+03
3.651000000000000356e-01 -5.634871390874836834e+03
3.652000000000000246e-01 -5.637329402721140468e+03
3.653000000000000136e-01 -5.639795646169609427e+03
3.654000000000000026e-01 -5.642275069775208067e+03
3.654999999999999916e-01 -5.644774650726627442e+03
3.656000000000000361e-01 -5.647295018202355095e+03
3.657000000000000250e-01 -5.649834940031842962e+03
3.658000000000000140e-01 -5.652393245408218718e+03
3.659000000000000030e-01 -5.654969413026909024e+03
3.659999999999999920e-01 -5.657563701727365697e+03
3.661000000000000365e-01 -5.660177890631989612e+03
3.662000000000000255e-01 -5.662820113401948220e+03
3.663000000000000145e-01 -5.665496323326910897e+03
3.664000000000000035e-01 -5.668208707582045463e+03
3.664999999999999925e-01 -5.670950450928427927e+03
3.666000000000000369e-01 -5.673732051042203238e+03
3.667000000000000259e-01 -5.676566961078987333e+03
3.668000000000000149e-01 -5.679459599227724539e+03
3.669000000000000039e-01 -5.682412348477274463e+03
3.669999999999999929e-01 -5.685428780019062287e+03
3.671000000000000374e-01 -5.688520362140865473e+03
3.672000000000000264e-01 -5.691699052487088011e+03
3.673000000000000154e-01 -5.694971902587634759e+03
3.674000000000000044e-01 -5.698345139651929458e+03
3.674999999999999933e-01 -5.701811585891527102e+03
3.676000000000000378e-01 -5.705383945943603067e+03
3.677000000000000268e-01 -5.709063146712158414e+03
3.678000000000000158e-01 -5.712864998333912808e+03
3.679000000000000048e-01 -5.716833519665330641e+03
3.679999999999999938e-01 -5.721008240872512943e+03
3.681000000000000383e-01 -5.725397146916746351e+03
3.682000000000000273e-01 -5.730052592883988837e+03
3.683000000000000163e-01 -5.734961398698416815e+03
3.684000000000000052e-01 -5.740040113643223776e+03
3.684999999999999942e-01 -5.745129463631021281e+03
3.686000000000000387e-01 -5.749350782957096271e+03
3.687000000000000277e-01 -5.752298033705249509e+03
3.688000000000000167e-01 -5.754722492290205082e+03
3.689000000000000057e-01 -5.756910118337852509e+03
3.689999999999999947e-01 -5.758897499507855173e+03
3.691000000000000392e-01 -5.760758902594499887e+03
3.692000000000000282e-01 -5.762574388735208231e+03
3.693000000000000171e-01 -5.764404116148260982e+03
3.694000000000000061e-01 -5.766288168144565134e+03
3.694999999999999951e-01 -5.768250782256242019e+03
3.696000000000000396e-01 -5.770306009507336967e+03
3.697000000000000286e-01 -5.772457286063874562e+03
3.698000000000000176e-01 -5.774690072676845375e+03
3.699000000000000066e-01 -5.776981171611862919e+03
3.699999999999999956e-01 -5.779303775003043484e+03
3.701000000000000401e-01 -5.781628520270803165e+03
3.702000000000000290e-01 -5.783940949485799138e+03
3.703000000000000180e-01 -5.786237324082294435e+03
3.704000000000000070e-01 -5.788519632847786852e+03
3.704999999999999960e-01 -5.790791629170258602e+03
3.706000000000000405e-01 -5.793052347737836499e+03
3.707000000000000295e-01 -5.795301209568958257e+03
3.708000000000000185e-01 -5.797539785407236195e+03
3.709000000000000075e-01 -5.799771656815437382e+03
3.709999999999999964e-01 -5.802001740575691656e+03
3.711000000000000409e-01 -5.804233023833220614e+03
3.712000000000000299e-01 -5.806466339258390690e+03
3.713000000000000189e-01 -5.808701600173139923e+03
3.714000000000000079e-01 -5.810938435257058700e+03
3.714999999999999969e-01 -5.813176538389016969e+03
3.716000000000000414e-01 -5.815415614759453092e+03
3.717000000000000304e-01 -5.817655287960663372e+03
3.718000000000000194e-01 -5.819895371175897708e+03
3.719000000000000083e-01 -5.822135752871435216e+03
3.719999999999999973e-01 -5.824376306288116211e+03
3.721000000000000418e-01 -5.826616966417768708e+03
3.722000000000000308e-01 -5.828857976953448997e+03
3.723000000000000198e-01 -5.831100480538687407e+03
3.724000000000000088e-01 -5.833344835258041712e+03
3.724999999999999978e-01 -5.835589811218147588e+03
3.726000000000000423e-01 -5.837833565682001790e+03
3.727000000000000313e-01 -5.840074616705936023e+03
3.728000000000000203e-01 -5.842312565499146331e+03
3.729000000000000092e-01 -5.844547878191790005e+03
3.729999999999999982e-01 -5.846780366072260222e+03
3.731000000000000427e-01 -5.849010378456368926e+03
3.732000000000000317e-01 -5.851238536295281847e+03
3.733000000000000207e-01 -5.853465475678189250e+03
3.734000000000000097e-01 -5.855691802767245463e+03
3.734999999999999987e-01 -5.857917962448581420e+03
3.736000000000000432e-01 -5.860144131516995003e+03
3.737000000000000322e-01 -5.862369294714806529e+03
3.738000000000000211e-01 -5.864594269702265592e+03
3.739000000000000101e-01 -5.866820118351677593e+03
3.739999999999999991e-01 -5.869046907734529668e+03
3.741000000000000436e-01 -5.871272970036428887e+03
3.742000000000000326e-01 -5.873498129197648268e+03
3.743000000000000216e-01 -5.875723148925808346e+03
3.744000000000000106e-01 -5.877948328521705662e+03
3.744999999999999996e-01 -5.880173937101402771e+03
3.746000000000000441e-01 -5.882400184720499965e+03
3.747000000000000330e-01 -5.884627149680889488e+03
3.748000000000000220e-01 -5.886854762954975740e+03
3.749000000000000110e-01 -5.889082844094481516e+03
3.750000000000000000e-01 -5.891311161604764493e+03
3.751000000000000445e-01 -5.893539492669443462e+03
3.752000000000000335e-01 -5.895767665805327852e+03
3.753000000000000225e-01 -5.897995580501995391e+03
3.754000000000000115e-01 -5.900223224173453673e+03
3.755000000000000004e-01 -5.902450637567857484e+03
3.756000000000000449e-01 -5.904677867320483529e+03
3.757000000000000339e-01 -5.906904969851126225e+03
3.758000000000000229e-01 -5.909132000725729995e+03
3.759000000000000119e-01 -5.911359004691107657e+03
3.760000000000000009e-01 -5.913585688180896796e+03
3.761000000000000454e-01 -5.915810651250108094e+03
3.762000000000000344e-01 -5.918032481929863025e+03
3.763000000000000234e-01 -5.920251449192173823e+03
3.764000000000000123e-01 -5.922468392529805897e+03
3.765000000000000013e-01 -5.924684022208508395e+03
3.765999999999999903e-01 -5.926898847586271586e+03
3.767000000000000348e-01 -5.929113238079427902e+03
3.768000000000000238e-01 -5.931327503859190074e+03
3.769000000000000128e-01 -5.933543165481626602e+03
3.770000000000000018e-01 -5.935760295783317815e+03
3.770999999999999908e-01 -5.937978036457255257e+03
3.772000000000000353e-01 -5.940196161163383294e+03
3.773000000000000242e-01 -5.942414631558716792e+03
3.774000000000000132e-01 -5.944633463728322567e+03
3.775000000000000022e-01 -5.946852647660893126e+03
3.775999999999999912e-01 -5.949072515876617217e+03
3.777000000000000357e-01 -5.951292123278301005e+03
3.778000000000000247e-01 -5.953563251882259465e+03
3.779000000000000137e-01 -5.955916827237498183e+03
3.780000000000000027e-01 -5.958235987974342606e+03
3.780999999999999917e-01 -5.960579850849193463e+03
3.782000000000000361e-01 -5.962895858133232650e+03
3.783000000000000251e-01 -5.965150055047554815e+03
3.784000000000000141e-01 -5.967406325221616498e+03
3.785000000000000031e-01 -5.969651926329810522e+03
3.785999999999999921e-01 -5.971852208282711217e+03
3.787000000000000366e-01 -5.973959705861514522e+03
3.788000000000000256e-01 -5.976082227425897145e+03
3.789000000000000146e-01 -5.978217921369057876e+03
3.790000000000000036e-01 -5.980363014791766545e+03
3.790999999999999925e-01 -5.982515363763875939e+03
3.792000000000000370e-01 -5.984672465462359469e+03
3.793000000000000260e-01 -5.986832381495093614e+03
3.794000000000000150e-01 -5.988995219695752894e+03
3.795000000000000040e-01 -5.991161677266210972e+03
3.795999999999999930e-01 -5.993332276937347160e+03
3.797000000000000375e-01 -5.995507503039945732e+03
3.798000000000000265e-01 -5.997687453066841954e+03
3.799000000000000155e-01 -5.999871876902572694e+03
3.800000000000000044e-01 -6.002060511501002111e+03
3.800999999999999934e-01 -6.004240631190155000e+03
3.802000000000000379e-01 -6.006385558403596406e+03
3.803000000000000269e-01 -6.008498270240665988e+03
3.804000000000000159e-01 -6.010586736611924607e+03
3.805000000000000049e-01 -6.012657217998807027e+03
3.805999999999999939e-01 -6.014714574209265265e+03
3.807000000000000384e-01 -6.016762592774120094e+03
3.808000000000000274e-01 -6.018804554484190703e+03
3.809000000000000163e-01 -6.020843143035316643e+03
3.810000000000000053e-01 -6.022879591160717609e+03
3.810999999999999943e-01 -6.024914535760490253e+03
3.812000000000000388e-01 -6.026948228097720857e+03
3.813000000000000278e-01 -6.028980766853147543e+03
3.814000000000000168e-01 -6.031012171491572190e+03
3.815000000000000058e-01 -6.033043304294425980e+03
3.815999999999999948e-01 -6.035073256492293694e+03
3.817000000000000393e-01 -6.037100340505756321e+03
3.818000000000000282e-01 -6.039125625921986284e+03
3.819000000000000172e-01 -6.041149609265476101e+03
3.820000000000000062e-01 -6.043172608516400032e+03
3.820999999999999952e-01 -6.045194810139176298e+03
3.822000000000000397e-01 -6.047216310650200285e+03
3.823000000000000287e-01 -6.049237151222208013e+03
3.824000000000000177e-01 -6.051257343304277128e+03
3.825000000000000067e-01 -6.053276884699714174e+03
3.825999999999999956e-01 -6.055295764983115987e+03
3.827000000000000401e-01 -6.057313962304182496e+03
3.828000000000000291e-01 -6.059331446027100355e+03
3.829000000000000181e-01 -6.061348155312285598e+03
3.830000000000000071e-01 -6.063363947682098114e+03
3.830999999999999961e-01 -6.065378409401421777e+03
3.832000000000000406e-01 -6.067389464161230535e+03
3.833000000000000296e-01 -6.069395355519071018e+03
3.834000000000000186e-01 -6.071396295896503034e+03
3.835000000000000075e-01 -6.073393132031348614e+03
3.835999999999999965e-01 -6.075386587555643018e+03
3.837000000000000410e-01 -6.077377161592828088e+03
3.838000000000000300e-01 -6.079365338016477835e+03
3.839000000000000190e-01 -6.081351618081197557e+03
3.840000000000000080e-01 -6.083336435147214615e+03
3.840999999999999970e-01 -6.085320163440231227e+03
3.842000000000000415e-01 -6.087302909926476786e+03
3.843000000000000305e-01 -6.089284464711730834e+03
3.844000000000000195e-01 -6.091264542302227710e+03
3.845000000000000084e-01 -6.093243108589983422e+03
3.845999999999999974e-01 -6.095220298443803586e+03
3.847000000000000419e-01 -6.097196352517674313e+03
3.848000000000000309e-01 -6.099171535352575120e+03
3.849000000000000199e-01 -6.101146064116491289e+03
3.850000000000000089e-01 -6.103120080575579777e+03
3.850999999999999979e-01 -6.105093715160186548e+03
3.852000000000000424e-01 -6.107066879107476780e+03
3.853000000000000314e-01 -6.109039395349829647e+03
3.854000000000000203e-01 -6.111011150197531606e+03
3.855000000000000093e-01 -6.112982085078921045e+03
3.855999999999999983e-01 -6.114952210758502588e+03
3.857000000000000428e-01 -6.116921717474705474e+03
3.858000000000000318e-01 -6.118890621280285814e+03
3.859000000000000208e-01 -6.120858860568274395e+03
3.860000000000000098e-01 -6.122826486133521030e+03
3.860999999999999988e-01 -6.124793676331348252e+03
3.862000000000000433e-01 -6.126760815103378263e+03
3.863000000000000322e-01 -6.128728069787116510e+03
3.864000000000000212e-01 -6.130695330298855879e+03
3.865000000000000102e-01 -6.132662510591565479e+03
3.865999999999999992e-01 -6.134699216571045326e+03
3.867000000000000437e-01 -6.136916980057888395e+03
3.868000000000000327e-01 -6.139155695828288117e+03
3.869000000000000217e-01 -6.141381484722212008e+03
3.870000000000000107e-01 -6.143732477881758314e+03
3.870999999999999996e-01 -6.146065952519952589e+03
3.872000000000000441e-01 -6.148305231014994206e+03
3.873000000000000331e-01 -6.150463539267264423e+03
3.874000000000000221e-01 -6.152577177079621833e+03
3.875000000000000111e-01 -6.154664111958752983e+03
3.876000000000000001e-01 -6.156737647416765867e+03
3.877000000000000446e-01 -6.158804838338735863e+03
3.878000000000000336e-01 -6.160870041660650713e+03
3.879000000000000226e-01 -6.162933860498239483e+03
3.880000000000000115e-01 -6.164994886810915887e+03
3.881000000000000005e-01 -6.167051531511253415e+03
3.882000000000000450e-01 -6.169102677828611377e+03
3.883000000000000340e-01 -6.171147703939347593e+03
3.884000000000000230e-01 -6.173186133331853853e+03
3.885000000000000120e-01 -6.175216597818676746e+03
3.886000000000000010e-01 -6.177238750730041829e+03
3.887000000000000455e-01 -6.179253079648126914e+03
3.888000000000000345e-01 -6.181258404041369431e+03
3.889000000000000234e-01 -6.183254033325494675e+03
3.890000000000000124e-01 -6.185239665393566611e+03
3.891000000000000014e-01 -6.187219486801128369e+03
3.892000000000000459e-01 -6.189195370453123360e+03
3.893000000000000349e-01 -6.191166414003986574e+03
3.894000000000000239e-01 -6.193131344973694468e+03
3.895000000000000129e-01 -6.195090653126312645e+03
3.896000000000000019e-01 -6.197045033187341687e+03
3.897000000000000464e-01 -6.198994931898220784e+03
3.898000000000000353e-01 -6.200940454637348921e+03
3.899000000000000243e-01 -6.202880920118156610e+03
3.900000000000000133e-01 -6.204814428474785018e+03
3.901000000000000023e-01 -6.206734789151976656e+03
3.901999999999999913e-01 -6.208638947184284007e+03
3.903000000000000358e-01 -6.210528537753471937e+03
3.904000000000000248e-01 -6.212406820198861169e+03
3.905000000000000138e-01 -6.214276830349674128e+03
3.906000000000000028e-01 -6.216140159057284109e+03
3.906999999999999917e-01 -6.217993987846932214e+03
3.908000000000000362e-01 -6.219834390477444686e+03
3.909000000000000252e-01 -6.221660678208433637e+03
3.910000000000000142e-01 -6.223474077570427653e+03
3.911000000000000032e-01 -6.225275583155146705e+03
3.911999999999999922e-01 -6.227063117137856352e+03
3.913000000000000367e-01 -6.228835353013729218e+03
3.914000000000000257e-01 -6.230592480656617226e+03
3.915000000000000147e-01 -6.232335312644469923e+03
3.916000000000000036e-01 -6.234065141970888362e+03
3.916999999999999926e-01 -6.235780197494141248e+03
3.918000000000000371e-01 -6.237470966833363491e+03
3.919000000000000261e-01 -6.239118938483514285e+03
3.920000000000000151e-01 -6.240698171040448869e+03
3.921000000000000041e-01 -6.242172714788817757e+03
3.921999999999999931e-01 -6.243543322806640390e+03
3.923000000000000376e-01 -6.244866515060789425e+03
3.924000000000000266e-01 -6.246367925411448596e+03
3.925000000000000155e-01 -6.247961235173974273e+03
3.926000000000000045e-01 -6.249452281644904360e+03
3.926999999999999935e-01 -6.250707386477200998e+03
3.928000000000000380e-01 -6.251637494112230343e+03
3.929000000000000270e-01 -6.252196917464503713e+03
3.930000000000000160e-01 -6.252404715100407884e+03
3.931000000000000050e-01 -6.252580731315842058e+03
3.931999999999999940e-01 -6.253019739025278795e+03
3.933000000000000385e-01 -6.253349990598726436e+03
3.934000000000000274e-01 -6.253325879995183641e+03
3.935000000000000164e-01 -6.252908486699810965e+03
3.936000000000000054e-01 -6.252174867097022798e+03
3.936999999999999944e-01 -6.251212870413929522e+03
3.938000000000000389e-01 -6.250061240894119692e+03
3.939000000000000279e-01 -6.248756369156406436e+03
3.940000000000000169e-01 -6.247422851275386165e+03
3.941000000000000059e-01 -6.246116419065612718e+03
3.941999999999999948e-01 -6.244884467929889070e+03
3.943000000000000393e-01 -6.243802598929920350e+03
3.944000000000000283e-01 -6.243090689428885526e+03
3.945000000000000173e-01 -6.243033296156933829e+03
3.946000000000000063e-01 -6.243767952071382751e+03
3.946999999999999953e-01 -6.245068975493508333e+03
3.948000000000000398e-01 -6.246772038862428417e+03
3.949000000000000288e-01 -6.248743454484920221e+03
3.950000000000000178e-01 -6.250903167438113996e+03
3.951000000000000068e-01 -6.253201592599310061e+03
3.951999999999999957e-01 -6.255567078891283018e+03
3.953000000000000402e-01 -6.257933395752254910e+03
3.954000000000000292e-01 -6.260165005014883718e+03
3.955000000000000182e-01 -6.262291447735184192e+03
3.956000000000000072e-01 -6.264318025001386559e+03
3.956999999999999962e-01 -6.266220006133537026e+03
3.958000000000000407e-01 -6.268008838578048199e+03
3.959000000000000297e-01 -6.269715387918003216e+03
3.960000000000000187e-01 -6.271390989195352631e+03
3.961000000000000076e-01 -6.273065950306442573e+03
3.961999999999999966e-01 -6.274756643186862675e+03
3.963000000000000411e-01 -6.276467395784607106e+03
3.964000000000000301e-01 -6.278194767836099345e+03
3.965000000000000191e-01 -6.279950368194758084e+03
3.966000000000000081e-01 -6.281752475186923220e+03
3.966999999999999971e-01 -6.283668128750399774e+03
3.968000000000000416e-01 -6.285823848871981681e+03
3.969000000000000306e-01 -6.288056571699447886e+03
3.970000000000000195e-01 -6.290276007459534412e+03
3.971000000000000085e-01 -6.292443947513267631e+03
3.971999999999999975e-01 -6.294543179374413739e+03
3.973000000000000420e-01 -6.296584690608353412e+03
3.974000000000000310e-01 -6.298584765112451350e+03
3.975000000000000200e-01 -6.300557898268822100e+03
3.976000000000000090e-01 -6.302519644344550215e+03
3.976999999999999980e-01 -6.304485799574635166e+03
3.978000000000000425e-01 -6.306459692839428499e+03
3.979000000000000314e-01 -6.308439623250595105e+03
3.980000000000000204e-01 -6.310452366384375637e+03
3.981000000000000094e-01 -6.312503787316891248e+03
3.981999999999999984e-01 -6.314581654812246597e+03
3.983000000000000429e-01 -6.316674106750641840e+03
3.984000000000000319e-01 -6.318775338032757645e+03
3.985000000000000209e-01 -6.320877966738465148e+03
3.986000000000000099e-01 -6.322977946449896081e+03
3.986999999999999988e-01 -6.325076183110081729e+03
3.988000000000000433e-01 -6.327172487326301052e+03
3.989000000000000323e-01 -6.329263483239905327e+03
3.990000000000000213e-01 -6.331346828264930082e+03
3.991000000000000103e-01 -6.333431771102953462e+03
3.991999999999999993e-01 -6.335510761399150397e+03
3.993000000000000438e-01 -6.337581299570681949e+03
3.994000000000000328e-01 -6.339650827025462604e+03
3.995000000000000218e-01 -6.341725191369187996e+03
3.996000000000000107e-01 -6.343804598568739493e+03
3.996999999999999997e-01 -6.345886466928681330e+03
3.998000000000000442e-01 -6.347969597889215038e+03
3.999000000000000332e-01 -6.350053665679143705e+03
4.000000000000000222e-01 -6.352139622407922616e+03
4.001000000000000112e-01 -6.355990901288105306e+03
4.002000000000000002e-01 -6.361089665542896000e+03
4.003000000000000447e-01 -6.366651947749627652e+03
4.004000000000000337e-01 -6.372515584558197588e+03
4.005000000000000226e-01 -6.379029682862379559e+03
4.006000000000000116e-01 -6.386360687406914622e+03
4.007000000000000006e-01 -6.394398925942296955e+03
4.008000000000000451e-01 -6.402898727343770588e+03
4.009000000000000341e-01 -6.411777268629881291e+03
4.010000000000000231e-01 -6.420182865140030117e+03
4.011000000000000121e-01 -6.427589519177647162e+03
4.012000000000000011e-01 -6.433564878598552241e+03
4.013000000000000456e-01 -6.438378634880226855e+03
4.014000000000000346e-01 -6.442081862649506547e+03
4.015000000000000235e-01 -6.444943326406694723e+03
4.016000000000000125e-01 -6.447258917393766751e+03
4.017000000000000015e-01 -6.449197475937096897e+03
4.018000000000000460e-01 -6.450851747647731827e+03
4.019000000000000350e-01 -6.452312477466729433e+03
4.020000000000000240e-01 -6.453785870229852662e+03
4.021000000000000130e-01 -6.455139810643810051e+03
4.022000000000000020e-01 -6.456375458182957118e+03
4.023000000000000465e-01 -6.457540805136925883e+03
4.024000000000000354e-01 -6.458860356437070550e+03
4.025000000000000244e-01 -6.461458197371573988e+03
4.026000000000000134e-01 -6.464749440427774971e+03
4.027000000000000024e-01 -6.467726986858840974e+03
4.028000000000000469e-01 -6.470016286477630274e+03
4.029000000000000359e-01 -6.471769590449451243e+03
4.030000000000000249e-01 -6.473135528654735936e+03
4.031000000000000139e-01 -6.474201291220105304e+03
4.032000000000000028e-01 -6.474999785343286021e+03
4.032999999999999918e-01 -6.475537361822287494e+03
4.034000000000000363e-01 -6.475825697188203776e+03
4.035000000000000253e-01 -6.475881169664547087e+03
4.036000000000000143e-01 -6.475707444419336753e+03
4.037000000000000033e-01 -6.475286076559867979e+03
4.037999999999999923e-01 -6.474635311362935681e+03
4.039000000000000368e-01 -6.473818246329402427e+03
4.040000000000000258e-01 -6.472867584118444938e+03
4.041000000000000147e-01 -6.471746930090934256e+03
4.042000000000000037e-01 -6.470611392060874095e+03
4.042999999999999927e-01 -6.469540824880652508e+03
4.044000000000000372e-01 -6.468537210515220977e+03
4.045000000000000262e-01 -6.467601262681376284e+03
4.046000000000000152e-01 -6.466905494661456942e+03
4.047000000000000042e-01 -6.466558829331160268e+03
4.047999999999999932e-01 -6.466778718867052703e+03
4.049000000000000377e-01 -6.467705254701117155e+03
4.050000000000000266e-01 -6.469166204957608898e+03
4.051000000000000156e-01 -6.470944327867508036e+03
4.052000000000000046e-01 -6.472885050150347524e+03
4.052999999999999936e-01 -6.474893930205942524e+03
4.054000000000000381e-01 -6.476943987880918939e+03
4.055000000000000271e-01 -6.479018500762009353e+03
4.056000000000000161e-01 -6.481091367826652458e+03
4.057000000000000051e-01 -6.483135123076213858e+03
4.057999999999999940e-01 -6.485134083538282539e+03
4.059000000000000385e-01 -6.487148545628651846e+03
4.060000000000000275e-01 -6.489133415847833021e+03
4.061000000000000165e-01 -6.491099233158267452e+03
4.062000000000000055e-01 -6.493037143489558730e+03
4.062999999999999945e-01 -6.494988758614447761e+03
4.064000000000000390e-01 -6.497042286386928026e+03
4.065000000000000280e-01 -6.499221078120325728e+03
4.066000000000000170e-01 -6.501470235512037107e+03
4.067000000000000060e-01 -6.503738636504097485e+03
4.067999999999999949e-01 -6.505981170760017449e+03
4.069000000000000394e-01 -6.508186289743155612e+03
4.070000000000000284e-01 -6.510355931648633486e+03
4.071000000000000174e-01 -6.512492567033945306e+03
4.072000000000000064e-01 -6.514600174002757740e+03
4.072999999999999954e-01 -6.516682591952765506e+03
4.074000000000000399e-01 -6.518746061692662806e+03
4.075000000000000289e-01 -6.520789948261264726e+03
4.076000000000000179e-01 -6.522817025113035925e+03
4.077000000000000068e-01 -6.524830650339370550e+03
4.077999999999999958e-01 -6.526833945849291013e+03
4.079000000000000403e-01 -6.528829682978497658e+03
4.080000000000000293e-01 -6.530821228559522751e+03
4.081000000000000183e-01 -6.532808112640527725e+03
4.082000000000000073e-01 -6.534797796205025406e+03
4.082999999999999963e-01 -6.536786031471011484e+03
4.084000000000000408e-01 -6.538764801182824158e+03
4.085000000000000298e-01 -6.540741107239901794e+03
4.086000000000000187e-01 -6.542726332358404761e+03
4.087000000000000077e-01 -6.544733417621233457e+03
4.087999999999999967e-01 -6.546746587534924402e+03
4.089000000000000412e-01 -6.548778086550322769e+03
4.090000000000000302e-01 -6.550816215865843333e+03
4.091000000000000192e-01 -6.552854050715714038e+03
4.092000000000000082e-01 -6.554897628106262346e+03
4.092999999999999972e-01 -6.556956239239836577e+03
4.094000000000000417e-01 -6.559024323743974492e+03
4.095000000000000306e-01 -6.561096937704407537e+03
4.096000000000000196e-01 -6.563175931844200932e+03
4.097000000000000086e-01 -6.565254774101083058e+03
4.097999999999999976e-01 -6.567332125546943644e+03
4.099000000000000421e-01 -6.569408848057809337e+03
4.100000000000000311e-01 -6.571484905667201019e+03
4.101000000000000201e-01 -6.573573902559902308e+03
4.102000000000000091e-01 -6.575710590923094969e+03
4.102999999999999980e-01 -6.577895363335766888e+03
4.104000000000000425e-01 -6.580120198077208443e+03
4.105000000000000315e-01 -6.582372776523430730e+03
4.106000000000000205e-01 -6.584641916467213377e+03
4.107000000000000095e-01 -6.586929652018089655e+03
4.107999999999999985e-01 -6.589230284090230271e+03
4.109000000000000430e-01 -6.591542619013425792e+03
4.110000000000000320e-01 -6.593860074486508893e+03
4.111000000000000210e-01 -6.596182258800460659e+03
4.112000000000000099e-01 -6.598508939799285145e+03
4.112999999999999989e-01 -6.600838610763213183e+03
4.114000000000000434e-01 -6.603170644504832126e+03
4.115000000000000324e-01 -6.605505134074452144e+03
4.116000000000000214e-01 -6.607846693889985545e+03
4.117000000000000104e-01 -6.610192983529402227e+03
4.117999999999999994e-01 -6.612545186189851847e+03
4.119000000000000439e-01 -6.614903568525606715e+03
4.120000000000000329e-01 -6.617267481373592091e+03
4.121000000000000218e-01 -6.619636008601164576e+03
4.122000000000000108e-01 -6.622008888477898836e+03
4.122999999999999998e-01 -6.624386380135590116e+03
4.124000000000000443e-01 -6.626767284430207837e+03
4.125000000000000333e-01 -6.629149792464300845e+03
4.126000000000000223e-01 -6.631527521995024472e+03
4.127000000000000113e-01 -6.633904523010543926e+03
4.128000000000000003e-01 -6.636293603118150713e+03
4.129000000000000448e-01 -6.638686560913356516e+03
4.130000000000000338e-01 -6.641080355843725556e+03
4.131000000000000227e-01 -6.643474412224974913e+03
4.132000000000000117e-01 -6.645869556303746322e+03
4.133000000000000007e-01 -6.648266644376961267e+03
4.134000000000000452e-01 -6.650666374671032827e+03
4.135000000000000342e-01 -6.653069220944905283e+03
4.136000000000000232e-01 -6.655475021367687077e+03
4.137000000000000122e-01 -6.657883439626276413e+03
4.138000000000000012e-01 -6.660294681773307275e+03
4.139000000000000457e-01 -6.662709073890228865e+03
4.140000000000000346e-01 -6.665127234219903585e+03
4.141000000000000236e-01 -6.667549718447346095e+03
4.142000000000000126e-01 -6.669975854224777322e+03
4.143000000000000016e-01 -6.672404715171473072e+03
4.144000000000000461e-01 -6.674837056689186284e+03
4.145000000000000351e-01 -6.677273017074441668e+03
4.146000000000000241e-01 -6.679712011993140550e+03
4.147000000000000131e-01 -6.682153773625972462e+03
4.148000000000000020e-01 -6.684597571847537438e+03
4.149000000000000465e-01 -6.687044197912346135e+03
4.150000000000000355e-01 -6.689495287111916696e+03
4.151000000000000245e-01 -6.691950747094381768e+03
4.152000000000000135e-01 -6.694414016780116071e+03
4.153000000000000025e-01 -6.696886272858499979e+03
4.154000000000000470e-01 -6.699371875244670264e+03
4.155000000000000360e-01 -6.701871192272376902e+03
4.156000000000000250e-01 -6.704381278384801590e+03
4.157000000000000139e-01 -6.706900067093371945e+03
4.158000000000000029e-01 -6.709426109986875417e+03
4.159000000000000474e-01 -6.711956156126186215e+03
4.160000000000000364e-01 -6.714485757712666782e+03
4.161000000000000254e-01 -6.717015876182824286e+03
4.162000000000000144e-01 -6.719550100669697713e+03
4.163000000000000034e-01 -6.722095225930498600e+03
4.163999999999999924e-01 -6.724660716813337785e+03
4.165000000000000369e-01 -6.727252312239779712e+03
4.166000000000000258e-01 -6.729876433283057850e+03
4.167000000000000148e-01 -6.732539998849772019e+03
4.168000000000000038e-01 -6.735241252986045765e+03
4.168999999999999928e-01 -6.737986897361920455e+03
4.170000000000000373e-01 -6.740795155260567299e+03
4.171000000000000263e-01 -6.743668514009862520e+03
4.172000000000000153e-01 -6.746610337625750617e+03
4.173000000000000043e-01 -6.749612021620056112e+03
4.173999999999999932e-01 -6.752696776316132855e+03
4.175000000000000377e-01 -6.755876703350815660e+03
4.176000000000000267e-01 -6.759177793648944316e+03
4.177000000000000157e-01 -6.762611667295239386e+03
4.178000000000000047e-01 -6.766167883708510999e+03
4.178999999999999937e-01 -6.769799325251626215e+03
4.180000000000000382e-01 -6.773526917191968096e+03
4.181000000000000272e-01 -6.777361712671926398e+03
4.182000000000000162e-01 -6.781338746901335071e+03
4.183000000000000052e-01 -6.785487292951319432e+03
4.183999999999999941e-01 -6.789835424150081963e+03
4.185000000000000386e-01 -6.794456222480192991e+03
4.186000000000000276e-01 -6.799381270264002524e+03
4.187000000000000166e-01 -6.804608959566670819e+03
4.188000000000000056e-01 -6.809927397228235350e+03
4.188999999999999946e-01 -6.814288674612753312e+03
4.190000000000000391e-01 -6.817176220574860963e+03
4.191000000000000281e-01 -6.819454806094274318e+03
4.192000000000000171e-01 -6.821655716284425580e+03
4.193000000000000060e-01 -6.823734893273916896e+03
4.193999999999999950e-01 -6.825677184645692250e+03
4.195000000000000395e-01 -6.827563327023998681e+03
4.196000000000000285e-01 -6.829457386801846951e+03
4.197000000000000175e-01 -6.831396388668980762e+03
4.198000000000000065e-01 -6.833413361039855772e+03
4.198999999999999955e-01 -6.835529596719193250e+03
4.200000000000000400e-01 -6.837749350614571085e+03
4.201000000000000290e-01 -6.840052450393252911e+03
4.202000000000000179e-01 -6.842405727946840670e+03
4.203000000000000069e-01 -6.844778464002036344e+03
4.203999999999999959e-01 -6.847154746422764219e+03
4.205000000000000404e-01 -6.849523091785734323e+03
4.206000000000000294e-01 -6.851873319573223853e+03
4.207000000000000184e-01 -6.854200520562614656e+03
4.208000000000000074e-01 -6.856505924950421104e+03
4.208999999999999964e-01 -6.858796004829715457e+03
4.210000000000000409e-01 -6.861080400691317664e+03
4.211000000000000298e-01 -6.863355657686237464e+03
4.212000000000000188e-01 -6.865636959803330683e+03
4.213000000000000078e-01 -6.867921330611568919e+03
4.213999999999999968e-01 -6.870212066742377829e+03
4.215000000000000413e-01 -6.872512951932545548e+03
4.216000000000000303e-01 -6.874824652578257883e+03
4.217000000000000193e-01 -6.877145803190758670e+03
4.218000000000000083e-01 -6.879472250387548229e+03
4.218999999999999972e-01 -6.881797104516806030e+03
4.220000000000000417e-01 -6.884116515518605411e+03
4.221000000000000307e-01 -6.886457669335255559e+03
4.222000000000000197e-01 -6.888932948184204179e+03
4.223000000000000087e-01 -6.891636819174988887e+03
4.223999999999999977e-01 -6.894459780804088041e+03
4.225000000000000422e-01 -6.897217493516887771e+03
4.226000000000000312e-01 -6.899849820425163671e+03
4.227000000000000202e-01 -6.902371425105004164e+03
4.228000000000000091e-01 -6.904817636179968758e+03
4.228999999999999981e-01 -6.907232969083935131e+03
4.230000000000000426e-01 -6.909634957938884327e+03
4.231000000000000316e-01 -6.912010407600148937e+03
4.232000000000000206e-01 -6.914353322633524840e+03
4.233000000000000096e-01 -6.916666493786413412e+03
4.233999999999999986e-01 -6.918957321606141704e+03
4.235000000000000431e-01 -6.921234275366355178e+03
4.236000000000000321e-01 -6.923505497060883499e+03
4.237000000000000210e-01 -6.925778567128818395e+03
4.238000000000000100e-01 -6.928057386604500607e+03
4.238999999999999990e-01 -6.930342856062832652e+03
4.240000000000000435e-01 -6.932634473426905060e+03
4.241000000000000325e-01 -6.934930932845515599e+03
4.242000000000000215e-01 -6.937230810746656061e+03
4.243000000000000105e-01 -6.939531975547173715e+03
4.243999999999999995e-01 -6.941833008216911367e+03
4.245000000000000440e-01 -6.944133656407395392e+03
4.246000000000000330e-01 -6.946433526312150207e+03
4.247000000000000219e-01 -6.948732058788266841e+03
4.248000000000000109e-01 -6.951029146682295504e+03
4.248999999999999999e-01 -6.953324790120946091e+03
4.250000000000000444e-01 -6.955619046223066107e+03
4.251000000000000334e-01 -6.957912043983545118e+03
4.252000000000000224e-01 -6.960203967455415295e+03
4.253000000000000114e-01 -6.962495032825902854e+03
4.254000000000000004e-01 -6.964785464689615765e+03
4.255000000000000449e-01 -6.967075474076091268e+03
4.256000000000000338e-01 -6.969365240563309271e+03
4.257000000000000228e-01 -6.971654900452277616e+03
4.258000000000000118e-01 -6.973944542054608974e+03
4.259000000000000008e-01 -6.976234207901214177e+03
4.260000000000000453e-01 -6.978523902533832370e+03
4.261000000000000343e-01 -6.980813603830604734e+03
4.262000000000000233e-01 -6.983102979054660864e+03
4.263000000000000123e-01 -6.985389918081051292e+03
4.264000000000000012e-01 -6.987672662432573816e+03
4.265000000000000457e-01 -6.989951341597894498e+03
4.266000000000000347e-01 -6.992225608575067781e+03
4.267000000000000237e-01 -6.994494844158900378e+03
4.268000000000000127e-01 -6.996760236350944069e+03
4.269000000000000017e-01 -6.999023244011757924e+03
4.270000000000000462e-01 -7.001284683640926232e+03
4.271000000000000352e-01 -7.003545029777271338e+03
4.272000000000000242e-01 -7.005804600427363766e+03
4.273000000000000131e-01 -7.008063628012116169e+03
4.274000000000000021e-01 -7.010322310817949983e+03
4.275000000000000466e-01 -7.012580800602770069e+03
4.276000000000000356e-01 -7.014839208598585174e+03
4.277000000000000246e-01 -7.017097601695762023e+03
4.278000000000000136e-01 -7.019356006261100447e+03
4.279000000000000026e-01 -7.021614430982589511e+03
4.280000000000000471e-01 -7.023872853753598974e+03
4.281000000000000361e-01 -7.026131227714677152e+03
4.282000000000000250e-01 -7.028389492883642561e+03
4.283000000000000140e-01 -7.030647585539255488e+03
4.284000000000000030e-01 -7.032905445785409029e+03
4.285000000000000475e-01 -7.035163023389653972e+03
4.286000000000000365e-01 -7.037420281667616109e+03
4.287000000000000255e-01 -7.039677199313269739e+03
4.288000000000000145e-01 -7.041933770157138497e+03
4.289000000000000035e-01 -7.044189892766658886e+03
4.290000000000000480e-01 -7.046445386204150054e+03
4.291000000000000369e-01 -7.048700308914399102e+03
4.292000000000000259e-01 -7.050954608352913965e+03
4.293000000000000149e-01 -7.053208212844499030e+03
4.294000000000000039e-01 -7.055461284867526047e+03
4.294999999999999929e-01 -7.057714043342582954e+03
4.296000000000000374e-01 -7.059966685162747126e+03
4.297000000000000264e-01 -7.062219337100331359e+03
4.298000000000000154e-01 -7.064472160164375055e+03
4.299000000000000044e-01 -7.066725328969416296e+03
4.299999999999999933e-01 -7.068978955864610725e+03
4.301000000000000378e-01 -7.071220253546714048e+03
4.302000000000000268e-01 -7.073421050359524997e+03
4.303000000000000158e-01 -7.075582619183860515e+03
4.304000000000000048e-01 -7.077713454950522646e+03
4.304999999999999938e-01 -7.079821352288258822e+03
4.306000000000000383e-01 -7.081912264074144332e+03
4.307000000000000273e-01 -7.083991232173253593e+03
4.308000000000000163e-01 -7.086060435060616328e+03
4.309000000000000052e-01 -7.088121641112946236e+03
4.309999999999999942e-01 -7.090176977623617859e+03
4.311000000000000387e-01 -7.092229931726287759e+03
4.312000000000000277e-01 -7.094277473259743601e+03
4.313000000000000167e-01 -7.096320573061047980e+03
4.314000000000000057e-01 -7.098361017410388740e+03
4.314999999999999947e-01 -7.100400035638176632e+03
4.316000000000000392e-01 -7.102438147828561341e+03
4.317000000000000282e-01 -7.104474834445431952e+03
4.318000000000000171e-01 -7.106510082246266393e+03
4.319000000000000061e-01 -7.108544584540446522e+03
4.319999999999999951e-01 -7.110578600434101645e+03
4.321000000000000396e-01 -7.112612419110488190e+03
4.322000000000000286e-01 -7.114646063855009743e+03
4.323000000000000176e-01 -7.116680266144612688e+03
4.324000000000000066e-01 -7.118715315383387860e+03
4.324999999999999956e-01 -7.120752284234507897e+03
4.326000000000000401e-01 -7.122790301409207132e+03
4.327000000000000290e-01 -7.124828524740605644e+03
4.328000000000000180e-01 -7.126867285392272606e+03
4.329000000000000070e-01 -7.128906470456110583e+03
4.329999999999999960e-01 -7.130946594715374886e+03
4.331000000000000405e-01 -7.132987758481092897e+03
4.332000000000000295e-01 -7.135026390072333925e+03
4.333000000000000185e-01 -7.137063984237119257e+03
4.334000000000000075e-01 -7.139100848839585524e+03
4.334999999999999964e-01 -7.141327787862690457e+03
4.336000000000000409e-01 -7.143927577379573449e+03
4.337000000000000299e-01 -7.146544527739712976e+03
4.338000000000000189e-01 -7.149039458167944758e+03
4.339000000000000079e-01 -7.151402240532117503e+03
4.339999999999999969e-01 -7.154058417391464900e+03
4.341000000000000414e-01 -7.157187068623175946e+03
4.342000000000000304e-01 -7.160122718206857826e+03
4.343000000000000194e-01 -7.162758057033779551e+03
4.344000000000000083e-01 -7.165198137288071848e+03
4.344999999999999973e-01 -7.167522310442754133e+03
4.346000000000000418e-01 -7.169771568157199908e+03
4.347000000000000308e-01 -7.171967317281987562e+03
4.348000000000000198e-01 -7.174123005374501190e+03
4.349000000000000088e-01 -7.176399774271097158e+03
4.349999999999999978e-01 -7.178805724177906995e+03
4.351000000000000423e-01 -7.181197585135606460e+03
4.352000000000000313e-01 -7.183696099538032286e+03
4.353000000000000203e-01 -7.186514790524165619e+03
4.354000000000000092e-01 -7.189290518960620830e+03
4.354999999999999982e-01 -7.191921826538210553e+03
4.356000000000000427e-01 -7.194411296187555308e+03
4.357000000000000317e-01 -7.196784550549603409e+03
4.358000000000000207e-01 -7.199068586378101827e+03
4.359000000000000097e-01 -7.201285468610075441e+03
4.359999999999999987e-01 -7.203451543749075427e+03
4.361000000000000432e-01 -7.205578898258867412e+03
4.362000000000000322e-01 -7.207676324638779079e+03
4.363000000000000211e-01 -7.209748096210780204e+03
4.364000000000000101e-01 -7.211798075108693411e+03
4.364999999999999991e-01 -7.213830471111951738e+03
4.366000000000000436e-01 -7.215849313463184444e+03
4.367000000000000326e-01 -7.217857693260725682e+03
4.368000000000000216e-01 -7.219857470659389946e+03
4.369000000000000106e-01 -7.221848024361596799e+03
4.369999999999999996e-01 -7.223828935405953416e+03
4.371000000000000441e-01 -7.225801051373023256e+03
4.372000000000000330e-01 -7.227766033836852330e+03
4.373000000000000220e-01 -7.229725073060152681e+03
4.374000000000000110e-01 -7.231678271932521966e+03
4.375000000000000000e-01 -7.233625549754760868e+03
4.376000000000000445e-01 -7.235566509633243186e+03
4.377000000000000335e-01 -7.237501538202558550e+03
4.378000000000000225e-01 -7.239431422831350574e+03
4.379000000000000115e-01 -7.241356814407483398e+03
4.380000000000000004e-01 -7.243278099268508413e+03
4.381000000000000449e-01 -7.245195339996327675e+03
4.382000000000000339e-01 -7.247108469109199177e+03
4.383000000000000229e-01 -7.249017299279632425e+03
4.384000000000000119e-01 -7.250922834079997301e+03
4.385000000000000009e-01 -7.252817827205399226e+03
4.386000000000000454e-01 -7.254699765519416360e+03
4.387000000000000344e-01 -7.256569919250412568e+03
4.388000000000000234e-01 -7.258430062144903786e+03
4.389000000000000123e-01 -7.260281423316559085e+03
4.390000000000000013e-01 -7.262124548397559010e+03
4.391000000000000458e-01 -7.263954761752991544e+03
4.392000000000000348e-01 -7.265785220834749452e+03
4.393000000000000238e-01 -7.267612156541676086e+03
4.394000000000000128e-01 -7.269436874730273303e+03
4.395000000000000018e-01 -7.271261356458572664e+03
4.396000000000000463e-01 -7.273076975174134532e+03
4.397000000000000353e-01 -7.274887979761459064e+03
4.398000000000000242e-01 -7.276706841961386999e+03
4.399000000000000132e-01 -7.278536150585860014e+03
4.400000000000000022e-01 -7.280351658013834822e+03
4.401000000000000467e-01 -7.282144708775909749e+03
4.402000000000000357e-01 -7.283969283207564331e+03
4.403000000000000247e-01 -7.285817388283745458e+03
4.404000000000000137e-01 -7.287630157187209988e+03
4.405000000000000027e-01 -7.289396764235931187e+03
4.406000000000000472e-01 -7.291163177768068635e+03
4.407000000000000361e-01 -7.292972018184317676e+03
4.408000000000000251e-01 -7.294888622084663439e+03
4.409000000000000141e-01 -7.296884628330534724e+03
4.410000000000000031e-01 -7.298890333400720920e+03
4.411000000000000476e-01 -7.300851848992241685e+03
4.412000000000000366e-01 -7.302758561620054024e+03
4.413000000000000256e-01 -7.304650807111306676e+03
4.414000000000000146e-01 -7.306568689690441715e+03
4.415000000000000036e-01 -7.308512422907580003e+03
4.416000000000000481e-01 -7.310464037276586168e+03
4.417000000000000370e-01 -7.312415625060957609e+03
4.418000000000000260e-01 -7.314380320933854819e+03
4.419000000000000150e-01 -7.316365267132665394e+03
4.420000000000000040e-01 -7.318353841945841850e+03
4.421000000000000485e-01 -7.320324957501567951e+03
4.422000000000000375e-01 -7.322269825955177112e+03
4.423000000000000265e-01 -7.324191941453953405e+03
4.424000000000000155e-01 -7.326094474219280528e+03
4.425000000000000044e-01 -7.327963715561275421e+03
4.426000000000000489e-01 -7.329779916597562988e+03
4.427000000000000379e-01 -7.331525731209841069e+03
4.428000000000000269e-01 -7.333184391958984634e+03
4.429000000000000159e-01 -7.334735172438095105e+03
4.430000000000000049e-01 -7.336152578011747210e+03
4.430999999999999939e-01 -7.337409288838363864e+03
4.432000000000000384e-01 -7.338479458947808780e+03
4.433000000000000274e-01 -7.339339813248034261e+03
4.434000000000000163e-01 -7.339969985860283487e+03
4.435000000000000053e-01 -7.340351378896703864e+03
4.435999999999999943e-01 -7.340478780957334493e+03
4.437000000000000388e-01 -7.340333209032796731e+03
4.438000000000000278e-01 -7.339910761678414019e+03
4.439000000000000168e-01 -7.339215977539028245e+03
4.440000000000000058e-01 -7.338240294458455537e+03
4.440999999999999948e-01 -7.336986197810818339e+03
4.442000000000000393e-01 -7.335461253882975143e+03
4.443000000000000282e-01 -7.333756393650245627e+03
4.444000000000000172e-01 -7.332084759979661612e+03
4.445000000000000062e-01 -7.330497157404621248e+03
4.445999999999999952e-01 -7.329107090998672902e+03
4.447000000000000397e-01 -7.328080611266875167e+03
4.448000000000000287e-01 -7.327425559282508402e+03
4.449000000000000177e-01 -7.327313232943719413e+03
4.450000000000000067e-01 -7.328101893595226102e+03
4.450999999999999956e-01 -7.329623726045768308e+03
4.452000000000000401e-01 -7.331518894829043347e+03
4.453000000000000291e-01 -7.333542557084793771e+03
4.454000000000000181e-01 -7.335611393055664848e+03
4.455000000000000071e-01 -7.337686212780973619e+03
4.455999999999999961e-01 -7.339767586388462405e+03
4.457000000000000406e-01 -7.341757087939510711e+03
4.458000000000000296e-01 -7.343746803111056579e+03
4.459000000000000186e-01 -7.345736108148474159e+03
4.460000000000000075e-01 -7.347779441129087900e+03
4.460999999999999965e-01 -7.349941397119788235e+03
4.462000000000000410e-01 -7.352210041839485712e+03
4.463000000000000300e-01 -7.354467087859175990e+03
4.464000000000000190e-01 -7.356648640851271011e+03
4.465000000000000080e-01 -7.358750100086307611e+03
4.465999999999999970e-01 -7.360790876011829823e+03
4.467000000000000415e-01 -7.362818735898017621e+03
4.468000000000000305e-01 -7.364842791429243334e+03
4.469000000000000195e-01 -7.366891587802263530e+03
4.470000000000000084e-01 -7.368985606420146723e+03
4.470999999999999974e-01 -7.371110483831428610e+03
4.472000000000000419e-01 -7.373246976418889972e+03
4.473000000000000309e-01 -7.375376116325052863e+03
4.474000000000000199e-01 -7.377492582954972931e+03
4.475000000000000089e-01 -7.379593827029050772e+03
4.475999999999999979e-01 -7.381678215878017909e+03
4.477000000000000424e-01 -7.383744739534186010e+03
4.478000000000000314e-01 -7.385800782233763130e+03
4.479000000000000203e-01 -7.387837087692997557e+03
4.480000000000000093e-01 -7.389848857788722853e+03
4.480999999999999983e-01 -7.391845719194910998e+03
4.482000000000000428e-01 -7.393855020346316451e+03
4.483000000000000318e-01 -7.395831981774472297e+03
4.484000000000000208e-01 -7.397797791538147067e+03
4.485000000000000098e-01 -7.399763620724559587e+03
4.485999999999999988e-01 -7.401729726672337165e+03
4.487000000000000433e-01 -7.403698412583059508e+03
4.488000000000000322e-01 -7.405677346328232488e+03
4.489000000000000212e-01 -7.407669000858753861e+03
4.490000000000000102e-01 -7.409668843555268722e+03
4.490999999999999992e-01 -7.411677021907685230e+03
4.492000000000000437e-01 -7.413693962589532021e+03
4.493000000000000327e-01 -7.415722688061432564e+03
4.494000000000000217e-01 -7.417753068179562433e+03
4.495000000000000107e-01 -7.419786551526688527e+03
4.495999999999999996e-01 -7.421826992982636511e+03
4.497000000000000441e-01 -7.423871024815328383e+03
4.498000000000000331e-01 -7.425917799838914107e+03
4.499000000000000221e-01 -7.427968328713624942e+03
4.500000000000000111e-01 -7.430020711186325570e+03
4.501000000000000001e-01 -7.433787170712812440e+03
4.502000000000000446e-01 -7.438491616393687764e+03
4.503000000000000336e-01 -7.443437451193020934e+03
4.504000000000000226e-01 -7.448742229562053581e+03
4.505000000000000115e-01 -7.454828549557642873e+03
4.506000000000000005e-01 -7.461749004695278018e+03
4.507000000000000450e-01 -7.469351861264144645e+03
4.508000000000000340e-01 -7.477387424603457475e+03
4.509000000000000230e-01 -7.486014891656773216e+03
4.510000000000000120e-01 -7.495190898819790164e+03
4.511000000000000010e-01 -7.504722088642856761e+03
4.512000000000000455e-01 -7.514132112157365555e+03
4.513000000000000345e-01 -7.521079246473334933e+03
4.514000000000000234e-01 -7.524608075614583868e+03
4.515000000000000124e-01 -7.526652990728745863e+03
4.516000000000000014e-01 -7.528025889824482874e+03
4.517000000000000459e-01 -7.529075944256362163e+03
4.518000000000000349e-01 -7.530069166233080978e+03
4.519000000000000239e-01 -7.530957910256825016e+03
4.520000000000000129e-01 -7.531741582422451756e+03
4.521000000000000019e-01 -7.532376082334431885e+03
4.522000000000000464e-01 -7.534071515002642627e+03
4.523000000000000353e-01 -7.537293163684455976e+03
4.524000000000000243e-01 -7.540323224406028203e+03
4.525000000000000133e-01 -7.542607677528794738e+03
4.526000000000000023e-01 -7.544347285680516507e+03
4.527000000000000468e-01 -7.545761342326975864e+03
4.528000000000000358e-01 -7.546975233333179858e+03
4.529000000000000248e-01 -7.548043559345192989e+03
4.530000000000000138e-01 -7.548994557050502408e+03
4.531000000000000028e-01 -7.549846021051492244e+03
4.532000000000000473e-01 -7.550600691751711565e+03
4.533000000000000362e-01 -7.551259064258653780e+03
4.534000000000000252e-01 -7.551810361466342329e+03
4.535000000000000142e-01 -7.552229919968370268e+03
4.536000000000000032e-01 -7.552488609315589201e+03
4.537000000000000477e-01 -7.552575117435202628e+03
4.538000000000000367e-01 -7.552477767457150549e+03
4.539000000000000257e-01 -7.552177073317134273e+03
4.540000000000000147e-01 -7.551668369266672926e+03
4.541000000000000036e-01 -7.550965789586209212e+03
4.542000000000000481e-01 -7.550116569795342912e+03
4.543000000000000371e-01 -7.549144617047874817e+03
4.544000000000000261e-01 -7.548211174696208218e+03
4.545000000000000151e-01 -7.547415632988633661e+03
4.546000000000000041e-01 -7.546734433803298998e+03
4.547000000000000486e-01 -7.546296125143094287e+03
4.548000000000000376e-01 -7.546106065151237999e+03
4.549000000000000266e-01 -7.546123252908480936e+03
4.550000000000000155e-01 -7.546352383941808512e+03
4.551000000000000045e-01 -7.547037541857313954e+03
4.552000000000000490e-01 -7.548280755367310121e+03
4.553000000000000380e-01 -7.549882028621611425e+03
4.554000000000000270e-01 -7.551669572119989425e+03
4.555000000000000160e-01 -7.553554882116276531e+03
4.556000000000000050e-01 -7.555491747807208412e+03
4.557000000000000495e-01 -7.557461571909720078e+03
4.558000000000000385e-01 -7.559473170633958034e+03
4.559000000000000274e-01 -7.561510166675765504e+03
4.560000000000000164e-01 -7.563640115449100449e+03
4.561000000000000054e-01 -7.565848204662452190e+03
4.561999999999999944e-01 -7.568046060805359048e+03
4.563000000000000389e-01 -7.570206778452047729e+03
4.564000000000000279e-01 -7.572326497026108882e+03
4.565000000000000169e-01 -7.574410650553217238e+03
4.566000000000000059e-01 -7.576484705284939082e+03
4.566999999999999948e-01 -7.578569420294047632e+03
4.568000000000000393e-01 -7.580668087457947877e+03
4.569000000000000283e-01 -7.582779096365477017e+03
4.570000000000000173e-01 -7.584900984793323914e+03
4.571000000000000063e-01 -7.587027856660452926e+03
4.571999999999999953e-01 -7.589156026425365781e+03
4.573000000000000398e-01 -7.591268246865002766e+03
4.574000000000000288e-01 -7.593365674011305600e+03
4.575000000000000178e-01 -7.595448953153155344e+03
4.576000000000000068e-01 -7.597519355221871592e+03
4.576999999999999957e-01 -7.599569785933783351e+03
4.578000000000000402e-01 -7.601612014148915478e+03
4.579000000000000292e-01 -7.603636873721626216e+03
4.580000000000000182e-01 -7.605645679500728875e+03
4.581000000000000072e-01 -7.607642983512782848e+03
4.581999999999999962e-01 -7.609631534839118103e+03
4.583000000000000407e-01 -7.611614049883251027e+03
4.584000000000000297e-01 -7.613616148734133276e+03
4.585000000000000187e-01 -7.615594170673249209e+03
4.586000000000000076e-01 -7.617566728574916851e+03
4.586999999999999966e-01 -7.619546137713287862e+03
4.588000000000000411e-01 -7.621536959662994377e+03
4.589000000000000301e-01 -7.623533167162328027e+03
4.590000000000000191e-01 -7.625532691124291887e+03
4.591000000000000081e-01 -7.627535851914788509e+03
4.591999999999999971e-01 -7.629542934925327245e+03
4.593000000000000416e-01 -7.631555491019373221e+03
4.594000000000000306e-01 -7.633574000157045703e+03
4.595000000000000195e-01 -7.635598053606363464e+03
4.596000000000000085e-01 -7.637626969681892660e+03
4.596999999999999975e-01 -7.639661107095219450e+03
4.598000000000000420e-01 -7.641700025898795502e+03
4.599000000000000310e-01 -7.643738235488386636e+03
4.600000000000000200e-01 -7.645777878119106390e+03
4.601000000000000090e-01 -7.647832752677152712e+03
4.601999999999999980e-01 -7.649932599534484325e+03
4.603000000000000425e-01 -7.652075798064905030e+03
4.604000000000000314e-01 -7.654252929998061518e+03
4.605000000000000204e-01 -7.656455789692408871e+03
4.606000000000000094e-01 -7.658678252324887580e+03
4.606999999999999984e-01 -7.660915807880755892e+03
4.608000000000000429e-01 -7.663165097003839946e+03
4.609000000000000319e-01 -7.665423613950670187e+03
4.610000000000000209e-01 -7.667689911685540210e+03
4.611000000000000099e-01 -7.669961746811080957e+03
4.611999999999999988e-01 -7.672236960259499028e+03
4.613000000000000433e-01 -7.674515134072995352e+03
4.614000000000000323e-01 -7.676796244968560131e+03
4.615000000000000213e-01 -7.679079613997122578e+03
4.616000000000000103e-01 -7.681362984517651057e+03
4.616999999999999993e-01 -7.683646977249371957e+03
4.618000000000000438e-01 -7.685934117556747879e+03
4.619000000000000328e-01 -7.688220205667701521e+03
4.620000000000000218e-01 -7.690505094285582345e+03
4.621000000000000107e-01 -7.692790321583871446e+03
4.621999999999999997e-01 -7.695076178153530236e+03
4.623000000000000442e-01 -7.697362796185296247e+03
4.624000000000000332e-01 -7.699650021876281244e+03
4.625000000000000222e-01 -7.701935154079571475e+03
4.626000000000000112e-01 -7.704221155375803392e+03
4.627000000000000002e-01 -7.706509531032249470e+03
4.628000000000000447e-01 -7.708800728462605548e+03
4.629000000000000337e-01 -7.711096202517902384e+03
4.630000000000000226e-01 -7.713397048653283491e+03
4.631000000000000116e-01 -7.715704927636736102e+03
4.632000000000000006e-01 -7.718022582958614294e+03
4.633000000000000451e-01 -7.720350265902867250e+03
4.634000000000000341e-01 -7.722687766507114247e+03
4.635000000000000231e-01 -7.725036805945117521e+03
4.636000000000000121e-01 -7.727395663766948928e+03
4.637000000000000011e-01 -7.729761464508670542e+03
4.638000000000000456e-01 -7.732134422151328181e+03
4.639000000000000346e-01 -7.734513904341134548e+03
4.640000000000000235e-01 -7.736898983904177840e+03
4.641000000000000125e-01 -7.739288766829422457e+03
4.642000000000000015e-01 -7.741682495619115798e+03
4.643000000000000460e-01 -7.744079585799770030e+03
4.644000000000000350e-01 -7.746479652248294769e+03
4.645000000000000240e-01 -7.748882542883953647e+03
4.646000000000000130e-01 -7.751287989092651515e+03
4.647000000000000020e-01 -7.753693993152307485e+03
4.648000000000000465e-01 -7.756099983467704078e+03
4.649000000000000354e-01 -7.758507125446431928e+03
4.650000000000000244e-01 -7.760914508215480964e+03
4.651000000000000134e-01 -7.763320062775966107e+03
4.652000000000000024e-01 -7.765731131046697556e+03
4.653000000000000469e-01 -7.768153301105891842e+03
4.654000000000000359e-01 -7.770591485866701078e+03
4.655000000000000249e-01 -7.773046795498680694e+03
4.656000000000000139e-01 -7.775519182017067578e+03
4.657000000000000028e-01 -7.778008742354866627e+03
4.658000000000000473e-01 -7.780516359953516258e+03
4.659000000000000363e-01 -7.783046961975968770e+03
4.660000000000000253e-01 -7.785607254114004718e+03
4.661000000000000143e-01 -7.788203061656775390e+03
4.662000000000000033e-01 -7.790842672489969118e+03
4.663000000000000478e-01 -7.793532494326695087e+03
4.664000000000000368e-01 -7.796277291902098113e+03
4.665000000000000258e-01 -7.799081040151351772e+03
4.666000000000000147e-01 -7.801945917819371971e+03
4.667000000000000037e-01 -7.804872998139266201e+03
4.668000000000000482e-01 -7.807863562033202470e+03
4.669000000000000372e-01 -7.810917461718798222e+03
4.670000000000000262e-01 -7.814035864664003384e+03
4.671000000000000152e-01 -7.817214013356595387e+03
4.672000000000000042e-01 -7.820472583911828224e+03
4.673000000000000487e-01 -7.823833564099200885e+03
4.674000000000000377e-01 -7.827309392401433797e+03
4.675000000000000266e-01 -7.830888143128377124e+03
4.676000000000000156e-01 -7.834546707102776054e+03
4.677000000000000046e-01 -7.838337504910940879e+03
4.678000000000000491e-01 -7.842269489078600600e+03
4.679000000000000381e-01 -7.846357335610490736e+03
4.680000000000000271e-01 -7.850672944462275154e+03
4.681000000000000161e-01 -7.855308980899498238e+03
4.682000000000000051e-01 -7.860269647560186968e+03
4.683000000000000496e-01 -7.865527556226043089e+03
4.684000000000000385e-01 -7.871012436248543963e+03
4.685000000000000275e-01 -7.876722473209737473e+03
4.686000000000000165e-01 -7.882635946631505249e+03
4.687000000000000055e-01 -7.887481396095730815e+03
4.688000000000000500e-01 -7.890350078212258268e+03
4.689000000000000390e-01 -7.892457313722554318e+03
4.690000000000000280e-01 -7.894439625444460944e+03
4.691000000000000170e-01 -7.896305645607495535e+03
4.692000000000000060e-01 -7.898090763996197893e+03
4.692999999999999949e-01 -7.899880745691626544e+03
4.694000000000000394e-01 -7.901741375649697147e+03
4.695000000000000284e-01 -7.903706627434448819e+03
4.696000000000000174e-01 -7.905773859771695243e+03
4.697000000000000064e-01 -7.907925985142437639e+03
4.697999999999999954e-01 -7.910145008618525026e+03
4.699000000000000399e-01 -7.912414433830652342e+03
4.700000000000000289e-01 -7.914715297598106190e+03
4.701000000000000179e-01 -7.917025331045152598e+03
4.702000000000000068e-01 -7.919328518996679122e+03
4.702999999999999958e-01 -7.921616997337184330e+03
4.704000000000000403e-01 -7.923886309093652926e+03
4.705000000000000293e-01 -7.926134904324618219e+03
4.706000000000000183e-01 -7.928366809126666340e+03
4.707000000000000073e-01 -7.930589889543054596e+03
4.707999999999999963e-01 -7.932809968088071400e+03
4.709000000000000408e-01 -7.935030176573402969e+03
4.710000000000000298e-01 -7.937251794826883270e+03
4.711000000000000187e-01 -7.939478624775896606e+03
4.712000000000000077e-01 -7.941714426918161735e+03
4.712999999999999967e-01 -7.943959467613312881e+03
4.714000000000000412e-01 -7.946212442593080596e+03
4.715000000000000302e-01 -7.948471710532041470e+03
4.716000000000000192e-01 -7.950735543270866401e+03
4.717000000000000082e-01 -7.953002445924225867e+03
4.717999999999999972e-01 -7.955271542713818235e+03
4.719000000000000417e-01 -7.957541993057075160e+03
4.720000000000000306e-01 -7.959813204805176611e+03
4.721000000000000196e-01 -7.962085288494820816e+03
4.722000000000000086e-01 -7.964358854599418009e+03
4.722999999999999976e-01 -7.966633714261296518e+03
4.724000000000000421e-01 -7.968906563801780067e+03
4.725000000000000311e-01 -7.971172560377560330e+03
4.726000000000000201e-01 -7.973430707346579766e+03
4.727000000000000091e-01 -7.975681541790971096e+03
4.727999999999999980e-01 -7.977925821535376599e+03
4.729000000000000425e-01 -7.980164979912309718e+03
4.730000000000000315e-01 -7.982400462058807534e+03
4.731000000000000205e-01 -7.984633188797099137e+03
4.732000000000000095e-01 -7.986863658611036954e+03
4.732999999999999985e-01 -7.989092180601566724e+03
4.734000000000000430e-01 -7.991319007153338134e+03
4.735000000000000320e-01 -7.993544396672618859e+03
4.736000000000000210e-01 -7.995768633238124494e+03
4.737000000000000099e-01 -7.997992022617383554e+03
4.737999999999999989e-01 -8.000214877208502003e+03
4.739000000000000434e-01 -8.002437497654461367e+03
4.740000000000000324e-01 -8.004660188059586289e+03
4.741000000000000214e-01 -8.006883274159494249e+03
4.742000000000000104e-01 -8.009106936847933866e+03
4.742999999999999994e-01 -8.011331266125553157e+03
4.744000000000000439e-01 -8.013556309655839868e+03
4.745000000000000329e-01 -8.015782137785548002e+03
4.746000000000000218e-01 -8.018009137501654550e+03
4.747000000000000108e-01 -8.020237407403968064e+03
4.747999999999999998e-01 -8.022466616728332156e+03
4.749000000000000443e-01 -8.024696381057638973e+03
4.750000000000000333e-01 -8.026926386352671216e+03
4.751000000000000223e-01 -8.029156408698965606e+03
4.752000000000000113e-01 -8.031386301166233352e+03
4.753000000000000003e-01 -8.033615972960657928e+03
4.754000000000000448e-01 -8.035845369900932383e+03
4.755000000000000338e-01 -8.038074459187011598e+03
4.756000000000000227e-01 -8.040303219086621539e+03
4.757000000000000117e-01 -8.042531633114155738e+03
4.758000000000000007e-01 -8.044759687793493868e+03
4.759000000000000452e-01 -8.046987372885431796e+03
4.760000000000000342e-01 -8.049214682931964489e+03
4.761000000000000232e-01 -8.051441619120127143e+03
4.762000000000000122e-01 -8.053668190725031309e+03
4.763000000000000012e-01 -8.055894415693950577e+03
4.764000000000000457e-01 -8.058120320241365334e+03
4.765000000000000346e-01 -8.060345937563208281e+03
4.766000000000000236e-01 -8.062570832454259289e+03
4.767000000000000126e-01 -8.064792588337350935e+03
4.768000000000000016e-01 -8.067009868972078948e+03
4.769000000000000461e-01 -8.069223431271303525e+03
4.770000000000000351e-01 -8.071434364551407270e+03
4.771000000000000241e-01 -8.073643594603257043e+03
4.772000000000000131e-01 -8.075851833796078608e+03
4.773000000000000020e-01 -8.078059611175750433e+03
4.774000000000000465e-01 -8.080267354658363729e+03
4.775000000000000355e-01 -8.082475467108934936e+03
4.776000000000000245e-01 -8.084684109981873917e+03
4.777000000000000135e-01 -8.086893299975022273e+03
4.778000000000000025e-01 -8.089102991186188774e+03
4.779000000000000470e-01 -8.091313100835928708e+03
4.780000000000000360e-01 -8.093523521330726908e+03
4.781000000000000250e-01 -8.095734130607107545e+03
4.782000000000000139e-01 -8.097944802995747523e+03
4.783000000000000029e-01 -8.100155421170425143e+03
4.784000000000000474e-01 -8.102365900763826176e+03
4.785000000000000364e-01 -8.104576168253992364e+03
4.786000000000000254e-01 -8.106786163112858048e+03
4.787000000000000144e-01 -8.108995851587263132e+03
4.788000000000000034e-01 -8.111205225600181620e+03
4.789000000000000479e-01 -8.113414297517198975e+03
4.790000000000000369e-01 -8.115623093811940635e+03
4.791000000000000258e-01 -8.117831414348089311e+03
4.792000000000000148e-01 -8.120038774110085797e+03
4.793000000000000038e-01 -8.122245083926138250e+03
4.794000000000000483e-01 -8.124449825327312283e+03
4.795000000000000373e-01 -8.126653034729411047e+03
4.796000000000000263e-01 -8.128855035012780718e+03
4.797000000000000153e-01 -8.131056135113823075e+03
4.798000000000000043e-01 -8.133256566206567186e+03
4.799000000000000488e-01 -8.135456488440491739e+03
4.800000000000000377e-01 -8.137656009582471597e+03
4.801000000000000267e-01 -8.139842333036761374e+03
4.802000000000000157e-01 -8.141987448570146626e+03
4.803000000000000047e-01 -8.144093587925111024e+03
4.804000000000000492e-01 -8.146170047992345644e+03
4.805000000000000382e-01 -8.148224880223114269e+03
4.806000000000000272e-01 -8.150264020134814018e+03
4.807000000000000162e-01 -8.152291683620205731e+03
4.808000000000000052e-01 -8.154310825970886981e+03
4.809000000000000496e-01 -8.156323385625682022e+03
4.810000000000000386e-01 -8.158329731412854926e+03
4.811000000000000276e-01 -8.160330057703306920e+03
4.812000000000000166e-01 -8.162324790420125282e+03
4.813000000000000056e-01 -8.164315633182416605e+03
4.814000000000000501e-01 -8.166304650856740409e+03
4.815000000000000391e-01 -8.168292787618846887e+03
4.816000000000000281e-01 -8.170279436357812301e+03
4.817000000000000171e-01 -8.172264833591138995e+03
4.818000000000000060e-01 -8.174249205976831945e+03
4.819000000000000505e-01 -8.176232633518732655e+03
4.820000000000000395e-01 -8.178215217019967895e+03
4.821000000000000285e-01 -8.180197089604474968e+03
4.822000000000000175e-01 -8.182178400415221404e+03
4.823000000000000065e-01 -8.184159284766917153e+03
4.823999999999999955e-01 -8.186139837867894130e+03
4.825000000000000400e-01 -8.188120152367825540e+03
4.826000000000000290e-01 -8.190100296367566443e+03
4.827000000000000179e-01 -8.192080307282180001e+03
4.828000000000000069e-01 -8.194060197355904165e+03
4.828999999999999959e-01 -8.196039961887419850e+03
4.830000000000000404e-01 -8.198019587091641370e+03
4.831000000000000294e-01 -8.199999056244891108e+03
4.832000000000000184e-01 -8.201978353896043700e+03
4.833000000000000074e-01 -8.203958427203509927e+03
4.833999999999999964e-01 -8.205940103132108561e+03
4.835000000000000409e-01 -8.207920826437613869e+03
4.836000000000000298e-01 -8.209901984076206645e+03
4.837000000000000188e-01 -8.211883364227776838e+03
4.838000000000000078e-01 -8.213864551121816476e+03
4.838999999999999968e-01 -8.215845360140316188e+03
4.840000000000000413e-01 -8.217825786561586938e+03
4.841000000000000303e-01 -8.219805882261969600e+03
4.842000000000000193e-01 -8.221785588260607256e+03
4.843000000000000083e-01 -8.223764710191369886e+03
4.843999999999999972e-01 -8.225742965437988460e+03
4.845000000000000417e-01 -8.227720169632888428e+03
4.846000000000000307e-01 -8.229696259695521803e+03
4.847000000000000197e-01 -8.231671309028279211e+03
4.848000000000000087e-01 -8.233645515721673291e+03
4.848999999999999977e-01 -8.235618816208409044e+03
4.850000000000000422e-01 -8.237591173430704657e+03
4.851000000000000312e-01 -8.239562764700387561e+03
4.852000000000000202e-01 -8.241533898899770065e+03
4.853000000000000091e-01 -8.243505082543075332e+03
4.853999999999999981e-01 -8.245476843982027276e+03
4.855000000000000426e-01 -8.247448849795029673e+03
4.856000000000000316e-01 -8.249420724976649581e+03
4.857000000000000206e-01 -8.251392177844674734e+03
4.858000000000000096e-01 -8.253362939820726751e+03
4.858999999999999986e-01 -8.255332796775895986e+03
4.860000000000000431e-01 -8.257301631742499012e+03
4.861000000000000321e-01 -8.259269417969218921e+03
4.862000000000000210e-01 -8.261236167271583327e+03
4.863000000000000100e-01 -8.263201771988837208e+03
4.863999999999999990e-01 -8.265165906001069743e+03
4.865000000000000435e-01 -8.267127973101922180e+03
4.866000000000000325e-01 -8.269084946299677540e+03
4.867000000000000215e-01 -8.271033421217733121e+03
4.868000000000000105e-01 -8.272972788448771098e+03
4.868999999999999995e-01 -8.274903113231635871e+03
4.870000000000000440e-01 -8.276825162026545513e+03
4.871000000000000330e-01 -8.278739984475509118e+03
4.872000000000000219e-01 -8.280648636400004762e+03
4.873000000000000109e-01 -8.282552146935440760e+03
4.873999999999999999e-01 -8.284451528162499017e+03
4.875000000000000444e-01 -8.286347753119795016e+03
4.876000000000000334e-01 -8.288241880331153880e+03
4.877000000000000224e-01 -8.290134763532083525e+03
4.878000000000000114e-01 -8.292029747352999038e+03
4.879000000000000004e-01 -8.293928294287681638e+03
4.880000000000000449e-01 -8.295831180041428524e+03
4.881000000000000338e-01 -8.297739426126991020e+03
4.882000000000000228e-01 -8.299654354606393099e+03
4.883000000000000118e-01 -8.301576743592113417e+03
4.884000000000000008e-01 -8.303506940226838196e+03
4.885000000000000453e-01 -8.305445263681238430e+03
4.886000000000000343e-01 -8.307389637600494098e+03
4.887000000000000233e-01 -8.309338330325681454e+03
4.888000000000000123e-01 -8.311300711051228063e+03
4.889000000000000012e-01 -8.313272747899507522e+03
4.890000000000000457e-01 -8.315268541466068200e+03
4.891000000000000347e-01 -8.317272913457700270e+03
4.892000000000000237e-01 -8.319278988385227422e+03
4.893000000000000127e-01 -8.321284795272717020e+03
4.894000000000000017e-01 -8.323287734493180324e+03
4.895000000000000462e-01 -8.325285781077691354e+03
4.896000000000000352e-01 -8.327278096403459131e+03
4.897000000000000242e-01 -8.329264920609131877e+03
4.898000000000000131e-01 -8.331247233135673014e+03
4.899000000000000021e-01 -8.333226402845311895e+03
4.900000000000000466e-01 -8.335204516187841364e+03
4.901000000000000356e-01 -8.337186412065679178e+03
4.902000000000000246e-01 -8.339171736096519453e+03
4.903000000000000136e-01 -8.341157539099440328e+03
4.904000000000000026e-01 -8.343141825487557071e+03
4.905000000000000471e-01 -8.345123656433359429e+03
4.906000000000000361e-01 -8.347103005442306312e+03
4.907000000000000250e-01 -8.349052531665307470e+03
4.908000000000000140e-01 -8.350991250325139845e+03
4.909000000000000030e-01 -8.352951970024867478e+03
4.910000000000000475e-01 -8.354934628871294990e+03
4.911000000000000365e-01 -8.356941659830192293e+03
4.912000000000000255e-01 -8.358977538334607743e+03
4.913000000000000145e-01 -8.361021104842098794e+03
4.914000000000000035e-01 -8.363051400232840024e+03
4.915000000000000480e-01 -8.365055934264531970e+03
4.916000000000000369e-01 -8.367031225357575750e+03
4.917000000000000259e-01 -8.368979731114162860e+03
4.918000000000000149e-01 -8.370906233772264386e+03
4.919000000000000039e-01 -8.372807751357186135e+03
4.920000000000000484e-01 -8.374683447787259865e+03
4.921000000000000374e-01 -8.376532071193802039e+03
4.922000000000000264e-01 -8.378348645640171526e+03
4.923000000000000154e-01 -8.380129143908789047e+03
4.924000000000000044e-01 -8.381876101354569983e+03
4.925000000000000488e-01 -8.383594644107657587e+03
4.926000000000000378e-01 -8.385290437360508804e+03
4.927000000000000268e-01 -8.386965727772254468e+03
4.928000000000000158e-01 -8.388613928552660582e+03
4.929000000000000048e-01 -8.390214256939874758e+03
4.930000000000000493e-01 -8.391748941123387340e+03
4.931000000000000383e-01 -8.393203840425139788e+03
4.932000000000000273e-01 -8.394565847530750034e+03
4.933000000000000163e-01 -8.395822623544425369e+03
4.934000000000000052e-01 -8.396963617693480046e+03
4.935000000000000497e-01 -8.397982606554776794e+03
4.936000000000000387e-01 -8.398874312061057935e+03
4.937000000000000277e-01 -8.399631937715425011e+03
4.938000000000000167e-01 -8.400251786990300388e+03
4.939000000000000057e-01 -8.400764803810650847e+03
4.940000000000000502e-01 -8.401227181658201516e+03
4.941000000000000392e-01 -8.401650720183908561e+03
4.942000000000000282e-01 -8.402031598422006937e+03
4.943000000000000171e-01 -8.402376793982659365e+03
4.944000000000000061e-01 -8.402690114342776724e+03
4.945000000000000506e-01 -8.403010313263483113e+03
4.946000000000000396e-01 -8.403409635075680853e+03
4.947000000000000286e-01 -8.403875158779317644e+03
4.948000000000000176e-01 -8.403812525671628464e+03
4.949000000000000066e-01 -8.402894129795919071e+03
4.950000000000000511e-01 -8.401764153579169943e+03
4.951000000000000401e-01 -8.401069214099292367e+03
4.952000000000000290e-01 -8.401008691314737007e+03
4.953000000000000180e-01 -8.401496904304882264e+03
4.954000000000000070e-01 -8.402465738828614121e+03
4.954999999999999960e-01 -8.403788076751858171e+03
4.956000000000000405e-01 -8.405324347008527184e+03
4.957000000000000295e-01 -8.406985199739143354e+03
4.958000000000000185e-01 -8.408718443302528613e+03
4.959000000000000075e-01 -8.410501360391110211e+03
4.959999999999999964e-01 -8.412332156589143779e+03
4.961000000000000409e-01 -8.414221345767451567e+03
4.962000000000000299e-01 -8.416165970336976898e+03
4.963000000000000189e-01 -8.418157936307108685e+03
4.964000000000000079e-01 -8.420180926654333234e+03
4.964999999999999969e-01 -8.422226799112790104e+03
4.966000000000000414e-01 -8.424266586347281191e+03
4.967000000000000304e-01 -8.426325960230664350e+03
4.968000000000000194e-01 -8.428413385982821637e+03
4.969000000000000083e-01 -8.430506373214489940e+03
4.969999999999999973e-01 -8.432598876632822794e+03
4.971000000000000418e-01 -8.434691638383859754e+03
4.972000000000000308e-01 -8.436781829643250603e+03
4.973000000000000198e-01 -8.438864410524760387e+03
4.974000000000000088e-01 -8.440937692858429727e+03
4.974999999999999978e-01 -8.443001451451105822e+03
4.976000000000000423e-01 -8.445059685712069040e+03
4.977000000000000313e-01 -8.447113074388538735e+03
4.978000000000000203e-01 -8.449161744911085407e+03
4.979000000000000092e-01 -8.451207473903376012e+03
4.979999999999999982e-01 -8.453247043659792325e+03
4.981000000000000427e-01 -8.455285749855675022e+03
4.982000000000000317e-01 -8.457318579532846343e+03
4.983000000000000207e-01 -8.459347050267588202e+03
4.984000000000000097e-01 -8.461379673012221247e+03
4.984999999999999987e-01 -8.463408753514446289e+03
4.986000000000000432e-01 -8.465436692828581727e+03
4.987000000000000322e-01 -8.467470051824004258e+03
4.988000000000000211e-01 -8.469498853259048701e+03
4.989000000000000101e-01 -8.471528912889818457e+03
4.989999999999999991e-01 -8.473566406406876922e+03
4.991000000000000436e-01 -8.475600171450445487e+03
4.992000000000000326e-01 -8.477636451512655185e+03
4.993000000000000216e-01 -8.479678142369559282e+03
4.994000000000000106e-01 -8.481717180262954571e+03
4.994999999999999996e-01 -8.483756790544321120e+03
4.996000000000000441e-01 -8.485798807871517056e+03
4.997000000000000330e-01 -8.487843903288605361e+03
4.998000000000000220e-01 -8.489891566212743783e+03
4.999000000000000110e-01 -8.491940460915613585e+03
5.000000000000000000e-01 -8.493990768224224666e+03
5.000999999999999890e-01 -8.497862774439461646e+03
5.001999999999999780e-01 -8.502924940929613513e+03
5.003000000000000780e-01 -8.508263481579379004e+03
5.004000000000000670e-01 -8.513891157966681931e+03
5.005000000000000560e-01 -8.520151516695159444e+03
5.006000000000000449e-01 -8.527234582483271879e+03
5.007000000000000339e-01 -8.535053739201684948e+03
5.008000000000000229e-01 -8.543322167649475887e+03
5.009000000000000119e-01 -8.552104718028402203e+03
5.010000000000000009e-01 -8.560526827475714526e+03
5.010999999999999899e-01 -8.566664097009306715e+03
5.011999999999999789e-01 -8.570681632005185747e+03
5.013000000000000789e-01 -8.573721984048350350e+03
5.014000000000000679e-01 -8.576288775133785748e+03
5.015000000000000568e-01 -8.578598563665265829e+03
5.016000000000000458e-01 -8.580710283980039094e+03
5.017000000000000348e-01 -8.582599617103394849e+03
5.018000000000000238e-01 -8.584249598767366479e+03
5.019000000000000128e-01 -8.585838125639635109e+03
5.020000000000000018e-01 -8.588205633400497391e+03
5.020999999999999908e-01 -8.591525248587038732e+03
5.021999999999999797e-01 -8.594299039440396882e+03
5.022999999999999687e-01 -8.596343632837737459e+03
5.024000000000000687e-01 -8.597947593132861584e+03
5.025000000000000577e-01 -8.599315501785340530e+03
5.026000000000000467e-01 -8.600552664214124889e+03
5.027000000000000357e-01 -8.601719586484623505e+03
5.028000000000000247e-01 -8.602840697246194395e+03
5.029000000000000137e-01 -8.603897465869929874e+03
5.030000000000000027e-01 -8.604888082483055769e+03
5.030999999999999917e-01 -8.605826487613087011e+03
5.031999999999999806e-01 -8.606717324827361153e+03
5.032999999999999696e-01 -8.607549294563868898e+03
5.034000000000000696e-01 -8.608299451118391517e+03
5.035000000000000586e-01 -8.608956571493850788e+03
5.036000000000000476e-01 -8.609520223284196618e+03
5.037000000000000366e-01 -8.609994377667253502e+03
5.038000000000000256e-01 -8.610379407690819789e+03
5.039000000000000146e-01 -8.610663588637555222e+03
5.040000000000000036e-01 -8.610840527591459249e+03
5.040999999999999925e-01 -8.610968062302377803e+03
5.041999999999999815e-01 -8.611111311175312949e+03
5.042999999999999705e-01 -8.611279990741606525e+03
5.044000000000000705e-01 -8.611471752311623277e+03
5.045000000000000595e-01 -8.611691954936170077e+03
5.046000000000000485e-01 -8.612017950582448975e+03
5.047000000000000375e-01 -8.612488326423121180e+03
5.048000000000000265e-01 -8.613075619189678036e+03
5.049000000000000155e-01 -8.613759565940139510e+03
5.050000000000000044e-01 -8.614520230916306900e+03
5.050999999999999934e-01 -8.615350111535859469e+03
5.051999999999999824e-01 -8.616316324642008112e+03
5.052999999999999714e-01 -8.617474837126328566e+03
5.054000000000000714e-01 -8.618829338591054693e+03
5.055000000000000604e-01 -8.620363553705707091e+03
5.056000000000000494e-01 -8.622054669804982041e+03
5.057000000000000384e-01 -8.623853160986709554e+03
5.058000000000000274e-01 -8.625718175912023071e+03
5.059000000000000163e-01 -8.627626018930084683e+03
5.060000000000000053e-01 -8.629566138460815637e+03
5.060999999999999943e-01 -8.631534425732410455e+03
5.061999999999999833e-01 -8.633529260643128509e+03
5.062999999999999723e-01 -8.635542906013411994e+03
5.064000000000000723e-01 -8.637562837491281243e+03
5.065000000000000613e-01 -8.639627078537489069e+03
5.066000000000000503e-01 -8.641706234741126536e+03
5.067000000000000393e-01 -8.643790755667483609e+03
5.068000000000000282e-01 -8.645875811423420600e+03
5.069000000000000172e-01 -8.647957417319614251e+03
5.070000000000000062e-01 -8.650033588346148463e+03
5.070999999999999952e-01 -8.652103195274579775e+03
5.071999999999999842e-01 -8.654165444634290907e+03
5.072999999999999732e-01 -8.656219594041185701e+03
5.074000000000000732e-01 -8.658265506007312069e+03
5.075000000000000622e-01 -8.660303186757289950e+03
5.076000000000000512e-01 -8.662332286189670413e+03
5.077000000000000401e-01 -8.664352401339951030e+03
5.078000000000000291e-01 -8.666347963427608192e+03
5.079000000000000181e-01 -8.668345923320959628e+03
5.080000000000000071e-01 -8.670343609217312405e+03
5.080999999999999961e-01 -8.672335084148622627e+03
5.081999999999999851e-01 -8.674319376965169795e+03
5.082999999999999741e-01 -8.676298552153391938e+03
5.084000000000000741e-01 -8.678273756842345392e+03
5.085000000000000631e-01 -8.680246408987937684e+03
5.086000000000000520e-01 -8.682217298829957144e+03
5.087000000000000410e-01 -8.684186154841056123e+03
5.088000000000000300e-01 -8.686153839408350905e+03
5.089000000000000190e-01 -8.688121887821373093e+03
5.090000000000000080e-01 -8.689945291508231094e+03
5.090999999999999970e-01 -8.691231341842325492e+03
5.091999999999999860e-01 -8.692411200552181981e+03
5.092999999999999750e-01 -8.693701699413792085e+03
5.094000000000000750e-01 -8.695118092835569769e+03
5.095000000000000639e-01 -8.696237201629330229e+03
5.096000000000000529e-01 -8.697042489020457651e+03
5.097000000000000419e-01 -8.697789712338491881e+03
5.098000000000000309e-01 -8.698566805057536840e+03
5.099000000000000199e-01 -8.699406660387528973e+03
5.100000000000000089e-01 -8.700349783254385329e+03
5.100999999999999979e-01 -8.701437402323337665e+03
5.101999999999999869e-01 -8.702756105165348345e+03
5.102999999999999758e-01 -8.704364086700790722e+03
5.104000000000000759e-01 -8.706272855947401695e+03
5.105000000000000648e-01 -8.708125872583521414e+03
5.106000000000000538e-01 -8.709915154922506190e+03
5.107000000000000428e-01 -8.711822688441337959e+03
5.108000000000000318e-01 -8.713871175648289864e+03
5.109000000000000208e-01 -8.716030920644769139e+03
5.110000000000000098e-01 -8.717991635595419211e+03
5.110999999999999988e-01 -8.719765433729986398e+03
5.111999999999999877e-01 -8.721584357642881514e+03
5.112999999999999767e-01 -8.723514343947532325e+03
5.114000000000000767e-01 -8.725560635799096417e+03
5.115000000000000657e-01 -8.727700132651432796e+03
5.116000000000000547e-01 -8.729906175395302853e+03
5.117000000000000437e-01 -8.732156146635346886e+03
5.118000000000000327e-01 -8.734432851666873830e+03
5.119000000000000217e-01 -8.736724858024552304e+03
5.120000000000000107e-01 -8.739025162386207739e+03
5.120999999999999996e-01 -8.741329795921394179e+03
5.121999999999999886e-01 -8.743636893428236363e+03
5.122999999999999776e-01 -8.745948691821020475e+03
5.124000000000000776e-01 -8.748260788969302666e+03
5.125000000000000666e-01 -8.750575799557032951e+03
5.126000000000000556e-01 -8.752896508852989427e+03
5.127000000000000446e-01 -8.755225064696622212e+03
5.128000000000000336e-01 -8.757560267731065323e+03
5.129000000000000226e-01 -8.759898779328215824e+03
5.130000000000000115e-01 -8.762241165363418986e+03
5.131000000000000005e-01 -8.764588079253473552e+03
5.131999999999999895e-01 -8.766938830321218120e+03
5.132999999999999785e-01 -8.769292789366818397e+03
5.134000000000000785e-01 -8.771649496784597432e+03
5.135000000000000675e-01 -8.774008673182352140e+03
5.136000000000000565e-01 -8.776370141324754513e+03
5.137000000000000455e-01 -8.778733493607445780e+03
5.138000000000000345e-01 -8.781098370216621333e+03
5.139000000000000234e-01 -8.783465062300399950e+03
5.140000000000000124e-01 -8.785833855055361710e+03
5.141000000000000014e-01 -8.788205046073238918e+03
5.141999999999999904e-01 -8.790579667920341308e+03
5.142999999999999794e-01 -8.792958806344495315e+03
5.144000000000000794e-01 -8.795342987477668430e+03
5.145000000000000684e-01 -8.797733206715083725e+03
5.146000000000000574e-01 -8.800125781986438597e+03
5.147000000000000464e-01 -8.802520750948613568e+03
5.148000000000000353e-01 -8.804919772506762456e+03
5.149000000000000243e-01 -8.807322716883138128e+03
5.150000000000000133e-01 -8.809729458480402172e+03
5.151000000000000023e-01 -8.812139883649841067e+03
5.151999999999999913e-01 -8.814553882142896327e+03
5.152999999999999803e-01 -8.816971360971381728e+03
5.153999999999999693e-01 -8.819392273953440963e+03
5.155000000000000693e-01 -8.821816667276778389e+03
5.156000000000000583e-01 -8.824244787259349323e+03
5.157000000000000473e-01 -8.826678066999234943e+03
5.158000000000000362e-01 -8.829122143142718414e+03
5.159000000000000252e-01 -8.831580041545927088e+03
5.160000000000000142e-01 -8.834052764259326068e+03
5.161000000000000032e-01 -8.836540626914007589e+03
5.161999999999999922e-01 -8.839042864706778346e+03
5.162999999999999812e-01 -8.841558802666673728e+03
5.163999999999999702e-01 -8.844088011924246530e+03
5.165000000000000702e-01 -8.846630537332097447e+03
5.166000000000000592e-01 -8.849186727990661893e+03
5.167000000000000481e-01 -8.851759464935381402e+03
5.168000000000000371e-01 -8.854358767196914414e+03
5.169000000000000261e-01 -8.856992605068922785e+03
5.170000000000000151e-01 -8.859665962598475744e+03
5.171000000000000041e-01 -8.862382107049397746e+03
5.171999999999999931e-01 -8.865149036964521656e+03
5.172999999999999821e-01 -8.867975292423196152e+03
5.173999999999999710e-01 -8.870864744718135626e+03
5.175000000000000711e-01 -8.873818788417243923e+03
5.176000000000000600e-01 -8.876836140535377126e+03
5.177000000000000490e-01 -8.879914938181567777e+03
5.178000000000000380e-01 -8.883056761338813885e+03
5.179000000000000270e-01 -8.886267442179023419e+03
5.180000000000000160e-01 -8.889559690584083000e+03
5.181000000000000050e-01 -8.892957610828449106e+03
5.181999999999999940e-01 -8.896483122092267877e+03
5.182999999999999829e-01 -8.900151427044604134e+03
5.183999999999999719e-01 -8.903979297760291956e+03
5.185000000000000719e-01 -8.908007871675128627e+03
5.186000000000000609e-01 -8.912292255101034243e+03
5.187000000000000499e-01 -8.916954862307504300e+03
5.188000000000000389e-01 -8.922102964862542649e+03
5.189000000000000279e-01 -8.927787531983887675e+03
5.190000000000000169e-01 -8.933940178893841221e+03
5.191000000000000059e-01 -8.940507756484243146e+03
5.191999999999999948e-01 -8.947594661036620892e+03
5.192999999999999838e-01 -8.955220060860880039e+03
5.193999999999999728e-01 -8.962173019106296124e+03
5.195000000000000728e-01 -8.965726546998403137e+03
5.196000000000000618e-01 -8.967377454957369991e+03
5.197000000000000508e-01 -8.968681567359448309e+03
5.198000000000000398e-01 -8.970096481181606578e+03
5.199000000000000288e-01 -8.971702596726894626e+03
5.200000000000000178e-01 -8.973588076834683307e+03
5.201000000000000068e-01 -8.975755058627939434e+03
5.201999999999999957e-01 -8.978009456780508117e+03
5.202999999999999847e-01 -8.980261697241203365e+03
5.203999999999999737e-01 -8.982506921088403033e+03
5.205000000000000737e-01 -8.984765966744642355e+03
5.206000000000000627e-01 -8.987050123670551329e+03
5.207000000000000517e-01 -8.989353677387531206e+03
5.208000000000000407e-01 -8.991664922279675011e+03
5.209000000000000297e-01 -8.993969783891579937e+03
5.210000000000000187e-01 -8.996263382174201979e+03
5.211000000000000076e-01 -8.998558756345060829e+03
5.211999999999999966e-01 -9.000854854060306025e+03
5.212999999999999856e-01 -9.003141090663242721e+03
5.213999999999999746e-01 -9.005422349600430607e+03
5.215000000000000746e-01 -9.007704467723600828e+03
5.216000000000000636e-01 -9.009989139397561303e+03
5.217000000000000526e-01 -9.012302612903664340e+03
5.218000000000000416e-01 -9.014689463160482774e+03
5.219000000000000306e-01 -9.017156665383161453e+03
5.220000000000000195e-01 -9.019628707067637151e+03
5.221000000000000085e-01 -9.022063123552476100e+03
5.221999999999999975e-01 -9.024450039613033368e+03
5.222999999999999865e-01 -9.026800707555221379e+03
5.223999999999999755e-01 -9.029116086243939208e+03
5.225000000000000755e-01 -9.031400991827258622e+03
5.226000000000000645e-01 -9.033669697457737129e+03
5.227000000000000535e-01 -9.035937509952489563e+03
5.228000000000000425e-01 -9.038213386734620144e+03
5.229000000000000314e-01 -9.040501825241422921e+03
5.230000000000000204e-01 -9.042789304713935053e+03
5.231000000000000094e-01 -9.045080309367793234e+03
5.231999999999999984e-01 -9.047377962911576105e+03
5.232999999999999874e-01 -9.049683751297192430e+03
5.233999999999999764e-01 -9.051998444953404032e+03
5.235000000000000764e-01 -9.054322200063501441e+03
5.236000000000000654e-01 -9.056654978617416418e+03
5.237000000000000544e-01 -9.058996656431401789e+03
5.238000000000000433e-01 -9.061347076988688059e+03
5.239000000000000323e-01 -9.063706067096260085e+03
5.240000000000000213e-01 -9.066073437955437839e+03
5.241000000000000103e-01 -9.068448544398665035e+03
5.241999999999999993e-01 -9.070827393068095262e+03
5.242999999999999883e-01 -9.073210641154499172e+03
5.243999999999999773e-01 -9.075601356905155626e+03
5.245000000000000773e-01 -9.077992499242822305e+03
5.246000000000000663e-01 -9.080372134817398546e+03
5.247000000000000552e-01 -9.082740467737010476e+03
5.248000000000000442e-01 -9.085103134216902617e+03
5.249000000000000332e-01 -9.087454674377295305e+03
5.250000000000000222e-01 -9.089786737378010002e+03
5.251000000000000112e-01 -9.092083465307545339e+03
5.252000000000000002e-01 -9.094352276722216629e+03
5.252999999999999892e-01 -9.096605848318129574e+03
5.253999999999999782e-01 -9.098851482664251307e+03
5.255000000000000782e-01 -9.101092711938175853e+03
5.256000000000000671e-01 -9.103331001791282688e+03
5.257000000000000561e-01 -9.105566761530853910e+03
5.258000000000000451e-01 -9.107799974623987509e+03
5.259000000000000341e-01 -9.110030587635184929e+03
5.260000000000000231e-01 -9.112258710273665201e+03
5.261000000000000121e-01 -9.114484712876084814e+03
5.262000000000000011e-01 -9.116709045857147430e+03
5.262999999999999901e-01 -9.118932422087626037e+03
5.263999999999999790e-01 -9.121155605252828536e+03
5.265000000000000790e-01 -9.123379225015547490e+03
5.266000000000000680e-01 -9.125603851839174240e+03
5.267000000000000570e-01 -9.127829950658240705e+03
5.268000000000000460e-01 -9.130057896690705093e+03
5.269000000000000350e-01 -9.132287970707260683e+03
5.270000000000000240e-01 -9.134520154130987066e+03
5.271000000000000130e-01 -9.136753900786738086e+03
5.272000000000000020e-01 -9.138991166691905164e+03
5.272999999999999909e-01 -9.141228588347235927e+03
5.273999999999999799e-01 -9.143466658875200665e+03
5.275000000000000799e-01 -9.145705467174417208e+03
5.276000000000000689e-01 -9.147944865317556832e+03
5.277000000000000579e-01 -9.150184524567201152e+03
5.278000000000000469e-01 -9.152424301254086458e+03
5.279000000000000359e-01 -9.154664065293996828e+03
5.280000000000000249e-01 -9.156902505219952218e+03
5.281000000000000139e-01 -9.159141339275500286e+03
5.282000000000000028e-01 -9.161380331285523425e+03
5.282999999999999918e-01 -9.163618942610319209e+03
5.283999999999999808e-01 -9.165856896254919775e+03
5.285000000000000808e-01 -9.168094200442777947e+03
5.286000000000000698e-01 -9.170330071183561813e+03
5.287000000000000588e-01 -9.172566443251567762e+03
5.288000000000000478e-01 -9.174802630304428021e+03
5.289000000000000368e-01 -9.177038266002215096e+03
5.290000000000000258e-01 -9.179272774013954404e+03
5.291000000000000147e-01 -9.181507186809503764e+03
5.292000000000000037e-01 -9.183741898062122345e+03
5.292999999999999927e-01 -9.185975902420248531e+03
5.293999999999999817e-01 -9.188209249955289124e+03
5.294999999999999707e-01 -9.190443076455649134e+03
5.296000000000000707e-01 -9.192675370886283417e+03
5.297000000000000597e-01 -9.194907391450211435e+03
5.298000000000000487e-01 -9.197137896074755190e+03
5.299000000000000377e-01 -9.199366975294346048e+03
5.300000000000000266e-01 -9.201594722236910457e+03
5.301000000000000156e-01 -9.203809083311554787e+03
5.302000000000000046e-01 -9.205982689249762188e+03
5.302999999999999936e-01 -9.208116640751612067e+03
5.303999999999999826e-01 -9.210219138720643969e+03
5.304999999999999716e-01 -9.212298069469541588e+03
5.306000000000000716e-01 -9.214359617823234657e+03
5.307000000000000606e-01 -9.216407792904590679e+03
5.308000000000000496e-01 -9.218445074344734167e+03
5.309000000000000385e-01 -9.220474195692973808e+03
5.310000000000000275e-01 -9.222496431172394296e+03
5.311000000000000165e-01 -9.224512324081648330e+03
5.312000000000000055e-01 -9.226523756966509609e+03
5.312999999999999945e-01 -9.228532004586058974e+03
5.313999999999999835e-01 -9.230537931311957436e+03
5.314999999999999725e-01 -9.232542138565961068e+03
5.316000000000000725e-01 -9.234545059481179123e+03
5.317000000000000615e-01 -9.236547025812491484e+03
5.318000000000000504e-01 -9.238548293252471922e+03
5.319000000000000394e-01 -9.240549058562461141e+03
5.320000000000000284e-01 -9.242549447660412625e+03
5.321000000000000174e-01 -9.244549510946711962e+03
5.322000000000000064e-01 -9.246549320706186336e+03
5.322999999999999954e-01 -9.248548953102756059e+03
5.323999999999999844e-01 -9.250548467679192981e+03
5.324999999999999734e-01 -9.252547903864129694e+03
5.326000000000000734e-01 -9.254547283298401453e+03
5.327000000000000624e-01 -9.256546613431633887e+03
5.328000000000000513e-01 -9.258545890962141129e+03
5.329000000000000403e-01 -9.260545104766139048e+03
5.330000000000000293e-01 -9.262544238280617719e+03
5.331000000000000183e-01 -9.264543271405174892e+03
5.332000000000000073e-01 -9.266542181762290056e+03
5.332999999999999963e-01 -9.268540891441138228e+03
5.333999999999999853e-01 -9.270539302654688072e+03
5.334999999999999742e-01 -9.272537402114639917e+03
5.336000000000000743e-01 -9.274535150714711563e+03
5.337000000000000632e-01 -9.276532572780841292e+03
5.338000000000000522e-01 -9.278529679833996852e+03
5.339000000000000412e-01 -9.280526472440287762e+03
5.340000000000000302e-01 -9.282522944380700210e+03
5.341000000000000192e-01 -9.284519084726871370e+03
5.342000000000000082e-01 -9.286514878728199619e+03
5.342999999999999972e-01 -9.288510307900876796e+03
5.343999999999999861e-01 -9.290505317584929799e+03
5.344999999999999751e-01 -9.292499871951047680e+03
5.346000000000000751e-01 -9.294493988926429665e+03
5.347000000000000641e-01 -9.296487624279247029e+03
5.348000000000000531e-01 -9.298480439167040458e+03
5.349000000000000421e-01 -9.300472459209440785e+03
5.350000000000000311e-01 -9.302463760746913977e+03
5.351000000000000201e-01 -9.304453500150295440e+03
5.352000000000000091e-01 -9.306439313836246583e+03
5.352999999999999980e-01 -9.308420273932875716e+03
5.353999999999999870e-01 -9.310396578725696600e+03
5.354999999999999760e-01 -9.312370098724748459e+03
5.356000000000000760e-01 -9.314341202476756735e+03
5.357000000000000650e-01 -9.316312675925180883e+03
5.358000000000000540e-01 -9.318281913784747303e+03
5.359000000000000430e-01 -9.320249409450845633e+03
5.360000000000000320e-01 -9.322216227739667374e+03
5.361000000000000210e-01 -9.324182420019988058e+03
5.362000000000000099e-01 -9.326147889691537785e+03
5.362999999999999989e-01 -9.328112691137464935e+03
5.363999999999999879e-01 -9.330077007686315483e+03
5.364999999999999769e-01 -9.332040889416006394e+03
5.366000000000000769e-01 -9.334004346627882114e+03
5.367000000000000659e-01 -9.335967628672273349e+03
5.368000000000000549e-01 -9.337931850059028875e+03
5.369000000000000439e-01 -9.339896142308371054e+03
5.370000000000000329e-01 -9.341859352283330736e+03
5.371000000000000218e-01 -9.343822204258232887e+03
5.372000000000000108e-01 -9.345786409742802789e+03
5.372999999999999998e-01 -9.347751794105795852e+03
5.373999999999999888e-01 -9.349717698368709534e+03
5.374999999999999778e-01 -9.351681385579733615e+03
5.376000000000000778e-01 -9.353641736230812967e+03
5.377000000000000668e-01 -9.355599751333007589e+03
5.378000000000000558e-01 -9.357557314785404742e+03
5.379000000000000448e-01 -9.359514993894588770e+03
5.380000000000000338e-01 -9.361475401257726844e+03
5.381000000000000227e-01 -9.363436987414122996e+03
5.382000000000000117e-01 -9.365398089627655281e+03
5.383000000000000007e-01 -9.367357718108672998e+03
5.383999999999999897e-01 -9.369315374288924431e+03
5.384999999999999787e-01 -9.371270886487431198e+03
5.386000000000000787e-01 -9.373224789838061042e+03
5.387000000000000677e-01 -9.375182447060678896e+03
5.388000000000000567e-01 -9.377132845845535485e+03
5.389000000000000457e-01 -9.379077481959890065e+03
5.390000000000000346e-01 -9.381021494854665434e+03
5.391000000000000236e-01 -9.382969834789581000e+03
5.392000000000000126e-01 -9.384924651895124043e+03
5.393000000000000016e-01 -9.386882391907591227e+03
5.393999999999999906e-01 -9.388841614167842636e+03
5.394999999999999796e-01 -9.390804292594271828e+03
5.396000000000000796e-01 -9.392754998604230423e+03
5.397000000000000686e-01 -9.394694036519207657e+03
5.398000000000000576e-01 -9.396621919096938655e+03
5.399000000000000465e-01 -9.398536268518451834e+03
5.400000000000000355e-01 -9.400432556113597457e+03
5.401000000000000245e-01 -9.402317196277033872e+03
5.402000000000000135e-01 -9.404200753851348054e+03
5.403000000000000025e-01 -9.406096030589318616e+03
5.403999999999999915e-01 -9.407996033968382108e+03
5.404999999999999805e-01 -9.409889328583192764e+03
5.406000000000000805e-01 -9.411788647196697639e+03
5.407000000000000695e-01 -9.413663786191324107e+03
5.408000000000000584e-01 -9.415546082861408649e+03
5.409000000000000474e-01 -9.417482427843613550e+03
5.410000000000000364e-01 -9.419469199722814665e+03
5.411000000000000254e-01 -9.421465356609265655e+03
5.412000000000000144e-01 -9.423436546920504043e+03
5.413000000000000034e-01 -9.425375171379741005e+03
5.413999999999999924e-01 -9.427291935235281926e+03
5.414999999999999813e-01 -9.429202659878050326e+03
5.416000000000000814e-01 -9.431120531021999341e+03
5.417000000000000703e-01 -9.433053452142452443e+03
5.418000000000000593e-01 -9.435003838711762000e+03
5.419000000000000483e-01 -9.436968736692235325e+03
5.420000000000000373e-01 -9.438940980750459858e+03
5.421000000000000263e-01 -9.440911801559870582e+03
5.422000000000000153e-01 -9.442873370443172462e+03
5.423000000000000043e-01 -9.444817238683674077e+03
5.423999999999999932e-01 -9.446735603282244483e+03
5.424999999999999822e-01 -9.448618035286073791e+03
5.425999999999999712e-01 -9.450444973767149349e+03
5.427000000000000712e-01 -9.452175952173263795e+03
5.428000000000000602e-01 -9.453775842507504422e+03
5.429000000000000492e-01 -9.455227808906514838e+03
5.430000000000000382e-01 -9.456522979525423580e+03
5.431000000000000272e-01 -9.457650502009044430e+03
5.432000000000000162e-01 -9.458593983728944295e+03
5.433000000000000052e-01 -9.459333365702585070e+03
5.433999999999999941e-01 -9.459848591799782298e+03
5.434999999999999831e-01 -9.460132770773132506e+03
5.435999999999999721e-01 -9.460221359569393826e+03
5.437000000000000721e-01 -9.460144825252918963e+03
5.438000000000000611e-01 -9.459898379634043522e+03
5.439000000000000501e-01 -9.459491543133513915e+03
5.440000000000000391e-01 -9.459032289594539179e+03
5.441000000000000281e-01 -9.458564277252720785e+03
5.442000000000000171e-01 -9.458120379794601831e+03
5.443000000000000060e-01 -9.457800391681808833e+03
5.443999999999999950e-01 -9.457700343904636611e+03
5.444999999999999840e-01 -9.457794225841596926e+03
5.445999999999999730e-01 -9.458039999323333177e+03
5.447000000000000730e-01 -9.458339185482102039e+03
5.448000000000000620e-01 -9.458594765229345285e+03
5.449000000000000510e-01 -9.459089682816344066e+03
5.450000000000000400e-01 -9.460098360227899320e+03
5.451000000000000290e-01 -9.461605999943318238e+03
5.452000000000000179e-01 -9.463467341836165360e+03
5.453000000000000069e-01 -9.465529963540235258e+03
5.453999999999999959e-01 -9.467663539584566024e+03
5.454999999999999849e-01 -9.469790959853819004e+03
5.455999999999999739e-01 -9.471873205392048476e+03
5.457000000000000739e-01 -9.473862604960469980e+03
5.458000000000000629e-01 -9.475839239072736746e+03
5.459000000000000519e-01 -9.477800185582653285e+03
5.460000000000000409e-01 -9.479717365375865484e+03
5.461000000000000298e-01 -9.481695156952993784e+03
5.462000000000000188e-01 -9.483770924301899868e+03
5.463000000000000078e-01 -9.485922817647498960e+03
5.463999999999999968e-01 -9.488086330356321923e+03
5.464999999999999858e-01 -9.490226961885147830e+03
5.465999999999999748e-01 -9.492335627729495172e+03
5.467000000000000748e-01 -9.494415860000448447e+03
5.468000000000000638e-01 -9.496469334242186960e+03
5.469000000000000528e-01 -9.498506128302582511e+03
5.470000000000000417e-01 -9.500538423487640102e+03
5.471000000000000307e-01 -9.502575607849468724e+03
5.472000000000000197e-01 -9.504618452860562684e+03
5.473000000000000087e-01 -9.506675086257801013e+03
5.473999999999999977e-01 -9.508746388921916150e+03
5.474999999999999867e-01 -9.510822564143474665e+03
5.475999999999999757e-01 -9.512895558737180181e+03
5.477000000000000757e-01 -9.514960138104073849e+03
5.478000000000000647e-01 -9.517013297914889336e+03
5.479000000000000536e-01 -9.519056447374534400e+03
5.480000000000000426e-01 -9.521091523075196164e+03
5.481000000000000316e-01 -9.523118931222155879e+03
5.482000000000000206e-01 -9.525140553488961814e+03
5.483000000000000096e-01 -9.527156019952262795e+03
5.483999999999999986e-01 -9.529166516191375194e+03
5.484999999999999876e-01 -9.531187008979622988e+03
5.485999999999999766e-01 -9.533201153629950568e+03
5.487000000000000766e-01 -9.535200116122065083e+03
5.488000000000000655e-01 -9.537195812978065078e+03
5.489000000000000545e-01 -9.539192548321598224e+03
5.490000000000000435e-01 -9.541193486808786474e+03
5.491000000000000325e-01 -9.543197917757703181e+03
5.492000000000000215e-01 -9.545206663674729498e+03
5.493000000000000105e-01 -9.547215599420494982e+03
5.493999999999999995e-01 -9.549225936087230366e+03
5.494999999999999885e-01 -9.551240402155601259e+03
5.495999999999999774e-01 -9.553256286550778896e+03
5.497000000000000774e-01 -9.555274985710633700e+03
5.498000000000000664e-01 -9.557296780062077232e+03
5.499000000000000554e-01 -9.559320203771092565e+03
5.500000000000000444e-01 -9.561348634848043730e+03
5.501000000000000334e-01 -9.565164147481904365e+03
5.502000000000000224e-01 -9.570084399336867136e+03
5.503000000000000114e-01 -9.575286781931377845e+03
5.504000000000000004e-01 -9.580837369711418432e+03
5.504999999999999893e-01 -9.587060229622424231e+03
5.505999999999999783e-01 -9.594153611512652787e+03
5.507000000000000783e-01 -9.602006985579990214e+03
5.508000000000000673e-01 -9.610109630991373706e+03
5.509000000000000563e-01 -9.618751211815944771e+03
5.510000000000000453e-01 -9.627790870355158404e+03
5.511000000000000343e-01 -9.635368177094240309e+03
5.512000000000000233e-01 -9.640279534318255173e+03
5.513000000000000123e-01 -9.643861965903337477e+03
5.514000000000000012e-01 -9.646802491330625344e+03
5.514999999999999902e-01 -9.649331567697296123e+03
5.515999999999999792e-01 -9.651577515286287962e+03
5.517000000000000792e-01 -9.653599940040547153e+03
5.518000000000000682e-01 -9.655426669256252353e+03
5.519000000000000572e-01 -9.657073344449541764e+03
5.520000000000000462e-01 -9.658584335000869032e+03
5.521000000000000352e-01 -9.659888511570909031e+03
5.522000000000000242e-01 -9.661657728342550399e+03
5.523000000000000131e-01 -9.664885924193451501e+03
5.524000000000000021e-01 -9.667944575740888467e+03
5.524999999999999911e-01 -9.670252324296545339e+03
5.525999999999999801e-01 -9.671985054544686136e+03
5.527000000000000801e-01 -9.673383217863944083e+03
5.528000000000000691e-01 -9.674571584420878935e+03
5.529000000000000581e-01 -9.675601685741870824e+03
5.530000000000000471e-01 -9.676485290217891816e+03
5.531000000000000361e-01 -9.677233545115777815e+03
5.532000000000000250e-01 -9.677860542070060546e+03
5.533000000000000140e-01 -9.678367667136919408e+03
5.534000000000000030e-01 -9.678746979328936504e+03
5.534999999999999920e-01 -9.678976215648823199e+03
5.535999999999999810e-01 -9.679004636399871742e+03
5.537000000000000810e-01 -9.678605348057346418e+03
5.538000000000000700e-01 -9.677711558944682110e+03
5.539000000000000590e-01 -9.676489896107008462e+03
5.540000000000000480e-01 -9.675169065397549275e+03
5.541000000000000369e-01 -9.673808842078200541e+03
5.542000000000000259e-01 -9.672433895320016745e+03
5.543000000000000149e-01 -9.671183136395089605e+03
5.544000000000000039e-01 -9.670292009265387605e+03
5.544999999999999929e-01 -9.669734519712970723e+03
5.545999999999999819e-01 -9.669613088289592270e+03
5.547000000000000819e-01 -9.669971710506151794e+03
5.548000000000000709e-01 -9.670875634081423414e+03
5.549000000000000599e-01 -9.672342670615609677e+03
5.550000000000000488e-01 -9.674220799531258308e+03
5.551000000000000378e-01 -9.676315932626068388e+03
5.552000000000000268e-01 -9.678491297721311639e+03
5.553000000000000158e-01 -9.680658497306532809e+03
5.554000000000000048e-01 -9.682789562041311001e+03
5.554999999999999938e-01 -9.684868801349393834e+03
5.555999999999999828e-01 -9.686812975432374515e+03
5.556999999999999718e-01 -9.688770141991351920e+03
5.558000000000000718e-01 -9.690715108455518930e+03
5.559000000000000608e-01 -9.692704214338775273e+03
5.560000000000000497e-01 -9.694822672495791267e+03
5.561000000000000387e-01 -9.697015199333522105e+03
5.562000000000000277e-01 -9.699213225512019562e+03
5.563000000000000167e-01 -9.701394391070505662e+03
5.564000000000000057e-01 -9.703544316050576526e+03
5.564999999999999947e-01 -9.705642900119742990e+03
5.565999999999999837e-01 -9.707691657791057878e+03
5.566999999999999726e-01 -9.709706602994236164e+03
5.568000000000000727e-01 -9.711706096450925543e+03
5.569000000000000616e-01 -9.713703531633136663e+03
5.570000000000000506e-01 -9.715718620421859669e+03
5.571000000000000396e-01 -9.717765825511929506e+03
5.572000000000000286e-01 -9.719852513959747739e+03
5.573000000000000176e-01 -9.721940994231979857e+03
5.574000000000000066e-01 -9.724024676569102667e+03
5.574999999999999956e-01 -9.726099451989464796e+03
5.575999999999999845e-01 -9.728162425693446494e+03
5.576999999999999735e-01 -9.730212494419989525e+03
5.578000000000000735e-01 -9.732249925803345832e+03
5.579000000000000625e-01 -9.734275884540229526e+03
5.580000000000000515e-01 -9.736303363115363027e+03
5.581000000000000405e-01 -9.738336673982959837e+03
5.582000000000000295e-01 -9.740336650472710971e+03
5.583000000000000185e-01 -9.742326906371015866e+03
5.584000000000000075e-01 -9.744320804804136060e+03
5.584999999999999964e-01 -9.746316731276670907e+03
5.585999999999999854e-01 -9.748313098152335442e+03
5.586999999999999744e-01 -9.750310538110636116e+03
5.588000000000000744e-01 -9.752311283383549380e+03
5.589000000000000634e-01 -9.754311230145931404e+03
5.590000000000000524e-01 -9.756313925106969691e+03
5.591000000000000414e-01 -9.758319910679958411e+03
5.592000000000000304e-01 -9.760338417413642674e+03
5.593000000000000194e-01 -9.762359687395304718e+03
5.594000000000000083e-01 -9.764384838275365837e+03
5.594999999999999973e-01 -9.766415298399504536e+03
5.595999999999999863e-01 -9.768454066840160522e+03
5.596999999999999753e-01 -9.770497624716725113e+03
5.598000000000000753e-01 -9.772545625527907760e+03
5.599000000000000643e-01 -9.774597503732042242e+03
5.600000000000000533e-01 -9.776651607507919834e+03
5.601000000000000423e-01 -9.778719255468840856e+03
5.602000000000000313e-01 -9.780831135761078258e+03
5.603000000000000203e-01 -9.782985163702533100e+03
5.604000000000000092e-01 -9.785171340064134711e+03
5.604999999999999982e-01 -9.787380967797715130e+03
5.605999999999999872e-01 -9.789607651292235460e+03
5.606999999999999762e-01 -9.791846816670098633e+03
5.608000000000000762e-01 -9.794094819527204891e+03
5.609000000000000652e-01 -9.796346681308650659e+03
5.610000000000000542e-01 -9.798605552718283434e+03
5.611000000000000432e-01 -9.800869376345735873e+03
5.612000000000000322e-01 -9.803135490616545212e+03
5.613000000000000211e-01 -9.805402917863970288e+03
5.614000000000000101e-01 -9.807672889909175865e+03
5.614999999999999991e-01 -9.809946653817431070e+03
5.615999999999999881e-01 -9.812224130996028180e+03
5.616999999999999771e-01 -9.814505801857445476e+03
5.618000000000000771e-01 -9.816791501762223561e+03
5.619000000000000661e-01 -9.819081172411055377e+03
5.620000000000000551e-01 -9.821374137134249395e+03
5.621000000000000441e-01 -9.823669546047798576e+03
5.622000000000000330e-01 -9.825966637260971765e+03
5.623000000000000220e-01 -9.828265354896519057e+03
5.624000000000000110e-01 -9.830564550932433121e+03
5.625000000000000000e-01 -9.832863334547824707e+03
5.625999999999999890e-01 -9.835162246443009280e+03
5.626999999999999780e-01 -9.837461473855872100e+03
5.628000000000000780e-01 -9.839760592722364891e+03
5.629000000000000670e-01 -9.842059812705661898e+03
5.630000000000000560e-01 -9.844359194362914423e+03
5.631000000000000449e-01 -9.846658766199525417e+03
5.632000000000000339e-01 -9.848958654661781111e+03
5.633000000000000229e-01 -9.851259295709895014e+03
5.634000000000000119e-01 -9.853561271466927792e+03
5.635000000000000009e-01 -9.855864085906861874e+03
5.635999999999999899e-01 -9.858167831948760067e+03
5.636999999999999789e-01 -9.860472258644138492e+03
5.638000000000000789e-01 -9.862777913634350625e+03
5.639000000000000679e-01 -9.865086134693066924e+03
5.640000000000000568e-01 -9.867395792691859242e+03
5.641000000000000458e-01 -9.869705839215044762e+03
5.642000000000000348e-01 -9.872018537217623816e+03
5.643000000000000238e-01 -9.874334277932721307e+03
5.644000000000000128e-01 -9.876650195878510203e+03
5.645000000000000018e-01 -9.878967502026751390e+03
5.645999999999999908e-01 -9.881286854462723568e+03
5.646999999999999797e-01 -9.883609770197077523e+03
5.648000000000000798e-01 -9.885938754441844139e+03
5.649000000000000687e-01 -9.888275214627863534e+03
5.650000000000000577e-01 -9.890622549034278563e+03
5.651000000000000467e-01 -9.892983086695548991e+03
5.652000000000000357e-01 -9.895357830559396461e+03
5.653000000000000247e-01 -9.897746564663539175e+03
5.654000000000000137e-01 -9.900148530491564088e+03
5.655000000000000027e-01 -9.902563773769838008e+03
5.655999999999999917e-01 -9.904993387061133035e+03
5.656999999999999806e-01 -9.907438737399825186e+03
5.658000000000000806e-01 -9.909908381372892109e+03
5.659000000000000696e-01 -9.912408386689940016e+03
5.660000000000000586e-01 -9.914940055665385444e+03
5.661000000000000476e-01 -9.917502976710995426e+03
5.662000000000000366e-01 -9.920096495864427197e+03
5.663000000000000256e-01 -9.922720282634880277e+03
5.664000000000000146e-01 -9.925372995424464534e+03
5.665000000000000036e-01 -9.928054220623669607e+03
5.665999999999999925e-01 -9.930766526869292647e+03
5.666999999999999815e-01 -9.933512953537525391e+03
5.668000000000000815e-01 -9.936300981855712962e+03
5.669000000000000705e-01 -9.939148355226085187e+03
5.670000000000000595e-01 -9.942067507045207094e+03
5.671000000000000485e-01 -9.945061342149403572e+03
5.672000000000000375e-01 -9.948127395542302111e+03
5.673000000000000265e-01 -9.951261328671249430e+03
5.674000000000000155e-01 -9.954475021885367823e+03
5.675000000000000044e-01 -9.957762316149097387e+03
5.675999999999999934e-01 -9.961157384868654844e+03
5.676999999999999824e-01 -9.964760879199138799e+03
5.678000000000000824e-01 -9.968623333859703052e+03
5.679000000000000714e-01 -9.972631239911339435e+03
5.680000000000000604e-01 -9.976732049279409694e+03
5.681000000000000494e-01 -9.980983676516892956e+03
5.682000000000000384e-01 -9.985403020294721500e+03
5.683000000000000274e-01 -9.990013041578251432e+03
5.684000000000000163e-01 -9.994841560092550935e+03
5.685000000000000053e-01 -9.999897484338416689e+03
5.685999999999999943e-01 -1.000519314906770887e+04
5.686999999999999833e-01 -1.001077270171684540e+04
5.687999999999999723e-01 -1.001664864748360742e+04
5.689000000000000723e-01 -1.002289650455081210e+04
5.690000000000000613e-01 -1.002878163225964818e+04
5.691000000000000503e-01 -1.003259347648182484e+04
5.692000000000000393e-01 -1.003489930589150208e+04
5.693000000000000282e-01 -1.003694461914151361e+04
5.694000000000000172e-01 -1.003887889217474185e+04
5.695000000000000062e-01 -1.004071371326673579e+04
5.695999999999999952e-01 -1.004253767381771104e+04
5.696999999999999842e-01 -1.004441598720903130e+04
5.697999999999999732e-01 -1.004638635342403177e+04
5.699000000000000732e-01 -1.004846002552440405e+04
5.700000000000000622e-01 -1.005062384640158598e+04
5.701000000000000512e-01 -1.005284545303798222e+04
5.702000000000000401e-01 -1.005509141431536045e+04
5.703000000000000291e-01 -1.005733777826977712e+04
5.704000000000000181e-01 -1.005958489349376214e+04
5.705000000000000071e-01 -1.006184087950393587e+04
5.705999999999999961e-01 -1.006409991352826182e+04
5.706999999999999851e-01 -1.006636990289673304e+04
5.707999999999999741e-01 -1.006864734213473821e+04
5.709000000000000741e-01 -1.007092088172142212e+04
5.710000000000000631e-01 -1.007318383633374106e+04
5.711000000000000520e-01 -1.007543440555846973e+04
5.712000000000000410e-01 -1.007767450454440950e+04
5.713000000000000300e-01 -1.007991061796071153e+04
5.714000000000000190e-01 -1.008215204103308497e+04
5.715000000000000080e-01 -1.008440909772201849e+04
5.715999999999999970e-01 -1.008667704724782561e+04
5.716999999999999860e-01 -1.008894512775829025e+04
5.717999999999999750e-01 -1.009121031695042802e+04
5.719000000000000750e-01 -1.009347569563988691e+04
5.720000000000000639e-01 -1.009574266206547327e+04
5.721000000000000529e-01 -1.009801148180509335e+04
5.722000000000000419e-01 -1.010028199274555664e+04
5.723000000000000309e-01 -1.010255392195903187e+04
5.724000000000000199e-01 -1.010482701211688072e+04
5.725000000000000089e-01 -1.010710105803027727e+04
5.725999999999999979e-01 -1.010937586843726967e+04
5.726999999999999869e-01 -1.011165127942244362e+04
5.727999999999999758e-01 -1.011392712023205604e+04
5.729000000000000759e-01 -1.011620321255907220e+04
5.730000000000000648e-01 -1.011847938685630106e+04
5.731000000000000538e-01 -1.012075549177979701e+04
5.732000000000000428e-01 -1.012303139958181237e+04
5.733000000000000318e-01 -1.012530700899264957e+04
5.734000000000000208e-01 -1.012758224632042220e+04
5.735000000000000098e-01 -1.012985708263934430e+04
5.735999999999999988e-01 -1.013213164398484150e+04
5.736999999999999877e-01 -1.013440598591210801e+04
5.737999999999999767e-01 -1.013667957380245934e+04
5.739000000000000767e-01 -1.013895124155767189e+04
5.740000000000000657e-01 -1.014121984394360879e+04
5.741000000000000547e-01 -1.014348542463038939e+04
5.742000000000000437e-01 -1.014574792879197594e+04
5.743000000000000327e-01 -1.014800641065113268e+04
5.744000000000000217e-01 -1.015026040137965902e+04
5.745000000000000107e-01 -1.015251095767966581e+04
5.745999999999999996e-01 -1.015475966645398694e+04
5.746999999999999886e-01 -1.015700802273762929e+04
5.747999999999999776e-01 -1.015925715085679985e+04
5.749000000000000776e-01 -1.016150792149633889e+04
5.750000000000000666e-01 -1.016376103714328747e+04
5.751000000000000556e-01 -1.016601692275745881e+04
5.752000000000000446e-01 -1.016827585096213443e+04
5.753000000000000336e-01 -1.017053799777366658e+04
5.754000000000000226e-01 -1.017280346392383217e+04
5.755000000000000115e-01 -1.017507228813929214e+04
5.756000000000000005e-01 -1.017734445884281558e+04
5.756999999999999895e-01 -1.017961967922179065e+04
5.757999999999999785e-01 -1.018189605392576959e+04
5.759000000000000785e-01 -1.018417065673229808e+04
5.760000000000000675e-01 -1.018644386843384746e+04
5.761000000000000565e-01 -1.018871644515723165e+04
5.762000000000000455e-01 -1.019098859556975185e+04
5.763000000000000345e-01 -1.019326021402678452e+04
5.764000000000000234e-01 -1.019553032499160327e+04
5.765000000000000124e-01 -1.019779810300368990e+04
5.766000000000000014e-01 -1.020006533618356480e+04
5.766999999999999904e-01 -1.020233166852172690e+04
5.767999999999999794e-01 -1.020459699740667747e+04
5.769000000000000794e-01 -1.020686114908519448e+04
5.770000000000000684e-01 -1.020911863354424167e+04
5.771000000000000574e-01 -1.021135914159560343e+04
5.772000000000000464e-01 -1.021358548447445901e+04
5.773000000000000353e-01 -1.021580329133519626e+04
5.774000000000000243e-01 -1.021801580548180027e+04
5.775000000000000133e-01 -1.022022487090144205e+04
5.776000000000000023e-01 -1.022243158456377751e+04
5.776999999999999913e-01 -1.022463666788907358e+04
5.777999999999999803e-01 -1.022684072009933152e+04
5.779000000000000803e-01 -1.022904410431274846e+04
5.780000000000000693e-01 -1.023124709953183265e+04
5.781000000000000583e-01 -1.023344999167439164e+04
5.782000000000000473e-01 -1.023565307041165943e+04
5.783000000000000362e-01 -1.023785661505767894e+04
5.784000000000000252e-01 -1.024006087960934929e+04
5.785000000000000142e-01 -1.024226607890934065e+04
5.786000000000000032e-01 -1.024447237701242557e+04
5.786999999999999922e-01 -1.024667987876903317e+04
5.787999999999999812e-01 -1.024888862553270883e+04
5.789000000000000812e-01 -1.025109859553704700e+04
5.790000000000000702e-01 -1.025330970896479630e+04
5.791000000000000592e-01 -1.025552183714550483e+04
5.792000000000000481e-01 -1.025773481479817383e+04
5.793000000000000371e-01 -1.025994845389643160e+04
5.794000000000000261e-01 -1.026216273518235357e+04
5.795000000000000151e-01 -1.026437702090692619e+04
5.796000000000000041e-01 -1.026658994293880278e+04
5.796999999999999931e-01 -1.026880129749601474e+04
5.797999999999999821e-01 -1.027101124173952121e+04
5.799000000000000821e-01 -1.027322005463522510e+04
5.800000000000000711e-01 -1.027542824231616578e+04
5.801000000000000600e-01 -1.027762138317422978e+04
5.802000000000000490e-01 -1.027977101550166117e+04
5.803000000000000380e-01 -1.028187971012099297e+04
5.804000000000000270e-01 -1.028395709711809286e+04
5.805000000000000160e-01 -1.028601150843336654e+04
5.806000000000000050e-01 -1.028804913543256953e+04
5.806999999999999940e-01 -1.029007444735329591e+04
5.807999999999999829e-01 -1.029209067552224951e+04
5.809000000000000830e-01 -1.029410017922847692e+04
5.810000000000000719e-01 -1.029610469999982524e+04
5.811000000000000609e-01 -1.029810551502015733e+04
5.812000000000000499e-01 -1.030010362280324625e+04
5.813000000000000389e-01 -1.030209978953036443e+04
5.814000000000000279e-01 -1.030409458582215484e+04
5.815000000000000169e-01 -1.030608844534855780e+04
5.816000000000000059e-01 -1.030808197305750764e+04
5.816999999999999948e-01 -1.031007587809837241e+04
5.817999999999999838e-01 -1.031207059846899210e+04
5.818999999999999728e-01 -1.031406617298995843e+04
5.820000000000000728e-01 -1.031606237065867208e+04
5.821000000000000618e-01 -1.031805907412111264e+04
5.822000000000000508e-01 -1.032005615494955055e+04
5.823000000000000398e-01 -1.032205344723374947e+04
5.824000000000000288e-01 -1.032405076425367224e+04
5.825000000000000178e-01 -1.032604790688879984e+04
5.826000000000000068e-01 -1.032804549414563371e+04
5.826999999999999957e-01 -1.033004317949684082e+04
5.827999999999999847e-01 -1.033204102932532987e+04
5.828999999999999737e-01 -1.033403881558101421e+04
5.830000000000000737e-01 -1.033603515015879202e+04
5.831000000000000627e-01 -1.033803008538184076e+04
5.832000000000000517e-01 -1.034002396656512610e+04
5.833000000000000407e-01 -1.034201709283791024e+04
5.834000000000000297e-01 -1.034400960261501859e+04
5.835000000000000187e-01 -1.034600158324849326e+04
5.836000000000000076e-01 -1.034799309428924789e+04
5.836999999999999966e-01 -1.034998411738270079e+04
5.837999999999999856e-01 -1.035197452817098383e+04
5.838999999999999746e-01 -1.035396362155198403e+04
5.840000000000000746e-01 -1.035594965967186363e+04
5.841000000000000636e-01 -1.035793215624398727e+04
5.842000000000000526e-01 -1.035990883980271792e+04
5.843000000000000416e-01 -1.036188076335820369e+04
5.844000000000000306e-01 -1.036384902287628574e+04
5.845000000000000195e-01 -1.036581427792535760e+04
5.846000000000000085e-01 -1.036777696945572097e+04
5.846999999999999975e-01 -1.036973741099326799e+04
5.847999999999999865e-01 -1.037169583636055722e+04
5.848999999999999755e-01 -1.037365269347171852e+04
5.850000000000000755e-01 -1.037560900092769225e+04
5.851000000000000645e-01 -1.037756246010455106e+04
5.852000000000000535e-01 -1.037951402298487119e+04
5.853000000000000425e-01 -1.038146421619780085e+04
5.854000000000000314e-01 -1.038341322456167654e+04
5.855000000000000204e-01 -1.038536114154658026e+04
5.856000000000000094e-01 -1.038730803914892203e+04
5.856999999999999984e-01 -1.038925398253780622e+04
5.857999999999999874e-01 -1.039119900144250460e+04
5.858999999999999764e-01 -1.039314315261604861e+04
5.860000000000000764e-01 -1.039508651947841099e+04
5.861000000000000654e-01 -1.039702918517735088e+04
5.862000000000000544e-01 -1.039897122473805211e+04
5.863000000000000433e-01 -1.040091270211264418e+04
5.864000000000000323e-01 -1.040285353381479399e+04
5.865000000000000213e-01 -1.040479272130741083e+04
5.866000000000000103e-01 -1.040673230105699986e+04
5.866999999999999993e-01 -1.040867332578400055e+04
5.867999999999999883e-01 -1.041061622936642925e+04
5.868999999999999773e-01 -1.041256038683319639e+04
5.870000000000000773e-01 -1.041450625229598154e+04
5.871000000000000663e-01 -1.041645756173692826e+04
5.872000000000000552e-01 -1.041841730117459338e+04
5.873000000000000442e-01 -1.042037698967309916e+04
5.874000000000000332e-01 -1.042234621472187973e+04
5.875000000000000222e-01 -1.042432028386327329e+04
5.876000000000000112e-01 -1.042629140830561664e+04
5.877000000000000002e-01 -1.042826281320033377e+04
5.877999999999999892e-01 -1.043023795362718192e+04
5.878999999999999782e-01 -1.043221402991538343e+04
5.880000000000000782e-01 -1.043419277135328048e+04
5.881000000000000671e-01 -1.043617442095190017e+04
5.882000000000000561e-01 -1.043816137157353660e+04
5.883000000000000451e-01 -1.044015085243305111e+04
5.884000000000000341e-01 -1.044213743916792009e+04
5.885000000000000231e-01 -1.044412030119620431e+04
5.886000000000000121e-01 -1.044610261502359572e+04
5.887000000000000011e-01 -1.044808282317894736e+04
5.887999999999999901e-01 -1.045005982000731819e+04
5.888999999999999790e-01 -1.045203484264774670e+04
5.890000000000000790e-01 -1.045400899199287232e+04
5.891000000000000680e-01 -1.045598695715362919e+04
5.892000000000000570e-01 -1.045797528582436280e+04
5.893000000000000460e-01 -1.045996100999877308e+04
5.894000000000000350e-01 -1.046193657423003788e+04
5.895000000000000240e-01 -1.046390829088234204e+04
5.896000000000000130e-01 -1.046589141861286225e+04
5.897000000000000020e-01 -1.046788599202792466e+04
5.897999999999999909e-01 -1.046988593142557329e+04
5.898999999999999799e-01 -1.047188481317967671e+04
5.900000000000000799e-01 -1.047388293850447735e+04
5.901000000000000689e-01 -1.047587485702050071e+04
5.902000000000000579e-01 -1.047785529125693938e+04
5.903000000000000469e-01 -1.047982373440807714e+04
5.904000000000000359e-01 -1.048178309432231072e+04
5.905000000000000249e-01 -1.048373736800851839e+04
5.906000000000000139e-01 -1.048568791620131560e+04
5.907000000000000028e-01 -1.048763373597438294e+04
5.907999999999999918e-01 -1.048957497624678581e+04
5.908999999999999808e-01 -1.049151447282387016e+04
5.910000000000000808e-01 -1.049345644193583757e+04
5.911000000000000698e-01 -1.049539930277130588e+04
5.912000000000000588e-01 -1.049733960903691150e+04
5.913000000000000478e-01 -1.049927534821239715e+04
5.914000000000000368e-01 -1.050120656622717797e+04
5.915000000000000258e-01 -1.050313458387592254e+04
5.916000000000000147e-01 -1.050506099364037073e+04
5.917000000000000037e-01 -1.050698700947872567e+04
5.917999999999999927e-01 -1.050891325123552087e+04
5.918999999999999817e-01 -1.051083981466172008e+04
5.920000000000000817e-01 -1.051276644665532513e+04
5.921000000000000707e-01 -1.051469270714903359e+04
5.922000000000000597e-01 -1.051661807208126811e+04
5.923000000000000487e-01 -1.051854197603981265e+04
5.924000000000000377e-01 -1.052046382492984958e+04
5.925000000000000266e-01 -1.052238297481864538e+04
5.926000000000000156e-01 -1.052429867015006676e+04
5.927000000000000046e-01 -1.052620992550389747e+04
5.927999999999999936e-01 -1.052811491407645190e+04
5.928999999999999826e-01 -1.053000705060340988e+04
5.930000000000000826e-01 -1.053187451608554147e+04
5.931000000000000716e-01 -1.053369855594505316e+04
5.932000000000000606e-01 -1.053546067763832434e+04
5.933000000000000496e-01 -1.053715061767302723e+04
5.934000000000000385e-01 -1.053876077964845899e+04
5.935000000000000275e-01 -1.054028087061819497e+04
5.936000000000000165e-01 -1.054169612497838898e+04
5.937000000000000055e-01 -1.054298768379315516e+04
5.937999999999999945e-01 -1.054413568844631482e+04
5.938999999999999835e-01 -1.054512041556970689e+04
5.940000000000000835e-01 -1.054593383823131808e+04
5.941000000000000725e-01 -1.054659034452986816e+04
5.942000000000000615e-01 -1.054709810685577577e+04
5.943000000000000504e-01 -1.054745801142222626e+04
5.944000000000000394e-01 -1.054767057748414845e+04
5.945000000000000284e-01 -1.054773229921900929e+04
5.946000000000000174e-01 -1.054765916904696496e+04
5.947000000000000064e-01 -1.054752464611758660e+04
5.947999999999999954e-01 -1.054735683707585667e+04
5.948999999999999844e-01 -1.054717885714492695e+04
5.949999999999999734e-01 -1.054709041648558014e+04
5.951000000000000734e-01 -1.054721002346295791e+04
5.952000000000000624e-01 -1.054752127603913505e+04
5.953000000000000513e-01 -1.054801652966100664e+04
5.954000000000000403e-01 -1.054867750264758433e+04
5.955000000000000293e-01 -1.054952783813875794e+04
5.956000000000000183e-01 -1.055058697304882662e+04
5.957000000000000073e-01 -1.055182050260063261e+04
5.957999999999999963e-01 -1.055320097399667247e+04
5.958999999999999853e-01 -1.055469279075853410e+04
5.959999999999999742e-01 -1.055627060440842251e+04
5.961000000000000743e-01 -1.055792790285035517e+04
5.962000000000000632e-01 -1.055967501974090010e+04
5.963000000000000522e-01 -1.056148829386115904e+04
5.964000000000000412e-01 -1.056336193358887795e+04
5.965000000000000302e-01 -1.056529044051864184e+04
5.966000000000000192e-01 -1.056725213872495078e+04
5.967000000000000082e-01 -1.056923920845413340e+04
5.967999999999999972e-01 -1.057126034403839549e+04
5.968999999999999861e-01 -1.057329076698521203e+04
5.969999999999999751e-01 -1.057532475924154278e+04
5.971000000000000751e-01 -1.057738840500859988e+04
5.972000000000000641e-01 -1.057945716888106108e+04
5.973000000000000531e-01 -1.058152163267705146e+04
5.974000000000000421e-01 -1.058357850471311576e+04
5.975000000000000311e-01 -1.058562799467363402e+04
5.976000000000000201e-01 -1.058766595913808123e+04
5.977000000000000091e-01 -1.058969518795690783e+04
5.977999999999999980e-01 -1.059172608919909544e+04
5.978999999999999870e-01 -1.059375314724484997e+04
5.979999999999999760e-01 -1.059577525211994362e+04
5.981000000000000760e-01 -1.059779275924903050e+04
5.982000000000000650e-01 -1.059980633311464408e+04
5.983000000000000540e-01 -1.060181662397870605e+04
5.984000000000000430e-01 -1.060382420835676930e+04
5.985000000000000320e-01 -1.060582959513943570e+04
5.986000000000000210e-01 -1.060783323933498286e+04
5.987000000000000099e-01 -1.060983555071655064e+04
5.987999999999999989e-01 -1.061183689760933339e+04
5.988999999999999879e-01 -1.061383760845705729e+04
5.989999999999999769e-01 -1.061583797310894806e+04
5.991000000000000769e-01 -1.061783824466025362e+04
5.992000000000000659e-01 -1.061983864188058033e+04
5.993000000000000549e-01 -1.062183935188592841e+04
5.994000000000000439e-01 -1.062384053267612762e+04
5.995000000000000329e-01 -1.062584231529297722e+04
5.996000000000000218e-01 -1.062784480553313188e+04
5.997000000000000108e-01 -1.062984808528155190e+04
5.997999999999999998e-01 -1.063185224534687950e+04
5.998999999999999888e-01 -1.063385827799860272e+04
5.999999999999999778e-01 -1.063586867986811922e+04
6.001000000000000778e-01 -1.063972463265282022e+04
6.002000000000000668e-01 -1.064471759744338124e+04
6.003000000000000558e-01 -1.064998760376812061e+04
6.004000000000000448e-01 -1.065555856528588993e+04
6.005000000000000338e-01 -1.066174804833704547e+04
6.006000000000000227e-01 -1.066879367391170490e+04
6.007000000000000117e-01 -1.067637421126688423e+04
6.008000000000000007e-01 -1.068450886883623934e+04
6.008999999999999897e-01 -1.069311338591104141e+04
6.009999999999999787e-01 -1.070047292348489646e+04
6.011000000000000787e-01 -1.070534519910543349e+04
6.012000000000000677e-01 -1.070890746768978170e+04
6.013000000000000567e-01 -1.071174835516854728e+04
6.014000000000000457e-01 -1.071401301023707856e+04
6.015000000000000346e-01 -1.071574051329374925e+04
6.016000000000000236e-01 -1.071753864040439839e+04
6.017000000000000126e-01 -1.072004828984592314e+04
6.018000000000000016e-01 -1.072294235698006560e+04
6.018999999999999906e-01 -1.072548888324786458e+04
6.019999999999999796e-01 -1.072749627010857148e+04
6.021000000000000796e-01 -1.072914422558827391e+04
6.022000000000000686e-01 -1.073059535402038637e+04
6.023000000000000576e-01 -1.073195170815837264e+04
6.024000000000000465e-01 -1.073327872464066422e+04
6.025000000000000355e-01 -1.073462535024692806e+04
6.026000000000000245e-01 -1.073603232693917926e+04
6.027000000000000135e-01 -1.073752059069526695e+04
6.028000000000000025e-01 -1.073909879211480984e+04
6.028999999999999915e-01 -1.074076224932652622e+04
6.029999999999999805e-01 -1.074249268866306738e+04
6.031000000000000805e-01 -1.074427025104843233e+04
6.032000000000000695e-01 -1.074607225524061869e+04
6.033000000000000584e-01 -1.074787458796845385e+04
6.034000000000000474e-01 -1.074965551311473246e+04
6.035000000000000364e-01 -1.075139492133709246e+04
6.036000000000000254e-01 -1.075307314726838922e+04
6.037000000000000144e-01 -1.075466978280776675e+04
6.038000000000000034e-01 -1.075617062061679826e+04
6.038999999999999924e-01 -1.075756316759623769e+04
6.039999999999999813e-01 -1.075883500624655244e+04
6.041000000000000814e-01 -1.075997562692995234e+04
6.042000000000000703e-01 -1.076097707563528093e+04
6.043000000000000593e-01 -1.076183368730744769e+04
6.044000000000000483e-01 -1.076254171027486882e+04
6.045000000000000373e-01 -1.076309957196442156e+04
6.046000000000000263e-01 -1.076351360569893222e+04
6.047000000000000153e-01 -1.076382717971913007e+04
6.048000000000000043e-01 -1.076407188684703942e+04
6.048999999999999932e-01 -1.076426474686759320e+04
6.049999999999999822e-01 -1.076444090754842000e+04
6.051000000000000822e-01 -1.076464587611590832e+04
6.052000000000000712e-01 -1.076496851316140419e+04
6.053000000000000602e-01 -1.076544780817756509e+04
6.054000000000000492e-01 -1.076608749620436174e+04
6.055000000000000382e-01 -1.076685064423190306e+04
6.056000000000000272e-01 -1.076773231698269410e+04
6.057000000000000162e-01 -1.076876214819822417e+04
6.058000000000000052e-01 -1.076996496416823902e+04
6.058999999999999941e-01 -1.077132196246075546e+04
6.059999999999999831e-01 -1.077280413009431140e+04
6.061000000000000831e-01 -1.077438381190618202e+04
6.062000000000000721e-01 -1.077602450909638537e+04
6.063000000000000611e-01 -1.077773356748756669e+04
6.064000000000000501e-01 -1.077950251491134622e+04
6.065000000000000391e-01 -1.078131925296938061e+04
6.066000000000000281e-01 -1.078317903615147043e+04
6.067000000000000171e-01 -1.078505853511285750e+04
6.068000000000000060e-01 -1.078697123480838673e+04
6.068999999999999950e-01 -1.078893425462184496e+04
6.069999999999999840e-01 -1.079092690712222065e+04
6.071000000000000840e-01 -1.079293583266637506e+04
6.072000000000000730e-01 -1.079495319876908252e+04
6.073000000000000620e-01 -1.079697630643117918e+04
6.074000000000000510e-01 -1.079900228310760758e+04
6.075000000000000400e-01 -1.080102850890092122e+04
6.076000000000000290e-01 -1.080306005103827920e+04
6.077000000000000179e-01 -1.080509096470068107e+04
6.078000000000000069e-01 -1.080711888451147388e+04
6.078999999999999959e-01 -1.080914340292462839e+04
6.079999999999999849e-01 -1.081116474460018253e+04
6.080999999999999739e-01 -1.081318181491703399e+04
6.082000000000000739e-01 -1.081519513687250583e+04
6.083000000000000629e-01 -1.081720907943152088e+04
6.084000000000000519e-01 -1.081922327209399009e+04
6.085000000000000409e-01 -1.082123741098308165e+04
6.086000000000000298e-01 -1.082325153802515342e+04
6.087000000000000188e-01 -1.082526602869963790e+04
6.088000000000000078e-01 -1.082718289650771476e+04
6.088999999999999968e-01 -1.082844421959448300e+04
6.089999999999999858e-01 -1.082933437065146609e+04
6.090999999999999748e-01 -1.083028716338742197e+04
6.092000000000000748e-01 -1.083143640205278825e+04
6.093000000000000638e-01 -1.083277946029506893e+04
6.094000000000000528e-01 -1.083427816407136197e+04
6.095000000000000417e-01 -1.083590211563442426e+04
6.096000000000000307e-01 -1.083762836977731968e+04
6.097000000000000197e-01 -1.083943181119053952e+04
6.098000000000000087e-01 -1.084129111435264895e+04
6.098999999999999977e-01 -1.084319060770801116e+04
6.099999999999999867e-01 -1.084511925189887552e+04
6.100999999999999757e-01 -1.084708322949401190e+04
6.102000000000000757e-01 -1.084911178157958238e+04
6.103000000000000647e-01 -1.085120283979637679e+04
6.104000000000000536e-01 -1.085334341973683331e+04
6.105000000000000426e-01 -1.085552101284377932e+04
6.106000000000000316e-01 -1.085772587153170389e+04
6.107000000000000206e-01 -1.085995085583309628e+04
6.108000000000000096e-01 -1.086219081845857545e+04
6.108999999999999986e-01 -1.086444204563226049e+04
6.109999999999999876e-01 -1.086670184366730973e+04
6.110999999999999766e-01 -1.086896825246368098e+04
6.112000000000000766e-01 -1.087123985020146392e+04
6.113000000000000655e-01 -1.087351564620417957e+04
6.114000000000000545e-01 -1.087579501723501198e+04
6.115000000000000435e-01 -1.087807732496663084e+04
6.116000000000000325e-01 -1.088036259965111640e+04
6.117000000000000215e-01 -1.088265280130217798e+04
6.118000000000000105e-01 -1.088494949830508813e+04
6.118999999999999995e-01 -1.088725228411655189e+04
6.119999999999999885e-01 -1.088956029163383937e+04
6.120999999999999774e-01 -1.089187267239460925e+04
6.122000000000000774e-01 -1.089405171899702509e+04
6.123000000000000664e-01 -1.089579307011590208e+04
6.124000000000000554e-01 -1.089745420052610825e+04
6.125000000000000444e-01 -1.089920235654201861e+04
6.126000000000000334e-01 -1.090107020334743538e+04
6.127000000000000224e-01 -1.090304467844800456e+04
6.128000000000000114e-01 -1.090510314636236762e+04
6.129000000000000004e-01 -1.090722651693609805e+04
6.129999999999999893e-01 -1.090939792740761914e+04
6.130999999999999783e-01 -1.091160471592037902e+04
6.132000000000000783e-01 -1.091383840114751001e+04
6.133000000000000673e-01 -1.091609276849413800e+04
6.134000000000000563e-01 -1.091836361433318780e+04
6.135000000000000453e-01 -1.092064796282792486e+04
6.136000000000000343e-01 -1.092294364420542843e+04
6.137000000000000233e-01 -1.092524902935321188e+04
6.138000000000000123e-01 -1.092756287595694630e+04
6.139000000000000012e-01 -1.092988443914458912e+04
6.139999999999999902e-01 -1.093221444964034708e+04
6.140999999999999792e-01 -1.093455344266843713e+04
6.142000000000000792e-01 -1.093690084057230888e+04
6.143000000000000682e-01 -1.093925585818750369e+04
6.144000000000000572e-01 -1.094161793373870023e+04
6.145000000000000462e-01 -1.094398668512645600e+04
6.146000000000000352e-01 -1.094636208986793281e+04
6.147000000000000242e-01 -1.094874497788401459e+04
6.148000000000000131e-01 -1.095114140918008707e+04
6.149000000000000021e-01 -1.095355454669168830e+04
6.149999999999999911e-01 -1.095598462901787752e+04
6.150999999999999801e-01 -1.095843151962598495e+04
6.152000000000000801e-01 -1.096089524100361268e+04
6.153000000000000691e-01 -1.096337605948888086e+04
6.154000000000000581e-01 -1.096587441509788550e+04
6.155000000000000471e-01 -1.096839049637307471e+04
6.156000000000000361e-01 -1.097092138947285821e+04
6.157000000000000250e-01 -1.097346541056078058e+04
6.158000000000000140e-01 -1.097602700420373912e+04
6.159000000000000030e-01 -1.097860044434129668e+04
6.159999999999999920e-01 -1.098119454081201548e+04
6.160999999999999810e-01 -1.098381082257173148e+04
6.162000000000000810e-01 -1.098644473132170242e+04
6.163000000000000700e-01 -1.098911074377511068e+04
6.164000000000000590e-01 -1.099180677177391044e+04
6.165000000000000480e-01 -1.099453228724617111e+04
6.166000000000000369e-01 -1.099729705451417249e+04
6.167000000000000259e-01 -1.100010838001611228e+04
6.168000000000000149e-01 -1.100285434363906461e+04
6.169000000000000039e-01 -1.100540006951536998e+04
6.169999999999999929e-01 -1.100788508712396288e+04
6.170999999999999819e-01 -1.101042116296738095e+04
6.172000000000000819e-01 -1.101306333165260003e+04
6.173000000000000709e-01 -1.101593952414082923e+04
6.174000000000000599e-01 -1.101890197667340180e+04
6.175000000000000488e-01 -1.102171088651025457e+04
6.176000000000000378e-01 -1.102456881158930628e+04
6.177000000000000268e-01 -1.102772955466148233e+04
6.178000000000000158e-01 -1.103109057976033728e+04
6.179000000000000048e-01 -1.103451707751962567e+04
6.179999999999999938e-01 -1.103802372636223845e+04
6.180999999999999828e-01 -1.104178395948055550e+04
6.182000000000000828e-01 -1.104561229528749391e+04
6.183000000000000718e-01 -1.104957783334048145e+04
6.184000000000000608e-01 -1.105377119501430388e+04
6.185000000000000497e-01 -1.105819010269142018e+04
6.186000000000000387e-01 -1.106284447613274278e+04
6.187000000000000277e-01 -1.106781862868308235e+04
6.188000000000000167e-01 -1.107316860291551893e+04
6.189000000000000057e-01 -1.107886705589371013e+04
6.189999999999999947e-01 -1.108447408382038884e+04
6.190999999999999837e-01 -1.108841187340313445e+04
6.192000000000000837e-01 -1.109065540505720674e+04
6.193000000000000727e-01 -1.109240362288592587e+04
6.194000000000000616e-01 -1.109417052378027438e+04
6.195000000000000506e-01 -1.109597333048288419e+04
6.196000000000000396e-01 -1.109783835376140451e+04
6.197000000000000286e-01 -1.109980407926942462e+04
6.198000000000000176e-01 -1.110190893584061268e+04
6.199000000000000066e-01 -1.110415991630746248e+04
6.199999999999999956e-01 -1.110652459740786253e+04
6.200999999999999845e-01 -1.110895068437845657e+04
6.202000000000000846e-01 -1.111138736082854484e+04
6.203000000000000735e-01 -1.111379006941428997e+04
6.204000000000000625e-01 -1.111614518049160142e+04
6.205000000000000515e-01 -1.111846253325303951e+04
6.206000000000000405e-01 -1.112075818833395533e+04
6.207000000000000295e-01 -1.112304501972818980e+04
6.208000000000000185e-01 -1.112533062455369873e+04
6.209000000000000075e-01 -1.112761999569855834e+04
6.209999999999999964e-01 -1.112991479090411485e+04
6.210999999999999854e-01 -1.113220778586320739e+04
6.211999999999999744e-01 -1.113449809209174055e+04
6.213000000000000744e-01 -1.113678552279423820e+04
6.214000000000000634e-01 -1.113907049134720910e+04
6.215000000000000524e-01 -1.114135476507568274e+04
6.216000000000000414e-01 -1.114364236561310645e+04
6.217000000000000304e-01 -1.114593688562575335e+04
6.218000000000000194e-01 -1.114824064535721482e+04
6.219000000000000083e-01 -1.115055395433469130e+04
6.219999999999999973e-01 -1.115287570427536957e+04
6.220999999999999863e-01 -1.115520556787612441e+04
6.221999999999999753e-01 -1.115754399937258131e+04
6.223000000000000753e-01 -1.115989157048803099e+04
6.224000000000000643e-01 -1.116224868611534475e+04
6.225000000000000533e-01 -1.116461555231251077e+04
6.226000000000000423e-01 -1.116699221520595711e+04
6.227000000000000313e-01 -1.116937824486373756e+04
6.228000000000000203e-01 -1.117177231861035762e+04
6.229000000000000092e-01 -1.117417494940724828e+04
6.229999999999999982e-01 -1.117658578480955839e+04
6.230999999999999872e-01 -1.117900246778026121e+04
6.231999999999999762e-01 -1.118142074695802512e+04
6.233000000000000762e-01 -1.118382657739438037e+04
6.234000000000000652e-01 -1.118621266299416857e+04
6.235000000000000542e-01 -1.118859461029162776e+04
6.236000000000000432e-01 -1.119096902255857094e+04
6.237000000000000322e-01 -1.119326770948033300e+04
6.238000000000000211e-01 -1.119544234051426793e+04
6.239000000000000101e-01 -1.119757734691766564e+04
6.239999999999999991e-01 -1.119972509785312650e+04
6.240999999999999881e-01 -1.120190105632527775e+04
6.241999999999999771e-01 -1.120410145643965552e+04
6.243000000000000771e-01 -1.120631666854505602e+04
6.244000000000000661e-01 -1.120853802550362343e+04
6.245000000000000551e-01 -1.121076004529114471e+04
6.246000000000000441e-01 -1.121298017552397505e+04
6.247000000000000330e-01 -1.121519787571364395e+04
6.248000000000000220e-01 -1.121741412808146015e+04
6.249000000000000110e-01 -1.121962976440074090e+04
6.250000000000000000e-01 -1.122184418297105731e+04
6.250999999999999890e-01 -1.122405759050386951e+04
6.251999999999999780e-01 -1.122627027543211989e+04
6.253000000000000780e-01 -1.122848210073020164e+04
6.254000000000000670e-01 -1.123069252146425970e+04
6.255000000000000560e-01 -1.123290089743746285e+04
6.256000000000000449e-01 -1.123510679176081430e+04
6.257000000000000339e-01 -1.123730957351811048e+04
6.258000000000000229e-01 -1.123950972562937022e+04
6.259000000000000119e-01 -1.124170849172011003e+04
6.260000000000000009e-01 -1.124390690605317468e+04
6.260999999999999899e-01 -1.124610562438525267e+04
6.261999999999999789e-01 -1.124830480970360804e+04
6.263000000000000789e-01 -1.125050427288835272e+04
6.264000000000000679e-01 -1.125270425743195665e+04
6.265000000000000568e-01 -1.125490505356579706e+04
6.266000000000000458e-01 -1.125710656002512042e+04
6.267000000000000348e-01 -1.125930727982427197e+04
6.268000000000000238e-01 -1.126150626583870326e+04
6.269000000000000128e-01 -1.126370316977574112e+04
6.270000000000000018e-01 -1.126589836137799466e+04
6.270999999999999908e-01 -1.126809326220239745e+04
6.271999999999999797e-01 -1.127028884727646619e+04
6.273000000000000798e-01 -1.127248532357464501e+04
6.274000000000000687e-01 -1.127468241953739016e+04
6.275000000000000577e-01 -1.127688040273668048e+04
6.276000000000000467e-01 -1.127907945265925082e+04
6.277000000000000357e-01 -1.128127750827760792e+04
6.278000000000000247e-01 -1.128347369871984483e+04
6.279000000000000137e-01 -1.128566820032010401e+04
6.280000000000000027e-01 -1.128786121335834287e+04
6.280999999999999917e-01 -1.129005369909184446e+04
6.281999999999999806e-01 -1.129224620554084868e+04
6.283000000000000806e-01 -1.129443892276754195e+04
6.284000000000000696e-01 -1.129663186301459064e+04
6.285000000000000586e-01 -1.129882496391908353e+04
6.286000000000000476e-01 -1.130101813898225555e+04
6.287000000000000366e-01 -1.130321130220327541e+04
6.288000000000000256e-01 -1.130540437984968048e+04
6.289000000000000146e-01 -1.130759772950290971e+04
6.290000000000000036e-01 -1.130979295316661592e+04
6.290999999999999925e-01 -1.131198807897755250e+04
6.291999999999999815e-01 -1.131418219573379247e+04
6.293000000000000815e-01 -1.131637526758305467e+04
6.294000000000000705e-01 -1.131856748826777948e+04
6.295000000000000595e-01 -1.132075899054510228e+04
6.296000000000000485e-01 -1.132294995963783185e+04
6.297000000000000375e-01 -1.132514021178409530e+04
6.298000000000000265e-01 -1.132732977277776627e+04
6.299000000000000155e-01 -1.132951906204086299e+04
6.300000000000000044e-01 -1.133170826823321295e+04
6.300999999999999934e-01 -1.133388514322908304e+04
6.301999999999999824e-01 -1.133602498267721967e+04
6.303000000000000824e-01 -1.133813198985760391e+04
6.304000000000000714e-01 -1.134021505484063346e+04
6.305000000000000604e-01 -1.134228107026611360e+04
6.306000000000000494e-01 -1.134433413605122405e+04
6.307000000000000384e-01 -1.134637593660662969e+04
6.308000000000000274e-01 -1.134840867474638981e+04
6.309000000000000163e-01 -1.135043446901138850e+04
6.310000000000000053e-01 -1.135245496144364552e+04
6.310999999999999943e-01 -1.135447135762487960e+04
6.311999999999999833e-01 -1.135648454069998843e+04
6.313000000000000833e-01 -1.135849517143221965e+04
6.314000000000000723e-01 -1.136050375994926617e+04
6.315000000000000613e-01 -1.136251071299010073e+04
6.316000000000000503e-01 -1.136451636332458293e+04
6.317000000000000393e-01 -1.136652098721820585e+04
6.318000000000000282e-01 -1.136852481443567194e+04
6.319000000000000172e-01 -1.137052803400433004e+04
6.320000000000000062e-01 -1.137253079790254378e+04
6.320999999999999952e-01 -1.137453322400916841e+04
6.321999999999999842e-01 -1.137653539903482852e+04
6.323000000000000842e-01 -1.137853738173866805e+04
6.324000000000000732e-01 -1.138053931233355615e+04
6.325000000000000622e-01 -1.138254164913458771e+04
6.326000000000000512e-01 -1.138454601588963851e+04
6.327000000000000401e-01 -1.138655291669241706e+04
6.328000000000000291e-01 -1.138856198642536765e+04
6.329000000000000181e-01 -1.139057270167789648e+04
6.330000000000000071e-01 -1.139258441460287759e+04
6.330999999999999961e-01 -1.139459798908835000e+04
6.331999999999999851e-01 -1.139661455241568729e+04
6.333000000000000851e-01 -1.139863340486095876e+04
6.334000000000000741e-01 -1.140065356283166875e+04
6.335000000000000631e-01 -1.140267422465334494e+04
6.336000000000000520e-01 -1.140469480745190958e+04
6.337000000000000410e-01 -1.140671502570537450e+04
6.338000000000000300e-01 -1.140873472225232945e+04
6.339000000000000190e-01 -1.141075368742105456e+04
6.340000000000000080e-01 -1.141277086035405955e+04
6.340999999999999970e-01 -1.141478498975534967e+04
6.341999999999999860e-01 -1.141679573088208963e+04
6.342999999999999750e-01 -1.141880315055841857e+04
6.344000000000000750e-01 -1.142080791837796642e+04
6.345000000000000639e-01 -1.142281071544415499e+04
6.346000000000000529e-01 -1.142481206571213625e+04
6.347000000000000419e-01 -1.142681234377316832e+04
6.348000000000000309e-01 -1.142881205920597677e+04
6.349000000000000199e-01 -1.143081092656129840e+04
6.350000000000000089e-01 -1.143280972609533092e+04
6.350999999999999979e-01 -1.143480891212720417e+04
6.351999999999999869e-01 -1.143680850686279882e+04
6.352999999999999758e-01 -1.143880764461951003e+04
6.354000000000000759e-01 -1.144080535852666253e+04
6.355000000000000648e-01 -1.144280176806559211e+04
6.356000000000000538e-01 -1.144479694529938570e+04
6.357000000000000428e-01 -1.144679081495799983e+04
6.358000000000000318e-01 -1.144878415300690176e+04
6.359000000000000208e-01 -1.145077742095225403e+04
6.360000000000000098e-01 -1.145277067575006913e+04
6.360999999999999988e-01 -1.145476387584847180e+04
6.361999999999999877e-01 -1.145675660383189279e+04
6.362999999999999767e-01 -1.145874886065951796e+04
6.364000000000000767e-01 -1.146074109730612327e+04
6.365000000000000657e-01 -1.146273302817432341e+04
6.366000000000000547e-01 -1.146472456376904483e+04
6.367000000000000437e-01 -1.146671585364044950e+04
6.368000000000000327e-01 -1.146870711479581769e+04
6.369000000000000217e-01 -1.147069849995439290e+04
6.370000000000000107e-01 -1.147269010054775572e+04
6.370999999999999996e-01 -1.147468173231538094e+04
6.371999999999999886e-01 -1.147667291458927139e+04
6.372999999999999776e-01 -1.147866430352610951e+04
6.374000000000000776e-01 -1.148065619013860669e+04
6.375000000000000666e-01 -1.148264801621907282e+04
6.376000000000000556e-01 -1.148463932465456855e+04
6.377000000000000446e-01 -1.148663009563979176e+04
6.378000000000000336e-01 -1.148862294958970779e+04
6.379000000000000226e-01 -1.149061392071073897e+04
6.380000000000000115e-01 -1.149260122178938218e+04
6.381000000000000005e-01 -1.149458452618333285e+04
6.381999999999999895e-01 -1.149656409304487352e+04
6.382999999999999785e-01 -1.149853995350135483e+04
6.384000000000000785e-01 -1.150051219140132889e+04
6.385000000000000675e-01 -1.150248095224909048e+04
6.386000000000000565e-01 -1.150444631096147896e+04
6.387000000000000455e-01 -1.150640825619661882e+04
6.388000000000000345e-01 -1.150836670597836928e+04
6.389000000000000234e-01 -1.151032152477739510e+04
6.390000000000000124e-01 -1.151227252779501396e+04
6.391000000000000014e-01 -1.151421947073953015e+04
6.391999999999999904e-01 -1.151616197852862388e+04
6.392999999999999794e-01 -1.151809847492237350e+04
6.394000000000000794e-01 -1.152002542900448680e+04
6.395000000000000684e-01 -1.152194163727386149e+04
6.396000000000000574e-01 -1.152384719842360391e+04
6.397000000000000464e-01 -1.152574316777439162e+04
6.398000000000000353e-01 -1.152762940580275790e+04
6.399000000000000243e-01 -1.152950639540833254e+04
6.400000000000000133e-01 -1.153137421019701651e+04
6.401000000000000023e-01 -1.153323101613592553e+04
6.401999999999999913e-01 -1.153507242363846308e+04
6.402999999999999803e-01 -1.153690319216506214e+04
6.404000000000000803e-01 -1.153872619141982614e+04
6.405000000000000693e-01 -1.154055010190199755e+04
6.406000000000000583e-01 -1.154238853630756239e+04
6.407000000000000473e-01 -1.154426750090557834e+04
6.408000000000000362e-01 -1.154623875211003178e+04
6.409000000000000252e-01 -1.154828575130082572e+04
6.410000000000000142e-01 -1.155034318580903528e+04
6.411000000000000032e-01 -1.155237397383136886e+04
6.411999999999999922e-01 -1.155434011859613202e+04
6.412999999999999812e-01 -1.155622333958894342e+04
6.414000000000000812e-01 -1.155804401361828059e+04
6.415000000000000702e-01 -1.155984608958079116e+04
6.416000000000000592e-01 -1.156166771529837752e+04
6.417000000000000481e-01 -1.156352418297925396e+04
6.418000000000000371e-01 -1.156541148929125484e+04
6.419000000000000261e-01 -1.156731652200386816e+04
6.420000000000000151e-01 -1.156922968155466333e+04
6.421000000000000041e-01 -1.157115948315947026e+04
6.421999999999999931e-01 -1.157311512014515392e+04
6.422999999999999821e-01 -1.157508951300653462e+04
6.424000000000000821e-01 -1.157705823247300577e+04
6.425000000000000711e-01 -1.157898754372013718e+04
6.426000000000000600e-01 -1.158085197235686792e+04
6.427000000000000490e-01 -1.158263765679125572e+04
6.428000000000000380e-01 -1.158433545633314861e+04
6.429000000000000270e-01 -1.158593345480671815e+04
6.430000000000000160e-01 -1.158741581776299790e+04
6.431000000000000050e-01 -1.158875736792276803e+04
6.431999999999999940e-01 -1.158993150006460201e+04
6.432999999999999829e-01 -1.159091769243321505e+04
6.434000000000000830e-01 -1.159170158616094704e+04
6.435000000000000719e-01 -1.159227405779860601e+04
6.436000000000000609e-01 -1.159266218844508148e+04
6.437000000000000499e-01 -1.159288586504759587e+04
6.438000000000000389e-01 -1.159291746057941054e+04
6.439000000000000279e-01 -1.159275016923214753e+04
6.440000000000000169e-01 -1.159239888456810877e+04
6.441000000000000059e-01 -1.159189668546366374e+04
6.441999999999999948e-01 -1.159124059034992752e+04
6.442999999999999838e-01 -1.159061051243208203e+04
6.444000000000000838e-01 -1.159017532545715221e+04
6.445000000000000728e-01 -1.159006515231450612e+04
6.446000000000000618e-01 -1.159020600993661355e+04
6.447000000000000508e-01 -1.159062830312783808e+04
6.448000000000000398e-01 -1.159140275905322051e+04
6.449000000000000288e-01 -1.159248067628850367e+04
6.450000000000000178e-01 -1.159375565876520523e+04
6.451000000000000068e-01 -1.159509999535011775e+04
6.451999999999999957e-01 -1.159643689841159539e+04
6.452999999999999847e-01 -1.159768349596738699e+04
6.454000000000000847e-01 -1.159903038709677276e+04
6.455000000000000737e-01 -1.160054242708248967e+04
6.456000000000000627e-01 -1.160219540147718726e+04
6.457000000000000517e-01 -1.160389787456715385e+04
6.458000000000000407e-01 -1.160568813778232470e+04
6.459000000000000297e-01 -1.160753644930705923e+04
6.460000000000000187e-01 -1.160941380524896522e+04
6.461000000000000076e-01 -1.161132779946759365e+04
6.461999999999999966e-01 -1.161327631670618575e+04
6.462999999999999856e-01 -1.161525119748136967e+04
6.464000000000000856e-01 -1.161723743182129328e+04
6.465000000000000746e-01 -1.161923890761490838e+04
6.466000000000000636e-01 -1.162124928007015478e+04
6.467000000000000526e-01 -1.162326442037151355e+04
6.468000000000000416e-01 -1.162529936835333683e+04
6.469000000000000306e-01 -1.162734771963849198e+04
6.470000000000000195e-01 -1.162939246566493057e+04
6.471000000000000085e-01 -1.163141690363515954e+04
6.471999999999999975e-01 -1.163341598970224368e+04
6.472999999999999865e-01 -1.163539613230780742e+04
6.474000000000000865e-01 -1.163736663078275888e+04
6.475000000000000755e-01 -1.163933821932901446e+04
6.476000000000000645e-01 -1.164131576938603212e+04
6.477000000000000535e-01 -1.164330278301112048e+04
6.478000000000000425e-01 -1.164529521506592391e+04
6.479000000000000314e-01 -1.164728969266731474e+04
6.480000000000000204e-01 -1.164929062730983242e+04
6.481000000000000094e-01 -1.165129725900955236e+04
6.481999999999999984e-01 -1.165330519139035096e+04
6.482999999999999874e-01 -1.165531408379436289e+04
6.483999999999999764e-01 -1.165732403884555424e+04
6.485000000000000764e-01 -1.165933370487439788e+04
6.486000000000000654e-01 -1.166134342654570173e+04
6.487000000000000544e-01 -1.166334465698221175e+04
6.488000000000000433e-01 -1.166534024107632649e+04
6.489000000000000323e-01 -1.166733252019948850e+04
6.490000000000000213e-01 -1.166932251650283615e+04
6.491000000000000103e-01 -1.167130967778436934e+04
6.491999999999999993e-01 -1.167329467011135421e+04
6.492999999999999883e-01 -1.167528026787643466e+04
6.493999999999999773e-01 -1.167726827624750695e+04
6.495000000000000773e-01 -1.167925994857822661e+04
6.496000000000000663e-01 -1.168124735037762184e+04
6.497000000000000552e-01 -1.168323391201850245e+04
6.498000000000000442e-01 -1.168522169029146426e+04
6.499000000000000332e-01 -1.168721140595948418e+04
6.500000000000000222e-01 -1.168920600272731645e+04
6.501000000000000112e-01 -1.169309590859494347e+04
6.502000000000000002e-01 -1.169856408939951507e+04
6.502999999999999892e-01 -1.170464997299088827e+04
6.503999999999999782e-01 -1.171112122726685084e+04
6.505000000000000782e-01 -1.171808448042363125e+04
6.506000000000000671e-01 -1.172587382521184554e+04
6.507000000000000561e-01 -1.173410306371902880e+04
6.508000000000000451e-01 -1.174194767733537446e+04
6.509000000000000341e-01 -1.174796065126785834e+04
6.510000000000000231e-01 -1.175281115368859537e+04
6.511000000000000121e-01 -1.175706131208367151e+04
6.512000000000000011e-01 -1.176092773263641175e+04
6.512999999999999901e-01 -1.176454562258604528e+04
6.513999999999999790e-01 -1.176800755994233441e+04
6.515000000000000790e-01 -1.177129640606516114e+04
6.516000000000000680e-01 -1.177429436835881279e+04
6.517000000000000570e-01 -1.177695091542933369e+04
6.518000000000000460e-01 -1.177935245315153043e+04
6.519000000000000350e-01 -1.178148530176262284e+04
6.520000000000000240e-01 -1.178330538591504046e+04
6.521000000000000130e-01 -1.178543483738300529e+04
6.522000000000000020e-01 -1.178842400280332367e+04
6.522999999999999909e-01 -1.179118037869773980e+04
6.523999999999999799e-01 -1.179335047645318082e+04
6.525000000000000799e-01 -1.179505767403596656e+04
6.526000000000000689e-01 -1.179645890064937157e+04
6.527000000000000579e-01 -1.179765826184531943e+04
6.528000000000000469e-01 -1.179870628577634307e+04
6.529000000000000359e-01 -1.179960143762841653e+04
6.530000000000000249e-01 -1.180032535452364937e+04
6.531000000000000139e-01 -1.180088595757129042e+04
6.532000000000000028e-01 -1.180132691142907242e+04
6.532999999999999918e-01 -1.180171607031430540e+04
6.533999999999999808e-01 -1.180206620400701649e+04
6.535000000000000808e-01 -1.180234339968660970e+04
6.536000000000000698e-01 -1.180245021043151610e+04
6.537000000000000588e-01 -1.180237638716267975e+04
6.538000000000000478e-01 -1.180219078806625475e+04
6.539000000000000368e-01 -1.180194221205518261e+04
6.540000000000000258e-01 -1.180168524528650414e+04
6.541000000000000147e-01 -1.180145339411926943e+04
6.542000000000000037e-01 -1.180128899258212186e+04
6.542999999999999927e-01 -1.180127356500532187e+04
6.543999999999999817e-01 -1.180143141481509338e+04
6.545000000000000817e-01 -1.180175182735572707e+04
6.546000000000000707e-01 -1.180226284946530905e+04
6.547000000000000597e-01 -1.180302701470445209e+04
6.548000000000000487e-01 -1.180401598559237391e+04
6.549000000000000377e-01 -1.180518090279313037e+04
6.550000000000000266e-01 -1.180650115695606655e+04
6.551000000000000156e-01 -1.180795906879985523e+04
6.552000000000000046e-01 -1.180954850400737450e+04
6.552999999999999936e-01 -1.181126528956747643e+04
6.553999999999999826e-01 -1.181309776456411782e+04
6.555000000000000826e-01 -1.181501135200918361e+04
6.556000000000000716e-01 -1.181696603061652786e+04
6.557000000000000606e-01 -1.181894269043704116e+04
6.558000000000000496e-01 -1.182092826540487295e+04
6.559000000000000385e-01 -1.182290972010132282e+04
6.560000000000000275e-01 -1.182488242122296288e+04
6.561000000000000165e-01 -1.182685196104736679e+04
6.562000000000000055e-01 -1.182885560169728160e+04
6.562999999999999945e-01 -1.183087800760155551e+04
6.563999999999999835e-01 -1.183290512633349863e+04
6.565000000000000835e-01 -1.183495556465274421e+04
6.566000000000000725e-01 -1.183703566301499450e+04
6.567000000000000615e-01 -1.183912800638346926e+04
6.568000000000000504e-01 -1.184121102970691572e+04
6.569000000000000394e-01 -1.184326675897507812e+04
6.570000000000000284e-01 -1.184528848805839516e+04
6.571000000000000174e-01 -1.184728070472961008e+04
6.572000000000000064e-01 -1.184924362659396320e+04
6.572999999999999954e-01 -1.185118198270714856e+04
6.573999999999999844e-01 -1.185310240139701091e+04
6.575000000000000844e-01 -1.185501252304630907e+04
6.576000000000000734e-01 -1.185692090895079309e+04
6.577000000000000624e-01 -1.185884188362498389e+04
6.578000000000000513e-01 -1.186077960037994671e+04
6.579000000000000403e-01 -1.186273915966914865e+04
6.580000000000000293e-01 -1.186471036334967357e+04
6.581000000000000183e-01 -1.186669214032530545e+04
6.582000000000000073e-01 -1.186868256115906479e+04
6.582999999999999963e-01 -1.187067972027634823e+04
6.583999999999999853e-01 -1.187268192034098684e+04
6.585000000000000853e-01 -1.187468682394152893e+04
6.586000000000000743e-01 -1.187669326423320308e+04
6.587000000000000632e-01 -1.187870098350223270e+04
6.588000000000000522e-01 -1.188070846014540803e+04
6.589000000000000412e-01 -1.188271445750471321e+04
6.590000000000000302e-01 -1.188471821909283426e+04
6.591000000000000192e-01 -1.188671945196796696e+04
6.592000000000000082e-01 -1.188871823850219153e+04
6.592999999999999972e-01 -1.189071491254222019e+04
6.593999999999999861e-01 -1.189270766370212914e+04
6.595000000000000862e-01 -1.189469533598030830e+04
6.596000000000000751e-01 -1.189668677817170828e+04
6.597000000000000641e-01 -1.189866347699841936e+04
6.598000000000000531e-01 -1.190062526777269522e+04
6.599000000000000421e-01 -1.190258137157747660e+04
6.600000000000000311e-01 -1.190453928157992414e+04
6.601000000000000201e-01 -1.190651652124364955e+04
6.602000000000000091e-01 -1.190855141090374491e+04
6.602999999999999980e-01 -1.191065674902009960e+04
6.603999999999999870e-01 -1.191282688849575243e+04
6.605000000000000870e-01 -1.191504869385789061e+04
6.606000000000000760e-01 -1.191730827400192902e+04
6.607000000000000650e-01 -1.191959358398502627e+04
6.608000000000000540e-01 -1.192189533924890566e+04
6.609000000000000430e-01 -1.192420657975492031e+04
6.610000000000000320e-01 -1.192651748554260848e+04
6.611000000000000210e-01 -1.192882254393663243e+04
6.612000000000000099e-01 -1.193112155964542035e+04
6.612999999999999989e-01 -1.193341620861259435e+04
6.613999999999999879e-01 -1.193570755584241851e+04
6.614999999999999769e-01 -1.193799713403468741e+04
6.616000000000000769e-01 -1.194028890804496405e+04
6.617000000000000659e-01 -1.194258258696203666e+04
6.618000000000000549e-01 -1.194487753027594044e+04
6.619000000000000439e-01 -1.194717328487458508e+04
6.620000000000000329e-01 -1.194946923031460574e+04
6.621000000000000218e-01 -1.195176555351259049e+04
6.622000000000000108e-01 -1.195406300018655202e+04
6.622999999999999998e-01 -1.195636027385416492e+04
6.623999999999999888e-01 -1.195865497272312314e+04
6.624999999999999778e-01 -1.196094775885896706e+04
6.626000000000000778e-01 -1.196323953678099133e+04
6.627000000000000668e-01 -1.196553098015796240e+04
6.628000000000000558e-01 -1.196782612641030391e+04
6.629000000000000448e-01 -1.197011913099096637e+04
6.630000000000000338e-01 -1.197240998072904767e+04
6.631000000000000227e-01 -1.197470036113482638e+04
6.632000000000000117e-01 -1.197699038468453546e+04
6.633000000000000007e-01 -1.197928357933137522e+04
6.633999999999999897e-01 -1.198158060464795199e+04
6.634999999999999787e-01 -1.198388214623411113e+04
6.636000000000000787e-01 -1.198618825158903201e+04
6.637000000000000677e-01 -1.198849868855333989e+04
6.638000000000000567e-01 -1.199081398758014984e+04
6.639000000000000457e-01 -1.199313453314612343e+04
6.640000000000000346e-01 -1.199545748947879474e+04
6.641000000000000236e-01 -1.199778360091388822e+04
6.642000000000000126e-01 -1.200011320845386581e+04
6.643000000000000016e-01 -1.200244637972394594e+04
6.643999999999999906e-01 -1.200478274223192602e+04
6.644999999999999796e-01 -1.200712082223826474e+04
6.646000000000000796e-01 -1.200946382627948697e+04
6.647000000000000686e-01 -1.201181269999195683e+04
6.648000000000000576e-01 -1.201416619511197132e+04
6.649000000000000465e-01 -1.201638384500988650e+04
6.650000000000000355e-01 -1.201845383967728048e+04
6.651000000000000245e-01 -1.202023833846766138e+04
6.652000000000000135e-01 -1.202178629204970093e+04
6.653000000000000025e-01 -1.202333896736564748e+04
6.653999999999999915e-01 -1.202504890048119523e+04
6.654999999999999805e-01 -1.202696180397325043e+04
6.656000000000000805e-01 -1.202906407992921413e+04
6.657000000000000695e-01 -1.203132597627123869e+04
6.658000000000000584e-01 -1.203370191416558009e+04
6.659000000000000474e-01 -1.203615536474816327e+04
6.660000000000000364e-01 -1.203865655323734973e+04
6.661000000000000254e-01 -1.204118657731844542e+04
6.662000000000000144e-01 -1.204374493351071578e+04
6.663000000000000034e-01 -1.204634038262501235e+04
6.663999999999999924e-01 -1.204897542768266430e+04
6.664999999999999813e-01 -1.205164651468880766e+04
6.666000000000000814e-01 -1.205435089181932562e+04
6.667000000000000703e-01 -1.205710258338566382e+04
6.668000000000000593e-01 -1.205989481430241904e+04
6.669000000000000483e-01 -1.206276914406685682e+04
6.670000000000000373e-01 -1.206572966158803320e+04
6.671000000000000263e-01 -1.206875052925359159e+04
6.672000000000000153e-01 -1.207179615396130248e+04
6.673000000000000043e-01 -1.207481847514254878e+04
6.673999999999999932e-01 -1.207780752171342465e+04
6.674999999999999822e-01 -1.208078870221764555e+04
6.676000000000000822e-01 -1.208380071219292040e+04
6.677000000000000712e-01 -1.208687825236848403e+04
6.678000000000000602e-01 -1.209005987963829830e+04
6.679000000000000492e-01 -1.209337693924458836e+04
6.680000000000000382e-01 -1.209685684210721956e+04
6.681000000000000272e-01 -1.210051322459774565e+04
6.682000000000000162e-01 -1.210434660499970596e+04
6.683000000000000052e-01 -1.210835417858336950e+04
6.683999999999999941e-01 -1.211254033918788082e+04
6.684999999999999831e-01 -1.211693253270430978e+04
6.686000000000000831e-01 -1.212157798356435887e+04
6.687000000000000721e-01 -1.212653296678356855e+04
6.688000000000000611e-01 -1.213184216523892246e+04
6.689000000000000501e-01 -1.213750785074212217e+04
6.690000000000000391e-01 -1.214354805347127876e+04
6.691000000000000281e-01 -1.215010264146427289e+04
6.692000000000000171e-01 -1.215712865555362623e+04
6.693000000000000060e-01 -1.216391840302979472e+04
6.693999999999999950e-01 -1.216798578808195634e+04
6.694999999999999840e-01 -1.216983614078385290e+04
6.696000000000000840e-01 -1.217124853419510509e+04
6.697000000000000730e-01 -1.217303365689016937e+04
6.698000000000000620e-01 -1.217507039019576587e+04
6.699000000000000510e-01 -1.217710605206412401e+04
6.700000000000000400e-01 -1.217913314392564098e+04
6.701000000000000290e-01 -1.218120666943398828e+04
6.702000000000000179e-01 -1.218337982872087014e+04
6.703000000000000069e-01 -1.218565766240332050e+04
6.703999999999999959e-01 -1.218800914743523026e+04
6.704999999999999849e-01 -1.219039116090340940e+04
6.706000000000000849e-01 -1.219276815989604620e+04
6.707000000000000739e-01 -1.219512113883380516e+04
6.708000000000000629e-01 -1.219744433578630378e+04
6.709000000000000519e-01 -1.219981828624686204e+04
6.710000000000000409e-01 -1.220276344247815905e+04
6.711000000000000298e-01 -1.220618522504520661e+04
6.712000000000000188e-01 -1.220968455011120204e+04
6.713000000000000078e-01 -1.221297545114591412e+04
6.713999999999999968e-01 -1.221595905409254920e+04
6.714999999999999858e-01 -1.221870005432262769e+04
6.716000000000000858e-01 -1.222127184809404571e+04
6.717000000000000748e-01 -1.222372061364938418e+04
6.718000000000000638e-01 -1.222608984415841041e+04
6.719000000000000528e-01 -1.222841762217396899e+04
6.720000000000000417e-01 -1.223072875025664871e+04
6.721000000000000307e-01 -1.223303710311060786e+04
6.722000000000000197e-01 -1.223534768797280049e+04
6.723000000000000087e-01 -1.223766245951759811e+04
6.723999999999999977e-01 -1.223998181143677175e+04
6.724999999999999867e-01 -1.224230584736845776e+04
6.726000000000000867e-01 -1.224463459555333066e+04
6.727000000000000757e-01 -1.224696798739167207e+04
6.728000000000000647e-01 -1.224930596840630460e+04
6.729000000000000536e-01 -1.225164865928365180e+04
6.730000000000000426e-01 -1.225399580738231998e+04
6.731000000000000316e-01 -1.225635115457506981e+04
6.732000000000000206e-01 -1.225870732194654374e+04
6.733000000000000096e-01 -1.226106447575505990e+04
6.733999999999999986e-01 -1.226342532905835105e+04
6.734999999999999876e-01 -1.226578894839214809e+04
6.736000000000000876e-01 -1.226814976185656087e+04
6.737000000000000766e-01 -1.227050067098540057e+04
6.738000000000000655e-01 -1.227284282113418158e+04
6.739000000000000545e-01 -1.227517750681374309e+04
6.740000000000000435e-01 -1.227750819752729331e+04
6.741000000000000325e-01 -1.227983709645216004e+04
6.742000000000000215e-01 -1.228216320783758601e+04
6.743000000000000105e-01 -1.228448730563652134e+04
6.743999999999999995e-01 -1.228679934121836777e+04
6.744999999999999885e-01 -1.228911406292083666e+04
6.745999999999999774e-01 -1.229143270168326308e+04
6.747000000000000774e-01 -1.229374148454148417e+04
6.748000000000000664e-01 -1.229603372884973578e+04
6.749000000000000554e-01 -1.229827609559918164e+04
6.750000000000000444e-01 -1.230045376407342883e+04
6.751000000000000334e-01 -1.230261356252187579e+04
6.752000000000000224e-01 -1.230478917338031897e+04
6.753000000000000114e-01 -1.230697292352479235e+04
6.754000000000000004e-01 -1.230916790560511072e+04
6.754999999999999893e-01 -1.231137289246004366e+04
6.755999999999999783e-01 -1.231358253978147877e+04
6.757000000000000783e-01 -1.231579416377308371e+04
6.758000000000000673e-01 -1.231800725643029182e+04
6.759000000000000563e-01 -1.232022149772550074e+04
6.760000000000000453e-01 -1.232243671965460089e+04
6.761000000000000343e-01 -1.232465351209131040e+04
6.762000000000000233e-01 -1.232687223591826296e+04
6.763000000000000123e-01 -1.232909217145322691e+04
6.764000000000000012e-01 -1.233131200043464560e+04
6.764999999999999902e-01 -1.233353099945376016e+04
6.765999999999999792e-01 -1.233574877449412270e+04
6.767000000000000792e-01 -1.233796487440839883e+04
6.768000000000000682e-01 -1.234017545060777229e+04
6.769000000000000572e-01 -1.234237594730095952e+04
6.770000000000000462e-01 -1.234458327661243311e+04
6.771000000000000352e-01 -1.234679056158942149e+04
6.772000000000000242e-01 -1.234899652816426897e+04
6.773000000000000131e-01 -1.235120177290182255e+04
6.774000000000000021e-01 -1.235340699529356243e+04
6.774999999999999911e-01 -1.235561267363728803e+04
6.775999999999999801e-01 -1.235781906170515686e+04
6.777000000000000801e-01 -1.236002624578551149e+04
6.778000000000000691e-01 -1.236223420024463485e+04
6.779000000000000581e-01 -1.236444282909273716e+04
6.780000000000000471e-01 -1.236665199486733945e+04
6.781000000000000361e-01 -1.236886153933572314e+04
6.782000000000000250e-01 -1.237107135164074862e+04
6.783000000000000140e-01 -1.237328128075730092e+04
6.784000000000000030e-01 -1.237549086170610099e+04
6.784999999999999920e-01 -1.237770020331836349e+04
6.785999999999999810e-01 -1.237990922143726493e+04
6.787000000000000810e-01 -1.238211797045426647e+04
6.788000000000000700e-01 -1.238432650532442312e+04
6.789000000000000590e-01 -1.238653487603316171e+04
6.790000000000000480e-01 -1.238874315683661371e+04
6.791000000000000369e-01 -1.239095125681996979e+04
6.792000000000000259e-01 -1.239315863534902201e+04
6.793000000000000149e-01 -1.239536596323991580e+04
6.794000000000000039e-01 -1.239757349459961370e+04
6.794999999999999929e-01 -1.239978126034002162e+04
6.795999999999999819e-01 -1.240198923036746055e+04
6.797000000000000819e-01 -1.240419734776878977e+04
6.798000000000000709e-01 -1.240640556818973346e+04
6.799000000000000599e-01 -1.240861384656946029e+04
6.800000000000000488e-01 -1.241082214149536594e+04
6.801000000000000378e-01 -1.241301787988889009e+04
6.802000000000000268e-01 -1.241517649516295569e+04
6.803000000000000158e-01 -1.241730158761871644e+04
6.804000000000000048e-01 -1.241940151466673706e+04
6.804999999999999938e-01 -1.242148293058009949e+04
6.805999999999999828e-01 -1.242355061750648565e+04
6.807000000000000828e-01 -1.242560798535416325e+04
6.808000000000000718e-01 -1.242765749140879234e+04
6.809000000000000608e-01 -1.242970093478667150e+04
6.810000000000000497e-01 -1.243173965786959889e+04
6.811000000000000387e-01 -1.243377468359120940e+04
6.812000000000000277e-01 -1.243580680852471596e+04
6.813000000000000167e-01 -1.243783666535656266e+04
6.814000000000000057e-01 -1.243986476425446926e+04
6.814999999999999947e-01 -1.244189151993951600e+04
6.815999999999999837e-01 -1.244391726940203444e+04
6.817000000000000837e-01 -1.244594228380732602e+04
6.818000000000000727e-01 -1.244796677705573347e+04
6.819000000000000616e-01 -1.244999091260748901e+04
6.820000000000000506e-01 -1.245201480955745683e+04
6.821000000000000396e-01 -1.245403854841121210e+04
6.822000000000000286e-01 -1.245606351757886296e+04
6.823000000000000176e-01 -1.245809017252086051e+04
6.824000000000000066e-01 -1.246011674419370320e+04
6.824999999999999956e-01 -1.246214302819398108e+04
6.825999999999999845e-01 -1.246416911326008631e+04
6.827000000000000846e-01 -1.246619505262668281e+04
6.828000000000000735e-01 -1.246822082858399699e+04
6.829000000000000625e-01 -1.247024651807455484e+04
6.830000000000000515e-01 -1.247227454238717291e+04
6.831000000000000405e-01 -1.247430255343317185e+04
6.832000000000000295e-01 -1.247632894966271124e+04
6.833000000000000185e-01 -1.247835331931662768e+04
6.834000000000000075e-01 -1.248037566495395185e+04
6.834999999999999964e-01 -1.248239657476826142e+04
6.835999999999999854e-01 -1.248441661612115058e+04
6.837000000000000854e-01 -1.248643620167678637e+04
6.838000000000000744e-01 -1.248845559692620191e+04
6.839000000000000634e-01 -1.249047495016600442e+04
6.840000000000000524e-01 -1.249249432045052163e+04
6.841000000000000414e-01 -1.249451369869858536e+04
6.842000000000000304e-01 -1.249653301854453275e+04
6.843000000000000194e-01 -1.249855223472115358e+04
6.844000000000000083e-01 -1.250057140414877358e+04
6.844999999999999973e-01 -1.250258780760792615e+04
6.845999999999999863e-01 -1.250460193602726031e+04
6.847000000000000863e-01 -1.250661371502738075e+04
6.848000000000000753e-01 -1.250862228100165157e+04
6.849000000000000643e-01 -1.251062728255507500e+04
6.850000000000000533e-01 -1.251262857276619616e+04
6.851000000000000423e-01 -1.251462601783614446e+04
6.852000000000000313e-01 -1.251661947929320559e+04
6.853000000000000203e-01 -1.251860981223463023e+04
6.854000000000000092e-01 -1.252059584574759174e+04
6.854999999999999982e-01 -1.252257661111853849e+04
6.855999999999999872e-01 -1.252455202307790023e+04
6.857000000000000872e-01 -1.252652202429881618e+04
6.858000000000000762e-01 -1.252848684338865314e+04
6.859000000000000652e-01 -1.253044670851097908e+04
6.860000000000000542e-01 -1.253240185654611014e+04
6.861000000000000432e-01 -1.253435256741164085e+04
6.862000000000000322e-01 -1.253629908322092888e+04
6.863000000000000211e-01 -1.253824159510474601e+04
6.864000000000000101e-01 -1.254018022024668608e+04
6.864999999999999991e-01 -1.254211504998841519e+04
6.865999999999999881e-01 -1.254404616226305552e+04
6.867000000000000881e-01 -1.254597359543023595e+04
6.868000000000000771e-01 -1.254789733533430081e+04
6.869000000000000661e-01 -1.254981729910759896e+04
6.870000000000000551e-01 -1.255173327565312502e+04
6.871000000000000441e-01 -1.255364469201579413e+04
6.872000000000000330e-01 -1.255554933118806002e+04
6.873000000000000220e-01 -1.255744571362551324e+04
6.874000000000000110e-01 -1.255933075878897398e+04
6.875000000000000000e-01 -1.256120557785272285e+04
6.875999999999999890e-01 -1.256306907632678303e+04
6.876999999999999780e-01 -1.256491962361868536e+04
6.878000000000000780e-01 -1.256676677444131928e+04
6.879000000000000670e-01 -1.256860983277552987e+04
6.880000000000000560e-01 -1.257044110483564145e+04
6.881000000000000449e-01 -1.257226603806444837e+04
6.882000000000000339e-01 -1.257408711729513925e+04
6.883000000000000229e-01 -1.257594608644667460e+04
6.884000000000000119e-01 -1.257788060959345603e+04
6.885000000000000009e-01 -1.257994669597718712e+04
6.885999999999999899e-01 -1.258204403618616925e+04
6.886999999999999789e-01 -1.258409858895476282e+04
6.888000000000000789e-01 -1.258609935996255263e+04
6.889000000000000679e-01 -1.258805920734405481e+04
6.890000000000000568e-01 -1.258999698433034246e+04
6.891000000000000458e-01 -1.259192454570277732e+04
6.892000000000000348e-01 -1.259385067069543402e+04
6.893000000000000238e-01 -1.259577878345845602e+04
6.894000000000000128e-01 -1.259770166737180625e+04
6.895000000000000018e-01 -1.259963829838545644e+04
6.895999999999999908e-01 -1.260158584835657530e+04
6.896999999999999797e-01 -1.260354579680563074e+04
6.898000000000000798e-01 -1.260551737136750126e+04
6.899000000000000687e-01 -1.260749340359461712e+04
6.900000000000000577e-01 -1.260946562183325659e+04
6.901000000000000467e-01 -1.261142271316222286e+04
6.902000000000000357e-01 -1.261335868622648559e+04
6.903000000000000247e-01 -1.261528949285269300e+04
6.904000000000000137e-01 -1.261723904337446038e+04
6.905000000000000027e-01 -1.261921665539247078e+04
6.905999999999999917e-01 -1.262121416206432696e+04
6.906999999999999806e-01 -1.262322293969751991e+04
6.908000000000000806e-01 -1.262522993118689919e+04
6.909000000000000696e-01 -1.262722417099467566e+04
6.910000000000000586e-01 -1.262920170798973049e+04
6.911000000000000476e-01 -1.263116461422772591e+04
6.912000000000000366e-01 -1.263311880084004770e+04
6.913000000000000256e-01 -1.263507039260618876e+04
6.914000000000000146e-01 -1.263702337925281063e+04
6.915000000000000036e-01 -1.263897891489879112e+04
6.915999999999999925e-01 -1.264093727525823670e+04
6.916999999999999815e-01 -1.264290289926752121e+04
6.918000000000000815e-01 -1.264487379613432131e+04
6.919000000000000705e-01 -1.264684330593338382e+04
6.920000000000000595e-01 -1.264880661914582561e+04
6.921000000000000485e-01 -1.265076236680291368e+04
6.922000000000000375e-01 -1.265271035329294682e+04
6.923000000000000265e-01 -1.265464372379894849e+04
6.924000000000000155e-01 -1.265655296773203008e+04
6.925000000000000044e-01 -1.265843276105628502e+04
6.925999999999999934e-01 -1.266028017499642010e+04
6.926999999999999824e-01 -1.266209295697319976e+04
6.928000000000000824e-01 -1.266386787321828524e+04
6.929000000000000714e-01 -1.266559229554651938e+04
6.930000000000000604e-01 -1.266724280208717391e+04
6.931000000000000494e-01 -1.266879965939874637e+04
6.932000000000000384e-01 -1.267025215795021904e+04
6.933000000000000274e-01 -1.267160431820837039e+04
6.934000000000000163e-01 -1.267285263750931517e+04
6.935000000000000053e-01 -1.267397868378885141e+04
6.935999999999999943e-01 -1.267496422290097871e+04
6.936999999999999833e-01 -1.267579624467566282e+04
6.938000000000000833e-01 -1.267646380912128370e+04
6.939000000000000723e-01 -1.267695323636773901e+04
6.940000000000000613e-01 -1.267725410360350907e+04
6.941000000000000503e-01 -1.267734667530469414e+04
6.942000000000000393e-01 -1.267720963835596740e+04
6.943000000000000282e-01 -1.267687050911162623e+04
6.944000000000000172e-01 -1.267638712883335029e+04
6.945000000000000062e-01 -1.267572823718202744e+04
6.945999999999999952e-01 -1.267488772607354622e+04
6.946999999999999842e-01 -1.267390944209351073e+04
6.948000000000000842e-01 -1.267281306556083109e+04
6.949000000000000732e-01 -1.267170962946659893e+04
6.950000000000000622e-01 -1.267072642444001212e+04
6.951000000000000512e-01 -1.267018825464262591e+04
6.952000000000000401e-01 -1.267024120019283509e+04
6.953000000000000291e-01 -1.267082112241574396e+04
6.954000000000000181e-01 -1.267182197475149042e+04
6.955000000000000071e-01 -1.267314902754101240e+04
6.955999999999999961e-01 -1.267473098759622917e+04
6.956999999999999851e-01 -1.267651844468000854e+04
6.958000000000000851e-01 -1.267846828702118728e+04
6.959000000000000741e-01 -1.268048078078193248e+04
6.960000000000000631e-01 -1.268254421587521938e+04
6.961000000000000520e-01 -1.268462711397583189e+04
6.962000000000000410e-01 -1.268669642256730003e+04
6.963000000000000300e-01 -1.268877827283691659e+04
6.964000000000000190e-01 -1.269087368258293463e+04
6.965000000000000080e-01 -1.269299559903600129e+04
6.965999999999999970e-01 -1.269513671143381907e+04
6.966999999999999860e-01 -1.269728004422865524e+04
6.968000000000000860e-01 -1.269944387555573121e+04
6.969000000000000750e-01 -1.270164052799009733e+04
6.970000000000000639e-01 -1.270387732280416822e+04
6.971000000000000529e-01 -1.270613358302971028e+04
6.972000000000000419e-01 -1.270838932565851792e+04
6.973000000000000309e-01 -1.271061637626136144e+04
6.974000000000000199e-01 -1.271284467229641086e+04
6.975000000000000089e-01 -1.271503324988507848e+04
6.975999999999999979e-01 -1.271713520928796970e+04
6.976999999999999869e-01 -1.271914524736238491e+04
6.978000000000000869e-01 -1.272107306711361889e+04
6.979000000000000759e-01 -1.272293638925974483e+04
6.980000000000000648e-01 -1.272476579488322386e+04
6.981000000000000538e-01 -1.272658136461916365e+04
6.982000000000000428e-01 -1.272841008132472962e+04
6.983000000000000318e-01 -1.273027807560547990e+04
6.984000000000000208e-01 -1.273219565931176840e+04
6.985000000000000098e-01 -1.273415750059765560e+04
6.985999999999999988e-01 -1.273614776443296432e+04
6.986999999999999877e-01 -1.273815989899934721e+04
6.988000000000000878e-01 -1.274019170867576031e+04
6.989000000000000767e-01 -1.274224080532173502e+04
6.990000000000000657e-01 -1.274430378043839301e+04
6.991000000000000547e-01 -1.274638390802890899e+04
6.992000000000000437e-01 -1.274844914956559114e+04
6.993000000000000327e-01 -1.275051680449227752e+04
6.994000000000000217e-01 -1.275257915507416328e+04
6.995000000000000107e-01 -1.275463630815665965e+04
6.995999999999999996e-01 -1.275668908768206529e+04
6.996999999999999886e-01 -1.275873443057407894e+04
6.998000000000000886e-01 -1.276077139384460861e+04
6.999000000000000776e-01 -1.276279923499944016e+04
7.000000000000000666e-01 -1.276482265903176267e+04
7.001000000000000556e-01 -1.276867922150379127e+04
7.002000000000000446e-01 -1.277383631105904715e+04
7.003000000000000336e-01 -1.277929810895944865e+04
7.004000000000000226e-01 -1.278502374827399217e+04
7.005000000000000115e-01 -1.279128511372226058e+04
7.006000000000000005e-01 -1.279837564034638854e+04
7.006999999999999895e-01 -1.280628064415991867e+04
7.007999999999999785e-01 -1.281466392393396018e+04
7.009000000000000785e-01 -1.282340500568963580e+04
7.010000000000000675e-01 -1.283265976953418067e+04
7.011000000000000565e-01 -1.284175044455172065e+04
7.012000000000000455e-01 -1.284755347029845507e+04
7.013000000000000345e-01 -1.285050708635858973e+04
7.014000000000000234e-01 -1.285207943296765552e+04
7.015000000000000124e-01 -1.285306155444115575e+04
7.016000000000000014e-01 -1.285373513800038199e+04
7.016999999999999904e-01 -1.285483327580057994e+04
7.017999999999999794e-01 -1.285698971142723713e+04
7.019000000000000794e-01 -1.285925481518233209e+04
7.020000000000000684e-01 -1.286137013808093070e+04
7.021000000000000574e-01 -1.286365756010939367e+04
7.022000000000000464e-01 -1.286563645633933811e+04
7.023000000000000353e-01 -1.286728678851309633e+04
7.024000000000000243e-01 -1.286874474590679529e+04
7.025000000000000133e-01 -1.287012968885733608e+04
7.026000000000000023e-01 -1.287153028468943194e+04
7.026999999999999913e-01 -1.287298274052404304e+04
7.027999999999999803e-01 -1.287448929960407440e+04
7.029000000000000803e-01 -1.287603081812496748e+04
7.030000000000000693e-01 -1.287758883057080311e+04
7.031000000000000583e-01 -1.287915291154847728e+04
7.032000000000000473e-01 -1.288071248416241542e+04
7.033000000000000362e-01 -1.288225101518223892e+04
7.034000000000000252e-01 -1.288374772550311172e+04
7.035000000000000142e-01 -1.288518097381349435e+04
7.036000000000000032e-01 -1.288652987695777119e+04
7.036999999999999922e-01 -1.288777642095018382e+04
7.037999999999999812e-01 -1.288890435344864454e+04
7.039000000000000812e-01 -1.288989633750286339e+04
7.040000000000000702e-01 -1.289073827022923797e+04
7.041000000000000592e-01 -1.289144156846278565e+04
7.042000000000000481e-01 -1.289201688875261425e+04
7.043000000000000371e-01 -1.289244650792377615e+04
7.044000000000000261e-01 -1.289272352712120301e+04
7.045000000000000151e-01 -1.289284861890873617e+04
7.046000000000000041e-01 -1.289281862529111822e+04
7.046999999999999931e-01 -1.289263157224951465e+04
7.047999999999999821e-01 -1.289227714601563457e+04
7.049000000000000821e-01 -1.289185528987592988e+04
7.050000000000000711e-01 -1.289140584417691207e+04
7.051000000000000600e-01 -1.289100870739082529e+04
7.052000000000000490e-01 -1.289083058284940307e+04
7.053000000000000380e-01 -1.289092527372751283e+04
7.054000000000000270e-01 -1.289135720684191074e+04
7.055000000000000160e-01 -1.289215904148602567e+04
7.056000000000000050e-01 -1.289325730473963085e+04
7.056999999999999940e-01 -1.289457416951547566e+04
7.057999999999999829e-01 -1.289605478135178237e+04
7.059000000000000830e-01 -1.289765406947846714e+04
7.060000000000000719e-01 -1.289935366726400571e+04
7.061000000000000609e-01 -1.290114149570108384e+04
7.062000000000000499e-01 -1.290299462332810253e+04
7.063000000000000389e-01 -1.290490951476685586e+04
7.064000000000000279e-01 -1.290687936653167526e+04
7.065000000000000169e-01 -1.290888586807256797e+04
7.066000000000000059e-01 -1.291091143380617905e+04
7.066999999999999948e-01 -1.291292885720370032e+04
7.067999999999999838e-01 -1.291499854184566721e+04
7.069000000000000838e-01 -1.291708858737172159e+04
7.070000000000000728e-01 -1.291918510276845882e+04
7.071000000000000618e-01 -1.292128206021987171e+04
7.072000000000000508e-01 -1.292337824065634777e+04
7.073000000000000398e-01 -1.292547551219786510e+04
7.074000000000000288e-01 -1.292758166267054185e+04
7.075000000000000178e-01 -1.292969181340627983e+04
7.076000000000000068e-01 -1.293180156724079643e+04
7.076999999999999957e-01 -1.293389490395997746e+04
7.077999999999999847e-01 -1.293595887519794269e+04
7.079000000000000847e-01 -1.293799048594157466e+04
7.080000000000000737e-01 -1.293998714816996107e+04
7.081000000000000627e-01 -1.294194288879346641e+04
7.082000000000000517e-01 -1.294386650769823063e+04
7.083000000000000407e-01 -1.294576748777601824e+04
7.084000000000000297e-01 -1.294767155604591790e+04
7.085000000000000187e-01 -1.294958237561371061e+04
7.086000000000000076e-01 -1.295150311679249535e+04
7.086999999999999966e-01 -1.295343800015817578e+04
7.087999999999999856e-01 -1.295538664998946660e+04
7.089000000000000856e-01 -1.295734854737630667e+04
7.090000000000000746e-01 -1.295932296816509734e+04
7.091000000000000636e-01 -1.296131159629862123e+04
7.092000000000000526e-01 -1.296331644951777344e+04
7.093000000000000416e-01 -1.296533340728546318e+04
7.094000000000000306e-01 -1.296735780899933889e+04
7.095000000000000195e-01 -1.296938661803820651e+04
7.096000000000000085e-01 -1.297141842803704640e+04
7.096999999999999975e-01 -1.297345218323014524e+04
7.097999999999999865e-01 -1.297548643579846248e+04
7.099000000000000865e-01 -1.297752179038693794e+04
7.100000000000000755e-01 -1.297955412908242397e+04
7.101000000000000645e-01 -1.298159862509928826e+04
7.102000000000000535e-01 -1.298368986149555894e+04
7.103000000000000425e-01 -1.298582298000329138e+04
7.104000000000000314e-01 -1.298799154368362724e+04
7.105000000000000204e-01 -1.299018897091667714e+04
7.106000000000000094e-01 -1.299240849581507428e+04
7.106999999999999984e-01 -1.299464445336369499e+04
7.107999999999999874e-01 -1.299689265160147806e+04
7.109000000000000874e-01 -1.299915007733744824e+04
7.110000000000000764e-01 -1.300141440295514440e+04
7.111000000000000654e-01 -1.300368396604746340e+04
7.112000000000000544e-01 -1.300595759775868282e+04
7.113000000000000433e-01 -1.300823678004086287e+04
7.114000000000000323e-01 -1.301052228832221408e+04
7.115000000000000213e-01 -1.301281394712705151e+04
7.116000000000000103e-01 -1.301511048325549746e+04
7.116999999999999993e-01 -1.301741096668309729e+04
7.117999999999999883e-01 -1.301971476827481274e+04
7.119000000000000883e-01 -1.302202130247264722e+04
7.120000000000000773e-01 -1.302433028282232772e+04
7.121000000000000663e-01 -1.302664172528655945e+04
7.122000000000000552e-01 -1.302895546517689036e+04
7.123000000000000442e-01 -1.303127120742706757e+04
7.124000000000000332e-01 -1.303358880721309833e+04
7.125000000000000222e-01 -1.303590785676318410e+04
7.126000000000000112e-01 -1.303822859594237707e+04
7.127000000000000002e-01 -1.304054936547563011e+04
7.127999999999999892e-01 -1.304287056300896802e+04
7.129000000000000892e-01 -1.304519207647562689e+04
7.130000000000000782e-01 -1.304751407060232850e+04
7.131000000000000671e-01 -1.304983677011264808e+04
7.132000000000000561e-01 -1.305216033004341807e+04
7.133000000000000451e-01 -1.305448489163830709e+04
7.134000000000000341e-01 -1.305681078116453318e+04
7.135000000000000231e-01 -1.305913980739488397e+04
7.136000000000000121e-01 -1.306147351136507314e+04
7.137000000000000011e-01 -1.306381213859865056e+04
7.137999999999999901e-01 -1.306615550359088047e+04
7.138999999999999790e-01 -1.306850339656813594e+04
7.140000000000000790e-01 -1.307085574360529972e+04
7.141000000000000680e-01 -1.307321275247568519e+04
7.142000000000000570e-01 -1.307557621823362388e+04
7.143000000000000460e-01 -1.307794978248313419e+04
7.144000000000000350e-01 -1.308033650407858477e+04
7.145000000000000240e-01 -1.308273654876303226e+04
7.146000000000000130e-01 -1.308514950588906868e+04
7.147000000000000020e-01 -1.308757484357766043e+04
7.147999999999999909e-01 -1.309001209834450128e+04
7.148999999999999799e-01 -1.309246076453091337e+04
7.150000000000000799e-01 -1.309492110624507950e+04
7.151000000000000689e-01 -1.309739333444313706e+04
7.152000000000000579e-01 -1.309987738055748196e+04
7.153000000000000469e-01 -1.310236985890247524e+04
7.154000000000000359e-01 -1.310487514554636800e+04
7.155000000000000249e-01 -1.310739579730118567e+04
7.156000000000000139e-01 -1.310993013844125016e+04
7.157000000000000028e-01 -1.311247918511263561e+04
7.157999999999999918e-01 -1.311504577941987554e+04
7.158999999999999808e-01 -1.311763015973150505e+04
7.160000000000000808e-01 -1.312023076680711711e+04
7.161000000000000698e-01 -1.312284737708055945e+04
7.162000000000000588e-01 -1.312548097884534036e+04
7.163000000000000478e-01 -1.312814942783729930e+04
7.164000000000000368e-01 -1.313085545039156750e+04
7.165000000000000258e-01 -1.313358945260145811e+04
7.166000000000000147e-01 -1.313635793311919770e+04
7.167000000000000037e-01 -1.313915816998129776e+04
7.167999999999999927e-01 -1.314198593166310275e+04
7.168999999999999817e-01 -1.314483816815874343e+04
7.170000000000000817e-01 -1.314771202465310489e+04
7.171000000000000707e-01 -1.315060723322442027e+04
7.172000000000000597e-01 -1.315352650493896363e+04
7.173000000000000487e-01 -1.315647518504581240e+04
7.174000000000000377e-01 -1.315946149149697703e+04
7.175000000000000266e-01 -1.316250268304134624e+04
7.176000000000000156e-01 -1.316561717595204391e+04
7.177000000000000046e-01 -1.316881210968532650e+04
7.177999999999999936e-01 -1.317208459861439405e+04
7.178999999999999826e-01 -1.317542791975779073e+04
7.180000000000000826e-01 -1.317889659408288753e+04
7.181000000000000716e-01 -1.318252429642404240e+04
7.182000000000000606e-01 -1.318629777739644305e+04
7.183000000000000496e-01 -1.319021032589260176e+04
7.184000000000000385e-01 -1.319432211063201430e+04
7.185000000000000275e-01 -1.319865805295654900e+04
7.186000000000000165e-01 -1.320324495408292023e+04
7.187000000000000055e-01 -1.320794626864342899e+04
7.187999999999999945e-01 -1.321240836544580634e+04
7.188999999999999835e-01 -1.321601455636694482e+04
7.190000000000000835e-01 -1.321884999624968077e+04
7.191000000000000725e-01 -1.322145732016711008e+04
7.192000000000000615e-01 -1.322398284024500390e+04
7.193000000000000504e-01 -1.322629705192267829e+04
7.194000000000000394e-01 -1.322839757916443887e+04
7.195000000000000284e-01 -1.323035422279540398e+04
7.196000000000000174e-01 -1.323224082598612586e+04
7.197000000000000064e-01 -1.323411648551367580e+04
7.197999999999999954e-01 -1.323602786927886154e+04
7.198999999999999844e-01 -1.323800507798232684e+04
7.200000000000000844e-01 -1.324005727153276530e+04
7.201000000000000734e-01 -1.324217748620215025e+04
7.202000000000000624e-01 -1.324435275335641745e+04
7.203000000000000513e-01 -1.324657054516478820e+04
7.204000000000000403e-01 -1.324882307649002905e+04
7.205000000000000293e-01 -1.325110820689919638e+04
7.206000000000000183e-01 -1.325341460962200836e+04
7.207000000000000073e-01 -1.325572164133162369e+04
7.207999999999999963e-01 -1.325802076432341528e+04
7.208999999999999853e-01 -1.326031240248721770e+04
7.210000000000000853e-01 -1.326259782881843239e+04
7.211000000000000743e-01 -1.326487652069327487e+04
7.212000000000000632e-01 -1.326714688773220223e+04
7.213000000000000522e-01 -1.326940646639501392e+04
7.214000000000000412e-01 -1.327165414162347224e+04
7.215000000000000302e-01 -1.327389127773610016e+04
7.216000000000000192e-01 -1.327612118965333502e+04
7.217000000000000082e-01 -1.327834728739427010e+04
7.217999999999999972e-01 -1.328057229892422583e+04
7.218999999999999861e-01 -1.328279815449342277e+04
7.220000000000000862e-01 -1.328502613593318165e+04
7.221000000000000751e-01 -1.328725698825083418e+04
7.222000000000000641e-01 -1.328949100711541905e+04
7.223000000000000531e-01 -1.329172814149692204e+04
7.224000000000000421e-01 -1.329396846290698886e+04
7.225000000000000311e-01 -1.329621204990492515e+04
7.226000000000000201e-01 -1.329845819931870756e+04
7.227000000000000091e-01 -1.330070595193803820e+04
7.227999999999999980e-01 -1.330295444803320970e+04
7.228999999999999870e-01 -1.330520304253946051e+04
7.230000000000000870e-01 -1.330745131255705383e+04
7.231000000000000760e-01 -1.330969903937763593e+04
7.232000000000000650e-01 -1.331194641576367394e+04
7.233000000000000540e-01 -1.331419433294993905e+04
7.234000000000000430e-01 -1.331644299254650468e+04
7.235000000000000320e-01 -1.331869213273583046e+04
7.236000000000000210e-01 -1.332094054408238480e+04
7.237000000000000099e-01 -1.332318661132731359e+04
7.237999999999999989e-01 -1.332542984133206664e+04
7.238999999999999879e-01 -1.332767071718656007e+04
7.240000000000000879e-01 -1.332990992211175217e+04
7.241000000000000769e-01 -1.333214805508856261e+04
7.242000000000000659e-01 -1.333438556376187807e+04
7.243000000000000549e-01 -1.333662275900358873e+04
7.244000000000000439e-01 -1.333885984700080371e+04
7.245000000000000329e-01 -1.334109696767896276e+04
7.246000000000000218e-01 -1.334333426775206499e+04
7.247000000000000108e-01 -1.334557180675223390e+04
7.247999999999999998e-01 -1.334780957048725577e+04
7.248999999999999888e-01 -1.335004751803711406e+04
7.250000000000000888e-01 -1.335228559802200834e+04
7.251000000000000778e-01 -1.335452375463459975e+04
7.252000000000000668e-01 -1.335675010419019418e+04
7.253000000000000558e-01 -1.335894461430583760e+04
7.254000000000000448e-01 -1.336123200370604718e+04
7.255000000000000338e-01 -1.336352212413274356e+04
7.256000000000000227e-01 -1.336578224196076008e+04
7.257000000000000117e-01 -1.336801546242468066e+04
7.258000000000000007e-01 -1.337023226308060839e+04
7.258999999999999897e-01 -1.337244099790770997e+04
7.260000000000000897e-01 -1.337464650025891933e+04
7.261000000000000787e-01 -1.337685156227325569e+04
7.262000000000000677e-01 -1.337905771889407515e+04
7.263000000000000567e-01 -1.338126558754565849e+04
7.264000000000000457e-01 -1.338347446902141382e+04
7.265000000000000346e-01 -1.338568419221283330e+04
7.266000000000000236e-01 -1.338789504455100541e+04
7.267000000000000126e-01 -1.339010705940873595e+04
7.268000000000000016e-01 -1.339231938527014609e+04
7.268999999999999906e-01 -1.339453187781750967e+04
7.269999999999999796e-01 -1.339674475240945321e+04
7.271000000000000796e-01 -1.339895819271768960e+04
7.272000000000000686e-01 -1.340117233474382556e+04
7.273000000000000576e-01 -1.340338722849907208e+04
7.274000000000000465e-01 -1.340560279908548728e+04
7.275000000000000355e-01 -1.340781891234943032e+04
7.276000000000000245e-01 -1.341003494654750102e+04
7.277000000000000135e-01 -1.341224988338795083e+04
7.278000000000000025e-01 -1.341446099944893285e+04
7.278999999999999915e-01 -1.341666728375177809e+04
7.279999999999999805e-01 -1.341887025492548128e+04
7.281000000000000805e-01 -1.342107141754449185e+04
7.282000000000000695e-01 -1.342327366439200523e+04
7.283000000000000584e-01 -1.342547770455495083e+04
7.284000000000000474e-01 -1.342768335170635692e+04
7.285000000000000364e-01 -1.342988956222694833e+04
7.286000000000000254e-01 -1.343209513613463241e+04
7.287000000000000144e-01 -1.343430479159803872e+04
7.288000000000000034e-01 -1.343651814885484964e+04
7.288999999999999924e-01 -1.343873498886786001e+04
7.289999999999999813e-01 -1.344095382567366323e+04
7.291000000000000814e-01 -1.344317375318378799e+04
7.292000000000000703e-01 -1.344539439260612562e+04
7.293000000000000593e-01 -1.344759869629076638e+04
7.294000000000000483e-01 -1.344986302707207687e+04
7.295000000000000373e-01 -1.345216052300719275e+04
7.296000000000000263e-01 -1.345458843673262345e+04
7.297000000000000153e-01 -1.345713337570844305e+04
7.298000000000000043e-01 -1.345964380921651355e+04
7.298999999999999932e-01 -1.346207636150433063e+04
7.299999999999999822e-01 -1.346444389704501191e+04
7.301000000000000822e-01 -1.346675804017194423e+04
7.302000000000000712e-01 -1.346900226768474022e+04
7.303000000000000602e-01 -1.347118855741623156e+04
7.304000000000000492e-01 -1.347333509691116706e+04
7.305000000000000382e-01 -1.347545119753919971e+04
7.306000000000000272e-01 -1.347753875086942935e+04
7.307000000000000162e-01 -1.347960405923064354e+04
7.308000000000000052e-01 -1.348165369141591327e+04
7.308999999999999941e-01 -1.348369198932153267e+04
7.309999999999999831e-01 -1.348571596274095100e+04
7.311000000000000831e-01 -1.348773033170729832e+04
7.312000000000000721e-01 -1.348973780106883896e+04
7.313000000000000611e-01 -1.349173533951319587e+04
7.314000000000000501e-01 -1.349372867594518721e+04
7.315000000000000391e-01 -1.349572315553085900e+04
7.316000000000000281e-01 -1.349772108091835253e+04
7.317000000000000171e-01 -1.349972277825896526e+04
7.318000000000000060e-01 -1.350172860842646696e+04
7.318999999999999950e-01 -1.350373734832241462e+04
7.319999999999999840e-01 -1.350574555609130948e+04
7.321000000000000840e-01 -1.350775186789764848e+04
7.322000000000000730e-01 -1.350975592017859890e+04
7.323000000000000620e-01 -1.351175970623586727e+04
7.324000000000000510e-01 -1.351376386558469858e+04
7.325000000000000400e-01 -1.351576835543931338e+04
7.326000000000000290e-01 -1.351777333326145708e+04
7.327000000000000179e-01 -1.351977896672904717e+04
7.328000000000000069e-01 -1.352178346398476424e+04
7.328999999999999959e-01 -1.352378748984469712e+04
7.329999999999999849e-01 -1.352579118550206476e+04
7.331000000000000849e-01 -1.352779422790182434e+04
7.332000000000000739e-01 -1.352979514514794937e+04
7.333000000000000629e-01 -1.353179284405094768e+04
7.334000000000000519e-01 -1.353378586906602686e+04
7.335000000000000409e-01 -1.353577493208317537e+04
7.336000000000000298e-01 -1.353776093038695944e+04
7.337000000000000188e-01 -1.353974430475314875e+04
7.338000000000000078e-01 -1.354172465876173555e+04
7.338999999999999968e-01 -1.354370331762777823e+04
7.339999999999999858e-01 -1.354568084451028335e+04
7.341000000000000858e-01 -1.354765728781686630e+04
7.342000000000000748e-01 -1.354963260258073387e+04
7.343000000000000638e-01 -1.355160674204850147e+04
7.344000000000000528e-01 -1.355357967086477038e+04
7.345000000000000417e-01 -1.355555136362507073e+04
7.346000000000000307e-01 -1.355752180170774591e+04
7.347000000000000197e-01 -1.355949097071187862e+04
7.348000000000000087e-01 -1.356145893834808703e+04
7.348999999999999977e-01 -1.356342598463080321e+04
7.349999999999999867e-01 -1.356538937275633543e+04
7.351000000000000867e-01 -1.356735169318699809e+04
7.352000000000000757e-01 -1.356931298254776266e+04
7.353000000000000647e-01 -1.357127481539630207e+04
7.354000000000000536e-01 -1.357323726013004671e+04
7.355000000000000426e-01 -1.357520063246142308e+04
7.356000000000000316e-01 -1.357716445994557034e+04
7.357000000000000206e-01 -1.357912811095647885e+04
7.358000000000000096e-01 -1.358109494522500790e+04
7.358999999999999986e-01 -1.358307330401202489e+04
7.359999999999999876e-01 -1.358504876794726260e+04
7.361000000000000876e-01 -1.358701997132664292e+04
7.362000000000000766e-01 -1.358900381940671650e+04
7.363000000000000655e-01 -1.359100155193094906e+04
7.364000000000000545e-01 -1.359300475391738291e+04
7.365000000000000435e-01 -1.359501080878061111e+04
7.366000000000000325e-01 -1.359701859974270155e+04
7.367000000000000215e-01 -1.359902630953029075e+04
7.368000000000000105e-01 -1.360103257192164710e+04
7.368999999999999995e-01 -1.360303840958853471e+04
7.369999999999999885e-01 -1.360504661161319564e+04
7.371000000000000885e-01 -1.360705165488017155e+04
7.372000000000000774e-01 -1.360905129480894539e+04
7.373000000000000664e-01 -1.361104431802072577e+04
7.374000000000000554e-01 -1.361303410261344288e+04
7.375000000000000444e-01 -1.361502273768662235e+04
7.376000000000000334e-01 -1.361701135304202035e+04
7.377000000000000224e-01 -1.361900070314989534e+04
7.378000000000000114e-01 -1.362099135832717002e+04
7.379000000000000004e-01 -1.362298382910967666e+04
7.379999999999999893e-01 -1.362497927502710627e+04
7.381000000000000894e-01 -1.362697811743306556e+04
7.382000000000000783e-01 -1.362898089711320426e+04
7.383000000000000673e-01 -1.363098783440425541e+04
7.384000000000000563e-01 -1.363299484074512839e+04
7.385000000000000453e-01 -1.363499908891469931e+04
7.386000000000000343e-01 -1.363699909895618111e+04
7.387000000000000233e-01 -1.363899766670146164e+04
7.388000000000000123e-01 -1.364099513446007040e+04
7.389000000000000012e-01 -1.364298631598175052e+04
7.389999999999999902e-01 -1.364498049065416853e+04
7.391000000000000902e-01 -1.364697757277783239e+04
7.392000000000000792e-01 -1.364897503032423447e+04
7.393000000000000682e-01 -1.365096702632391862e+04
7.394000000000000572e-01 -1.365295054667846307e+04
7.395000000000000462e-01 -1.365492659730959349e+04
7.396000000000000352e-01 -1.365690391356806867e+04
7.397000000000000242e-01 -1.365889559410462971e+04
7.398000000000000131e-01 -1.366089415149895467e+04
7.399000000000000021e-01 -1.366288151447050222e+04
7.399999999999999911e-01 -1.366485292764158112e+04
7.400999999999999801e-01 -1.366681592543135957e+04
7.402000000000000801e-01 -1.366877588808197288e+04
7.403000000000000691e-01 -1.367073567013992579e+04
7.404000000000000581e-01 -1.367269424936268661e+04
7.405000000000000471e-01 -1.367464968608913659e+04
7.406000000000000361e-01 -1.367660136167982455e+04
7.407000000000000250e-01 -1.367855057973536896e+04
7.408000000000000140e-01 -1.368050032761051261e+04
7.409000000000000030e-01 -1.368245307826399039e+04
7.409999999999999920e-01 -1.368440981975283466e+04
7.410999999999999810e-01 -1.368636988454397579e+04
7.412000000000000810e-01 -1.368833179657305482e+04
7.413000000000000700e-01 -1.369029501256055664e+04
7.414000000000000590e-01 -1.369225917880865200e+04
7.415000000000000480e-01 -1.369422371661475154e+04
7.416000000000000369e-01 -1.369618764118317631e+04
7.417000000000000259e-01 -1.369814976391854361e+04
7.418000000000000149e-01 -1.370010904432239295e+04
7.419000000000000039e-01 -1.370206482554493414e+04
7.419999999999999929e-01 -1.370401686525738660e+04
7.420999999999999819e-01 -1.370596521722149737e+04
7.422000000000000819e-01 -1.370791006057373488e+04
7.423000000000000709e-01 -1.370985153711939165e+04
7.424000000000000599e-01 -1.371178958724980112e+04
7.425000000000000488e-01 -1.371372371105439561e+04
7.426000000000000378e-01 -1.371565111350095503e+04
7.427000000000000268e-01 -1.371756223036083429e+04
7.428000000000000158e-01 -1.371944656289332124e+04
7.429000000000000048e-01 -1.372116084473631417e+04
7.429999999999999938e-01 -1.372258756537266527e+04
7.430999999999999828e-01 -1.372381521729790620e+04
7.432000000000000828e-01 -1.372498280342326507e+04
7.433000000000000718e-01 -1.372613778543412809e+04
7.434000000000000608e-01 -1.372723465673498140e+04
7.435000000000000497e-01 -1.372821364766687293e+04
7.436000000000000387e-01 -1.372903969455600054e+04
7.437000000000000277e-01 -1.372969926409024083e+04
7.438000000000000167e-01 -1.373017870026638411e+04
7.439000000000000057e-01 -1.373045681519165373e+04
7.439999999999999947e-01 -1.373054804558261640e+04
7.440999999999999837e-01 -1.373046979133155764e+04
7.442000000000000837e-01 -1.373020795840987375e+04
7.443000000000000727e-01 -1.372973879230488456e+04
7.444000000000000616e-01 -1.372908219070031191e+04
7.445000000000000506e-01 -1.372821754194517234e+04
7.446000000000000396e-01 -1.372718785230155117e+04
7.447000000000000286e-01 -1.372615155255338505e+04
7.448000000000000176e-01 -1.372498745281569609e+04
7.449000000000000066e-01 -1.372383752848510449e+04
7.449999999999999956e-01 -1.372306337048993373e+04
7.450999999999999845e-01 -1.372271820746543381e+04
7.452000000000000846e-01 -1.372273279870831357e+04
7.453000000000000735e-01 -1.372313185689852799e+04
7.454000000000000625e-01 -1.372389120072031437e+04
7.455000000000000515e-01 -1.372504004288411488e+04
7.456000000000000405e-01 -1.372665192631671198e+04
7.457000000000000295e-01 -1.372865969841126753e+04
7.458000000000000185e-01 -1.373086330367579831e+04
7.459000000000000075e-01 -1.373311164160457702e+04
7.459999999999999964e-01 -1.373532404394745208e+04
7.460999999999999854e-01 -1.373743081934776455e+04
7.462000000000000854e-01 -1.373942712423418743e+04
7.463000000000000744e-01 -1.374137812663708974e+04
7.464000000000000634e-01 -1.374328254632932112e+04
7.465000000000000524e-01 -1.374519475694488392e+04
7.466000000000000414e-01 -1.374714992122819604e+04
7.467000000000000304e-01 -1.374920161345859924e+04
7.468000000000000194e-01 -1.375139437199584609e+04
7.469000000000000083e-01 -1.375361188935367863e+04
7.469999999999999973e-01 -1.375578653611749360e+04
7.470999999999999863e-01 -1.375788741721761653e+04
7.472000000000000863e-01 -1.375988171338368375e+04
7.473000000000000753e-01 -1.376178387829674648e+04
7.474000000000000643e-01 -1.376362686258431313e+04
7.475000000000000533e-01 -1.376534994672898938e+04
7.476000000000000423e-01 -1.376701135168000837e+04
7.477000000000000313e-01 -1.376869415507092890e+04
7.478000000000000203e-01 -1.377044714596102858e+04
7.479000000000000092e-01 -1.377229104927933986e+04
7.479999999999999982e-01 -1.377421957418608872e+04
7.480999999999999872e-01 -1.377621223584810105e+04
7.482000000000000872e-01 -1.377825245374317456e+04
7.483000000000000762e-01 -1.378031388321218947e+04
7.484000000000000652e-01 -1.378237315941045381e+04
7.485000000000000542e-01 -1.378442356915640266e+04
7.486000000000000432e-01 -1.378646827478536397e+04
7.487000000000000322e-01 -1.378850496977785224e+04
7.488000000000000211e-01 -1.379053556818870857e+04
7.489000000000000101e-01 -1.379255978536245857e+04
7.489999999999999991e-01 -1.379458022566581712e+04
7.490999999999999881e-01 -1.379659122713675788e+04
7.492000000000000881e-01 -1.379860059234720211e+04
7.493000000000000771e-01 -1.380059923883842384e+04
7.494000000000000661e-01 -1.380259620568557330e+04
7.495000000000000551e-01 -1.380459208052165559e+04
7.496000000000000441e-01 -1.380658823747685710e+04
7.497000000000000330e-01 -1.380858600832529009e+04
7.498000000000000220e-01 -1.381058274199057269e+04
7.499000000000000110e-01 -1.381258597835241562e+04
7.500000000000000000e-01 -1.381459574829545090e+04
7.500999999999999890e-01 -1.381835013418854760e+04
7.502000000000000890e-01 -1.382353004966452500e+04
7.503000000000000780e-01 -1.382950357464360604e+04
7.504000000000000670e-01 -1.383604271730688015e+04
7.505000000000000560e-01 -1.384319068412597335e+04
7.506000000000000449e-01 -1.385103387000074690e+04
7.507000000000000339e-01 -1.385965863967284713e+04
7.508000000000000229e-01 -1.386883006567648408e+04
7.509000000000000119e-01 -1.387853417573435399e+04
7.510000000000000009e-01 -1.388864442962967223e+04
7.510999999999999899e-01 -1.389875491593201514e+04
7.512000000000000899e-01 -1.390588639410306132e+04
7.513000000000000789e-01 -1.390989268690826793e+04
7.514000000000000679e-01 -1.391211732486026267e+04
7.515000000000000568e-01 -1.391342421168726651e+04
7.516000000000000458e-01 -1.391428747175129683e+04
7.517000000000000348e-01 -1.391504676584756089e+04
7.518000000000000238e-01 -1.391556374927948855e+04
7.519000000000000128e-01 -1.391631822464880861e+04
7.520000000000000018e-01 -1.391826208362013131e+04
7.520999999999999908e-01 -1.392055042290941310e+04
7.522000000000000908e-01 -1.392291572178608476e+04
7.523000000000000798e-01 -1.392535467972887272e+04
7.524000000000000687e-01 -1.392739748665451953e+04
7.525000000000000577e-01 -1.392905355303239412e+04
7.526000000000000467e-01 -1.393043528497378975e+04
7.527000000000000357e-01 -1.393162074882886009e+04
7.528000000000000247e-01 -1.393266937998440335e+04
7.529000000000000137e-01 -1.393361448430023484e+04
7.530000000000000027e-01 -1.393440718927973830e+04
7.530999999999999917e-01 -1.393505491170049390e+04
7.531999999999999806e-01 -1.393559918373038272e+04
7.533000000000000806e-01 -1.393608224244186749e+04
7.534000000000000696e-01 -1.393651204363047873e+04
7.535000000000000586e-01 -1.393685295240161940e+04
7.536000000000000476e-01 -1.393705638719379203e+04
7.537000000000000366e-01 -1.393707723506883849e+04
7.538000000000000256e-01 -1.393689988556762182e+04
7.539000000000000146e-01 -1.393655663547770928e+04
7.540000000000000036e-01 -1.393610102550588817e+04
7.540999999999999925e-01 -1.393549154238324445e+04
7.541999999999999815e-01 -1.393473816357736359e+04
7.543000000000000815e-01 -1.393382601163905019e+04
7.544000000000000705e-01 -1.393277396489607963e+04
7.545000000000000595e-01 -1.393165613391105398e+04
7.546000000000000485e-01 -1.393052079866224631e+04
7.547000000000000375e-01 -1.392951760987023954e+04
7.548000000000000265e-01 -1.392899606561388828e+04
7.549000000000000155e-01 -1.392906453010073710e+04
7.550000000000000044e-01 -1.392968091310924137e+04
7.550999999999999934e-01 -1.393075286116517054e+04
7.551999999999999824e-01 -1.393216932943748361e+04
7.553000000000000824e-01 -1.393390958794906146e+04
7.554000000000000714e-01 -1.393598062801392734e+04
7.555000000000000604e-01 -1.393825010228118481e+04
7.556000000000000494e-01 -1.394057862722485697e+04
7.557000000000000384e-01 -1.394285618940958557e+04
7.558000000000000274e-01 -1.394503633908548363e+04
7.559000000000000163e-01 -1.394713021803670563e+04
7.560000000000000053e-01 -1.394913089060169841e+04
7.560999999999999943e-01 -1.395103685034973023e+04
7.561999999999999833e-01 -1.395287232356486129e+04
7.563000000000000833e-01 -1.395470003031167653e+04
7.564000000000000723e-01 -1.395662512179337136e+04
7.565000000000000613e-01 -1.395877010259137023e+04
7.566000000000000503e-01 -1.396101135192757829e+04
7.567000000000000393e-01 -1.396323315812203873e+04
7.568000000000000282e-01 -1.396538575961416245e+04
7.569000000000000172e-01 -1.396746334942138128e+04
7.570000000000000062e-01 -1.396949561850216014e+04
7.570999999999999952e-01 -1.397149480094435603e+04
7.571999999999999842e-01 -1.397346124635617707e+04
7.573000000000000842e-01 -1.397539524252650517e+04
7.574000000000000732e-01 -1.397730556246465676e+04
7.575000000000000622e-01 -1.397921783750198665e+04
7.576000000000000512e-01 -1.398114726385251015e+04
7.577000000000000401e-01 -1.398309553942609273e+04
7.578000000000000291e-01 -1.398506633257517387e+04
7.579000000000000181e-01 -1.398705637564825702e+04
7.580000000000000071e-01 -1.398908174121326010e+04
7.580999999999999961e-01 -1.399114947467653474e+04
7.581999999999999851e-01 -1.399324277473712937e+04
7.583000000000000851e-01 -1.399534537806998742e+04
7.584000000000000741e-01 -1.399744715973490747e+04
7.585000000000000631e-01 -1.399954233637256766e+04
7.586000000000000520e-01 -1.400163129413831120e+04
7.587000000000000410e-01 -1.400371653386826074e+04
7.588000000000000300e-01 -1.400578500927646382e+04
7.589000000000000190e-01 -1.400784260304147756e+04
7.590000000000000080e-01 -1.400989357234607087e+04
7.590999999999999970e-01 -1.401194047430680075e+04
7.591999999999999860e-01 -1.401398494673419737e+04
7.593000000000000860e-01 -1.401602798167265246e+04
7.594000000000000750e-01 -1.401807057863513000e+04
7.595000000000000639e-01 -1.402011885012471976e+04
7.596000000000000529e-01 -1.402217402624162605e+04
7.597000000000000419e-01 -1.402422927083254035e+04
7.598000000000000309e-01 -1.402628377271530917e+04
7.599000000000000199e-01 -1.402833889408440518e+04
7.600000000000000089e-01 -1.403039531090964920e+04
7.600999999999999979e-01 -1.403246702001906306e+04
7.601999999999999869e-01 -1.403458692162498664e+04
7.603000000000000869e-01 -1.403675855542758654e+04
7.604000000000000759e-01 -1.403897128655412598e+04
7.605000000000000648e-01 -1.404122166441532863e+04
7.606000000000000538e-01 -1.404349963117400330e+04
7.607000000000000428e-01 -1.404579608686596475e+04
7.608000000000000318e-01 -1.404810628776927479e+04
7.609000000000000208e-01 -1.405042716605519308e+04
7.610000000000000098e-01 -1.405275616568485020e+04
7.610999999999999988e-01 -1.405509094095373257e+04
7.611999999999999877e-01 -1.405742826257607885e+04
7.613000000000000878e-01 -1.405976437890607303e+04
7.614000000000000767e-01 -1.406209919417556739e+04
7.615000000000000657e-01 -1.406443231147747247e+04
7.616000000000000547e-01 -1.406676393000959433e+04
7.617000000000000437e-01 -1.406909555403944069e+04
7.618000000000000327e-01 -1.407143108844363451e+04
7.619000000000000217e-01 -1.407377204056143091e+04
7.620000000000000107e-01 -1.407611820454177359e+04
7.620999999999999996e-01 -1.407846853417074635e+04
7.621999999999999886e-01 -1.408081854031004332e+04
7.623000000000000886e-01 -1.408316686617585765e+04
7.624000000000000776e-01 -1.408551448994932798e+04
7.625000000000000666e-01 -1.408786200321404613e+04
7.626000000000000556e-01 -1.409020950307479143e+04
7.627000000000000446e-01 -1.409255334392723125e+04
7.628000000000000336e-01 -1.409489710227238356e+04
7.629000000000000226e-01 -1.409724460304358763e+04
7.630000000000000115e-01 -1.409959285722424829e+04
7.631000000000000005e-01 -1.410194048112733435e+04
7.631999999999999895e-01 -1.410428706465422511e+04
7.633000000000000895e-01 -1.410663203379504557e+04
7.634000000000000785e-01 -1.410897496678047901e+04
7.635000000000000675e-01 -1.411132028828488910e+04
7.636000000000000565e-01 -1.411366677929118850e+04
7.637000000000000455e-01 -1.411601176306032539e+04
7.638000000000000345e-01 -1.411836114005411582e+04
7.639000000000000234e-01 -1.412071536636767087e+04
7.640000000000000124e-01 -1.412307684398094352e+04
7.641000000000000014e-01 -1.412544607529514360e+04
7.641999999999999904e-01 -1.412782248312909178e+04
7.643000000000000904e-01 -1.413020540286765572e+04
7.644000000000000794e-01 -1.413259436239622119e+04
7.645000000000000684e-01 -1.413498851434159405e+04
7.646000000000000574e-01 -1.413738609504053238e+04
7.647000000000000464e-01 -1.413979069698804960e+04
7.648000000000000353e-01 -1.414220198770587740e+04
7.649000000000000243e-01 -1.414461791889615233e+04
7.650000000000000133e-01 -1.414703821019590578e+04
7.651000000000000023e-01 -1.414946297864257394e+04
7.651999999999999913e-01 -1.415189187809983923e+04
7.653000000000000913e-01 -1.415432538874025886e+04
7.654000000000000803e-01 -1.415676452170547964e+04
7.655000000000000693e-01 -1.415921158924772863e+04
7.656000000000000583e-01 -1.416167184618704050e+04
7.657000000000000473e-01 -1.416415064297097342e+04
7.658000000000000362e-01 -1.416664924741038340e+04
7.659000000000000252e-01 -1.416916649793157376e+04
7.660000000000000142e-01 -1.417170091285572016e+04
7.661000000000000032e-01 -1.417425162579288735e+04
7.661999999999999922e-01 -1.417681793877325799e+04
7.663000000000000922e-01 -1.417939934331795848e+04
7.664000000000000812e-01 -1.418199561982269188e+04
7.665000000000000702e-01 -1.418460753105211370e+04
7.666000000000000592e-01 -1.418723333709441249e+04
7.667000000000000481e-01 -1.418987321647030330e+04
7.668000000000000371e-01 -1.419252877832513332e+04
7.669000000000000261e-01 -1.419520081194966951e+04
7.670000000000000151e-01 -1.419788950710312201e+04
7.671000000000000041e-01 -1.420059565550123807e+04
7.671999999999999931e-01 -1.420332180604764835e+04
7.672999999999999821e-01 -1.420607912424125425e+04
7.674000000000000821e-01 -1.420888601849363840e+04
7.675000000000000711e-01 -1.421176499352748942e+04
7.676000000000000600e-01 -1.421472820449943538e+04
7.677000000000000490e-01 -1.421777472266585028e+04
7.678000000000000380e-01 -1.422090429571469940e+04
7.679000000000000270e-01 -1.422412980214152412e+04
7.680000000000000160e-01 -1.422746290778374896e+04
7.681000000000000050e-01 -1.423091179538927099e+04
7.681999999999999940e-01 -1.423448559694083997e+04
7.682999999999999829e-01 -1.423820620501495068e+04
7.684000000000000830e-01 -1.424210519213159205e+04
7.685000000000000719e-01 -1.424621336777587567e+04
7.686000000000000609e-01 -1.425054308700709225e+04
7.687000000000000499e-01 -1.425517120991056436e+04
7.688000000000000389e-01 -1.426016573548561792e+04
7.689000000000000279e-01 -1.426556176981392491e+04
7.690000000000000169e-01 -1.427140734368640005e+04
7.691000000000000059e-01 -1.427762706472969512e+04
7.691999999999999948e-01 -1.428405081134688044e+04
7.692999999999999838e-01 -1.428901775701161932e+04
7.694000000000000838e-01 -1.429185305128290202e+04
7.695000000000000728e-01 -1.429358949033922909e+04
7.696000000000000618e-01 -1.429515355801511578e+04
7.697000000000000508e-01 -1.429720191283551685e+04
7.698000000000000398e-01 -1.429957788909770534e+04
7.699000000000000288e-01 -1.430183645968001656e+04
7.700000000000000178e-01 -1.430393929451217446e+04
7.701000000000000068e-01 -1.430596324324609850e+04
7.701999999999999957e-01 -1.430798033841731740e+04
7.702999999999999847e-01 -1.431003762007531441e+04
7.704000000000000847e-01 -1.431215941255991129e+04
7.705000000000000737e-01 -1.431435090776358084e+04
7.706000000000000627e-01 -1.431660324680191297e+04
7.707000000000000517e-01 -1.431889967738025734e+04
7.708000000000000407e-01 -1.432121827678637965e+04
7.709000000000000297e-01 -1.432353921653038742e+04
7.710000000000000187e-01 -1.432584879914823978e+04
7.711000000000000076e-01 -1.432814125537893233e+04
7.711999999999999966e-01 -1.433042167396063269e+04
7.712999999999999856e-01 -1.433270775797849819e+04
7.714000000000000856e-01 -1.433500395629268314e+04
7.715000000000000746e-01 -1.433731047655525799e+04
7.716000000000000636e-01 -1.433961511266126217e+04
7.717000000000000526e-01 -1.434190640711085871e+04
7.718000000000000416e-01 -1.434418760194109927e+04
7.719000000000000306e-01 -1.434644892445158985e+04
7.720000000000000195e-01 -1.434869743828694118e+04
7.721000000000000085e-01 -1.435094193901544713e+04
7.721999999999999975e-01 -1.435318950796024546e+04
7.722999999999999865e-01 -1.435544248490378595e+04
7.724000000000000865e-01 -1.435770029759198951e+04
7.725000000000000755e-01 -1.435996153447456891e+04
7.726000000000000645e-01 -1.436222493384275731e+04
7.727000000000000535e-01 -1.436448985990898109e+04
7.728000000000000425e-01 -1.436675593427709464e+04
7.729000000000000314e-01 -1.436902308417172026e+04
7.730000000000000204e-01 -1.437129085297275014e+04
7.731000000000000094e-01 -1.437355889098115404e+04
7.731999999999999984e-01 -1.437582712525335046e+04
7.732999999999999874e-01 -1.437809546296877488e+04
7.734000000000000874e-01 -1.438036386966345344e+04
7.735000000000000764e-01 -1.438263268307953695e+04
7.736000000000000654e-01 -1.438490222524171986e+04
7.737000000000000544e-01 -1.438717255045306229e+04
7.738000000000000433e-01 -1.438944360854580191e+04
7.739000000000000323e-01 -1.439171533092778191e+04
7.740000000000000213e-01 -1.439398765695093607e+04
7.741000000000000103e-01 -1.439626053587459319e+04
7.741999999999999993e-01 -1.439853392178179820e+04
7.742999999999999883e-01 -1.440080776844778120e+04
7.744000000000000883e-01 -1.440308202626387720e+04
7.745000000000000773e-01 -1.440535664147267744e+04
7.746000000000000663e-01 -1.440763155738384739e+04
7.747000000000000552e-01 -1.440990657863376509e+04
7.748000000000000442e-01 -1.441218123492150153e+04
7.749000000000000332e-01 -1.441445541551859060e+04
7.750000000000000222e-01 -1.441672836304090742e+04
7.751000000000000112e-01 -1.441900051246287512e+04
7.752000000000000002e-01 -1.442127295350480381e+04
7.752999999999999892e-01 -1.442354623289467963e+04
7.754000000000000892e-01 -1.442582041830414710e+04
7.755000000000000782e-01 -1.442809543802184453e+04
7.756000000000000671e-01 -1.443037121350808775e+04
7.757000000000000561e-01 -1.443264768793603071e+04
7.758000000000000451e-01 -1.443492482557785661e+04
7.759000000000000341e-01 -1.443720260478162345e+04
7.760000000000000231e-01 -1.443948101128197595e+04
7.761000000000000121e-01 -1.444176003332228174e+04
7.762000000000000011e-01 -1.444403965849320412e+04
7.762999999999999901e-01 -1.444631987724380451e+04
7.764000000000000901e-01 -1.444860241446676991e+04
7.765000000000000790e-01 -1.445088827512515491e+04
7.766000000000000680e-01 -1.445317407531757271e+04
7.767000000000000570e-01 -1.445545846566638647e+04
7.768000000000000460e-01 -1.445774139920340531e+04
7.769000000000000350e-01 -1.446002318108423970e+04
7.770000000000000240e-01 -1.446230415285296112e+04
7.771000000000000130e-01 -1.446458460686210674e+04
7.772000000000000020e-01 -1.446686522921026335e+04
7.772999999999999909e-01 -1.446914524756147694e+04
7.774000000000000909e-01 -1.447142289351913314e+04
7.775000000000000799e-01 -1.447369763232533478e+04
7.776000000000000689e-01 -1.447596994300589176e+04
7.777000000000000579e-01 -1.447824045548782124e+04
7.778000000000000469e-01 -1.448050968517818001e+04
7.779000000000000359e-01 -1.448277675298836402e+04
7.780000000000000249e-01 -1.448504443147544043e+04
7.781000000000000139e-01 -1.448755892038908496e+04
7.782000000000000028e-01 -1.449029033577424525e+04
7.782999999999999918e-01 -1.449311773899246691e+04
7.784000000000000918e-01 -1.449628279529521569e+04
7.785000000000000808e-01 -1.449941153109558763e+04
7.786000000000000698e-01 -1.450236057110211186e+04
7.787000000000000588e-01 -1.450512937207805953e+04
7.788000000000000478e-01 -1.450775507541630213e+04
7.789000000000000368e-01 -1.451027857122715977e+04
7.790000000000000258e-01 -1.451272894412957794e+04
7.791000000000000147e-01 -1.451521150894091807e+04
7.792000000000000037e-01 -1.451776138066028761e+04
7.792999999999999927e-01 -1.452027399061222422e+04
7.794000000000000927e-01 -1.452271233819265581e+04
7.795000000000000817e-01 -1.452509265525493174e+04
7.796000000000000707e-01 -1.452757987705278902e+04
7.797000000000000597e-01 -1.453008988313146619e+04
7.798000000000000487e-01 -1.453252303429341009e+04
7.799000000000000377e-01 -1.453489762237734794e+04
7.800000000000000266e-01 -1.453723516143782217e+04
7.801000000000000156e-01 -1.453953392760389215e+04
7.802000000000000046e-01 -1.454177467421713845e+04
7.802999999999999936e-01 -1.454396231932751652e+04
7.803999999999999826e-01 -1.454610823217211873e+04
7.805000000000000826e-01 -1.454822304393407103e+04
7.806000000000000716e-01 -1.455031286221991104e+04
7.807000000000000606e-01 -1.455238367456450214e+04
7.808000000000000496e-01 -1.455444081188094060e+04
7.809000000000000385e-01 -1.455648795621891077e+04
7.810000000000000275e-01 -1.455852837879929939e+04
7.811000000000000165e-01 -1.456056296798961375e+04
7.812000000000000055e-01 -1.456258749130933757e+04
7.812999999999999945e-01 -1.456460812894314586e+04
7.813999999999999835e-01 -1.456662876917154244e+04
7.815000000000000835e-01 -1.456864847391450894e+04
7.816000000000000725e-01 -1.457066736363275777e+04
7.817000000000000615e-01 -1.457268533301102798e+04
7.818000000000000504e-01 -1.457470150812333668e+04
7.819000000000000394e-01 -1.457671336181260449e+04
7.820000000000000284e-01 -1.457871982637811561e+04
7.821000000000000174e-01 -1.458072446016526555e+04
7.822000000000000064e-01 -1.458272635418512436e+04
7.822999999999999954e-01 -1.458472523820458446e+04
7.823999999999999844e-01 -1.458672163081041253e+04
7.825000000000000844e-01 -1.458871618924112954e+04
7.826000000000000734e-01 -1.459070948312294058e+04
7.827000000000000624e-01 -1.459270191970957603e+04
7.828000000000000513e-01 -1.459469385811474240e+04
7.829000000000000403e-01 -1.459668835567667884e+04
7.830000000000000293e-01 -1.459868537194711462e+04
7.831000000000000183e-01 -1.460068330992745905e+04
7.832000000000000073e-01 -1.460268145489999733e+04
7.832999999999999963e-01 -1.460467630178994659e+04
7.833999999999999853e-01 -1.460667096912952366e+04
7.835000000000000853e-01 -1.460866787225899134e+04
7.836000000000000743e-01 -1.461066469000847428e+04
7.837000000000000632e-01 -1.461266063994740398e+04
7.838000000000000522e-01 -1.461465470819234906e+04
7.839000000000000412e-01 -1.461664760119502716e+04
7.840000000000000302e-01 -1.461863750156820970e+04
7.841000000000000192e-01 -1.462062399810009993e+04
7.842000000000000082e-01 -1.462260776281640028e+04
7.842999999999999972e-01 -1.462458923697507817e+04
7.843999999999999861e-01 -1.462656878075239547e+04
7.845000000000000862e-01 -1.462854805483182463e+04
7.846000000000000751e-01 -1.463052417194198642e+04
7.847000000000000641e-01 -1.463249776126228608e+04
7.848000000000000531e-01 -1.463446956288477122e+04
7.849000000000000421e-01 -1.463643987997452314e+04
7.850000000000000311e-01 -1.463840885569796774e+04
7.851000000000000201e-01 -1.464037657113640307e+04
7.852000000000000091e-01 -1.464234308247081026e+04
7.852999999999999980e-01 -1.464430843269087563e+04
7.853999999999999870e-01 -1.464627425885471166e+04
7.855000000000000870e-01 -1.464824217412384314e+04
7.856000000000000760e-01 -1.465021190959821615e+04
7.857000000000000650e-01 -1.465230557584404414e+04
7.858000000000000540e-01 -1.465503941180546826e+04
7.859000000000000430e-01 -1.465786027908686265e+04
7.860000000000000320e-01 -1.466045577350186068e+04
7.861000000000000210e-01 -1.466285609456082784e+04
7.862000000000000099e-01 -1.466512609746185444e+04
7.862999999999999989e-01 -1.466733853994707351e+04
7.863999999999999879e-01 -1.467019211444415487e+04
7.865000000000000879e-01 -1.467327626507527748e+04
7.866000000000000769e-01 -1.467611582471630936e+04
7.867000000000000659e-01 -1.467871044527342565e+04
7.868000000000000549e-01 -1.468113488186564427e+04
7.869000000000000439e-01 -1.468344222024709961e+04
7.870000000000000329e-01 -1.468566486524149514e+04
7.871000000000000218e-01 -1.468782119426569261e+04
7.872000000000000108e-01 -1.468992356436980663e+04
7.872999999999999998e-01 -1.469198175728081878e+04
7.873999999999999888e-01 -1.469400440248894665e+04
7.875000000000000888e-01 -1.469599862050773663e+04
7.876000000000000778e-01 -1.469797022605972779e+04
7.877000000000000668e-01 -1.469992563750380941e+04
7.878000000000000558e-01 -1.470186918560450977e+04
7.879000000000000448e-01 -1.470380059380924649e+04
7.880000000000000338e-01 -1.470572399380442766e+04
7.881000000000000227e-01 -1.470764242362436744e+04
7.882000000000000117e-01 -1.470955520237478231e+04
7.883000000000000007e-01 -1.471145891146150825e+04
7.883999999999999897e-01 -1.471335399790293195e+04
7.885000000000000897e-01 -1.471524211827097315e+04
7.886000000000000787e-01 -1.471712429435943341e+04
7.887000000000000677e-01 -1.471900107147878043e+04
7.888000000000000567e-01 -1.472087321976061685e+04
7.889000000000000457e-01 -1.472274110258171095e+04
7.890000000000000346e-01 -1.472460477050668669e+04
7.891000000000000236e-01 -1.472646408512221569e+04
7.892000000000000126e-01 -1.472831997360737660e+04
7.893000000000000016e-01 -1.473018320123211743e+04
7.893999999999999906e-01 -1.473205069330981678e+04
7.895000000000000906e-01 -1.473391224227161729e+04
7.896000000000000796e-01 -1.473576010033947387e+04
7.897000000000000686e-01 -1.473759238566770728e+04
7.898000000000000576e-01 -1.473940968803139913e+04
7.899000000000000465e-01 -1.474123307750162712e+04
7.900000000000000355e-01 -1.474304977968177809e+04
7.901000000000000245e-01 -1.474486838874843852e+04
7.902000000000000135e-01 -1.474675041287125350e+04
7.903000000000000025e-01 -1.474874632808876959e+04
7.903999999999999915e-01 -1.475077724920668516e+04
7.905000000000000915e-01 -1.475274672321749313e+04
7.906000000000000805e-01 -1.475462724941805209e+04
7.907000000000000695e-01 -1.475643085132862871e+04
7.908000000000000584e-01 -1.475818739150227520e+04
7.909000000000000474e-01 -1.475992630631385327e+04
7.910000000000000364e-01 -1.476166803674786752e+04
7.911000000000000254e-01 -1.476344056318248113e+04
7.912000000000000144e-01 -1.476531589670959329e+04
7.913000000000000034e-01 -1.476731124001471107e+04
7.913999999999999924e-01 -1.476937661943564490e+04
7.915000000000000924e-01 -1.477144261070755419e+04
7.916000000000000814e-01 -1.477345784902593368e+04
7.917000000000000703e-01 -1.477540947800248250e+04
7.918000000000000593e-01 -1.477731356891131873e+04
7.919000000000000483e-01 -1.477920171106110320e+04
7.920000000000000373e-01 -1.478110224016248867e+04
7.921000000000000263e-01 -1.478302452841387822e+04
7.922000000000000153e-01 -1.478495739807671089e+04
7.923000000000000043e-01 -1.478687513896415658e+04
7.923999999999999932e-01 -1.478875872712165437e+04
7.925000000000000933e-01 -1.479060012515805465e+04
7.926000000000000822e-01 -1.479239036830167061e+04
7.927000000000000712e-01 -1.479411231202446288e+04
7.928000000000000602e-01 -1.479574157154944442e+04
7.929000000000000492e-01 -1.479725102022478313e+04
7.930000000000000382e-01 -1.479861516065067553e+04
7.931000000000000272e-01 -1.479980964723359102e+04
7.932000000000000162e-01 -1.480080947747782739e+04
7.933000000000000052e-01 -1.480158977254328784e+04
7.933999999999999941e-01 -1.480213732776669713e+04
7.934999999999999831e-01 -1.480245965880979384e+04
7.936000000000000831e-01 -1.480255876903804347e+04
7.937000000000000721e-01 -1.480241781652640020e+04
7.938000000000000611e-01 -1.480202093019178392e+04
7.939000000000000501e-01 -1.480137138253248486e+04
7.940000000000000391e-01 -1.480054804784753833e+04
7.941000000000000281e-01 -1.479958414652242573e+04
7.942000000000000171e-01 -1.479848669483797858e+04
7.943000000000000060e-01 -1.479724559426650922e+04
7.943999999999999950e-01 -1.479591593406569518e+04
7.944999999999999840e-01 -1.479460562019456120e+04
7.946000000000000840e-01 -1.479331150950429219e+04
7.947000000000000730e-01 -1.479211906170101793e+04
7.948000000000000620e-01 -1.479155771819729307e+04
7.949000000000000510e-01 -1.479192646155682814e+04
7.950000000000000400e-01 -1.479303536513848485e+04
7.951000000000000290e-01 -1.479458426769250400e+04
7.952000000000000179e-01 -1.479635866339916356e+04
7.953000000000000069e-01 -1.479832332968027549e+04
7.953999999999999959e-01 -1.480041470031267090e+04
7.954999999999999849e-01 -1.480255970039131535e+04
7.956000000000000849e-01 -1.480474217696759115e+04
7.957000000000000739e-01 -1.480692069171862386e+04
7.958000000000000629e-01 -1.480903587763694850e+04
7.959000000000000519e-01 -1.481103695946156768e+04
7.960000000000000409e-01 -1.481301874161231353e+04
7.961000000000000298e-01 -1.481498459169477974e+04
7.962000000000000188e-01 -1.481694373646657914e+04
7.963000000000000078e-01 -1.481890472229420993e+04
7.963999999999999968e-01 -1.482090329943651886e+04
7.964999999999999858e-01 -1.482306340125856514e+04
7.966000000000000858e-01 -1.482538387421899097e+04
7.967000000000000748e-01 -1.482772045699957562e+04
7.968000000000000638e-01 -1.482999492930064298e+04
7.969000000000000528e-01 -1.483218355535838600e+04
7.970000000000000417e-01 -1.483429497394483224e+04
7.971000000000000307e-01 -1.483635105262088473e+04
7.972000000000000197e-01 -1.483836689286792534e+04
7.973000000000000087e-01 -1.484035816899424754e+04
7.973999999999999977e-01 -1.484233763914701740e+04
7.974999999999999867e-01 -1.484429875400345554e+04
7.976000000000000867e-01 -1.484622329615277704e+04
7.977000000000000757e-01 -1.484812504764327969e+04
7.978000000000000647e-01 -1.485001400191100583e+04
7.979000000000000536e-01 -1.485189784640088692e+04
7.980000000000000426e-01 -1.485379075819331956e+04
7.981000000000000316e-01 -1.485571067629543541e+04
7.982000000000000206e-01 -1.485764382560932972e+04
7.983000000000000096e-01 -1.485959430561437694e+04
7.983999999999999986e-01 -1.486155667235319379e+04
7.984999999999999876e-01 -1.486352972115794546e+04
7.986000000000000876e-01 -1.486552192032514358e+04
7.987000000000000766e-01 -1.486753833502362977e+04
7.988000000000000655e-01 -1.486957036908044574e+04
7.989000000000000545e-01 -1.487161372589050734e+04
7.990000000000000435e-01 -1.487366451907746159e+04
7.991000000000000325e-01 -1.487571269695300907e+04
7.992000000000000215e-01 -1.487776201340160151e+04
7.993000000000000105e-01 -1.487981206998675771e+04
7.993999999999999995e-01 -1.488186397552757626e+04
7.994999999999999885e-01 -1.488391845199855379e+04
7.996000000000000885e-01 -1.488596498680071454e+04
7.997000000000000774e-01 -1.488800937369342500e+04
7.998000000000000664e-01 -1.489005518013665824e+04
7.999000000000000554e-01 -1.489209902998974394e+04
8.000000000000000444e-01 -1.489414295152796331e+04
8.001000000000000334e-01 -1.489794949989524139e+04
8.002000000000000224e-01 -1.490291585300746010e+04
8.003000000000000114e-01 -1.490816211381734865e+04
8.004000000000000004e-01 -1.491370377036220452e+04
8.004999999999999893e-01 -1.491983749170021110e+04
8.006000000000000894e-01 -1.492680393760704101e+04
8.007000000000000783e-01 -1.493452872617365210e+04
8.008000000000000673e-01 -1.494288695223970899e+04
8.009000000000000563e-01 -1.495165501387272525e+04
8.010000000000000453e-01 -1.496087128616695009e+04
8.011000000000000343e-01 -1.497047818136013666e+04
8.012000000000000233e-01 -1.497902388048622015e+04
8.013000000000000123e-01 -1.498430928175613735e+04
8.014000000000000012e-01 -1.498713591784133314e+04
8.014999999999999902e-01 -1.498880285007992279e+04
8.016000000000000902e-01 -1.498996383320880523e+04
8.017000000000000792e-01 -1.499082564212136276e+04
8.018000000000000682e-01 -1.499164720275352738e+04
8.019000000000000572e-01 -1.499242142505018455e+04
8.020000000000000462e-01 -1.499408259738342531e+04
8.021000000000000352e-01 -1.499644360630254596e+04
8.022000000000000242e-01 -1.499872848746322416e+04
8.023000000000000131e-01 -1.500120835307544257e+04
8.024000000000000021e-01 -1.500341970919914093e+04
8.024999999999999911e-01 -1.500519390278357787e+04
8.026000000000000911e-01 -1.500663763470531012e+04
8.027000000000000801e-01 -1.500786329980927076e+04
8.028000000000000691e-01 -1.500895925525415623e+04
8.029000000000000581e-01 -1.500998716631575007e+04
8.030000000000000471e-01 -1.501096762450475217e+04
8.031000000000000361e-01 -1.501186425240398785e+04
8.032000000000000250e-01 -1.501264585409664869e+04
8.033000000000000140e-01 -1.501331004403445331e+04
8.034000000000000030e-01 -1.501385649884809209e+04
8.034999999999999920e-01 -1.501427202259367550e+04
8.036000000000000920e-01 -1.501452886800209308e+04
8.037000000000000810e-01 -1.501460393226719498e+04
8.038000000000000700e-01 -1.501450665726453008e+04
8.039000000000000590e-01 -1.501429831656906390e+04
8.040000000000000480e-01 -1.501399118448079935e+04
8.041000000000000369e-01 -1.501357260999665414e+04
8.042000000000000259e-01 -1.501303399280427948e+04
8.043000000000000149e-01 -1.501235011430385202e+04
8.044000000000000039e-01 -1.501159787421126748e+04
8.044999999999999929e-01 -1.501081759956842870e+04
8.046000000000000929e-01 -1.501001031757549390e+04
8.047000000000000819e-01 -1.500924558963294658e+04
8.048000000000000709e-01 -1.500881858269155055e+04
8.049000000000000599e-01 -1.500898535917308618e+04
8.050000000000000488e-01 -1.500970088948081502e+04
8.051000000000000378e-01 -1.501089284922671868e+04
8.052000000000000268e-01 -1.501239928560608496e+04
8.053000000000000158e-01 -1.501411261921242658e+04
8.054000000000000048e-01 -1.501595965958653323e+04
8.054999999999999938e-01 -1.501790399415880347e+04
8.056000000000000938e-01 -1.501990258989344147e+04
8.057000000000000828e-01 -1.502195546516250943e+04
8.058000000000000718e-01 -1.502404714375327421e+04
8.059000000000000608e-01 -1.502615434673844538e+04
8.060000000000000497e-01 -1.502824707813042551e+04
8.061000000000000387e-01 -1.503031703475473660e+04
8.062000000000000277e-01 -1.503237470597128049e+04
8.063000000000000167e-01 -1.503448302782936662e+04
8.064000000000000057e-01 -1.503667014108635158e+04
8.064999999999999947e-01 -1.503884560157867600e+04
8.065999999999999837e-01 -1.504098785529529050e+04
8.067000000000000837e-01 -1.504311418243072148e+04
8.068000000000000727e-01 -1.504523484328929953e+04
8.069000000000000616e-01 -1.504735453454119306e+04
8.070000000000000506e-01 -1.504947361867205291e+04
8.071000000000000396e-01 -1.505158513411934655e+04
8.072000000000000286e-01 -1.505367908895860819e+04
8.073000000000000176e-01 -1.505575277703345637e+04
8.074000000000000066e-01 -1.505780572218646557e+04
8.074999999999999956e-01 -1.505983729059934740e+04
8.075999999999999845e-01 -1.506184450953844862e+04
8.077000000000000846e-01 -1.506383200626594771e+04
8.078000000000000735e-01 -1.506580005626174534e+04
8.079000000000000625e-01 -1.506774946624217591e+04
8.080000000000000515e-01 -1.506968408219756566e+04
8.081000000000000405e-01 -1.507160742356045739e+04
8.082000000000000295e-01 -1.507352216974491421e+04
8.083000000000000185e-01 -1.507543021326417511e+04
8.084000000000000075e-01 -1.507733531291143117e+04
8.084999999999999964e-01 -1.507924463649641802e+04
8.085999999999999854e-01 -1.508114971032458925e+04
8.087000000000000854e-01 -1.508307767326391149e+04
8.088000000000000744e-01 -1.508502764014970307e+04
8.089000000000000634e-01 -1.508699667970612609e+04
8.090000000000000524e-01 -1.508898523599262262e+04
8.091000000000000414e-01 -1.509099139855465182e+04
8.092000000000000304e-01 -1.509300982371032478e+04
8.093000000000000194e-01 -1.509503551338133002e+04
8.094000000000000083e-01 -1.509706554905553094e+04
8.094999999999999973e-01 -1.509909822113459268e+04
8.095999999999999863e-01 -1.510113227625485524e+04
8.097000000000000863e-01 -1.510316663737750059e+04
8.098000000000000753e-01 -1.510520034765371383e+04
8.099000000000000643e-01 -1.510723276237516438e+04
8.100000000000000533e-01 -1.510926389228170956e+04
8.101000000000000423e-01 -1.511130777154499083e+04
8.102000000000000313e-01 -1.511339842141633926e+04
8.103000000000000203e-01 -1.511553506556196589e+04
8.104000000000000092e-01 -1.511771158355657826e+04
8.104999999999999982e-01 -1.511991892454532172e+04
8.105999999999999872e-01 -1.512214597540060095e+04
8.107000000000000872e-01 -1.512438774524818655e+04
8.108000000000000762e-01 -1.512664120581851967e+04
8.109000000000000652e-01 -1.512890466679029123e+04
8.110000000000000542e-01 -1.513117674993186120e+04
8.111000000000000432e-01 -1.513345580654696641e+04
8.112000000000000322e-01 -1.513574028143294345e+04
8.113000000000000211e-01 -1.513802896453571702e+04
8.114000000000000101e-01 -1.514032086738247926e+04
8.114999999999999991e-01 -1.514261093539526883e+04
8.115999999999999881e-01 -1.514490429790185408e+04
8.117000000000000881e-01 -1.514720166448569762e+04
8.118000000000000771e-01 -1.514949888357377495e+04
8.119000000000000661e-01 -1.515179485537798064e+04
8.120000000000000551e-01 -1.515408963300855066e+04
8.121000000000000441e-01 -1.515638404816751427e+04
8.122000000000000330e-01 -1.515868001747787639e+04
8.123000000000000220e-01 -1.516097837509462443e+04
8.124000000000000110e-01 -1.516327478321296803e+04
8.125000000000000000e-01 -1.516557712867187183e+04
8.125999999999999890e-01 -1.516788552718631581e+04
8.127000000000000890e-01 -1.517019934394921438e+04
8.128000000000000780e-01 -1.517251788211025087e+04
8.129000000000000670e-01 -1.517484064524686255e+04
8.130000000000000560e-01 -1.517716733290469165e+04
8.131000000000000449e-01 -1.517949764512727052e+04
8.132000000000000339e-01 -1.518182828595414503e+04
8.133000000000000229e-01 -1.518416236287463653e+04
8.134000000000000119e-01 -1.518650213696010360e+04
8.135000000000000009e-01 -1.518884723372911139e+04
8.135999999999999899e-01 -1.519119711081489550e+04
8.137000000000000899e-01 -1.519355157899847472e+04
8.138000000000000789e-01 -1.519591090792012983e+04
8.139000000000000679e-01 -1.519827341743713623e+04
8.140000000000000568e-01 -1.520063794662681539e+04
8.141000000000000458e-01 -1.520300397181289918e+04
8.142000000000000348e-01 -1.520537123386791609e+04
8.143000000000000238e-01 -1.520773954842571402e+04
8.144000000000000128e-01 -1.521010875283143287e+04
8.145000000000000018e-01 -1.521247870878775757e+04
8.145999999999999908e-01 -1.521484931062063515e+04
8.147000000000000908e-01 -1.521722050387655872e+04
8.148000000000000798e-01 -1.521959230300419222e+04
8.149000000000000687e-01 -1.522196480887352664e+04
8.150000000000000577e-01 -1.522433823471455435e+04
8.151000000000000467e-01 -1.522671297147834412e+04
8.152000000000000357e-01 -1.522909033024087694e+04
8.153000000000000247e-01 -1.523147313636393847e+04
8.154000000000000137e-01 -1.523386377067452486e+04
8.155000000000000027e-01 -1.523626721440917208e+04
8.155999999999999917e-01 -1.523869019619533901e+04
8.157000000000000917e-01 -1.524113418120521965e+04
8.158000000000000806e-01 -1.524360141991725141e+04
8.159000000000000696e-01 -1.524609191344865212e+04
8.160000000000000586e-01 -1.524860402806416278e+04
8.161000000000000476e-01 -1.525113638821286258e+04
8.162000000000000366e-01 -1.525368798335039355e+04
8.163000000000000256e-01 -1.525625803979366901e+04
8.164000000000000146e-01 -1.525884599924782378e+04
8.165000000000000036e-01 -1.526145154508371161e+04
8.165999999999999925e-01 -1.526407468483118100e+04
8.167000000000000925e-01 -1.526671775609962424e+04
8.168000000000000815e-01 -1.526938916637745751e+04
8.169000000000000705e-01 -1.527209928628845591e+04
8.170000000000000595e-01 -1.527485950262464576e+04
8.171000000000000485e-01 -1.527767375617476864e+04
8.172000000000000375e-01 -1.528054085565853529e+04
8.173000000000000265e-01 -1.528346804678864282e+04
8.174000000000000155e-01 -1.528647382443689094e+04
8.175000000000000044e-01 -1.528956943025761757e+04
8.175999999999999934e-01 -1.529275913405796200e+04
8.177000000000000934e-01 -1.529604549747230703e+04
8.178000000000000824e-01 -1.529943231736300913e+04
8.179000000000000714e-01 -1.530292616743084727e+04
8.180000000000000604e-01 -1.530653860955139135e+04
8.181000000000000494e-01 -1.531029592932490959e+04
8.182000000000000384e-01 -1.531423090173477067e+04
8.183000000000000274e-01 -1.531833988232357478e+04
8.184000000000000163e-01 -1.532266974368892807e+04
8.185000000000000053e-01 -1.532725145994385093e+04
8.185999999999999943e-01 -1.533210866834568333e+04
8.187000000000000943e-01 -1.533720440634455008e+04
8.188000000000000833e-01 -1.534260724225277954e+04
8.189000000000000723e-01 -1.534838740124489959e+04
8.190000000000000613e-01 -1.535422745990150543e+04
8.191000000000000503e-01 -1.535879333442725874e+04
8.192000000000000393e-01 -1.536171034982750643e+04
8.193000000000000282e-01 -1.536391030967856568e+04
8.194000000000000172e-01 -1.536598040447589847e+04
8.195000000000000062e-01 -1.536798658859865827e+04
8.195999999999999952e-01 -1.536989210198453839e+04
8.196999999999999842e-01 -1.537175373931198737e+04
8.198000000000000842e-01 -1.537363499707954179e+04
8.199000000000000732e-01 -1.537557455753915201e+04
8.200000000000000622e-01 -1.537758501849214554e+04
8.201000000000000512e-01 -1.537967080622676622e+04
8.202000000000000401e-01 -1.538183307646309913e+04
8.203000000000000291e-01 -1.538406351853147135e+04
8.204000000000000181e-01 -1.538634613911358610e+04
8.205000000000000071e-01 -1.538866011631916626e+04
8.205999999999999961e-01 -1.539098210139346156e+04
8.206999999999999851e-01 -1.539329685402399082e+04
8.208000000000000851e-01 -1.539560155610346919e+04
8.209000000000000741e-01 -1.539789073637222100e+04
8.210000000000000631e-01 -1.540016085525065500e+04
8.211000000000000520e-01 -1.540241085937167736e+04
8.212000000000000410e-01 -1.540464435301667072e+04
8.213000000000000300e-01 -1.540686969638745177e+04
8.214000000000000190e-01 -1.540909255504300381e+04
8.215000000000000080e-01 -1.541131595768865373e+04
8.215999999999999970e-01 -1.541354157139461495e+04
8.216999999999999860e-01 -1.541576995880224422e+04
8.218000000000000860e-01 -1.541800097015642496e+04
8.219000000000000750e-01 -1.542023399766153125e+04
8.220000000000000639e-01 -1.542246827839487014e+04
8.221000000000000529e-01 -1.542470443844378497e+04
8.222000000000000419e-01 -1.542694147767207687e+04
8.223000000000000309e-01 -1.542917738413040206e+04
8.224000000000000199e-01 -1.543141178811982900e+04
8.225000000000000089e-01 -1.543364485577038613e+04
8.225999999999999979e-01 -1.543587665709051544e+04
8.226999999999999869e-01 -1.543810731343420775e+04
8.228000000000000869e-01 -1.544033705832167288e+04
8.229000000000000759e-01 -1.544256623894321820e+04
8.230000000000000648e-01 -1.544479520503400090e+04
8.231000000000000538e-01 -1.544702578598315085e+04
8.232000000000000428e-01 -1.544925842358195769e+04
8.233000000000000318e-01 -1.545149219933387940e+04
8.234000000000000208e-01 -1.545372682880206048e+04
8.235000000000000098e-01 -1.545596217305297068e+04
8.235999999999999988e-01 -1.545819794224481848e+04
8.236999999999999877e-01 -1.546043372731022646e+04
8.238000000000000878e-01 -1.546266919022469847e+04
8.239000000000000767e-01 -1.546490411335852878e+04
8.240000000000000657e-01 -1.546713816832376506e+04
8.241000000000000547e-01 -1.546937120429392235e+04
8.242000000000000437e-01 -1.547160316086787680e+04
8.243000000000000327e-01 -1.547383386376278577e+04
8.244000000000000217e-01 -1.547606353307985410e+04
8.245000000000000107e-01 -1.547829251187349291e+04
8.245999999999999996e-01 -1.548052112236623725e+04
8.246999999999999886e-01 -1.548274952844005929e+04
8.248000000000000886e-01 -1.548497776744962903e+04
8.249000000000000776e-01 -1.548720582661689878e+04
8.250000000000000666e-01 -1.548943369056749725e+04
8.251000000000000556e-01 -1.549166139572881912e+04
8.252000000000000446e-01 -1.549388900666414156e+04
8.253000000000000336e-01 -1.549611653299697537e+04
8.254000000000000226e-01 -1.549834381787757229e+04
8.255000000000000115e-01 -1.550057005061965538e+04
8.256000000000000005e-01 -1.550279643360728187e+04
8.256999999999999895e-01 -1.550502348718327994e+04
8.258000000000000895e-01 -1.550725114584286894e+04
8.259000000000000785e-01 -1.550947925332109662e+04
8.260000000000000675e-01 -1.551170738190975862e+04
8.261000000000000565e-01 -1.551393594927893537e+04
8.262000000000000455e-01 -1.551616590207222907e+04
8.263000000000000345e-01 -1.551839727135120665e+04
8.264000000000000234e-01 -1.552062972500548494e+04
8.265000000000000124e-01 -1.552286286119039869e+04
8.266000000000000014e-01 -1.552509633647586452e+04
8.266999999999999904e-01 -1.552732991120483530e+04
8.268000000000000904e-01 -1.552956344854932649e+04
8.269000000000000794e-01 -1.553179688968469782e+04
8.270000000000000684e-01 -1.553403021624267785e+04
8.271000000000000574e-01 -1.553626345012759339e+04
8.272000000000000464e-01 -1.553849662147860545e+04
8.273000000000000353e-01 -1.554072973799104693e+04
8.274000000000000243e-01 -1.554296278860572056e+04
8.275000000000000133e-01 -1.554519576981120917e+04
8.276000000000000023e-01 -1.554742867828603630e+04
8.276999999999999913e-01 -1.554966161360160731e+04
8.278000000000000913e-01 -1.555189586372402664e+04
8.279000000000000803e-01 -1.555412970605526425e+04
8.280000000000000693e-01 -1.555636222151308903e+04
8.281000000000000583e-01 -1.555859466374121075e+04
8.282000000000000473e-01 -1.556082704281430233e+04
8.283000000000000362e-01 -1.556305849223910627e+04
8.284000000000000252e-01 -1.556528799761634764e+04
8.285000000000000142e-01 -1.556751510830499683e+04
8.286000000000000032e-01 -1.556974023320631568e+04
8.286999999999999922e-01 -1.557196388836210645e+04
8.288000000000000922e-01 -1.557418655224005670e+04
8.289000000000000812e-01 -1.557640861494490855e+04
8.290000000000000702e-01 -1.557863035650546954e+04
8.291000000000000592e-01 -1.558085166576251686e+04
8.292000000000000481e-01 -1.558307175351460137e+04
8.293000000000000371e-01 -1.558528988530685638e+04
8.294000000000000261e-01 -1.558750612236485358e+04
8.295000000000000151e-01 -1.558972097531280269e+04
8.296000000000000041e-01 -1.559193486313363064e+04
8.296999999999999931e-01 -1.559414804627707235e+04
8.298000000000000931e-01 -1.559636066553495584e+04
8.299000000000000821e-01 -1.559857279093217221e+04
8.300000000000000711e-01 -1.560078446126430754e+04
8.301000000000000600e-01 -1.560298244700459691e+04
8.302000000000000490e-01 -1.560513936318649212e+04
8.303000000000000380e-01 -1.560725880804591361e+04
8.304000000000000270e-01 -1.560935105128671785e+04
8.305000000000000160e-01 -1.561142423312460232e+04
8.306000000000000050e-01 -1.561348386376140115e+04
8.306999999999999940e-01 -1.561553399096182329e+04
8.308000000000000940e-01 -1.561757740735868356e+04
8.309000000000000830e-01 -1.561961558035660346e+04
8.310000000000000719e-01 -1.562164958357936302e+04
8.311000000000000609e-01 -1.562368029964795096e+04
8.312000000000000499e-01 -1.562570845675671444e+04
8.313000000000000389e-01 -1.562773462597024081e+04
8.314000000000000279e-01 -1.562975911112697577e+04
8.315000000000000169e-01 -1.563178153974966699e+04
8.316000000000000059e-01 -1.563380126676927102e+04
8.316999999999999948e-01 -1.563581870503086793e+04
8.318000000000000949e-01 -1.563783444356476321e+04
8.319000000000000838e-01 -1.563984869859151513e+04
8.320000000000000728e-01 -1.564186156191989903e+04
8.321000000000000618e-01 -1.564387317494099807e+04
8.322000000000000508e-01 -1.564588365784904090e+04
8.323000000000000398e-01 -1.564789311946931230e+04
8.324000000000000288e-01 -1.564990166860188583e+04
8.325000000000000178e-01 -1.565190938977964106e+04
8.326000000000000068e-01 -1.565391631124719061e+04
8.326999999999999957e-01 -1.565592199485213314e+04
8.327999999999999847e-01 -1.565792605487895526e+04
8.329000000000000847e-01 -1.565992832472630107e+04
8.330000000000000737e-01 -1.566192898703172250e+04
8.331000000000000627e-01 -1.566392825636774251e+04
8.332000000000000517e-01 -1.566592651173360355e+04
8.333000000000000407e-01 -1.566792467341604060e+04
8.334000000000000297e-01 -1.566992077125402102e+04
8.335000000000000187e-01 -1.567191563640405548e+04
8.336000000000000076e-01 -1.567390962573690376e+04
8.336999999999999966e-01 -1.567590282627400666e+04
8.337999999999999856e-01 -1.567789530170682156e+04
8.339000000000000856e-01 -1.567988700685701588e+04
8.340000000000000746e-01 -1.568187838609731989e+04
8.341000000000000636e-01 -1.568387062772164063e+04
8.342000000000000526e-01 -1.568586378797177895e+04
8.343000000000000416e-01 -1.568785761987604019e+04
8.344000000000000306e-01 -1.568985189739818816e+04
8.345000000000000195e-01 -1.569184648513885986e+04
8.346000000000000085e-01 -1.569384166468781768e+04
8.346999999999999975e-01 -1.569583826148574553e+04
8.347999999999999865e-01 -1.569783707018040150e+04
8.349000000000000865e-01 -1.569983883972753029e+04
8.350000000000000755e-01 -1.570184292572673439e+04
8.351000000000000645e-01 -1.570384835656976065e+04
8.352000000000000535e-01 -1.570585433400049078e+04
8.353000000000000425e-01 -1.570785949969209105e+04
8.354000000000000314e-01 -1.570986395414684193e+04
8.355000000000000204e-01 -1.571186828506128222e+04
8.356000000000000094e-01 -1.571387256151181646e+04
8.356999999999999984e-01 -1.571587668990005841e+04
8.357999999999999874e-01 -1.571788037503353735e+04
8.359000000000000874e-01 -1.571988393995911792e+04
8.360000000000000764e-01 -1.572188789059287410e+04
8.361000000000000654e-01 -1.572389189930546490e+04
8.362000000000000544e-01 -1.572589426208650548e+04
8.363000000000000433e-01 -1.572789406531931490e+04
8.364000000000000323e-01 -1.572989152058897525e+04
8.365000000000000213e-01 -1.573188729313463955e+04
8.366000000000000103e-01 -1.573388211863765900e+04
8.366999999999999993e-01 -1.573588009160595175e+04
8.367999999999999883e-01 -1.573787597884188108e+04
8.369000000000000883e-01 -1.573986941624813517e+04
8.370000000000000773e-01 -1.574186243393875884e+04
8.371000000000000663e-01 -1.574385624381764319e+04
8.372000000000000552e-01 -1.574584961849666979e+04
8.373000000000000442e-01 -1.574784558776080303e+04
8.374000000000000332e-01 -1.574984101455569362e+04
8.375000000000000222e-01 -1.575183426418359886e+04
8.376000000000000112e-01 -1.575383154916267449e+04
8.377000000000000002e-01 -1.575583484174746809e+04
8.377999999999999892e-01 -1.575784916287380656e+04
8.379000000000000892e-01 -1.575986982526098473e+04
8.380000000000000782e-01 -1.576188765139001953e+04
8.381000000000000671e-01 -1.576389914288867658e+04
8.382000000000000561e-01 -1.576590784419569718e+04
8.383000000000000451e-01 -1.576791684277395689e+04
8.384000000000000341e-01 -1.576992423330885140e+04
8.385000000000000231e-01 -1.577192999298663381e+04
8.386000000000000121e-01 -1.577393607254303788e+04
8.387000000000000011e-01 -1.577594251552058995e+04
8.387999999999999901e-01 -1.577794798025045566e+04
8.389000000000000901e-01 -1.577995051905599394e+04
8.390000000000000790e-01 -1.578194945449087572e+04
8.391000000000000680e-01 -1.578394491149339774e+04
8.392000000000000570e-01 -1.578593597745064471e+04
8.393000000000000460e-01 -1.578792096374092580e+04
8.394000000000000350e-01 -1.578990011398606293e+04
8.395000000000000240e-01 -1.579187441119434516e+04
8.396000000000000130e-01 -1.579384477037557917e+04
8.397000000000000020e-01 -1.579581193068723042e+04
8.397999999999999909e-01 -1.579777652948720606e+04
8.399000000000000909e-01 -1.579973915049542848e+04
8.400000000000000799e-01 -1.580170031553539411e+04
8.401000000000000689e-01 -1.580366044667117785e+04
8.402000000000000579e-01 -1.580561973634189235e+04
8.403000000000000469e-01 -1.580757805123280195e+04
8.404000000000000359e-01 -1.580953531803515762e+04
8.405000000000000249e-01 -1.581149156273510926e+04
8.406000000000000139e-01 -1.581344695802292335e+04
8.407000000000000028e-01 -1.581540161677517062e+04
8.407999999999999918e-01 -1.581735554710228280e+04
8.409000000000000918e-01 -1.581930869334823728e+04
8.410000000000000808e-01 -1.582126098267467023e+04
8.411000000000000698e-01 -1.582321234805252971e+04
8.412000000000000588e-01 -1.582516272853811461e+04
8.413000000000000478e-01 -1.582711205639336367e+04
8.414000000000000368e-01 -1.582906023534507221e+04
8.415000000000000258e-01 -1.583100707431213777e+04
8.416000000000000147e-01 -1.583295152936427075e+04
8.417000000000000037e-01 -1.583489215078264533e+04
8.417999999999999927e-01 -1.583682902085513888e+04
8.419000000000000927e-01 -1.583876279075607999e+04
8.420000000000000817e-01 -1.584069397181696331e+04
8.421000000000000707e-01 -1.584262275884901283e+04
8.422000000000000597e-01 -1.584454909002048407e+04
8.423000000000000487e-01 -1.584647272172504745e+04
8.424000000000000377e-01 -1.584839326463215366e+04
8.425000000000000266e-01 -1.585031063849739439e+04
8.426000000000000156e-01 -1.585222268842532503e+04
8.427000000000000046e-01 -1.585412090707151037e+04
8.427999999999999936e-01 -1.585599557622504472e+04
8.429000000000000936e-01 -1.585784068731214938e+04
8.430000000000000826e-01 -1.585965278841871987e+04
8.431000000000000716e-01 -1.586143146401916420e+04
8.432000000000000606e-01 -1.586318145638584429e+04
8.433000000000000496e-01 -1.586490273268060082e+04
8.434000000000000385e-01 -1.586658309809888851e+04
8.435000000000000275e-01 -1.586817183306185871e+04
8.436000000000000165e-01 -1.586950581885015163e+04
8.437000000000000055e-01 -1.587065792911224344e+04
8.437999999999999945e-01 -1.587177240108854494e+04
8.439000000000000945e-01 -1.587289083234113241e+04
8.440000000000000835e-01 -1.587398300472930168e+04
8.441000000000000725e-01 -1.587500854500864079e+04
8.442000000000000615e-01 -1.587593926569748510e+04
8.443000000000000504e-01 -1.587675698148651463e+04
8.444000000000000394e-01 -1.587745819026933350e+04
8.445000000000000284e-01 -1.587803690485758671e+04
8.446000000000000174e-01 -1.587848153185534466e+04
8.447000000000000064e-01 -1.587879456886268963e+04
8.447999999999999954e-01 -1.587902015403161931e+04
8.449000000000000954e-01 -1.587918409263139984e+04
8.450000000000000844e-01 -1.587927208312739276e+04
8.451000000000000734e-01 -1.587927791730366152e+04
8.452000000000000624e-01 -1.587923437914137867e+04
8.453000000000000513e-01 -1.587917296744231317e+04
8.454000000000000403e-01 -1.587916153683830089e+04
8.455000000000000293e-01 -1.587932092055543399e+04
8.456000000000000183e-01 -1.587978122736375190e+04
8.457000000000000073e-01 -1.588056549501033987e+04
8.457999999999999963e-01 -1.588159175300570132e+04
8.458999999999999853e-01 -1.588280385487808417e+04
8.460000000000000853e-01 -1.588421997610744620e+04
8.461000000000000743e-01 -1.588583810166641706e+04
8.462000000000000632e-01 -1.588760688719804421e+04
8.463000000000000522e-01 -1.588947588328200254e+04
8.464000000000000412e-01 -1.589141101726634952e+04
8.465000000000000302e-01 -1.589339146574800361e+04
8.466000000000000192e-01 -1.589540815011337691e+04
8.467000000000000082e-01 -1.589746534369434085e+04
8.467999999999999972e-01 -1.589954026386624719e+04
8.468999999999999861e-01 -1.590164607460655134e+04
8.470000000000000862e-01 -1.590376108352041956e+04
8.471000000000000751e-01 -1.590584785454088160e+04
8.472000000000000641e-01 -1.590794466761341937e+04
8.473000000000000531e-01 -1.591003543679584982e+04
8.474000000000000421e-01 -1.591211426022727574e+04
8.475000000000000311e-01 -1.591417066686275393e+04
8.476000000000000201e-01 -1.591621669925314927e+04
8.477000000000000091e-01 -1.591825812302740451e+04
8.477999999999999980e-01 -1.592028461049794169e+04
8.478999999999999870e-01 -1.592229944313567830e+04
8.480000000000000870e-01 -1.592430577220564919e+04
8.481000000000000760e-01 -1.592630281671814373e+04
8.482000000000000650e-01 -1.592829043143260787e+04
8.483000000000000540e-01 -1.593027460229715689e+04
8.484000000000000430e-01 -1.593225307865236027e+04
8.485000000000000320e-01 -1.593421621497123851e+04
8.486000000000000210e-01 -1.593600173780483419e+04
8.487000000000000099e-01 -1.593736563700579063e+04
8.487999999999999989e-01 -1.593866741594833547e+04
8.488999999999999879e-01 -1.594004807014865037e+04
8.490000000000000879e-01 -1.594152540684022097e+04
8.491000000000000769e-01 -1.594259859050001251e+04
8.492000000000000659e-01 -1.594312313294480555e+04
8.493000000000000549e-01 -1.594366811774296912e+04
8.494000000000000439e-01 -1.594440870847309816e+04
8.495000000000000329e-01 -1.594510416096058179e+04
8.496000000000000218e-01 -1.594577409795425774e+04
8.497000000000000108e-01 -1.594657702375176086e+04
8.497999999999999998e-01 -1.594751641354078674e+04
8.498999999999999888e-01 -1.594859308243363375e+04
8.500000000000000888e-01 -1.594952235191593172e+04
8.501000000000000778e-01 -1.595170419506346298e+04
8.502000000000000668e-01 -1.595526272133223210e+04
8.503000000000000558e-01 -1.595958851006148689e+04
8.504000000000000448e-01 -1.596454446799843936e+04
8.505000000000000338e-01 -1.597005399480657434e+04
8.506000000000000227e-01 -1.597629861061541305e+04
8.507000000000000117e-01 -1.598335367474001032e+04
8.508000000000000007e-01 -1.599103315793655929e+04
8.508999999999999897e-01 -1.599913734412577833e+04
8.510000000000000897e-01 -1.600780210913722476e+04
8.511000000000000787e-01 -1.601682867573698422e+04
8.512000000000000677e-01 -1.602591006211596869e+04
8.513000000000000567e-01 -1.603418001871765773e+04
8.514000000000000457e-01 -1.604138205353589365e+04
8.515000000000000346e-01 -1.604658138087561565e+04
8.516000000000000236e-01 -1.604953294547173755e+04
8.517000000000000126e-01 -1.605128508704968408e+04
8.518000000000000016e-01 -1.605238979615038625e+04
8.518999999999999906e-01 -1.605318094706592274e+04
8.520000000000000906e-01 -1.605391307663315274e+04
8.521000000000000796e-01 -1.605461795054043432e+04
8.522000000000000686e-01 -1.605514941580999403e+04
8.523000000000000576e-01 -1.605579848061488519e+04
8.524000000000000465e-01 -1.605815662549788613e+04
8.525000000000000355e-01 -1.606129519572108984e+04
8.526000000000000245e-01 -1.606409354701177290e+04
8.527000000000000135e-01 -1.606618834814365982e+04
8.528000000000000025e-01 -1.606775761888751913e+04
8.528999999999999915e-01 -1.606898079730745849e+04
8.530000000000000915e-01 -1.606993368208552602e+04
8.531000000000000805e-01 -1.607063126071796978e+04
8.532000000000000695e-01 -1.607108884712393774e+04
8.533000000000000584e-01 -1.607130935433082959e+04
8.534000000000000474e-01 -1.607128593453496978e+04
8.535000000000000364e-01 -1.607101522652458334e+04
8.536000000000000254e-01 -1.607049473730754653e+04
8.537000000000000144e-01 -1.606972598287856454e+04
8.538000000000000034e-01 -1.606868959553120840e+04
8.538999999999999924e-01 -1.606738129949708855e+04
8.540000000000000924e-01 -1.606586987986018903e+04
8.541000000000000814e-01 -1.606420967893286070e+04
8.542000000000000703e-01 -1.606233161842379377e+04
8.543000000000000593e-01 -1.606034291904232487e+04
8.544000000000000483e-01 -1.605843640942839374e+04
8.545000000000000373e-01 -1.605667595782727585e+04
8.546000000000000263e-01 -1.605524598749353936e+04
8.547000000000000153e-01 -1.605467952419471112e+04
8.548000000000000043e-01 -1.605517670320418620e+04
8.548999999999999932e-01 -1.605642714909804454e+04
8.550000000000000933e-01 -1.605821816634671268e+04
8.551000000000000822e-01 -1.606034926990793429e+04
8.552000000000000712e-01 -1.606272062536145131e+04
8.553000000000000602e-01 -1.606518321988538628e+04
8.554000000000000492e-01 -1.606770414853363945e+04
8.555000000000000382e-01 -1.607016319314809152e+04
8.556000000000000272e-01 -1.607250833733396394e+04
8.557000000000000162e-01 -1.607471395992575890e+04
8.558000000000000052e-01 -1.607674701610623924e+04
8.558999999999999941e-01 -1.607861967974131949e+04
8.560000000000000941e-01 -1.608037213974251972e+04
8.561000000000000831e-01 -1.608207172991815969e+04
8.562000000000000721e-01 -1.608377273293438338e+04
8.563000000000000611e-01 -1.608552255781832355e+04
8.564000000000000501e-01 -1.608736105289391344e+04
8.565000000000000391e-01 -1.608943818972341978e+04
8.566000000000000281e-01 -1.609168780168981903e+04
8.567000000000000171e-01 -1.609398716495918416e+04
8.568000000000000060e-01 -1.609623631369149189e+04
8.568999999999999950e-01 -1.609841223696796987e+04
8.570000000000000950e-01 -1.610052274088161539e+04
8.571000000000000840e-01 -1.610258346805169276e+04
8.572000000000000730e-01 -1.610462679763171582e+04
8.573000000000000620e-01 -1.610664219255180615e+04
8.574000000000000510e-01 -1.610862901957001304e+04
8.575000000000000400e-01 -1.611060016255712253e+04
8.576000000000000290e-01 -1.611256153278018974e+04
8.577000000000000179e-01 -1.611451686613015409e+04
8.578000000000000069e-01 -1.611647456871538998e+04
8.578999999999999959e-01 -1.611844561735702700e+04
8.580000000000000959e-01 -1.612043326662218351e+04
8.581000000000000849e-01 -1.612242329357731433e+04
8.582000000000000739e-01 -1.612440330748237830e+04
8.583000000000000629e-01 -1.612640769747239392e+04
8.584000000000000519e-01 -1.612844834527032617e+04
8.585000000000000409e-01 -1.613051667567492041e+04
8.586000000000000298e-01 -1.613259863995757951e+04
8.587000000000000188e-01 -1.613467912231871560e+04
8.588000000000000078e-01 -1.613675991022521157e+04
8.588999999999999968e-01 -1.613884555867978816e+04
8.589999999999999858e-01 -1.614092159704427831e+04
8.591000000000000858e-01 -1.614299053671272122e+04
8.592000000000000748e-01 -1.614505658457387835e+04
8.593000000000000638e-01 -1.614712175679734901e+04
8.594000000000000528e-01 -1.614918691904754814e+04
8.595000000000000417e-01 -1.615125231607768183e+04
8.596000000000000307e-01 -1.615331786463050048e+04
8.597000000000000197e-01 -1.615538334075065904e+04
8.598000000000000087e-01 -1.615744851349137389e+04
8.598999999999999977e-01 -1.615951323531331764e+04
8.599999999999999867e-01 -1.616157748805434858e+04
8.601000000000000867e-01 -1.616365516613243199e+04
8.602000000000000757e-01 -1.616577953394537872e+04
8.603000000000000647e-01 -1.616795311732245318e+04
8.604000000000000536e-01 -1.617016444341933129e+04
8.605000000000000426e-01 -1.617240257925500373e+04
8.606000000000000316e-01 -1.617465973426333767e+04
8.607000000000000206e-01 -1.617692769668203982e+04
8.608000000000000096e-01 -1.617920309480742617e+04
8.608999999999999986e-01 -1.618148385647223586e+04
8.609999999999999876e-01 -1.618376736653321313e+04
8.611000000000000876e-01 -1.618605249409474527e+04
8.612000000000000766e-01 -1.618833897963805612e+04
8.613000000000000655e-01 -1.619062674147803955e+04
8.614000000000000545e-01 -1.619291556303524703e+04
8.615000000000000435e-01 -1.619520517300645588e+04
8.616000000000000325e-01 -1.619749531955654493e+04
8.617000000000000215e-01 -1.619978581747202406e+04
8.618000000000000105e-01 -1.620207657518923588e+04
8.618999999999999995e-01 -1.620436761533088975e+04
8.619999999999999885e-01 -1.620665913768402424e+04
8.621000000000000885e-01 -1.620895260744676671e+04
8.622000000000000774e-01 -1.621125009902499005e+04
8.623000000000000664e-01 -1.621355167597905529e+04
8.624000000000000554e-01 -1.621585664663838543e+04
8.625000000000000444e-01 -1.621816429539123055e+04
8.626000000000000334e-01 -1.622047407309053051e+04
8.627000000000000224e-01 -1.622278560707492943e+04
8.628000000000000114e-01 -1.622509865446145159e+04
8.629000000000000004e-01 -1.622741305548711716e+04
8.629999999999999893e-01 -1.622972870581698771e+04
8.631000000000000894e-01 -1.623204555419872850e+04
8.632000000000000783e-01 -1.623436364974917706e+04
8.633000000000000673e-01 -1.623668380794715813e+04
8.634000000000000563e-01 -1.623900816863784530e+04
8.635000000000000453e-01 -1.624133735194086512e+04
8.636000000000000343e-01 -1.624367091554549370e+04
8.637000000000000233e-01 -1.624600826962951032e+04
8.638000000000000123e-01 -1.624834902792254798e+04
8.639000000000000012e-01 -1.625069393180132465e+04
8.639999999999999902e-01 -1.625304283967941774e+04
8.641000000000000902e-01 -1.625538975491818201e+04
8.642000000000000792e-01 -1.625774967492558972e+04
8.643000000000000682e-01 -1.626011777567353420e+04
8.644000000000000572e-01 -1.626249046694872595e+04
8.645000000000000462e-01 -1.626486634373454945e+04
8.646000000000000352e-01 -1.626724519790367231e+04
8.647000000000000242e-01 -1.626962750883291847e+04
8.648000000000000131e-01 -1.627201360048970309e+04
8.649000000000000021e-01 -1.627440198342246367e+04
8.649999999999999911e-01 -1.627679294974207733e+04
8.651000000000000911e-01 -1.627918680783949458e+04
8.652000000000000801e-01 -1.628158366808487517e+04
8.653000000000000691e-01 -1.628398351030265803e+04
8.654000000000000581e-01 -1.628638624403344875e+04
8.655000000000000471e-01 -1.628879174785250325e+04
8.656000000000000361e-01 -1.629120064736135100e+04
8.657000000000000250e-01 -1.629361272043535973e+04
8.658000000000000140e-01 -1.629602648429344481e+04
8.659000000000000030e-01 -1.629844234036324997e+04
8.659999999999999920e-01 -1.630085970115078271e+04
8.661000000000000920e-01 -1.630327843154448965e+04
8.662000000000000810e-01 -1.630569870303763491e+04
8.663000000000000700e-01 -1.630812078680819832e+04
8.664000000000000590e-01 -1.631054508878011802e+04
8.665000000000000480e-01 -1.631297427041542323e+04
8.666000000000000369e-01 -1.631540813301312846e+04
8.667000000000000259e-01 -1.631784570753043408e+04
8.668000000000000149e-01 -1.632029208787076641e+04
8.669000000000000039e-01 -1.632275164901261451e+04
8.669999999999999929e-01 -1.632522460196520296e+04
8.671000000000000929e-01 -1.632770955878889436e+04
8.672000000000000819e-01 -1.633020563666625640e+04
8.673000000000000709e-01 -1.633271663954598625e+04
8.674000000000000599e-01 -1.633524748768703103e+04
8.675000000000000488e-01 -1.633779945671242240e+04
8.676000000000000378e-01 -1.634037179926890167e+04
8.677000000000000268e-01 -1.634296347237332338e+04
8.678000000000000158e-01 -1.634557456600268961e+04
8.679000000000000048e-01 -1.634820928395413284e+04
8.679999999999999938e-01 -1.635088822680671547e+04
8.681000000000000938e-01 -1.635363364373506010e+04
8.682000000000000828e-01 -1.635645984556299300e+04
8.683000000000000718e-01 -1.635938563514681664e+04
8.684000000000000608e-01 -1.636244760372446945e+04
8.685000000000000497e-01 -1.636569128532685318e+04
8.686000000000000387e-01 -1.636916015353827788e+04
8.687000000000000277e-01 -1.637292409937580305e+04
8.688000000000000167e-01 -1.637705191032990297e+04
8.689000000000000057e-01 -1.638159222626436349e+04
8.689999999999999947e-01 -1.638661980303424207e+04
8.691000000000000947e-01 -1.639219295098225848e+04
8.692000000000000837e-01 -1.639823376236284821e+04
8.693000000000000727e-01 -1.640486080294486237e+04
8.694000000000000616e-01 -1.641213486006448875e+04
8.695000000000000506e-01 -1.641993464696285446e+04
8.696000000000000396e-01 -1.642643284066014166e+04
8.697000000000000286e-01 -1.643001537963602095e+04
8.698000000000000176e-01 -1.643222322279924265e+04
8.699000000000000066e-01 -1.643405713476123856e+04
8.699999999999999956e-01 -1.643583089345648477e+04
8.701000000000000956e-01 -1.643772390479673777e+04
8.702000000000000846e-01 -1.643975975601410391e+04
8.703000000000000735e-01 -1.644191270342847565e+04
8.704000000000000625e-01 -1.644408157455342007e+04
8.705000000000000515e-01 -1.644623032846882415e+04
8.706000000000000405e-01 -1.644835339327113979e+04
8.707000000000000295e-01 -1.645043696734254991e+04
8.708000000000000185e-01 -1.645250277346590883e+04
8.709000000000000075e-01 -1.645460418055261835e+04
8.709999999999999964e-01 -1.645687739096306541e+04
8.711000000000000965e-01 -1.645933609310319298e+04
8.712000000000000854e-01 -1.646179606741124371e+04
8.713000000000000744e-01 -1.646417901379433897e+04
8.714000000000000634e-01 -1.646650362243667041e+04
8.715000000000000524e-01 -1.646880443963129437e+04
8.716000000000000414e-01 -1.647108663756528767e+04
8.717000000000000304e-01 -1.647335663825509619e+04
8.718000000000000194e-01 -1.647562698793310119e+04
8.719000000000000083e-01 -1.647790246571386524e+04
8.719999999999999973e-01 -1.648018117760138921e+04
8.720999999999999863e-01 -1.648246117588550624e+04
8.722000000000000863e-01 -1.648474049126277168e+04
8.723000000000000753e-01 -1.648701574648596943e+04
8.724000000000000643e-01 -1.648928504376441197e+04
8.725000000000000533e-01 -1.649154580609254481e+04
8.726000000000000423e-01 -1.649379597250771621e+04
8.727000000000000313e-01 -1.649603698929228267e+04
8.728000000000000203e-01 -1.649826706085753540e+04
8.729000000000000092e-01 -1.650048797778668086e+04
8.729999999999999982e-01 -1.650270232337532798e+04
8.730999999999999872e-01 -1.650491289618911105e+04
8.732000000000000872e-01 -1.650712218929483060e+04
8.733000000000000762e-01 -1.650933422603927829e+04
8.734000000000000652e-01 -1.651155393437960811e+04
8.735000000000000542e-01 -1.651378019852949728e+04
8.736000000000000432e-01 -1.651601276463698741e+04
8.737000000000000322e-01 -1.651825264358322602e+04
8.738000000000000211e-01 -1.652049900942130625e+04
8.739000000000000101e-01 -1.652275089476510038e+04
8.739999999999999991e-01 -1.652501015321323212e+04
8.740999999999999881e-01 -1.652726870820961631e+04
8.742000000000000881e-01 -1.652952082057074585e+04
8.743000000000000771e-01 -1.653176641765059321e+04
8.744000000000000661e-01 -1.653400879163087666e+04
8.745000000000000551e-01 -1.653625156105521455e+04
8.746000000000000441e-01 -1.653849542905802446e+04
8.747000000000000330e-01 -1.654073981479280701e+04
8.748000000000000220e-01 -1.654298413895112390e+04
8.749000000000000110e-01 -1.654522807216346700e+04
8.750000000000000000e-01 -1.654747121850487019e+04
8.750999999999999890e-01 -1.654971294642448265e+04
8.752000000000000890e-01 -1.655195144127339154e+04
8.753000000000000780e-01 -1.655418592884351528e+04
8.754000000000000670e-01 -1.655641748162445219e+04
8.755000000000000560e-01 -1.655869797528880372e+04
8.756000000000000449e-01 -1.656107557771269421e+04
8.757000000000000339e-01 -1.656345038849800403e+04
8.758000000000000229e-01 -1.656579410662690134e+04
8.759000000000000119e-01 -1.656811094642266835e+04
8.760000000000000009e-01 -1.657040783892693071e+04
8.760999999999999899e-01 -1.657274867741273192e+04
8.762000000000000899e-01 -1.657510907645589032e+04
8.763000000000000789e-01 -1.657745294313301565e+04
8.764000000000000679e-01 -1.657977538513968102e+04
8.765000000000000568e-01 -1.658208269524815478e+04
8.766000000000000458e-01 -1.658437668507832495e+04
8.767000000000000348e-01 -1.658665809517052912e+04
8.768000000000000238e-01 -1.658893270136606225e+04
8.769000000000000128e-01 -1.659120335329356749e+04
8.770000000000000018e-01 -1.659347004786410253e+04
8.770999999999999908e-01 -1.659573299182749179e+04
8.772000000000000908e-01 -1.659799292607955431e+04
8.773000000000000798e-01 -1.660025041962533942e+04
8.774000000000000687e-01 -1.660250586471143106e+04
8.775000000000000577e-01 -1.660475954422876748e+04
8.776000000000000467e-01 -1.660701165968442729e+04
8.777000000000000357e-01 -1.660926234725931499e+04
8.778000000000000247e-01 -1.661151169083719287e+04
8.779000000000000137e-01 -1.661375975139864386e+04
8.780000000000000027e-01 -1.661600659428234212e+04
8.780999999999999917e-01 -1.661825222364713045e+04
8.782000000000000917e-01 -1.662049662637717120e+04
8.783000000000000806e-01 -1.662273980925165233e+04
8.784000000000000696e-01 -1.662498174848916096e+04
8.785000000000000586e-01 -1.662722242421098417e+04
8.786000000000000476e-01 -1.662946182856940140e+04
8.787000000000000366e-01 -1.663169996968229316e+04
8.788000000000000256e-01 -1.663393687247427806e+04
8.789000000000000146e-01 -1.663617257776897532e+04
8.790000000000000036e-01 -1.663840714073653726e+04
8.790999999999999925e-01 -1.664064062901043508e+04
8.792000000000000925e-01 -1.664287312059874967e+04
8.793000000000000815e-01 -1.664510470168211396e+04
8.794000000000000705e-01 -1.664733546439708516e+04
8.795000000000000595e-01 -1.664956550519474695e+04
8.796000000000000485e-01 -1.665179492692900385e+04
8.797000000000000375e-01 -1.665402383098571227e+04
8.798000000000000265e-01 -1.665625231105606872e+04
8.799000000000000155e-01 -1.665848045728408033e+04
8.800000000000000044e-01 -1.666070835572245778e+04
8.800999999999999934e-01 -1.666292328958923099e+04
8.802000000000000934e-01 -1.666509934980674370e+04
8.803000000000000824e-01 -1.666723888094031281e+04
8.804000000000000714e-01 -1.666935017194686588e+04
8.805000000000000604e-01 -1.667144047581449558e+04
8.806000000000000494e-01 -1.667351529382646549e+04
8.807000000000000384e-01 -1.667557867157622240e+04
8.808000000000000274e-01 -1.667763357060938870e+04
8.809000000000000163e-01 -1.667968216330202995e+04
8.810000000000000053e-01 -1.668172604809083350e+04
8.810999999999999943e-01 -1.668376640427600796e+04
8.812000000000000943e-01 -1.668580410366501383e+04
8.813000000000000833e-01 -1.668783979107309278e+04
8.814000000000000723e-01 -1.668987394072879761e+04
8.815000000000000613e-01 -1.669190692175003642e+04
8.816000000000000503e-01 -1.669393926586121961e+04
8.817000000000000393e-01 -1.669597063230409549e+04
8.818000000000000282e-01 -1.669800128714297534e+04
8.819000000000000172e-01 -1.670003146223853400e+04
8.820000000000000062e-01 -1.670206125794272521e+04
8.820999999999999952e-01 -1.670409073222877487e+04
8.822000000000000952e-01 -1.670611992366852064e+04
8.823000000000000842e-01 -1.670814885918968503e+04
8.824000000000000732e-01 -1.671017755755277540e+04
8.825000000000000622e-01 -1.671220603126169590e+04
8.826000000000000512e-01 -1.671423428376244919e+04
8.827000000000000401e-01 -1.671626228911984435e+04
8.828000000000000291e-01 -1.671829003832872331e+04
8.829000000000000181e-01 -1.672031753405023119e+04
8.830000000000000071e-01 -1.672234477422643613e+04
8.830999999999999961e-01 -1.672437174953677095e+04
8.832000000000000961e-01 -1.672639844218619692e+04
8.833000000000000851e-01 -1.672842482380175716e+04
8.834000000000000741e-01 -1.673045085099854259e+04
8.835000000000000631e-01 -1.673247645528395515e+04
8.836000000000000520e-01 -1.673450151311803711e+04
8.837000000000000410e-01 -1.673652547576053985e+04
8.838000000000000300e-01 -1.673854666066686696e+04
8.839000000000000190e-01 -1.674056430307603659e+04
8.840000000000000080e-01 -1.674257892360712503e+04
8.840999999999999970e-01 -1.674459124069215977e+04
8.842000000000000970e-01 -1.674660185182701389e+04
8.843000000000000860e-01 -1.674861322891806412e+04
8.844000000000000750e-01 -1.675062266780482605e+04
8.845000000000000639e-01 -1.675262984119231987e+04
8.846000000000000529e-01 -1.675463620664967311e+04
8.847000000000000419e-01 -1.675664271887608993e+04
8.848000000000000309e-01 -1.675870415303320624e+04
8.849000000000000199e-01 -1.676089462678551354e+04
8.850000000000000089e-01 -1.676321428342692525e+04
8.850999999999999979e-01 -1.676560215017128212e+04
8.852000000000000979e-01 -1.676794337976216775e+04
8.853000000000000869e-01 -1.677020723201841611e+04
8.854000000000000759e-01 -1.677239857241647405e+04
8.855000000000000648e-01 -1.677453112661538762e+04
8.856000000000000538e-01 -1.677661866746265150e+04
8.857000000000000428e-01 -1.677867259770947931e+04
8.858000000000000318e-01 -1.678070170318173768e+04
8.859000000000000208e-01 -1.678271253772492491e+04
8.860000000000000098e-01 -1.678470991101161053e+04
8.860999999999999988e-01 -1.678669722192742847e+04
8.861999999999999877e-01 -1.678867861878828262e+04
8.863000000000000878e-01 -1.679065360166983010e+04
8.864000000000000767e-01 -1.679262310508031806e+04
8.865000000000000657e-01 -1.679458887388369840e+04
8.866000000000000547e-01 -1.679655180727853804e+04
8.867000000000000437e-01 -1.679851212007950380e+04
8.868000000000000327e-01 -1.680046932911607291e+04
8.869000000000000217e-01 -1.680242353836719849e+04
8.870000000000000107e-01 -1.680437580116061145e+04
8.870999999999999996e-01 -1.680632544736266573e+04
8.871999999999999886e-01 -1.680827301114448346e+04
8.873000000000000886e-01 -1.681022257442659247e+04
8.874000000000000776e-01 -1.681216825745110691e+04
8.875000000000000666e-01 -1.681411096379484297e+04
8.876000000000000556e-01 -1.681605749983750138e+04
8.877000000000000446e-01 -1.681801214311212607e+04
8.878000000000000336e-01 -1.681998217528816167e+04
8.879000000000000226e-01 -1.682197251296325703e+04
8.880000000000000115e-01 -1.682398111628676997e+04
8.881000000000000005e-01 -1.682598742505043629e+04
8.881999999999999895e-01 -1.682797722037471976e+04
8.883000000000000895e-01 -1.682994820729576168e+04
8.884000000000000785e-01 -1.683190484447461495e+04
8.885000000000000675e-01 -1.683385413102563689e+04
8.886000000000000565e-01 -1.683580104966806539e+04
8.887000000000000455e-01 -1.683774843746503757e+04
8.888000000000000345e-01 -1.683969831413734937e+04
8.889000000000000234e-01 -1.684165230965697629e+04
8.890000000000000124e-01 -1.684361252002846231e+04
8.891000000000000014e-01 -1.684557777757047370e+04
8.891999999999999904e-01 -1.684754731993378664e+04
8.893000000000000904e-01 -1.684952232522719714e+04
8.894000000000000794e-01 -1.685150092913546541e+04
8.895000000000000684e-01 -1.685348015663128535e+04
8.896000000000000574e-01 -1.685545312276999175e+04
8.897000000000000464e-01 -1.685741374208134221e+04
8.898000000000000353e-01 -1.685936168069175255e+04
8.899000000000000243e-01 -1.686129918207067749e+04
8.900000000000000133e-01 -1.686322920434455955e+04
8.901000000000000023e-01 -1.686515390182968622e+04
8.901999999999999913e-01 -1.686707077183802176e+04
8.903000000000000913e-01 -1.686897444471939525e+04
8.904000000000000803e-01 -1.687086686530321822e+04
8.905000000000000693e-01 -1.687275420153775485e+04
8.906000000000000583e-01 -1.687461969951515857e+04
8.907000000000000473e-01 -1.687646728901777897e+04
8.908000000000000362e-01 -1.687830224587473640e+04
8.909000000000000252e-01 -1.688013049181821407e+04
8.910000000000000142e-01 -1.688195724315846019e+04
8.911000000000000032e-01 -1.688380597738055440e+04
8.911999999999999922e-01 -1.688569249589263200e+04
8.913000000000000922e-01 -1.688764394853305203e+04
8.914000000000000812e-01 -1.688963646220603550e+04
8.915000000000000702e-01 -1.689161993790068300e+04
8.916000000000000592e-01 -1.689356832613757797e+04
8.917000000000000481e-01 -1.689548448672583982e+04
8.918000000000000371e-01 -1.689738683992737424e+04
8.919000000000000261e-01 -1.689929434858461536e+04
8.920000000000000151e-01 -1.690121679867788407e+04
8.921000000000000041e-01 -1.690315393104669056e+04
8.921999999999999931e-01 -1.690509912125094706e+04
8.923000000000000931e-01 -1.690704190088858013e+04
8.924000000000000821e-01 -1.690896532678856966e+04
8.925000000000000711e-01 -1.691085445291669748e+04
8.926000000000000600e-01 -1.691270052785037115e+04
8.927000000000000490e-01 -1.691448987741116071e+04
8.928000000000000380e-01 -1.691619758954029021e+04
8.929000000000000270e-01 -1.691780152360142165e+04
8.930000000000000160e-01 -1.691928123713968307e+04
8.931000000000000050e-01 -1.692061588002541976e+04
8.931999999999999940e-01 -1.692178492368893785e+04
8.933000000000000940e-01 -1.692276984473565972e+04
8.934000000000000830e-01 -1.692357028406346581e+04
8.935000000000000719e-01 -1.692421050971636214e+04
8.936000000000000609e-01 -1.692469666011810477e+04
8.937000000000000499e-01 -1.692503025573257037e+04
8.938000000000000389e-01 -1.692520790844033763e+04
8.939000000000000279e-01 -1.692523903356552182e+04
8.940000000000000169e-01 -1.692511794063856360e+04
8.941000000000000059e-01 -1.692492377773658518e+04
8.941999999999999948e-01 -1.692470322378685159e+04
8.943000000000000949e-01 -1.692443594252846015e+04
8.944000000000000838e-01 -1.692411795557901496e+04
8.945000000000000728e-01 -1.692376699598052073e+04
8.946000000000000618e-01 -1.692345520903917350e+04
8.947000000000000508e-01 -1.692322444440045001e+04
8.948000000000000398e-01 -1.692323034906219618e+04
8.949000000000000288e-01 -1.692363566121706754e+04
8.950000000000000178e-01 -1.692446762708284587e+04
8.951000000000000068e-01 -1.692569579351238281e+04
8.951999999999999957e-01 -1.692721563723986401e+04
8.953000000000000957e-01 -1.692891815069303630e+04
8.954000000000000847e-01 -1.693072310060012751e+04
8.955000000000000737e-01 -1.693258635516068171e+04
8.956000000000000627e-01 -1.693450433735456681e+04
8.957000000000000517e-01 -1.693644033199303885e+04
8.958000000000000407e-01 -1.693834639142217566e+04
8.959000000000000297e-01 -1.694032248044177686e+04
8.960000000000000187e-01 -1.694230399054694863e+04
8.961000000000000076e-01 -1.694427675630435988e+04
8.961999999999999966e-01 -1.694627947585885704e+04
8.963000000000000966e-01 -1.694830631428749621e+04
8.964000000000000856e-01 -1.695034946702433808e+04
8.965000000000000746e-01 -1.695243018377357657e+04
8.966000000000000636e-01 -1.695453258560663016e+04
8.967000000000000526e-01 -1.695661145443093119e+04
8.968000000000000416e-01 -1.695868054416593441e+04
8.969000000000000306e-01 -1.696075972787528735e+04
8.970000000000000195e-01 -1.696284420227151713e+04
8.971000000000000085e-01 -1.696492525801408192e+04
8.971999999999999975e-01 -1.696699436449058339e+04
8.973000000000000975e-01 -1.696904688818208524e+04
8.974000000000000865e-01 -1.697108192503556347e+04
8.975000000000000755e-01 -1.697310373682805584e+04
8.976000000000000645e-01 -1.697498701898864965e+04
8.977000000000000535e-01 -1.697672238817746620e+04
8.978000000000000425e-01 -1.697843358826756230e+04
8.979000000000000314e-01 -1.698016415206559395e+04
8.980000000000000204e-01 -1.698192874143042718e+04
8.981000000000000094e-01 -1.698357062215363476e+04
8.981999999999999984e-01 -1.698511994652421345e+04
8.983000000000000984e-01 -1.698671508826657373e+04
8.984000000000000874e-01 -1.698840580816660440e+04
8.985000000000000764e-01 -1.699020925910647202e+04
8.986000000000000654e-01 -1.699212574188273356e+04
8.987000000000000544e-01 -1.699412076934793367e+04
8.988000000000000433e-01 -1.699616686494582245e+04
8.989000000000000323e-01 -1.699826211918737317e+04
8.990000000000000213e-01 -1.700036935549250120e+04
8.991000000000000103e-01 -1.700247049302982850e+04
8.991999999999999993e-01 -1.700456404792425019e+04
8.992999999999999883e-01 -1.700665027057250700e+04
8.994000000000000883e-01 -1.700872209034029584e+04
8.995000000000000773e-01 -1.701078016557970477e+04
8.996000000000000663e-01 -1.701283046868460588e+04
8.997000000000000552e-01 -1.701487686297498294e+04
8.998000000000000442e-01 -1.701692107832220790e+04
8.999000000000000332e-01 -1.701896399770655626e+04
9.000000000000000222e-01 -1.702100719430503887e+04
9.001000000000000112e-01 -1.702480818251779419e+04
9.002000000000000002e-01 -1.702982381904701833e+04
9.002999999999999892e-01 -1.703519502523751726e+04
9.004000000000000892e-01 -1.704084395088302335e+04
9.005000000000000782e-01 -1.704722058560916776e+04
9.006000000000000671e-01 -1.705441149849931753e+04
9.007000000000000561e-01 -1.706213608620124796e+04
9.008000000000000451e-01 -1.707051867446129108e+04
9.009000000000000341e-01 -1.707943347584385265e+04
9.010000000000000231e-01 -1.708879691783234011e+04
9.011000000000000121e-01 -1.709801377002884328e+04
9.012000000000000011e-01 -1.710545268128575481e+04
9.012999999999999901e-01 -1.711041915374074961e+04
9.014000000000000901e-01 -1.711366026330519890e+04
9.015000000000000790e-01 -1.711590688093549761e+04
9.016000000000000680e-01 -1.711753818743477314e+04
9.017000000000000570e-01 -1.711872691962216777e+04
9.018000000000000460e-01 -1.711966299790098492e+04
9.019000000000000350e-01 -1.712052835855352168e+04
9.020000000000000240e-01 -1.712121098825184890e+04
9.021000000000000130e-01 -1.712328828958754821e+04
9.022000000000000020e-01 -1.712639039664055963e+04
9.022999999999999909e-01 -1.712928537143459835e+04
9.024000000000000909e-01 -1.713148885429764414e+04
9.025000000000000799e-01 -1.713316585092083915e+04
9.026000000000000689e-01 -1.713451066722346150e+04
9.027000000000000579e-01 -1.713562832914272803e+04
9.028000000000000469e-01 -1.713656607631226871e+04
9.029000000000000359e-01 -1.713734550757536636e+04
9.030000000000000249e-01 -1.713797787177428836e+04
9.031000000000000139e-01 -1.713847175390758639e+04
9.032000000000000028e-01 -1.713881997946293632e+04
9.032999999999999918e-01 -1.713904132769633361e+04
9.034000000000000918e-01 -1.713912231343274470e+04
9.035000000000000808e-01 -1.713902476462985942e+04
9.036000000000000698e-01 -1.713871551351889502e+04
9.037000000000000588e-01 -1.713819495412420656e+04
9.038000000000000478e-01 -1.713751027428326779e+04
9.039000000000000368e-01 -1.713666233809880941e+04
9.040000000000000258e-01 -1.713565799320605947e+04
9.041000000000000147e-01 -1.713463798818105715e+04
9.042000000000000037e-01 -1.713367708439592388e+04
9.042999999999999927e-01 -1.713261410204163985e+04
9.044000000000000927e-01 -1.713104106910335759e+04
9.045000000000000817e-01 -1.712946116429519316e+04
9.046000000000000707e-01 -1.712885449680235615e+04
9.047000000000000597e-01 -1.712953527621415924e+04
9.048000000000000487e-01 -1.713112380591778128e+04
9.049000000000000377e-01 -1.713314776464243914e+04
9.050000000000000266e-01 -1.713532626763897861e+04
9.051000000000000156e-01 -1.713752111975696971e+04
9.052000000000000046e-01 -1.713969211077644286e+04
9.052999999999999936e-01 -1.714186020417170948e+04
9.054000000000000936e-01 -1.714404239261948896e+04
9.055000000000000826e-01 -1.714620817654429993e+04
9.056000000000000716e-01 -1.714828336326907083e+04
9.057000000000000606e-01 -1.715035518762975335e+04
9.058000000000000496e-01 -1.715258258715432748e+04
9.059000000000000385e-01 -1.715484208427355770e+04
9.060000000000000275e-01 -1.715701074583915397e+04
9.061000000000000165e-01 -1.715905357712343539e+04
9.062000000000000055e-01 -1.716100350442124909e+04
9.062999999999999945e-01 -1.716291793654951471e+04
9.064000000000000945e-01 -1.716485549151123632e+04
9.065000000000000835e-01 -1.716682960942063437e+04
9.066000000000000725e-01 -1.716887845080313855e+04
9.067000000000000615e-01 -1.717100203075257741e+04
9.068000000000000504e-01 -1.717316714456523187e+04
9.069000000000000394e-01 -1.717534507637444040e+04
9.070000000000000284e-01 -1.717752089625219014e+04
9.071000000000000174e-01 -1.717967703219930263e+04
9.072000000000000064e-01 -1.718181115791143020e+04
9.072999999999999954e-01 -1.718391365258368387e+04
9.074000000000000954e-01 -1.718598400281892464e+04
9.075000000000000844e-01 -1.718804408672606223e+04
9.076000000000000734e-01 -1.719008175000565825e+04
9.077000000000000624e-01 -1.719206934738247583e+04
9.078000000000000513e-01 -1.719403054899878043e+04
9.079000000000000403e-01 -1.719597599443458603e+04
9.080000000000000293e-01 -1.719791141859941126e+04
9.081000000000000183e-01 -1.719984108843622016e+04
9.082000000000000073e-01 -1.720176863423204122e+04
9.082999999999999963e-01 -1.720369675312519030e+04
9.084000000000000963e-01 -1.720562755765324982e+04
9.085000000000000853e-01 -1.720757026129783117e+04
9.086000000000000743e-01 -1.720952696553210262e+04
9.087000000000000632e-01 -1.721148667628214025e+04
9.088000000000000522e-01 -1.721345886733489533e+04
9.089000000000000412e-01 -1.721544800642249174e+04
9.090000000000000302e-01 -1.721745232792054230e+04
9.091000000000000192e-01 -1.721947251642022820e+04
9.092000000000000082e-01 -1.722150486299293698e+04
9.092999999999999972e-01 -1.722354255013012880e+04
9.094000000000000972e-01 -1.722558329587933986e+04
9.095000000000000862e-01 -1.722762959178219171e+04
9.096000000000000751e-01 -1.722968000775836117e+04
9.097000000000000641e-01 -1.723173267752052561e+04
9.098000000000000531e-01 -1.723378577963104544e+04
9.099000000000000421e-01 -1.723583806272473521e+04
9.100000000000000311e-01 -1.723788984011161301e+04
9.101000000000000201e-01 -1.723995398806381854e+04
9.102000000000000091e-01 -1.724205822333845208e+04
9.102999999999999980e-01 -1.724420028529511910e+04
9.104000000000000981e-01 -1.724637145591268199e+04
9.105000000000000870e-01 -1.724856496767025601e+04
9.106000000000000760e-01 -1.725077554666966171e+04
9.107000000000000650e-01 -1.725299897117082219e+04
9.108000000000000540e-01 -1.725523221342731267e+04
9.109000000000000430e-01 -1.725747152434359305e+04
9.110000000000000320e-01 -1.725971604196199769e+04
9.111000000000000210e-01 -1.726196506998911718e+04
9.112000000000000099e-01 -1.726421764920696296e+04
9.112999999999999989e-01 -1.726647293190113123e+04
9.114000000000000989e-01 -1.726873026309375564e+04
9.115000000000000879e-01 -1.727098917847878693e+04
9.116000000000000769e-01 -1.727325198402717069e+04
9.117000000000000659e-01 -1.727551422330065543e+04
9.118000000000000549e-01 -1.727777609756135280e+04
9.119000000000000439e-01 -1.728003915979156591e+04
9.120000000000000329e-01 -1.728230392827687683e+04
9.121000000000000218e-01 -1.728457222603281843e+04
9.122000000000000108e-01 -1.728684560547857836e+04
9.122999999999999998e-01 -1.728912274702904324e+04
9.123999999999999888e-01 -1.729140261896256197e+04
9.125000000000000888e-01 -1.729368646514561988e+04
9.126000000000000778e-01 -1.729597474898731889e+04
9.127000000000000668e-01 -1.729826746006092435e+04
9.128000000000000558e-01 -1.730056442024886928e+04
9.129000000000000448e-01 -1.730286541154977022e+04
9.130000000000000338e-01 -1.730517019757849630e+04
9.131000000000000227e-01 -1.730747852384031285e+04
9.132000000000000117e-01 -1.730979011677017479e+04
9.133000000000000007e-01 -1.731210468525344913e+04
9.133999999999999897e-01 -1.731442192457693818e+04
9.135000000000000897e-01 -1.731674152211283581e+04
9.136000000000000787e-01 -1.731906316411754960e+04
9.137000000000000677e-01 -1.732138654321806462e+04
9.138000000000000567e-01 -1.732371136634426512e+04
9.139000000000000457e-01 -1.732603736303307596e+04
9.140000000000000346e-01 -1.732836429423145091e+04
9.141000000000000236e-01 -1.733069196209177971e+04
9.142000000000000126e-01 -1.733302022201591899e+04
9.143000000000000016e-01 -1.733534900022090369e+04
9.143999999999999906e-01 -1.733767832690495197e+04
9.145000000000000906e-01 -1.734000843621532476e+04
9.146000000000000796e-01 -1.734234109756101680e+04
9.147000000000000686e-01 -1.734467998021435051e+04
9.148000000000000576e-01 -1.734702593415382580e+04
9.149000000000000465e-01 -1.734937845914975696e+04
9.150000000000000355e-01 -1.735173685467996620e+04
9.151000000000000245e-01 -1.735410052890879160e+04
9.152000000000000135e-01 -1.735646902892631624e+04
9.153000000000000025e-01 -1.735884199787154648e+04
9.153999999999999915e-01 -1.736121914163932161e+04
9.155000000000000915e-01 -1.736360022620238669e+04
9.156000000000000805e-01 -1.736598508839950227e+04
9.157000000000000695e-01 -1.736837366803729674e+04
9.158000000000000584e-01 -1.737076606857545994e+04
9.159000000000000474e-01 -1.737316275381109881e+04
9.160000000000000364e-01 -1.737556643427628660e+04
9.161000000000000254e-01 -1.737798083068928099e+04
9.162000000000000144e-01 -1.738040698411339326e+04
9.163000000000000034e-01 -1.738284498812840320e+04
9.163999999999999924e-01 -1.738529517933278839e+04
9.165000000000000924e-01 -1.738775886006193468e+04
9.166000000000000814e-01 -1.739024206357467483e+04
9.167000000000000703e-01 -1.739275460097413452e+04
9.168000000000000593e-01 -1.739530287488076283e+04
9.169000000000000483e-01 -1.739789616670525720e+04
9.170000000000000373e-01 -1.740054537094816260e+04
9.171000000000000263e-01 -1.740325623146344515e+04
9.172000000000000153e-01 -1.740603212383973369e+04
9.173000000000000043e-01 -1.740887567325072087e+04
9.173999999999999932e-01 -1.741178953107482448e+04
9.175000000000000933e-01 -1.741478086808717489e+04
9.176000000000000822e-01 -1.741786226587756028e+04
9.177000000000000712e-01 -1.742105908677760817e+04
9.178000000000000602e-01 -1.742439519325121364e+04
9.179000000000000492e-01 -1.742788100608110108e+04
9.180000000000000382e-01 -1.743152199401001053e+04
9.181000000000000272e-01 -1.743532986816552148e+04
9.182000000000000162e-01 -1.743932224682874585e+04
9.183000000000000052e-01 -1.744354296037881068e+04
9.183999999999999941e-01 -1.744801331942981051e+04
9.185000000000000941e-01 -1.745274870588671183e+04
9.186000000000000831e-01 -1.745779540214544613e+04
9.187000000000000721e-01 -1.746323954921973927e+04
9.188000000000000611e-01 -1.746913764962413188e+04
9.189000000000000501e-01 -1.747546023117552249e+04
9.190000000000000391e-01 -1.748222412974400140e+04
9.191000000000000281e-01 -1.748947513652729685e+04
9.192000000000000171e-01 -1.749662780617894168e+04
9.193000000000000060e-01 -1.750104031830398162e+04
9.193999999999999950e-01 -1.750313134328398519e+04
9.195000000000000950e-01 -1.750482106518973524e+04
9.196000000000000840e-01 -1.750669396299795699e+04
9.197000000000000730e-01 -1.750856608302336463e+04
9.198000000000000620e-01 -1.751041414656812412e+04
9.199000000000000510e-01 -1.751229298745142296e+04
9.200000000000000400e-01 -1.751424861247599620e+04
9.201000000000000290e-01 -1.751631372591173931e+04
9.202000000000000179e-01 -1.751848932725967461e+04
9.203000000000000069e-01 -1.752074552867438251e+04
9.203999999999999959e-01 -1.752303731591847099e+04
9.205000000000000959e-01 -1.752532826160346303e+04
9.206000000000000849e-01 -1.752760676230266836e+04
9.207000000000000739e-01 -1.752987776760472116e+04
9.208000000000000629e-01 -1.753216285110271565e+04
9.209000000000000519e-01 -1.753445174631437112e+04
9.210000000000000409e-01 -1.753672835974398185e+04
9.211000000000000298e-01 -1.753899302387506032e+04
9.212000000000000188e-01 -1.754125161255936109e+04
9.213000000000000078e-01 -1.754350620765415806e+04
9.213999999999999968e-01 -1.754575887768793837e+04
9.215000000000000968e-01 -1.754802029426705485e+04
9.216000000000000858e-01 -1.755030056846073421e+04
9.217000000000000748e-01 -1.755259002652730123e+04
9.218000000000000638e-01 -1.755487221214907913e+04
9.219000000000000528e-01 -1.755715206984875840e+04
9.220000000000000417e-01 -1.755943561252719883e+04
9.221000000000000307e-01 -1.756172542747970874e+04
9.222000000000000197e-01 -1.756402108877167484e+04
9.223000000000000087e-01 -1.756632147204199282e+04
9.223999999999999977e-01 -1.756862457584849835e+04
9.225000000000000977e-01 -1.757092989837151981e+04
9.226000000000000867e-01 -1.757323767412346569e+04
9.227000000000000757e-01 -1.757554826811888779e+04
9.228000000000000647e-01 -1.757786175489608286e+04
9.229000000000000536e-01 -1.758017486610069682e+04
9.230000000000000426e-01 -1.758248312516865917e+04
9.231000000000000316e-01 -1.758478570815686908e+04
9.232000000000000206e-01 -1.758708533951392383e+04
9.233000000000000096e-01 -1.758938041419268848e+04
9.233999999999999986e-01 -1.759166934494184534e+04
9.235000000000000986e-01 -1.759395433782110922e+04
9.236000000000000876e-01 -1.759623668067120161e+04
9.237000000000000766e-01 -1.759851709448903421e+04
9.238000000000000655e-01 -1.760079565545721562e+04
9.239000000000000545e-01 -1.760307242040453639e+04
9.240000000000000435e-01 -1.760534697716209121e+04
9.241000000000000325e-01 -1.760761627002064415e+04
9.242000000000000215e-01 -1.760987673495512718e+04
9.243000000000000105e-01 -1.761212872545256323e+04
9.243999999999999995e-01 -1.761437404978503037e+04
9.245000000000000995e-01 -1.761661416377335263e+04
9.246000000000000885e-01 -1.761884996183502881e+04
9.247000000000000774e-01 -1.762108201278687920e+04
9.248000000000000664e-01 -1.762331078329008233e+04
9.249000000000000554e-01 -1.762553673449938287e+04
9.250000000000000444e-01 -1.762776033767702756e+04
9.251000000000000334e-01 -1.762998173866994694e+04
9.252000000000000224e-01 -1.763220076108880312e+04
9.253000000000000114e-01 -1.763441872190550566e+04
9.254000000000000004e-01 -1.763663638168406760e+04
9.254999999999999893e-01 -1.763885418206450413e+04
9.256000000000000894e-01 -1.764107246171769657e+04
9.257000000000000783e-01 -1.764329149029912514e+04
9.258000000000000673e-01 -1.764551147450964709e+04
9.259000000000000563e-01 -1.764773234820361540e+04
9.260000000000000453e-01 -1.764995446902695039e+04
9.261000000000000343e-01 -1.765217818162952608e+04
9.262000000000000233e-01 -1.765440357508903980e+04
9.263000000000000123e-01 -1.765663043040023331e+04
9.264000000000000012e-01 -1.765885854641434707e+04
9.264999999999999902e-01 -1.766108760362038447e+04
9.266000000000000902e-01 -1.766331725760731570e+04
9.267000000000000792e-01 -1.766554718419193159e+04
9.268000000000000682e-01 -1.766777709820964446e+04
9.269000000000000572e-01 -1.767000677633903979e+04
9.270000000000000462e-01 -1.767223614444461782e+04
9.271000000000000352e-01 -1.767446514420600215e+04
9.272000000000000242e-01 -1.767669366699605962e+04
9.273000000000000131e-01 -1.767892163811250430e+04
9.274000000000000021e-01 -1.768114903392021733e+04
9.274999999999999911e-01 -1.768337599682292785e+04
9.276000000000000911e-01 -1.768560279569575141e+04
9.277000000000000801e-01 -1.768782923056919026e+04
9.278000000000000691e-01 -1.769005540280645437e+04
9.279000000000000581e-01 -1.769228151029348737e+04
9.280000000000000471e-01 -1.769450777028143420e+04
9.281000000000000361e-01 -1.769673427890986204e+04
9.282000000000000250e-01 -1.769895992971962551e+04
9.283000000000000140e-01 -1.770118293459899724e+04
9.284000000000000030e-01 -1.770340171420886691e+04
9.284999999999999920e-01 -1.770561615295349839e+04
9.286000000000000920e-01 -1.770782658405906113e+04
9.287000000000000810e-01 -1.771003385546791469e+04
9.288000000000000700e-01 -1.771223877445377366e+04
9.289000000000000590e-01 -1.771444198897783644e+04
9.290000000000000480e-01 -1.771664399604011487e+04
9.291000000000000369e-01 -1.771884516841236109e+04
9.292000000000000259e-01 -1.772104578013772334e+04
9.293000000000000149e-01 -1.772324602738450631e+04
9.294000000000000039e-01 -1.772544603620144335e+04
9.294999999999999929e-01 -1.772764589436403912e+04
9.296000000000000929e-01 -1.772984567674749633e+04
9.297000000000000819e-01 -1.773204538096326360e+04
9.298000000000000709e-01 -1.773424501935165245e+04
9.299000000000000599e-01 -1.773644463185564746e+04
9.300000000000000488e-01 -1.773864421109493196e+04
9.301000000000000378e-01 -1.774083064861051025e+04
9.302000000000000268e-01 -1.774297692462115083e+04
9.303000000000000158e-01 -1.774508552457313272e+04
9.304000000000000048e-01 -1.774716515993943540e+04
9.304999999999999938e-01 -1.774922326206509752e+04
9.306000000000000938e-01 -1.775126544079828454e+04
9.307000000000000828e-01 -1.775329582055784704e+04
9.308000000000000718e-01 -1.775531732238680343e+04
9.309000000000000608e-01 -1.775733218491833759e+04
9.310000000000000497e-01 -1.775934206141241157e+04
9.311000000000000387e-01 -1.776134821135892707e+04
9.312000000000000277e-01 -1.776335194205095104e+04
9.313000000000000167e-01 -1.776535296237382863e+04
9.314000000000000057e-01 -1.776735214392913622e+04
9.314999999999999947e-01 -1.776934902559318289e+04
9.316000000000000947e-01 -1.777134411866069786e+04
9.317000000000000837e-01 -1.777333838136134364e+04
9.318000000000000727e-01 -1.777533285308497943e+04
9.319000000000000616e-01 -1.777732815931238292e+04
9.320000000000000506e-01 -1.777932435546416309e+04
9.321000000000000396e-01 -1.778132361218297956e+04
9.322000000000000286e-01 -1.778332261090654356e+04
9.323000000000000176e-01 -1.778532215250467561e+04
9.324000000000000066e-01 -1.778732207468990600e+04
9.324999999999999956e-01 -1.778932084568679056e+04
9.326000000000000956e-01 -1.779131763280215819e+04
9.327000000000000846e-01 -1.779331216637392936e+04
9.328000000000000735e-01 -1.779530425097221087e+04
9.329000000000000625e-01 -1.779729380485996808e+04
9.330000000000000515e-01 -1.779928087526847594e+04
9.331000000000000405e-01 -1.780126560251782212e+04
9.332000000000000295e-01 -1.780324819398385080e+04
9.333000000000000185e-01 -1.780522904694411409e+04
9.334000000000000075e-01 -1.780720814412457185e+04
9.334999999999999964e-01 -1.780918534381990321e+04
9.336000000000000965e-01 -1.781116076561126101e+04
9.337000000000000854e-01 -1.781313444710153635e+04
9.338000000000000744e-01 -1.781510657951404573e+04
9.339000000000000634e-01 -1.781707747677701263e+04
9.340000000000000524e-01 -1.781904739952596356e+04
9.341000000000000414e-01 -1.782101711536517541e+04
9.342000000000000304e-01 -1.782298766585717021e+04
9.343000000000000194e-01 -1.782495838365995223e+04
9.344000000000000083e-01 -1.782692870575152847e+04
9.344999999999999973e-01 -1.782889855543228259e+04
9.346000000000000973e-01 -1.783086954090549261e+04
9.347000000000000863e-01 -1.783284298394248617e+04
9.348000000000000753e-01 -1.783481824303699977e+04
9.349000000000000643e-01 -1.783679419161920305e+04
9.350000000000000533e-01 -1.783876999631185026e+04
9.351000000000000423e-01 -1.784074521219989765e+04
9.352000000000000313e-01 -1.784271965887364786e+04
9.353000000000000203e-01 -1.784469436812532513e+04
9.354000000000000092e-01 -1.784666916154922728e+04
9.354999999999999982e-01 -1.784864084891343737e+04
9.356000000000000982e-01 -1.785061105016541114e+04
9.357000000000000872e-01 -1.785257913178944364e+04
9.358000000000000762e-01 -1.785454321173079006e+04
9.359000000000000652e-01 -1.785650379564240211e+04
9.360000000000000542e-01 -1.785846177540766075e+04
9.361000000000000432e-01 -1.786041673444601838e+04
9.362000000000000322e-01 -1.786237157471865066e+04
9.363000000000000211e-01 -1.786432604619510312e+04
9.364000000000000101e-01 -1.786627696762826235e+04
9.364999999999999991e-01 -1.786822740097393034e+04
9.366000000000000991e-01 -1.787017898279683504e+04
9.367000000000000881e-01 -1.787212965886159145e+04
9.368000000000000771e-01 -1.787407993889051068e+04
9.369000000000000661e-01 -1.787603179488051319e+04
9.370000000000000551e-01 -1.787798353090927048e+04
9.371000000000000441e-01 -1.787993578171797344e+04
9.372000000000000330e-01 -1.788188848159383997e+04
9.373000000000000220e-01 -1.788384407363660284e+04
9.374000000000000110e-01 -1.788580406285294521e+04
9.375000000000000000e-01 -1.788776781957363346e+04
9.376000000000001000e-01 -1.788973419914053375e+04
9.377000000000000890e-01 -1.789170254366074369e+04
9.378000000000000780e-01 -1.789367123114405695e+04
9.379000000000000670e-01 -1.789563896243664931e+04
9.380000000000000560e-01 -1.789760516113933045e+04
9.381000000000000449e-01 -1.789956937363970064e+04
9.382000000000000339e-01 -1.790153059788125756e+04
9.383000000000000229e-01 -1.790348827321172575e+04
9.384000000000000119e-01 -1.790544280636684562e+04
9.385000000000000009e-01 -1.790739785223210856e+04
9.385999999999999899e-01 -1.790935215834666451e+04
9.387000000000000899e-01 -1.791129833076054274e+04
9.388000000000000789e-01 -1.791324012349370241e+04
9.389000000000000679e-01 -1.791517925810398083e+04
9.390000000000000568e-01 -1.791711555518759269e+04
9.391000000000000458e-01 -1.791905005947145401e+04
9.392000000000000348e-01 -1.792099168852093135e+04
9.393000000000000238e-01 -1.792295340659249268e+04
9.394000000000000128e-01 -1.792494473412052685e+04
9.395000000000000018e-01 -1.792695922519801388e+04
9.395999999999999908e-01 -1.792897957756579854e+04
9.397000000000000908e-01 -1.793099039848486063e+04
9.398000000000000798e-01 -1.793298692326417586e+04
9.399000000000000687e-01 -1.793497151124734955e+04
9.400000000000000577e-01 -1.793694946401231209e+04
9.401000000000000467e-01 -1.793892513056645839e+04
9.402000000000000357e-01 -1.794090075087600417e+04
9.403000000000000247e-01 -1.794287913691798167e+04
9.404000000000000137e-01 -1.794486282788855533e+04
9.405000000000000027e-01 -1.794685055828112672e+04
9.405999999999999917e-01 -1.794884171237660848e+04
9.407000000000000917e-01 -1.795083348715159082e+04
9.408000000000000806e-01 -1.795282192185397071e+04
9.409000000000000696e-01 -1.795480198539122648e+04
9.410000000000000586e-01 -1.795676983866589580e+04
9.411000000000000476e-01 -1.795872520621718286e+04
9.412000000000000366e-01 -1.796067023784236153e+04
9.413000000000000256e-01 -1.796260727340923768e+04
9.414000000000000146e-01 -1.796453813891976097e+04
9.415000000000000036e-01 -1.796646425411835298e+04
9.415999999999999925e-01 -1.796838687425244643e+04
9.417000000000000925e-01 -1.797030718193680877e+04
9.418000000000000815e-01 -1.797222622742645763e+04
9.419000000000000705e-01 -1.797414481615046680e+04
9.420000000000000595e-01 -1.797606342705789575e+04
9.421000000000000485e-01 -1.797798219381608942e+04
9.422000000000000375e-01 -1.797990093979125959e+04
9.423000000000000265e-01 -1.798181923887689845e+04
9.424000000000000155e-01 -1.798373646797529000e+04
9.425000000000000044e-01 -1.798565186069237097e+04
9.425999999999999934e-01 -1.798756451809636565e+04
9.427000000000000934e-01 -1.798947332879144233e+04
9.428000000000000824e-01 -1.799137628832484916e+04
9.429000000000000714e-01 -1.799326721964755416e+04
9.430000000000000604e-01 -1.799513953972317540e+04
9.431000000000000494e-01 -1.799698181642474810e+04
9.432000000000000384e-01 -1.799877502015429855e+04
9.433000000000000274e-01 -1.800050230554644440e+04
9.434000000000000163e-01 -1.800214699418415694e+04
9.435000000000000053e-01 -1.800368878341803065e+04
9.435999999999999943e-01 -1.800510766742880151e+04
9.437000000000000943e-01 -1.800638451496765265e+04
9.438000000000000833e-01 -1.800750133396488309e+04
9.439000000000000723e-01 -1.800844147203063767e+04
9.440000000000000613e-01 -1.800919075280698962e+04
9.441000000000000503e-01 -1.800977029064205999e+04
9.442000000000000393e-01 -1.801021458897162302e+04
9.443000000000000282e-01 -1.801052352882868945e+04
9.444000000000000172e-01 -1.801068823219376281e+04
9.445000000000000062e-01 -1.801070550623144300e+04
9.445999999999999952e-01 -1.801058535546822895e+04
9.447000000000000952e-01 -1.801043070678862205e+04
9.448000000000000842e-01 -1.801029077012915513e+04
9.449000000000000732e-01 -1.801016803682018144e+04
9.450000000000000622e-01 -1.801005478122781278e+04
9.451000000000000512e-01 -1.800995780406706399e+04
9.452000000000000401e-01 -1.800996953941076936e+04
9.453000000000000291e-01 -1.801013457439963895e+04
9.454000000000000181e-01 -1.801044781576843161e+04
9.455000000000000071e-01 -1.801089177146197108e+04
9.455999999999999961e-01 -1.801155320902262974e+04
9.457000000000000961e-01 -1.801253979907135363e+04
9.458000000000000851e-01 -1.801384758181327925e+04
9.459000000000000741e-01 -1.801541373296664460e+04
9.460000000000000631e-01 -1.801714350086104241e+04
9.461000000000000520e-01 -1.801896921244998157e+04
9.462000000000000410e-01 -1.802085116004069641e+04
9.463000000000000300e-01 -1.802276998048010500e+04
9.464000000000000190e-01 -1.802471816288354239e+04
9.465000000000000080e-01 -1.802669314198299617e+04
9.465999999999999970e-01 -1.802869299610628514e+04
9.467000000000000970e-01 -1.803069927712059871e+04
9.468000000000000860e-01 -1.803268791812098425e+04
9.469000000000000750e-01 -1.803474058229249204e+04
9.470000000000000639e-01 -1.803682025030776276e+04
9.471000000000000529e-01 -1.803890498723680867e+04
9.472000000000000419e-01 -1.804098460085458646e+04
9.473000000000000309e-01 -1.804306590411341313e+04
9.474000000000000199e-01 -1.804514525290622987e+04
9.475000000000000089e-01 -1.804721681876978619e+04
9.475999999999999979e-01 -1.804927476032107370e+04
9.477000000000000979e-01 -1.805132281575834713e+04
9.478000000000000869e-01 -1.805336451330861382e+04
9.479000000000000759e-01 -1.805539777602215690e+04
9.480000000000000648e-01 -1.805742256757574069e+04
9.481000000000000538e-01 -1.805943844256275406e+04
9.482000000000000428e-01 -1.806144465968150689e+04
9.483000000000000318e-01 -1.806344071031302519e+04
9.484000000000000208e-01 -1.806542661184451208e+04
9.485000000000000098e-01 -1.806740197178356902e+04
9.485999999999999988e-01 -1.806936689723286327e+04
9.487000000000000988e-01 -1.807132571543575978e+04
9.488000000000000878e-01 -1.807327794715310301e+04
9.489000000000000767e-01 -1.807522408059437657e+04
9.490000000000000657e-01 -1.807716717331064501e+04
9.491000000000000547e-01 -1.807911184612899524e+04
9.492000000000000437e-01 -1.808106023086463028e+04
9.493000000000000327e-01 -1.808301306462631328e+04
9.494000000000000217e-01 -1.808497051816004023e+04
9.495000000000000107e-01 -1.808693251557974509e+04
9.495999999999999996e-01 -1.808889882575846423e+04
9.497000000000000997e-01 -1.809087136176866261e+04
9.498000000000000886e-01 -1.809284927737708495e+04
9.499000000000000776e-01 -1.809483414777399230e+04
9.500000000000000666e-01 -1.809682888668001760e+04
9.501000000000000556e-01 -1.810063977529088879e+04
9.502000000000000446e-01 -1.810567433082471325e+04
9.503000000000000336e-01 -1.811101418438799010e+04
9.504000000000000226e-01 -1.811666482164868285e+04
9.505000000000000115e-01 -1.812303745834478468e+04
9.506000000000000005e-01 -1.813023617022403050e+04
9.507000000000001005e-01 -1.813799411217197121e+04
9.508000000000000895e-01 -1.814559116683619504e+04
9.509000000000000785e-01 -1.815266999086910801e+04
9.510000000000000675e-01 -1.815859279685820002e+04
9.511000000000000565e-01 -1.816331742480853791e+04
9.512000000000000455e-01 -1.816717412305392645e+04
9.513000000000000345e-01 -1.817040458858856073e+04
9.514000000000000234e-01 -1.817323360546374170e+04
9.515000000000000124e-01 -1.817576589802704621e+04
9.516000000000000014e-01 -1.817807803104396953e+04
9.516999999999999904e-01 -1.818022376576025636e+04
9.518000000000000904e-01 -1.818279830659192521e+04
9.519000000000000794e-01 -1.818612040315079867e+04
9.520000000000000684e-01 -1.818918415569340505e+04
9.521000000000000574e-01 -1.819151770973108796e+04
9.522000000000000464e-01 -1.819330087493589235e+04
9.523000000000000353e-01 -1.819475129246544748e+04
9.524000000000000243e-01 -1.819600843890032775e+04
9.525000000000000133e-01 -1.819715892672164409e+04
9.526000000000000023e-01 -1.819825701108411158e+04
9.526999999999999913e-01 -1.819932901959063747e+04
9.528000000000000913e-01 -1.820037591633624470e+04
9.529000000000000803e-01 -1.820139742456037857e+04
9.530000000000000693e-01 -1.820240459809967433e+04
9.531000000000000583e-01 -1.820340670767166375e+04
9.532000000000000473e-01 -1.820441715348076104e+04
9.533000000000000362e-01 -1.820543135082246954e+04
9.534000000000000252e-01 -1.820642358765583413e+04
9.535000000000000142e-01 -1.820737076885269562e+04
9.536000000000000032e-01 -1.820825356524128802e+04
9.536999999999999922e-01 -1.820905641847429797e+04
9.538000000000000922e-01 -1.820976895014367983e+04
9.539000000000000812e-01 -1.821039179063821939e+04
9.540000000000000702e-01 -1.821097130516454490e+04
9.541000000000000592e-01 -1.821153516277991002e+04
9.542000000000000481e-01 -1.821207579509509014e+04
9.543000000000000371e-01 -1.821257957768666529e+04
9.544000000000000261e-01 -1.821305301723600860e+04
9.545000000000000151e-01 -1.821348750358092002e+04
9.546000000000000041e-01 -1.821388944494142197e+04
9.546999999999999931e-01 -1.821431881849820275e+04
9.548000000000000931e-01 -1.821479283114670034e+04
9.549000000000000821e-01 -1.821532702918786890e+04
9.550000000000000711e-01 -1.821598080220952397e+04
9.551000000000000600e-01 -1.821677122951823549e+04
9.552000000000000490e-01 -1.821777343949507122e+04
9.553000000000000380e-01 -1.821901067719088314e+04
9.554000000000000270e-01 -1.822044143935703687e+04
9.555000000000000160e-01 -1.822203794245319659e+04
9.556000000000000050e-01 -1.822376411803169685e+04
9.556999999999999940e-01 -1.822557339292334291e+04
9.558000000000000940e-01 -1.822743302846042934e+04
9.559000000000000830e-01 -1.822932452850104892e+04
9.560000000000000719e-01 -1.823123740268666370e+04
9.561000000000000609e-01 -1.823317659665556857e+04
9.562000000000000499e-01 -1.823518045347128646e+04
9.563000000000000389e-01 -1.823723269486850040e+04
9.564000000000000279e-01 -1.823931300073680177e+04
9.565000000000000169e-01 -1.824140716128081112e+04
9.566000000000000059e-01 -1.824349849086120594e+04
9.566999999999999948e-01 -1.824558278687916390e+04
9.568000000000000949e-01 -1.824764316714467350e+04
9.569000000000000838e-01 -1.824971079601722886e+04
9.570000000000000728e-01 -1.825178901268029222e+04
9.571000000000000618e-01 -1.825387055745099133e+04
9.572000000000000508e-01 -1.825591931773883698e+04
9.573000000000000398e-01 -1.825777480858915806e+04
9.574000000000000288e-01 -1.825957411920798040e+04
9.575000000000000178e-01 -1.826140427203227227e+04
9.576000000000000068e-01 -1.826328684157697717e+04
9.576999999999999957e-01 -1.826521473206006340e+04
9.578000000000000957e-01 -1.826717389133774486e+04
9.579000000000000847e-01 -1.826896500301447304e+04
9.580000000000000737e-01 -1.827059150479051095e+04
9.581000000000000627e-01 -1.827223881492061992e+04
9.582000000000000517e-01 -1.827394780794021790e+04
9.583000000000000407e-01 -1.827571287744140864e+04
9.584000000000000297e-01 -1.827752209973822755e+04
9.585000000000000187e-01 -1.827936834827800340e+04
9.586000000000000076e-01 -1.828124599000508533e+04
9.586999999999999966e-01 -1.828314904766501786e+04
9.588000000000000966e-01 -1.828507246756853056e+04
9.589000000000000856e-01 -1.828701213860109783e+04
9.590000000000000746e-01 -1.828896405087925450e+04
9.591000000000000636e-01 -1.829092695394276598e+04
9.592000000000000526e-01 -1.829289982053627318e+04
9.593000000000000416e-01 -1.829488118293818479e+04
9.594000000000000306e-01 -1.829687048944139678e+04
9.595000000000000195e-01 -1.829886307492495325e+04
9.596000000000000085e-01 -1.830085987293838480e+04
9.596999999999999975e-01 -1.830285024171436817e+04
9.598000000000000975e-01 -1.830441239338220475e+04
9.599000000000000865e-01 -1.830576875417407064e+04
9.600000000000000755e-01 -1.830721181404077652e+04
9.601000000000000645e-01 -1.830880733566182244e+04
9.602000000000000535e-01 -1.831057256988570225e+04
9.603000000000000425e-01 -1.831248073530018519e+04
9.604000000000000314e-01 -1.831412721343656449e+04
9.605000000000000204e-01 -1.831533283765239685e+04
9.606000000000000094e-01 -1.831661163218414003e+04
9.606999999999999984e-01 -1.831808811372685886e+04
9.608000000000000984e-01 -1.831975990509207622e+04
9.609000000000000874e-01 -1.832158880753826088e+04
9.610000000000000764e-01 -1.832353570634173229e+04
9.611000000000000654e-01 -1.832556960853577766e+04
9.612000000000000544e-01 -1.832767160887098726e+04
9.613000000000000433e-01 -1.832982475805859940e+04
9.614000000000000323e-01 -1.833201060224340472e+04
9.615000000000000213e-01 -1.833421876370643804e+04
9.616000000000000103e-01 -1.833643985907399474e+04
9.616999999999999993e-01 -1.833866929036881265e+04
9.618000000000000993e-01 -1.834090548485407635e+04
9.619000000000000883e-01 -1.834314842728074655e+04
9.620000000000000773e-01 -1.834539919164702223e+04
9.621000000000000663e-01 -1.834765954986998622e+04
9.622000000000000552e-01 -1.834993215065129698e+04
9.623000000000000442e-01 -1.835221194564206962e+04
9.624000000000000332e-01 -1.835449647290620851e+04
9.625000000000000222e-01 -1.835678652471299210e+04
9.626000000000000112e-01 -1.835908181927783880e+04
9.627000000000000002e-01 -1.836138176737965478e+04
9.628000000000001002e-01 -1.836368574340307532e+04
9.629000000000000892e-01 -1.836599317021776733e+04
9.630000000000000782e-01 -1.836830355137945298e+04
9.631000000000000671e-01 -1.837061651247091504e+04
9.632000000000000561e-01 -1.837293214469722807e+04
9.633000000000000451e-01 -1.837525246535689803e+04
9.634000000000000341e-01 -1.837756987185127582e+04
9.635000000000000231e-01 -1.837990248129775136e+04
9.636000000000000121e-01 -1.838224451027167379e+04
9.637000000000000011e-01 -1.838458986523082058e+04
9.638000000000001011e-01 -1.838693626412788217e+04
9.639000000000000901e-01 -1.838928360301085559e+04
9.640000000000000790e-01 -1.839163169353869671e+04
9.641000000000000680e-01 -1.839397900877962820e+04
9.642000000000000570e-01 -1.839633061576198088e+04
9.643000000000000460e-01 -1.839868439446772027e+04
9.644000000000000350e-01 -1.840104045893185321e+04
9.645000000000000240e-01 -1.840340042712724244e+04
9.646000000000000130e-01 -1.840576569789008499e+04
9.647000000000000020e-01 -1.840813364656530030e+04
9.647999999999999909e-01 -1.841050555096585595e+04
9.649000000000000909e-01 -1.841288104176291017e+04
9.650000000000000799e-01 -1.841525830891125224e+04
9.651000000000000689e-01 -1.841763721530137991e+04
9.652000000000000579e-01 -1.842001840502974301e+04
9.653000000000000469e-01 -1.842240266423498906e+04
9.654000000000000359e-01 -1.842479063933251382e+04
9.655000000000000249e-01 -1.842718275961346808e+04
9.656000000000000139e-01 -1.842957926212572056e+04
9.657000000000000028e-01 -1.843198026228712843e+04
9.657999999999999918e-01 -1.843438584981359600e+04
9.659000000000000918e-01 -1.843679630354727851e+04
9.660000000000000808e-01 -1.843921278093723595e+04
9.661000000000000698e-01 -1.844163863473978927e+04
9.662000000000000588e-01 -1.844408052243018028e+04
9.663000000000000478e-01 -1.844654044482687459e+04
9.664000000000000368e-01 -1.844901740408695696e+04
9.665000000000000258e-01 -1.845150973797431652e+04
9.666000000000000147e-01 -1.845401594700777059e+04
9.667000000000000037e-01 -1.845652707748169996e+04
9.667999999999999927e-01 -1.845905658961301742e+04
9.669000000000000927e-01 -1.846160908659629786e+04
9.670000000000000817e-01 -1.846419320813760351e+04
9.671000000000000707e-01 -1.846682503602931683e+04
9.672000000000000597e-01 -1.846950762486504027e+04
9.673000000000000487e-01 -1.847223679298045317e+04
9.674000000000000377e-01 -1.847502518371213591e+04
9.675000000000000266e-01 -1.847787028344792634e+04
9.676000000000000156e-01 -1.848076987131866554e+04
9.677000000000000046e-01 -1.848372285496906989e+04
9.677999999999999936e-01 -1.848672388284385670e+04
9.679000000000000936e-01 -1.848980156462872765e+04
9.680000000000000826e-01 -1.849298404872139872e+04
9.681000000000000716e-01 -1.849629820168820515e+04
9.682000000000000606e-01 -1.849976301149804203e+04
9.683000000000000496e-01 -1.850336427642095441e+04
9.684000000000000385e-01 -1.850713102601528590e+04
9.685000000000000275e-01 -1.851111043612686626e+04
9.686000000000000165e-01 -1.851533517284342815e+04
9.687000000000000055e-01 -1.851984601750799266e+04
9.687999999999999945e-01 -1.852469551969610984e+04
9.689000000000000945e-01 -1.852996607599156050e+04
9.690000000000000835e-01 -1.853568721534181532e+04
9.691000000000000725e-01 -1.854186971455802268e+04
9.692000000000000615e-01 -1.854847054600288175e+04
9.693000000000000504e-01 -1.855438740962765223e+04
9.694000000000000394e-01 -1.855780923982703098e+04
9.695000000000000284e-01 -1.855964783067844837e+04
9.696000000000000174e-01 -1.856117059095781951e+04
9.697000000000000064e-01 -1.856309886396326692e+04
9.697999999999999954e-01 -1.856517204806745576e+04
9.699000000000000954e-01 -1.856730197120298908e+04
9.700000000000000844e-01 -1.856941132315184950e+04
9.701000000000000734e-01 -1.857147147312791640e+04
9.702000000000000624e-01 -1.857350501381270078e+04
9.703000000000000513e-01 -1.857554698796314187e+04
9.704000000000000403e-01 -1.857763727516607469e+04
9.705000000000000293e-01 -1.857980633988248519e+04
9.706000000000000183e-01 -1.858205824576754458e+04
9.707000000000000073e-01 -1.858437595637549384e+04
9.707999999999999963e-01 -1.858673357516727992e+04
9.709000000000000963e-01 -1.858910700629094572e+04
9.710000000000000853e-01 -1.859147626355343164e+04
9.711000000000000743e-01 -1.859383169599441680e+04
9.712000000000000632e-01 -1.859616442797023046e+04
9.713000000000000522e-01 -1.859846592606244667e+04
9.714000000000000412e-01 -1.860073913234214342e+04
9.715000000000000302e-01 -1.860298996445120792e+04
9.716000000000000192e-01 -1.860522457172524810e+04
9.717000000000000082e-01 -1.860744920422701398e+04
9.717999999999999972e-01 -1.860966938474444760e+04
9.719000000000000972e-01 -1.861188978720271916e+04
9.720000000000000862e-01 -1.861411413219228780e+04
9.721000000000000751e-01 -1.861634323026645507e+04
9.722000000000000641e-01 -1.861857673309315942e+04
9.723000000000000531e-01 -1.862081413819303998e+04
9.724000000000000421e-01 -1.862305462797870132e+04
9.725000000000000311e-01 -1.862529728486850945e+04
9.726000000000000201e-01 -1.862754097625624490e+04
9.727000000000000091e-01 -1.862978484490245319e+04
9.727999999999999980e-01 -1.863202848802025983e+04
9.729000000000000981e-01 -1.863427174692351764e+04
9.730000000000000870e-01 -1.863651475037930140e+04
9.731000000000000760e-01 -1.863875765251321354e+04
9.732000000000000650e-01 -1.864100330017610031e+04
9.733000000000000540e-01 -1.864324894058708014e+04
9.734000000000000430e-01 -1.864549080635120845e+04
9.735000000000000320e-01 -1.864773206088492225e+04
9.736000000000000210e-01 -1.864997353297889276e+04
9.737000000000000099e-01 -1.865221495265591511e+04
9.737999999999999989e-01 -1.865445591200766648e+04
9.739000000000000989e-01 -1.865669619325049644e+04
9.740000000000000879e-01 -1.865893583055238923e+04
9.741000000000000769e-01 -1.866117485787183978e+04
9.742000000000000659e-01 -1.866341329004954969e+04
9.743000000000000549e-01 -1.866565115364057783e+04
9.744000000000000439e-01 -1.866788848840696301e+04
9.745000000000000329e-01 -1.867012535653431041e+04
9.746000000000000218e-01 -1.867236182736563205e+04
9.747000000000000108e-01 -1.867459796079231455e+04
9.747999999999999998e-01 -1.867683358651462549e+04
9.749000000000000998e-01 -1.867913821725809976e+04
9.750000000000000888e-01 -1.868155439335795018e+04
9.751000000000000778e-01 -1.868396246333976887e+04
9.752000000000000668e-01 -1.868634043926054801e+04
9.753000000000000558e-01 -1.868870267846947536e+04
9.754000000000000448e-01 -1.869114708997406342e+04
9.755000000000000338e-01 -1.869359538674876967e+04
9.756000000000000227e-01 -1.869600809452262911e+04
9.757000000000000117e-01 -1.869839366602950759e+04
9.758000000000000007e-01 -1.870076254039427295e+04
9.759000000000001007e-01 -1.870312134828263152e+04
9.760000000000000897e-01 -1.870546996279123414e+04
9.761000000000000787e-01 -1.870778757573049370e+04
9.762000000000000677e-01 -1.871007491264777491e+04
9.763000000000000567e-01 -1.871234067707300710e+04
9.764000000000000457e-01 -1.871459171931637684e+04
9.765000000000000346e-01 -1.871683247677136387e+04
9.766000000000000236e-01 -1.871906602030274371e+04
9.767000000000000126e-01 -1.872129596318452968e+04
9.768000000000000016e-01 -1.872352505472174380e+04
9.769000000000001016e-01 -1.872575417827798083e+04
9.770000000000000906e-01 -1.872798308718429689e+04
9.771000000000000796e-01 -1.873021139833665075e+04
9.772000000000000686e-01 -1.873243751441251516e+04
9.773000000000000576e-01 -1.873466539516026023e+04
9.774000000000000465e-01 -1.873689365807492140e+04
9.775000000000000355e-01 -1.873912208004753484e+04
9.776000000000000245e-01 -1.874135071726203751e+04
9.777000000000000135e-01 -1.874357957001399336e+04
9.778000000000000025e-01 -1.874580859657519613e+04
9.778999999999999915e-01 -1.874803782129381216e+04
9.780000000000000915e-01 -1.875029074285854949e+04
9.781000000000000805e-01 -1.875257050455641365e+04
9.782000000000000695e-01 -1.875486505659628529e+04
9.783000000000000584e-01 -1.875716558171804718e+04
9.784000000000000474e-01 -1.875945654259257572e+04
9.785000000000000364e-01 -1.876173335336143282e+04
9.786000000000000254e-01 -1.876399643166805981e+04
9.787000000000000144e-01 -1.876624979984911261e+04
9.788000000000000034e-01 -1.876849457379244632e+04
9.788999999999999924e-01 -1.877073122890052036e+04
9.790000000000000924e-01 -1.877296121316323843e+04
9.791000000000000814e-01 -1.877518630260483769e+04
9.792000000000000703e-01 -1.877740811975632460e+04
9.793000000000000593e-01 -1.877962789526184497e+04
9.794000000000000483e-01 -1.878184644957694400e+04
9.795000000000000373e-01 -1.878406427717742918e+04
9.796000000000000263e-01 -1.878628163101070095e+04
9.797000000000000153e-01 -1.878849861252621849e+04
9.798000000000000043e-01 -1.879071539572744223e+04
9.798999999999999932e-01 -1.879293201502514421e+04
9.800000000000000933e-01 -1.879514849139699072e+04
9.801000000000000822e-01 -1.879735232971138612e+04
9.802000000000000712e-01 -1.879951881652906741e+04
9.803000000000000602e-01 -1.880164923608211393e+04
9.804000000000000492e-01 -1.880375022493653523e+04
9.805000000000000382e-01 -1.880582838979276130e+04
9.806000000000000272e-01 -1.880788912918103597e+04
9.807000000000000162e-01 -1.880993679212197094e+04
9.808000000000000052e-01 -1.881197476819646909e+04
9.808999999999999941e-01 -1.881400595095632161e+04
9.810000000000000941e-01 -1.881603472454638177e+04
9.811000000000000831e-01 -1.881806098418362308e+04
9.812000000000000721e-01 -1.882008485181500873e+04
9.813000000000000611e-01 -1.882210665908125520e+04
9.814000000000000501e-01 -1.882412673106109287e+04
9.815000000000000391e-01 -1.882614537774329074e+04
9.816000000000000281e-01 -1.882816286186051730e+04
9.817000000000000171e-01 -1.883017892884277171e+04
9.818000000000000060e-01 -1.883219318819872205e+04
9.818999999999999950e-01 -1.883420595049116673e+04
9.820000000000000950e-01 -1.883621759335062234e+04
9.821000000000000840e-01 -1.883822843767041195e+04
9.822000000000000730e-01 -1.884023873517574975e+04
9.823000000000000620e-01 -1.884224851964979098e+04
9.824000000000000510e-01 -1.884425749463111424e+04
9.825000000000000400e-01 -1.884626714122836347e+04
9.826000000000000290e-01 -1.884827692536722316e+04
9.827000000000000179e-01 -1.885028675312784617e+04
9.828000000000000069e-01 -1.885229664723614769e+04
9.828999999999999959e-01 -1.885430663995603027e+04
9.830000000000000959e-01 -1.885631675442157575e+04
9.831000000000000849e-01 -1.885832699144641447e+04
9.832000000000000739e-01 -1.886033734198506500e+04
9.833000000000000629e-01 -1.886234778865336557e+04
9.834000000000000519e-01 -1.886435830628122494e+04
9.835000000000000409e-01 -1.886636885757087657e+04
9.836000000000000298e-01 -1.886837943694737623e+04
9.837000000000000188e-01 -1.887038892743468750e+04
9.838000000000000078e-01 -1.887239707539511801e+04
9.838999999999999968e-01 -1.887440593392778101e+04
9.840000000000000968e-01 -1.887641622581346746e+04
9.841000000000000858e-01 -1.887842872458299462e+04
9.842000000000000748e-01 -1.888044294474248454e+04
9.843000000000000638e-01 -1.888245831994631226e+04
9.844000000000000528e-01 -1.888447416563764637e+04
9.845000000000000417e-01 -1.888649001610091000e+04
9.846000000000000307e-01 -1.888850562549919414e+04
9.847000000000000197e-01 -1.889052088612400985e+04
9.848000000000000087e-01 -1.889253575671826547e+04
9.848999999999999977e-01 -1.889455021330607997e+04
9.850000000000000977e-01 -1.889656421460833371e+04
9.851000000000000867e-01 -1.889857766301877200e+04
9.852000000000000757e-01 -1.890059006518542446e+04
9.853000000000000647e-01 -1.890259970718952900e+04
9.854000000000000536e-01 -1.890460611568294917e+04
9.855000000000000426e-01 -1.890660948102936891e+04
9.856000000000000316e-01 -1.890860993245292775e+04
9.857000000000000206e-01 -1.891060729551142867e+04
9.858000000000000096e-01 -1.891260092790237104e+04
9.858999999999999986e-01 -1.891459113554837677e+04
9.860000000000000986e-01 -1.891657747256053699e+04
9.861000000000000876e-01 -1.891855955824075136e+04
9.862000000000000766e-01 -1.892053741646444541e+04
9.863000000000000655e-01 -1.892251109967871889e+04
9.864000000000000545e-01 -1.892448064404989054e+04
9.865000000000000435e-01 -1.892644613111649960e+04
9.866000000000000325e-01 -1.892840761482786911e+04
9.867000000000000215e-01 -1.893036546001437819e+04
9.868000000000000105e-01 -1.893231988066668782e+04
9.868999999999999995e-01 -1.893427117467948847e+04
9.870000000000000995e-01 -1.893622009728186094e+04
9.871000000000000885e-01 -1.893816741903636648e+04
9.872000000000000774e-01 -1.894011254173148700e+04
9.873000000000000664e-01 -1.894205376466130110e+04
9.874000000000000554e-01 -1.894398977919271056e+04
9.875000000000000444e-01 -1.894591867681762233e+04
9.876000000000000334e-01 -1.894784118488582681e+04
9.877000000000000224e-01 -1.894975830522711476e+04
9.878000000000000114e-01 -1.895166891251418565e+04
9.879000000000000004e-01 -1.895357607688139615e+04
9.880000000000001004e-01 -1.895548047150816274e+04
9.881000000000000894e-01 -1.895738123560785243e+04
9.882000000000000783e-01 -1.895928971472136618e+04
9.883000000000000673e-01 -1.896119711315696622e+04
9.884000000000000563e-01 -1.896310478713210250e+04
9.885000000000000453e-01 -1.896501687384930847e+04
9.886000000000000343e-01 -1.896693508684089466e+04
9.887000000000000233e-01 -1.896886055808702440e+04
9.888000000000000123e-01 -1.897079249855978196e+04
9.889000000000000012e-01 -1.897273624984969865e+04
9.890000000000001013e-01 -1.897468450976886015e+04
9.891000000000000902e-01 -1.897662745941457251e+04
9.892000000000000792e-01 -1.897857088902059331e+04
9.893000000000000682e-01 -1.898051864756223222e+04
9.894000000000000572e-01 -1.898247359650873477e+04
9.895000000000000462e-01 -1.898443359300389784e+04
9.896000000000000352e-01 -1.898640897525593027e+04
9.897000000000000242e-01 -1.898838508801074204e+04
9.898000000000000131e-01 -1.899035888076330957e+04
9.899000000000000021e-01 -1.899234590196276622e+04
9.900000000000001021e-01 -1.899434318162783165e+04
9.901000000000000911e-01 -1.899634666302883488e+04
9.902000000000000801e-01 -1.899835099435706434e+04
9.903000000000000691e-01 -1.900035335057750854e+04
9.904000000000000581e-01 -1.900235280131820036e+04
9.905000000000000471e-01 -1.900434954183626905e+04
9.906000000000000361e-01 -1.900634406456843135e+04
9.907000000000000250e-01 -1.900833685592704933e+04
9.908000000000000140e-01 -1.901032871585497196e+04
9.909000000000000030e-01 -1.901232005123492490e+04
9.909999999999999920e-01 -1.901431111207462891e+04
9.911000000000000920e-01 -1.901630204753245198e+04
9.912000000000000810e-01 -1.901829281853599241e+04
9.913000000000000700e-01 -1.902028272739417662e+04
9.914000000000000590e-01 -1.902227080766906511e+04
9.915000000000000480e-01 -1.902425682117257384e+04
9.916000000000000369e-01 -1.902623618082338726e+04
9.917000000000000259e-01 -1.902819958172037150e+04
9.918000000000000149e-01 -1.903014203062323941e+04
9.919000000000000039e-01 -1.903206342951573242e+04
9.919999999999999929e-01 -1.903396488799734288e+04
9.921000000000000929e-01 -1.903585119726333505e+04
9.922000000000000819e-01 -1.903772631142780301e+04
9.923000000000000709e-01 -1.903958742326774882e+04
9.924000000000000599e-01 -1.904142945228660392e+04
9.925000000000000488e-01 -1.904324842653869564e+04
9.926000000000000378e-01 -1.904504269786338773e+04
9.927000000000000268e-01 -1.904681099093146622e+04
9.928000000000000158e-01 -1.904854094532787713e+04
9.929000000000000048e-01 -1.905020951616731691e+04
9.929999999999999938e-01 -1.905179898702597711e+04
9.931000000000000938e-01 -1.905328126786585926e+04
9.932000000000000828e-01 -1.905460167963507411e+04
9.933000000000000718e-01 -1.905575605212456139e+04
9.934000000000000608e-01 -1.905677044224525525e+04
9.935000000000000497e-01 -1.905767761653413254e+04
9.936000000000000387e-01 -1.905846447957613782e+04
9.937000000000000277e-01 -1.905908806624833232e+04
9.938000000000000167e-01 -1.905950754655345008e+04
9.939000000000000057e-01 -1.905969220127294102e+04
9.939999999999999947e-01 -1.905961981599898354e+04
9.941000000000000947e-01 -1.905931061861574926e+04
9.942000000000000837e-01 -1.905880945967833031e+04
9.943000000000000727e-01 -1.905813477587144371e+04
9.944000000000000616e-01 -1.905738578995096759e+04
9.945000000000000506e-01 -1.905662476854525812e+04
9.946000000000000396e-01 -1.905589389969500189e+04
9.947000000000000286e-01 -1.905526937440791153e+04
9.948000000000000176e-01 -1.905485726353784048e+04
9.949000000000000066e-01 -1.905469990788803625e+04
9.949999999999999956e-01 -1.905478884722125440e+04
9.951000000000000956e-01 -1.905511158927830911e+04
9.952000000000000846e-01 -1.905591039867478321e+04
9.953000000000000735e-01 -1.905723496261050605e+04
9.954000000000000625e-01 -1.905890273362862354e+04
9.955000000000000515e-01 -1.906075310374878609e+04
9.956000000000000405e-01 -1.906268789055150046e+04
9.957000000000000295e-01 -1.906466547060925950e+04
9.958000000000000185e-01 -1.906667713335694134e+04
9.959000000000000075e-01 -1.906868690465015243e+04
9.959999999999999964e-01 -1.907068142887346039e+04
9.961000000000000965e-01 -1.907276094100272894e+04
9.962000000000000854e-01 -1.907490750144100457e+04
9.963000000000000744e-01 -1.907708180515725326e+04
9.964000000000000634e-01 -1.907925615069004925e+04
9.965000000000000524e-01 -1.908140705426504792e+04
9.966000000000000414e-01 -1.908353438533305234e+04
9.967000000000000304e-01 -1.908564050049930302e+04
9.968000000000000194e-01 -1.908771761081293516e+04
9.969000000000000083e-01 -1.908976310641557211e+04
9.969999999999999973e-01 -1.909178424703290875e+04
9.971000000000000973e-01 -1.909380816508353746e+04
9.972000000000000863e-01 -1.909584046176918855e+04
9.973000000000000753e-01 -1.909787357275256727e+04
9.974000000000000643e-01 -1.909991223128270576e+04
9.975000000000000533e-01 -1.910194865985480283e+04
9.976000000000000423e-01 -1.910398111676865301e+04
9.977000000000000313e-01 -1.910600603036845496e+04
9.978000000000000203e-01 -1.910802805372721923e+04
9.979000000000000092e-01 -1.911005019727480976e+04
9.979999999999999982e-01 -1.911206558354766094e+04
9.981000000000000982e-01 -1.911406928955376497e+04
9.982000000000000872e-01 -1.911606022565966487e+04
9.983000000000000762e-01 -1.911804954360533156e+04
9.984000000000000652e-01 -1.912003612423454251e+04
9.985000000000000542e-01 -1.912202398647780501e+04
9.986000000000000432e-01 -1.912401170285246553e+04
9.987000000000000322e-01 -1.912600217463868830e+04
9.988000000000000211e-01 -1.912799664117562497e+04
9.989000000000000101e-01 -1.913000064527450377e+04
9.989999999999999991e-01 -1.913200889662685222e+04
9.991000000000000991e-01 -1.913401500637760910e+04
9.992000000000000881e-01 -1.913602229557904502e+04
9.993000000000000771e-01 -1.913803223782186615e+04
9.994000000000000661e-01 -1.914004544536544927e+04
9.995000000000000551e-01 -1.914206217968621786e+04
9.996000000000000441e-01 -1.914409310865275984e+04
9.997000000000000330e-01 -1.914612251259325785e+04
9.998000000000000220e-01 -1.914814586926267657e+04
9.999000000000000110e-01 -1.915016826266146381e+04
1.000000000000000000e+00 -1.915219296473752547e+04
