time error_arcsec
0.000000000000000000e+00 0.000000000000000000e+00
1.000000000000000048e-04 6.543216058350829513e-03
2.000000000000000096e-04 4.647054886776499916e-02
3.000000000000000279e-04 1.379741759643508536e-01
4.000000000000000192e-04 2.895958052480545608e-01
5.000000000000000104e-04 5.050670455217597388e-01
6.000000000000000559e-04 7.857475162716702766e-01
6.999999999999999929e-04 1.131850445889905687e+00
8.000000000000000383e-04 1.543056518769562180e+00
9.000000000000000838e-04 2.018819297548727576e+00
1.000000000000000021e-03 2.558515347223808245e+00
1.100000000000000066e-03 3.161516342986389727e+00
1.200000000000000112e-03 3.827222147208337422e+00
1.300000000000000157e-03 4.534811514651536868e+00
1.399999999999999986e-03 4.936379151989987335e+00
1.500000000000000031e-03 4.822467571696078537e+00
1.600000000000000077e-03 4.513568915902982148e+00
1.700000000000000122e-03 4.221374752117345253e+00
1.800000000000000168e-03 3.763188685055800065e+00
1.899999999999999996e-03 3.240560376704748613e+00
2.000000000000000042e-03 2.914218976102491698e+00
2.100000000000000304e-03 2.844395751435176756e+00
2.200000000000000133e-03 2.971204670115501045e+00
2.299999999999999961e-03 3.265884174061516099e+00
2.400000000000000223e-03 3.694691110851952232e+00
2.500000000000000052e-03 4.223655816189798351e+00
2.600000000000000314e-03 4.836011147927768761e+00
2.700000000000000143e-03 5.520814315872081934e+00
2.799999999999999972e-03 6.266635461909769944e+00
2.900000000000000234e-03 7.064969962912802437e+00
3.000000000000000062e-03 7.917024995524818642e+00
3.100000000000000325e-03 8.809801251038557268e+00
3.200000000000000153e-03 9.728079708374172796e+00
3.299999999999999982e-03 1.069801394594218102e+01
3.400000000000000244e-03 1.173970878083918912e+01
3.500000000000000073e-03 1.280418161380577757e+01
3.600000000000000335e-03 1.385249158507078526e+01
3.700000000000000164e-03 1.486646252378895028e+01
3.799999999999999992e-03 1.584050252940449965e+01
3.900000000000000255e-03 1.674234752827527473e+01
4.000000000000000083e-03 1.761064882236606977e+01
4.100000000000000346e-03 1.842458013501244096e+01
4.200000000000000608e-03 1.915498936029244703e+01
4.300000000000000003e-03 1.981313300425304647e+01
4.400000000000000265e-03 2.041878871931565342e+01
4.500000000000000527e-03 2.098858261200643227e+01
4.599999999999999922e-03 2.153341168523045113e+01
4.700000000000000185e-03 2.205954501476615448e+01
4.800000000000000447e-03 2.255332242052756442e+01
4.899999999999999842e-03 2.298933681874919799e+01
5.000000000000000104e-03 2.335223074503878493e+01
5.100000000000000366e-03 2.365216071432421430e+01
5.200000000000000629e-03 2.390208088514077289e+01
5.300000000000000024e-03 2.409813500679519649e+01
5.400000000000000286e-03 2.424985966166289586e+01
5.500000000000000548e-03 2.436736416081874879e+01
5.599999999999999943e-03 2.445759800738948897e+01
5.700000000000000205e-03 2.452504451017803788e+01
5.800000000000000468e-03 2.457522325860860590e+01
5.899999999999999863e-03 2.461317701758386534e+01
6.000000000000000125e-03 2.464303978611592782e+01
6.100000000000000387e-03 2.466802713157095539e+01
6.200000000000000649e-03 2.469216052536521744e+01
6.300000000000000044e-03 2.471618666450572377e+01
6.400000000000000307e-03 2.474004246078503755e+01
6.500000000000000569e-03 2.476758373962572080e+01
6.599999999999999964e-03 2.480225750197489631e+01
6.700000000000000226e-03 2.484095041948051374e+01
6.800000000000000488e-03 2.488485749588574336e+01
6.900000000000000751e-03 2.493458616502592307e+01
7.000000000000000146e-03 2.498488757845978014e+01
7.100000000000000408e-03 2.503136368858717375e+01
7.200000000000000670e-03 2.507271681129349616e+01
7.300000000000000065e-03 2.510876809348281569e+01
7.400000000000000328e-03 2.514507719520972984e+01
7.500000000000000590e-03 2.518120047940291073e+01
7.599999999999999985e-03 2.521697276972786739e+01
7.700000000000000247e-03 2.525269805119845046e+01
7.800000000000000509e-03 2.528805975424027253e+01
7.900000000000000772e-03 2.532508783300295363e+01
8.000000000000000167e-03 2.536357856431379076e+01
8.099999999999999561e-03 2.540327127705021582e+01
8.200000000000000691e-03 2.544398016716444388e+01
8.300000000000000086e-03 2.548651196872592095e+01
8.400000000000001216e-03 2.553036806031239436e+01
8.500000000000000611e-03 2.557376724193105133e+01
8.600000000000000006e-03 2.561636184560195773e+01
8.700000000000001135e-03 2.565796020672905442e+01
8.800000000000000530e-03 2.569838362091891071e+01
8.899999999999999925e-03 2.573746454381897664e+01
9.000000000000001055e-03 2.577505305110208056e+01
9.100000000000000450e-03 2.581102024231214287e+01
9.199999999999999845e-03 2.584493707475695246e+01
9.300000000000000974e-03 2.587484967921178836e+01
9.400000000000000369e-03 2.589885383771290250e+01
9.499999999999999764e-03 2.591725754289302941e+01
9.600000000000000894e-03 2.593094479783748696e+01
9.700000000000000289e-03 2.593676683666006966e+01
9.799999999999999684e-03 2.594217655435084069e+01
9.900000000000000813e-03 2.594680532369760684e+01
1.000000000000000021e-02 2.594901352915317005e+01
1.010000000000000134e-02 2.593555947796738792e+01
1.020000000000000073e-02 2.587672356764462833e+01
1.030000000000000013e-02 2.577434957106521551e+01
1.040000000000000126e-02 2.563830946979905434e+01
1.050000000000000065e-02 2.547734853129182042e+01
1.060000000000000005e-02 2.529794068056377654e+01
1.070000000000000118e-02 2.510468092504989102e+01
1.080000000000000057e-02 2.490069591323450027e+01
1.089999999999999997e-02 2.468715899371641243e+01
1.100000000000000110e-02 2.446695387875693939e+01
1.110000000000000049e-02 2.424229458236663959e+01
1.119999999999999989e-02 2.401382622057892036e+01
1.130000000000000102e-02 2.378165814430037983e+01
1.140000000000000041e-02 2.354617849331359736e+01
1.149999999999999981e-02 2.330761837473654907e+01
1.160000000000000094e-02 2.306502155955760713e+01
1.170000000000000033e-02 2.281641715659242209e+01
1.179999999999999973e-02 2.256143306468867493e+01
1.190000000000000085e-02 2.230511572559792555e+01
1.200000000000000025e-02 2.204614585559971474e+01
1.210000000000000138e-02 2.178444378683209237e+01
1.220000000000000077e-02 2.152032164591741648e+01
1.230000000000000017e-02 2.125411586293274624e+01
1.240000000000000130e-02 2.098610558078512156e+01
1.250000000000000069e-02 2.071624838335000973e+01
1.260000000000000009e-02 2.044497752153158032e+01
1.270000000000000122e-02 2.017323687644639207e+01
1.280000000000000061e-02 1.990037012308264153e+01
1.290000000000000001e-02 1.962605379666953098e+01
1.300000000000000114e-02 1.935151583076974546e+01
1.310000000000000053e-02 1.907538268714543506e+01
1.319999999999999993e-02 1.879631489750495632e+01
1.330000000000000106e-02 1.851510008385070449e+01
1.340000000000000045e-02 1.823167352315460121e+01
1.349999999999999985e-02 1.794579944481190026e+01
1.360000000000000098e-02 1.765747817726261815e+01
1.370000000000000037e-02 1.736688233283596361e+01
1.380000000000000150e-02 1.707413527473353909e+01
1.390000000000000090e-02 1.677929606103862525e+01
1.400000000000000029e-02 1.648237956148848227e+01
1.410000000000000142e-02 1.618337749528274117e+01
1.420000000000000082e-02 1.588227267308612056e+01
1.430000000000000021e-02 1.557904596225236915e+01
1.440000000000000134e-02 1.527367765663434973e+01
1.450000000000000074e-02 1.496614513640327182e+01
1.460000000000000013e-02 1.465641820540917450e+01
1.470000000000000126e-02 1.434445280325137162e+01
1.480000000000000066e-02 1.403018302851183208e+01
1.490000000000000005e-02 1.371351043084657917e+01
1.500000000000000118e-02 1.339428777147046112e+01
1.510000000000000057e-02 1.307228997322098785e+01
1.519999999999999997e-02 1.274714805030565934e+01
1.530000000000000110e-02 1.241792540221254804e+01
1.540000000000000049e-02 1.208113222270590903e+01
1.549999999999999989e-02 1.173061038161749181e+01
1.560000000000000102e-02 1.136312103799024520e+01
1.570000000000000215e-02 1.097887474596898194e+01
1.580000000000000154e-02 1.057894198018825449e+01
1.590000000000000094e-02 1.016416038498943308e+01
1.600000000000000033e-02 9.734744553119703880e+00
1.609999999999999973e-02 9.290030438936696555e+00
1.619999999999999912e-02 8.825502697331547353e+00
1.630000000000000199e-02 8.333620357405244761e+00
1.640000000000000138e-02 7.811323138560456236e+00
1.650000000000000078e-02 7.257988573936213328e+00
1.660000000000000017e-02 6.673670457738360540e+00
1.669999999999999957e-02 6.058278615741166995e+00
1.680000000000000243e-02 5.411286457439900666e+00
1.690000000000000183e-02 4.731696355212185345e+00
1.700000000000000122e-02 4.018081494329807768e+00
1.710000000000000062e-02 3.268567155309415551e+00
1.720000000000000001e-02 2.480469089588955622e+00
1.729999999999999941e-02 1.648197673534545604e+00
1.740000000000000227e-02 7.585621524363375112e-01
1.750000000000000167e-02 -2.029942826136060807e-01
1.760000000000000106e-02 -1.243786079799533040e+00
1.770000000000000046e-02 -2.359142381790632292e+00
1.779999999999999985e-02 -3.553112474544496635e+00
1.789999999999999925e-02 -4.863310799766132675e+00
1.800000000000000211e-02 -6.306715721828335397e+00
1.810000000000000150e-02 -7.918508112761340811e+00
1.820000000000000090e-02 -9.760854072378648993e+00
1.830000000000000029e-02 -1.190787807759731542e+01
1.839999999999999969e-02 -1.439079967542613048e+01
1.850000000000000255e-02 -1.717187382704582532e+01
1.860000000000000195e-02 -2.013590917723049500e+01
1.870000000000000134e-02 -2.326111872878790265e+01
1.880000000000000074e-02 -2.652744785668862448e+01
1.890000000000000013e-02 -2.990836803451251669e+01
1.899999999999999953e-02 -3.332629663092171057e+01
1.910000000000000239e-02 -3.688331022885532207e+01
1.920000000000000179e-02 -4.057323832001815589e+01
1.930000000000000118e-02 -4.432788294477074231e+01
1.940000000000000058e-02 -4.785228810544698064e+01
1.949999999999999997e-02 -5.034791698775715219e+01
1.959999999999999937e-02 -5.139517192376886356e+01
1.970000000000000223e-02 -5.178604670317041325e+01
1.980000000000000163e-02 -5.193175630519468911e+01
1.990000000000000102e-02 -5.194968578389978831e+01
2.000000000000000042e-02 -5.193995921551967143e+01
2.009999999999999981e-02 -5.197854012834870474e+01
2.020000000000000268e-02 -5.212326203460266072e+01
2.030000000000000207e-02 -5.239158232838332196e+01
2.040000000000000147e-02 -5.275712169742225655e+01
2.050000000000000086e-02 -5.317376536796892594e+01
2.060000000000000026e-02 -5.359779680248124833e+01
2.069999999999999965e-02 -5.400667495770807136e+01
2.080000000000000251e-02 -5.439423635834949522e+01
2.090000000000000191e-02 -5.476225356105600639e+01
2.100000000000000130e-02 -5.511697824234960308e+01
2.110000000000000070e-02 -5.546429659522860334e+01
2.120000000000000009e-02 -5.580596903855276736e+01
2.129999999999999949e-02 -5.614418086489999382e+01
2.140000000000000235e-02 -5.648082332965403651e+01
2.150000000000000175e-02 -5.682115865123412846e+01
2.160000000000000114e-02 -5.717164765749647160e+01
2.170000000000000054e-02 -5.753658192573324470e+01
2.179999999999999993e-02 -5.792339412884454219e+01
2.189999999999999933e-02 -5.831983512061988506e+01
2.200000000000000219e-02 -5.872520297900175734e+01
2.210000000000000159e-02 -5.913934898307685017e+01
2.220000000000000098e-02 -5.956060836126891189e+01
2.230000000000000038e-02 -5.998250283071180178e+01
2.239999999999999977e-02 -6.040143456719496839e+01
2.250000000000000264e-02 -6.081992642115888259e+01
2.260000000000000203e-02 -6.123896222052417215e+01
2.270000000000000143e-02 -6.165843454179167082e+01
2.280000000000000082e-02 -6.207799540066959310e+01
2.290000000000000022e-02 -6.249716652727217081e+01
2.299999999999999961e-02 -6.291563919393946236e+01
2.310000000000000248e-02 -6.333377915110483514e+01
2.320000000000000187e-02 -6.375275665834666228e+01
2.330000000000000127e-02 -6.417344336942373673e+01
2.340000000000000066e-02 -6.459644390681296500e+01
2.350000000000000006e-02 -6.502228429843152924e+01
2.359999999999999945e-02 -6.545148242547753625e+01
2.370000000000000231e-02 -6.588455925267992086e+01
2.380000000000000171e-02 -6.632202953504278753e+01
2.390000000000000110e-02 -6.676438725005590413e+01
2.400000000000000050e-02 -6.721170896472567335e+01
2.409999999999999989e-02 -6.766383787339829325e+01
2.420000000000000276e-02 -6.812179493915529349e+01
2.430000000000000215e-02 -6.858682814163555008e+01
2.440000000000000155e-02 -6.905975590000976183e+01
2.450000000000000094e-02 -6.954065806782958248e+01
2.460000000000000034e-02 -7.002768450238227160e+01
2.469999999999999973e-02 -7.051636223673081361e+01
2.480000000000000260e-02 -7.100526992242156155e+01
2.490000000000000199e-02 -7.149508368197020047e+01
2.500000000000000139e-02 -7.198710302024696261e+01
2.510000000000000078e-02 -7.247730474956090063e+01
2.520000000000000018e-02 -7.295880599767416186e+01
2.529999999999999957e-02 -7.343600503187805373e+01
2.540000000000000244e-02 -7.391236658512615065e+01
2.550000000000000183e-02 -7.435923238299783122e+01
2.560000000000000123e-02 -7.477881522042450513e+01
2.570000000000000062e-02 -7.518168313374634693e+01
2.580000000000000002e-02 -7.556938152473699688e+01
2.590000000000000288e-02 -7.594587344466381751e+01
2.600000000000000228e-02 -7.631318372257125304e+01
2.610000000000000167e-02 -7.667124194338653353e+01
2.620000000000000107e-02 -7.702414565346306574e+01
2.630000000000000046e-02 -7.737900698811979794e+01
2.639999999999999986e-02 -7.773936625034268388e+01
2.650000000000000272e-02 -7.810594582123485452e+01
2.660000000000000211e-02 -7.847814656609190820e+01
2.670000000000000151e-02 -7.885353740400219635e+01
2.680000000000000090e-02 -7.922946760203679162e+01
2.690000000000000030e-02 -7.960634953641871903e+01
2.699999999999999969e-02 -7.998503617139087396e+01
2.710000000000000256e-02 -8.036619925105185303e+01
2.720000000000000195e-02 -8.075025426513114724e+01
2.730000000000000135e-02 -8.113738139780315350e+01
2.740000000000000074e-02 -8.152756685920336110e+01
2.750000000000000014e-02 -8.192064683337368081e+01
2.760000000000000300e-02 -8.231634994202350697e+01
2.770000000000000240e-02 -8.271433720116272070e+01
2.780000000000000179e-02 -8.311423856836539414e+01
2.790000000000000119e-02 -8.351568476355562609e+01
2.800000000000000058e-02 -8.391833294622404082e+01
2.809999999999999998e-02 -8.432188522666019992e+01
2.820000000000000284e-02 -8.472609974109674624e+01
2.830000000000000224e-02 -8.513079476452024608e+01
2.840000000000000163e-02 -8.553567679992291062e+01
2.850000000000000103e-02 -8.593881552997913786e+01
2.860000000000000042e-02 -8.633813809986646959e+01
2.869999999999999982e-02 -8.673447009849854794e+01
2.880000000000000268e-02 -8.712964651939299188e+01
2.890000000000000208e-02 -8.752514503012940850e+01
2.900000000000000147e-02 -8.792193729257161294e+01
2.910000000000000087e-02 -8.832059094651536668e+01
2.920000000000000026e-02 -8.872138115596477803e+01
2.930000000000000313e-02 -8.912437678170368827e+01
2.940000000000000252e-02 -8.952950562563107439e+01
2.950000000000000192e-02 -8.993660388925670190e+01
2.960000000000000131e-02 -9.034545351931188861e+01
2.970000000000000070e-02 -9.075581127199649245e+01
2.980000000000000010e-02 -9.116743280944074002e+01
2.990000000000000296e-02 -9.158009349885408312e+01
3.000000000000000236e-02 -9.199360568086933654e+01
3.010000000000000175e-02 -9.239524418398811179e+01
3.020000000000000115e-02 -9.275821103934853795e+01
3.030000000000000054e-02 -9.308568238047394061e+01
3.039999999999999994e-02 -9.338658587788617638e+01
3.050000000000000280e-02 -9.366826169109758382e+01
3.060000000000000220e-02 -9.393603769154968575e+01
3.070000000000000159e-02 -9.419370276378158735e+01
3.080000000000000099e-02 -9.444396123714720659e+01
3.090000000000000038e-02 -9.468876503474473338e+01
3.099999999999999978e-02 -9.492954500182601407e+01
3.110000000000000264e-02 -9.516737009414447357e+01
3.120000000000000204e-02 -9.540305726920924201e+01
3.130000000000000143e-02 -9.563725324145893580e+01
3.140000000000000430e-02 -9.587048332090976999e+01
3.150000000000000022e-02 -9.610318196258583612e+01
3.160000000000000309e-02 -9.633571164875336024e+01
3.169999999999999901e-02 -9.656837375468475670e+01
3.180000000000000188e-02 -9.680141408521578228e+01
3.190000000000000474e-02 -9.703502443253125875e+01
3.200000000000000067e-02 -9.726933770564963311e+01
3.210000000000000353e-02 -9.750430530556907627e+01
3.219999999999999946e-02 -9.773959402488223702e+01
3.230000000000000232e-02 -9.797502630851090544e+01
3.239999999999999825e-02 -9.821069609381611087e+01
3.250000000000000111e-02 -9.844671531472354786e+01
3.260000000000000397e-02 -9.868316237970523730e+01
3.269999999999999990e-02 -9.892009049773042761e+01
3.280000000000000276e-02 -9.915753894838157123e+01
3.289999999999999869e-02 -9.939554138372000125e+01
3.300000000000000155e-02 -9.963413082123530273e+01
3.310000000000000442e-02 -9.987334211271226536e+01
3.320000000000000034e-02 -1.001132127277904118e+02
3.330000000000000321e-02 -1.003537824849990869e+02
3.339999999999999913e-02 -1.005950926505873184e+02
3.350000000000000200e-02 -1.008371846755711800e+02
3.360000000000000486e-02 -1.010800987528487411e+02
3.370000000000000079e-02 -1.013238723286949039e+02
3.380000000000000365e-02 -1.015685386766489842e+02
3.389999999999999958e-02 -1.018141256228779667e+02
3.400000000000000244e-02 -1.020606544930026871e+02
3.409999999999999837e-02 -1.023081393274582780e+02
3.420000000000000123e-02 -1.025565863851163186e+02
3.430000000000000410e-02 -1.028059939228967892e+02
3.440000000000000002e-02 -1.030563522016826425e+02
3.450000000000000289e-02 -1.033076436202347281e+02
3.459999999999999881e-02 -1.035598427984066490e+02
3.470000000000000168e-02 -1.038129162472430949e+02
3.480000000000000454e-02 -1.040668206639516455e+02
3.490000000000000047e-02 -1.043214953845873367e+02
3.500000000000000333e-02 -1.045767244471614106e+02
3.509999999999999926e-02 -1.048321720732005531e+02
3.520000000000000212e-02 -1.050878131817648296e+02
3.530000000000000498e-02 -1.053437234816258155e+02
3.540000000000000091e-02 -1.055999721895903463e+02
3.550000000000000377e-02 -1.058565380544006160e+02
3.559999999999999970e-02 -1.061147089310106821e+02
3.570000000000000256e-02 -1.063748852084422367e+02
3.579999999999999849e-02 -1.066314093046072315e+02
3.590000000000000135e-02 -1.068864942751412599e+02
3.600000000000000422e-02 -1.071410692680285592e+02
3.610000000000000014e-02 -1.073955229105102660e+02
3.620000000000000301e-02 -1.076499990930448689e+02
3.629999999999999893e-02 -1.079044230924302070e+02
3.640000000000000180e-02 -1.081577619259022072e+02
3.650000000000000466e-02 -1.084084918588420692e+02
3.660000000000000059e-02 -1.086564454958512584e+02
3.670000000000000345e-02 -1.089016823757892354e+02
3.679999999999999938e-02 -1.091441807999899964e+02
3.690000000000000224e-02 -1.093837282293477813e+02
3.700000000000000511e-02 -1.096193220547921641e+02
3.710000000000000103e-02 -1.098485535427853108e+02
3.720000000000000390e-02 -1.100691227472489118e+02
3.729999999999999982e-02 -1.102795808734772720e+02
3.740000000000000269e-02 -1.104798110648234086e+02
3.749999999999999861e-02 -1.106704980662825619e+02
3.760000000000000148e-02 -1.108523613054447736e+02
3.770000000000000434e-02 -1.110259739625513191e+02
3.780000000000000027e-02 -1.111919402075266703e+02
3.790000000000000313e-02 -1.113515698283494260e+02
3.799999999999999906e-02 -1.115121915130814472e+02
3.810000000000000192e-02 -1.116613409827630790e+02
3.820000000000000479e-02 -1.117996093854173267e+02
3.830000000000000071e-02 -1.119288976696338693e+02
3.840000000000000357e-02 -1.120508891259987081e+02
3.849999999999999950e-02 -1.121681343121063463e+02
3.860000000000000236e-02 -1.122765750236989959e+02
3.870000000000000523e-02 -1.123762906425437649e+02
3.880000000000000115e-02 -1.124771773306256932e+02
3.890000000000000402e-02 -1.125814200217737380e+02
3.899999999999999994e-02 -1.126921806075828414e+02
3.910000000000000281e-02 -1.128084141066103996e+02
3.919999999999999873e-02 -1.129419013787839106e+02
3.930000000000000160e-02 -1.131110116050883931e+02
3.940000000000000446e-02 -1.133127315156906008e+02
3.950000000000000039e-02 -1.135734762137504248e+02
3.960000000000000325e-02 -1.139161534719978732e+02
3.969999999999999918e-02 -1.142772316281902505e+02
3.980000000000000204e-02 -1.145961582541805086e+02
3.990000000000000491e-02 -1.148664620885826793e+02
4.000000000000000083e-02 -1.151036473941610154e+02
4.010000000000000370e-02 -1.153222546282313061e+02
4.019999999999999962e-02 -1.155378232244950141e+02
4.030000000000000249e-02 -1.157622131607332250e+02
4.040000000000000535e-02 -1.159971107139671460e+02
4.050000000000000128e-02 -1.162549829837363689e+02
4.060000000000000414e-02 -1.165359823926378908e+02
4.070000000000000007e-02 -1.168104395840500160e+02
4.080000000000000293e-02 -1.170774125667083609e+02
4.089999999999999886e-02 -1.173549026575789043e+02
4.100000000000000172e-02 -1.176524667936721471e+02
4.110000000000000459e-02 -1.179637308650151795e+02
4.120000000000000051e-02 -1.182757781083530091e+02
4.130000000000000338e-02 -1.185765293521315584e+02
4.139999999999999930e-02 -1.188593700518900960e+02
4.150000000000000216e-02 -1.191254181666195109e+02
4.160000000000000503e-02 -1.193754797027419556e+02
4.170000000000000095e-02 -1.196103006153684163e+02
4.180000000000000382e-02 -1.198338934581596078e+02
4.189999999999999974e-02 -1.200493506333989586e+02
4.200000000000000261e-02 -1.202608524460481050e+02
4.210000000000000547e-02 -1.204719141874165587e+02
4.220000000000000140e-02 -1.206622569600422281e+02
4.230000000000000426e-02 -1.208067762545043848e+02
4.240000000000000019e-02 -1.209003102526642550e+02
4.250000000000000305e-02 -1.209525674415990437e+02
4.259999999999999898e-02 -1.209713524336916208e+02
4.270000000000000184e-02 -1.209535081494264546e+02
4.280000000000000471e-02 -1.208969405736728220e+02
4.290000000000000063e-02 -1.207860388170122121e+02
4.300000000000000350e-02 -1.205967172909824683e+02
4.309999999999999942e-02 -1.203063862550183245e+02
4.320000000000000229e-02 -1.198941935280060420e+02
4.330000000000000515e-02 -1.193379565805006308e+02
4.340000000000000108e-02 -1.186171804354983692e+02
4.350000000000000394e-02 -1.177134512921574725e+02
4.359999999999999987e-02 -1.166078817034410378e+02
4.370000000000000273e-02 -1.152944544287285140e+02
4.379999999999999866e-02 -1.137482600751435768e+02
4.390000000000000152e-02 -1.119494155134881623e+02
4.400000000000000439e-02 -1.099072259987192695e+02
4.410000000000000031e-02 -1.076505536438847912e+02
4.420000000000000318e-02 -1.051780236792224628e+02
4.429999999999999910e-02 -1.025100705664560508e+02
4.440000000000000197e-02 -9.962327042167268587e+01
4.450000000000000483e-02 -9.661902832911579253e+01
4.460000000000000075e-02 -9.368048699103779597e+01
4.470000000000000362e-02 -9.108228802678813452e+01
4.479999999999999954e-02 -8.887707473238050682e+01
4.490000000000000241e-02 -8.715623229379794168e+01
4.500000000000000527e-02 -8.587835824607701340e+01
4.510000000000000120e-02 -8.493547057368046183e+01
4.520000000000000406e-02 -8.433452507493004191e+01
4.529999999999999999e-02 -8.412598042458841974e+01
4.540000000000000285e-02 -8.429698920696000641e+01
4.549999999999999878e-02 -8.466668567037123694e+01
4.560000000000000164e-02 -8.509019199043244441e+01
4.570000000000000451e-02 -8.551374406207585821e+01
4.580000000000000043e-02 -8.591870595552300927e+01
4.590000000000000330e-02 -8.626087780698891549e+01
4.599999999999999922e-02 -8.662275553155842545e+01
4.610000000000000209e-02 -8.702159685114371257e+01
4.620000000000000495e-02 -8.748418190253930504e+01
4.630000000000000088e-02 -8.801090425429194397e+01
4.640000000000000374e-02 -8.855183300707547289e+01
4.649999999999999967e-02 -8.907237061003638701e+01
4.660000000000000253e-02 -8.955380557538605046e+01
4.670000000000000540e-02 -8.999096843974105298e+01
4.680000000000000132e-02 -9.039201609853017771e+01
4.690000000000000419e-02 -9.077198722661272257e+01
4.700000000000000011e-02 -9.114157711733629696e+01
4.710000000000000298e-02 -9.150844850542219433e+01
4.719999999999999890e-02 -9.188096008006270665e+01
4.730000000000000177e-02 -9.226074055688073372e+01
4.740000000000000463e-02 -9.265189942810449963e+01
4.750000000000000056e-02 -9.305143984515720490e+01
4.760000000000000342e-02 -9.347190282325594524e+01
4.769999999999999934e-02 -9.390154576451790547e+01
4.780000000000000221e-02 -9.433670578273928697e+01
4.790000000000000507e-02 -9.477745348575039941e+01
4.800000000000000100e-02 -9.520827486106415449e+01
4.810000000000000386e-02 -9.563952466446232847e+01
4.819999999999999979e-02 -9.605735113753404164e+01
4.830000000000000265e-02 -9.646759072813222247e+01
4.840000000000000552e-02 -9.687508887530817958e+01
4.850000000000000144e-02 -9.726979674795666142e+01
4.860000000000000431e-02 -9.766668355782582012e+01
4.870000000000000023e-02 -9.805777321750011311e+01
4.880000000000000310e-02 -9.843740116278706864e+01
4.889999999999999902e-02 -9.881835565558944268e+01
4.900000000000000189e-02 -9.920571646564191326e+01
4.910000000000000475e-02 -9.958524904639499198e+01
4.920000000000000068e-02 -9.996425668617871452e+01
4.930000000000000354e-02 -1.003442147051995335e+02
4.939999999999999947e-02 -1.007272963169463935e+02
4.950000000000000233e-02 -1.011140159606478051e+02
4.960000000000000520e-02 -1.015041735568176620e+02
4.970000000000000112e-02 -1.018985180656497533e+02
4.980000000000000399e-02 -1.022971758113535401e+02
4.989999999999999991e-02 -1.026990514141757416e+02
5.000000000000000278e-02 -1.031054594706650107e+02
5.010000000000000564e-02 -1.052735621885806125e+02
5.020000000000000157e-02 -1.084576947812160910e+02
5.030000000000000443e-02 -1.118804520987522864e+02
5.040000000000000036e-02 -1.156660689110363052e+02
5.050000000000000322e-02 -1.201478486720535130e+02
5.059999999999999915e-02 -1.254481584129718783e+02
5.070000000000000201e-02 -1.315343403924334780e+02
5.080000000000000487e-02 -1.383262717441783423e+02
5.090000000000000080e-02 -1.454155297634247290e+02
5.100000000000000366e-02 -1.530555055265912756e+02
5.109999999999999959e-02 -1.607324460861187276e+02
5.120000000000000245e-02 -1.662039079996192754e+02
5.130000000000000532e-02 -1.690175576564360824e+02
5.140000000000000124e-02 -1.705586244692362072e+02
5.150000000000000411e-02 -1.712895896966063560e+02
5.160000000000000003e-02 -1.714542765955845880e+02
5.170000000000000290e-02 -1.713836951218032425e+02
5.180000000000000576e-02 -1.710175582242247287e+02
5.190000000000000169e-02 -1.705584585205208725e+02
5.200000000000000455e-02 -1.698826048016699417e+02
5.210000000000000048e-02 -1.697457851393312467e+02
5.220000000000000334e-02 -1.711068160863331968e+02
5.229999999999999927e-02 -1.728139656577140499e+02
5.240000000000000213e-02 -1.737506013133224201e+02
5.250000000000000500e-02 -1.740177249081788204e+02
5.260000000000000092e-02 -1.738936066350198075e+02
5.270000000000000379e-02 -1.735441456174998507e+02
5.279999999999999971e-02 -1.730364948106308134e+02
5.290000000000000258e-02 -1.724167393580342491e+02
5.300000000000000544e-02 -1.717086724115219454e+02
5.310000000000000137e-02 -1.709279276321063321e+02
5.320000000000000423e-02 -1.700792941518416796e+02
5.330000000000000016e-02 -1.691504040071619386e+02
5.340000000000000302e-02 -1.681157358716414763e+02
5.350000000000000588e-02 -1.669472166343716424e+02
5.360000000000000181e-02 -1.656187041768697270e+02
5.370000000000000467e-02 -1.641108968256508547e+02
5.380000000000000060e-02 -1.624199985726162367e+02
5.390000000000000346e-02 -1.605405390600491842e+02
5.399999999999999939e-02 -1.585015123165150328e+02
5.410000000000000225e-02 -1.562975396345181593e+02
5.420000000000000512e-02 -1.539455382233831529e+02
5.430000000000000104e-02 -1.514294538447008165e+02
5.440000000000000391e-02 -1.488180024975042102e+02
5.449999999999999983e-02 -1.462613290728967570e+02
5.460000000000000270e-02 -1.440758476519215776e+02
5.470000000000000556e-02 -1.422278552495437509e+02
5.480000000000000149e-02 -1.407699543244719393e+02
5.490000000000000435e-02 -1.397097923596458884e+02
5.500000000000000028e-02 -1.389422378867268719e+02
5.510000000000000314e-02 -1.384132165630235249e+02
5.520000000000000601e-02 -1.381223055327462532e+02
5.530000000000000193e-02 -1.381086150487493853e+02
5.540000000000000480e-02 -1.383807131831460140e+02
5.550000000000000072e-02 -1.388182249006265749e+02
5.560000000000000359e-02 -1.393202590205853255e+02
5.569999999999999951e-02 -1.398377552231164600e+02
5.580000000000000238e-02 -1.403505110572554031e+02
5.590000000000000524e-02 -1.408544534941324855e+02
5.600000000000000117e-02 -1.413510304861249836e+02
5.610000000000000403e-02 -1.419133980393513923e+02
5.619999999999999996e-02 -1.425304240061364283e+02
5.630000000000000282e-02 -1.431538733175835318e+02
5.640000000000000568e-02 -1.437565992718939754e+02
5.650000000000000161e-02 -1.443280861930915080e+02
5.660000000000000447e-02 -1.448649722176456578e+02
5.670000000000000040e-02 -1.453747946996072926e+02
5.680000000000000326e-02 -1.458679242006077175e+02
5.690000000000000613e-02 -1.463543458890840157e+02
5.700000000000000205e-02 -1.468383587477372032e+02
5.710000000000000492e-02 -1.473234996548102060e+02
5.720000000000000084e-02 -1.478130305444236967e+02
5.730000000000000371e-02 -1.483141331557475837e+02
5.739999999999999963e-02 -1.488325051896915454e+02
5.750000000000000250e-02 -1.493636664371088898e+02
5.760000000000000536e-02 -1.499008460914746763e+02
5.770000000000000129e-02 -1.504385838195687484e+02
5.780000000000000415e-02 -1.509730424277710483e+02
5.790000000000000008e-02 -1.515019899799280836e+02
5.800000000000000294e-02 -1.520244944840278549e+02
5.810000000000000581e-02 -1.525423495571621970e+02
5.820000000000000173e-02 -1.530533021314055020e+02
5.830000000000000460e-02 -1.535569808488116905e+02
5.840000000000000052e-02 -1.540561880237134460e+02
5.850000000000000339e-02 -1.545615479941158128e+02
5.860000000000000625e-02 -1.550514856134736306e+02
5.870000000000000218e-02 -1.555364159773680512e+02
5.880000000000000504e-02 -1.560207999599549566e+02
5.890000000000000097e-02 -1.565062052100008998e+02
5.900000000000000383e-02 -1.569934325277412768e+02
5.909999999999999976e-02 -1.574830472675641886e+02
5.920000000000000262e-02 -1.579774747821917629e+02
5.930000000000000548e-02 -1.584753181775028565e+02
5.940000000000000141e-02 -1.589737787183992168e+02
5.950000000000000427e-02 -1.594753760033843264e+02
5.960000000000000020e-02 -1.599806561733995522e+02
5.970000000000000306e-02 -1.604896191301450870e+02
5.980000000000000593e-02 -1.610021237257212476e+02
5.990000000000000185e-02 -1.615182177961374634e+02
6.000000000000000472e-02 -1.620411843914030214e+02
6.010000000000000064e-02 -1.625767998535523873e+02
6.020000000000000351e-02 -1.631557896999522086e+02
6.029999999999999943e-02 -1.637825017309090185e+02
6.040000000000000230e-02 -1.644473510152810150e+02
6.050000000000000516e-02 -1.651404380033994244e+02
6.060000000000000109e-02 -1.658550827099701053e+02
6.070000000000000395e-02 -1.665865552610301847e+02
6.079999999999999988e-02 -1.673313784502350074e+02
6.090000000000000274e-02 -1.680869220306427394e+02
6.100000000000000561e-02 -1.688511469363384663e+02
6.110000000000000153e-02 -1.696224382472732657e+02
6.120000000000000440e-02 -1.703994945392416867e+02
6.130000000000000032e-02 -1.711812539771706270e+02
6.140000000000000319e-02 -1.719668442838581939e+02
6.150000000000000605e-02 -1.727553022685847850e+02
6.160000000000000198e-02 -1.735461548637900648e+02
6.170000000000000484e-02 -1.743412824653274242e+02
6.180000000000000077e-02 -1.751416656674942658e+02
6.190000000000000363e-02 -1.759387431590330664e+02
6.199999999999999956e-02 -1.767356504199320000e+02
6.210000000000000242e-02 -1.775334272553936330e+02
6.220000000000000528e-02 -1.783321558823579664e+02
6.230000000000000121e-02 -1.791317419180221009e+02
6.240000000000000407e-02 -1.799321008292351962e+02
6.250000000000000000e-02 -1.807331950641217873e+02
6.260000000000000286e-02 -1.815350443134078375e+02
6.270000000000000573e-02 -1.823377001340389825e+02
6.280000000000000859e-02 -1.831412261472861189e+02
6.289999999999999758e-02 -1.839456998246316459e+02
6.300000000000000044e-02 -1.847512104975008356e+02
6.310000000000000331e-02 -1.855578558382027836e+02
6.320000000000000617e-02 -1.863657394078817617e+02
6.330000000000000904e-02 -1.871750252216408512e+02
6.339999999999999802e-02 -1.879859075755185813e+02
6.350000000000000089e-02 -1.887984882542111222e+02
6.360000000000000375e-02 -1.896128481042205465e+02
6.370000000000000662e-02 -1.904290758446664427e+02
6.380000000000000948e-02 -1.912470101805122340e+02
6.389999999999999847e-02 -1.920664521768996167e+02
6.400000000000000133e-02 -1.928890496986374501e+02
6.410000000000000420e-02 -1.937144952833257037e+02
6.420000000000000706e-02 -1.945427706412660882e+02
6.430000000000000993e-02 -1.953755301296205289e+02
6.439999999999999891e-02 -1.962161379393996015e+02
6.450000000000000178e-02 -1.970656911953416568e+02
6.460000000000000464e-02 -1.979243734567154149e+02
6.470000000000000751e-02 -1.987921874319941082e+02
6.479999999999999649e-02 -1.996675647521593930e+02
6.489999999999999936e-02 -2.005502741329079299e+02
6.500000000000000222e-02 -2.014404984439712507e+02
6.510000000000000508e-02 -2.023397058332211884e+02
6.520000000000000795e-02 -2.032510172618164859e+02
6.529999999999999694e-02 -2.041752626672503936e+02
6.539999999999999980e-02 -2.051111981428182105e+02
6.550000000000000266e-02 -2.060589306506129788e+02
6.560000000000000553e-02 -2.070207652866861565e+02
6.570000000000000839e-02 -2.080023694983815687e+02
6.579999999999999738e-02 -2.090060613580139943e+02
6.590000000000000024e-02 -2.100359663160868422e+02
6.600000000000000311e-02 -2.110934671453341593e+02
6.610000000000000597e-02 -2.121788040770158261e+02
6.620000000000000884e-02 -2.132920689594230907e+02
6.629999999999999782e-02 -2.144323473175756760e+02
6.640000000000000069e-02 -2.156005320901988682e+02
6.650000000000000355e-02 -2.167986869581550593e+02
6.660000000000000642e-02 -2.180285723614002507e+02
6.670000000000000928e-02 -2.192903839015428957e+02
6.679999999999999827e-02 -2.205841279963940167e+02
6.690000000000000113e-02 -2.219122205716666372e+02
6.700000000000000400e-02 -2.232836685413824682e+02
6.710000000000000686e-02 -2.247148960196145993e+02
6.720000000000000973e-02 -2.262141684857393784e+02
6.729999999999999871e-02 -2.277806368274904116e+02
6.740000000000000158e-02 -2.294117803323252360e+02
6.750000000000000444e-02 -2.311085906013184115e+02
6.760000000000000731e-02 -2.328933743547888753e+02
6.770000000000001017e-02 -2.347732875640766679e+02
6.779999999999999916e-02 -2.367424800960889115e+02
6.790000000000000202e-02 -2.389438986190650667e+02
6.800000000000000488e-02 -2.414635334368846600e+02
6.810000000000000775e-02 -2.442534504435501788e+02
6.819999999999999674e-02 -2.472295547128685769e+02
6.829999999999999960e-02 -2.503885298817831426e+02
6.840000000000000246e-02 -2.537511897207700429e+02
6.850000000000000533e-02 -2.573452017258215960e+02
6.860000000000000819e-02 -2.611450764565549889e+02
6.869999999999999718e-02 -2.651750147774505422e+02
6.880000000000000004e-02 -2.694716918380379411e+02
6.890000000000000291e-02 -2.741328167405328031e+02
6.900000000000000577e-02 -2.788749699788355656e+02
6.910000000000000864e-02 -2.822794769018591978e+02
6.919999999999999762e-02 -2.835848722995710887e+02
6.930000000000000049e-02 -2.842206034145604576e+02
6.940000000000000335e-02 -2.847799820225750409e+02
6.950000000000000622e-02 -2.852931888405086625e+02
6.960000000000000908e-02 -2.857406414997998354e+02
6.969999999999999807e-02 -2.862171945046272867e+02
6.980000000000000093e-02 -2.867846552457813800e+02
6.990000000000000380e-02 -2.874621853820563047e+02
7.000000000000000666e-02 -2.882377450085488704e+02
7.010000000000000953e-02 -2.890838801912804570e+02
7.019999999999999851e-02 -2.899682592482167252e+02
7.030000000000000138e-02 -2.908620424804132085e+02
7.040000000000000424e-02 -2.917568693071734742e+02
7.050000000000000711e-02 -2.926373288153407088e+02
7.060000000000000997e-02 -2.934891503811612665e+02
7.069999999999999896e-02 -2.943226101607614851e+02
7.080000000000000182e-02 -2.951657387385923812e+02
7.090000000000000469e-02 -2.960384960295705241e+02
7.100000000000000755e-02 -2.969375612858209479e+02
7.109999999999999654e-02 -2.978451184760544379e+02
7.119999999999999940e-02 -2.987493213773185516e+02
7.130000000000000226e-02 -2.996521976016277904e+02
7.140000000000000513e-02 -3.005545622687011473e+02
7.150000000000000799e-02 -3.014573352664442609e+02
7.159999999999999698e-02 -3.023624570912772356e+02
7.169999999999999984e-02 -3.032735055391003698e+02
7.180000000000000271e-02 -3.041903532984500771e+02
7.190000000000000557e-02 -3.051111343990187947e+02
7.200000000000000844e-02 -3.060339703304848058e+02
7.209999999999999742e-02 -3.069575631933334989e+02
7.220000000000000029e-02 -3.078812256727867407e+02
7.230000000000000315e-02 -3.088047173798394738e+02
7.240000000000000602e-02 -3.097280673785105023e+02
7.250000000000000888e-02 -3.106514424786282120e+02
7.259999999999999787e-02 -3.115750647840626470e+02
7.270000000000000073e-02 -3.124991648159318629e+02
7.280000000000000360e-02 -3.134239564313741653e+02
7.290000000000000646e-02 -3.143496242110724666e+02
7.300000000000000933e-02 -3.152763180912033363e+02
7.309999999999999831e-02 -3.162041525305585310e+02
7.320000000000000118e-02 -3.171332087158219224e+02
7.330000000000000404e-02 -3.180635388340606369e+02
7.340000000000000691e-02 -3.189951716832507600e+02
7.350000000000000977e-02 -3.199281190616641766e+02
7.359999999999999876e-02 -3.208623830621095294e+02
7.370000000000000162e-02 -3.217979108737083038e+02
7.380000000000000449e-02 -3.227332637917544957e+02
7.390000000000000735e-02 -3.236660853227739381e+02
7.400000000000001021e-02 -3.245960209563770604e+02
7.409999999999999920e-02 -3.255242634202786007e+02
7.420000000000000207e-02 -3.264516138481134249e+02
7.430000000000000493e-02 -3.273790704767382636e+02
7.440000000000000779e-02 -3.283076672003354588e+02
7.449999999999999678e-02 -3.292382234732859274e+02
7.459999999999999964e-02 -3.301713295805553798e+02
7.470000000000000251e-02 -3.311072905857045612e+02
7.480000000000000537e-02 -3.320455406848582811e+02
7.490000000000000824e-02 -3.329869034526363407e+02
7.499999999999999722e-02 -3.339319212676685424e+02
7.510000000000000009e-02 -3.348786159973466283e+02
7.520000000000000295e-02 -3.358246154292921233e+02
7.530000000000000582e-02 -3.367694671303635232e+02
7.540000000000000868e-02 -3.377135822516278836e+02
7.549999999999999767e-02 -3.386568713027158424e+02
7.560000000000000053e-02 -3.395996716731675065e+02
7.570000000000000340e-02 -3.405424058195517318e+02
7.580000000000000626e-02 -3.414853735937569468e+02
7.590000000000000913e-02 -3.424287543856783032e+02
7.599999999999999811e-02 -3.433726688919250591e+02
7.610000000000000098e-02 -3.443171775908165841e+02
7.620000000000000384e-02 -3.452622871284424946e+02
7.630000000000000671e-02 -3.462079885894297036e+02
7.640000000000000957e-02 -3.471542704271373623e+02
7.649999999999999856e-02 -3.481011214143792358e+02
7.660000000000000142e-02 -3.490487500583180349e+02
7.670000000000000429e-02 -3.499969662810416935e+02
7.680000000000000715e-02 -3.509445172593545976e+02
7.690000000000001001e-02 -3.518858645201191848e+02
7.699999999999999900e-02 -3.528180682355217073e+02
7.710000000000000187e-02 -3.537423431696022931e+02
7.720000000000000473e-02 -3.546611304590375653e+02
7.730000000000000759e-02 -3.555761311682265955e+02
7.740000000000001046e-02 -3.564883861632279718e+02
7.749999999999999944e-02 -3.573986706825593842e+02
7.760000000000000231e-02 -3.583079401121869978e+02
7.770000000000000517e-02 -3.592168706569470942e+02
7.780000000000000804e-02 -3.601259749367624181e+02
7.789999999999999702e-02 -3.610356696720239711e+02
7.799999999999999989e-02 -3.619462933927609924e+02
7.810000000000000275e-02 -3.628581127392645271e+02
7.820000000000000562e-02 -3.637723708517469845e+02
7.830000000000000848e-02 -3.646882733078288084e+02
7.839999999999999747e-02 -3.656043150266203270e+02
7.850000000000000033e-02 -3.665219047206859955e+02
7.860000000000000320e-02 -3.674413063720261903e+02
7.870000000000000606e-02 -3.683625128309257661e+02
7.880000000000000893e-02 -3.692855077000227766e+02
7.889999999999999791e-02 -3.702101702531074920e+02
7.900000000000000078e-02 -3.711363331499067613e+02
7.910000000000000364e-02 -3.720639593901406101e+02
7.920000000000000651e-02 -3.729930203300968969e+02
7.930000000000000937e-02 -3.739234256155990579e+02
7.939999999999999836e-02 -3.748550456598973142e+02
7.950000000000000122e-02 -3.757877480487440494e+02
7.960000000000000409e-02 -3.767214163308106549e+02
7.970000000000000695e-02 -3.776559539551236639e+02
7.980000000000000981e-02 -3.785912837623654923e+02
7.989999999999999880e-02 -3.795273478520857111e+02
8.000000000000000167e-02 -3.804641077055431424e+02
8.010000000000000453e-02 -3.813887380557090978e+02
8.020000000000000739e-02 -3.822735084501837832e+02
8.030000000000001026e-02 -3.831214024419551265e+02
8.039999999999999925e-02 -3.839417260313726956e+02
8.050000000000000211e-02 -3.847421882745914559e+02
8.060000000000000497e-02 -3.855283892391127551e+02
8.070000000000000784e-02 -3.863043201128056126e+02
8.080000000000001070e-02 -3.870728448923439373e+02
8.089999999999999969e-02 -3.878360482266105578e+02
8.100000000000000255e-02 -3.885954698454704612e+02
8.110000000000000542e-02 -3.893522284698627232e+02
8.120000000000000828e-02 -3.901072162398026535e+02
8.129999999999999727e-02 -3.908611839847536089e+02
8.140000000000000013e-02 -3.916147282569978074e+02
8.150000000000000300e-02 -3.923683117392602071e+02
8.160000000000000586e-02 -3.931222926216636893e+02
8.170000000000000873e-02 -3.938769469273602226e+02
8.179999999999999771e-02 -3.946324753821348281e+02
8.190000000000000058e-02 -3.953889922355184581e+02
8.200000000000000344e-02 -3.961466272038078387e+02
8.210000000000000631e-02 -3.969083894840778726e+02
8.220000000000000917e-02 -3.976689044469044916e+02
8.229999999999999816e-02 -3.984292290793292750e+02
8.240000000000000102e-02 -3.991922974331663454e+02
8.250000000000000389e-02 -3.999567574733315496e+02
8.260000000000000675e-02 -4.007214661760074250e+02
8.270000000000000961e-02 -4.014872804072492727e+02
8.279999999999999860e-02 -4.022538495706970707e+02
8.290000000000000147e-02 -4.030206030419988679e+02
8.300000000000000433e-02 -4.037874088945038693e+02
8.310000000000000719e-02 -4.045543643054139125e+02
8.320000000000001006e-02 -4.053215867111903776e+02
8.329999999999999905e-02 -4.060891576197167296e+02
8.340000000000000191e-02 -4.068571180668324132e+02
8.350000000000000477e-02 -4.076254767166985857e+02
8.360000000000000764e-02 -4.083942177037288843e+02
8.370000000000001050e-02 -4.091633029399532688e+02
8.379999999999999949e-02 -4.099326637765803412e+02
8.390000000000000235e-02 -4.107021641803804073e+02
8.400000000000000522e-02 -4.114711342311067597e+02
8.410000000000000808e-02 -4.122372519877873174e+02
8.420000000000001095e-02 -4.129992675404919851e+02
8.429999999999999993e-02 -4.137576728270865942e+02
8.440000000000000280e-02 -4.145132217401242656e+02
8.450000000000000566e-02 -4.152669273733047817e+02
8.460000000000000853e-02 -4.160186292796540215e+02
8.469999999999999751e-02 -4.167686027502506363e+02
8.480000000000000038e-02 -4.175172867815215909e+02
8.490000000000000324e-02 -4.182649266788538398e+02
8.500000000000000611e-02 -4.190116950598416565e+02
8.510000000000000897e-02 -4.197577330342256801e+02
8.519999999999999796e-02 -4.205031650853830456e+02
8.530000000000000082e-02 -4.212481057357809959e+02
8.540000000000000369e-02 -4.219926631831432928e+02
8.550000000000000655e-02 -4.227369415370017691e+02
8.560000000000000941e-02 -4.234810422052153740e+02
8.569999999999999840e-02 -4.242250646321885483e+02
8.580000000000000127e-02 -4.249691064775183804e+02
8.590000000000000413e-02 -4.257132812476472736e+02
8.600000000000000699e-02 -4.264593974161303436e+02
8.610000000000000986e-02 -4.272045532301079902e+02
8.619999999999999885e-02 -4.279487122764465425e+02
8.630000000000000171e-02 -4.286930105384929561e+02
8.640000000000000457e-02 -4.294377051069006370e+02
8.650000000000000744e-02 -4.301828364610482822e+02
8.660000000000001030e-02 -4.309289157947585522e+02
8.669999999999999929e-02 -4.316773900460551658e+02
8.680000000000000215e-02 -4.324266195890144218e+02
8.690000000000000502e-02 -4.331780691128575427e+02
8.700000000000000788e-02 -4.339330507222693996e+02
8.710000000000001075e-02 -4.346913960571013149e+02
8.719999999999999973e-02 -4.354537035888078549e+02
8.730000000000000260e-02 -4.362203908348748200e+02
8.740000000000000546e-02 -4.369914409482364590e+02
8.750000000000000833e-02 -4.377703450855877918e+02
8.759999999999999731e-02 -4.385567416942574823e+02
8.770000000000000018e-02 -4.393363994278527684e+02
8.780000000000000304e-02 -4.401132290644020486e+02
8.790000000000000591e-02 -4.408885479453154517e+02
8.800000000000000877e-02 -4.416626247036254540e+02
8.809999999999999776e-02 -4.424353097126925149e+02
8.820000000000000062e-02 -4.432063358502560391e+02
8.830000000000000349e-02 -4.439758733977017187e+02
8.840000000000000635e-02 -4.447451315824811218e+02
8.850000000000000921e-02 -4.455123823191916017e+02
8.859999999999999820e-02 -4.462774881872356900e+02
8.870000000000000107e-02 -4.470415170101899776e+02
8.880000000000000393e-02 -4.478094527741743605e+02
8.890000000000000679e-02 -4.485813652137071585e+02
8.900000000000000966e-02 -4.493714294521067245e+02
8.909999999999999865e-02 -4.501768256785629774e+02
8.920000000000000151e-02 -4.509807976501846269e+02
8.930000000000000437e-02 -4.517847340212653648e+02
8.940000000000000724e-02 -4.525908514616781417e+02
8.950000000000001010e-02 -4.533938726907668979e+02
8.959999999999999909e-02 -4.541958948229046769e+02
8.970000000000000195e-02 -4.550051030392835401e+02
8.980000000000000482e-02 -4.558232576755132186e+02
8.990000000000000768e-02 -4.566580880558797162e+02
9.000000000000001055e-02 -4.575035746543205164e+02
9.009999999999999953e-02 -4.583356487243766537e+02
9.020000000000000240e-02 -4.591429703995467548e+02
9.030000000000000526e-02 -4.599325957631553479e+02
9.040000000000000813e-02 -4.607191553581400285e+02
9.050000000000001099e-02 -4.615121358341637006e+02
9.059999999999999998e-02 -4.623159490935216240e+02
9.070000000000000284e-02 -4.631200729498299893e+02
9.080000000000000571e-02 -4.639162733057218020e+02
9.090000000000000857e-02 -4.647140629848586855e+02
9.099999999999999756e-02 -4.655129853250023757e+02
9.110000000000000042e-02 -4.663076737987860838e+02
9.120000000000000329e-02 -4.670979250659023023e+02
9.130000000000000615e-02 -4.678859945566082388e+02
9.140000000000000902e-02 -4.686735577824915140e+02
9.149999999999999800e-02 -4.694606604550974112e+02
9.160000000000000087e-02 -4.702476027668731717e+02
9.170000000000000373e-02 -4.710350592149701470e+02
9.180000000000000659e-02 -4.718236531940123655e+02
9.190000000000000946e-02 -4.726136158555137285e+02
9.199999999999999845e-02 -4.734046928868839927e+02
9.210000000000000131e-02 -4.741962395699423496e+02
9.220000000000000417e-02 -4.749873818786774109e+02
9.230000000000000704e-02 -4.757771330253499400e+02
9.240000000000000990e-02 -4.765644012928462985e+02
9.249999999999999889e-02 -4.773474728755384149e+02
9.260000000000000175e-02 -4.781205694398832406e+02
9.270000000000000462e-02 -4.788777753883216519e+02
9.280000000000000748e-02 -4.796125190096540223e+02
9.290000000000001035e-02 -4.803109395020202328e+02
9.299999999999999933e-02 -4.809544194716114021e+02
9.310000000000000220e-02 -4.815286938080107575e+02
9.320000000000000506e-02 -4.820216071929640407e+02
9.330000000000000793e-02 -4.824201582049020658e+02
9.340000000000001079e-02 -4.827100452621152158e+02
9.349999999999999978e-02 -4.828750281982137835e+02
9.360000000000000264e-02 -4.828965296492661423e+02
9.370000000000000551e-02 -4.827559706522481520e+02
9.380000000000000837e-02 -4.824378526335927972e+02
9.390000000000001124e-02 -4.819489292374724414e+02
9.400000000000000022e-02 -4.812975056199290407e+02
9.410000000000000309e-02 -4.804806753081313673e+02
9.420000000000000595e-02 -4.794816829407837986e+02
9.430000000000000882e-02 -4.782873432265932934e+02
9.439999999999999780e-02 -4.769217207092619901e+02
9.450000000000000067e-02 -4.754185905527386353e+02
9.460000000000000353e-02 -4.737639303940491118e+02
9.470000000000000639e-02 -4.720649789760597628e+02
9.480000000000000926e-02 -4.704413992220427190e+02
9.489999999999999825e-02 -4.690381819972432709e+02
9.500000000000000111e-02 -4.678451337567332757e+02
9.510000000000000397e-02 -4.668725460961117619e+02
9.520000000000000684e-02 -4.661645892595399232e+02
9.530000000000000970e-02 -4.657502346691977664e+02
9.539999999999999869e-02 -4.655943081121432670e+02
9.550000000000000155e-02 -4.656324177086558507e+02
9.560000000000000442e-02 -4.658161847675680178e+02
9.570000000000000728e-02 -4.661428872430388992e+02
9.580000000000001015e-02 -4.666359663360196919e+02
9.589999999999999913e-02 -4.672818403688115154e+02
9.600000000000000200e-02 -4.680440192577299285e+02
9.610000000000000486e-02 -4.688775287386007449e+02
9.620000000000000773e-02 -4.697482453372732607e+02
9.630000000000001059e-02 -4.706417104769027446e+02
9.639999999999999958e-02 -4.715434156277194688e+02
9.650000000000000244e-02 -4.724925523847982731e+02
9.660000000000000531e-02 -4.734683563325937143e+02
9.670000000000000817e-02 -4.744561961290110617e+02
9.680000000000001104e-02 -4.754798065255103552e+02
9.690000000000000002e-02 -4.764817942130935080e+02
9.700000000000000289e-02 -4.774727429242939820e+02
9.710000000000000575e-02 -4.784512795811251635e+02
9.720000000000000862e-02 -4.794126996248056116e+02
9.730000000000001148e-02 -4.803617174672114061e+02
9.740000000000000047e-02 -4.813023093377400414e+02
9.750000000000000333e-02 -4.822372734290410676e+02
9.760000000000000620e-02 -4.831683353463195658e+02
9.770000000000000906e-02 -4.840963461963838199e+02
9.779999999999999805e-02 -4.850214032796511106e+02
9.790000000000000091e-02 -4.859432849533691865e+02
9.800000000000000377e-02 -4.868620707419917721e+02
9.810000000000000664e-02 -4.877779607767841412e+02
9.820000000000000950e-02 -4.886915852150700630e+02
9.829999999999999849e-02 -4.896049926803252106e+02
9.840000000000000135e-02 -4.905211717095922381e+02
9.850000000000000422e-02 -4.914409011401068597e+02
9.860000000000000708e-02 -4.923633386030051611e+02
9.870000000000000995e-02 -4.932877344734918097e+02
9.879999999999999893e-02 -4.942136840130467590e+02
9.890000000000000180e-02 -4.951410037701468809e+02
9.900000000000000466e-02 -4.960696337086217227e+02
9.910000000000000753e-02 -4.969995958022374793e+02
9.920000000000001039e-02 -4.979309716832315189e+02
9.929999999999999938e-02 -4.988638826497279979e+02
9.940000000000000224e-02 -4.997984577004027642e+02
9.950000000000000511e-02 -5.007345721669864247e+02
9.960000000000000797e-02 -5.016733467168286325e+02
9.970000000000001084e-02 -5.026144490666459319e+02
9.979999999999999982e-02 -5.035576496666781168e+02
9.990000000000000269e-02 -5.045080408242798171e+02
1.000000000000000056e-01 -5.054572940459041206e+02
1.001000000000000084e-01 -5.082255026936435343e+02
1.002000000000000113e-01 -5.121426713925834520e+02
1.003000000000000003e-01 -5.163193278972560165e+02
1.004000000000000031e-01 -5.208294922592084504e+02
1.005000000000000060e-01 -5.260509445502808603e+02
1.006000000000000089e-01 -5.321511829817980015e+02
1.007000000000000117e-01 -5.389173120205414307e+02
1.008000000000000007e-01 -5.460763823511292685e+02
1.009000000000000036e-01 -5.535688735845471911e+02
1.010000000000000064e-01 -5.595817374909903492e+02
1.011000000000000093e-01 -5.633774042488789746e+02
1.011999999999999983e-01 -5.661578345882742269e+02
1.013000000000000012e-01 -5.683902630148327262e+02
1.014000000000000040e-01 -5.702396238586917434e+02
1.015000000000000069e-01 -5.718056353689248681e+02
1.016000000000000097e-01 -5.730107228285369274e+02
1.016999999999999987e-01 -5.738347882282471346e+02
1.018000000000000016e-01 -5.744968653347186773e+02
1.019000000000000045e-01 -5.752857953409131824e+02
1.020000000000000073e-01 -5.771645007800010490e+02
1.021000000000000102e-01 -5.791710968494368217e+02
1.021999999999999992e-01 -5.805038459746876924e+02
1.023000000000000020e-01 -5.812952029916642687e+02
1.024000000000000049e-01 -5.817612904289743483e+02
1.025000000000000078e-01 -5.820449192661719735e+02
1.026000000000000106e-01 -5.822319620126742166e+02
1.026999999999999996e-01 -5.823749919176999583e+02
1.028000000000000025e-01 -5.824922794094026131e+02
1.029000000000000054e-01 -5.825814287763712400e+02
1.030000000000000082e-01 -5.826487057794453222e+02
1.031000000000000111e-01 -5.827011847421607627e+02
1.032000000000000001e-01 -5.827342540447353940e+02
1.033000000000000029e-01 -5.827356173157780859e+02
1.034000000000000058e-01 -5.827003921508836584e+02
1.035000000000000087e-01 -5.826120590338463217e+02
1.036000000000000115e-01 -5.824471989977606654e+02
1.037000000000000005e-01 -5.821893714242297619e+02
1.038000000000000034e-01 -5.818192375598301851e+02
1.039000000000000062e-01 -5.813294692243709960e+02
1.040000000000000091e-01 -5.807273558878115409e+02
1.040999999999999981e-01 -5.800026218683931347e+02
1.042000000000000010e-01 -5.791560960772731050e+02
1.043000000000000038e-01 -5.781905003652108235e+02
1.044000000000000067e-01 -5.771761122487372404e+02
1.045000000000000095e-01 -5.761585974340216580e+02
1.045999999999999985e-01 -5.751845853400841406e+02
1.047000000000000014e-01 -5.743484490155419735e+02
1.048000000000000043e-01 -5.736692314000562192e+02
1.049000000000000071e-01 -5.731563481968407814e+02
1.050000000000000100e-01 -5.727885797602709772e+02
1.050999999999999990e-01 -5.726056667698956062e+02
1.052000000000000018e-01 -5.726329489071505350e+02
1.053000000000000047e-01 -5.728366587536214638e+02
1.054000000000000076e-01 -5.731663968227508121e+02
1.055000000000000104e-01 -5.736052990350628988e+02
1.055999999999999994e-01 -5.741207217433635606e+02
1.057000000000000023e-01 -5.747068062668438415e+02
1.058000000000000052e-01 -5.753775668193608226e+02
1.059000000000000080e-01 -5.761408791337549928e+02
1.060000000000000109e-01 -5.769912112742110821e+02
1.060999999999999999e-01 -5.779108042809392600e+02
1.062000000000000027e-01 -5.788752693922511980e+02
1.063000000000000056e-01 -5.798659515984662676e+02
1.064000000000000085e-01 -5.808418278464956757e+02
1.065000000000000113e-01 -5.818750158460007924e+02
1.066000000000000003e-01 -5.829426172661554801e+02
1.067000000000000032e-01 -5.840199667581549647e+02
1.068000000000000060e-01 -5.850937392911637289e+02
1.069000000000000089e-01 -5.861572347422875282e+02
1.070000000000000118e-01 -5.872091285292701741e+02
1.071000000000000008e-01 -5.882507269967475168e+02
1.072000000000000036e-01 -5.892836138635343559e+02
1.073000000000000065e-01 -5.903089833324327174e+02
1.074000000000000093e-01 -5.913185463636893928e+02
1.074999999999999983e-01 -5.923325479697582523e+02
1.076000000000000012e-01 -5.933509684148089036e+02
1.077000000000000041e-01 -5.943683062792507599e+02
1.078000000000000069e-01 -5.953823944456795516e+02
1.079000000000000098e-01 -5.963931064625091949e+02
1.079999999999999988e-01 -5.974008198033380950e+02
1.081000000000000016e-01 -5.984061278706655003e+02
1.082000000000000045e-01 -5.994095630255369542e+02
1.083000000000000074e-01 -6.004097249154881411e+02
1.084000000000000102e-01 -6.014075509138751841e+02
1.084999999999999992e-01 -6.024074508699957278e+02
1.086000000000000021e-01 -6.034099741742303422e+02
1.087000000000000050e-01 -6.044161077550611481e+02
1.088000000000000078e-01 -6.054275353618730833e+02
1.089000000000000107e-01 -6.064458156321189790e+02
1.089999999999999997e-01 -6.074699798764096386e+02
1.091000000000000025e-01 -6.084987170771088358e+02
1.092000000000000054e-01 -6.095310652221327246e+02
1.093000000000000083e-01 -6.105668587424418092e+02
1.094000000000000111e-01 -6.116056713946892387e+02
1.095000000000000001e-01 -6.126468454541285382e+02
1.096000000000000030e-01 -6.136901622488330759e+02
1.097000000000000058e-01 -6.147355390119424783e+02
1.098000000000000087e-01 -6.157838960559553243e+02
1.099000000000000116e-01 -6.168362674301336028e+02
1.100000000000000006e-01 -6.178925166739577435e+02
1.101000000000000034e-01 -6.189659095582525197e+02
1.102000000000000063e-01 -6.200894503598246956e+02
1.103000000000000091e-01 -6.212619345157521593e+02
1.104000000000000120e-01 -6.224741472249004346e+02
1.105000000000000010e-01 -6.237157976748171677e+02
1.106000000000000039e-01 -6.249786932099942760e+02
1.107000000000000067e-01 -6.262574342037139559e+02
1.108000000000000096e-01 -6.275483657165978002e+02
1.108999999999999986e-01 -6.288489321361541897e+02
1.110000000000000014e-01 -6.301572850285299410e+02
1.111000000000000043e-01 -6.314720419379749501e+02
1.112000000000000072e-01 -6.327921377214117911e+02
1.113000000000000100e-01 -6.341168244025016065e+02
1.113999999999999990e-01 -6.354483325939863789e+02
1.115000000000000019e-01 -6.367813591971864753e+02
1.116000000000000048e-01 -6.381160280124938708e+02
1.117000000000000076e-01 -6.394529870973356083e+02
1.118000000000000105e-01 -6.407923328550102724e+02
1.118999999999999995e-01 -6.421345764541987364e+02
1.120000000000000023e-01 -6.434814447287477606e+02
1.121000000000000052e-01 -6.448351568289979241e+02
1.122000000000000081e-01 -6.461946391726737602e+02
1.123000000000000109e-01 -6.475586731951422053e+02
1.123999999999999999e-01 -6.489265156833317860e+02
1.125000000000000028e-01 -6.502976716872698262e+02
1.126000000000000056e-01 -6.516717761851040223e+02
1.127000000000000085e-01 -6.530485333940831651e+02
1.128000000000000114e-01 -6.544277056484967261e+02
1.129000000000000004e-01 -6.558090922670064629e+02
1.130000000000000032e-01 -6.571924816943193264e+02
1.131000000000000061e-01 -6.585776747425883286e+02
1.132000000000000089e-01 -6.599645499953326180e+02
1.133000000000000118e-01 -6.613531577994197050e+02
1.134000000000000008e-01 -6.627436873685078353e+02
1.135000000000000037e-01 -6.641366969360709618e+02
1.136000000000000065e-01 -6.655314819844973044e+02
1.137000000000000094e-01 -6.669274833713384396e+02
1.138000000000000123e-01 -6.683229370697201830e+02
1.139000000000000012e-01 -6.697206909442838878e+02
1.140000000000000041e-01 -6.711205928167568118e+02
1.141000000000000070e-01 -6.725221760627866843e+02
1.142000000000000098e-01 -6.739254963413808355e+02
1.142999999999999988e-01 -6.753308322147472609e+02
1.144000000000000017e-01 -6.767385654797225243e+02
1.145000000000000046e-01 -6.781491603672383235e+02
1.146000000000000074e-01 -6.795632590131325514e+02
1.147000000000000103e-01 -6.809829466875252137e+02
1.147999999999999993e-01 -6.824125687983275839e+02
1.149000000000000021e-01 -6.838564502403979759e+02
1.150000000000000050e-01 -6.853155628817161187e+02
1.151000000000000079e-01 -6.867893299454217413e+02
1.152000000000000107e-01 -6.882770617858980131e+02
1.152999999999999997e-01 -6.897783836814145388e+02
1.154000000000000026e-01 -6.912932921361908711e+02
1.155000000000000054e-01 -6.928221899396198751e+02
1.156000000000000083e-01 -6.943672534470795199e+02
1.157000000000000112e-01 -6.959311625451447298e+02
1.158000000000000002e-01 -6.975147669326661344e+02
1.159000000000000030e-01 -6.991182113183213005e+02
1.160000000000000059e-01 -7.007415198706305546e+02
1.161000000000000087e-01 -7.023847997940363257e+02
1.162000000000000116e-01 -7.040480585816864050e+02
1.163000000000000006e-01 -7.057318679443559404e+02
1.164000000000000035e-01 -7.074347717004136484e+02
1.165000000000000063e-01 -7.091454495000201632e+02
1.166000000000000092e-01 -7.108871064887019884e+02
1.167000000000000121e-01 -7.126590224947498200e+02
1.168000000000000010e-01 -7.144598183446647681e+02
1.169000000000000039e-01 -7.162986074927063100e+02
1.170000000000000068e-01 -7.181851095510068035e+02
1.171000000000000096e-01 -7.201255454305749026e+02
1.172000000000000125e-01 -7.221215512298615522e+02
1.173000000000000015e-01 -7.241727746809577866e+02
1.174000000000000044e-01 -7.262800683332070548e+02
1.175000000000000072e-01 -7.284364112567898246e+02
1.176000000000000101e-01 -7.306368124007088909e+02
1.176999999999999991e-01 -7.328910385069540325e+02
1.178000000000000019e-01 -7.352224483035153071e+02
1.179000000000000048e-01 -7.376592323420753701e+02
1.180000000000000077e-01 -7.402205743323572733e+02
1.181000000000000105e-01 -7.429577536622381331e+02
1.181999999999999995e-01 -7.459435371401146995e+02
1.183000000000000024e-01 -7.491914104569785877e+02
1.184000000000000052e-01 -7.527026427869427607e+02
1.185000000000000081e-01 -7.564897042947910677e+02
1.186000000000000110e-01 -7.605309658766827852e+02
1.187000000000000000e-01 -7.648266307109180389e+02
1.188000000000000028e-01 -7.692993462407586094e+02
1.189000000000000057e-01 -7.735112276670191704e+02
1.190000000000000085e-01 -7.763296449138384787e+02
1.191000000000000114e-01 -7.778968065525365319e+02
1.192000000000000004e-01 -7.792425234240097325e+02
1.193000000000000033e-01 -7.807048243634034179e+02
1.194000000000000061e-01 -7.820839878761428281e+02
1.195000000000000090e-01 -7.832899435843329456e+02
1.196000000000000119e-01 -7.843744818625461903e+02
1.197000000000000008e-01 -7.854099835882789193e+02
1.198000000000000037e-01 -7.864560318174100075e+02
1.199000000000000066e-01 -7.875585128064824403e+02
1.200000000000000094e-01 -7.887406675741947311e+02
1.201000000000000123e-01 -7.900003121090979903e+02
1.202000000000000013e-01 -7.913237170025712430e+02
1.203000000000000042e-01 -7.926978096185951017e+02
1.204000000000000070e-01 -7.941070224586140966e+02
1.205000000000000099e-01 -7.955398990459417519e+02
1.205999999999999989e-01 -7.969931766461717189e+02
1.207000000000000017e-01 -7.984545418330268376e+02
1.208000000000000046e-01 -7.999122773440802803e+02
1.209000000000000075e-01 -8.013628705934596610e+02
1.210000000000000103e-01 -8.028080109617134212e+02
1.210999999999999993e-01 -8.042481425247127618e+02
1.212000000000000022e-01 -8.056838796381956627e+02
1.213000000000000050e-01 -8.071118510936493067e+02
1.214000000000000079e-01 -8.085288640280509753e+02
1.215000000000000108e-01 -8.099358999246832127e+02
1.215999999999999998e-01 -8.113378544883369159e+02
1.217000000000000026e-01 -8.127405479255659202e+02
1.218000000000000055e-01 -8.141484623276359116e+02
1.219000000000000083e-01 -8.155623135992963171e+02
1.220000000000000112e-01 -8.169814103511860139e+02
1.221000000000000002e-01 -8.184048845749160819e+02
1.222000000000000031e-01 -8.198320401474118171e+02
1.223000000000000059e-01 -8.212623413902150560e+02
1.224000000000000088e-01 -8.226953248366882008e+02
1.225000000000000117e-01 -8.241305430281746567e+02
1.226000000000000006e-01 -8.255675487377035324e+02
1.227000000000000035e-01 -8.270051048973423349e+02
1.228000000000000064e-01 -8.284407856842888123e+02
1.229000000000000092e-01 -8.298731701783316339e+02
1.230000000000000121e-01 -8.313027310888743386e+02
1.231000000000000011e-01 -8.327305051122015129e+02
1.232000000000000040e-01 -8.341573736870276434e+02
1.233000000000000068e-01 -8.355839235896505670e+02
1.234000000000000097e-01 -8.370105271859977165e+02
1.235000000000000125e-01 -8.384374402821176773e+02
1.236000000000000015e-01 -8.398648615812910521e+02
1.237000000000000044e-01 -8.412929577823648515e+02
1.238000000000000073e-01 -8.427218735640575460e+02
1.239000000000000101e-01 -8.441518149167874299e+02
1.239999999999999991e-01 -8.455829476284994826e+02
1.241000000000000020e-01 -8.470153540019088041e+02
1.242000000000000048e-01 -8.484492363121867129e+02
1.243000000000000077e-01 -8.498849332718172036e+02
1.244000000000000106e-01 -8.513232988943854025e+02
1.244999999999999996e-01 -8.527642007783169902e+02
1.246000000000000024e-01 -8.542073193075640347e+02
1.247000000000000053e-01 -8.556522555433615480e+02
1.248000000000000081e-01 -8.570988785254380673e+02
1.249000000000000110e-01 -8.585473349072918836e+02
1.250000000000000000e-01 -8.599976806151674964e+02
1.251000000000000167e-01 -8.614503787591911532e+02
1.252000000000000057e-01 -8.629060916651278603e+02
1.252999999999999947e-01 -8.643638997518838778e+02
1.254000000000000115e-01 -8.658210386769452498e+02
1.255000000000000004e-01 -8.672735832463454244e+02
1.256000000000000172e-01 -8.687210110489356794e+02
1.257000000000000062e-01 -8.701645894038201732e+02
1.257999999999999952e-01 -8.716056655455168993e+02
1.259000000000000119e-01 -8.730452965958531877e+02
1.260000000000000009e-01 -8.744842966801990087e+02
1.261000000000000176e-01 -8.759232921977516071e+02
1.262000000000000066e-01 -8.773627505910682203e+02
1.262999999999999956e-01 -8.788030055413225909e+02
1.264000000000000123e-01 -8.802442839321272459e+02
1.265000000000000013e-01 -8.816867325433695441e+02
1.266000000000000181e-01 -8.831304415331571818e+02
1.267000000000000071e-01 -8.845754629073162505e+02
1.267999999999999960e-01 -8.860218235131673055e+02
1.269000000000000128e-01 -8.874695331039526991e+02
1.270000000000000018e-01 -8.889185893019748619e+02
1.271000000000000185e-01 -8.903690950176487604e+02
1.272000000000000075e-01 -8.918208734251087435e+02
1.272999999999999965e-01 -8.932738085145784908e+02
1.274000000000000132e-01 -8.947279598410920016e+02
1.275000000000000022e-01 -8.961832985386600967e+02
1.276000000000000190e-01 -8.976397711198191018e+02
1.277000000000000079e-01 -8.990973189664223355e+02
1.277999999999999969e-01 -9.005558852408554458e+02
1.279000000000000137e-01 -9.020154184934199293e+02
1.280000000000000027e-01 -9.034758750524207471e+02
1.281000000000000194e-01 -9.049372205387088570e+02
1.282000000000000084e-01 -9.063994305346254805e+02
1.282999999999999974e-01 -9.078624904660483708e+02
1.284000000000000141e-01 -9.093263948300129869e+02
1.285000000000000031e-01 -9.107911459489256458e+02
1.286000000000000199e-01 -9.122567524394139582e+02
1.287000000000000088e-01 -9.137232382679553666e+02
1.287999999999999978e-01 -9.151906623899950546e+02
1.289000000000000146e-01 -9.166590752799470465e+02
1.290000000000000036e-01 -9.181284849467475624e+02
1.290999999999999925e-01 -9.195988888763267823e+02
1.292000000000000093e-01 -9.210703513058737144e+02
1.292999999999999983e-01 -9.225440565798901389e+02
1.294000000000000150e-01 -9.240176856302708757e+02
1.295000000000000040e-01 -9.254917715944550309e+02
1.295999999999999930e-01 -9.269668577605705195e+02
1.297000000000000097e-01 -9.284105263240304566e+02
1.297999999999999987e-01 -9.298351342250880407e+02
1.299000000000000155e-01 -9.312791393951442842e+02
1.300000000000000044e-01 -9.327345331006875995e+02
1.300999999999999934e-01 -9.341848604560281046e+02
1.302000000000000102e-01 -9.355987345083021864e+02
1.302999999999999992e-01 -9.369762120085515562e+02
1.304000000000000159e-01 -9.382979859999096561e+02
1.305000000000000049e-01 -9.395984328454488832e+02
1.305999999999999939e-01 -9.408902132133706573e+02
1.307000000000000106e-01 -9.421731437712330717e+02
1.307999999999999996e-01 -9.434491735204017004e+02
1.309000000000000163e-01 -9.447205594498286700e+02
1.310000000000000053e-01 -9.459902713623681620e+02
1.310999999999999943e-01 -9.472586421772150516e+02
1.312000000000000111e-01 -9.485254949476803858e+02
1.313000000000000000e-01 -9.497923716765953941e+02
1.314000000000000168e-01 -9.510598196334556178e+02
1.315000000000000058e-01 -9.523280782434244429e+02
1.315999999999999948e-01 -9.535972645973380395e+02
1.317000000000000115e-01 -9.548674314903404365e+02
1.318000000000000005e-01 -9.561229966386741808e+02
1.319000000000000172e-01 -9.574537143812660815e+02
1.320000000000000062e-01 -9.588317559052857177e+02
1.320999999999999952e-01 -9.601975737151782369e+02
1.322000000000000119e-01 -9.615483558249932230e+02
1.323000000000000009e-01 -9.628890038105620306e+02
1.324000000000000177e-01 -9.642231316863261554e+02
1.325000000000000067e-01 -9.655518392423185787e+02
1.325999999999999956e-01 -9.669038356393253935e+02
1.327000000000000124e-01 -9.683560133002021075e+02
1.328000000000000014e-01 -9.697937950277134860e+02
1.329000000000000181e-01 -9.711944538982893391e+02
1.330000000000000071e-01 -9.725639506143371591e+02
1.330999999999999961e-01 -9.739110035991981249e+02
1.332000000000000128e-01 -9.752421423883963598e+02
1.333000000000000018e-01 -9.765618927027027212e+02
1.334000000000000186e-01 -9.778734239945888476e+02
1.335000000000000075e-01 -9.791783939692820695e+02
1.335999999999999965e-01 -9.804786236651941636e+02
1.337000000000000133e-01 -9.817752250646564107e+02
1.338000000000000023e-01 -9.830716972551348363e+02
1.339000000000000190e-01 -9.843668929859042009e+02
1.340000000000000080e-01 -9.856560226592898744e+02
1.340999999999999970e-01 -9.869438580579161453e+02
1.342000000000000137e-01 -9.882319490473183805e+02
1.343000000000000027e-01 -9.895190492755067453e+02
1.344000000000000195e-01 -9.908065082007548199e+02
1.345000000000000084e-01 -9.920949407326331766e+02
1.345999999999999974e-01 -9.933846874732241758e+02
1.347000000000000142e-01 -9.946759814830593314e+02
1.348000000000000032e-01 -9.959689754446750385e+02
1.349000000000000199e-01 -9.972637423849278093e+02
1.350000000000000089e-01 -9.985602742703272270e+02
1.350999999999999979e-01 -9.998584793380779274e+02
1.352000000000000146e-01 -1.001158160459576266e+03
1.353000000000000036e-01 -1.002458540599657454e+03
1.354000000000000203e-01 -1.003757743398690536e+03
1.355000000000000093e-01 -1.005055474526233070e+03
1.355999999999999983e-01 -1.006352007373753509e+03
1.357000000000000151e-01 -1.007647553758694698e+03
1.358000000000000040e-01 -1.008943009024328148e+03
1.358999999999999930e-01 -1.010237827691618008e+03
1.360000000000000098e-01 -1.011533868888766051e+03
1.360999999999999988e-01 -1.012832084629462656e+03
1.362000000000000155e-01 -1.014126845307596568e+03
1.363000000000000045e-01 -1.015419524419831077e+03
1.363999999999999935e-01 -1.016710735691543505e+03
1.365000000000000102e-01 -1.018001440686941805e+03
1.365999999999999992e-01 -1.019291981047048694e+03
1.367000000000000159e-01 -1.020582454892725082e+03
1.368000000000000049e-01 -1.021872860075390918e+03
1.368999999999999939e-01 -1.023163259946709445e+03
1.370000000000000107e-01 -1.024453735616558333e+03
1.370999999999999996e-01 -1.025744370822524616e+03
1.372000000000000164e-01 -1.027035248257512649e+03
1.373000000000000054e-01 -1.028326446991828334e+03
1.373999999999999944e-01 -1.029618039712655445e+03
1.375000000000000111e-01 -1.030910090159254878e+03
1.376000000000000001e-01 -1.032202651069598915e+03
1.377000000000000168e-01 -1.033495762560707590e+03
1.378000000000000058e-01 -1.034789450525372331e+03
1.378999999999999948e-01 -1.036083724340425761e+03
1.380000000000000115e-01 -1.037378766724528759e+03
1.381000000000000005e-01 -1.038675596538054606e+03
1.382000000000000173e-01 -1.039972996932358228e+03
1.383000000000000063e-01 -1.041270143557472011e+03
1.383999999999999952e-01 -1.042565909327451436e+03
1.385000000000000120e-01 -1.043860468695771488e+03
1.386000000000000010e-01 -1.045156730453568798e+03
1.387000000000000177e-01 -1.046455222776967730e+03
1.388000000000000067e-01 -1.047759776390235174e+03
1.388999999999999957e-01 -1.049077801156036685e+03
1.390000000000000124e-01 -1.050384196695289120e+03
1.391000000000000014e-01 -1.051692020872715375e+03
1.392000000000000182e-01 -1.053007326515242539e+03
1.393000000000000071e-01 -1.054330386949258809e+03
1.393999999999999961e-01 -1.055647512149416343e+03
1.395000000000000129e-01 -1.056961118297881285e+03
1.396000000000000019e-01 -1.058262388189668400e+03
1.397000000000000186e-01 -1.059555385776218372e+03
1.398000000000000076e-01 -1.060845598021617661e+03
1.398999999999999966e-01 -1.062127569459925098e+03
1.400000000000000133e-01 -1.063401751934872664e+03
1.401000000000000023e-01 -1.064683850663877365e+03
1.402000000000000191e-01 -1.065970928710368071e+03
1.403000000000000080e-01 -1.067258708671798786e+03
1.403999999999999970e-01 -1.068547385660601321e+03
1.405000000000000138e-01 -1.069835024327553583e+03
1.406000000000000028e-01 -1.071125696972392689e+03
1.407000000000000195e-01 -1.072430698700850371e+03
1.408000000000000085e-01 -1.073745710669980326e+03
1.408999999999999975e-01 -1.075062583373373172e+03
1.410000000000000142e-01 -1.076371592786504152e+03
1.411000000000000032e-01 -1.077667598264698654e+03
1.412000000000000199e-01 -1.078954324604448630e+03
1.413000000000000089e-01 -1.080240628800303284e+03
1.413999999999999979e-01 -1.081533863738790160e+03
1.415000000000000147e-01 -1.082837420164529021e+03
1.416000000000000036e-01 -1.084151028396385527e+03
1.417000000000000204e-01 -1.085470710354096127e+03
1.418000000000000094e-01 -1.086791556495829354e+03
1.418999999999999984e-01 -1.088110756082800435e+03
1.420000000000000151e-01 -1.089427990912485711e+03
1.421000000000000041e-01 -1.090743627847142761e+03
1.421999999999999931e-01 -1.092056003253041354e+03
1.423000000000000098e-01 -1.093358754845473186e+03
1.423999999999999988e-01 -1.094638229966278914e+03
1.425000000000000155e-01 -1.095882871627261238e+03
1.426000000000000045e-01 -1.097082494600968857e+03
1.426999999999999935e-01 -1.098224449728067839e+03
1.428000000000000103e-01 -1.099298257915350860e+03
1.428999999999999992e-01 -1.100288210416188349e+03
1.430000000000000160e-01 -1.101176245976594828e+03
1.431000000000000050e-01 -1.101942194384854929e+03
1.431999999999999940e-01 -1.102566929110428873e+03
1.433000000000000107e-01 -1.103042662757152812e+03
1.433999999999999997e-01 -1.103375361627789971e+03
1.435000000000000164e-01 -1.103559492236068536e+03
1.436000000000000054e-01 -1.103584092381541041e+03
1.436999999999999944e-01 -1.103429286215809270e+03
1.438000000000000111e-01 -1.103095707862654990e+03
1.439000000000000001e-01 -1.102569221774137759e+03
1.440000000000000169e-01 -1.101856858512117924e+03
1.441000000000000059e-01 -1.100966564206570411e+03
1.441999999999999948e-01 -1.099916583203212213e+03
1.443000000000000116e-01 -1.098837562608660619e+03
1.444000000000000006e-01 -1.097804122041394976e+03
1.445000000000000173e-01 -1.096962831697532692e+03
1.446000000000000063e-01 -1.096329061850277412e+03
1.446999999999999953e-01 -1.095881442597041769e+03
1.448000000000000120e-01 -1.095706916747267087e+03
1.449000000000000010e-01 -1.095623389178346997e+03
1.450000000000000178e-01 -1.095467486395806418e+03
1.451000000000000068e-01 -1.095255350797243864e+03
1.451999999999999957e-01 -1.094260670162623455e+03
1.453000000000000125e-01 -1.092843397919985591e+03
1.454000000000000015e-01 -1.091789279719410160e+03
1.455000000000000182e-01 -1.091548300079085038e+03
1.456000000000000072e-01 -1.091880065215876584e+03
1.456999999999999962e-01 -1.092464437250010178e+03
1.458000000000000129e-01 -1.093149568203874423e+03
1.459000000000000019e-01 -1.093925294675460009e+03
1.460000000000000187e-01 -1.094805031132191743e+03
1.461000000000000076e-01 -1.095792687717727858e+03
1.461999999999999966e-01 -1.096889580891677952e+03
1.463000000000000134e-01 -1.098072573562003299e+03
1.464000000000000024e-01 -1.099304826325624390e+03
1.465000000000000191e-01 -1.100627772411888145e+03
1.466000000000000081e-01 -1.102012253164551112e+03
1.466999999999999971e-01 -1.103423185089114895e+03
1.468000000000000138e-01 -1.104834238208729630e+03
1.469000000000000028e-01 -1.106233758548220294e+03
1.470000000000000195e-01 -1.107633450418850771e+03
1.471000000000000085e-01 -1.109039426559997310e+03
1.471999999999999975e-01 -1.110436011798627078e+03
1.473000000000000143e-01 -1.111836167197490340e+03
1.474000000000000032e-01 -1.113243742352404979e+03
1.475000000000000200e-01 -1.114659699891855780e+03
1.476000000000000090e-01 -1.116098398944374367e+03
1.476999999999999980e-01 -1.117539032143794202e+03
1.478000000000000147e-01 -1.118978674693534686e+03
1.479000000000000037e-01 -1.120421044178146985e+03
1.480000000000000204e-01 -1.121866411469640298e+03
1.481000000000000094e-01 -1.123317060585336321e+03
1.481999999999999984e-01 -1.124785858318430201e+03
1.483000000000000151e-01 -1.126243081192691534e+03
1.484000000000000041e-01 -1.127694461095882616e+03
1.485000000000000209e-01 -1.129144993664554249e+03
1.486000000000000099e-01 -1.130596624683599430e+03
1.486999999999999988e-01 -1.132053490451209882e+03
1.488000000000000156e-01 -1.133526131973407018e+03
1.489000000000000046e-01 -1.135001740101669611e+03
1.489999999999999936e-01 -1.136463548948820062e+03
1.491000000000000103e-01 -1.137920355124721482e+03
1.491999999999999993e-01 -1.139380051427080616e+03
1.493000000000000160e-01 -1.140847094751396298e+03
1.494000000000000050e-01 -1.142313606912399337e+03
1.494999999999999940e-01 -1.143780887403177303e+03
1.496000000000000107e-01 -1.145246959998206876e+03
1.496999999999999997e-01 -1.146715379783850040e+03
1.498000000000000165e-01 -1.148188490757396039e+03
1.499000000000000055e-01 -1.149663245190638918e+03
1.499999999999999944e-01 -1.151140707045542740e+03
1.501000000000000112e-01 -1.154375943430374718e+03
1.502000000000000002e-01 -1.158888972133740708e+03
1.503000000000000169e-01 -1.163949688832047059e+03
1.504000000000000059e-01 -1.169531015625572763e+03
1.504999999999999949e-01 -1.175876034020363477e+03
1.506000000000000116e-01 -1.182947008763541817e+03
1.507000000000000006e-01 -1.190766086175492319e+03
1.508000000000000174e-01 -1.199115196117715186e+03
1.509000000000000064e-01 -1.207898492024060943e+03
1.509999999999999953e-01 -1.217221426779470903e+03
1.511000000000000121e-01 -1.225458462827145240e+03
1.512000000000000011e-01 -1.231341820370521191e+03
1.513000000000000178e-01 -1.235646011409971607e+03
1.514000000000000068e-01 -1.239090079256553508e+03
1.514999999999999958e-01 -1.241863122028350290e+03
1.516000000000000125e-01 -1.244053565800285924e+03
1.517000000000000015e-01 -1.245715182549553901e+03
1.518000000000000183e-01 -1.246923463694070506e+03
1.519000000000000072e-01 -1.247839993963769757e+03
1.519999999999999962e-01 -1.248687481221554663e+03
1.521000000000000130e-01 -1.249383378357825450e+03
1.522000000000000020e-01 -1.249906844445457637e+03
1.523000000000000187e-01 -1.250267163206602618e+03
1.524000000000000077e-01 -1.250373555969631525e+03
1.524999999999999967e-01 -1.250346228753598780e+03
1.526000000000000134e-01 -1.250588667897632604e+03
1.527000000000000024e-01 -1.251670481232335760e+03
1.528000000000000191e-01 -1.253115664821924383e+03
1.529000000000000081e-01 -1.255033346637260138e+03
1.529999999999999971e-01 -1.256914157446345826e+03
1.531000000000000139e-01 -1.258461155856741925e+03
1.532000000000000028e-01 -1.259582325766041095e+03
1.533000000000000196e-01 -1.260220890639084701e+03
1.534000000000000086e-01 -1.260409546053541135e+03
1.534999999999999976e-01 -1.260258217522612540e+03
1.536000000000000143e-01 -1.259868744514297759e+03
1.537000000000000033e-01 -1.259234369491013467e+03
1.538000000000000200e-01 -1.258317259409541748e+03
1.539000000000000090e-01 -1.257064492773142092e+03
1.539999999999999980e-01 -1.255519559510070849e+03
1.541000000000000147e-01 -1.253759913088882513e+03
1.542000000000000037e-01 -1.251777273893015490e+03
1.543000000000000205e-01 -1.249532664132993204e+03
1.544000000000000095e-01 -1.247074372270705453e+03
1.544999999999999984e-01 -1.244698068484375881e+03
1.546000000000000152e-01 -1.242681640758298954e+03
1.547000000000000042e-01 -1.241187444197008972e+03
1.548000000000000209e-01 -1.240215866258113010e+03
1.549000000000000099e-01 -1.239872262055608189e+03
1.549999999999999989e-01 -1.240524155622362969e+03
1.551000000000000156e-01 -1.241965636740006403e+03
1.552000000000000046e-01 -1.243795661083456480e+03
1.552999999999999936e-01 -1.245754957265581652e+03
1.554000000000000103e-01 -1.247685863144003179e+03
1.554999999999999993e-01 -1.249520731918457841e+03
1.556000000000000161e-01 -1.251231909927705374e+03
1.557000000000000051e-01 -1.252766380606516805e+03
1.557999999999999940e-01 -1.254202242862687626e+03
1.559000000000000108e-01 -1.255554056703958395e+03
1.559999999999999998e-01 -1.256836717919084322e+03
1.561000000000000165e-01 -1.258101344045765472e+03
1.562000000000000055e-01 -1.259388457600608945e+03
1.562999999999999945e-01 -1.260736215869898615e+03
1.564000000000000112e-01 -1.262130300154442693e+03
1.565000000000000002e-01 -1.263586589358021229e+03
1.566000000000000170e-01 -1.265120830205995162e+03
1.567000000000000060e-01 -1.266693661971916526e+03
1.567999999999999949e-01 -1.268275114367831520e+03
1.569000000000000117e-01 -1.269855423154712071e+03
1.570000000000000007e-01 -1.271403279544025281e+03
1.571000000000000174e-01 -1.272923514745275952e+03
1.572000000000000064e-01 -1.274434896408665054e+03
1.572999999999999954e-01 -1.275949665802493200e+03
1.574000000000000121e-01 -1.277486937494147469e+03
1.575000000000000011e-01 -1.279035453939246054e+03
1.576000000000000179e-01 -1.280586672545910005e+03
1.577000000000000068e-01 -1.282136863789105973e+03
1.577999999999999958e-01 -1.283688521537029601e+03
1.579000000000000126e-01 -1.285231759474624369e+03
1.580000000000000016e-01 -1.286765004638242999e+03
1.581000000000000183e-01 -1.288291783824603726e+03
1.582000000000000073e-01 -1.289811966464481657e+03
1.582999999999999963e-01 -1.291331703453031878e+03
1.584000000000000130e-01 -1.292856839437744611e+03
1.585000000000000020e-01 -1.294402743718131660e+03
1.586000000000000187e-01 -1.295937774247944390e+03
1.587000000000000077e-01 -1.297476474867036814e+03
1.587999999999999967e-01 -1.299024531687213084e+03
1.589000000000000135e-01 -1.300580108432063980e+03
1.590000000000000024e-01 -1.302148196760399514e+03
1.591000000000000192e-01 -1.303734645281222811e+03
1.592000000000000082e-01 -1.305315735041565176e+03
1.592999999999999972e-01 -1.306896626751736221e+03
1.594000000000000139e-01 -1.308477094180889253e+03
1.595000000000000029e-01 -1.310059377885632557e+03
1.596000000000000196e-01 -1.311649546873303734e+03
1.597000000000000086e-01 -1.313237276959163864e+03
1.597999999999999976e-01 -1.314822628655173958e+03
1.599000000000000143e-01 -1.316407801651901082e+03
1.600000000000000033e-01 -1.317995656271305734e+03
1.601000000000000201e-01 -1.319600349068198511e+03
1.602000000000000091e-01 -1.321260033266214577e+03
1.602999999999999980e-01 -1.322981131628980165e+03
1.604000000000000148e-01 -1.324755840187859349e+03
1.605000000000000038e-01 -1.326573132850340926e+03
1.606000000000000205e-01 -1.328417340736498772e+03
1.607000000000000095e-01 -1.330279292647691364e+03
1.607999999999999985e-01 -1.332154619277600887e+03
1.609000000000000152e-01 -1.334036628823215551e+03
1.610000000000000042e-01 -1.335924086733110698e+03
1.611000000000000210e-01 -1.337813095325895347e+03
1.612000000000000099e-01 -1.339703694745963503e+03
1.612999999999999989e-01 -1.341596120734403257e+03
1.614000000000000157e-01 -1.343490440219700304e+03
1.615000000000000047e-01 -1.345385869226789055e+03
1.616000000000000214e-01 -1.347283550205473148e+03
1.617000000000000104e-01 -1.349184327198701340e+03
1.617999999999999994e-01 -1.351093421021271979e+03
1.619000000000000161e-01 -1.353005457042388116e+03
1.620000000000000051e-01 -1.354915634904975377e+03
1.620999999999999941e-01 -1.356823604655173995e+03
1.622000000000000108e-01 -1.358731834429247101e+03
1.622999999999999998e-01 -1.360638737833575760e+03
1.624000000000000166e-01 -1.362545278493703790e+03
1.625000000000000056e-01 -1.364452802303884027e+03
1.625999999999999945e-01 -1.366362774261788218e+03
1.627000000000000113e-01 -1.368280027841579795e+03
1.628000000000000003e-01 -1.370192754679080508e+03
1.629000000000000170e-01 -1.372103456432735584e+03
1.630000000000000060e-01 -1.374015827103826723e+03
1.630999999999999950e-01 -1.375931685256014362e+03
1.632000000000000117e-01 -1.377853528203917904e+03
1.633000000000000007e-01 -1.379784330558374904e+03
1.634000000000000175e-01 -1.381724262079661912e+03
1.635000000000000064e-01 -1.383672260145978498e+03
1.635999999999999954e-01 -1.385626900570495081e+03
1.637000000000000122e-01 -1.387586824508227664e+03
1.638000000000000012e-01 -1.389550925448567341e+03
1.639000000000000179e-01 -1.391518392026997162e+03
1.640000000000000069e-01 -1.393488675365598510e+03
1.640999999999999959e-01 -1.395461427113141781e+03
1.642000000000000126e-01 -1.397436435791053555e+03
1.643000000000000016e-01 -1.399413575358412345e+03
1.644000000000000183e-01 -1.401394050549373333e+03
1.645000000000000073e-01 -1.403380111780785001e+03
1.645999999999999963e-01 -1.405367499892878641e+03
1.647000000000000131e-01 -1.407353338425029960e+03
1.648000000000000020e-01 -1.409336929445291389e+03
1.649000000000000188e-01 -1.411318870361689051e+03
1.650000000000000078e-01 -1.413300357781582534e+03
1.650999999999999968e-01 -1.415282759105910827e+03
1.652000000000000135e-01 -1.417267431757299391e+03
1.653000000000000025e-01 -1.419255825305112921e+03
1.654000000000000192e-01 -1.421251979756654464e+03
1.655000000000000082e-01 -1.423264245699193225e+03
1.655999999999999972e-01 -1.425296052401595944e+03
1.657000000000000139e-01 -1.427348009146765207e+03
1.658000000000000029e-01 -1.429422328211601325e+03
1.659000000000000197e-01 -1.431520887401173241e+03
1.660000000000000087e-01 -1.433643636001748291e+03
1.660999999999999976e-01 -1.435790167258593101e+03
1.662000000000000144e-01 -1.437960301375962672e+03
1.663000000000000034e-01 -1.440154258779086376e+03
1.664000000000000201e-01 -1.442372639208140981e+03
1.665000000000000091e-01 -1.444616319975270926e+03
1.665999999999999981e-01 -1.446886401780997403e+03
1.667000000000000148e-01 -1.449185535592636143e+03
1.668000000000000038e-01 -1.451518402574465881e+03
1.669000000000000206e-01 -1.453884757713690760e+03
1.670000000000000095e-01 -1.456282588300980251e+03
1.670999999999999985e-01 -1.458713845089881943e+03
1.672000000000000153e-01 -1.461177913121987785e+03
1.673000000000000043e-01 -1.463686455856390694e+03
1.674000000000000210e-01 -1.466263509290845377e+03
1.675000000000000100e-01 -1.468943689715247046e+03
1.675999999999999990e-01 -1.471729949992080947e+03
1.677000000000000157e-01 -1.474597821616723422e+03
1.678000000000000047e-01 -1.477537460123298160e+03
1.679000000000000214e-01 -1.480547673721433739e+03
1.680000000000000104e-01 -1.483644324125845742e+03
1.680999999999999994e-01 -1.486858481320932697e+03
1.682000000000000162e-01 -1.490214604645656891e+03
1.683000000000000052e-01 -1.493729664395575810e+03
1.684000000000000219e-01 -1.497417446890588053e+03
1.685000000000000109e-01 -1.501296183094465960e+03
1.685999999999999999e-01 -1.505411926297139644e+03
1.687000000000000166e-01 -1.509799290295514538e+03
1.688000000000000056e-01 -1.514502695589456607e+03
1.688999999999999946e-01 -1.519510029336358684e+03
1.690000000000000113e-01 -1.524980793684348328e+03
1.691000000000000003e-01 -1.530956819133831459e+03
1.692000000000000171e-01 -1.537509799877479963e+03
1.693000000000000060e-01 -1.544059838469434453e+03
1.693999999999999950e-01 -1.548268054102797805e+03
1.695000000000000118e-01 -1.549981884633347590e+03
1.696000000000000008e-01 -1.551100104444660019e+03
1.697000000000000175e-01 -1.552299213094525840e+03
1.698000000000000065e-01 -1.553692678808153460e+03
1.698999999999999955e-01 -1.555307398378787866e+03
1.700000000000000122e-01 -1.557094740812901591e+03
1.701000000000000012e-01 -1.558908621170333845e+03
1.702000000000000179e-01 -1.560722065219255228e+03
1.703000000000000069e-01 -1.562563253410151219e+03
1.703999999999999959e-01 -1.564456097771328132e+03
1.705000000000000127e-01 -1.566403141560997028e+03
1.706000000000000016e-01 -1.568384978065608948e+03
1.707000000000000184e-01 -1.570377244073441489e+03
1.708000000000000074e-01 -1.572363141623906586e+03
1.708999999999999964e-01 -1.574335304885731603e+03
1.710000000000000131e-01 -1.576291627301229937e+03
1.711000000000000021e-01 -1.578233108935387918e+03
1.712000000000000188e-01 -1.580163202374046477e+03
1.713000000000000078e-01 -1.582089077314398992e+03
1.713999999999999968e-01 -1.584014788142372936e+03
1.715000000000000135e-01 -1.585944193204731391e+03
1.716000000000000025e-01 -1.587882177860030879e+03
1.717000000000000193e-01 -1.589822932245254833e+03
1.718000000000000083e-01 -1.591770193332858298e+03
1.718999999999999972e-01 -1.593731371044347952e+03
1.720000000000000140e-01 -1.595700600181782875e+03
1.721000000000000030e-01 -1.597674004687052729e+03
1.722000000000000197e-01 -1.599654295376878508e+03
1.723000000000000087e-01 -1.601641194527048356e+03
1.723999999999999977e-01 -1.603632850309398236e+03
1.725000000000000144e-01 -1.605627462866467340e+03
1.726000000000000034e-01 -1.607623501842021142e+03
1.727000000000000202e-01 -1.609619476863547334e+03
1.728000000000000091e-01 -1.611611546759275825e+03
1.728999999999999981e-01 -1.613594927309461809e+03
1.730000000000000149e-01 -1.615568843676062215e+03
1.731000000000000039e-01 -1.617535614144597048e+03
1.732000000000000206e-01 -1.619497612139972034e+03
1.733000000000000096e-01 -1.621456638775411648e+03
1.733999999999999986e-01 -1.623413994223070631e+03
1.735000000000000153e-01 -1.625370759488656631e+03
1.736000000000000043e-01 -1.627327780744659776e+03
1.737000000000000210e-01 -1.629285704864035324e+03
1.738000000000000100e-01 -1.631245081090592748e+03
1.738999999999999990e-01 -1.633206365631132712e+03
1.740000000000000158e-01 -1.635169953960394196e+03
1.741000000000000048e-01 -1.637136215923939289e+03
1.742000000000000215e-01 -1.639105302304206589e+03
1.743000000000000105e-01 -1.641077226977554119e+03
1.743999999999999995e-01 -1.643052195405475686e+03
1.745000000000000162e-01 -1.645030358293909103e+03
1.746000000000000052e-01 -1.647011706996711382e+03
1.747000000000000219e-01 -1.648996162264815439e+03
1.748000000000000109e-01 -1.650983610431061379e+03
1.748999999999999999e-01 -1.652973937162015545e+03
1.750000000000000167e-01 -1.654967141682067222e+03
1.751000000000000056e-01 -1.656963244008623406e+03
1.751999999999999946e-01 -1.658962388887958241e+03
1.753000000000000114e-01 -1.660965992373010977e+03
1.754000000000000004e-01 -1.662973665053449849e+03
1.755000000000000171e-01 -1.664985072822930078e+03
1.756000000000000061e-01 -1.667001404895576115e+03
1.756999999999999951e-01 -1.669020737951481806e+03
1.758000000000000118e-01 -1.671040486933092780e+03
1.759000000000000008e-01 -1.673060433938956066e+03
1.760000000000000175e-01 -1.675080898968400788e+03
1.761000000000000065e-01 -1.677102004732565320e+03
1.761999999999999955e-01 -1.679123695973675467e+03
1.763000000000000123e-01 -1.681145846689720202e+03
1.764000000000000012e-01 -1.683168331541888847e+03
1.765000000000000180e-01 -1.685191057912322549e+03
1.766000000000000070e-01 -1.687213998352257931e+03
1.766999999999999960e-01 -1.689237243276386835e+03
1.768000000000000127e-01 -1.691261135471306261e+03
1.769000000000000017e-01 -1.693285981727349053e+03
1.770000000000000184e-01 -1.695311975553333014e+03
1.771000000000000074e-01 -1.697335088274474629e+03
1.771999999999999964e-01 -1.699347448500277778e+03
1.773000000000000131e-01 -1.701363028199435803e+03
1.774000000000000021e-01 -1.703378634184974089e+03
1.775000000000000189e-01 -1.705393391484534732e+03
1.776000000000000079e-01 -1.707405441998052083e+03
1.776999999999999968e-01 -1.709414477845689134e+03
1.778000000000000136e-01 -1.711430566510495737e+03
1.779000000000000026e-01 -1.713448529947136194e+03
1.780000000000000193e-01 -1.715466023202397082e+03
1.781000000000000083e-01 -1.717482434773753766e+03
1.781999999999999973e-01 -1.719497893585285283e+03
1.783000000000000140e-01 -1.721512776604754208e+03
1.784000000000000030e-01 -1.723527421550716554e+03
1.785000000000000198e-01 -1.725542173316411890e+03
1.786000000000000087e-01 -1.727557486824862963e+03
1.786999999999999977e-01 -1.729574322171355107e+03
1.788000000000000145e-01 -1.731592176250944931e+03
1.789000000000000035e-01 -1.733610306181953320e+03
1.790000000000000202e-01 -1.735628727536993892e+03
1.791000000000000092e-01 -1.737647787258343442e+03
1.791999999999999982e-01 -1.739667925692458311e+03
1.793000000000000149e-01 -1.741691495857122163e+03
1.794000000000000039e-01 -1.743718699691387656e+03
1.795000000000000207e-01 -1.745747733000857806e+03
1.796000000000000096e-01 -1.747777208641380867e+03
1.796999999999999986e-01 -1.749806767368594365e+03
1.798000000000000154e-01 -1.751836925750958017e+03
1.799000000000000044e-01 -1.753868300624363428e+03
1.800000000000000211e-01 -1.755901321351770548e+03
1.801000000000000101e-01 -1.757923185493482606e+03
1.801999999999999991e-01 -1.759904104041724850e+03
1.803000000000000158e-01 -1.761844474561100469e+03
1.804000000000000048e-01 -1.763753138115594766e+03
1.805000000000000215e-01 -1.765638656891861956e+03
1.806000000000000105e-01 -1.767507627627550846e+03
1.806999999999999995e-01 -1.769364739033001342e+03
1.808000000000000163e-01 -1.771213221497809855e+03
1.809000000000000052e-01 -1.773055316756182719e+03
1.810000000000000220e-01 -1.774893609012432535e+03
1.811000000000000110e-01 -1.776727883586190046e+03
1.812000000000000000e-01 -1.778559859751374916e+03
1.813000000000000167e-01 -1.780388679197385954e+03
1.814000000000000057e-01 -1.782214502245015865e+03
1.815000000000000224e-01 -1.784038013357920363e+03
1.816000000000000114e-01 -1.785859997209566700e+03
1.817000000000000004e-01 -1.787681187907538970e+03
1.818000000000000171e-01 -1.789502177175256520e+03
1.819000000000000061e-01 -1.791323400703699917e+03
1.819999999999999951e-01 -1.793145143954413015e+03
1.821000000000000119e-01 -1.794967538114611443e+03
1.822000000000000008e-01 -1.796790210118021832e+03
1.823000000000000176e-01 -1.798611729406549784e+03
1.824000000000000066e-01 -1.800431372014929366e+03
1.824999999999999956e-01 -1.802249776721472699e+03
1.826000000000000123e-01 -1.804067637604433003e+03
1.827000000000000013e-01 -1.805885433996919346e+03
1.828000000000000180e-01 -1.807703522558305167e+03
1.829000000000000070e-01 -1.809522199113086344e+03
1.829999999999999960e-01 -1.811341669807394737e+03
1.831000000000000127e-01 -1.813162057936525571e+03
1.832000000000000017e-01 -1.814983417729238681e+03
1.833000000000000185e-01 -1.816805744300968172e+03
1.834000000000000075e-01 -1.818628971788542913e+03
1.834999999999999964e-01 -1.820452871122068245e+03
1.836000000000000132e-01 -1.822276288398201814e+03
1.837000000000000022e-01 -1.824098573872762927e+03
1.838000000000000189e-01 -1.825920168669804752e+03
1.839000000000000079e-01 -1.827741417805739047e+03
1.839999999999999969e-01 -1.829562740359627014e+03
1.841000000000000136e-01 -1.831383549091183113e+03
1.842000000000000026e-01 -1.833203990124503662e+03
1.843000000000000194e-01 -1.835024334146691217e+03
1.844000000000000083e-01 -1.836845388240197508e+03
1.844999999999999973e-01 -1.838666395398249733e+03
1.846000000000000141e-01 -1.840488899616028675e+03
1.847000000000000031e-01 -1.842312734387033288e+03
1.848000000000000198e-01 -1.844137499143160085e+03
1.849000000000000088e-01 -1.845962516295938258e+03
1.849999999999999978e-01 -1.847787089588679009e+03
1.851000000000000145e-01 -1.849611634449369149e+03
1.852000000000000035e-01 -1.851436359776066865e+03
1.853000000000000203e-01 -1.853261460067542430e+03
1.854000000000000092e-01 -1.855087093736008228e+03
1.854999999999999982e-01 -1.856913361421921991e+03
1.856000000000000150e-01 -1.858740690970794503e+03
1.857000000000000040e-01 -1.860569771760961430e+03
1.858000000000000207e-01 -1.862402824890315514e+03
1.859000000000000097e-01 -1.864239543457605350e+03
1.859999999999999987e-01 -1.866078568432467591e+03
1.861000000000000154e-01 -1.867921243367013858e+03
1.862000000000000044e-01 -1.869765955880460297e+03
1.863000000000000211e-01 -1.871607923349029079e+03
1.864000000000000101e-01 -1.873451294491723047e+03
1.864999999999999991e-01 -1.875301986004733180e+03
1.866000000000000159e-01 -1.877161705059591441e+03
1.867000000000000048e-01 -1.879029825258806568e+03
1.868000000000000216e-01 -1.880904814230952297e+03
1.869000000000000106e-01 -1.882784652416902418e+03
1.869999999999999996e-01 -1.884667751650396212e+03
1.871000000000000163e-01 -1.886552653994251386e+03
1.872000000000000053e-01 -1.888438098539244947e+03
1.873000000000000220e-01 -1.890323043626533035e+03
1.874000000000000110e-01 -1.892206826378859887e+03
1.875000000000000000e-01 -1.894089212577285934e+03
1.876000000000000167e-01 -1.895970088978050626e+03
1.877000000000000057e-01 -1.897849467033787960e+03
1.878000000000000225e-01 -1.899727540794060133e+03
1.879000000000000115e-01 -1.901604649133156499e+03
1.880000000000000004e-01 -1.903481166473461826e+03
1.881000000000000172e-01 -1.905357647630669135e+03
1.882000000000000062e-01 -1.907242687976445268e+03
1.882999999999999952e-01 -1.909134460460052424e+03
1.884000000000000119e-01 -1.911020665507222930e+03
1.885000000000000009e-01 -1.912896566181213757e+03
1.886000000000000176e-01 -1.914765781877031941e+03
1.887000000000000066e-01 -1.916633586730416255e+03
1.887999999999999956e-01 -1.918504983640066030e+03
1.889000000000000123e-01 -1.920388195109467915e+03
1.890000000000000013e-01 -1.922288586054265579e+03
1.891000000000000181e-01 -1.924202767842742105e+03
1.892000000000000071e-01 -1.926108107424157197e+03
1.892999999999999960e-01 -1.927992494245662328e+03
1.894000000000000128e-01 -1.929859724738718114e+03
1.895000000000000018e-01 -1.931724917946074811e+03
1.896000000000000185e-01 -1.933594342590035922e+03
1.897000000000000075e-01 -1.935467277232927245e+03
1.897999999999999965e-01 -1.937343726719507458e+03
1.899000000000000132e-01 -1.939227041383779124e+03
1.900000000000000022e-01 -1.941107406586362913e+03
1.901000000000000190e-01 -1.942973587628279120e+03
1.902000000000000079e-01 -1.944908261014006939e+03
1.902999999999999969e-01 -1.947109343647484138e+03
1.904000000000000137e-01 -1.949451467062522624e+03
1.905000000000000027e-01 -1.951798959944964054e+03
1.906000000000000194e-01 -1.954069369750077612e+03
1.907000000000000084e-01 -1.956257333444152891e+03
1.907999999999999974e-01 -1.958415786450138057e+03
1.909000000000000141e-01 -1.960613990797231736e+03
1.910000000000000031e-01 -1.962839734737510071e+03
1.911000000000000199e-01 -1.965009904236172588e+03
1.912000000000000088e-01 -1.967071920438929965e+03
1.912999999999999978e-01 -1.969022982508961604e+03
1.914000000000000146e-01 -1.970887013919606261e+03
1.915000000000000036e-01 -1.972694858769431903e+03
1.916000000000000203e-01 -1.974473877098800813e+03
1.917000000000000093e-01 -1.976244588789065801e+03
1.917999999999999983e-01 -1.978019264891427156e+03
1.919000000000000150e-01 -1.979798766779881589e+03
1.920000000000000040e-01 -1.981590256982640085e+03
1.921000000000000207e-01 -1.983411756479074256e+03
1.922000000000000097e-01 -1.985276481371403406e+03
1.922999999999999987e-01 -1.987183294403509990e+03
1.924000000000000155e-01 -1.989116418452536891e+03
1.925000000000000044e-01 -1.991053844189728352e+03
1.926000000000000212e-01 -1.992973557805839164e+03
1.927000000000000102e-01 -1.994857684939928276e+03
1.927999999999999992e-01 -1.996689680605770945e+03
1.929000000000000159e-01 -1.998453864891617059e+03
1.930000000000000049e-01 -2.000137504909767813e+03
1.931000000000000216e-01 -2.001724410682925054e+03
1.932000000000000106e-01 -2.003200873127220802e+03
1.932999999999999996e-01 -2.004553393048665612e+03
1.934000000000000163e-01 -2.005765798738608737e+03
1.935000000000000053e-01 -2.006820819157726874e+03
1.936000000000000221e-01 -2.007702109186056305e+03
1.937000000000000111e-01 -2.008391880645393258e+03
1.938000000000000000e-01 -2.008870333779543444e+03
1.939000000000000168e-01 -2.009127056419082464e+03
1.940000000000000058e-01 -2.009174892380838628e+03
1.941000000000000225e-01 -2.009017406990544032e+03
1.942000000000000115e-01 -2.008652050380691207e+03
1.943000000000000005e-01 -2.008092429050237342e+03
1.944000000000000172e-01 -2.007315352560324982e+03
1.945000000000000062e-01 -2.006305763202748039e+03
1.946000000000000230e-01 -2.005151929405235933e+03
1.947000000000000119e-01 -2.003925583745624408e+03
1.948000000000000009e-01 -2.002812448640128878e+03
1.949000000000000177e-01 -2.001995220840484762e+03
1.950000000000000067e-01 -2.001645527068613319e+03
1.950999999999999956e-01 -2.001816087346558334e+03
1.952000000000000124e-01 -2.002407038919084698e+03
1.953000000000000014e-01 -2.003334217883992324e+03
1.954000000000000181e-01 -2.004604834351287536e+03
1.955000000000000071e-01 -2.006240561126353896e+03
1.955999999999999961e-01 -2.008167628106044049e+03
1.957000000000000128e-01 -2.010262943029236794e+03
1.958000000000000018e-01 -2.012404764738735366e+03
1.959000000000000186e-01 -2.014497415580204915e+03
1.960000000000000075e-01 -2.016536114712467679e+03
1.960999999999999965e-01 -2.018533432800318451e+03
1.962000000000000133e-01 -2.020502535972197165e+03
1.963000000000000023e-01 -2.022454538606909182e+03
1.964000000000000190e-01 -2.024404664332467519e+03
1.965000000000000080e-01 -2.026386038828356050e+03
1.965999999999999970e-01 -2.028416649687914742e+03
1.967000000000000137e-01 -2.030480168947976381e+03
1.968000000000000027e-01 -2.032583553584476476e+03
1.969000000000000195e-01 -2.034662061473250560e+03
1.970000000000000084e-01 -2.036741603374018950e+03
1.970999999999999974e-01 -2.038708832812532364e+03
1.972000000000000142e-01 -2.040391497365137184e+03
1.973000000000000032e-01 -2.042019592349435015e+03
1.974000000000000199e-01 -2.043756354318574950e+03
1.975000000000000089e-01 -2.045392529272537104e+03
1.975999999999999979e-01 -2.047098124657169137e+03
1.977000000000000146e-01 -2.049030442338965258e+03
1.978000000000000036e-01 -2.051085992750107835e+03
1.979000000000000203e-01 -2.053180407040530554e+03
1.980000000000000093e-01 -2.055289128750324380e+03
1.980999999999999983e-01 -2.057428545349306660e+03
1.982000000000000151e-01 -2.059583805894912530e+03
1.983000000000000040e-01 -2.061745239734879306e+03
1.984000000000000208e-01 -2.063901320235170715e+03
1.985000000000000098e-01 -2.066084113129003526e+03
1.985999999999999988e-01 -2.068257296969478830e+03
1.987000000000000155e-01 -2.070445243303452116e+03
1.988000000000000045e-01 -2.072642105761853600e+03
1.989000000000000212e-01 -2.074748690880536287e+03
1.990000000000000102e-01 -2.076774202658334161e+03
1.990999999999999992e-01 -2.078734363553889125e+03
1.992000000000000159e-01 -2.080672964905408662e+03
1.993000000000000049e-01 -2.082616992355311595e+03
1.994000000000000217e-01 -2.084578800582894928e+03
1.995000000000000107e-01 -2.086562055797726316e+03
1.995999999999999996e-01 -2.088564488547437577e+03
1.997000000000000164e-01 -2.090581105857788316e+03
1.998000000000000054e-01 -2.092612196433612553e+03
1.999000000000000221e-01 -2.094648163789213868e+03
2.000000000000000111e-01 -2.096688099620270350e+03
2.001000000000000001e-01 -2.100437485029312938e+03
2.002000000000000168e-01 -2.105205547112972909e+03
2.003000000000000058e-01 -2.110337155128212089e+03
2.004000000000000226e-01 -2.115983312648245828e+03
2.005000000000000115e-01 -2.122372891973113383e+03
2.006000000000000005e-01 -2.129635978007056565e+03
2.007000000000000173e-01 -2.137677168775092923e+03
2.008000000000000063e-01 -2.146295124636334094e+03
2.009000000000000230e-01 -2.155411333428074613e+03
2.010000000000000120e-01 -2.164971491304835126e+03
2.011000000000000010e-01 -2.174720687271850238e+03
2.012000000000000177e-01 -2.184691987586590130e+03
2.013000000000000067e-01 -2.193236356294486541e+03
2.014000000000000234e-01 -2.197740054533233888e+03
2.015000000000000124e-01 -2.199921732377011722e+03
2.016000000000000014e-01 -2.201078241721112590e+03
2.017000000000000182e-01 -2.201860586729792885e+03
2.018000000000000071e-01 -2.202516582707311954e+03
2.018999999999999961e-01 -2.203230810197964274e+03
2.020000000000000129e-01 -2.203829151330894547e+03
2.021000000000000019e-01 -2.204305990960685449e+03
2.022000000000000186e-01 -2.204687890311551655e+03
2.023000000000000076e-01 -2.205332356275619986e+03
2.023999999999999966e-01 -2.207777490891436628e+03
2.025000000000000133e-01 -2.211111591696095275e+03
2.026000000000000023e-01 -2.214386903988609902e+03
2.027000000000000191e-01 -2.216952542196863305e+03
2.028000000000000080e-01 -2.218842397205666657e+03
2.028999999999999970e-01 -2.220266866492018835e+03
2.030000000000000138e-01 -2.221390137805063205e+03
2.031000000000000028e-01 -2.222273916436022773e+03
2.032000000000000195e-01 -2.222930654197662989e+03
2.033000000000000085e-01 -2.223352583405237056e+03
2.033999999999999975e-01 -2.223522933137773180e+03
2.035000000000000142e-01 -2.223425092850930923e+03
2.036000000000000032e-01 -2.223083052762562147e+03
2.037000000000000199e-01 -2.222528435992941013e+03
2.038000000000000089e-01 -2.221734570687856376e+03
2.038999999999999979e-01 -2.220672562239012677e+03
2.040000000000000147e-01 -2.219348565890247755e+03
2.041000000000000036e-01 -2.217770102472541112e+03
2.042000000000000204e-01 -2.215989869721267951e+03
2.043000000000000094e-01 -2.214078720895802689e+03
2.043999999999999984e-01 -2.211977643104519757e+03
2.045000000000000151e-01 -2.209816882619023090e+03
2.046000000000000041e-01 -2.207793940421881871e+03
2.047000000000000208e-01 -2.206595838016361995e+03
2.048000000000000098e-01 -2.206451606604104200e+03
2.048999999999999988e-01 -2.207273798154635642e+03
2.050000000000000155e-01 -2.208970986343863842e+03
2.051000000000000045e-01 -2.211240701501441436e+03
2.052000000000000213e-01 -2.213719425147087350e+03
2.053000000000000103e-01 -2.216185982523615621e+03
2.053999999999999992e-01 -2.218548181484205543e+03
2.055000000000000160e-01 -2.220726208231271357e+03
2.056000000000000050e-01 -2.222814050925611809e+03
2.057000000000000217e-01 -2.224821538908950060e+03
2.058000000000000107e-01 -2.226736095787567592e+03
2.058999999999999997e-01 -2.228592879623789941e+03
2.060000000000000164e-01 -2.230426014389690863e+03
2.061000000000000054e-01 -2.232262466491238229e+03
2.062000000000000222e-01 -2.234160720697095712e+03
2.063000000000000111e-01 -2.236179457244455079e+03
2.064000000000000001e-01 -2.238277962194052634e+03
2.065000000000000169e-01 -2.240441242678684830e+03
2.066000000000000059e-01 -2.242664936653679888e+03
2.067000000000000226e-01 -2.244889202063505763e+03
2.068000000000000116e-01 -2.247065214177917824e+03
2.069000000000000006e-01 -2.249171128483251323e+03
2.070000000000000173e-01 -2.251208408829916607e+03
2.071000000000000063e-01 -2.253197324158500123e+03
2.072000000000000230e-01 -2.255161203143184139e+03
2.073000000000000120e-01 -2.257144292147384931e+03
2.074000000000000010e-01 -2.259118963506931323e+03
2.075000000000000178e-01 -2.261117760335579987e+03
2.076000000000000068e-01 -2.263147696556015944e+03
2.077000000000000235e-01 -2.265218054599954939e+03
2.078000000000000125e-01 -2.267343537039462262e+03
2.079000000000000015e-01 -2.269478803029823666e+03
2.080000000000000182e-01 -2.271536049564439963e+03
2.081000000000000072e-01 -2.273539446940644211e+03
2.081999999999999962e-01 -2.275524941966053120e+03
2.083000000000000129e-01 -2.277510900571553520e+03
2.084000000000000019e-01 -2.279504083732524577e+03
2.085000000000000187e-01 -2.281505463881609558e+03
2.086000000000000076e-01 -2.283515057454955240e+03
2.086999999999999966e-01 -2.285534926728755636e+03
2.088000000000000134e-01 -2.287562499267536623e+03
2.089000000000000024e-01 -2.289597583034305444e+03
2.090000000000000191e-01 -2.291645755406558237e+03
2.091000000000000081e-01 -2.293686404223065438e+03
2.091999999999999971e-01 -2.295719117993089640e+03
2.093000000000000138e-01 -2.297749078535647641e+03
2.094000000000000028e-01 -2.299780636751150269e+03
2.095000000000000195e-01 -2.301814654423294996e+03
2.096000000000000085e-01 -2.303850805891897835e+03
2.096999999999999975e-01 -2.305890327700006765e+03
2.098000000000000143e-01 -2.307935466752477168e+03
2.099000000000000032e-01 -2.309985815191724214e+03
2.100000000000000200e-01 -2.312037517206643315e+03
2.101000000000000090e-01 -2.314100253125000563e+03
2.101999999999999980e-01 -2.316201136530019539e+03
2.103000000000000147e-01 -2.318337728668285763e+03
2.104000000000000037e-01 -2.320501093573692287e+03
2.105000000000000204e-01 -2.322684921199023847e+03
2.106000000000000094e-01 -2.324883104741797979e+03
2.106999999999999984e-01 -2.327093205995633070e+03
2.108000000000000151e-01 -2.329314375796514923e+03
2.109000000000000041e-01 -2.331544873044020278e+03
2.110000000000000209e-01 -2.333782476162630246e+03
2.111000000000000099e-01 -2.336025524196618790e+03
2.111999999999999988e-01 -2.338272254785266341e+03
2.113000000000000156e-01 -2.340524928522518167e+03
2.114000000000000046e-01 -2.342783007368157087e+03
2.115000000000000213e-01 -2.345044622010248077e+03
2.116000000000000103e-01 -2.347307925966190851e+03
2.116999999999999993e-01 -2.349571669371560802e+03
2.118000000000000160e-01 -2.351833923629104447e+03
2.119000000000000050e-01 -2.354093171646057272e+03
2.120000000000000218e-01 -2.356349035172166168e+03
2.121000000000000107e-01 -2.358602297419922252e+03
2.121999999999999997e-01 -2.360854452806388963e+03
2.123000000000000165e-01 -2.363106625489571798e+03
2.124000000000000055e-01 -2.365359691450097216e+03
2.125000000000000222e-01 -2.367614262378502190e+03
2.126000000000000112e-01 -2.369870770950382393e+03
2.127000000000000002e-01 -2.372129493083646594e+03
2.128000000000000169e-01 -2.374390598875813794e+03
2.129000000000000059e-01 -2.376654722757892159e+03
2.130000000000000226e-01 -2.378924527342682268e+03
2.131000000000000116e-01 -2.381200334647795898e+03
2.132000000000000006e-01 -2.383480758549857455e+03
2.133000000000000174e-01 -2.385764396347636193e+03
2.134000000000000064e-01 -2.388050379720250476e+03
2.135000000000000231e-01 -2.390338376561620862e+03
2.136000000000000121e-01 -2.392628385006937606e+03
2.137000000000000011e-01 -2.394920344714220391e+03
2.138000000000000178e-01 -2.397215363049321695e+03
2.139000000000000068e-01 -2.399512737049398766e+03
2.140000000000000235e-01 -2.401809606482459458e+03
2.141000000000000125e-01 -2.404107550786700813e+03
2.142000000000000015e-01 -2.406407186679175993e+03
2.143000000000000183e-01 -2.408709419337281815e+03
2.144000000000000072e-01 -2.411015507375309880e+03
2.145000000000000240e-01 -2.413325499716025206e+03
2.146000000000000130e-01 -2.415639280006904301e+03
2.147000000000000020e-01 -2.417957089304602960e+03
2.148000000000000187e-01 -2.420280143474039050e+03
2.149000000000000077e-01 -2.422613261577879712e+03
2.149999999999999967e-01 -2.424959487216871366e+03
2.151000000000000134e-01 -2.427319057880133187e+03
2.152000000000000024e-01 -2.429691598193057871e+03
2.153000000000000191e-01 -2.432076910994338050e+03
2.154000000000000081e-01 -2.434474385663865178e+03
2.154999999999999971e-01 -2.436885076586072046e+03
2.156000000000000139e-01 -2.439310729836139672e+03
2.157000000000000028e-01 -2.441755007060098706e+03
2.158000000000000196e-01 -2.444221979752813695e+03
2.159000000000000086e-01 -2.446712517587145612e+03
2.159999999999999976e-01 -2.449225200136829699e+03
2.161000000000000143e-01 -2.451757272016100160e+03
2.162000000000000033e-01 -2.454306422370594646e+03
2.163000000000000200e-01 -2.456870177236120981e+03
2.164000000000000090e-01 -2.459444617651209683e+03
2.164999999999999980e-01 -2.462030298357734864e+03
2.166000000000000147e-01 -2.464629395395262691e+03
2.167000000000000037e-01 -2.467247810150267014e+03
2.168000000000000205e-01 -2.469890171529498275e+03
2.169000000000000095e-01 -2.472556071852291552e+03
2.169999999999999984e-01 -2.475244168328410524e+03
2.171000000000000152e-01 -2.477954627979728230e+03
2.172000000000000042e-01 -2.480693054290144573e+03
2.173000000000000209e-01 -2.483476250373844778e+03
2.174000000000000099e-01 -2.486315082037855518e+03
2.174999999999999989e-01 -2.489214018492742525e+03
2.176000000000000156e-01 -2.492177113347627255e+03
2.177000000000000046e-01 -2.495216703178475200e+03
2.178000000000000214e-01 -2.498354844252532530e+03
2.179000000000000103e-01 -2.501606585129045015e+03
2.179999999999999993e-01 -2.504983025167124197e+03
2.181000000000000161e-01 -2.508502699246200791e+03
2.182000000000000051e-01 -2.512185138257018025e+03
2.183000000000000218e-01 -2.516047605964607556e+03
2.184000000000000108e-01 -2.520107569847937157e+03
2.184999999999999998e-01 -2.524385351870086652e+03
2.186000000000000165e-01 -2.528921539996262254e+03
2.187000000000000055e-01 -2.533760658960934052e+03
2.188000000000000222e-01 -2.538930854965756225e+03
2.189000000000000112e-01 -2.544461691788141707e+03
2.190000000000000002e-01 -2.550371418070435539e+03
2.191000000000000170e-01 -2.556807577818980462e+03
2.192000000000000060e-01 -2.563792136859088714e+03
2.193000000000000227e-01 -2.570739168044298822e+03
2.194000000000000117e-01 -2.575127917664487541e+03
2.195000000000000007e-01 -2.577134127410469318e+03
2.196000000000000174e-01 -2.578731332633967668e+03
2.197000000000000064e-01 -2.580368107380493711e+03
2.198000000000000231e-01 -2.582100175487506931e+03
2.199000000000000121e-01 -2.583985557727012292e+03
2.200000000000000011e-01 -2.585981066654054757e+03
2.201000000000000179e-01 -2.588043101191248752e+03
2.202000000000000068e-01 -2.590170209111179702e+03
2.203000000000000236e-01 -2.592371093010987352e+03
2.204000000000000126e-01 -2.594636697583236128e+03
2.205000000000000016e-01 -2.596935555969512279e+03
2.206000000000000183e-01 -2.599236844108680089e+03
2.207000000000000073e-01 -2.601524003624925172e+03
2.208000000000000240e-01 -2.603794782948873944e+03
2.209000000000000130e-01 -2.606055506488701667e+03
2.210000000000000020e-01 -2.608323833819319134e+03
2.211000000000000187e-01 -2.610609018144238689e+03
2.212000000000000077e-01 -2.612899184699078887e+03
2.213000000000000245e-01 -2.615183653890995174e+03
2.214000000000000135e-01 -2.617457184725941261e+03
2.215000000000000024e-01 -2.619717066313767646e+03
2.216000000000000192e-01 -2.621966499944545831e+03
2.217000000000000082e-01 -2.624210987201354328e+03
2.217999999999999972e-01 -2.626455991292317321e+03
2.219000000000000139e-01 -2.628704444211292412e+03
2.220000000000000029e-01 -2.630958587657231874e+03
2.221000000000000196e-01 -2.633219490175200917e+03
2.222000000000000086e-01 -2.635486181145693536e+03
2.222999999999999976e-01 -2.637756792589670113e+03
2.224000000000000143e-01 -2.640029590149391424e+03
2.225000000000000033e-01 -2.642305295667177234e+03
2.226000000000000201e-01 -2.644583901173435152e+03
2.227000000000000091e-01 -2.646864826969893329e+03
2.227999999999999980e-01 -2.649150457083700530e+03
2.229000000000000148e-01 -2.651435391919740141e+03
2.230000000000000038e-01 -2.653717760858493421e+03
2.231000000000000205e-01 -2.655997673798799951e+03
2.232000000000000095e-01 -2.658277218665295095e+03
2.232999999999999985e-01 -2.660554985395800486e+03
2.234000000000000152e-01 -2.662826315635122228e+03
2.235000000000000042e-01 -2.665090243143805310e+03
2.236000000000000210e-01 -2.667348269982041529e+03
2.237000000000000099e-01 -2.669601429116502004e+03
2.237999999999999989e-01 -2.671851085292412790e+03
2.239000000000000157e-01 -2.674098319453287786e+03
2.240000000000000047e-01 -2.676343928693703219e+03
2.241000000000000214e-01 -2.678588561304187351e+03
2.242000000000000104e-01 -2.680832579288918168e+03
2.242999999999999994e-01 -2.683075874728427607e+03
2.244000000000000161e-01 -2.685318723979607967e+03
2.245000000000000051e-01 -2.687560840642350740e+03
2.246000000000000218e-01 -2.689802320124384096e+03
2.247000000000000108e-01 -2.692043619228520129e+03
2.247999999999999998e-01 -2.694285151044769464e+03
2.249000000000000166e-01 -2.696527170093710538e+03
2.250000000000000056e-01 -2.698769691280545885e+03
2.251000000000000223e-01 -2.701012610854801096e+03
2.252000000000000113e-01 -2.703255782338155313e+03
2.253000000000000003e-01 -2.705499055468638744e+03
2.254000000000000170e-01 -2.707742300583238830e+03
2.255000000000000060e-01 -2.709985420695360972e+03
2.256000000000000227e-01 -2.712228388312063089e+03
2.257000000000000117e-01 -2.714471119764360537e+03
2.258000000000000007e-01 -2.716713705647681763e+03
2.259000000000000175e-01 -2.718955850863189426e+03
2.260000000000000064e-01 -2.721197840413609356e+03
2.261000000000000232e-01 -2.723441314239444637e+03
2.262000000000000122e-01 -2.725687035702131652e+03
2.263000000000000012e-01 -2.727934764571190954e+03
2.264000000000000179e-01 -2.730184468678430221e+03
2.265000000000000069e-01 -2.732437374823896789e+03
2.266000000000000236e-01 -2.734693816124982732e+03
2.267000000000000126e-01 -2.736953184238872836e+03
2.268000000000000016e-01 -2.739214991856154938e+03
2.269000000000000183e-01 -2.741478822787513764e+03
2.270000000000000073e-01 -2.743744352673224057e+03
2.271000000000000241e-01 -2.746011556135717456e+03
2.272000000000000131e-01 -2.748280559847418317e+03
2.273000000000000020e-01 -2.750551628923440148e+03
2.274000000000000188e-01 -2.752824916621307693e+03
2.275000000000000078e-01 -2.755100647292201302e+03
2.276000000000000245e-01 -2.757375945302039781e+03
2.277000000000000135e-01 -2.759649427021727661e+03
2.278000000000000025e-01 -2.761921388294605549e+03
2.279000000000000192e-01 -2.764192441083561334e+03
2.280000000000000082e-01 -2.766463286075087581e+03
2.280999999999999972e-01 -2.768733814581454226e+03
2.282000000000000139e-01 -2.771002825674476298e+03
2.283000000000000029e-01 -2.773268688193560592e+03
2.284000000000000197e-01 -2.775530819133547993e+03
2.285000000000000087e-01 -2.777789908851949804e+03
2.285999999999999976e-01 -2.780046732036302274e+03
2.287000000000000144e-01 -2.782302052596989142e+03
2.288000000000000034e-01 -2.784556213877736354e+03
2.289000000000000201e-01 -2.786808685001306912e+03
2.290000000000000091e-01 -2.789059143401544134e+03
2.290999999999999981e-01 -2.791307825856283671e+03
2.292000000000000148e-01 -2.793553783713129178e+03
2.293000000000000038e-01 -2.795798205820918611e+03
2.294000000000000206e-01 -2.798043339087944332e+03
2.295000000000000095e-01 -2.800283859605314319e+03
2.295999999999999985e-01 -2.802523355997945600e+03
2.297000000000000153e-01 -2.804761581121090785e+03
2.298000000000000043e-01 -2.806999595723239054e+03
2.299000000000000210e-01 -2.809237443447093028e+03
2.300000000000000100e-01 -2.811474538231385850e+03
2.300999999999999990e-01 -2.813696914258106062e+03
2.302000000000000157e-01 -2.815875162070378792e+03
2.303000000000000047e-01 -2.818012753209343373e+03
2.304000000000000214e-01 -2.820113904407891368e+03
2.305000000000000104e-01 -2.822191174750006212e+03
2.305999999999999994e-01 -2.824251196872155560e+03
2.307000000000000162e-01 -2.826297659513985764e+03
2.308000000000000052e-01 -2.828332635270935043e+03
2.309000000000000219e-01 -2.830357578341331646e+03
2.310000000000000109e-01 -2.832374412364996260e+03
2.310999999999999999e-01 -2.834384670015897882e+03
2.312000000000000166e-01 -2.836389539346793299e+03
2.313000000000000056e-01 -2.838389921797863735e+03
2.314000000000000223e-01 -2.840385864683170894e+03
2.315000000000000113e-01 -2.842376536353185656e+03
2.316000000000000003e-01 -2.844362249073422845e+03
2.317000000000000171e-01 -2.846343522436269723e+03
2.318000000000000060e-01 -2.848320827150070272e+03
2.319000000000000228e-01 -2.850294529591757509e+03
2.320000000000000118e-01 -2.852264965076123644e+03
2.321000000000000008e-01 -2.854232301580639614e+03
2.322000000000000175e-01 -2.856196628676370437e+03
2.323000000000000065e-01 -2.858158184097010690e+03
2.324000000000000232e-01 -2.860117141439465740e+03
2.325000000000000122e-01 -2.862073689252268196e+03
2.326000000000000012e-01 -2.864028677460295512e+03
2.327000000000000179e-01 -2.865979512493352559e+03
2.328000000000000069e-01 -2.867927865071362703e+03
2.329000000000000237e-01 -2.869874091272545684e+03
2.330000000000000127e-01 -2.871819935139425070e+03
2.331000000000000016e-01 -2.873766124385607782e+03
2.332000000000000184e-01 -2.875712640208848370e+03
2.333000000000000074e-01 -2.877660691247482191e+03
2.334000000000000241e-01 -2.879610717630436739e+03
2.335000000000000131e-01 -2.881567862687102661e+03
2.336000000000000021e-01 -2.883529194636595093e+03
2.337000000000000188e-01 -2.885491399237832866e+03
2.338000000000000078e-01 -2.887467379773874200e+03
2.339000000000000246e-01 -2.889460268084464587e+03
2.340000000000000135e-01 -2.891464372533172082e+03
2.341000000000000025e-01 -2.893474743349903292e+03
2.342000000000000193e-01 -2.895488043291700251e+03
2.343000000000000083e-01 -2.897501874701058114e+03
2.344000000000000250e-01 -2.899513499505811069e+03
2.345000000000000140e-01 -2.901520076062015960e+03
2.346000000000000030e-01 -2.903520853628275745e+03
2.347000000000000197e-01 -2.905516299258944855e+03
2.348000000000000087e-01 -2.907506434188154799e+03
2.348999999999999977e-01 -2.909491639943772952e+03
2.350000000000000144e-01 -2.911472797762828122e+03
2.351000000000000034e-01 -2.913450723298621142e+03
2.352000000000000202e-01 -2.915426438494301692e+03
2.353000000000000091e-01 -2.917401000349510923e+03
2.353999999999999981e-01 -2.919375299546702081e+03
2.355000000000000149e-01 -2.921350009156107717e+03
2.356000000000000039e-01 -2.923325492237115213e+03
2.357000000000000206e-01 -2.925301976997500333e+03
2.358000000000000096e-01 -2.927279496028178528e+03
2.358999999999999986e-01 -2.929257897086316461e+03
2.360000000000000153e-01 -2.931237817332684699e+03
2.361000000000000043e-01 -2.933219955591416237e+03
2.362000000000000210e-01 -2.935199128716512860e+03
2.363000000000000100e-01 -2.937177149349708543e+03
2.363999999999999990e-01 -2.939154581711784431e+03
2.365000000000000158e-01 -2.941131420025904845e+03
2.366000000000000048e-01 -2.943107652085290283e+03
2.367000000000000215e-01 -2.945083853004691719e+03
2.368000000000000105e-01 -2.947060251598513332e+03
2.368999999999999995e-01 -2.949037581375318496e+03
2.370000000000000162e-01 -2.951015762721893225e+03
2.371000000000000052e-01 -2.952994957260240881e+03
2.372000000000000219e-01 -2.954975326577667602e+03
2.373000000000000109e-01 -2.956956480638497396e+03
2.373999999999999999e-01 -2.958938026366756731e+03
2.375000000000000167e-01 -2.960920226845261823e+03
2.376000000000000056e-01 -2.962901837657611850e+03
2.377000000000000224e-01 -2.964882490964696444e+03
2.378000000000000114e-01 -2.966862261092674999e+03
2.379000000000000004e-01 -2.968841290480537282e+03
2.380000000000000171e-01 -2.970819718066116366e+03
2.381000000000000061e-01 -2.972797597213754671e+03
2.382000000000000228e-01 -2.974774883668924758e+03
2.383000000000000118e-01 -2.976753551883342425e+03
2.384000000000000008e-01 -2.978734910852751909e+03
2.385000000000000175e-01 -2.980709459483919090e+03
2.386000000000000065e-01 -2.982680984526282373e+03
2.387000000000000233e-01 -2.984648874233861079e+03
2.388000000000000123e-01 -2.986611686306634510e+03
2.389000000000000012e-01 -2.988570675627325272e+03
2.390000000000000180e-01 -2.990526812083139703e+03
2.391000000000000070e-01 -2.992476192341733167e+03
2.392000000000000237e-01 -2.994429840496433826e+03
2.393000000000000127e-01 -2.996382769148754505e+03
2.394000000000000017e-01 -2.998330759749752360e+03
2.395000000000000184e-01 -3.000277266030092051e+03
2.396000000000000074e-01 -3.002234540035928148e+03
2.397000000000000242e-01 -3.004200794469459197e+03
2.398000000000000131e-01 -3.006166693809861954e+03
2.399000000000000021e-01 -3.008128986773842371e+03
2.400000000000000189e-01 -3.010080436211511369e+03
2.401000000000000079e-01 -3.012016155203227754e+03
2.402000000000000246e-01 -3.013938729174643868e+03
2.403000000000000136e-01 -3.015853509884528194e+03
2.404000000000000026e-01 -3.017764314902753085e+03
2.405000000000000193e-01 -3.019672722039821565e+03
2.406000000000000083e-01 -3.021579122895615910e+03
2.407000000000000250e-01 -3.023483707135429086e+03
2.408000000000000140e-01 -3.025386905698185274e+03
2.409000000000000030e-01 -3.027289355430768865e+03
2.410000000000000198e-01 -3.029191642389826484e+03
2.411000000000000087e-01 -3.031094093282988069e+03
2.411999999999999977e-01 -3.032996730328550711e+03
2.413000000000000145e-01 -3.034899350676463655e+03
2.414000000000000035e-01 -3.036801639220547713e+03
2.415000000000000202e-01 -3.038703251233925585e+03
2.416000000000000092e-01 -3.040603848350669523e+03
2.416999999999999982e-01 -3.042503101153458829e+03
2.418000000000000149e-01 -3.044400677574726615e+03
2.419000000000000039e-01 -3.046296228132237047e+03
2.420000000000000207e-01 -3.048189367376977771e+03
2.421000000000000096e-01 -3.050079641100294339e+03
2.421999999999999986e-01 -3.051966456226502942e+03
2.423000000000000154e-01 -3.053848904255852176e+03
2.424000000000000044e-01 -3.055724730888400245e+03
2.425000000000000211e-01 -3.057583876571942710e+03
2.426000000000000101e-01 -3.059414082094568130e+03
2.426999999999999991e-01 -3.061208642289764612e+03
2.428000000000000158e-01 -3.062964058266753455e+03
2.429000000000000048e-01 -3.064676936080713403e+03
2.430000000000000215e-01 -3.066342394973693445e+03
2.431000000000000105e-01 -3.067953988865317569e+03
2.431999999999999995e-01 -3.069497555170123633e+03
2.433000000000000163e-01 -3.070959949020955264e+03
2.434000000000000052e-01 -3.072331608715514449e+03
2.435000000000000220e-01 -3.073608233464600289e+03
2.436000000000000110e-01 -3.074787860104367610e+03
2.437000000000000000e-01 -3.075872535723921828e+03
2.438000000000000167e-01 -3.076853485368078964e+03
2.439000000000000057e-01 -3.077714528806166527e+03
2.440000000000000224e-01 -3.078439138940523208e+03
2.441000000000000114e-01 -3.079014054192788535e+03
2.442000000000000004e-01 -3.079433179873391964e+03
2.443000000000000171e-01 -3.079726111569265413e+03
2.444000000000000061e-01 -3.079929950775721409e+03
2.445000000000000229e-01 -3.080044377966242337e+03
2.446000000000000119e-01 -3.080084253399750196e+03
2.447000000000000008e-01 -3.080091787262640537e+03
2.448000000000000176e-01 -3.080165521829841964e+03
2.449000000000000066e-01 -3.080388111115748870e+03
2.450000000000000233e-01 -3.080796139949377448e+03
2.451000000000000123e-01 -3.081397823439544936e+03
2.452000000000000013e-01 -3.082247910649251025e+03
2.453000000000000180e-01 -3.083338662963407387e+03
2.454000000000000070e-01 -3.084610596747897944e+03
2.455000000000000238e-01 -3.086035779418982656e+03
2.456000000000000127e-01 -3.087592126862436544e+03
2.457000000000000017e-01 -3.089242872619312948e+03
2.458000000000000185e-01 -3.090981385270392366e+03
2.459000000000000075e-01 -3.092796595465201335e+03
2.460000000000000242e-01 -3.094673844907876628e+03
2.461000000000000132e-01 -3.096601459148935191e+03
2.462000000000000022e-01 -3.098568338170228344e+03
2.463000000000000189e-01 -3.100573281305493765e+03
2.464000000000000079e-01 -3.102596277329502755e+03
2.465000000000000246e-01 -3.104633796184992207e+03
2.466000000000000136e-01 -3.106668143425189101e+03
2.467000000000000026e-01 -3.108733111503956934e+03
2.468000000000000194e-01 -3.110809440578469093e+03
2.469000000000000083e-01 -3.112887903788120184e+03
2.470000000000000251e-01 -3.114964865094817469e+03
2.471000000000000141e-01 -3.117031490627327457e+03
2.472000000000000031e-01 -3.119083435581103458e+03
2.473000000000000198e-01 -3.121119521687943234e+03
2.474000000000000088e-01 -3.123140100778762644e+03
2.475000000000000255e-01 -3.125146294642632711e+03
2.476000000000000145e-01 -3.127139914802639851e+03
2.477000000000000035e-01 -3.129123739719127116e+03
2.478000000000000203e-01 -3.131098992006477147e+03
2.479000000000000092e-01 -3.133066840544276147e+03
2.479999999999999982e-01 -3.135032026325774950e+03
2.481000000000000150e-01 -3.136998839833727743e+03
2.482000000000000040e-01 -3.138969661632082989e+03
2.483000000000000207e-01 -3.140946919505818187e+03
2.484000000000000097e-01 -3.142926062250337964e+03
2.484999999999999987e-01 -3.144905882769684922e+03
2.486000000000000154e-01 -3.146886266011546468e+03
2.487000000000000044e-01 -3.148867157183015479e+03
2.488000000000000211e-01 -3.150848438800696840e+03
2.489000000000000101e-01 -3.152829960695186401e+03
2.489999999999999991e-01 -3.154811514162769981e+03
2.491000000000000159e-01 -3.156792857487447236e+03
2.492000000000000048e-01 -3.158773792145928837e+03
2.493000000000000216e-01 -3.160754209095749047e+03
2.494000000000000106e-01 -3.162734044432545033e+03
2.494999999999999996e-01 -3.164713285970857214e+03
2.496000000000000163e-01 -3.166692011415218076e+03
2.497000000000000053e-01 -3.168670350163390140e+03
2.498000000000000220e-01 -3.170646457923689923e+03
2.499000000000000110e-01 -3.172620708655088492e+03
2.500000000000000000e-01 -3.174592385526869748e+03
2.500999999999999890e-01 -3.178451301814695398e+03
2.502000000000000335e-01 -3.183515652746955766e+03
2.503000000000000225e-01 -3.188836038625197489e+03
2.504000000000000115e-01 -3.194386257893690072e+03
2.505000000000000004e-01 -3.200499864178533244e+03
2.505999999999999894e-01 -3.207438438920871249e+03
2.507000000000000339e-01 -3.214819658263552810e+03
2.508000000000000229e-01 -3.221700714231190886e+03
2.509000000000000119e-01 -3.227165806951449667e+03
2.510000000000000009e-01 -3.231631002187904869e+03
2.510999999999999899e-01 -3.235584226842353473e+03
2.512000000000000344e-01 -3.239180756427875622e+03
2.513000000000000234e-01 -3.242378536609529419e+03
2.514000000000000123e-01 -3.245100502322983630e+03
2.515000000000000013e-01 -3.247495932489171992e+03
2.515999999999999903e-01 -3.249940238501890235e+03
2.517000000000000348e-01 -3.253277909291413380e+03
2.518000000000000238e-01 -3.256767662358995949e+03
2.519000000000000128e-01 -3.259466740278041470e+03
2.520000000000000018e-01 -3.261507150025185638e+03
2.520999999999999908e-01 -3.263140358318936705e+03
2.522000000000000353e-01 -3.264543602050653135e+03
2.523000000000000242e-01 -3.265832390194966592e+03
2.524000000000000132e-01 -3.267082375183666045e+03
2.525000000000000022e-01 -3.268332470142287548e+03
2.525999999999999912e-01 -3.269606684230030623e+03
2.527000000000000357e-01 -3.270934730008887982e+03
2.528000000000000247e-01 -3.272329597135098993e+03
2.529000000000000137e-01 -3.273779235633729513e+03
2.530000000000000027e-01 -3.275258704471871170e+03
2.530999999999999917e-01 -3.276753701504303081e+03
2.532000000000000361e-01 -3.278257051155609133e+03
2.533000000000000251e-01 -3.279762021346599340e+03
2.534000000000000141e-01 -3.281257264379944445e+03
2.535000000000000031e-01 -3.282726577925722268e+03
2.535999999999999921e-01 -3.284151747342113140e+03
2.537000000000000366e-01 -3.285514898787821039e+03
2.538000000000000256e-01 -3.286800704843294170e+03
2.539000000000000146e-01 -3.287994533156057969e+03
2.540000000000000036e-01 -3.289092206127836562e+03
2.540999999999999925e-01 -3.290104063241241420e+03
2.542000000000000370e-01 -3.291029244909287172e+03
2.543000000000000260e-01 -3.291866478423149601e+03
2.544000000000000150e-01 -3.292620374280936176e+03
2.545000000000000040e-01 -3.293299141495915137e+03
2.545999999999999930e-01 -3.293907031164666478e+03
2.547000000000000375e-01 -3.294448232565650414e+03
2.548000000000000265e-01 -3.294959052284075824e+03
2.549000000000000155e-01 -3.295510038402461760e+03
2.550000000000000044e-01 -3.296149064321496553e+03
2.550999999999999934e-01 -3.296884349725545690e+03
2.552000000000000379e-01 -3.297711639448673850e+03
2.553000000000000269e-01 -3.298551870780627723e+03
2.554000000000000159e-01 -3.299323118070431065e+03
2.555000000000000049e-01 -3.300144174683959591e+03
2.555999999999999939e-01 -3.300884433053071461e+03
2.557000000000000384e-01 -3.301717472046861076e+03
2.558000000000000274e-01 -3.302724505414323176e+03
2.559000000000000163e-01 -3.303908099232002314e+03
2.560000000000000053e-01 -3.305242211073484668e+03
2.560999999999999943e-01 -3.306703877190106141e+03
2.562000000000000388e-01 -3.308279529766920405e+03
2.563000000000000278e-01 -3.309959184138396267e+03
2.564000000000000168e-01 -3.311718799319805839e+03
2.565000000000000058e-01 -3.313530665381517792e+03
2.565999999999999948e-01 -3.315384808684597829e+03
2.567000000000000393e-01 -3.317275018151933182e+03
2.568000000000000282e-01 -3.319193574622880078e+03
2.569000000000000172e-01 -3.321134108656116041e+03
2.570000000000000062e-01 -3.323087081319518347e+03
2.570999999999999952e-01 -3.325057521523540345e+03
2.572000000000000397e-01 -3.327043327774287718e+03
2.573000000000000287e-01 -3.329039334680525371e+03
2.574000000000000177e-01 -3.331041777771559737e+03
2.575000000000000067e-01 -3.333044146725619612e+03
2.575999999999999956e-01 -3.335042665941785799e+03
2.576999999999999846e-01 -3.337039479570888489e+03
2.578000000000000291e-01 -3.339044688193386719e+03
2.579000000000000181e-01 -3.341058094491064821e+03
2.580000000000000071e-01 -3.343054550822399506e+03
2.580999999999999961e-01 -3.345045287757081496e+03
2.581999999999999851e-01 -3.347034806519811809e+03
2.583000000000000296e-01 -3.349018522753312936e+03
2.584000000000000186e-01 -3.350993939429487000e+03
2.585000000000000075e-01 -3.352963079544613720e+03
2.585999999999999965e-01 -3.354927809032772075e+03
2.586999999999999855e-01 -3.356889122402488738e+03
2.588000000000000300e-01 -3.358848762962108594e+03
2.589000000000000190e-01 -3.360809675370376226e+03
2.590000000000000080e-01 -3.362774357837633033e+03
2.590999999999999970e-01 -3.364743476223060497e+03
2.591999999999999860e-01 -3.366716889316335255e+03
2.593000000000000305e-01 -3.368694172959133539e+03
2.594000000000000195e-01 -3.370674819829446733e+03
2.595000000000000084e-01 -3.372658350256877839e+03
2.595999999999999974e-01 -3.374644340343510066e+03
2.596999999999999864e-01 -3.376632404649846194e+03
2.598000000000000309e-01 -3.378622639204570078e+03
2.599000000000000199e-01 -3.380616872965922539e+03
2.600000000000000089e-01 -3.382616110562047652e+03
2.600999999999999979e-01 -3.384633911196726785e+03
2.601999999999999869e-01 -3.386704380813216630e+03
2.603000000000000314e-01 -3.388828055963222141e+03
2.604000000000000203e-01 -3.390993842226799643e+03
2.605000000000000093e-01 -3.393190703265867796e+03
2.605999999999999983e-01 -3.395410324692804352e+03
2.606999999999999873e-01 -3.397647185805615663e+03
2.608000000000000318e-01 -3.399893753147463940e+03
2.609000000000000208e-01 -3.402044427520649606e+03
2.610000000000000098e-01 -3.403710107090881138e+03
2.610999999999999988e-01 -3.405297259121541174e+03
2.611999999999999877e-01 -3.406992486740365166e+03
2.613000000000000322e-01 -3.408819551368130305e+03
2.614000000000000212e-01 -3.410750293278769277e+03
2.615000000000000102e-01 -3.412758686700528415e+03
2.615999999999999992e-01 -3.414505498631038790e+03
2.616999999999999882e-01 -3.415766542035190923e+03
2.618000000000000327e-01 -3.416979020200848936e+03
2.619000000000000217e-01 -3.418281024780766529e+03
2.620000000000000107e-01 -3.419686986039573185e+03
2.620999999999999996e-01 -3.421238472106078007e+03
2.621999999999999886e-01 -3.423006644254899584e+03
2.623000000000000331e-01 -3.425022129314288577e+03
2.624000000000000221e-01 -3.427225346379358598e+03
2.625000000000000111e-01 -3.429532291356987116e+03
2.626000000000000001e-01 -3.431885060226048154e+03
2.626999999999999891e-01 -3.434253279347486568e+03
2.628000000000000336e-01 -3.436623442774624891e+03
2.629000000000000226e-01 -3.438992160172983859e+03
2.630000000000000115e-01 -3.441354430862280424e+03
2.631000000000000005e-01 -3.443707901493858571e+03
2.631999999999999895e-01 -3.446053213454394154e+03
2.633000000000000340e-01 -3.448392680195071080e+03
2.634000000000000230e-01 -3.450729364393286687e+03
2.635000000000000120e-01 -3.453066131727043285e+03
2.636000000000000010e-01 -3.455401395425895771e+03
2.636999999999999900e-01 -3.457735669432254326e+03
2.638000000000000345e-01 -3.460073545058686250e+03
2.639000000000000234e-01 -3.462417155763619121e+03
2.640000000000000124e-01 -3.464768419415849166e+03
2.641000000000000014e-01 -3.467128125412197278e+03
2.641999999999999904e-01 -3.469495726675193964e+03
2.643000000000000349e-01 -3.471870259190492561e+03
2.644000000000000239e-01 -3.474250452682594187e+03
2.645000000000000129e-01 -3.476636383925248083e+03
2.646000000000000019e-01 -3.479028142043277512e+03
2.646999999999999909e-01 -3.481425494571097261e+03
2.648000000000000353e-01 -3.483828165913432713e+03
2.649000000000000243e-01 -3.486236099778383959e+03
2.650000000000000133e-01 -3.488645700032351215e+03
2.651000000000000023e-01 -3.491061121655276111e+03
2.651999999999999913e-01 -3.493492283978840533e+03
2.653000000000000358e-01 -3.495937175997552458e+03
2.654000000000000248e-01 -3.498398893205084278e+03
2.655000000000000138e-01 -3.500880011762155391e+03
2.656000000000000028e-01 -3.503381048755208667e+03
2.656999999999999917e-01 -3.505900698766164624e+03
2.658000000000000362e-01 -3.508436470140755318e+03
2.659000000000000252e-01 -3.510988102402468940e+03
2.660000000000000142e-01 -3.513556819385019480e+03
2.661000000000000032e-01 -3.516144135226370963e+03
2.661999999999999922e-01 -3.518754002245761512e+03
2.663000000000000367e-01 -3.521393974136695306e+03
2.664000000000000257e-01 -3.524066744300189384e+03
2.665000000000000147e-01 -3.526770489288719546e+03
2.666000000000000036e-01 -3.529500545848092315e+03
2.666999999999999926e-01 -3.532251418352590917e+03
2.668000000000000371e-01 -3.535020049301109339e+03
2.669000000000000261e-01 -3.537812893694996092e+03
2.670000000000000151e-01 -3.540643461838664734e+03
2.671000000000000041e-01 -3.543522599524961606e+03
2.671999999999999931e-01 -3.546457380433312665e+03
2.673000000000000376e-01 -3.549446722388027865e+03
2.674000000000000266e-01 -3.552494045959922005e+03
2.675000000000000155e-01 -3.555615735874683196e+03
2.676000000000000045e-01 -3.558823448823176022e+03
2.676999999999999935e-01 -3.562125461361486487e+03
2.678000000000000380e-01 -3.565529793883006278e+03
2.679000000000000270e-01 -3.569046674929315486e+03
2.680000000000000160e-01 -3.572691652544427143e+03
2.681000000000000050e-01 -3.576492091937311670e+03
2.681999999999999940e-01 -3.580473876201055646e+03
2.683000000000000385e-01 -3.584655547952081633e+03
2.684000000000000274e-01 -3.589015008882065558e+03
2.685000000000000164e-01 -3.593601269254791987e+03
2.686000000000000054e-01 -3.598403431398783596e+03
2.686999999999999944e-01 -3.603536168885289953e+03
2.688000000000000389e-01 -3.609042232374286868e+03
2.689000000000000279e-01 -3.614920728610667993e+03
2.690000000000000169e-01 -3.620866945034017590e+03
2.691000000000000059e-01 -3.625430043088009370e+03
2.691999999999999948e-01 -3.628141957979147264e+03
2.693000000000000393e-01 -3.630116753350826457e+03
2.694000000000000283e-01 -3.631993706401306099e+03
2.695000000000000173e-01 -3.633893998108164396e+03
2.696000000000000063e-01 -3.635781105567536997e+03
2.696999999999999953e-01 -3.637675114238346850e+03
2.698000000000000398e-01 -3.639619098604915507e+03
2.699000000000000288e-01 -3.641640514081324000e+03
2.700000000000000178e-01 -3.643741348018066219e+03
2.701000000000000068e-01 -3.645914248000259704e+03
2.701999999999999957e-01 -3.648150093310511693e+03
2.703000000000000402e-01 -3.650432354145485988e+03
2.704000000000000292e-01 -3.652738520757571678e+03
2.705000000000000182e-01 -3.655047690947342289e+03
2.706000000000000072e-01 -3.657347152264968827e+03
2.706999999999999962e-01 -3.659631276479231019e+03
2.708000000000000407e-01 -3.661897338055306591e+03
2.709000000000000297e-01 -3.664151170415362230e+03
2.710000000000000187e-01 -3.666399311803064847e+03
2.711000000000000076e-01 -3.668645182676505101e+03
2.711999999999999966e-01 -3.670884986235308588e+03
2.712999999999999856e-01 -3.673120203262878022e+03
2.714000000000000301e-01 -3.675358180064241424e+03
2.715000000000000191e-01 -3.677602915904547444e+03
2.716000000000000081e-01 -3.679854872892429285e+03
2.716999999999999971e-01 -3.682113042540237075e+03
2.717999999999999861e-01 -3.684376040051999553e+03
2.719000000000000306e-01 -3.686641648401025122e+03
2.720000000000000195e-01 -3.688905095224706656e+03
2.721000000000000085e-01 -3.691161718466798447e+03
2.721999999999999975e-01 -3.693411373519195422e+03
2.722999999999999865e-01 -3.695655763232479785e+03
2.724000000000000310e-01 -3.697896433068727674e+03
2.725000000000000200e-01 -3.700134388438170845e+03
2.726000000000000090e-01 -3.702370259825204357e+03
2.726999999999999980e-01 -3.704604509831390715e+03
2.727999999999999869e-01 -3.706837806224292308e+03
2.729000000000000314e-01 -3.709070773635890419e+03
2.730000000000000204e-01 -3.711303363808906852e+03
2.731000000000000094e-01 -3.713535515329675945e+03
2.731999999999999984e-01 -3.715767185832159612e+03
2.732999999999999874e-01 -3.717998590132201571e+03
2.734000000000000319e-01 -3.720230632590888945e+03
2.735000000000000209e-01 -3.722463735954866024e+03
2.736000000000000099e-01 -3.724697814582988485e+03
2.736999999999999988e-01 -3.726932608084547155e+03
2.737999999999999878e-01 -3.729144458642364498e+03
2.739000000000000323e-01 -3.731303725086744635e+03
2.740000000000000213e-01 -3.733410533899482743e+03
2.741000000000000103e-01 -3.735534611819751262e+03
2.741999999999999993e-01 -3.737686180007857729e+03
2.742999999999999883e-01 -3.739855824930922608e+03
2.744000000000000328e-01 -3.742042762218115968e+03
2.745000000000000218e-01 -3.744245967014324378e+03
2.746000000000000107e-01 -3.746462064708836351e+03
2.746999999999999997e-01 -3.748687069040518054e+03
2.747999999999999887e-01 -3.750919300740484687e+03
2.749000000000000332e-01 -3.753155584746328714e+03
2.750000000000000222e-01 -3.755395806801417621e+03
2.751000000000000112e-01 -3.757640116867386041e+03
2.752000000000000002e-01 -3.759887930619536746e+03
2.752999999999999892e-01 -3.762136741361279292e+03
2.754000000000000337e-01 -3.764384919664462359e+03
2.755000000000000226e-01 -3.766631867566502933e+03
2.756000000000000116e-01 -3.768877862546562028e+03
2.757000000000000006e-01 -3.771122260150347302e+03
2.757999999999999896e-01 -3.773365577485358244e+03
2.759000000000000341e-01 -3.775608197478890361e+03
2.760000000000000231e-01 -3.777850914443781221e+03
2.761000000000000121e-01 -3.780094176418066581e+03
2.762000000000000011e-01 -3.782336832206341569e+03
2.762999999999999901e-01 -3.784578904008348673e+03
2.764000000000000346e-01 -3.786820716089537200e+03
2.765000000000000235e-01 -3.789062730313588418e+03
2.766000000000000125e-01 -3.791305977056448683e+03
2.767000000000000015e-01 -3.793549455893014965e+03
2.767999999999999905e-01 -3.795792888116602171e+03
2.769000000000000350e-01 -3.798036335609253911e+03
2.770000000000000240e-01 -3.800279939275625111e+03
2.771000000000000130e-01 -3.802524187216335122e+03
2.772000000000000020e-01 -3.804769397276486870e+03
2.772999999999999909e-01 -3.807015601197515934e+03
2.774000000000000354e-01 -3.809262722235783258e+03
2.775000000000000244e-01 -3.811510639811525834e+03
2.776000000000000134e-01 -3.813759213508822995e+03
2.777000000000000024e-01 -3.816008295238650589e+03
2.777999999999999914e-01 -3.818257546015011940e+03
2.779000000000000359e-01 -3.820506161248353237e+03
2.780000000000000249e-01 -3.822753893229179539e+03
2.781000000000000139e-01 -3.824999935747196105e+03
2.782000000000000028e-01 -3.827244125398211509e+03
2.782999999999999918e-01 -3.829486669141622770e+03
2.784000000000000363e-01 -3.831727905387397641e+03
2.785000000000000253e-01 -3.833968135755684671e+03
2.786000000000000143e-01 -3.836207562497763774e+03
2.787000000000000033e-01 -3.838446235342489672e+03
2.787999999999999923e-01 -3.840684051495841686e+03
2.789000000000000368e-01 -3.842921230575858772e+03
2.790000000000000258e-01 -3.845157868313885501e+03
2.791000000000000147e-01 -3.847394140647048062e+03
2.792000000000000037e-01 -3.849630029366239796e+03
2.792999999999999927e-01 -3.851864363336564111e+03
2.794000000000000372e-01 -3.854096083087211809e+03
2.795000000000000262e-01 -3.856324502868207674e+03
2.796000000000000152e-01 -3.858550174264533780e+03
2.797000000000000042e-01 -3.860773804612502772e+03
2.797999999999999932e-01 -3.862995974354668760e+03
2.799000000000000377e-01 -3.865217125112395024e+03
2.800000000000000266e-01 -3.867437588702570793e+03
2.801000000000000156e-01 -3.869644375695187591e+03
2.802000000000000046e-01 -3.871809603595551380e+03
2.802999999999999936e-01 -3.873936797139707778e+03
2.804000000000000381e-01 -3.876035723962492739e+03
2.805000000000000271e-01 -3.878114282488409117e+03
2.806000000000000161e-01 -3.880178005272753580e+03
2.807000000000000051e-01 -3.882230844541492843e+03
2.807999999999999940e-01 -3.884275653808886545e+03
2.809000000000000385e-01 -3.886314225720330796e+03
2.810000000000000275e-01 -3.888347834694166977e+03
2.811000000000000165e-01 -3.890377424321340641e+03
2.812000000000000055e-01 -3.892403855151253538e+03
2.812999999999999945e-01 -3.894427804993607424e+03
2.814000000000000390e-01 -3.896449888365599691e+03
2.815000000000000280e-01 -3.898470709833363344e+03
2.816000000000000170e-01 -3.900490766805502972e+03
2.817000000000000060e-01 -3.902510364967914484e+03
2.817999999999999949e-01 -3.904529623880636336e+03
2.819000000000000394e-01 -3.906548303055802990e+03
2.820000000000000284e-01 -3.908566057197395367e+03
2.821000000000000174e-01 -3.910582293238744114e+03
2.822000000000000064e-01 -3.912595678879271418e+03
2.822999999999999954e-01 -3.914605763557604860e+03
2.824000000000000399e-01 -3.916612908227601110e+03
2.825000000000000289e-01 -3.918705725908611385e+03
2.826000000000000179e-01 -3.920914647135203268e+03
2.827000000000000068e-01 -3.923100735372369400e+03
2.827999999999999958e-01 -3.925303555487977519e+03
2.829000000000000403e-01 -3.927467249777704183e+03
2.830000000000000293e-01 -3.929603278433441119e+03
2.831000000000000183e-01 -3.931725964642326744e+03
2.832000000000000073e-01 -3.933846813006013690e+03
2.832999999999999963e-01 -3.935976713952221871e+03
2.834000000000000408e-01 -3.938116716849626755e+03
2.835000000000000298e-01 -3.940262073550698005e+03
2.836000000000000187e-01 -3.942409643062320811e+03
2.837000000000000077e-01 -3.944557298984892896e+03
2.837999999999999967e-01 -3.946703423671768633e+03
2.839000000000000412e-01 -3.948846479088067554e+03
2.840000000000000302e-01 -3.950977797904412910e+03
2.841000000000000192e-01 -3.953095488347011724e+03
2.842000000000000082e-01 -3.955198675209848716e+03
2.842999999999999972e-01 -3.957287355480336828e+03
2.843999999999999861e-01 -3.959363122115410533e+03
2.845000000000000306e-01 -3.961425143284389833e+03
2.846000000000000196e-01 -3.963473532179703852e+03
2.847000000000000086e-01 -3.965515227084139497e+03
2.847999999999999976e-01 -3.967554810327479117e+03
2.848999999999999866e-01 -3.969590637498232809e+03
2.850000000000000311e-01 -3.971609008152246133e+03
2.851000000000000201e-01 -3.973608175105000100e+03
2.852000000000000091e-01 -3.975586604013417855e+03
2.852999999999999980e-01 -3.977550920220594890e+03
2.853999999999999870e-01 -3.979531290804067794e+03
2.855000000000000315e-01 -3.981526696125979925e+03
2.856000000000000205e-01 -3.983528591166188107e+03
2.857000000000000095e-01 -3.985533339171357511e+03
2.857999999999999985e-01 -3.987540074970728710e+03
2.858999999999999875e-01 -3.989548079268728998e+03
2.860000000000000320e-01 -3.991554642204905122e+03
2.861000000000000210e-01 -3.993555864000362362e+03
2.862000000000000099e-01 -3.995551932557140390e+03
2.862999999999999989e-01 -3.997543854449388618e+03
2.863999999999999879e-01 -3.999532479206163771e+03
2.865000000000000324e-01 -4.001518373514537416e+03
2.866000000000000214e-01 -4.003501869160730166e+03
2.867000000000000104e-01 -4.005483113677467372e+03
2.867999999999999994e-01 -4.007462134644918933e+03
2.868999999999999884e-01 -4.009438824158461102e+03
2.870000000000000329e-01 -4.011412006569439200e+03
2.871000000000000218e-01 -4.013379490690192597e+03
2.872000000000000108e-01 -4.015343778073582143e+03
2.872999999999999998e-01 -4.017301769356302884e+03
2.873999999999999888e-01 -4.019252571195860128e+03
2.875000000000000333e-01 -4.021198609897392544e+03
2.876000000000000223e-01 -4.023141236331501659e+03
2.877000000000000113e-01 -4.025081276764731228e+03
2.878000000000000003e-01 -4.027019241174976287e+03
2.878999999999999893e-01 -4.028955428805802967e+03
2.880000000000000338e-01 -4.030889977867634570e+03
2.881000000000000227e-01 -4.032822951528973590e+03
2.882000000000000117e-01 -4.034754374368466870e+03
2.883000000000000007e-01 -4.036684236204004264e+03
2.883999999999999897e-01 -4.038612496071778423e+03
2.885000000000000342e-01 -4.040539086014087843e+03
2.886000000000000232e-01 -4.042463912798692490e+03
2.887000000000000122e-01 -4.044386861387514728e+03
2.888000000000000012e-01 -4.046308713261745652e+03
2.888999999999999901e-01 -4.048228692389724984e+03
2.890000000000000346e-01 -4.050145806639496641e+03
2.891000000000000236e-01 -4.052058681024877387e+03
2.892000000000000126e-01 -4.053963372332805193e+03
2.893000000000000016e-01 -4.055858380749229582e+03
2.893999999999999906e-01 -4.057744515974346996e+03
2.895000000000000351e-01 -4.059627267557109008e+03
2.896000000000000241e-01 -4.061514880431514484e+03
2.897000000000000131e-01 -4.063410064408456037e+03
2.898000000000000020e-01 -4.065386236068704875e+03
2.898999999999999910e-01 -4.067456148090675015e+03
2.900000000000000355e-01 -4.069522014567117822e+03
2.901000000000000245e-01 -4.071526681206830290e+03
2.902000000000000135e-01 -4.073471346361220185e+03
2.903000000000000025e-01 -4.075374021483398337e+03
2.903999999999999915e-01 -4.077253287579921562e+03
2.905000000000000360e-01 -4.079122220222774104e+03
2.906000000000000250e-01 -4.080988347780665663e+03
2.907000000000000139e-01 -4.082858638793824412e+03
2.908000000000000029e-01 -4.084738027769259588e+03
2.908999999999999919e-01 -4.086635033863836270e+03
2.910000000000000364e-01 -4.088555319887293990e+03
2.911000000000000254e-01 -4.090482520080912764e+03
2.912000000000000144e-01 -4.092415834893345163e+03
2.913000000000000034e-01 -4.094335907913077335e+03
2.913999999999999924e-01 -4.096262382012326270e+03
2.915000000000000369e-01 -4.098229004322715809e+03
2.916000000000000258e-01 -4.100222829629642547e+03
2.917000000000000148e-01 -4.102212380880456294e+03
2.918000000000000038e-01 -4.104169021553181665e+03
2.918999999999999928e-01 -4.106075454264143445e+03
2.920000000000000373e-01 -4.107925248761012881e+03
2.921000000000000263e-01 -4.109718393601911885e+03
2.922000000000000153e-01 -4.111461880427264077e+03
2.923000000000000043e-01 -4.113164203194594847e+03
2.923999999999999932e-01 -4.114825470085932466e+03
2.925000000000000377e-01 -4.116438450953635765e+03
2.926000000000000267e-01 -4.117993962782704330e+03
2.927000000000000157e-01 -4.119473231299781219e+03
2.928000000000000047e-01 -4.120846851996844634e+03
2.928999999999999937e-01 -4.122085366771187182e+03
2.930000000000000382e-01 -4.123164893889780615e+03
2.931000000000000272e-01 -4.124067563230220912e+03
2.932000000000000162e-01 -4.124779850341974452e+03
2.933000000000000052e-01 -4.125291922819943466e+03
2.933999999999999941e-01 -4.125563616395194003e+03
2.935000000000000386e-01 -4.125587698241433827e+03
2.936000000000000276e-01 -4.125411044419333848e+03
2.937000000000000166e-01 -4.125075367683384684e+03
2.938000000000000056e-01 -4.124579934201417927e+03
2.938999999999999946e-01 -4.123897335735455272e+03
2.940000000000000391e-01 -4.123029675543747544e+03
2.941000000000000281e-01 -4.122034468464129532e+03
2.942000000000000171e-01 -4.121002410106772004e+03
2.943000000000000060e-01 -4.119922251401836547e+03
2.943999999999999950e-01 -4.118913919567471567e+03
2.945000000000000395e-01 -4.118401832123256099e+03
2.946000000000000285e-01 -4.118534523228217950e+03
2.947000000000000175e-01 -4.119231975431694991e+03
2.948000000000000065e-01 -4.120403773530651051e+03
2.948999999999999955e-01 -4.121950995905154741e+03
2.950000000000000400e-01 -4.123812552936959946e+03
2.951000000000000290e-01 -4.125962972351371718e+03
2.952000000000000179e-01 -4.128325307475080990e+03
2.953000000000000069e-01 -4.130778483145490100e+03
2.953999999999999959e-01 -4.133160889638238586e+03
2.955000000000000404e-01 -4.135414271603888665e+03
2.956000000000000294e-01 -4.137568115585257146e+03
2.957000000000000184e-01 -4.139598028813966266e+03
2.958000000000000074e-01 -4.141480272873043759e+03
2.958999999999999964e-01 -4.143301554069118538e+03
2.960000000000000409e-01 -4.145103008166383916e+03
2.961000000000000298e-01 -4.146911857323338154e+03
2.962000000000000188e-01 -4.148741977791160934e+03
2.963000000000000078e-01 -4.150595067481778642e+03
2.963999999999999968e-01 -4.152489162410898643e+03
2.965000000000000413e-01 -4.154466392828462631e+03
2.966000000000000303e-01 -4.156500560713876439e+03
2.967000000000000193e-01 -4.158545795727573932e+03
2.968000000000000083e-01 -4.160588228001204698e+03
2.968999999999999972e-01 -4.162614215493900701e+03
2.970000000000000417e-01 -4.164610546759688077e+03
2.971000000000000307e-01 -4.166572710664176157e+03
2.972000000000000197e-01 -4.168500061036508669e+03
2.973000000000000087e-01 -4.170398594750914526e+03
2.973999999999999977e-01 -4.172283252451535191e+03
2.974999999999999867e-01 -4.174184874031106119e+03
2.976000000000000312e-01 -4.176091277662426364e+03
2.977000000000000202e-01 -4.178018487698476747e+03
2.978000000000000091e-01 -4.179982799704446734e+03
2.978999999999999981e-01 -4.181964192992284552e+03
2.979999999999999871e-01 -4.184001925592659063e+03
2.981000000000000316e-01 -4.186095404299625443e+03
2.982000000000000206e-01 -4.188217103059644614e+03
2.983000000000000096e-01 -4.190313007789903168e+03
2.983999999999999986e-01 -4.192369833610860042e+03
2.984999999999999876e-01 -4.194381327138753477e+03
2.986000000000000321e-01 -4.196356218201932279e+03
2.987000000000000210e-01 -4.198311196449662020e+03
2.988000000000000100e-01 -4.200261384327271116e+03
2.988999999999999990e-01 -4.202219409258553242e+03
2.989999999999999880e-01 -4.204190294855773573e+03
2.991000000000000325e-01 -4.206173570596870377e+03
2.992000000000000215e-01 -4.208167210462979710e+03
2.993000000000000105e-01 -4.210181884556877776e+03
2.993999999999999995e-01 -4.212201539342785509e+03
2.994999999999999885e-01 -4.214223841045814879e+03
2.996000000000000330e-01 -4.216255011627480599e+03
2.997000000000000219e-01 -4.218297041440870998e+03
2.998000000000000109e-01 -4.220351904087760886e+03
2.998999999999999999e-01 -4.222418102587027533e+03
2.999999999999999889e-01 -4.224492150996496093e+03
3.001000000000000334e-01 -4.228397319048181998e+03
3.002000000000000224e-01 -4.233678621544678208e+03
3.003000000000000114e-01 -4.239383914860910409e+03
3.004000000000000004e-01 -4.245393616706277498e+03
3.004999999999999893e-01 -4.252032030910353569e+03
3.006000000000000338e-01 -4.259532838128468029e+03
3.007000000000000228e-01 -4.267786352716462716e+03
3.008000000000000118e-01 -4.276379745053700390e+03
3.009000000000000008e-01 -4.284319571148634168e+03
3.009999999999999898e-01 -4.291232759007430104e+03
3.011000000000000343e-01 -4.297542782634344803e+03
3.012000000000000233e-01 -4.302709491285955664e+03
3.013000000000000123e-01 -4.306956579819572653e+03
3.014000000000000012e-01 -4.310428662647185774e+03
3.014999999999999902e-01 -4.313227663499712435e+03
3.016000000000000347e-01 -4.315515441086936335e+03
3.017000000000000237e-01 -4.317393021891715762e+03
3.018000000000000127e-01 -4.318976210222996997e+03
3.019000000000000017e-01 -4.320388302889683473e+03
3.019999999999999907e-01 -4.321875284913810901e+03
3.021000000000000352e-01 -4.323485207526795421e+03
3.022000000000000242e-01 -4.325541762366300645e+03
3.023000000000000131e-01 -4.328365124764634857e+03
3.024000000000000021e-01 -4.331398459004562028e+03
3.024999999999999911e-01 -4.333932416236885729e+03
3.026000000000000356e-01 -4.335907064834203084e+03
3.027000000000000246e-01 -4.337465235074068914e+03
3.028000000000000136e-01 -4.338736649455682709e+03
3.029000000000000026e-01 -4.339784736094276013e+03
3.029999999999999916e-01 -4.340602040371822113e+03
3.031000000000000361e-01 -4.341177181197213940e+03
3.032000000000000250e-01 -4.341522281629020654e+03
3.033000000000000140e-01 -4.341652316037222590e+03
3.034000000000000030e-01 -4.341575634878206984e+03
3.034999999999999920e-01 -4.341345360515370885e+03
3.036000000000000365e-01 -4.340992777963582739e+03
3.037000000000000255e-01 -4.340498057855037587e+03
3.038000000000000145e-01 -4.339846791703515009e+03
3.039000000000000035e-01 -4.338986314515566846e+03
3.039999999999999925e-01 -4.337970506814606779e+03
3.041000000000000369e-01 -4.336897462825055300e+03
3.042000000000000259e-01 -4.335771959428368064e+03
3.043000000000000149e-01 -4.334703392632277428e+03
3.044000000000000039e-01 -4.333952994075493734e+03
3.044999999999999929e-01 -4.333851966960024583e+03
3.046000000000000374e-01 -4.334361032367592998e+03
3.047000000000000264e-01 -4.335413508688274305e+03
3.048000000000000154e-01 -4.336944013277758131e+03
3.049000000000000044e-01 -4.338809791135507112e+03
3.049999999999999933e-01 -4.340913867124267199e+03
3.051000000000000378e-01 -4.343186492970161453e+03
3.052000000000000268e-01 -4.345535505353261215e+03
3.053000000000000158e-01 -4.347854370164691318e+03
3.054000000000000048e-01 -4.350136698536287440e+03
3.054999999999999938e-01 -4.352320901697374211e+03
3.056000000000000383e-01 -4.354384756275275322e+03
3.057000000000000273e-01 -4.356345893907353457e+03
3.058000000000000163e-01 -4.358237736920293173e+03
3.059000000000000052e-01 -4.360071825965111202e+03
3.059999999999999942e-01 -4.361939911514300547e+03
3.061000000000000387e-01 -4.363837971783561443e+03
3.062000000000000277e-01 -4.365762994391997381e+03
3.063000000000000167e-01 -4.367742394800870898e+03
3.064000000000000057e-01 -4.369810725926816303e+03
3.064999999999999947e-01 -4.371939010786645667e+03
3.066000000000000392e-01 -4.374088185756523671e+03
3.067000000000000282e-01 -4.376229317220709163e+03
3.068000000000000171e-01 -4.378344171487525273e+03
3.069000000000000061e-01 -4.380423271377216224e+03
3.069999999999999951e-01 -4.382463733272359605e+03
3.071000000000000396e-01 -4.384467723521785047e+03
3.072000000000000286e-01 -4.386439688606166783e+03
3.073000000000000176e-01 -4.388386879187526574e+03
3.074000000000000066e-01 -4.390317495924791729e+03
3.074999999999999956e-01 -4.392239873273665580e+03
3.076000000000000401e-01 -4.394171700893960406e+03
3.077000000000000290e-01 -4.396126010426571156e+03
3.078000000000000180e-01 -4.398105378369147729e+03
3.079000000000000070e-01 -4.400114436270187070e+03
3.079999999999999960e-01 -4.402151155711832871e+03
3.081000000000000405e-01 -4.404202118315577536e+03
3.082000000000000295e-01 -4.406302086236031755e+03
3.083000000000000185e-01 -4.408437441606339235e+03
3.084000000000000075e-01 -4.410562917443000515e+03
3.084999999999999964e-01 -4.412661853614186839e+03
3.086000000000000409e-01 -4.414727592136683597e+03
3.087000000000000299e-01 -4.416763845885835508e+03
3.088000000000000189e-01 -4.418779333033627154e+03
3.089000000000000079e-01 -4.420782821505789798e+03
3.089999999999999969e-01 -4.422780895746898750e+03
3.091000000000000414e-01 -4.424777794886633274e+03
3.092000000000000304e-01 -4.426776746537320832e+03
3.093000000000000194e-01 -4.428782323156960956e+03
3.094000000000000083e-01 -4.430794981418335738e+03
3.094999999999999973e-01 -4.432813161655447402e+03
3.096000000000000418e-01 -4.434835931020250428e+03
3.097000000000000308e-01 -4.436862649279543803e+03
3.098000000000000198e-01 -4.438894199460738491e+03
3.099000000000000088e-01 -4.440930180431741064e+03
3.099999999999999978e-01 -4.442966695509682722e+03
3.101000000000000423e-01 -4.445016147845986779e+03
3.102000000000000313e-01 -4.447115219541122315e+03
3.103000000000000203e-01 -4.449269564728910154e+03
3.104000000000000092e-01 -4.451470280320331767e+03
3.104999999999999982e-01 -4.453707831555006123e+03
3.105999999999999872e-01 -4.455970486559932397e+03
3.107000000000000317e-01 -4.458198475587198118e+03
3.108000000000000207e-01 -4.460235323111914113e+03
3.109000000000000097e-01 -4.462250149483596942e+03
3.109999999999999987e-01 -4.464322744636418975e+03
3.110999999999999877e-01 -4.466462876797444551e+03
3.112000000000000322e-01 -4.468659701334654528e+03
3.113000000000000211e-01 -4.470836821824797880e+03
3.114000000000000101e-01 -4.472880462084626743e+03
3.114999999999999991e-01 -4.474923839817654880e+03
3.115999999999999881e-01 -4.477020952535279321e+03
3.117000000000000326e-01 -4.479176598979572191e+03
3.118000000000000216e-01 -4.481380497777302480e+03
3.119000000000000106e-01 -4.483618437174481187e+03
3.119999999999999996e-01 -4.485887112973933654e+03
3.120999999999999885e-01 -4.488196368655936567e+03
3.122000000000000330e-01 -4.490540586674016595e+03
3.123000000000000220e-01 -4.492905048077078391e+03
3.124000000000000110e-01 -4.495275642011253694e+03
3.125000000000000000e-01 -4.497643831604163097e+03
3.125999999999999890e-01 -4.500003715448953699e+03
3.127000000000000335e-01 -4.502346023274621984e+03
3.128000000000000225e-01 -4.504671646581802634e+03
3.129000000000000115e-01 -4.506986437700487841e+03
3.130000000000000004e-01 -4.509294776844176340e+03
3.130999999999999894e-01 -4.511600449804745949e+03
3.132000000000000339e-01 -4.513906344289600383e+03
3.133000000000000229e-01 -4.516214370790614339e+03
3.134000000000000119e-01 -4.518522652618465145e+03
3.135000000000000009e-01 -4.520829944104370043e+03
3.135999999999999899e-01 -4.523138704910790693e+03
3.137000000000000344e-01 -4.525451348528665221e+03
3.138000000000000234e-01 -4.527769446447606242e+03
3.139000000000000123e-01 -4.530094203187733910e+03
3.140000000000000013e-01 -4.532428783034089975e+03
3.140999999999999903e-01 -4.534774481924381689e+03
3.142000000000000348e-01 -4.537130397304865255e+03
3.143000000000000238e-01 -4.539495061741594327e+03
3.144000000000000128e-01 -4.541867209617454137e+03
3.145000000000000018e-01 -4.544246353986322902e+03
3.145999999999999908e-01 -4.546631090282531659e+03
3.147000000000000353e-01 -4.549020161330191513e+03
3.148000000000000242e-01 -4.551412823947065590e+03
3.149000000000000132e-01 -4.553808463518290409e+03
3.150000000000000022e-01 -4.556206589646090833e+03
3.150999999999999912e-01 -4.558606927742584958e+03
3.152000000000000357e-01 -4.561009441274140045e+03
3.153000000000000247e-01 -4.563414288351548748e+03
3.154000000000000137e-01 -4.565821753687889213e+03
3.155000000000000027e-01 -4.568232197918187921e+03
3.155999999999999917e-01 -4.570646066884923130e+03
3.157000000000000361e-01 -4.573064306234316973e+03
3.158000000000000251e-01 -4.575490327868827080e+03
3.159000000000000141e-01 -4.577926951391109469e+03
3.160000000000000031e-01 -4.580377994616483193e+03
3.160999999999999921e-01 -4.582849461942708331e+03
3.162000000000000366e-01 -4.585342692572041415e+03
3.163000000000000256e-01 -4.587856891312385414e+03
3.164000000000000146e-01 -4.590391103509170534e+03
3.165000000000000036e-01 -4.592944899508123854e+03
3.165999999999999925e-01 -4.595518435553587551e+03
3.167000000000000370e-01 -4.598112283755814133e+03
3.168000000000000260e-01 -4.600727250958600962e+03
3.169000000000000150e-01 -4.603364301619643811e+03
3.170000000000000040e-01 -4.606024655557350343e+03
3.170999999999999930e-01 -4.608710222291030732e+03
3.172000000000000375e-01 -4.611428850709199651e+03
3.173000000000000265e-01 -4.614205150389658229e+03
3.174000000000000155e-01 -4.617058060391640538e+03
3.175000000000000044e-01 -4.619998695637405945e+03
3.175999999999999934e-01 -4.623037622923278832e+03
3.177000000000000379e-01 -4.626188085423029406e+03
3.178000000000000269e-01 -4.629455772249539223e+03
3.179000000000000159e-01 -4.632842044797356721e+03
3.180000000000000049e-01 -4.636348536195163433e+03
3.180999999999999939e-01 -4.639977312139399146e+03
3.182000000000000384e-01 -4.643734653375737253e+03
3.183000000000000274e-01 -4.647650380101782503e+03
3.184000000000000163e-01 -4.651766764232029345e+03
3.185000000000000053e-01 -4.656112095514182329e+03
3.185999999999999943e-01 -4.660669717253224917e+03
3.187000000000000388e-01 -4.665519044561740884e+03
3.188000000000000278e-01 -4.670698890421855140e+03
3.189000000000000168e-01 -4.676292140545110669e+03
3.190000000000000058e-01 -4.682365193415725116e+03
3.190999999999999948e-01 -4.688780739985344553e+03
3.192000000000000393e-01 -4.695341695405937571e+03
3.193000000000000282e-01 -4.700227930414676848e+03
3.194000000000000172e-01 -4.702853774384575445e+03
3.195000000000000062e-01 -4.704797415746293154e+03
3.195999999999999952e-01 -4.706532666030310793e+03
3.197000000000000397e-01 -4.708263644103163642e+03
3.198000000000000287e-01 -4.710107353792368485e+03
3.199000000000000177e-01 -4.712064874679233981e+03
3.200000000000000067e-01 -4.714087032456733141e+03
3.200999999999999956e-01 -4.716167952082490956e+03
3.202000000000000401e-01 -4.718311076852864971e+03
3.203000000000000291e-01 -4.720513180620057028e+03
3.204000000000000181e-01 -4.722767120539736425e+03
3.205000000000000071e-01 -4.725060239074673518e+03
3.205999999999999961e-01 -4.727383564833420678e+03
3.207000000000000406e-01 -4.729733372974415033e+03
3.208000000000000296e-01 -4.732199468944452747e+03
3.209000000000000186e-01 -4.734957558616498318e+03
3.210000000000000075e-01 -4.738449869279255836e+03
3.210999999999999965e-01 -4.742738837458555281e+03
3.212000000000000410e-01 -4.747060263552201832e+03
3.213000000000000300e-01 -4.750719103255169102e+03
3.214000000000000190e-01 -4.753790859032131266e+03
3.215000000000000080e-01 -4.756504494260127103e+03
3.215999999999999970e-01 -4.759016854651686117e+03
3.217000000000000415e-01 -4.761421862488407896e+03
3.218000000000000305e-01 -4.763774295668472405e+03
3.219000000000000195e-01 -4.766101190915447660e+03
3.220000000000000084e-01 -4.768414557126917316e+03
3.220999999999999974e-01 -4.770719666521907129e+03
3.222000000000000419e-01 -4.773018721874944276e+03
3.223000000000000309e-01 -4.775311753153389873e+03
3.224000000000000199e-01 -4.777598755038727177e+03
3.225000000000000089e-01 -4.779881629188568695e+03
3.225999999999999979e-01 -4.782163637447078145e+03
3.227000000000000424e-01 -4.784446059201406570e+03
3.228000000000000314e-01 -4.786728905521359593e+03
3.229000000000000203e-01 -4.789013760769761575e+03
3.230000000000000093e-01 -4.791302599346922761e+03
3.230999999999999983e-01 -4.793594793185465278e+03
3.232000000000000428e-01 -4.795889139887834972e+03
3.233000000000000318e-01 -4.798182091309658063e+03
3.234000000000000208e-01 -4.800472387157617959e+03
3.235000000000000098e-01 -4.802762630239842110e+03
3.235999999999999988e-01 -4.805050756397643454e+03
3.237000000000000433e-01 -4.807334912018702198e+03
3.238000000000000322e-01 -4.809615257241062864e+03
3.239000000000000212e-01 -4.811892598896366508e+03
3.240000000000000102e-01 -4.814167756022566209e+03
3.240999999999999992e-01 -4.816441400631485521e+03
3.241999999999999882e-01 -4.818714062192885649e+03
3.243000000000000327e-01 -4.820986165060017811e+03
3.244000000000000217e-01 -4.823258057768742219e+03
3.245000000000000107e-01 -4.825530027425947083e+03
3.245999999999999996e-01 -4.827802303064965599e+03
3.246999999999999886e-01 -4.830075053763806864e+03
3.248000000000000331e-01 -4.832348386248407223e+03
3.249000000000000221e-01 -4.834623025228085680e+03
3.250000000000000111e-01 -4.836898691472514656e+03
3.251000000000000001e-01 -4.839173143500404876e+03
3.251999999999999891e-01 -4.841447609694268067e+03
3.253000000000000336e-01 -4.843722530737531088e+03
3.254000000000000226e-01 -4.845997832303592986e+03
3.255000000000000115e-01 -4.848275123647499640e+03
3.256000000000000005e-01 -4.850553738679988783e+03
3.256999999999999895e-01 -4.852828510598877074e+03
3.258000000000000340e-01 -4.855102237063259054e+03
3.259000000000000230e-01 -4.857375595963118030e+03
3.260000000000000120e-01 -4.859648581134441883e+03
3.261000000000000010e-01 -4.861921062589735811e+03
3.261999999999999900e-01 -4.864192658982614375e+03
3.263000000000000345e-01 -4.866463732099002300e+03
3.264000000000000234e-01 -4.868734342119493704e+03
3.265000000000000124e-01 -4.871004246808138305e+03
3.266000000000000014e-01 -4.873273415768605446e+03
3.266999999999999904e-01 -4.875541897601437995e+03
3.268000000000000349e-01 -4.877809797834829624e+03
3.269000000000000239e-01 -4.880077195553681122e+03
3.270000000000000129e-01 -4.882342980309215818e+03
3.271000000000000019e-01 -4.884605384060316283e+03
3.271999999999999909e-01 -4.886864270091835351e+03
3.273000000000000353e-01 -4.889120441369834225e+03
3.274000000000000243e-01 -4.891374718254761319e+03
3.275000000000000133e-01 -4.893627681030719941e+03
3.276000000000000023e-01 -4.895879722690817289e+03
3.276999999999999913e-01 -4.898131097790582317e+03
3.278000000000000358e-01 -4.900381967210930270e+03
3.279000000000000248e-01 -4.902632435571812493e+03
3.280000000000000138e-01 -4.904882569090420475e+03
3.281000000000000028e-01 -4.907132413913908749e+03
3.281999999999999917e-01 -4.909382005282845967e+03
3.283000000000000362e-01 -4.911631372390482284e+03
3.284000000000000252e-01 -4.913880541102599636e+03
3.285000000000000142e-01 -4.916129535485950328e+03
3.286000000000000032e-01 -4.918378076344118199e+03
3.286999999999999922e-01 -4.920624929256575342e+03
3.288000000000000367e-01 -4.922868698512015726e+03
3.289000000000000257e-01 -4.925109280243669673e+03
3.290000000000000147e-01 -4.927346512270873063e+03
3.291000000000000036e-01 -4.929578560554537034e+03
3.291999999999999926e-01 -4.931803896892538432e+03
3.293000000000000371e-01 -4.934022196984998118e+03
3.294000000000000261e-01 -4.936234849113770906e+03
3.295000000000000151e-01 -4.938443397610498323e+03
3.296000000000000041e-01 -4.940649056572431618e+03
3.296999999999999931e-01 -4.942852686160063968e+03
3.298000000000000376e-01 -4.945054420548352937e+03
3.299000000000000266e-01 -4.947255515919041500e+03
3.300000000000000155e-01 -4.949456036750345447e+03
3.301000000000000045e-01 -4.951643363489022704e+03
3.301999999999999935e-01 -4.953791990495514256e+03
3.303000000000000380e-01 -4.955905279698174127e+03
3.304000000000000270e-01 -4.957992065052587350e+03
3.305000000000000160e-01 -4.960059565559689872e+03
3.306000000000000050e-01 -4.962112940153158888e+03
3.306999999999999940e-01 -4.964155780636569034e+03
3.308000000000000385e-01 -4.966190567364336857e+03
3.309000000000000274e-01 -4.968218888294794851e+03
3.310000000000000164e-01 -4.970241337443944758e+03
3.311000000000000054e-01 -4.972258408292624154e+03
3.311999999999999944e-01 -4.974271050086364085e+03
3.313000000000000389e-01 -4.976280147683330142e+03
3.314000000000000279e-01 -4.978286306506996880e+03
3.315000000000000169e-01 -4.980289848819371400e+03
3.316000000000000059e-01 -4.982290518015808630e+03
3.316999999999999948e-01 -4.984288034058175981e+03
3.318000000000000393e-01 -4.986282551279593463e+03
3.319000000000000283e-01 -4.988274254004008981e+03
3.320000000000000173e-01 -4.990262907369994537e+03
3.321000000000000063e-01 -4.992247982445143862e+03
3.321999999999999953e-01 -4.994229547893324707e+03
3.323000000000000398e-01 -4.996207898172275236e+03
3.324000000000000288e-01 -4.998183247630439837e+03
3.325000000000000178e-01 -5.000155479606418339e+03
3.326000000000000068e-01 -5.002122755133345890e+03
3.326999999999999957e-01 -5.004084092225987661e+03
3.328000000000000402e-01 -5.006040319588649254e+03
3.329000000000000292e-01 -5.007992442119462794e+03
3.330000000000000182e-01 -5.009941290975572883e+03
3.331000000000000072e-01 -5.011887395567369822e+03
3.331999999999999962e-01 -5.013831413835645435e+03
3.333000000000000407e-01 -5.015774760805725236e+03
3.334000000000000297e-01 -5.017716661760748138e+03
3.335000000000000187e-01 -5.019657897626308113e+03
3.336000000000000076e-01 -5.021598504535331813e+03
3.336999999999999966e-01 -5.023538335967678904e+03
3.338000000000000411e-01 -5.025477321962882343e+03
3.339000000000000301e-01 -5.027416162036499372e+03
3.340000000000000191e-01 -5.029353640924447063e+03
3.341000000000000081e-01 -5.031289667281119364e+03
3.341999999999999971e-01 -5.033226195653094692e+03
3.343000000000000416e-01 -5.035160722002531656e+03
3.344000000000000306e-01 -5.037093865076190923e+03
3.345000000000000195e-01 -5.039027358410500710e+03
3.346000000000000085e-01 -5.040964000419366130e+03
3.346999999999999975e-01 -5.042903155406291262e+03
3.348000000000000420e-01 -5.044857200023475343e+03
3.349000000000000310e-01 -5.046826158805431078e+03
3.350000000000000200e-01 -5.048809257981124574e+03
3.351000000000000090e-01 -5.050801001663427087e+03
3.351999999999999980e-01 -5.052796082471585578e+03
3.353000000000000425e-01 -5.054798242570639559e+03
3.354000000000000314e-01 -5.056804922525116126e+03
3.355000000000000204e-01 -5.058816183985367388e+03
3.356000000000000094e-01 -5.060824504885693386e+03
3.356999999999999984e-01 -5.062823203034682592e+03
3.358000000000000429e-01 -5.064811959965594724e+03
3.359000000000000319e-01 -5.066793341212774976e+03
3.360000000000000209e-01 -5.068770988554851101e+03
3.361000000000000099e-01 -5.070746917529249004e+03
3.361999999999999988e-01 -5.072722449176100781e+03
3.363000000000000433e-01 -5.074700106635928023e+03
3.364000000000000323e-01 -5.076681877811060986e+03
3.365000000000000213e-01 -5.078671408846103077e+03
3.366000000000000103e-01 -5.080670910354693660e+03
3.366999999999999993e-01 -5.082675483954938500e+03
3.368000000000000438e-01 -5.084678431480046129e+03
3.369000000000000328e-01 -5.086675730355634187e+03
3.370000000000000218e-01 -5.088666360352955962e+03
3.371000000000000107e-01 -5.090651269760266587e+03
3.371999999999999997e-01 -5.092632375128155218e+03
3.372999999999999887e-01 -5.094610879978383309e+03
3.374000000000000332e-01 -5.096584708989022147e+03
3.375000000000000222e-01 -5.098551427630716717e+03
3.376000000000000112e-01 -5.100511688933401274e+03
3.377000000000000002e-01 -5.102466836755060285e+03
3.377999999999999892e-01 -5.104417552119767606e+03
3.379000000000000337e-01 -5.106363899034215137e+03
3.380000000000000226e-01 -5.108305719747805597e+03
3.381000000000000116e-01 -5.110242892075646523e+03
3.382000000000000006e-01 -5.112175249368667210e+03
3.382999999999999896e-01 -5.114102887953038589e+03
3.384000000000000341e-01 -5.116027596113913205e+03
3.385000000000000231e-01 -5.117950900222918790e+03
3.386000000000000121e-01 -5.119871451013735168e+03
3.387000000000000011e-01 -5.121789329436523076e+03
3.387999999999999901e-01 -5.123704830662674794e+03
3.389000000000000346e-01 -5.125618175203016108e+03
3.390000000000000235e-01 -5.127529478817880772e+03
3.391000000000000125e-01 -5.129438792631019169e+03
3.392000000000000015e-01 -5.131346162016954622e+03
3.392999999999999905e-01 -5.133251673822227531e+03
3.394000000000000350e-01 -5.135155472794242996e+03
3.395000000000000240e-01 -5.137069383926619594e+03
3.396000000000000130e-01 -5.138978010114849894e+03
3.397000000000000020e-01 -5.140876356225232485e+03
3.397999999999999909e-01 -5.142774845016452673e+03
3.399000000000000354e-01 -5.144693647766255708e+03
3.400000000000000244e-01 -5.146644648326244351e+03
3.401000000000000134e-01 -5.148629034705228150e+03
3.402000000000000024e-01 -5.150629262717063284e+03
3.402999999999999914e-01 -5.152627001319866395e+03
3.404000000000000359e-01 -5.154611581208361713e+03
3.405000000000000249e-01 -5.156581697469413484e+03
3.406000000000000139e-01 -5.158541734684722542e+03
3.407000000000000028e-01 -5.160497399789269366e+03
3.407999999999999918e-01 -5.162454039193577046e+03
3.409000000000000363e-01 -5.164415029524549936e+03
3.410000000000000253e-01 -5.166380615778809442e+03
3.411000000000000143e-01 -5.168348816486444775e+03
3.412000000000000033e-01 -5.170316989718779951e+03
3.412999999999999923e-01 -5.172282663313812009e+03
3.414000000000000368e-01 -5.174244495601043127e+03
3.415000000000000258e-01 -5.176202465971103265e+03
3.416000000000000147e-01 -5.178155798822972429e+03
3.417000000000000037e-01 -5.180099925419131978e+03
3.417999999999999927e-01 -5.182028863808702226e+03
3.419000000000000372e-01 -5.183939100044622137e+03
3.420000000000000262e-01 -5.185829779966639762e+03
3.421000000000000152e-01 -5.187704214165425583e+03
3.422000000000000042e-01 -5.189568614487950072e+03
3.422999999999999932e-01 -5.191417893933285995e+03
3.424000000000000377e-01 -5.193242796579357673e+03
3.425000000000000266e-01 -5.195044027627419382e+03
3.426000000000000156e-01 -5.196829337237352775e+03
3.427000000000000046e-01 -5.198603371169859201e+03
3.427999999999999936e-01 -5.200365937325234881e+03
3.429000000000000381e-01 -5.202105214141625765e+03
3.430000000000000271e-01 -5.203803573787480673e+03
3.431000000000000161e-01 -5.205436700622954959e+03
3.432000000000000051e-01 -5.206982004329097435e+03
3.432999999999999940e-01 -5.208419291478405285e+03
3.434000000000000385e-01 -5.209729330417551864e+03
3.435000000000000275e-01 -5.210893409556963888e+03
3.436000000000000165e-01 -5.211893121834868907e+03
3.437000000000000055e-01 -5.212708458415740097e+03
3.437999999999999945e-01 -5.213320868991106181e+03
3.439000000000000390e-01 -5.213722812155036991e+03
3.440000000000000280e-01 -5.213947350594610725e+03
3.441000000000000170e-01 -5.214011279880233815e+03
3.442000000000000060e-01 -5.213926319120520020e+03
3.442999999999999949e-01 -5.213676646883483954e+03
3.444000000000000394e-01 -5.213265661915817873e+03
3.445000000000000284e-01 -5.212713578802230586e+03
3.446000000000000174e-01 -5.212115718252001898e+03
3.447000000000000064e-01 -5.211506064078023883e+03
3.447999999999999954e-01 -5.210868344775715741e+03
3.449000000000000399e-01 -5.210204958021322454e+03
3.450000000000000289e-01 -5.209628081959337578e+03
3.451000000000000179e-01 -5.209227356726313701e+03
3.452000000000000068e-01 -5.209170893323001110e+03
3.452999999999999958e-01 -5.209623568986006831e+03
3.454000000000000403e-01 -5.210514858849923257e+03
3.455000000000000293e-01 -5.211823592073663349e+03
3.456000000000000183e-01 -5.213412834455061784e+03
3.457000000000000073e-01 -5.215167621559196959e+03
3.457999999999999963e-01 -5.217014673024919830e+03
3.459000000000000408e-01 -5.218932841859088512e+03
3.460000000000000298e-01 -5.220900354284646710e+03
3.461000000000000187e-01 -5.222889275975416240e+03
3.462000000000000077e-01 -5.224875162791699040e+03
3.462999999999999967e-01 -5.226897770010518798e+03
3.464000000000000412e-01 -5.229045831511996766e+03
3.465000000000000302e-01 -5.231245018894056557e+03
3.466000000000000192e-01 -5.233447367582688457e+03
3.467000000000000082e-01 -5.235631303476101493e+03
3.467999999999999972e-01 -5.237769548823546756e+03
3.469000000000000417e-01 -5.239909362716077339e+03
3.470000000000000306e-01 -5.242051594610792563e+03
3.471000000000000196e-01 -5.244180106222762333e+03
3.472000000000000086e-01 -5.246291264828611929e+03
3.472999999999999976e-01 -5.248383402155146541e+03
3.474000000000000421e-01 -5.250456179328808503e+03
3.475000000000000311e-01 -5.252509317821554760e+03
3.476000000000000201e-01 -5.254542805030033378e+03
3.477000000000000091e-01 -5.256557066228320764e+03
3.477999999999999980e-01 -5.258552631080577157e+03
3.479000000000000425e-01 -5.260531621288769202e+03
3.480000000000000315e-01 -5.262496307785741919e+03
3.481000000000000205e-01 -5.264448142751710293e+03
3.482000000000000095e-01 -5.266388415345029898e+03
3.482999999999999985e-01 -5.268318528093795067e+03
3.484000000000000430e-01 -5.270240055400835445e+03
3.485000000000000320e-01 -5.272154489897549865e+03
3.486000000000000210e-01 -5.274064350823357927e+03
3.487000000000000099e-01 -5.275971462510599849e+03
3.487999999999999989e-01 -5.277879722668877548e+03
3.489000000000000434e-01 -5.279788573077212277e+03
3.490000000000000324e-01 -5.281700168319430304e+03
3.491000000000000214e-01 -5.283619923619257861e+03
3.492000000000000104e-01 -5.285543972981622574e+03
3.492999999999999994e-01 -5.287480360687322900e+03
3.494000000000000439e-01 -5.289431659753445274e+03
3.495000000000000329e-01 -5.291399287417685628e+03
3.496000000000000218e-01 -5.293378187424755197e+03
3.497000000000000108e-01 -5.295366421575262393e+03
3.497999999999999998e-01 -5.297366312310258763e+03
3.499000000000000443e-01 -5.299379237000836838e+03
3.500000000000000333e-01 -5.301402410821243393e+03
3.501000000000000223e-01 -5.305219335622800827e+03
3.502000000000000113e-01 -5.310169828846520431e+03
3.503000000000000003e-01 -5.315361984679289890e+03
3.503999999999999893e-01 -5.320845103195618321e+03
3.505000000000000338e-01 -5.327019850216606756e+03
3.506000000000000227e-01 -5.334068190826527825e+03
3.507000000000000117e-01 -5.341917263661245670e+03
3.508000000000000007e-01 -5.350360253905925674e+03
3.508999999999999897e-01 -5.359240581243197084e+03
3.510000000000000342e-01 -5.368368778885729625e+03
3.511000000000000232e-01 -5.376749979458283633e+03
3.512000000000000122e-01 -5.382198358530300538e+03
3.513000000000000012e-01 -5.385400287406926509e+03
3.513999999999999901e-01 -5.387469240055857881e+03
3.515000000000000346e-01 -5.388985457708316972e+03
3.516000000000000236e-01 -5.390238299140640265e+03
3.517000000000000126e-01 -5.391331596933708170e+03
3.518000000000000016e-01 -5.392610441988315870e+03
3.518999999999999906e-01 -5.395125568907100387e+03
3.520000000000000351e-01 -5.398540974892765917e+03
3.521000000000000241e-01 -5.401303670593861170e+03
3.522000000000000131e-01 -5.403296148946007634e+03
3.523000000000000020e-01 -5.404857022097623485e+03
3.523999999999999910e-01 -5.406208100328249202e+03
3.525000000000000355e-01 -5.407463328098100646e+03
3.526000000000000245e-01 -5.408690462218639368e+03
3.527000000000000135e-01 -5.409924193117602044e+03
3.528000000000000025e-01 -5.411166553926237611e+03
3.528999999999999915e-01 -5.412403776592118447e+03
3.530000000000000360e-01 -5.413625727767996977e+03
3.531000000000000250e-01 -5.414826590379867412e+03
3.532000000000000139e-01 -5.415995125125809864e+03
3.533000000000000029e-01 -5.417112465981185778e+03
3.533999999999999919e-01 -5.418155591007098337e+03
3.535000000000000364e-01 -5.419106723904505088e+03
3.536000000000000254e-01 -5.419975848062555997e+03
3.537000000000000144e-01 -5.420762554183651446e+03
3.538000000000000034e-01 -5.421452695758252958e+03
3.538999999999999924e-01 -5.422034264148896909e+03
3.540000000000000369e-01 -5.422503342549649460e+03
3.541000000000000258e-01 -5.422860007691268038e+03
3.542000000000000148e-01 -5.423097494107890270e+03
3.543000000000000038e-01 -5.423217642575432365e+03
3.543999999999999928e-01 -5.423282811465093801e+03
3.545000000000000373e-01 -5.423333634166440788e+03
3.546000000000000263e-01 -5.423350562641018769e+03
3.547000000000000153e-01 -5.423322643168859940e+03
3.548000000000000043e-01 -5.423252318419336916e+03
3.548999999999999932e-01 -5.423167959823857018e+03
3.550000000000000377e-01 -5.423170191226805400e+03
3.551000000000000267e-01 -5.423350332876862012e+03
3.552000000000000157e-01 -5.423737040663087100e+03
3.553000000000000047e-01 -5.424440921514099500e+03
3.553999999999999937e-01 -5.425429562901384998e+03
3.555000000000000382e-01 -5.426693614484544923e+03
3.556000000000000272e-01 -5.428209333528852767e+03
3.557000000000000162e-01 -5.429905523457356139e+03
3.558000000000000052e-01 -5.431715806285623330e+03
3.558999999999999941e-01 -5.433599354721876807e+03
3.560000000000000386e-01 -5.435539371566370392e+03
3.561000000000000276e-01 -5.437519151275178956e+03
3.562000000000000166e-01 -5.439531659652589042e+03
3.563000000000000056e-01 -5.441597693047146095e+03
3.563999999999999946e-01 -5.443711302960662579e+03
3.565000000000000391e-01 -5.445844337182383242e+03
3.566000000000000281e-01 -5.447945843195107045e+03
3.567000000000000171e-01 -5.450059934627415714e+03
3.568000000000000060e-01 -5.452179725430743929e+03
3.568999999999999950e-01 -5.454290356765611250e+03
3.570000000000000395e-01 -5.456386689151998326e+03
3.571000000000000285e-01 -5.458468880042485580e+03
3.572000000000000175e-01 -5.460537644467992322e+03
3.573000000000000065e-01 -5.462593214525245457e+03
3.573999999999999955e-01 -5.464635520663264288e+03
3.575000000000000400e-01 -5.466664077736142644e+03
3.576000000000000290e-01 -5.468675877868447969e+03
3.577000000000000179e-01 -5.470674905063820916e+03
3.578000000000000069e-01 -5.472665197014751357e+03
3.578999999999999959e-01 -5.474650940026133867e+03
3.580000000000000404e-01 -5.476632936155189782e+03
3.581000000000000294e-01 -5.478611012734288124e+03
3.582000000000000184e-01 -5.480585095883304348e+03
3.583000000000000074e-01 -5.482555416918017727e+03
3.583999999999999964e-01 -5.484522480118561361e+03
3.585000000000000409e-01 -5.486486984712277263e+03
3.586000000000000298e-01 -5.488449515695891023e+03
3.587000000000000188e-01 -5.490411064303231797e+03
3.588000000000000078e-01 -5.492372660297442053e+03
3.588999999999999968e-01 -5.494334934863652052e+03
3.590000000000000413e-01 -5.496298890382096033e+03
3.591000000000000303e-01 -5.498261431869414992e+03
3.592000000000000193e-01 -5.500225680799696420e+03
3.593000000000000083e-01 -5.502194161673328381e+03
3.593999999999999972e-01 -5.504170482352189538e+03
3.595000000000000417e-01 -5.506147012763221937e+03
3.596000000000000307e-01 -5.508136128614963127e+03
3.597000000000000197e-01 -5.510130888314237382e+03
3.598000000000000087e-01 -5.512124801626448061e+03
3.598999999999999977e-01 -5.514117463373690953e+03
3.600000000000000422e-01 -5.516115261625002859e+03
3.601000000000000312e-01 -5.518136790412062510e+03
3.602000000000000202e-01 -5.520210935246654117e+03
3.603000000000000091e-01 -5.522339075748634059e+03
3.603999999999999981e-01 -5.524510839290457625e+03
3.605000000000000426e-01 -5.526714351165117478e+03
3.606000000000000316e-01 -5.528942066264903588e+03
3.607000000000000206e-01 -5.531188759940491764e+03
3.608000000000000096e-01 -5.533450818430566869e+03
3.608999999999999986e-01 -5.535726648800078692e+03
3.610000000000000431e-01 -5.538014596335709030e+03
3.611000000000000321e-01 -5.540312678494786269e+03
3.612000000000000210e-01 -5.542619089347665067e+03
3.613000000000000100e-01 -5.544933512411636002e+03
3.613999999999999990e-01 -5.547250711921613402e+03
3.615000000000000435e-01 -5.549571965959363297e+03
3.616000000000000325e-01 -5.551897205452431990e+03
3.617000000000000215e-01 -5.554225909583828980e+03
3.618000000000000105e-01 -5.556557653137749185e+03
3.618999999999999995e-01 -5.558892169561806440e+03
3.620000000000000440e-01 -5.561229313699865088e+03
3.621000000000000330e-01 -5.563569012923650916e+03
3.622000000000000219e-01 -5.565911226286454621e+03
3.623000000000000109e-01 -5.568255915050135627e+03
3.623999999999999999e-01 -5.570603120262351695e+03
3.625000000000000444e-01 -5.572952982739792787e+03
3.626000000000000334e-01 -5.575305417913392375e+03
3.627000000000000224e-01 -5.577660258407881884e+03
3.628000000000000114e-01 -5.580017344438086184e+03
3.629000000000000004e-01 -5.582376559827061101e+03
3.630000000000000449e-01 -5.584737721844117914e+03
3.631000000000000338e-01 -5.587100631147273816e+03
3.632000000000000228e-01 -5.589465101247876191e+03
3.633000000000000118e-01 -5.591830967783221240e+03
3.634000000000000008e-01 -5.594198092856876428e+03
3.634999999999999898e-01 -5.596566368167546898e+03
3.636000000000000343e-01 -5.598935717781291714e+03
3.637000000000000233e-01 -5.601306100847674315e+03
3.638000000000000123e-01 -5.603677514655681080e+03
3.639000000000000012e-01 -5.606049998791159851e+03
3.639999999999999902e-01 -5.608423641878621311e+03
3.641000000000000347e-01 -5.610798594052565022e+03
3.642000000000000237e-01 -5.613175093156559342e+03
3.643000000000000127e-01 -5.615553532841059678e+03
3.644000000000000017e-01 -5.617934976187078973e+03
3.644999999999999907e-01 -5.620323884166143216e+03
3.646000000000000352e-01 -5.622723238964030315e+03
3.647000000000000242e-01 -5.625133170263486136e+03
3.648000000000000131e-01 -5.627553226682054628e+03
3.649000000000000021e-01 -5.629983063663406938e+03
3.649999999999999911e-01 -5.632422536513566229e+03
3.651000000000000356e-01 -5.634871651008047593e+03
3.652000000000000246e-01 -5.637330321547862695e+03
3.653000000000000136e-01 -5.639795658300810828e+03
3.654000000000000026e-01 -5.642274776102744909e+03
3.654999999999999916e-01 -5.644774354324821616e+03
3.656000000000000361e-01 -5.647294778800854147e+03
3.657000000000000250e-01 -5.649834727600085898e+03
3.658000000000000140e-01 -5.652393016399724729e+03
3.659000000000000030e-01 -5.654969138037924495e+03
3.659999999999999920e-01 -5.657563369768512530e+03
3.661000000000000365e-01 -5.660177499033273307e+03
3.662000000000000255e-01 -5.662819137530721491e+03
3.663000000000000145e-01 -5.665494846261291059e+03
3.664000000000000035e-01 -5.668205230837703311e+03
3.664999999999999925e-01 -5.670944693399254902e+03
3.666000000000000369e-01 -5.673730179138850872e+03
3.667000000000000259e-01 -5.676566787472070246e+03
3.668000000000000149e-01 -5.679459797891930975e+03
3.669000000000000039e-01 -5.682412385283535514e+03
3.669999999999999929e-01 -5.685428595462384692e+03
3.671000000000000374e-01 -5.688519969420603047e+03
3.672000000000000264e-01 -5.691698216779761424e+03
3.673000000000000154e-01 -5.694971047383117366e+03
3.674000000000000044e-01 -5.698344408442255371e+03
3.674999999999999933e-01 -5.701811088920518159e+03
3.676000000000000378e-01 -5.705384050471565388e+03
3.677000000000000268e-01 -5.709072565960766042e+03
3.678000000000000158e-01 -5.712869833191795806e+03
3.679000000000000048e-01 -5.716834428933763775e+03
3.679999999999999938e-01 -5.721007296640418645e+03
3.681000000000000383e-01 -5.725396983057359648e+03
3.682000000000000273e-01 -5.730054037463939494e+03
3.683000000000000163e-01 -5.734962579068156629e+03
3.684000000000000052e-01 -5.740042559757007439e+03
3.684999999999999942e-01 -5.745130399314603892e+03
3.686000000000000387e-01 -5.749348791628609433e+03
3.687000000000000277e-01 -5.752296659264907248e+03
3.688000000000000167e-01 -5.754721994143791562e+03
3.689000000000000057e-01 -5.756909520117978900e+03
3.689999999999999947e-01 -5.758896888920470701e+03
3.691000000000000392e-01 -5.760758382542366235e+03
3.692000000000000282e-01 -5.762573970755882328e+03
3.693000000000000171e-01 -5.764403791788721719e+03
3.694000000000000061e-01 -5.766287928075296804e+03
3.694999999999999951e-01 -5.768250617802000306e+03
3.696000000000000396e-01 -5.770305920558964317e+03
3.697000000000000286e-01 -5.772457252768580474e+03
3.698000000000000176e-01 -5.774690080196723102e+03
3.699000000000000066e-01 -5.776981184642402695e+03
3.699999999999999956e-01 -5.779303802582721801e+03
3.701000000000000401e-01 -5.781628594949233957e+03
3.702000000000000290e-01 -5.783941057094723874e+03
3.703000000000000180e-01 -5.786237441560887419e+03
3.704000000000000070e-01 -5.788519728139613107e+03
3.704999999999999960e-01 -5.790791678772495288e+03
3.706000000000000405e-01 -5.793052368135670804e+03
3.707000000000000295e-01 -5.795301224383503722e+03
3.708000000000000185e-01 -5.797539811185204599e+03
3.709000000000000075e-01 -5.799771707942222747e+03
3.709999999999999964e-01 -5.802001820141676944e+03
3.711000000000000409e-01 -5.804233121634379131e+03
3.712000000000000299e-01 -5.806466445544143426e+03
3.713000000000000189e-01 -5.808701707543247721e+03
3.714000000000000079e-01 -5.810938539219597260e+03
3.714999999999999969e-01 -5.813176635842526593e+03
3.716000000000000414e-01 -5.815415702708332901e+03
3.717000000000000304e-01 -5.817655365014701601e+03
3.718000000000000194e-01 -5.819895437689364371e+03
3.719000000000000083e-01 -5.822135809513598360e+03
3.719999999999999973e-01 -5.824376354319088023e+03
3.721000000000000418e-01 -5.826617007791787728e+03
3.722000000000000308e-01 -5.828858014893965446e+03
3.723000000000000198e-01 -5.831100514642924281e+03
3.724000000000000088e-01 -5.833344862563460083e+03
3.724999999999999978e-01 -5.835589831047343978e+03
3.726000000000000423e-01 -5.837833579163509057e+03
3.727000000000000313e-01 -5.840074625070762522e+03
3.728000000000000203e-01 -5.842312571237504926e+03
3.729000000000000092e-01 -5.844547878265495456e+03
3.729999999999999982e-01 -5.846780360361376552e+03
3.731000000000000427e-01 -5.849010366943119152e+03
3.732000000000000317e-01 -5.851238518564770857e+03
3.733000000000000207e-01 -5.853465451283102084e+03
3.734000000000000097e-01 -5.855691771310101103e+03
3.734999999999999987e-01 -5.857917923205750412e+03
3.736000000000000432e-01 -5.860144080788819338e+03
3.737000000000000322e-01 -5.862369209609608333e+03
3.738000000000000211e-01 -5.864594183644534496e+03
3.739000000000000101e-01 -5.866820034737152127e+03
3.739999999999999991e-01 -5.869046820937251141e+03
3.741000000000000436e-01 -5.871272838685034003e+03
3.742000000000000326e-01 -5.873497979106628918e+03
3.743000000000000216e-01 -5.875722987140282385e+03
3.744000000000000106e-01 -5.877948161356054698e+03
3.744999999999999996e-01 -5.880173769922525025e+03
3.746000000000000441e-01 -5.882400020687317010e+03
3.747000000000000330e-01 -5.884626989325211980e+03
3.748000000000000220e-01 -5.886854604596984245e+03
3.749000000000000110e-01 -5.889082684730590699e+03
3.750000000000000000e-01 -5.891310997890211183e+03
3.751000000000000445e-01 -5.893539321713652498e+03
3.752000000000000335e-01 -5.895767485632920398e+03
3.753000000000000225e-01 -5.897995390189887075e+03
3.754000000000000115e-01 -5.900223023850923710e+03
3.755000000000000004e-01 -5.902450427723791108e+03
3.756000000000000449e-01 -5.904677648761715318e+03
3.757000000000000339e-01 -5.906904743432583018e+03
3.758000000000000229e-01 -5.909131767157223294e+03
3.759000000000000119e-01 -5.911358764443213659e+03
3.760000000000000009e-01 -5.913585466950343289e+03
3.761000000000000454e-01 -5.915810498857394123e+03
3.762000000000000344e-01 -5.918032422618914097e+03
3.763000000000000234e-01 -5.920251462461403207e+03
3.764000000000000123e-01 -5.922468454195728555e+03
3.765000000000000013e-01 -5.924684114212273926e+03
3.765999999999999903e-01 -5.926898957635215083e+03
3.767000000000000348e-01 -5.929113357741695836e+03
3.768000000000000238e-01 -5.931327627275873965e+03
3.769000000000000128e-01 -5.933543285091644066e+03
3.770000000000000018e-01 -5.935760409304883979e+03
3.770999999999999908e-01 -5.937978145265437888e+03
3.772000000000000353e-01 -5.940196265012442382e+03
3.773000000000000242e-01 -5.942414730159455758e+03
3.774000000000000132e-01 -5.944633557268187360e+03
3.775000000000000022e-01 -5.946852737257063382e+03
3.775999999999999912e-01 -5.949072603189166330e+03
3.777000000000000357e-01 -5.951291911307172995e+03
3.778000000000000247e-01 -5.953565509569772075e+03
3.779000000000000137e-01 -5.955919075482956941e+03
3.780000000000000027e-01 -5.958237845801361800e+03
3.780999999999999917e-01 -5.960581069179549559e+03
3.782000000000000361e-01 -5.962896781116171951e+03
3.783000000000000251e-01 -5.965150916215605321e+03
3.784000000000000141e-01 -5.967406944791805472e+03
3.785000000000000031e-01 -5.969652330858722053e+03
3.785999999999999921e-01 -5.971850741152630690e+03
3.787000000000000366e-01 -5.973958562703573989e+03
3.788000000000000256e-01 -5.976081363424096708e+03
3.789000000000000146e-01 -5.978217253459777567e+03
3.790000000000000036e-01 -5.980362505626165330e+03
3.790999999999999925e-01 -5.982514973810446463e+03
3.792000000000000370e-01 -5.984672146997488198e+03
3.793000000000000260e-01 -5.986832114135430857e+03
3.794000000000000150e-01 -5.988994999934654516e+03
3.795000000000000040e-01 -5.991161501155745100e+03
3.795999999999999930e-01 -5.993332141832394882e+03
3.797000000000000375e-01 -5.995507408225658764e+03
3.798000000000000265e-01 -5.997687393445989073e+03
3.799000000000000155e-01 -5.999871848154081817e+03
3.800000000000000044e-01 -6.002060522400321133e+03
3.800999999999999934e-01 -6.004240597560158676e+03
3.802000000000000379e-01 -6.006385564532751232e+03
3.803000000000000269e-01 -6.008498299387119914e+03
3.804000000000000159e-01 -6.010586772536048557e+03
3.805000000000000049e-01 -6.012657245922127004e+03
3.805999999999999939e-01 -6.014714590502134342e+03
3.807000000000000384e-01 -6.016762605588941369e+03
3.808000000000000274e-01 -6.018804579287191700e+03
3.809000000000000163e-01 -6.020843182862150570e+03
3.810000000000000053e-01 -6.022879644511731385e+03
3.810999999999999943e-01 -6.024914601425247383e+03
3.812000000000000388e-01 -6.026948304044192810e+03
3.813000000000000278e-01 -6.028980850430941246e+03
3.814000000000000168e-01 -6.031012259806637303e+03
3.815000000000000058e-01 -6.033043426578985418e+03
3.815999999999999948e-01 -6.035073340789903341e+03
3.817000000000000393e-01 -6.037100418911921224e+03
3.818000000000000282e-01 -6.039125703479058757e+03
3.819000000000000172e-01 -6.041149687372186236e+03
3.820000000000000062e-01 -6.043172687980509181e+03
3.820999999999999952e-01 -6.045194891753427328e+03
3.822000000000000397e-01 -6.047216395077719426e+03
3.823000000000000287e-01 -6.049237238828312911e+03
3.824000000000000177e-01 -6.051257434072728756e+03
3.825000000000000067e-01 -6.053276978248572050e+03
3.825999999999999956e-01 -6.055295860750754400e+03
3.827000000000000401e-01 -6.057314059574247040e+03
3.828000000000000291e-01 -6.059331543908907406e+03
3.829000000000000181e-01 -6.061348252977710217e+03
3.830000000000000071e-01 -6.063364044257384194e+03
3.830999999999999961e-01 -6.065378499220620142e+03
3.832000000000000406e-01 -6.067389540854293955e+03
3.833000000000000296e-01 -6.069395429334794244e+03
3.834000000000000186e-01 -6.071396369741844865e+03
3.835000000000000075e-01 -6.073393205746951935e+03
3.835999999999999965e-01 -6.075386660098211905e+03
3.837000000000000410e-01 -6.077377231979221506e+03
3.838000000000000300e-01 -6.079365405442947122e+03
3.839000000000000190e-01 -6.081351681325231766e+03
3.840000000000000080e-01 -6.083336490621049052e+03
3.840999999999999970e-01 -6.085320144544805771e+03
3.842000000000000415e-01 -6.087302811317122178e+03
3.843000000000000305e-01 -6.089284337005274210e+03
3.844000000000000195e-01 -6.091264443862080952e+03
3.845000000000000084e-01 -6.093243060041314493e+03
3.845999999999999974e-01 -6.095220279760151243e+03
3.847000000000000419e-01 -6.097196323013354231e+03
3.848000000000000309e-01 -6.099171456884860163e+03
3.849000000000000199e-01 -6.101145916351531014e+03
3.850000000000000089e-01 -6.103119866868371901e+03
3.850999999999999979e-01 -6.105093454263144849e+03
3.852000000000000424e-01 -6.107066593150820154e+03
3.853000000000000314e-01 -6.109039105168347305e+03
3.854000000000000203e-01 -6.111010871098786083e+03
3.855000000000000093e-01 -6.112981827576487376e+03
3.855999999999999983e-01 -6.114951978459575002e+03
3.857000000000000428e-01 -6.116921508477822499e+03
3.858000000000000318e-01 -6.118890438864059433e+03
3.859000000000000208e-01 -6.120858705004655349e+03
3.860000000000000098e-01 -6.122826353093292710e+03
3.860999999999999988e-01 -6.124793557641236475e+03
3.862000000000000433e-01 -6.126760700387496399e+03
3.863000000000000322e-01 -6.128727953572582919e+03
3.864000000000000212e-01 -6.130695212074717347e+03
3.865000000000000102e-01 -6.132662391612760985e+03
3.865999999999999992e-01 -6.134698824519508889e+03
3.867000000000000437e-01 -6.136915883361063607e+03
3.868000000000000327e-01 -6.139154544849498052e+03
3.869000000000000217e-01 -6.141380417593124548e+03
3.870000000000000107e-01 -6.143730953825114739e+03
3.870999999999999996e-01 -6.146064553261835499e+03
3.872000000000000441e-01 -6.148304270198567792e+03
3.873000000000000331e-01 -6.150462951077671278e+03
3.874000000000000221e-01 -6.152576791842814600e+03
3.875000000000000111e-01 -6.154663855123156281e+03
3.876000000000000001e-01 -6.156737454271393290e+03
3.877000000000000446e-01 -6.158804666956584697e+03
3.878000000000000336e-01 -6.160869864060447071e+03
3.879000000000000226e-01 -6.162933667510735177e+03
3.880000000000000115e-01 -6.164994680305843758e+03
3.881000000000000005e-01 -6.167051316179179594e+03
3.882000000000000450e-01 -6.169102457847485312e+03
3.883000000000000340e-01 -6.171147482302236313e+03
3.884000000000000230e-01 -6.173185911949030924e+03
3.885000000000000120e-01 -6.175216381392574476e+03
3.886000000000000010e-01 -6.177238541547192654e+03
3.887000000000000455e-01 -6.179252872724208828e+03
3.888000000000000345e-01 -6.181258193125024263e+03
3.889000000000000234e-01 -6.183253821995710496e+03
3.890000000000000124e-01 -6.185239464932679766e+03
3.891000000000000014e-01 -6.187219291257270015e+03
3.892000000000000459e-01 -6.189195174663480429e+03
3.893000000000000349e-01 -6.191166232746272726e+03
3.894000000000000239e-01 -6.193131187634388880e+03
3.895000000000000129e-01 -6.195090519028999552e+03
3.896000000000000019e-01 -6.197044920047738742e+03
3.897000000000000464e-01 -6.198994838087636708e+03
3.898000000000000353e-01 -6.200940378119804336e+03
3.899000000000000243e-01 -6.202880857283671503e+03
3.900000000000000133e-01 -6.204814362373591393e+03
3.901000000000000023e-01 -6.206734699733962771e+03
3.901999999999999913e-01 -6.208638846536064193e+03
3.903000000000000358e-01 -6.210528439633859307e+03
3.904000000000000248e-01 -6.212406735024202135e+03
3.905000000000000138e-01 -6.214276764008614009e+03
3.906000000000000028e-01 -6.216140111543009880e+03
3.906999999999999917e-01 -6.217993959207950866e+03
3.908000000000000362e-01 -6.219834388425651014e+03
3.909000000000000252e-01 -6.221660702486451555e+03
3.910000000000000142e-01 -6.223474121863296205e+03
3.911000000000000032e-01 -6.225275627424843151e+03
3.911999999999999922e-01 -6.227063143305613266e+03
3.913000000000000367e-01 -6.228835354785655909e+03
3.914000000000000257e-01 -6.230592456510806187e+03
3.915000000000000147e-01 -6.232335265080494537e+03
3.916000000000000036e-01 -6.234065075924222583e+03
3.916999999999999926e-01 -6.235780098133101092e+03
3.918000000000000371e-01 -6.237470811568554382e+03
3.919000000000000261e-01 -6.239118711391911347e+03
3.920000000000000151e-01 -6.240697877226617493e+03
3.921000000000000041e-01 -6.242172343838259621e+03
3.921999999999999931e-01 -6.243542917838003632e+03
3.923000000000000376e-01 -6.244866627296903971e+03
3.924000000000000266e-01 -6.246368078230612809e+03
3.925000000000000155e-01 -6.247961053351941700e+03
3.926000000000000045e-01 -6.249451847462088153e+03
3.926999999999999935e-01 -6.250706777361896457e+03
3.928000000000000380e-01 -6.251636787417874075e+03
3.929000000000000270e-01 -6.252196173839703988e+03
3.930000000000000160e-01 -6.252404232081585178e+03
3.931000000000000050e-01 -6.252581546809821702e+03
3.931999999999999940e-01 -6.253020061689312570e+03
3.933000000000000385e-01 -6.253349665594438193e+03
3.934000000000000274e-01 -6.253325374148445917e+03
3.935000000000000164e-01 -6.252908061022370021e+03
3.936000000000000054e-01 -6.252174605200315455e+03
3.936999999999999944e-01 -6.251212644982396341e+03
3.938000000000000389e-01 -6.250061084244607628e+03
3.939000000000000279e-01 -6.248756504274114377e+03
3.940000000000000169e-01 -6.247423242831421703e+03
3.941000000000000059e-01 -6.246116858437222618e+03
3.941999999999999948e-01 -6.244885092622876073e+03
3.943000000000000393e-01 -6.243803599748462148e+03
3.944000000000000283e-01 -6.243091948170183059e+03
3.945000000000000173e-01 -6.243035244819805484e+03
3.946000000000000063e-01 -6.243769325346473124e+03
3.946999999999999953e-01 -6.245069957985403562e+03
3.948000000000000398e-01 -6.246772734607498933e+03
3.949000000000000288e-01 -6.248743861574310358e+03
3.950000000000000178e-01 -6.250903664813024989e+03
3.951000000000000068e-01 -6.253202039228600370e+03
3.951999999999999957e-01 -6.255567354659176090e+03
3.953000000000000402e-01 -6.257933377741074764e+03
3.954000000000000292e-01 -6.260164599002791874e+03
3.955000000000000182e-01 -6.262291027085697351e+03
3.956000000000000072e-01 -6.264317432545572046e+03
3.956999999999999962e-01 -6.266219400545847748e+03
3.958000000000000407e-01 -6.268008294383193061e+03
3.959000000000000297e-01 -6.269715016503786501e+03
3.960000000000000187e-01 -6.271390799241189598e+03
3.961000000000000076e-01 -6.273065873945388375e+03
3.961999999999999966e-01 -6.274756631667534748e+03
3.963000000000000411e-01 -6.276467399857137934e+03
3.964000000000000301e-01 -6.278194809320600143e+03
3.965000000000000191e-01 -6.279950395718656182e+03
3.966000000000000081e-01 -6.281752632346772771e+03
3.966999999999999971e-01 -6.283668675307008016e+03
3.968000000000000416e-01 -6.285824175195014504e+03
3.969000000000000306e-01 -6.288056642587132956e+03
3.970000000000000195e-01 -6.290275945821890673e+03
3.971000000000000085e-01 -6.292443765127628467e+03
3.971999999999999975e-01 -6.294542968213740096e+03
3.973000000000000420e-01 -6.296584499910184604e+03
3.974000000000000310e-01 -6.298584604233490609e+03
3.975000000000000200e-01 -6.300557768281282733e+03
3.976000000000000090e-01 -6.302519566515003135e+03
3.976999999999999980e-01 -6.304485752508973746e+03
3.978000000000000425e-01 -6.306459631376237667e+03
3.979000000000000314e-01 -6.308439632561941835e+03
3.980000000000000204e-01 -6.310452432721211153e+03
3.981000000000000094e-01 -6.312503865258910992e+03
3.981999999999999984e-01 -6.314581650452129907e+03
3.983000000000000429e-01 -6.316674139977461891e+03
3.984000000000000319e-01 -6.318775383795888956e+03
3.985000000000000209e-01 -6.320878016782225131e+03
3.986000000000000099e-01 -6.322977996932257156e+03
3.986999999999999988e-01 -6.325076219547167057e+03
3.988000000000000433e-01 -6.327172505671252111e+03
3.989000000000000323e-01 -6.329263499317119567e+03
3.990000000000000213e-01 -6.331346907693568028e+03
3.991000000000000103e-01 -6.333432440815711743e+03
3.991999999999999993e-01 -6.335510967311913191e+03
3.993000000000000438e-01 -6.337581340930774786e+03
3.994000000000000328e-01 -6.339650808931688516e+03
3.995000000000000218e-01 -6.341725149366830010e+03
3.996000000000000107e-01 -6.343804551538417400e+03
3.996999999999999997e-01 -6.345886427686741627e+03
3.998000000000000442e-01 -6.347969567779337922e+03
3.999000000000000332e-01 -6.350053642681300516e+03
4.000000000000000222e-01 -6.352139600166971832e+03
4.001000000000000112e-01 -6.355984005891114066e+03
4.002000000000000002e-01 -6.361077036086021508e+03
4.003000000000000447e-01 -6.366637145678662819e+03
4.004000000000000337e-01 -6.372500337058630066e+03
4.005000000000000226e-01 -6.379012598050311681e+03
4.006000000000000116e-01 -6.386341447447002793e+03
4.007000000000000006e-01 -6.394376744876060002e+03
4.008000000000000451e-01 -6.402876429634716260e+03
4.009000000000000341e-01 -6.411749600348514832e+03
4.010000000000000231e-01 -6.420155585976094699e+03
4.011000000000000121e-01 -6.427565815617044791e+03
4.012000000000000011e-01 -6.433546717163160793e+03
4.013000000000000456e-01 -6.438365104753032028e+03
4.014000000000000346e-01 -6.442073081891240690e+03
4.015000000000000235e-01 -6.444938163779553179e+03
4.016000000000000125e-01 -6.447256307792699772e+03
4.017000000000000015e-01 -6.449196709839981850e+03
4.018000000000000460e-01 -6.450852374228061308e+03
4.019000000000000350e-01 -6.452313813079588726e+03
4.020000000000000240e-01 -6.453787030570394563e+03
4.021000000000000130e-01 -6.455141412861580648e+03
4.022000000000000020e-01 -6.456377225172676845e+03
4.023000000000000465e-01 -6.457542525494558504e+03
4.024000000000000354e-01 -6.458860320980756114e+03
4.025000000000000244e-01 -6.461451278513685793e+03
4.026000000000000134e-01 -6.464739562753456994e+03
4.027000000000000024e-01 -6.467720109461451102e+03
4.028000000000000469e-01 -6.470013775957100734e+03
4.029000000000000359e-01 -6.471770345035391074e+03
4.030000000000000249e-01 -6.473138657762435287e+03
4.031000000000000139e-01 -6.474206233488857833e+03
4.032000000000000028e-01 -6.475006373954671290e+03
4.032999999999999918e-01 -6.475545492822347114e+03
4.034000000000000363e-01 -6.475835182975381031e+03
4.035000000000000253e-01 -6.475891810509744573e+03
4.036000000000000143e-01 -6.475719188229827523e+03
4.037000000000000033e-01 -6.475298802405637616e+03
4.037999999999999923e-01 -6.474648854598417529e+03
4.039000000000000368e-01 -6.473832330578832625e+03
4.040000000000000258e-01 -6.472881839289033451e+03
4.041000000000000147e-01 -6.471761201249659280e+03
4.042000000000000037e-01 -6.470624928096141957e+03
4.042999999999999927e-01 -6.469553494251656048e+03
4.044000000000000372e-01 -6.468549014949735465e+03
4.045000000000000262e-01 -6.467612137235405498e+03
4.046000000000000152e-01 -6.466915105993969519e+03
4.047000000000000042e-01 -6.466566734965266733e+03
4.047999999999999932e-01 -6.466784571295020214e+03
4.049000000000000377e-01 -6.467708676920078688e+03
4.050000000000000266e-01 -6.469167833122500269e+03
4.051000000000000156e-01 -6.470944916592568916e+03
4.052000000000000046e-01 -6.472885158804730054e+03
4.052999999999999936e-01 -6.474893867114075874e+03
4.054000000000000381e-01 -6.476943929311919419e+03
4.055000000000000271e-01 -6.479018459068825905e+03
4.056000000000000161e-01 -6.481091593070853378e+03
4.057000000000000051e-01 -6.483135426773098516e+03
4.057999999999999940e-01 -6.485134649535354583e+03
4.059000000000000385e-01 -6.487149010142274165e+03
4.060000000000000275e-01 -6.489133899896188268e+03
4.061000000000000165e-01 -6.491099705361993983e+03
4.062000000000000055e-01 -6.493037506431659494e+03
4.062999999999999945e-01 -6.494988897776006525e+03
4.064000000000000390e-01 -6.497041898078393388e+03
4.065000000000000280e-01 -6.499220119457238070e+03
4.066000000000000170e-01 -6.501469063079902298e+03
4.067000000000000060e-01 -6.503737585783218492e+03
4.067999999999999949e-01 -6.505980354163978518e+03
4.069000000000000394e-01 -6.508185786838949753e+03
4.070000000000000284e-01 -6.510355660905196601e+03
4.071000000000000174e-01 -6.512492460775619293e+03
4.072000000000000064e-01 -6.514600178572620280e+03
4.072999999999999954e-01 -6.516682725355737603e+03
4.074000000000000399e-01 -6.518746293074549612e+03
4.075000000000000289e-01 -6.520790160127664421e+03
4.076000000000000179e-01 -6.522817215675714579e+03
4.077000000000000068e-01 -6.524830814779314096e+03
4.077999999999999958e-01 -6.526834066911753325e+03
4.079000000000000403e-01 -6.528829841514234431e+03
4.080000000000000293e-01 -6.530821414719546738e+03
4.081000000000000183e-01 -6.532808287109507546e+03
4.082000000000000073e-01 -6.534798086182457155e+03
4.082999999999999963e-01 -6.536786156419597319e+03
4.084000000000000408e-01 -6.538764856375483760e+03
4.085000000000000298e-01 -6.540741162511820221e+03
4.086000000000000187e-01 -6.542726401300493308e+03
4.087000000000000077e-01 -6.544733650685327120e+03
4.087999999999999967e-01 -6.546746820361774553e+03
4.089000000000000412e-01 -6.548778249407027943e+03
4.090000000000000302e-01 -6.550816257254848097e+03
4.091000000000000192e-01 -6.552854085734034925e+03
4.092000000000000082e-01 -6.554897706814213052e+03
4.092999999999999972e-01 -6.556956424726598925e+03
4.094000000000000417e-01 -6.559024379025432609e+03
4.095000000000000306e-01 -6.561096977424180295e+03
4.096000000000000196e-01 -6.563175988344009966e+03
4.097000000000000086e-01 -6.565254784240340996e+03
4.097999999999999976e-01 -6.567332128807363915e+03
4.099000000000000421e-01 -6.569408854511666505e+03
4.100000000000000311e-01 -6.571484902461386810e+03
4.101000000000000201e-01 -6.573573987014405247e+03
4.102000000000000091e-01 -6.575710631289723096e+03
4.102999999999999980e-01 -6.577895435757426640e+03
4.104000000000000425e-01 -6.580120272938229391e+03
4.105000000000000315e-01 -6.582372685209948941e+03
4.106000000000000205e-01 -6.584641881976701370e+03
4.107000000000000095e-01 -6.586929702954719687e+03
4.107999999999999985e-01 -6.589230414581401419e+03
4.109000000000000430e-01 -6.591542733323227367e+03
4.110000000000000320e-01 -6.593860037224262669e+03
4.111000000000000210e-01 -6.596182183824962522e+03
4.112000000000000099e-01 -6.598508881753135029e+03
4.112999999999999989e-01 -6.600838598536096470e+03
4.114000000000000434e-01 -6.603170581633555230e+03
4.115000000000000324e-01 -6.605505240607279120e+03
4.116000000000000214e-01 -6.607846806391252358e+03
4.117000000000000104e-01 -6.610193047013764044e+03
4.117999999999999994e-01 -6.612545233150312015e+03
4.119000000000000439e-01 -6.614903632881833801e+03
4.120000000000000329e-01 -6.617267528246805341e+03
4.121000000000000218e-01 -6.619636047642138692e+03
4.122000000000000108e-01 -6.622008940429805079e+03
4.122999999999999998e-01 -6.624386476291323561e+03
4.124000000000000443e-01 -6.626767285245980020e+03
4.125000000000000333e-01 -6.629149735982574384e+03
4.126000000000000223e-01 -6.631527011090717679e+03
4.127000000000000113e-01 -6.633904435359507261e+03
4.128000000000000003e-01 -6.636293612322290755e+03
4.129000000000000448e-01 -6.638686576880749271e+03
4.130000000000000338e-01 -6.641080354700017779e+03
4.131000000000000227e-01 -6.643474440948978554e+03
4.132000000000000117e-01 -6.645869599298161120e+03
4.133000000000000007e-01 -6.648266682403363120e+03
4.134000000000000452e-01 -6.650666469257286735e+03
4.135000000000000342e-01 -6.653069329388394181e+03
4.136000000000000232e-01 -6.655475109631646774e+03
4.137000000000000122e-01 -6.657883500123673912e+03
4.138000000000000012e-01 -6.660294724782086632e+03
4.139000000000000457e-01 -6.662709075335900707e+03
4.140000000000000346e-01 -6.665127304403505150e+03
4.141000000000000236e-01 -6.667549822570833385e+03
4.142000000000000126e-01 -6.669975946472512987e+03
4.143000000000000016e-01 -6.672404759302573439e+03
4.144000000000000461e-01 -6.674837160765482622e+03
4.145000000000000351e-01 -6.677273128878961870e+03
4.146000000000000241e-01 -6.679712101289017482e+03
4.147000000000000131e-01 -6.682153827869967245e+03
4.148000000000000020e-01 -6.684597446707854942e+03
4.149000000000000465e-01 -6.687044197149661159e+03
4.150000000000000355e-01 -6.689495350058236909e+03
4.151000000000000245e-01 -6.691950814077286850e+03
4.152000000000000135e-01 -6.694414015879804538e+03
4.153000000000000025e-01 -6.696886651648629595e+03
4.154000000000000470e-01 -6.699371997727968846e+03
4.155000000000000360e-01 -6.701871158442885644e+03
4.156000000000000250e-01 -6.704381176737103488e+03
4.157000000000000139e-01 -6.706899877826454940e+03
4.158000000000000029e-01 -6.709425933504167915e+03
4.159000000000000474e-01 -6.711956024689263359e+03
4.160000000000000364e-01 -6.714485679776264078e+03
4.161000000000000254e-01 -6.717015791929891748e+03
4.162000000000000144e-01 -6.719550034629610309e+03
4.163000000000000034e-01 -6.722095238033144597e+03
4.163999999999999924e-01 -6.724660842742930981e+03
4.165000000000000369e-01 -6.727252371734485678e+03
4.166000000000000258e-01 -6.729876453481183489e+03
4.167000000000000148e-01 -6.732540041276512056e+03
4.168000000000000038e-01 -6.735239267187453152e+03
4.168999999999999928e-01 -6.737986212976621573e+03
4.170000000000000373e-01 -6.740795357994359620e+03
4.171000000000000263e-01 -6.743669096994418396e+03
4.172000000000000153e-01 -6.746610897341509371e+03
4.173000000000000043e-01 -6.749612262449181799e+03
4.173999999999999932e-01 -6.752696612959251979e+03
4.175000000000000377e-01 -6.755876274811063922e+03
4.176000000000000267e-01 -6.759178161662629464e+03
4.177000000000000157e-01 -6.762612510992379612e+03
4.178000000000000047e-01 -6.766167855748383772e+03
4.178999999999999937e-01 -6.769799237555770560e+03
4.180000000000000382e-01 -6.773527603627399913e+03
4.181000000000000272e-01 -6.777363371005166300e+03
4.182000000000000162e-01 -6.781341300556982787e+03
4.183000000000000052e-01 -6.785489711297063877e+03
4.183999999999999941e-01 -6.789837947874712881e+03
4.185000000000000386e-01 -6.794458785793392963e+03
4.186000000000000276e-01 -6.799383190396853024e+03
4.187000000000000166e-01 -6.804610755701563903e+03
4.188000000000000056e-01 -6.809926732260555582e+03
4.188999999999999946e-01 -6.814285545607653148e+03
4.190000000000000391e-01 -6.817174526349613188e+03
4.191000000000000281e-01 -6.819454858911026349e+03
4.192000000000000171e-01 -6.821655759176726860e+03
4.193000000000000060e-01 -6.823734684134673444e+03
4.193999999999999950e-01 -6.825676966426657600e+03
4.195000000000000395e-01 -6.827563362230934217e+03
4.196000000000000285e-01 -6.829457572740118849e+03
4.197000000000000175e-01 -6.831396700158160456e+03
4.198000000000000065e-01 -6.833413787823802522e+03
4.198999999999999955e-01 -6.835530107259447504e+03
4.200000000000000400e-01 -6.837749869082481382e+03
4.201000000000000290e-01 -6.840052887959081090e+03
4.202000000000000179e-01 -6.842406036170995321e+03
4.203000000000000069e-01 -6.844778659972907008e+03
4.203999999999999959e-01 -6.847154841098336874e+03
4.205000000000000404e-01 -6.849523096853024981e+03
4.206000000000000294e-01 -6.851873264498827666e+03
4.207000000000000184e-01 -6.854200445614289492e+03
4.208000000000000074e-01 -6.856505862795144822e+03
4.208999999999999964e-01 -6.858795984309540472e+03
4.210000000000000409e-01 -6.861080398086120113e+03
4.211000000000000298e-01 -6.863355710501981775e+03
4.212000000000000188e-01 -6.865637022909042571e+03
4.213000000000000078e-01 -6.867921425465024186e+03
4.213999999999999968e-01 -6.870212184956809324e+03
4.215000000000000413e-01 -6.872513072388534965e+03
4.216000000000000303e-01 -6.874824760765827705e+03
4.217000000000000193e-01 -6.877145889915249427e+03
4.218000000000000083e-01 -6.879472306054936780e+03
4.218999999999999972e-01 -6.881797135229555352e+03
4.220000000000000417e-01 -6.884116529753192481e+03
4.221000000000000307e-01 -6.886457558620003510e+03
4.222000000000000197e-01 -6.888932275622086308e+03
4.223000000000000087e-01 -6.891635224792988083e+03
4.223999999999999977e-01 -6.894457708091556924e+03
4.225000000000000422e-01 -6.897215677165282614e+03
4.226000000000000312e-01 -6.899848499086551783e+03
4.227000000000000202e-01 -6.902370546731040122e+03
4.228000000000000091e-01 -6.904817058205146168e+03
4.228999999999999981e-01 -6.907232493626751420e+03
4.230000000000000426e-01 -6.909634530539743537e+03
4.231000000000000316e-01 -6.912010092760164298e+03
4.232000000000000206e-01 -6.914353145747327289e+03
4.233000000000000096e-01 -6.916666442981490945e+03
4.233999999999999986e-01 -6.918957365516820573e+03
4.235000000000000431e-01 -6.921234377787667654e+03
4.236000000000000321e-01 -6.923505626121874229e+03
4.237000000000000210e-01 -6.925778693541524262e+03
4.238000000000000100e-01 -6.928057493904229887e+03
4.238999999999999990e-01 -6.930342937676574365e+03
4.240000000000000435e-01 -6.932634526253114927e+03
4.241000000000000325e-01 -6.934930958623304832e+03
4.242000000000000215e-01 -6.937230813489089996e+03
4.243000000000000105e-01 -6.939531963201301551e+03
4.243999999999999995e-01 -6.941832986681560214e+03
4.245000000000000440e-01 -6.944133626071147773e+03
4.246000000000000330e-01 -6.946433484854350354e+03
4.247000000000000219e-01 -6.948732008493114336e+03
4.248000000000000109e-01 -6.951029089716676935e+03
4.248999999999999999e-01 -6.953324727996261572e+03
4.250000000000000444e-01 -6.955618979990946173e+03
4.251000000000000334e-01 -6.957911974148451918e+03
4.252000000000000224e-01 -6.960203894034627410e+03
4.253000000000000114e-01 -6.962494955455863419e+03
4.254000000000000004e-01 -6.964785382750313147e+03
4.255000000000000449e-01 -6.967075386819712548e+03
4.256000000000000338e-01 -6.969365147234311735e+03
4.257000000000000228e-01 -6.971654800386244460e+03
4.258000000000000118e-01 -6.973944434745961189e+03
4.259000000000000008e-01 -6.976234093034530815e+03
4.260000000000000453e-01 -6.978523779980955624e+03
4.261000000000000343e-01 -6.980813473620341938e+03
4.262000000000000233e-01 -6.983102839605385270e+03
4.263000000000000123e-01 -6.985389770232366573e+03
4.264000000000000012e-01 -6.987672511773395854e+03
4.265000000000000457e-01 -6.989951200606066777e+03
4.266000000000000347e-01 -6.992225520328001039e+03
4.267000000000000237e-01 -6.994494829695438966e+03
4.268000000000000127e-01 -6.996760285973572536e+03
4.269000000000000017e-01 -6.999023342113565377e+03
4.270000000000000462e-01 -7.001284816939418306e+03
4.271000000000000352e-01 -7.003545187527257440e+03
4.272000000000000242e-01 -7.005804773615923295e+03
4.273000000000000131e-01 -7.008063809435040639e+03
4.274000000000000021e-01 -7.010322494566727983e+03
4.275000000000000466e-01 -7.012580981905165572e+03
4.276000000000000356e-01 -7.014839383715525400e+03
4.277000000000000246e-01 -7.017097767633775220e+03
4.278000000000000136e-01 -7.019356161673339557e+03
4.279000000000000026e-01 -7.021614575634560424e+03
4.280000000000000471e-01 -7.023872987874592582e+03
4.281000000000000361e-01 -7.026131352081802106e+03
4.282000000000000250e-01 -7.028389608741835218e+03
4.283000000000000140e-01 -7.030647694424153087e+03
4.284000000000000030e-01 -7.032905549329261703e+03
4.285000000000000475e-01 -7.035163123150365209e+03
4.286000000000000365e-01 -7.037420378998239357e+03
4.287000000000000255e-01 -7.039677295277326266e+03
4.288000000000000145e-01 -7.041933865483003501e+03
4.289000000000000035e-01 -7.044189988012657523e+03
4.290000000000000480e-01 -7.046445482233977600e+03
4.291000000000000369e-01 -7.048700405895623589e+03
4.292000000000000259e-01 -7.050954707380356012e+03
4.293000000000000149e-01 -7.053208311291463360e+03
4.294000000000000039e-01 -7.055461379698992459e+03
4.294999999999999929e-01 -7.057714132712321771e+03
4.296000000000000374e-01 -7.059966767474214976e+03
4.297000000000000264e-01 -7.062219410558117488e+03
4.298000000000000154e-01 -7.064472224370278127e+03
4.299000000000000044e-01 -7.066725384066919105e+03
4.299999999999999933e-01 -7.068979002419425342e+03
4.301000000000000378e-01 -7.071220215708118303e+03
4.302000000000000268e-01 -7.073420998598732695e+03
4.303000000000000158e-01 -7.075582578898869542e+03
4.304000000000000048e-01 -7.077713427801006219e+03
4.304999999999999938e-01 -7.079821336093185892e+03
4.306000000000000383e-01 -7.081912256662050822e+03
4.307000000000000273e-01 -7.083991221138628134e+03
4.308000000000000163e-01 -7.086060440319410191e+03
4.309000000000000052e-01 -7.088121656264586818e+03
4.309999999999999942e-01 -7.090176987803607517e+03
4.311000000000000387e-01 -7.092229560469246280e+03
4.312000000000000277e-01 -7.094277522086214958e+03
4.313000000000000167e-01 -7.096320700095620850e+03
4.314000000000000057e-01 -7.098361143236261341e+03
4.314999999999999947e-01 -7.100400149613836220e+03
4.316000000000000392e-01 -7.102438248498165194e+03
4.317000000000000282e-01 -7.104474922457576213e+03
4.318000000000000171e-01 -7.106510165036457693e+03
4.319000000000000061e-01 -7.108544664448510048e+03
4.319999999999999951e-01 -7.110578679106812160e+03
4.321000000000000396e-01 -7.112612498641266939e+03
4.322000000000000286e-01 -7.114646144793031453e+03
4.323000000000000176e-01 -7.116680348316355776e+03
4.324000000000000066e-01 -7.118715396084488930e+03
4.324999999999999956e-01 -7.120752284899978804e+03
4.326000000000000401e-01 -7.122790361246269640e+03
4.327000000000000290e-01 -7.124828614547996040e+03
4.328000000000000180e-01 -7.126867381240947907e+03
4.329000000000000070e-01 -7.128906565914085149e+03
4.329999999999999960e-01 -7.130946432610245211e+03
4.331000000000000405e-01 -7.132987775313079510e+03
4.332000000000000295e-01 -7.135026528792480349e+03
4.333000000000000185e-01 -7.137064135075013837e+03
4.334000000000000075e-01 -7.139100989120335726e+03
4.334999999999999964e-01 -7.141327138191934864e+03
4.336000000000000409e-01 -7.143925381990003189e+03
4.337000000000000299e-01 -7.146542213078625537e+03
4.338000000000000189e-01 -7.149037585554924590e+03
4.339000000000000079e-01 -7.151400856436565846e+03
4.339999999999999969e-01 -7.154055818365937739e+03
4.341000000000000414e-01 -7.157182543310549590e+03
4.342000000000000304e-01 -7.160118933471188939e+03
4.343000000000000194e-01 -7.162755434666295514e+03
4.344000000000000083e-01 -7.165196310799467938e+03
4.344999999999999973e-01 -7.167521011439449467e+03
4.346000000000000418e-01 -7.169770621557167942e+03
4.347000000000000308e-01 -7.171966621521429261e+03
4.348000000000000198e-01 -7.174122492955412781e+03
4.349000000000000088e-01 -7.176398781418482940e+03
4.349999999999999978e-01 -7.178804212722921875e+03
4.351000000000000423e-01 -7.181196131733003313e+03
4.352000000000000313e-01 -7.183694217131161167e+03
4.353000000000000203e-01 -7.186511627575472630e+03
4.354000000000000092e-01 -7.189287532826202550e+03
4.354999999999999982e-01 -7.191919410199537197e+03
4.356000000000000427e-01 -7.194409433857759723e+03
4.357000000000000317e-01 -7.196783138384897029e+03
4.358000000000000207e-01 -7.199067516451512347e+03
4.359000000000000097e-01 -7.201284654299684917e+03
4.359999999999999987e-01 -7.203450921793094494e+03
4.361000000000000432e-01 -7.205578422405264973e+03
4.362000000000000322e-01 -7.207675959889850674e+03
4.363000000000000211e-01 -7.209747822730130792e+03
4.364000000000000101e-01 -7.211797878673856758e+03
4.364999999999999991e-01 -7.213830337391403191e+03
4.366000000000000436e-01 -7.215849228224799845e+03
4.367000000000000326e-01 -7.217857644208082093e+03
4.368000000000000216e-01 -7.219857443019669518e+03
4.369000000000000106e-01 -7.221847987057075443e+03
4.369999999999999996e-01 -7.223828902716403718e+03
4.371000000000000441e-01 -7.225801036574033787e+03
4.372000000000000330e-01 -7.227766035012648899e+03
4.373000000000000220e-01 -7.229725082601928989e+03
4.374000000000000110e-01 -7.231678285781702471e+03
4.375000000000000000e-01 -7.233625567179491554e+03
4.376000000000000445e-01 -7.235566534174632579e+03
4.377000000000000335e-01 -7.237501571928105477e+03
4.378000000000000225e-01 -7.239431464587028131e+03
4.379000000000000115e-01 -7.241356861762116750e+03
4.380000000000000004e-01 -7.243278149451938589e+03
4.381000000000000449e-01 -7.245195391387611380e+03
4.382000000000000339e-01 -7.247108520997658161e+03
4.383000000000000229e-01 -7.249017309369725808e+03
4.384000000000000119e-01 -7.250922689093679764e+03
4.385000000000000009e-01 -7.252817727256418948e+03
4.386000000000000454e-01 -7.254699686451043817e+03
4.387000000000000344e-01 -7.256569851876467510e+03
4.388000000000000234e-01 -7.258430001941031151e+03
4.389000000000000123e-01 -7.260281368768831271e+03
4.390000000000000013e-01 -7.262124490629326829e+03
4.391000000000000458e-01 -7.263954937858692574e+03
4.392000000000000348e-01 -7.265785555695354560e+03
4.393000000000000238e-01 -7.267612526196678118e+03
4.394000000000000128e-01 -7.269437207457952354e+03
4.395000000000000018e-01 -7.271261519465942001e+03
4.396000000000000463e-01 -7.273077168090708255e+03
4.397000000000000353e-01 -7.274888157452513042e+03
4.398000000000000242e-01 -7.276707006141919919e+03
4.399000000000000132e-01 -7.278536273600326240e+03
4.400000000000000022e-01 -7.280351701791880259e+03
4.401000000000000467e-01 -7.282144751809946683e+03
4.402000000000000357e-01 -7.283969331863876505e+03
4.403000000000000247e-01 -7.285817249982459543e+03
4.404000000000000137e-01 -7.287629967285212842e+03
4.405000000000000027e-01 -7.289396632407430843e+03
4.406000000000000472e-01 -7.291162469678421076e+03
4.407000000000000361e-01 -7.292969671812554225e+03
4.408000000000000251e-01 -7.294886156534147631e+03
4.409000000000000141e-01 -7.296883805593066427e+03
4.410000000000000031e-01 -7.298890532268253082e+03
4.411000000000000476e-01 -7.300852192569933322e+03
4.412000000000000366e-01 -7.302758687398911206e+03
4.413000000000000256e-01 -7.304650758133271665e+03
4.414000000000000146e-01 -7.306568552163130335e+03
4.415000000000000036e-01 -7.308512307807903198e+03
4.416000000000000481e-01 -7.310463624350591999e+03
4.417000000000000370e-01 -7.312414213981891407e+03
4.418000000000000260e-01 -7.314379144287669988e+03
4.419000000000000150e-01 -7.316365065773389688e+03
4.420000000000000040e-01 -7.318354393806192093e+03
4.421000000000000485e-01 -7.320325708401337579e+03
4.422000000000000375e-01 -7.322270358316617603e+03
4.423000000000000265e-01 -7.324192119710003681e+03
4.424000000000000155e-01 -7.326094355718793850e+03
4.425000000000000044e-01 -7.327963417357173967e+03
4.426000000000000489e-01 -7.329779531545534155e+03
4.427000000000000379e-01 -7.331525272988901634e+03
4.428000000000000269e-01 -7.333183812285617933e+03
4.429000000000000159e-01 -7.334734421995105549e+03
4.430000000000000049e-01 -7.336151638742900104e+03
4.430999999999999939e-01 -7.337408173795583025e+03
4.432000000000000384e-01 -7.338478192721177948e+03
4.433000000000000274e-01 -7.339338415675424585e+03
4.434000000000000163e-01 -7.339968470507016718e+03
4.435000000000000053e-01 -7.340349760294790030e+03
4.435999999999999943e-01 -7.340477077806398484e+03
4.437000000000000388e-01 -7.340331450384775053e+03
4.438000000000000278e-01 -7.339908964510924307e+03
4.439000000000000168e-01 -7.339214263512812977e+03
4.440000000000000058e-01 -7.338238463910596693e+03
4.440999999999999948e-01 -7.336984472163606370e+03
4.442000000000000393e-01 -7.335459726614752981e+03
4.443000000000000282e-01 -7.333755149718848770e+03
4.444000000000000172e-01 -7.332084078303238130e+03
4.445000000000000062e-01 -7.330496671086333663e+03
4.445999999999999952e-01 -7.329107207019952511e+03
4.447000000000000397e-01 -7.328080833368267122e+03
4.448000000000000287e-01 -7.327426156571803403e+03
4.449000000000000177e-01 -7.327314633975807737e+03
4.450000000000000067e-01 -7.328103416737621956e+03
4.450999999999999956e-01 -7.329624578469712105e+03
4.452000000000000401e-01 -7.331519221371957428e+03
4.453000000000000291e-01 -7.333542636429868253e+03
4.454000000000000181e-01 -7.335611405195102634e+03
4.455000000000000071e-01 -7.337686306250082453e+03
4.455999999999999961e-01 -7.339767367357312651e+03
4.457000000000000406e-01 -7.341757114534996617e+03
4.458000000000000296e-01 -7.343746730645581920e+03
4.459000000000000186e-01 -7.345736195344635235e+03
4.460000000000000075e-01 -7.347779588014617730e+03
4.460999999999999965e-01 -7.349941667664706074e+03
4.462000000000000410e-01 -7.352210059092746633e+03
4.463000000000000300e-01 -7.354466957712470503e+03
4.464000000000000190e-01 -7.356648483368242523e+03
4.465000000000000080e-01 -7.358750007698388799e+03
4.465999999999999970e-01 -7.360790816209449076e+03
4.467000000000000415e-01 -7.362818816521518784e+03
4.468000000000000305e-01 -7.364842804201928629e+03
4.469000000000000195e-01 -7.366891668737601321e+03
4.470000000000000084e-01 -7.368985667552343330e+03
4.470999999999999974e-01 -7.371110533574609690e+03
4.472000000000000419e-01 -7.373246968143556842e+03
4.473000000000000309e-01 -7.375376085834261175e+03
4.474000000000000199e-01 -7.377492547520500011e+03
4.475000000000000089e-01 -7.379593791113798034e+03
4.475999999999999979e-01 -7.381678180988065833e+03
4.477000000000000424e-01 -7.383744705877781598e+03
4.478000000000000314e-01 -7.385800375469747451e+03
4.479000000000000203e-01 -7.387837050509151595e+03
4.480000000000000093e-01 -7.389848931346174140e+03
4.480999999999999983e-01 -7.391845848096685586e+03
4.482000000000000428e-01 -7.393855018741961430e+03
4.483000000000000318e-01 -7.395831995639239722e+03
4.484000000000000208e-01 -7.397797815741647355e+03
4.485000000000000098e-01 -7.399762835310832997e+03
4.485999999999999988e-01 -7.401729586401740562e+03
4.487000000000000433e-01 -7.403698491387946888e+03
4.488000000000000322e-01 -7.405677540716883414e+03
4.489000000000000212e-01 -7.407669152508280604e+03
4.490000000000000102e-01 -7.409668887508289117e+03
4.490999999999999992e-01 -7.411677043683647753e+03
4.492000000000000437e-01 -7.413694075841589438e+03
4.493000000000000327e-01 -7.415722546730645263e+03
4.494000000000000217e-01 -7.417752969654124172e+03
4.495000000000000107e-01 -7.419786540909114592e+03
4.495999999999999996e-01 -7.421827176465818411e+03
4.497000000000000441e-01 -7.423871208988431135e+03
4.498000000000000331e-01 -7.425917833610054004e+03
4.499000000000000221e-01 -7.427968262026555749e+03
4.500000000000000111e-01 -7.430020591545002389e+03
4.501000000000000001e-01 -7.433780141418736093e+03
4.502000000000000446e-01 -7.438480752309948912e+03
4.503000000000000336e-01 -7.443425402463631144e+03
4.504000000000000226e-01 -7.448728246900635895e+03
4.505000000000000115e-01 -7.454810543488079929e+03
4.506000000000000005e-01 -7.461726999042500211e+03
4.507000000000000450e-01 -7.469326883896186700e+03
4.508000000000000340e-01 -7.477359876870458720e+03
4.509000000000000230e-01 -7.485983370626067881e+03
4.510000000000000120e-01 -7.495155094212311269e+03
4.511000000000000010e-01 -7.504682809656666905e+03
4.512000000000000455e-01 -7.514091463386345822e+03
4.513000000000000345e-01 -7.521053781392044584e+03
4.514000000000000234e-01 -7.524600873392323592e+03
4.515000000000000124e-01 -7.526653307255285654e+03
4.516000000000000014e-01 -7.528029366392378506e+03
4.517000000000000459e-01 -7.529080843930932133e+03
4.518000000000000349e-01 -7.530073723778727071e+03
4.519000000000000239e-01 -7.530962533088262717e+03
4.520000000000000129e-01 -7.531746488312008296e+03
4.521000000000000019e-01 -7.532381208774875631e+03
4.522000000000000464e-01 -7.534071802700343142e+03
4.523000000000000353e-01 -7.537286563727948305e+03
4.524000000000000243e-01 -7.540318144168811159e+03
4.525000000000000133e-01 -7.542606377016280931e+03
4.526000000000000023e-01 -7.544348591816602493e+03
4.527000000000000468e-01 -7.545764109390007434e+03
4.528000000000000358e-01 -7.546978813088163406e+03
4.529000000000000248e-01 -7.548047651323391619e+03
4.530000000000000138e-01 -7.548998971449254896e+03
4.531000000000000028e-01 -7.549850577365753452e+03
4.532000000000000473e-01 -7.550605255783299071e+03
4.533000000000000362e-01 -7.551263577982264906e+03
4.534000000000000252e-01 -7.551814777309760757e+03
4.535000000000000142e-01 -7.552234232604573663e+03
4.536000000000000032e-01 -7.552492850053243274e+03
4.537000000000000477e-01 -7.552579288342599284e+03
4.538000000000000367e-01 -7.552481846234938530e+03
4.539000000000000257e-01 -7.552181066107215884e+03
4.540000000000000147e-01 -7.551672253945595912e+03
4.541000000000000036e-01 -7.550969597343279929e+03
4.542000000000000481e-01 -7.550120079284483836e+03
4.543000000000000371e-01 -7.549148116802838558e+03
4.544000000000000261e-01 -7.548214658516542841e+03
4.545000000000000151e-01 -7.547418516035211724e+03
4.546000000000000041e-01 -7.546737096054726862e+03
4.547000000000000486e-01 -7.546298408560579446e+03
4.548000000000000376e-01 -7.546107834481911596e+03
4.549000000000000266e-01 -7.546124674565877285e+03
4.550000000000000155e-01 -7.546353849663079018e+03
4.551000000000000045e-01 -7.547039076677143385e+03
4.552000000000000490e-01 -7.548281668671855186e+03
4.553000000000000380e-01 -7.549882389521038021e+03
4.554000000000000270e-01 -7.551669710810015204e+03
4.555000000000000160e-01 -7.553554908022721065e+03
4.556000000000000050e-01 -7.555491702199492465e+03
4.557000000000000495e-01 -7.557461529797953517e+03
4.558000000000000385e-01 -7.559473156239449963e+03
4.559000000000000274e-01 -7.561510109454117810e+03
4.560000000000000164e-01 -7.563640190635322142e+03
4.561000000000000054e-01 -7.565848069765462242e+03
4.561999999999999944e-01 -7.568045875637641984e+03
4.563000000000000389e-01 -7.570206624964805087e+03
4.564000000000000279e-01 -7.572326391277459152e+03
4.565000000000000169e-01 -7.574410595876119260e+03
4.566000000000000059e-01 -7.576484693128865729e+03
4.566999999999999948e-01 -7.578569400782754201e+03
4.568000000000000393e-01 -7.580668052023286691e+03
4.569000000000000283e-01 -7.582779051325219370e+03
4.570000000000000173e-01 -7.584900919142224666e+03
4.571000000000000063e-01 -7.587027822138769807e+03
4.571999999999999953e-01 -7.589155945785331824e+03
4.573000000000000398e-01 -7.591268167107577938e+03
4.574000000000000288e-01 -7.593365612707095352e+03
4.575000000000000178e-01 -7.595448913434424867e+03
4.576000000000000068e-01 -7.597519323095610162e+03
4.576999999999999957e-01 -7.599569787904162695e+03
4.578000000000000402e-01 -7.601612049380978533e+03
4.579000000000000292e-01 -7.603636896518102731e+03
4.580000000000000182e-01 -7.605645718970538837e+03
4.581000000000000072e-01 -7.607643034855557744e+03
4.581999999999999962e-01 -7.609631594255169148e+03
4.583000000000000407e-01 -7.611614113529536553e+03
4.584000000000000297e-01 -7.613616171178100558e+03
4.585000000000000187e-01 -7.615594209277169284e+03
4.586000000000000076e-01 -7.617566791538907637e+03
4.586999999999999966e-01 -7.619546227484326664e+03
4.588000000000000411e-01 -7.621537096443180417e+03
4.589000000000000301e-01 -7.623533255543022278e+03
4.590000000000000191e-01 -7.625532750458777628e+03
4.591000000000000081e-01 -7.627535888934468858e+03
4.591999999999999971e-01 -7.629542955946842994e+03
4.593000000000000416e-01 -7.631555496329069683e+03
4.594000000000000306e-01 -7.633573992426185214e+03
4.595000000000000195e-01 -7.635598037259593184e+03
4.596000000000000085e-01 -7.637626948695871761e+03
4.596999999999999975e-01 -7.639660917305512157e+03
4.598000000000000420e-01 -7.641699960113735870e+03
4.599000000000000310e-01 -7.643738240543261782e+03
4.600000000000000200e-01 -7.645777904642301110e+03
4.601000000000000090e-01 -7.647832868716601297e+03
4.601999999999999980e-01 -7.649932728115540158e+03
4.603000000000000425e-01 -7.652075908119259111e+03
4.604000000000000314e-01 -7.654253019189549377e+03
4.605000000000000204e-01 -7.656455860306768955e+03
4.606000000000000094e-01 -7.658678307042933739e+03
4.606999999999999984e-01 -7.660915849268611055e+03
4.608000000000000429e-01 -7.663165127825587660e+03
4.609000000000000319e-01 -7.665423636450950653e+03
4.610000000000000209e-01 -7.667689990951996151e+03
4.611000000000000099e-01 -7.669961760738738121e+03
4.611999999999999988e-01 -7.672236959933908111e+03
4.613000000000000433e-01 -7.674515132996502871e+03
4.614000000000000323e-01 -7.676796548195413379e+03
4.615000000000000213e-01 -7.679079638679041636e+03
4.616000000000000103e-01 -7.681362933528725989e+03
4.616999999999999993e-01 -7.683646920189101365e+03
4.618000000000000438e-01 -7.685933827185639529e+03
4.619000000000000328e-01 -7.688220174292337106e+03
4.620000000000000218e-01 -7.690505131821430041e+03
4.621000000000000107e-01 -7.692790360704536397e+03
4.621999999999999997e-01 -7.695076213499449295e+03
4.623000000000000442e-01 -7.697362845723058854e+03
4.624000000000000332e-01 -7.699650055472986423e+03
4.625000000000000222e-01 -7.701935232442279812e+03
4.626000000000000112e-01 -7.704221206338453158e+03
4.627000000000000002e-01 -7.706509557002953443e+03
4.628000000000000447e-01 -7.708800736894598231e+03
4.629000000000000337e-01 -7.711096192251987304e+03
4.630000000000000226e-01 -7.713397019823796654e+03
4.631000000000000116e-01 -7.715704887097661413e+03
4.632000000000000006e-01 -7.718022528268505994e+03
4.633000000000000451e-01 -7.720350197969059991e+03
4.634000000000000341e-01 -7.722687896933134652e+03
4.635000000000000231e-01 -7.725036766352124687e+03
4.636000000000000121e-01 -7.727395491363694418e+03
4.637000000000000011e-01 -7.729761305818316032e+03
4.638000000000000456e-01 -7.732134283256809795e+03
4.639000000000000346e-01 -7.734513783286928629e+03
4.640000000000000235e-01 -7.736898878680428425e+03
4.641000000000000125e-01 -7.739288676600012877e+03
4.642000000000000015e-01 -7.741682420394581641e+03
4.643000000000000460e-01 -7.744079526007454660e+03
4.644000000000000350e-01 -7.746479608266700779e+03
4.645000000000000240e-01 -7.748882515925220105e+03
4.646000000000000130e-01 -7.751288011598579942e+03
4.647000000000000020e-01 -7.753694383160778671e+03
4.648000000000000465e-01 -7.756100543511490287e+03
4.649000000000000354e-01 -7.758507590590333166e+03
4.650000000000000244e-01 -7.760914404846226716e+03
4.651000000000000134e-01 -7.763319976615552150e+03
4.652000000000000024e-01 -7.765730928681152363e+03
4.653000000000000469e-01 -7.768153238663082448e+03
4.654000000000000359e-01 -7.770591638167906240e+03
4.655000000000000249e-01 -7.773047145222025392e+03
4.656000000000000139e-01 -7.775519673024921758e+03
4.657000000000000028e-01 -7.778009309652489719e+03
4.658000000000000473e-01 -7.780516949650839706e+03
4.659000000000000363e-01 -7.783047551320314597e+03
4.660000000000000253e-01 -7.785607805836992156e+03
4.661000000000000143e-01 -7.788203566271011368e+03
4.662000000000000033e-01 -7.790843109270559580e+03
4.663000000000000478e-01 -7.793532848415607077e+03
4.664000000000000368e-01 -7.796277561297652028e+03
4.665000000000000258e-01 -7.799081233872578196e+03
4.666000000000000147e-01 -7.801946047318445380e+03
4.667000000000000037e-01 -7.804873077418784305e+03
4.668000000000000482e-01 -7.807863651929718799e+03
4.669000000000000372e-01 -7.810918443798416774e+03
4.670000000000000262e-01 -7.814037212865251604e+03
4.671000000000000152e-01 -7.817214561959796811e+03
4.672000000000000042e-01 -7.820472709038352150e+03
4.673000000000000487e-01 -7.823834117609511850e+03
4.674000000000000377e-01 -7.827309207490393419e+03
4.675000000000000266e-01 -7.830891556340115130e+03
4.676000000000000156e-01 -7.834550702552016446e+03
4.677000000000000046e-01 -7.838339557311502176e+03
4.678000000000000491e-01 -7.842270932622739565e+03
4.679000000000000381e-01 -7.846357776691551408e+03
4.680000000000000271e-01 -7.850673355729341893e+03
4.681000000000000161e-01 -7.855308918291251757e+03
4.682000000000000051e-01 -7.860267718935461744e+03
4.683000000000000496e-01 -7.865525079665459998e+03
4.684000000000000385e-01 -7.871005142880058884e+03
4.685000000000000275e-01 -7.876716498879248320e+03
4.686000000000000165e-01 -7.882633055529900957e+03
4.687000000000000055e-01 -7.887479261573594158e+03
4.688000000000000500e-01 -7.890349242002605934e+03
4.689000000000000390e-01 -7.892456921598989538e+03
4.690000000000000280e-01 -7.894439386091639790e+03
4.691000000000000170e-01 -7.896305970700374928e+03
4.692000000000000060e-01 -7.898091629509391169e+03
4.692999999999999949e-01 -7.899881840614864814e+03
4.694000000000000394e-01 -7.901742425423079112e+03
4.695000000000000284e-01 -7.903707457130245530e+03
4.696000000000000174e-01 -7.905774437377222966e+03
4.697000000000000064e-01 -7.907926344283424442e+03
4.697999999999999954e-01 -7.910145193753312014e+03
4.699000000000000399e-01 -7.912414480724671193e+03
4.700000000000000289e-01 -7.914715229116282899e+03
4.701000000000000179e-01 -7.917025188237115799e+03
4.702000000000000068e-01 -7.919328349273977437e+03
4.702999999999999958e-01 -7.921616833474847226e+03
4.704000000000000403e-01 -7.923886173395444530e+03
4.705000000000000293e-01 -7.926134811505242396e+03
4.706000000000000183e-01 -7.928366760060298475e+03
4.707000000000000073e-01 -7.930589869926445317e+03
4.707999999999999963e-01 -7.932809964862672132e+03
4.709000000000000408e-01 -7.935030182135245013e+03
4.710000000000000298e-01 -7.937251804916868423e+03
4.711000000000000187e-01 -7.939478624663568553e+03
4.712000000000000077e-01 -7.941714399931797743e+03
4.712999999999999967e-01 -7.943959409517368840e+03
4.714000000000000412e-01 -7.946212354966201929e+03
4.715000000000000302e-01 -7.948471596393967957e+03
4.716000000000000192e-01 -7.950735405432024891e+03
4.717000000000000082e-01 -7.953002288651976414e+03
4.717999999999999972e-01 -7.955271368579758928e+03
4.719000000000000417e-01 -7.957541804558230069e+03
4.720000000000000306e-01 -7.959813004926795657e+03
4.721000000000000196e-01 -7.962085080103830478e+03
4.722000000000000086e-01 -7.964358637686543261e+03
4.722999999999999976e-01 -7.966633495940255671e+03
4.724000000000000421e-01 -7.968906395390546095e+03
4.725000000000000311e-01 -7.971172477790978519e+03
4.726000000000000201e-01 -7.973430696353859275e+03
4.727000000000000091e-01 -7.975681577633623419e+03
4.727999999999999980e-01 -7.977925889449958049e+03
4.729000000000000425e-01 -7.980165073085800941e+03
4.730000000000000315e-01 -7.982400576082898624e+03
4.731000000000000205e-01 -7.984633319607111844e+03
4.732000000000000095e-01 -7.986863802099604982e+03
4.732999999999999985e-01 -7.989092332423256266e+03
4.734000000000000430e-01 -7.991319162972304184e+03
4.735000000000000320e-01 -7.993544552460264640e+03
4.736000000000000210e-01 -7.995768785462112646e+03
4.737000000000000099e-01 -7.997992168300947924e+03
4.737999999999999989e-01 -8.000215013900593476e+03
4.739000000000000434e-01 -8.002437623366748994e+03
4.740000000000000324e-01 -8.004660301567804709e+03
4.741000000000000214e-01 -8.006883374147112590e+03
4.742000000000000104e-01 -8.009107022260914164e+03
4.742999999999999994e-01 -8.011331336415704754e+03
4.744000000000000439e-01 -8.013556364766023762e+03
4.745000000000000329e-01 -8.015782179205642933e+03
4.746000000000000218e-01 -8.018009167398590762e+03
4.747000000000000108e-01 -8.020237425073437407e+03
4.747999999999999998e-01 -8.022466622065641786e+03
4.749000000000000443e-01 -8.024696374573476533e+03
4.750000000000000333e-01 -8.026926368959375395e+03
4.751000000000000223e-01 -8.029156381519674142e+03
4.752000000000000113e-01 -8.031386265374935647e+03
4.753000000000000003e-01 -8.033615929660389156e+03
4.754000000000000448e-01 -8.035845320038595673e+03
4.755000000000000338e-01 -8.038074403504200745e+03
4.756000000000000227e-01 -8.040303158099771281e+03
4.757000000000000117e-01 -8.042531567118070598e+03
4.758000000000000007e-01 -8.044759616881550755e+03
4.759000000000000452e-01 -8.046987296979599705e+03
4.760000000000000342e-01 -8.049214601817104267e+03
4.761000000000000232e-01 -8.051441532477999317e+03
4.762000000000000122e-01 -8.053668098164809635e+03
4.763000000000000012e-01 -8.055894316777399581e+03
4.764000000000000457e-01 -8.058120214502489944e+03
4.765000000000000346e-01 -8.060345824521472423e+03
4.766000000000000236e-01 -8.062570732253130700e+03
4.767000000000000126e-01 -8.064792548324997369e+03
4.768000000000000016e-01 -8.067009895341489937e+03
4.769000000000000461e-01 -8.069223508239965668e+03
4.770000000000000351e-01 -8.071434475184940311e+03
4.771000000000000241e-01 -8.073643725194457147e+03
4.772000000000000131e-01 -8.075851974038573644e+03
4.773000000000000020e-01 -8.078059753722528512e+03
4.774000000000000465e-01 -8.080267495570062238e+03
4.775000000000000355e-01 -8.082475603314557702e+03
4.776000000000000245e-01 -8.084684238920663120e+03
4.777000000000000135e-01 -8.086893420251454700e+03
4.778000000000000025e-01 -8.089103102391026368e+03
4.779000000000000470e-01 -8.091313203340592736e+03
4.780000000000000360e-01 -8.093523616080547981e+03
4.781000000000000250e-01 -8.095734218913273253e+03
4.782000000000000139e-01 -8.097944886332641545e+03
4.783000000000000029e-01 -8.100155500982744343e+03
4.784000000000000474e-01 -8.102365978261325836e+03
4.785000000000000364e-01 -8.104576244446357123e+03
4.786000000000000254e-01 -8.106786238738804968e+03
4.787000000000000144e-01 -8.108995927053694686e+03
4.788000000000000034e-01 -8.111205301012621931e+03
4.789000000000000479e-01 -8.113414372743168315e+03
4.790000000000000369e-01 -8.115623168553490359e+03
4.791000000000000258e-01 -8.117831488351588632e+03
4.792000000000000148e-01 -8.120038848839981256e+03
4.793000000000000038e-01 -8.122245158995516249e+03
4.794000000000000483e-01 -8.124449902214831127e+03
4.795000000000000373e-01 -8.126653113482451772e+03
4.796000000000000263e-01 -8.128855114660997970e+03
4.797000000000000153e-01 -8.131056214677822936e+03
4.798000000000000043e-01 -8.133256644935260738e+03
4.799000000000000488e-01 -8.135456565807566221e+03
4.800000000000000377e-01 -8.137656085160044313e+03
4.801000000000000267e-01 -8.139842329741113645e+03
4.802000000000000157e-01 -8.141987437424862947e+03
4.803000000000000047e-01 -8.144093593688537112e+03
4.804000000000000492e-01 -8.146170070131230204e+03
4.805000000000000382e-01 -8.148224914980599351e+03
4.806000000000000272e-01 -8.150264064342398342e+03
4.807000000000000162e-01 -8.152291735004731891e+03
4.808000000000000052e-01 -8.154310882829238835e+03
4.809000000000000496e-01 -8.156323445040484330e+03
4.810000000000000386e-01 -8.158329789872464971e+03
4.811000000000000276e-01 -8.160330117399249502e+03
4.812000000000000166e-01 -8.162324848731690508e+03
4.813000000000000056e-01 -8.164315696559464413e+03
4.814000000000000501e-01 -8.166304760159139732e+03
4.815000000000000391e-01 -8.168292877617776867e+03
4.816000000000000281e-01 -8.170279491171275367e+03
4.817000000000000171e-01 -8.172264882031458001e+03
4.818000000000000060e-01 -8.174249255147828990e+03
4.819000000000000505e-01 -8.176232685485570073e+03
4.820000000000000395e-01 -8.178215272314554568e+03
4.821000000000000285e-01 -8.180197148276944972e+03
4.822000000000000175e-01 -8.182178462321780898e+03
4.823000000000000065e-01 -8.184159349531213593e+03
4.823999999999999955e-01 -8.186139905250744960e+03
4.825000000000000400e-01 -8.188120222189159904e+03
4.826000000000000290e-01 -8.190100368445398090e+03
4.827000000000000179e-01 -8.192080381451783978e+03
4.828000000000000069e-01 -8.194060273473403868e+03
4.828999999999999959e-01 -8.196040039827972578e+03
4.830000000000000404e-01 -8.198019666746529765e+03
4.831000000000000294e-01 -8.199999137519340366e+03
4.832000000000000184e-01 -8.201978436734907518e+03
4.833000000000000074e-01 -8.203958640616418052e+03
4.833999999999999964e-01 -8.205940205821119889e+03
4.835000000000000409e-01 -8.207920886457055531e+03
4.836000000000000298e-01 -8.209902043506892369e+03
4.837000000000000188e-01 -8.211883430970516201e+03
4.838000000000000078e-01 -8.213864624978079519e+03
4.838999999999999968e-01 -8.215845439462747891e+03
4.840000000000000413e-01 -8.217825870005699471e+03
4.841000000000000303e-01 -8.219805968962476982e+03
4.842000000000000193e-01 -8.221785677778021636e+03
4.843000000000000083e-01 -8.223764802409621552e+03
4.843999999999999972e-01 -8.225743060714841704e+03
4.845000000000000417e-01 -8.227720268248123830e+03
4.846000000000000307e-01 -8.229696361555474141e+03
4.847000000000000197e-01 -8.231671415217659160e+03
4.848000000000000087e-01 -8.233645624709341064e+03
4.848999999999999977e-01 -8.235618925431881507e+03
4.850000000000000422e-01 -8.237591282417070033e+03
4.851000000000000312e-01 -8.239562874620078219e+03
4.852000000000000202e-01 -8.241534011323918094e+03
4.853000000000000091e-01 -8.243505201921283515e+03
4.853999999999999981e-01 -8.245476967949125537e+03
4.855000000000000426e-01 -8.247448975892939416e+03
4.856000000000000316e-01 -8.249420851878769099e+03
4.857000000000000206e-01 -8.251392304309001702e+03
4.858000000000000096e-01 -8.253363064875176860e+03
4.858999999999999986e-01 -8.255332920041360921e+03
4.860000000000000431e-01 -8.257301753423229457e+03
4.861000000000000321e-01 -8.259269538576372724e+03
4.862000000000000210e-01 -8.261236287246731081e+03
4.863000000000000100e-01 -8.263201890982845725e+03
4.863999999999999990e-01 -8.265166023718684301e+03
4.865000000000000435e-01 -8.267128084443174885e+03
4.866000000000000325e-01 -8.269085039440498804e+03
4.867000000000000215e-01 -8.271033497727319627e+03
4.868000000000000105e-01 -8.272972832018558620e+03
4.868999999999999995e-01 -8.274903114781676777e+03
4.870000000000000440e-01 -8.276825126250416361e+03
4.871000000000000330e-01 -8.278739917519065784e+03
4.872000000000000219e-01 -8.280648543767454612e+03
4.873000000000000109e-01 -8.282552033355770618e+03
4.873999999999999999e-01 -8.284451397920067393e+03
4.875000000000000444e-01 -8.286347610227476252e+03
4.876000000000000334e-01 -8.288241728653261816e+03
4.877000000000000224e-01 -8.290134606068844732e+03
4.878000000000000114e-01 -8.292029578135443444e+03
4.879000000000000004e-01 -8.293928124533549635e+03
4.880000000000000449e-01 -8.295831041335131886e+03
4.881000000000000338e-01 -8.297739293613647533e+03
4.882000000000000228e-01 -8.299654218840962130e+03
4.883000000000000118e-01 -8.301576610876965788e+03
4.884000000000000008e-01 -8.303506815232110966e+03
4.885000000000000453e-01 -8.305445152894795683e+03
4.886000000000000343e-01 -8.307389534918209392e+03
4.887000000000000233e-01 -8.309338279201441765e+03
4.888000000000000123e-01 -8.311300650084867812e+03
4.889000000000000012e-01 -8.313273002642743450e+03
4.890000000000000457e-01 -8.315268652924987691e+03
4.891000000000000347e-01 -8.317272776336467359e+03
4.892000000000000237e-01 -8.319278799423234886e+03
4.893000000000000127e-01 -8.321284647813596166e+03
4.894000000000000017e-01 -8.323287644452433597e+03
4.895000000000000462e-01 -8.325285733957738557e+03
4.896000000000000352e-01 -8.327278072233657440e+03
4.897000000000000242e-01 -8.329264903453018633e+03
4.898000000000000131e-01 -8.331247212874937759e+03
4.899000000000000021e-01 -8.333226374278736330e+03
4.900000000000000466e-01 -8.335204527193336617e+03
4.901000000000000356e-01 -8.337186484162381021e+03
4.902000000000000246e-01 -8.339171794757014140e+03
4.903000000000000136e-01 -8.341157540472326218e+03
4.904000000000000026e-01 -8.343141774652129243e+03
4.905000000000000471e-01 -8.345123586365820302e+03
4.906000000000000361e-01 -8.347102953606974552e+03
4.907000000000000250e-01 -8.349052481334574622e+03
4.908000000000000140e-01 -8.350991436895907100e+03
4.909000000000000030e-01 -8.352952216836012667e+03
4.910000000000000475e-01 -8.354934890892787735e+03
4.911000000000000365e-01 -8.356942148558964618e+03
4.912000000000000255e-01 -8.358978174647249034e+03
4.913000000000000145e-01 -8.361021575877639407e+03
4.914000000000000035e-01 -8.363051612327395560e+03
4.915000000000000480e-01 -8.365055891153740959e+03
4.916000000000000369e-01 -8.367031029894309540e+03
4.917000000000000259e-01 -8.368979547437269503e+03
4.918000000000000149e-01 -8.370906006769861051e+03
4.919000000000000039e-01 -8.372807342419993802e+03
4.920000000000000484e-01 -8.374682792469417109e+03
4.921000000000000374e-01 -8.376531198778475300e+03
4.922000000000000264e-01 -8.378347627356311932e+03
4.923000000000000154e-01 -8.380128102119169853e+03
4.924000000000000044e-01 -8.381875142410719491e+03
4.925000000000000488e-01 -8.383593840473513410e+03
4.926000000000000378e-01 -8.385289823966217227e+03
4.927000000000000268e-01 -8.386965297669612482e+03
4.928000000000000158e-01 -8.388613609587775500e+03
4.929000000000000048e-01 -8.390214028311516813e+03
4.930000000000000493e-01 -8.391748820803191848e+03
4.931000000000000383e-01 -8.393203834440717401e+03
4.932000000000000273e-01 -8.394565953519591858e+03
4.933000000000000163e-01 -8.395822837511625039e+03
4.934000000000000052e-01 -8.396963944982013345e+03
4.935000000000000497e-01 -8.397983058589130451e+03
4.936000000000000387e-01 -8.398874867309257752e+03
4.937000000000000277e-01 -8.399632568364699182e+03
4.938000000000000167e-01 -8.400252474268438164e+03
4.939000000000000057e-01 -8.400765597680056089e+03
4.940000000000000502e-01 -8.401227946816337862e+03
4.941000000000000392e-01 -8.401651406013374071e+03
4.942000000000000282e-01 -8.402032198610511841e+03
4.943000000000000171e-01 -8.402377376883039688e+03
4.944000000000000061e-01 -8.402690609390752797e+03
4.945000000000000506e-01 -8.403010939633883027e+03
4.946000000000000396e-01 -8.403410228062550232e+03
4.947000000000000286e-01 -8.403875724628758690e+03
4.948000000000000176e-01 -8.403815388702421842e+03
4.949000000000000066e-01 -8.402900597566031138e+03
4.950000000000000511e-01 -8.401771651673356246e+03
4.951000000000000401e-01 -8.401075361776867794e+03
4.952000000000000290e-01 -8.401012953913104866e+03
4.953000000000000180e-01 -8.401499961377310683e+03
4.954000000000000070e-01 -8.402467997840416501e+03
4.954999999999999960e-01 -8.403789649461974477e+03
4.956000000000000405e-01 -8.405325479010094568e+03
4.957000000000000295e-01 -8.406986052128315350e+03
4.958000000000000185e-01 -8.408719188202847363e+03
4.959000000000000075e-01 -8.410501978966778552e+03
4.959999999999999964e-01 -8.412332731464141034e+03
4.961000000000000409e-01 -8.414221819621345276e+03
4.962000000000000299e-01 -8.416166300933367893e+03
4.963000000000000189e-01 -8.418158186027400006e+03
4.964000000000000079e-01 -8.420181143753205106e+03
4.964999999999999969e-01 -8.422226939190706617e+03
4.966000000000000414e-01 -8.424266843307521412e+03
4.967000000000000304e-01 -8.426326093532885352e+03
4.968000000000000194e-01 -8.428413419348740717e+03
4.969000000000000083e-01 -8.430506278346803811e+03
4.969999999999999973e-01 -8.432598870116389662e+03
4.971000000000000418e-01 -8.434691668609895714e+03
4.972000000000000308e-01 -8.436781851001438554e+03
4.973000000000000198e-01 -8.438864439550490715e+03
4.974000000000000088e-01 -8.440937802624610413e+03
4.974999999999999978e-01 -8.443001489257369030e+03
4.976000000000000423e-01 -8.445059663042969987e+03
4.977000000000000313e-01 -8.447113039171897981e+03
4.978000000000000203e-01 -8.449161697392073620e+03
4.979000000000000092e-01 -8.451207372772725648e+03
4.979999999999999982e-01 -8.453247013471889659e+03
4.981000000000000427e-01 -8.455285548132196709e+03
4.982000000000000317e-01 -8.457318576303006921e+03
4.983000000000000207e-01 -8.459347089927050547e+03
4.984000000000000097e-01 -8.461379405107709317e+03
4.984999999999999987e-01 -8.463408777691418436e+03
4.986000000000000432e-01 -8.465436416051492415e+03
4.987000000000000322e-01 -8.467469949659051053e+03
4.988000000000000211e-01 -8.469498976279512135e+03
4.989000000000000101e-01 -8.471528653475184910e+03
4.989999999999999991e-01 -8.473566300070440775e+03
4.991000000000000436e-01 -8.475600300039135618e+03
4.992000000000000326e-01 -8.477636173317068824e+03
4.993000000000000216e-01 -8.479678116422413950e+03
4.994000000000000106e-01 -8.481717334613142157e+03
4.994999999999999996e-01 -8.483756983386958382e+03
4.996000000000000441e-01 -8.485798894457851929e+03
4.997000000000000330e-01 -8.487843861675350126e+03
4.998000000000000220e-01 -8.489891469795025841e+03
4.999000000000000110e-01 -8.491940378661513023e+03
5.000000000000000000e-01 -8.493990709155968943e+03
5.000999999999999890e-01 -8.497855364611592449e+03
5.001999999999999780e-01 -8.502912716340386396e+03
5.003000000000000780e-01 -8.508250076127103966e+03
5.004000000000000670e-01 -8.513878344710929014e+03
5.005000000000000560e-01 -8.520135313726717868e+03
5.006000000000000449e-01 -8.527215133660020001e+03
5.007000000000000339e-01 -8.535027823569291286e+03
5.008000000000000229e-01 -8.543287164207999012e+03
5.009000000000000119e-01 -8.552057623122062068e+03
5.010000000000000009e-01 -8.560483066700753625e+03
5.010999999999999899e-01 -8.566637352063133221e+03
5.011999999999999789e-01 -8.570668654579492795e+03
5.013000000000000789e-01 -8.573715050974493352e+03
5.014000000000000679e-01 -8.576284009018354482e+03
5.015000000000000568e-01 -8.578595312921330333e+03
5.016000000000000458e-01 -8.580707981807639953e+03
5.017000000000000348e-01 -8.582598687467721902e+03
5.018000000000000238e-01 -8.584251501589471445e+03
5.019000000000000128e-01 -8.585840899163544236e+03
5.020000000000000018e-01 -8.588200346814925069e+03
5.020999999999999908e-01 -8.591514924631821486e+03
5.021999999999999797e-01 -8.594293908811550864e+03
5.022999999999999687e-01 -8.596343960932797927e+03
5.024000000000000687e-01 -8.597951090111198937e+03
5.025000000000000577e-01 -8.599320662056870788e+03
5.026000000000000467e-01 -8.600558660178498030e+03
5.027000000000000357e-01 -8.601725903625458159e+03
5.028000000000000247e-01 -8.602847079454402774e+03
5.029000000000000137e-01 -8.603903849997344878e+03
5.030000000000000027e-01 -8.604894268331054263e+03
5.030999999999999917e-01 -8.605832214372481758e+03
5.031999999999999806e-01 -8.606722424495193991e+03
5.032999999999999696e-01 -8.607553723900080513e+03
5.034000000000000696e-01 -8.608303248892912961e+03
5.035000000000000586e-01 -8.608959775423021711e+03
5.036000000000000476e-01 -8.609522855474830067e+03
5.037000000000000366e-01 -8.609996506021021560e+03
5.038000000000000256e-01 -8.610381035870270352e+03
5.039000000000000146e-01 -8.610664741165170199e+03
5.040000000000000036e-01 -8.610841287851269954e+03
5.040999999999999925e-01 -8.610968551610487339e+03
5.041999999999999815e-01 -8.611111435667848127e+03
5.042999999999999705e-01 -8.611279754887427771e+03
5.044000000000000705e-01 -8.611471199233788866e+03
5.045000000000000595e-01 -8.611691237327733688e+03
5.046000000000000485e-01 -8.612017248762456802e+03
5.047000000000000375e-01 -8.612487442515777730e+03
5.048000000000000265e-01 -8.613074637958625317e+03
5.049000000000000155e-01 -8.613758497745560817e+03
5.050000000000000044e-01 -8.614519097872218481e+03
5.050999999999999934e-01 -8.615349077784094334e+03
5.051999999999999824e-01 -8.616315594625164522e+03
5.052999999999999714e-01 -8.617474300720439714e+03
5.054000000000000714e-01 -8.618828918665354649e+03
5.055000000000000604e-01 -8.620363295648436178e+03
5.056000000000000494e-01 -8.622054467874097099e+03
5.057000000000000384e-01 -8.623852967484141118e+03
5.058000000000000274e-01 -8.625717989451575704e+03
5.059000000000000163e-01 -8.627625852255783684e+03
5.060000000000000053e-01 -8.629566003081670715e+03
5.060999999999999943e-01 -8.631534328457993979e+03
5.061999999999999833e-01 -8.633529208505684437e+03
5.062999999999999723e-01 -8.635542596831686751e+03
5.064000000000000723e-01 -8.637562894327849790e+03
5.065000000000000613e-01 -8.639627176620682803e+03
5.066000000000000503e-01 -8.641706319151402568e+03
5.067000000000000393e-01 -8.643790851462410501e+03
5.068000000000000282e-01 -8.645875902809963009e+03
5.069000000000000172e-01 -8.647957503075955174e+03
5.070000000000000062e-01 -8.650033667750025415e+03
5.070999999999999952e-01 -8.652103267424052319e+03
5.071999999999999842e-01 -8.654165508418818717e+03
5.072999999999999732e-01 -8.656219649984845091e+03
5.074000000000000732e-01 -8.658265556526475848e+03
5.075000000000000622e-01 -8.660303232251097143e+03
5.076000000000000512e-01 -8.662332325841200145e+03
5.077000000000000401e-01 -8.664352435305487234e+03
5.078000000000000291e-01 -8.666348073494222263e+03
5.079000000000000181e-01 -8.668345960108665167e+03
5.080000000000000071e-01 -8.670343600433916436e+03
5.080999999999999961e-01 -8.672335101768445384e+03
5.081999999999999851e-01 -8.674319360740229968e+03
5.082999999999999741e-01 -8.676298523356164878e+03
5.084000000000000741e-01 -8.678273728953443424e+03
5.085000000000000631e-01 -8.680246380488268187e+03
5.086000000000000520e-01 -8.682217271847286611e+03
5.087000000000000410e-01 -8.684186136837090089e+03
5.088000000000000300e-01 -8.686153830542221840e+03
5.089000000000000190e-01 -8.688121883568901467e+03
5.090000000000000080e-01 -8.689945870850313440e+03
5.090999999999999970e-01 -8.691234086511507485e+03
5.091999999999999860e-01 -8.692414389839777868e+03
5.092999999999999750e-01 -8.693704466658988167e+03
5.094000000000000750e-01 -8.695120368592035447e+03
5.095000000000000639e-01 -8.696240683266873020e+03
5.096000000000000529e-01 -8.697047205490038323e+03
5.097000000000000419e-01 -8.697794574075867786e+03
5.098000000000000309e-01 -8.698571467654646767e+03
5.099000000000000199e-01 -8.699410976393977762e+03
5.100000000000000089e-01 -8.700353600896272837e+03
5.100999999999999979e-01 -8.701440738069257350e+03
5.101999999999999869e-01 -8.702758795973437373e+03
5.102999999999999758e-01 -8.704365996151802392e+03
5.104000000000000759e-01 -8.706273934356304380e+03
5.105000000000000648e-01 -8.708127477802981957e+03
5.106000000000000538e-01 -8.709917206300538965e+03
5.107000000000000428e-01 -8.711824362191740875e+03
5.108000000000000318e-01 -8.713872314146909048e+03
5.109000000000000208e-01 -8.716031609057568858e+03
5.110000000000000098e-01 -8.717993107795231481e+03
5.110999999999999988e-01 -8.719767630684618780e+03
5.111999999999999877e-01 -8.721586347187923820e+03
5.112999999999999767e-01 -8.723515710593004769e+03
5.114000000000000767e-01 -8.725561627757022507e+03
5.115000000000000657e-01 -8.727700799845144502e+03
5.116000000000000547e-01 -8.729906617602022379e+03
5.117000000000000437e-01 -8.732156421988480361e+03
5.118000000000000327e-01 -8.734433032448192535e+03
5.119000000000000217e-01 -8.736724985759832634e+03
5.120000000000000107e-01 -8.739025262378374464e+03
5.120999999999999996e-01 -8.741329882720174282e+03
5.121999999999999886e-01 -8.743637006097849735e+03
5.122999999999999776e-01 -8.745948866921778972e+03
5.124000000000000776e-01 -8.748260906593051914e+03
5.125000000000000666e-01 -8.750575899167930402e+03
5.126000000000000556e-01 -8.752896595441708996e+03
5.127000000000000446e-01 -8.755224888352837297e+03
5.128000000000000336e-01 -8.757560245984683206e+03
5.129000000000000226e-01 -8.759898737040719425e+03
5.130000000000000115e-01 -8.762241234332912427e+03
5.131000000000000005e-01 -8.764588211693113408e+03
5.131999999999999895e-01 -8.766938976596184148e+03
5.132999999999999785e-01 -8.769292925711870339e+03
5.134000000000000785e-01 -8.771649613508689072e+03
5.135000000000000675e-01 -8.774008767478617301e+03
5.136000000000000565e-01 -8.776370213528063687e+03
5.137000000000000455e-01 -8.778733550000186369e+03
5.138000000000000345e-01 -8.781098412606466809e+03
5.139000000000000234e-01 -8.783465088904904405e+03
5.140000000000000124e-01 -8.785833865040824094e+03
5.141000000000000014e-01 -8.788205040177379487e+03
5.141999999999999904e-01 -8.790579647334610854e+03
5.142999999999999794e-01 -8.792958779246604536e+03
5.144000000000000794e-01 -8.795343974469051318e+03
5.145000000000000684e-01 -8.797733549065789703e+03
5.146000000000000574e-01 -8.800125707527813574e+03
5.147000000000000464e-01 -8.802520527713535557e+03
5.148000000000000353e-01 -8.804919512031030536e+03
5.149000000000000243e-01 -8.807322468224538170e+03
5.150000000000000133e-01 -8.809729236442512047e+03
5.151000000000000023e-01 -8.812139688473811475e+03
5.151999999999999913e-01 -8.814553709737705503e+03
5.152999999999999803e-01 -8.816971207502287143e+03
5.153999999999999693e-01 -8.819392137304559583e+03
5.155000000000000693e-01 -8.821816547056698255e+03
5.156000000000000583e-01 -8.824244684448296539e+03
5.157000000000000473e-01 -8.826677989830404840e+03
5.158000000000000362e-01 -8.829122090368389763e+03
5.159000000000000252e-01 -8.831580007312933958e+03
5.160000000000000142e-01 -8.834052750856086277e+03
5.161000000000000032e-01 -8.836540632165799252e+03
5.161999999999999922e-01 -8.839042888896352451e+03
5.162999999999999812e-01 -8.841558852750546066e+03
5.163999999999999702e-01 -8.844088087641792299e+03
5.165000000000000702e-01 -8.846630632915608658e+03
5.166000000000000592e-01 -8.849186837067172746e+03
5.167000000000000481e-01 -8.851759598955926776e+03
5.168000000000000371e-01 -8.854358912481957304e+03
5.169000000000000261e-01 -8.856992739906561837e+03
5.170000000000000151e-01 -8.859666078476800976e+03
5.171000000000000041e-01 -8.862382216655540105e+03
5.171999999999999931e-01 -8.865149157281946827e+03
5.172999999999999821e-01 -8.867975387955166298e+03
5.173999999999999710e-01 -8.870864803102753285e+03
5.175000000000000711e-01 -8.873818818738796836e+03
5.176000000000000600e-01 -8.876836163231539103e+03
5.177000000000000490e-01 -8.879914983393942748e+03
5.178000000000000380e-01 -8.883056856295930629e+03
5.179000000000000270e-01 -8.886267607744910492e+03
5.180000000000000160e-01 -8.889559961187334920e+03
5.181000000000000050e-01 -8.892957996016271863e+03
5.181999999999999940e-01 -8.896483600047407890e+03
5.182999999999999829e-01 -8.900152014047089324e+03
5.183999999999999719e-01 -8.903980221490250187e+03
5.185000000000000719e-01 -8.908009235537167115e+03
5.186000000000000609e-01 -8.912294162940906972e+03
5.187000000000000499e-01 -8.916957277278597758e+03
5.188000000000000389e-01 -8.922105641540563738e+03
5.189000000000000279e-01 -8.927790221545470558e+03
5.190000000000000169e-01 -8.933937144396060830e+03
5.191000000000000059e-01 -8.940505126533153089e+03
5.191999999999999948e-01 -8.947593241595248401e+03
5.192999999999999838e-01 -8.955217630423530863e+03
5.193999999999999728e-01 -8.962164579376574693e+03
5.195000000000000728e-01 -8.965720974642983492e+03
5.196000000000000618e-01 -8.967376418128829755e+03
5.197000000000000508e-01 -8.968681860647629946e+03
5.198000000000000398e-01 -8.970097221656309557e+03
5.199000000000000288e-01 -8.971703184919431806e+03
5.200000000000000178e-01 -8.973588965379927686e+03
5.201000000000000068e-01 -8.975755442620053145e+03
5.201999999999999957e-01 -8.978009491628950855e+03
5.202999999999999847e-01 -8.980261658391180390e+03
5.203999999999999737e-01 -8.982506916261949300e+03
5.205000000000000737e-01 -8.984766009537548598e+03
5.206000000000000627e-01 -8.987050171910832432e+03
5.207000000000000517e-01 -8.989353714662636776e+03
5.208000000000000407e-01 -8.991664935764285474e+03
5.209000000000000297e-01 -8.993969813987912858e+03
5.210000000000000187e-01 -8.996263480686782714e+03
5.211000000000000076e-01 -8.998558891482962281e+03
5.211999999999999966e-01 -9.000854886491875732e+03
5.212999999999999856e-01 -9.003141055671860158e+03
5.213999999999999746e-01 -9.005422317307678895e+03
5.215000000000000746e-01 -9.007704465970045931e+03
5.216000000000000636e-01 -9.009989169802762262e+03
5.217000000000000526e-01 -9.012302558998762834e+03
5.218000000000000416e-01 -9.014689135065889786e+03
5.219000000000000306e-01 -9.017156025819762363e+03
5.220000000000000195e-01 -9.019628050165683817e+03
5.221000000000000085e-01 -9.022062622280962387e+03
5.221999999999999975e-01 -9.024449746587635673e+03
5.222999999999999865e-01 -9.026800599823563971e+03
5.223999999999999755e-01 -9.029116131052192941e+03
5.225000000000000755e-01 -9.031401177473599091e+03
5.226000000000000645e-01 -9.033669966188077524e+03
5.227000000000000535e-01 -9.035937785017245915e+03
5.228000000000000425e-01 -9.038213618125420908e+03
5.229000000000000314e-01 -9.040502014506886553e+03
5.230000000000000204e-01 -9.042789546158386656e+03
5.231000000000000094e-01 -9.045080560409545797e+03
5.231999999999999984e-01 -9.047378202980411515e+03
5.232999999999999874e-01 -9.049683972341044864e+03
5.233999999999999764e-01 -9.051998643319537223e+03
5.235000000000000764e-01 -9.054322375100247882e+03
5.236000000000000654e-01 -9.056655130600767734e+03
5.237000000000000544e-01 -9.058996785983847076e+03
5.238000000000000433e-01 -9.061347184833095525e+03
5.239000000000000323e-01 -9.063706154007317309e+03
5.240000000000000213e-01 -9.066073504788255377e+03
5.241000000000000103e-01 -9.068448587602617408e+03
5.241999999999999993e-01 -9.070827418792850949e+03
5.242999999999999883e-01 -9.073210657025445471e+03
5.243999999999999773e-01 -9.075601360510934683e+03
5.245000000000000773e-01 -9.077992482086678137e+03
5.246000000000000663e-01 -9.080372100342397971e+03
5.247000000000000552e-01 -9.082740433312399546e+03
5.248000000000000442e-01 -9.085103085086055216e+03
5.249000000000000332e-01 -9.087454626255779658e+03
5.250000000000000222e-01 -9.089786677633839645e+03
5.251000000000000112e-01 -9.092083428721180098e+03
5.252000000000000002e-01 -9.094352269836565029e+03
5.252999999999999892e-01 -9.096605847196198738e+03
5.253999999999999782e-01 -9.098851473833121418e+03
5.255000000000000782e-01 -9.101092690582818250e+03
5.256000000000000671e-01 -9.103330967564639650e+03
5.257000000000000561e-01 -9.105566716165472826e+03
5.258000000000000451e-01 -9.107799920675970498e+03
5.259000000000000341e-01 -9.110030527804558005e+03
5.260000000000000231e-01 -9.112258647058064525e+03
5.261000000000000121e-01 -9.114484649375959634e+03
5.262000000000000011e-01 -9.116708981307268914e+03
5.262999999999999901e-01 -9.118932360953660464e+03
5.263999999999999790e-01 -9.121155547594244126e+03
5.265000000000000790e-01 -9.123379171216070972e+03
5.266000000000000680e-01 -9.125603802369992991e+03
5.267000000000000570e-01 -9.127829905804544978e+03
5.268000000000000460e-01 -9.130057856996752889e+03
5.269000000000000350e-01 -9.132287935572623610e+03
5.270000000000000240e-01 -9.134520122753367104e+03
5.271000000000000130e-01 -9.136753649790513009e+03
5.272000000000000020e-01 -9.138990982098703171e+03
5.272999999999999909e-01 -9.141228597957986494e+03
5.273999999999999799e-01 -9.143466696907953519e+03
5.275000000000000799e-01 -9.145705498116107265e+03
5.276000000000000689e-01 -9.147944879869797660e+03
5.277000000000000579e-01 -9.150184524007350774e+03
5.278000000000000469e-01 -9.152424285088736724e+03
5.279000000000000359e-01 -9.154664036660324200e+03
5.280000000000000249e-01 -9.156902481448494655e+03
5.281000000000000139e-01 -9.159141290623092573e+03
5.282000000000000028e-01 -9.161380268391638310e+03
5.282999999999999918e-01 -9.163618869769954472e+03
5.283999999999999808e-01 -9.165856815951970930e+03
5.285000000000000808e-01 -9.168094121038599042e+03
5.286000000000000698e-01 -9.170329985782700533e+03
5.287000000000000588e-01 -9.172566339658798825e+03
5.288000000000000478e-01 -9.174802517994572554e+03
5.289000000000000368e-01 -9.177038148649362483e+03
5.290000000000000258e-01 -9.179272664804972010e+03
5.291000000000000147e-01 -9.181507060774361889e+03
5.292000000000000037e-01 -9.183741763408188490e+03
5.292999999999999927e-01 -9.185975773261852737e+03
5.293999999999999817e-01 -9.188209110086601868e+03
5.294999999999999707e-01 -9.190442937682750198e+03
5.296000000000000707e-01 -9.192675260630783669e+03
5.297000000000000597e-01 -9.194907296755542120e+03
5.298000000000000487e-01 -9.197137859584436228e+03
5.299000000000000377e-01 -9.199366997594699569e+03
5.300000000000000266e-01 -9.201594783511518472e+03
5.301000000000000156e-01 -9.203809093099251186e+03
5.302000000000000046e-01 -9.205982704016609205e+03
5.302999999999999936e-01 -9.208116674209108169e+03
5.303999999999999826e-01 -9.210219186317852291e+03
5.304999999999999716e-01 -9.212298125145211088e+03
5.306000000000000716e-01 -9.214359675569437968e+03
5.307000000000000606e-01 -9.216407848828934220e+03
5.308000000000000496e-01 -9.218445119264497407e+03
5.309000000000000385e-01 -9.220473994213827609e+03
5.310000000000000275e-01 -9.222496334739918893e+03
5.311000000000000165e-01 -9.224512314069432250e+03
5.312000000000000055e-01 -9.226523755002388498e+03
5.312999999999999945e-01 -9.228531984639095754e+03
5.313999999999999835e-01 -9.230537890257897743e+03
5.314999999999999725e-01 -9.232542078603488335e+03
5.316000000000000725e-01 -9.234544984681977439e+03
5.317000000000000615e-01 -9.236546940260790507e+03
5.318000000000000504e-01 -9.238548200535471551e+03
5.319000000000000394e-01 -9.240548961715972837e+03
5.320000000000000284e-01 -9.242549349090761098e+03
5.321000000000000174e-01 -9.244549412872054745e+03
5.322000000000000064e-01 -9.246549224966145630e+03
5.322999999999999954e-01 -9.248548861146418858e+03
5.323999999999999844e-01 -9.250548380639393145e+03
5.324999999999999734e-01 -9.252547822598777202e+03
5.326000000000000734e-01 -9.254547208419138769e+03
5.327000000000000624e-01 -9.256546545330023946e+03
5.328000000000000513e-01 -9.258545829836744815e+03
5.329000000000000403e-01 -9.260545050651297061e+03
5.330000000000000293e-01 -9.262544191076063726e+03
5.331000000000000183e-01 -9.264543230906037934e+03
5.332000000000000073e-01 -9.266542147680067501e+03
5.332999999999999963e-01 -9.268540864406708351e+03
5.333999999999999853e-01 -9.270539299781217778e+03
5.334999999999999742e-01 -9.272537395987468699e+03
5.336000000000000743e-01 -9.274535144447472703e+03
5.337000000000000632e-01 -9.276532569276019785e+03
5.338000000000000522e-01 -9.278529679916944588e+03
5.339000000000000412e-01 -9.280526476211831323e+03
5.340000000000000302e-01 -9.282522951745051614e+03
5.341000000000000192e-01 -9.284519095576830296e+03
5.342000000000000082e-01 -9.286514893001669407e+03
5.342999999999999972e-01 -9.288510325451956305e+03
5.343999999999999861e-01 -9.290505334070954632e+03
5.344999999999999751e-01 -9.292499891804249273e+03
5.346000000000000751e-01 -9.294494014572039305e+03
5.347000000000000641e-01 -9.296487625032163123e+03
5.348000000000000531e-01 -9.298480356211930484e+03
5.349000000000000421e-01 -9.300472476893066414e+03
5.350000000000000311e-01 -9.302463806494475648e+03
5.351000000000000201e-01 -9.304453567477608885e+03
5.352000000000000091e-01 -9.306439429580945216e+03
5.352999999999999980e-01 -9.308420302374404855e+03
5.353999999999999870e-01 -9.310396576008228294e+03
5.354999999999999760e-01 -9.312370215739380001e+03
5.356000000000000760e-01 -9.314341521385280430e+03
5.357000000000000650e-01 -9.316313361466523929e+03
5.358000000000000540e-01 -9.318281719900214739e+03
5.359000000000000430e-01 -9.320249039465890746e+03
5.360000000000000320e-01 -9.322215896236359185e+03
5.361000000000000210e-01 -9.324182191383901227e+03
5.362000000000000099e-01 -9.326147766892658183e+03
5.362999999999999989e-01 -9.328112646297448009e+03
5.363999999999999879e-01 -9.330077009489186821e+03
5.364999999999999769e-01 -9.332040920776838902e+03
5.366000000000000769e-01 -9.334004396625850859e+03
5.367000000000000659e-01 -9.335967671368123774e+03
5.368000000000000549e-01 -9.337931867972871260e+03
5.369000000000000439e-01 -9.339896168076949834e+03
5.370000000000000329e-01 -9.341859411387504224e+03
5.371000000000000218e-01 -9.343822292136008400e+03
5.372000000000000108e-01 -9.345786495391956123e+03
5.372999999999999998e-01 -9.347751789502071915e+03
5.373999999999999888e-01 -9.349717437474817416e+03
5.374999999999999778e-01 -9.351681256601830682e+03
5.376000000000000778e-01 -9.353641723378859751e+03
5.377000000000000668e-01 -9.355599832898118621e+03
5.378000000000000558e-01 -9.357557431803843428e+03
5.379000000000000448e-01 -9.359515090450311618e+03
5.380000000000000338e-01 -9.361475443540175547e+03
5.381000000000000227e-01 -9.363436973254294571e+03
5.382000000000000117e-01 -9.365398023974816169e+03
5.383000000000000007e-01 -9.367357608136868294e+03
5.383999999999999897e-01 -9.369315228916935666e+03
5.384999999999999787e-01 -9.371270715747183203e+03
5.386000000000000787e-01 -9.373224041717374348e+03
5.387000000000000677e-01 -9.375180003933335684e+03
5.388000000000000567e-01 -9.377132609916945512e+03
5.389000000000000457e-01 -9.379078004184675592e+03
5.390000000000000346e-01 -9.381022092057986811e+03
5.391000000000000236e-01 -9.382970383590811252e+03
5.392000000000000126e-01 -9.384925127143935242e+03
5.393000000000000016e-01 -9.386882438510483553e+03
5.393999999999999906e-01 -9.388845883602485628e+03
5.394999999999999796e-01 -9.390805334369246339e+03
5.396000000000000796e-01 -9.392754546899395791e+03
5.397000000000000686e-01 -9.394695746078547018e+03
5.398000000000000576e-01 -9.396625489628866490e+03
5.399000000000000465e-01 -9.398538126279139760e+03
5.400000000000000355e-01 -9.400436291596015508e+03
5.401000000000000245e-01 -9.402319672380792326e+03
5.402000000000000135e-01 -9.404200749283036203e+03
5.403000000000000025e-01 -9.406093062968635422e+03
5.403999999999999915e-01 -9.407990906144475957e+03
5.404999999999999805e-01 -9.409883909998396120e+03
5.406000000000000805e-01 -9.411782586128103503e+03
5.407000000000000695e-01 -9.413661898094193020e+03
5.408000000000000584e-01 -9.415546663177025039e+03
5.409000000000000474e-01 -9.417484608728851526e+03
5.410000000000000364e-01 -9.419471659918786827e+03
5.411000000000000254e-01 -9.421467401829529990e+03
5.412000000000000144e-01 -9.423437778394605630e+03
5.413000000000000034e-01 -9.425375569339050344e+03
5.413999999999999924e-01 -9.427291757353385037e+03
5.414999999999999813e-01 -9.429202151005874839e+03
5.416000000000000814e-01 -9.431119937151923295e+03
5.417000000000000703e-01 -9.433052974533960878e+03
5.418000000000000593e-01 -9.435003559109673006e+03
5.419000000000000483e-01 -9.436968622066402531e+03
5.420000000000000373e-01 -9.438940950575084571e+03
5.421000000000000263e-01 -9.440911796392851102e+03
5.422000000000000153e-01 -9.442873374864928337e+03
5.423000000000000043e-01 -9.444817272407473865e+03
5.423999999999999932e-01 -9.446735691379903074e+03
5.424999999999999822e-01 -9.448618167926588285e+03
5.425999999999999712e-01 -9.450445143583081517e+03
5.427000000000000712e-01 -9.452176200588650318e+03
5.428000000000000602e-01 -9.453776204586998574e+03
5.429000000000000492e-01 -9.455228267568794763e+03
5.430000000000000382e-01 -9.456523492976635680e+03
5.431000000000000272e-01 -9.457651034599241029e+03
5.432000000000000162e-01 -9.458594519237218265e+03
5.433000000000000052e-01 -9.459333903455988548e+03
5.433999999999999941e-01 -9.459849141762068029e+03
5.434999999999999831e-01 -9.460133395271361223e+03
5.435999999999999721e-01 -9.460222112807850863e+03
5.437000000000000721e-01 -9.460145670285532105e+03
5.438000000000000611e-01 -9.459899175084383387e+03
5.439000000000000501e-01 -9.459492522705151714e+03
5.440000000000000391e-01 -9.459033300649145531e+03
5.441000000000000281e-01 -9.458565316634663759e+03
5.442000000000000171e-01 -9.458121359521950581e+03
5.443000000000000060e-01 -9.457801555520021793e+03
5.443999999999999950e-01 -9.457701387227489249e+03
5.444999999999999840e-01 -9.457795106552390280e+03
5.445999999999999730e-01 -9.458040380570466368e+03
5.447000000000000730e-01 -9.458338130361631556e+03
5.448000000000000620e-01 -9.458594130635352485e+03
5.449000000000000510e-01 -9.459089485351150870e+03
5.450000000000000400e-01 -9.460097937197628198e+03
5.451000000000000290e-01 -9.461605343411200010e+03
5.452000000000000179e-01 -9.463466593821807692e+03
5.453000000000000069e-01 -9.465529080216514558e+03
5.453999999999999959e-01 -9.467662552111416517e+03
5.454999999999999849e-01 -9.469789902715750941e+03
5.455999999999999739e-01 -9.471871938326257805e+03
5.457000000000000739e-01 -9.473861623675755254e+03
5.458000000000000629e-01 -9.475838151612237198e+03
5.459000000000000519e-01 -9.477799318537114232e+03
5.460000000000000409e-01 -9.479716996042256142e+03
5.461000000000000298e-01 -9.481695389361197158e+03
5.462000000000000188e-01 -9.483771820178040798e+03
5.463000000000000078e-01 -9.485923705399323808e+03
5.463999999999999968e-01 -9.488086954170294121e+03
5.464999999999999858e-01 -9.490227201328747469e+03
5.465999999999999748e-01 -9.492335524487181829e+03
5.467000000000000748e-01 -9.494415637118669110e+03
5.468000000000000638e-01 -9.496468922968570041e+03
5.469000000000000528e-01 -9.498505700213860109e+03
5.470000000000000417e-01 -9.500538056710855017e+03
5.471000000000000307e-01 -9.502575245476435157e+03
5.472000000000000197e-01 -9.504618250852501660e+03
5.473000000000000087e-01 -9.506675048080356646e+03
5.473999999999999977e-01 -9.508746406819596814e+03
5.474999999999999867e-01 -9.510822597350283104e+03
5.475999999999999757e-01 -9.512895593466457285e+03
5.477000000000000757e-01 -9.514960174198724417e+03
5.478000000000000647e-01 -9.517013300829685249e+03
5.479000000000000536e-01 -9.519056516671620557e+03
5.480000000000000426e-01 -9.521091605662968504e+03
5.481000000000000316e-01 -9.523119020465457652e+03
5.482000000000000206e-01 -9.525140618118606653e+03
5.483000000000000096e-01 -9.527156073039172043e+03
5.483999999999999986e-01 -9.529166594146900024e+03
5.484999999999999876e-01 -9.531187088111400953e+03
5.485999999999999766e-01 -9.533201162467692484e+03
5.487000000000000766e-01 -9.535200141355351661e+03
5.488000000000000655e-01 -9.537195829504036737e+03
5.489000000000000545e-01 -9.539192549755458458e+03
5.490000000000000435e-01 -9.541193160816132149e+03
5.491000000000000325e-01 -9.543197805236301065e+03
5.492000000000000215e-01 -9.545206753297403338e+03
5.493000000000000105e-01 -9.547215597379321480e+03
5.493999999999999995e-01 -9.549225920684088123e+03
5.494999999999999885e-01 -9.551240362680293401e+03
5.495999999999999774e-01 -9.553256246004251807e+03
5.497000000000000774e-01 -9.555274947312636868e+03
5.498000000000000664e-01 -9.557296744740166105e+03
5.499000000000000554e-01 -9.559320142099712029e+03
5.500000000000000444e-01 -9.561348648796969428e+03
5.501000000000000334e-01 -9.565156992540067222e+03
5.502000000000000224e-01 -9.570072738954675515e+03
5.503000000000000114e-01 -9.575273785842542566e+03
5.504000000000000004e-01 -9.580822547378553281e+03
5.504999999999999893e-01 -9.587041902644205038e+03
5.505999999999999783e-01 -9.594130707653204809e+03
5.507000000000000783e-01 -9.601981122145922200e+03
5.508000000000000673e-01 -9.610080853609353653e+03
5.509000000000000563e-01 -9.618718485656436314e+03
5.510000000000000453e-01 -9.627756091712441048e+03
5.511000000000000343e-01 -9.635341877809021753e+03
5.512000000000000233e-01 -9.640266051674203482e+03
5.513000000000000123e-01 -9.643854479405248640e+03
5.514000000000000012e-01 -9.646797699962749903e+03
5.514999999999999902e-01 -9.649328335127225728e+03
5.515999999999999792e-01 -9.651575216229664875e+03
5.517000000000000792e-01 -9.653598330481687299e+03
5.518000000000000682e-01 -9.655425787641555871e+03
5.519000000000000572e-01 -9.657073146547871147e+03
5.520000000000000462e-01 -9.658585341276835607e+03
5.521000000000000352e-01 -9.659890807453948582e+03
5.522000000000000242e-01 -9.661656318126297265e+03
5.523000000000000131e-01 -9.664878357199098900e+03
5.524000000000000021e-01 -9.667939141638144065e+03
5.524999999999999911e-01 -9.670251328219992502e+03
5.525999999999999801e-01 -9.671987122748691036e+03
5.527000000000000801e-01 -9.673386978161002844e+03
5.528000000000000691e-01 -9.674576327609833243e+03
5.529000000000000581e-01 -9.675607093102320505e+03
5.530000000000000471e-01 -9.676491211275664682e+03
5.531000000000000361e-01 -9.677239797382322649e+03
5.532000000000000250e-01 -9.677866926003262051e+03
5.533000000000000140e-01 -9.678374052663350085e+03
5.534000000000000030e-01 -9.678753305703648948e+03
5.534999999999999920e-01 -9.678982497687615250e+03
5.535999999999999810e-01 -9.679011002194994944e+03
5.537000000000000810e-01 -9.678612632894943090e+03
5.538000000000000700e-01 -9.677719956343233207e+03
5.539000000000000590e-01 -9.676498762482242455e+03
5.540000000000000480e-01 -9.675177687938248710e+03
5.541000000000000369e-01 -9.673816950643316886e+03
5.542000000000000259e-01 -9.672441582964396730e+03
5.543000000000000149e-01 -9.671190494468030010e+03
5.544000000000000039e-01 -9.670298149271497095e+03
5.544999999999999929e-01 -9.669739700178997737e+03
5.545999999999999819e-01 -9.669617310157316751e+03
5.547000000000000819e-01 -9.669974911639221318e+03
5.548000000000000709e-01 -9.670877720159640376e+03
5.549000000000000599e-01 -9.672343682024678856e+03
5.550000000000000488e-01 -9.674220984317205875e+03
5.551000000000000378e-01 -9.676315732378308894e+03
5.552000000000000268e-01 -9.678490966620149266e+03
5.553000000000000158e-01 -9.680658206064563274e+03
5.554000000000000048e-01 -9.682789403164266332e+03
5.554999999999999938e-01 -9.684868582279725160e+03
5.555999999999999828e-01 -9.686813155710031424e+03
5.556999999999999718e-01 -9.688770336926942036e+03
5.558000000000000718e-01 -9.690715293383032986e+03
5.559000000000000608e-01 -9.692704355750225659e+03
5.560000000000000497e-01 -9.694822528491353296e+03
5.561000000000000387e-01 -9.697014837132675893e+03
5.562000000000000277e-01 -9.699212820190065031e+03
5.563000000000000167e-01 -9.701394002395511052e+03
5.564000000000000057e-01 -9.703543963564985461e+03
5.564999999999999947e-01 -9.705642655991505308e+03
5.565999999999999837e-01 -9.707691540806590638e+03
5.566999999999999726e-01 -9.709706585579609964e+03
5.568000000000000727e-01 -9.711706138224568349e+03
5.569000000000000616e-01 -9.713703613992554892e+03
5.570000000000000506e-01 -9.715718701116355078e+03
5.571000000000000396e-01 -9.717765869544486122e+03
5.572000000000000286e-01 -9.719852484832257687e+03
5.573000000000000176e-01 -9.721940951016740655e+03
5.574000000000000066e-01 -9.724024642561294968e+03
5.574999999999999956e-01 -9.726099432900926331e+03
5.575999999999999845e-01 -9.728162425309110404e+03
5.576999999999999735e-01 -9.730212513136211783e+03
5.578000000000000735e-01 -9.732249961889529004e+03
5.579000000000000625e-01 -9.734275935208044757e+03
5.580000000000000515e-01 -9.736303496998722039e+03
5.581000000000000405e-01 -9.738336663502470401e+03
5.582000000000000295e-01 -9.740336716236273787e+03
5.583000000000000185e-01 -9.742326990213872705e+03
5.584000000000000075e-01 -9.744321484840118501e+03
5.584999999999999964e-01 -9.746316793498939660e+03
5.585999999999999854e-01 -9.748313016143965797e+03
5.586999999999999744e-01 -9.750310447822299466e+03
5.588000000000000744e-01 -9.752311211125070258e+03
5.589000000000000634e-01 -9.754311197530969366e+03
5.590000000000000524e-01 -9.756313911933870259e+03
5.591000000000000414e-01 -9.758319899243326290e+03
5.592000000000000304e-01 -9.760338606500368769e+03
5.593000000000000194e-01 -9.762359724610289049e+03
5.594000000000000083e-01 -9.764384852016748482e+03
5.594999999999999973e-01 -9.766415292377701917e+03
5.595999999999999863e-01 -9.768454033072952370e+03
5.596999999999999753e-01 -9.770497581305575295e+03
5.598000000000000753e-01 -9.772545567667375508e+03
5.599000000000000643e-01 -9.774597431684886033e+03
5.600000000000000533e-01 -9.776651525925166425e+03
5.601000000000000423e-01 -9.778719253571840454e+03
5.602000000000000313e-01 -9.780831136661716300e+03
5.603000000000000203e-01 -9.782985142409441323e+03
5.604000000000000092e-01 -9.785171300493249873e+03
5.604999999999999982e-01 -9.787380917739610595e+03
5.605999999999999872e-01 -9.789607597571533915e+03
5.606999999999999762e-01 -9.791846764452171556e+03
5.608000000000000762e-01 -9.794094771301242872e+03
5.609000000000000652e-01 -9.796346651355615904e+03
5.610000000000000542e-01 -9.798605525740083976e+03
5.611000000000000432e-01 -9.800869354428179577e+03
5.612000000000000322e-01 -9.803135926462135103e+03
5.613000000000000211e-01 -9.805403257202433451e+03
5.614000000000000101e-01 -9.807672931551047441e+03
5.614999999999999991e-01 -9.809946634444926531e+03
5.615999999999999881e-01 -9.812224123051168135e+03
5.616999999999999771e-01 -9.814505812082023112e+03
5.618000000000000771e-01 -9.816791521840739733e+03
5.619000000000000661e-01 -9.819081191182231123e+03
5.620000000000000551e-01 -9.821374148119262827e+03
5.621000000000000441e-01 -9.823669546585344506e+03
5.622000000000000330e-01 -9.825966626967556294e+03
5.623000000000000220e-01 -9.828265328995596064e+03
5.624000000000000110e-01 -9.830564522199945714e+03
5.625000000000000000e-01 -9.832863304743421395e+03
5.625999999999999890e-01 -9.835162244625054882e+03
5.626999999999999780e-01 -9.837462340440615662e+03
5.628000000000000780e-01 -9.839761488807103888e+03
5.629000000000000670e-01 -9.842060519838425535e+03
5.630000000000000560e-01 -9.844359712554982252e+03
5.631000000000000449e-01 -9.846659140969739383e+03
5.632000000000000339e-01 -9.848958929940676171e+03
5.633000000000000229e-01 -9.851259533028900478e+03
5.634000000000000119e-01 -9.853561643279090276e+03
5.635000000000000009e-01 -9.855864445926225017e+03
5.635999999999999899e-01 -9.858168095337145132e+03
5.636999999999999789e-01 -9.860472421188887893e+03
5.638000000000000789e-01 -9.862777992061883197e+03
5.639000000000000679e-01 -9.865086145748960917e+03
5.640000000000000568e-01 -9.867395758485332408e+03
5.641000000000000458e-01 -9.869705777849572769e+03
5.642000000000000348e-01 -9.872018419204308884e+03
5.643000000000000238e-01 -9.874334164955895176e+03
5.644000000000000128e-01 -9.876650097770529101e+03
5.645000000000000018e-01 -9.878967408993579738e+03
5.645999999999999908e-01 -9.881286766074959814e+03
5.646999999999999797e-01 -9.883609689471315505e+03
5.648000000000000798e-01 -9.885938680012752229e+03
5.649000000000000687e-01 -9.888275148814300337e+03
5.650000000000000577e-01 -9.890622454856726108e+03
5.651000000000000467e-01 -9.892982983352136216e+03
5.652000000000000357e-01 -9.895357737896256367e+03
5.653000000000000247e-01 -9.897746492946995204e+03
5.654000000000000137e-01 -9.900148484888599342e+03
5.655000000000000027e-01 -9.902563751223220606e+03
5.655999999999999917e-01 -9.904993389792132803e+03
5.656999999999999806e-01 -9.907438772813758987e+03
5.658000000000000806e-01 -9.909908443841568442e+03
5.659000000000000696e-01 -9.912408462213003077e+03
5.660000000000000586e-01 -9.914940140879587489e+03
5.661000000000000476e-01 -9.917503072751538639e+03
5.662000000000000366e-01 -9.920096605102602553e+03
5.663000000000000256e-01 -9.922720407008357142e+03
5.664000000000000146e-01 -9.925373127939430560e+03
5.665000000000000036e-01 -9.928054363983315852e+03
5.665999999999999925e-01 -9.930766679567756000e+03
5.666999999999999815e-01 -9.933513114573286657e+03
5.668000000000000815e-01 -9.936301169020627640e+03
5.669000000000000705e-01 -9.939148576841520480e+03
5.670000000000000595e-01 -9.942067715462992055e+03
5.671000000000000485e-01 -9.945061534093234513e+03
5.672000000000000375e-01 -9.948127609009194202e+03
5.673000000000000265e-01 -9.951261645338194285e+03
5.674000000000000155e-01 -9.954475493521737008e+03
5.675000000000000044e-01 -9.957762729800400848e+03
5.675999999999999934e-01 -9.961157845330735654e+03
5.676999999999999824e-01 -9.964761490092056192e+03
5.678000000000000824e-01 -9.968623819899303271e+03
5.679000000000000714e-01 -9.972651772431268910e+03
5.680000000000000604e-01 -9.976750737001451853e+03
5.681000000000000494e-01 -9.980993488442876696e+03
5.682000000000000384e-01 -9.985406610608433766e+03
5.683000000000000274e-01 -9.990013298819747433e+03
5.684000000000000163e-01 -9.994843152065390314e+03
5.685000000000000053e-01 -9.999922702198251500e+03
5.685999999999999943e-01 -1.000522206699349226e+04
5.686999999999999833e-01 -1.001080055050770716e+04
5.687999999999999723e-01 -1.001667377531971943e+04
5.689000000000000723e-01 -1.002289136560923907e+04
5.690000000000000613e-01 -1.002874285148735908e+04
5.691000000000000503e-01 -1.003256784445722224e+04
5.692000000000000393e-01 -1.003489420040164077e+04
5.693000000000000282e-01 -1.003694620152147945e+04
5.694000000000000172e-01 -1.003888054031970205e+04
5.695000000000000062e-01 -1.004071488077910908e+04
5.695999999999999952e-01 -1.004253831914681723e+04
5.696999999999999842e-01 -1.004441621398441202e+04
5.697999999999999732e-01 -1.004638629249922451e+04
5.699000000000000732e-01 -1.004845978064143128e+04
5.700000000000000622e-01 -1.005062346579076620e+04
5.701000000000000512e-01 -1.005284499257932475e+04
5.702000000000000401e-01 -1.005509093948692498e+04
5.703000000000000291e-01 -1.005733741386943802e+04
5.704000000000000181e-01 -1.005958481341086008e+04
5.705000000000000071e-01 -1.006184097618288069e+04
5.705999999999999961e-01 -1.006410011156103064e+04
5.706999999999999851e-01 -1.006637018274302682e+04
5.707999999999999741e-01 -1.006864760852278596e+04
5.709000000000000741e-01 -1.007092112984876803e+04
5.710000000000000631e-01 -1.007318404643289068e+04
5.711000000000000520e-01 -1.007543454805922374e+04
5.712000000000000410e-01 -1.007767457180894235e+04
5.713000000000000300e-01 -1.007991063426640358e+04
5.714000000000000190e-01 -1.008215207351852769e+04
5.715000000000000080e-01 -1.008440946651056402e+04
5.715999999999999970e-01 -1.008667736592786605e+04
5.716999999999999860e-01 -1.008894520398301211e+04
5.717999999999999750e-01 -1.009121024942092663e+04
5.719000000000000750e-01 -1.009347556665642514e+04
5.720000000000000639e-01 -1.009574250476110501e+04
5.721000000000000529e-01 -1.009801130801978434e+04
5.722000000000000419e-01 -1.010028180724718550e+04
5.723000000000000309e-01 -1.010255372872393127e+04
5.724000000000000199e-01 -1.010482681623938515e+04
5.725000000000000089e-01 -1.010710086544937440e+04
5.725999999999999979e-01 -1.010937568534064485e+04
5.726999999999999869e-01 -1.011165111147286552e+04
5.727999999999999758e-01 -1.011392697208750906e+04
5.729000000000000759e-01 -1.011620308769250551e+04
5.730000000000000648e-01 -1.011847928747476544e+04
5.731000000000000538e-01 -1.012075541888092448e+04
5.732000000000000428e-01 -1.012303135309242134e+04
5.733000000000000318e-01 -1.012530698794981618e+04
5.734000000000000208e-01 -1.012758224906801115e+04
5.735000000000000098e-01 -1.012985710724800083e+04
5.735999999999999988e-01 -1.013213168800821040e+04
5.736999999999999877e-01 -1.013440604638876721e+04
5.737999999999999767e-01 -1.013667964658713390e+04
5.739000000000000767e-01 -1.013895132538083999e+04
5.740000000000000657e-01 -1.014121993945389659e+04
5.741000000000000547e-01 -1.014348553110368266e+04
5.742000000000000437e-01 -1.014574803994605281e+04
5.743000000000000327e-01 -1.014800652164325038e+04
5.744000000000000217e-01 -1.015026051374036615e+04
5.745000000000000107e-01 -1.015251107041300565e+04
5.745999999999999996e-01 -1.015475977605777371e+04
5.746999999999999886e-01 -1.015700812523473178e+04
5.747999999999999776e-01 -1.015925724289408390e+04
5.749000000000000776e-01 -1.016150800081548005e+04
5.750000000000000666e-01 -1.016376110141652862e+04
5.751000000000000556e-01 -1.016601697028174385e+04
5.752000000000000446e-01 -1.016827588058268339e+04
5.753000000000000336e-01 -1.017053800878423681e+04
5.754000000000000226e-01 -1.017280345603466776e+04
5.755000000000000115e-01 -1.017507226146026733e+04
5.756000000000000005e-01 -1.017734441386820072e+04
5.756999999999999895e-01 -1.017961962030751783e+04
5.757999999999999785e-01 -1.018189599553291737e+04
5.759000000000000785e-01 -1.018417061139907673e+04
5.760000000000000675e-01 -1.018644383025424395e+04
5.761000000000000565e-01 -1.018871640754395048e+04
5.762000000000000455e-01 -1.019098855556373564e+04
5.763000000000000345e-01 -1.019326017082073486e+04
5.764000000000000234e-01 -1.019553028142198309e+04
5.765000000000000124e-01 -1.019779806125936921e+04
5.766000000000000014e-01 -1.020006528461138078e+04
5.766999999999999904e-01 -1.020233160568828134e+04
5.767999999999999794e-01 -1.020459692449588329e+04
5.769000000000000794e-01 -1.020686106849418502e+04
5.770000000000000684e-01 -1.020911857414199767e+04
5.771000000000000574e-01 -1.021135914053946908e+04
5.772000000000000464e-01 -1.021358552535610579e+04
5.773000000000000353e-01 -1.021580334884850527e+04
5.774000000000000243e-01 -1.021801586605893135e+04
5.775000000000000133e-01 -1.022022492798220628e+04
5.776000000000000023e-01 -1.022243163540144633e+04
5.776999999999999913e-01 -1.022463671220295873e+04
5.777999999999999803e-01 -1.022684075826700246e+04
5.779000000000000803e-01 -1.022904413690762340e+04
5.780000000000000693e-01 -1.023124712749831451e+04
5.781000000000000583e-01 -1.023345001590281208e+04
5.782000000000000473e-01 -1.023565309164966311e+04
5.783000000000000362e-01 -1.023785663390746049e+04
5.784000000000000252e-01 -1.024006089655285541e+04
5.785000000000000142e-01 -1.024226609433617705e+04
5.786000000000000032e-01 -1.024447239123724830e+04
5.786999999999999922e-01 -1.024667989203652360e+04
5.787999999999999812e-01 -1.024888863801076877e+04
5.789000000000000812e-01 -1.025109860730332730e+04
5.790000000000000702e-01 -1.025330971999227040e+04
5.791000000000000592e-01 -1.025552184729251167e+04
5.792000000000000481e-01 -1.025773482380654241e+04
5.793000000000000371e-01 -1.025994846139982474e+04
5.794000000000000261e-01 -1.026216275226227845e+04
5.795000000000000151e-01 -1.026437703076637081e+04
5.796000000000000041e-01 -1.026658994186736891e+04
5.796999999999999931e-01 -1.026880128775715275e+04
5.797999999999999821e-01 -1.027101122575884801e+04
5.799000000000000821e-01 -1.027322003355557354e+04
5.800000000000000711e-01 -1.027542821277804251e+04
5.801000000000000600e-01 -1.027762127469179723e+04
5.802000000000000490e-01 -1.027977090238612800e+04
5.803000000000000380e-01 -1.028187961688627365e+04
5.804000000000000270e-01 -1.028395702261414408e+04
5.805000000000000160e-01 -1.028601144842540998e+04
5.806000000000000050e-01 -1.028804908646942749e+04
5.806999999999999940e-01 -1.029007440710334413e+04
5.807999999999999829e-01 -1.029209064252289681e+04
5.809000000000000830e-01 -1.029410015262095658e+04
5.810000000000000719e-01 -1.029610467866178260e+04
5.811000000000000609e-01 -1.029810549772860213e+04
5.812000000000000499e-01 -1.030010361314183137e+04
5.813000000000000389e-01 -1.030209978788415538e+04
5.814000000000000279e-01 -1.030409458994901979e+04
5.815000000000000169e-01 -1.030608844797591155e+04
5.816000000000000059e-01 -1.030808198070101571e+04
5.816999999999999948e-01 -1.031007605497044460e+04
5.817999999999999838e-01 -1.031207085362634643e+04
5.818999999999999728e-01 -1.031406632240142790e+04
5.820000000000000728e-01 -1.031606239981556791e+04
5.821000000000000618e-01 -1.031805885512806344e+04
5.822000000000000508e-01 -1.032005589643850908e+04
5.823000000000000398e-01 -1.032205330664177745e+04
5.824000000000000288e-01 -1.032405075644468343e+04
5.825000000000000178e-01 -1.032604800866050755e+04
5.826000000000000068e-01 -1.032804571751456388e+04
5.826999999999999957e-01 -1.033004345741676116e+04
5.827999999999999847e-01 -1.033204132153696082e+04
5.828999999999999737e-01 -1.033403910600614472e+04
5.830000000000000737e-01 -1.033603543303849438e+04
5.831000000000000627e-01 -1.033803035222905601e+04
5.832000000000000517e-01 -1.034002421024878458e+04
5.833000000000000407e-01 -1.034201730817566749e+04
5.834000000000000297e-01 -1.034400978657097585e+04
5.835000000000000187e-01 -1.034600173569432809e+04
5.836000000000000076e-01 -1.034799321663643423e+04
5.836999999999999966e-01 -1.034998421192678143e+04
5.837999999999999856e-01 -1.035197459705139408e+04
5.838999999999999746e-01 -1.035396365440692534e+04
5.840000000000000746e-01 -1.035594990791512646e+04
5.841000000000000636e-01 -1.035793225210223318e+04
5.842000000000000526e-01 -1.035990869848252805e+04
5.843000000000000416e-01 -1.036188056523431260e+04
5.844000000000000306e-01 -1.036384881125433458e+04
5.845000000000000195e-01 -1.036581476478861441e+04
5.846000000000000085e-01 -1.036777853843947014e+04
5.846999999999999975e-01 -1.036973887709730843e+04
5.847999999999999865e-01 -1.037169695223320196e+04
5.848999999999999755e-01 -1.037365321822014630e+04
5.850000000000000755e-01 -1.037560787308734689e+04
5.851000000000000645e-01 -1.037756103676780003e+04
5.852000000000000535e-01 -1.037951280387407132e+04
5.853000000000000425e-01 -1.038146326032121578e+04
5.854000000000000314e-01 -1.038341248900564460e+04
5.855000000000000204e-01 -1.038536057187807091e+04
5.856000000000000094e-01 -1.038730759063432379e+04
5.856999999999999984e-01 -1.038925362238855450e+04
5.857999999999999874e-01 -1.039119870681314569e+04
5.858999999999999764e-01 -1.039314290788614744e+04
5.860000000000000764e-01 -1.039508631388480171e+04
5.861000000000000654e-01 -1.039702901128580925e+04
5.862000000000000544e-01 -1.039897107734305428e+04
5.863000000000000433e-01 -1.040091257746005977e+04
5.864000000000000323e-01 -1.040285341892380347e+04
5.865000000000000213e-01 -1.040479260929549855e+04
5.866000000000000103e-01 -1.040673220735954783e+04
5.866999999999999993e-01 -1.040867343480905220e+04
5.867999999999999883e-01 -1.041061734203593187e+04
5.868999999999999773e-01 -1.041256271186249614e+04
5.870000000000000773e-01 -1.041450952675537519e+04
5.871000000000000663e-01 -1.041645947110551606e+04
5.872000000000000552e-01 -1.041841806656295739e+04
5.873000000000000442e-01 -1.042037699909647745e+04
5.874000000000000332e-01 -1.042233920566987763e+04
5.875000000000000222e-01 -1.042430814280671257e+04
5.876000000000000112e-01 -1.042628497642089496e+04
5.877000000000000002e-01 -1.042825824034904326e+04
5.877999999999999892e-01 -1.043023390826656941e+04
5.878999999999999782e-01 -1.043221144474601533e+04
5.880000000000000782e-01 -1.043419056142898808e+04
5.881000000000000671e-01 -1.043617310626113431e+04
5.882000000000000561e-01 -1.043816003544829437e+04
5.883000000000000451e-01 -1.044014936834672153e+04
5.884000000000000341e-01 -1.044213590734907302e+04
5.885000000000000231e-01 -1.044411840451235003e+04
5.886000000000000121e-01 -1.044610027026391435e+04
5.887000000000000011e-01 -1.044808034231284728e+04
5.887999999999999901e-01 -1.045005750695273309e+04
5.888999999999999790e-01 -1.045203402240028299e+04
5.890000000000000790e-01 -1.045401135040324334e+04
5.891000000000000680e-01 -1.045599528640677454e+04
5.892000000000000570e-01 -1.045798003566921034e+04
5.893000000000000460e-01 -1.045995654229365755e+04
5.894000000000000350e-01 -1.046192556905540732e+04
5.895000000000000240e-01 -1.046389906742470885e+04
5.896000000000000130e-01 -1.046588610343265464e+04
5.897000000000000020e-01 -1.046788429215099677e+04
5.897999999999999909e-01 -1.046988613493211233e+04
5.898999999999999799e-01 -1.047188479511491641e+04
5.900000000000000799e-01 -1.047387758513331210e+04
5.901000000000000689e-01 -1.047586669166428874e+04
5.902000000000000579e-01 -1.047784942848742503e+04
5.903000000000000469e-01 -1.047982320631408402e+04
5.904000000000000359e-01 -1.048178772642540753e+04
5.905000000000000249e-01 -1.048374470982662206e+04
5.906000000000000139e-01 -1.048569492419453127e+04
5.907000000000000028e-01 -1.048763822515642823e+04
5.907999999999999918e-01 -1.048957618196664589e+04
5.908999999999999808e-01 -1.049151266207956178e+04
5.910000000000000808e-01 -1.049345322530973681e+04
5.911000000000000698e-01 -1.049539641452290743e+04
5.912000000000000588e-01 -1.049733797266801957e+04
5.913000000000000478e-01 -1.049927504994724222e+04
5.914000000000000368e-01 -1.050120721924846475e+04
5.915000000000000258e-01 -1.050313569443157940e+04
5.916000000000000147e-01 -1.050506217054703484e+04
5.917000000000000037e-01 -1.050698802102536683e+04
5.917999999999999927e-01 -1.050891399778693449e+04
5.918999999999999817e-01 -1.051084027965004316e+04
5.920000000000000817e-01 -1.051276665758949639e+04
5.921000000000000707e-01 -1.051469271259582820e+04
5.922000000000000597e-01 -1.051661792944979243e+04
5.923000000000000487e-01 -1.051854174426027930e+04
5.924000000000000377e-01 -1.052046355889435290e+04
5.925000000000000266e-01 -1.052238272075421082e+04
5.926000000000000156e-01 -1.052429846238720529e+04
5.927000000000000046e-01 -1.052620978472137722e+04
5.927999999999999936e-01 -1.052811484248148918e+04
5.928999999999999826e-01 -1.053000703373090619e+04
5.930000000000000826e-01 -1.053187453760118660e+04
5.931000000000000716e-01 -1.053369860628229617e+04
5.932000000000000606e-01 -1.053546076486121274e+04
5.933000000000000496e-01 -1.053715071114050261e+04
5.934000000000000385e-01 -1.053876083938774173e+04
5.935000000000000275e-01 -1.054028087067581509e+04
5.936000000000000165e-01 -1.054169605191272240e+04
5.937000000000000055e-01 -1.054298753588640830e+04
5.937999999999999945e-01 -1.054413544535198525e+04
5.938999999999999835e-01 -1.054512007357117727e+04
5.940000000000000835e-01 -1.054593349420257982e+04
5.941000000000000725e-01 -1.054659002578022591e+04
5.942000000000000615e-01 -1.054709777949218551e+04
5.943000000000000504e-01 -1.054745763799672568e+04
5.944000000000000394e-01 -1.054767015456800618e+04
5.945000000000000284e-01 -1.054773182534865191e+04
5.946000000000000174e-01 -1.054765884153645129e+04
5.947000000000000064e-01 -1.054752436384040993e+04
5.947999999999999954e-01 -1.054735653680629730e+04
5.948999999999999844e-01 -1.054717868390635158e+04
5.949999999999999734e-01 -1.054709067344775031e+04
5.951000000000000734e-01 -1.054721024149866025e+04
5.952000000000000624e-01 -1.054752151177061933e+04
5.953000000000000513e-01 -1.054801676244768169e+04
5.954000000000000403e-01 -1.054867776455772400e+04
5.955000000000000293e-01 -1.054952822370299327e+04
5.956000000000000183e-01 -1.055058730761331935e+04
5.957000000000000073e-01 -1.055182077720134293e+04
5.957999999999999963e-01 -1.055320121334559371e+04
5.958999999999999853e-01 -1.055469299035472613e+04
5.959999999999999742e-01 -1.055627078912175966e+04
5.961000000000000743e-01 -1.055792813535734422e+04
5.962000000000000632e-01 -1.055967522597866446e+04
5.963000000000000522e-01 -1.056148846388760103e+04
5.964000000000000412e-01 -1.056336211932139850e+04
5.965000000000000302e-01 -1.056529058280796380e+04
5.966000000000000192e-01 -1.056725223085149082e+04
5.967000000000000082e-01 -1.056923934663671935e+04
5.967999999999999972e-01 -1.057126045391913794e+04
5.968999999999999861e-01 -1.057329070102033620e+04
5.969999999999999751e-01 -1.057532488302113597e+04
5.971000000000000751e-01 -1.057738846682387521e+04
5.972000000000000641e-01 -1.057945719932556312e+04
5.973000000000000531e-01 -1.058152164518830250e+04
5.974000000000000421e-01 -1.058357850705976853e+04
5.975000000000000311e-01 -1.058562800142995548e+04
5.976000000000000201e-01 -1.058766591002336099e+04
5.977000000000000091e-01 -1.058969518413944752e+04
5.977999999999999980e-01 -1.059172606675458337e+04
5.978999999999999870e-01 -1.059375311905082526e+04
5.979999999999999760e-01 -1.059577522261531703e+04
5.981000000000000760e-01 -1.059779272972289800e+04
5.982000000000000650e-01 -1.059980630402376846e+04
5.983000000000000540e-01 -1.060181659562143432e+04
5.984000000000000430e-01 -1.060382418099822644e+04
5.985000000000000320e-01 -1.060582956899642522e+04
5.986000000000000210e-01 -1.060783321454442557e+04
5.987000000000000099e-01 -1.060983552731909185e+04
5.987999999999999989e-01 -1.061183687555033430e+04
5.988999999999999879e-01 -1.061383758760039382e+04
5.989999999999999769e-01 -1.061583795325780738e+04
5.991000000000000769e-01 -1.061783822558031534e+04
5.992000000000000659e-01 -1.061983862332151512e+04
5.993000000000000549e-01 -1.062183933359971888e+04
5.994000000000000439e-01 -1.062384051443082535e+04
5.995000000000000329e-01 -1.062584229688193227e+04
5.996000000000000218e-01 -1.062784478677970037e+04
5.997000000000000108e-01 -1.062984806604070400e+04
5.997999999999999998e-01 -1.063185222655300640e+04
5.998999999999999888e-01 -1.063385826197277129e+04
5.999999999999999778e-01 -1.063586866704669228e+04
6.001000000000000778e-01 -1.063971719829313770e+04
6.002000000000000668e-01 -1.064470554297296985e+04
6.003000000000000558e-01 -1.064997424475452499e+04
6.004000000000000448e-01 -1.065554361053512366e+04
6.005000000000000338e-01 -1.066172987338588428e+04
6.006000000000000227e-01 -1.066877119327256696e+04
6.007000000000000117e-01 -1.067634873946311927e+04
6.008000000000000007e-01 -1.068447982606986807e+04
6.008999999999999897e-01 -1.069308124973226586e+04
6.009999999999999787e-01 -1.070044799146904188e+04
6.011000000000000787e-01 -1.070533213554516078e+04
6.012000000000000677e-01 -1.070890029586859237e+04
6.013000000000000567e-01 -1.071174436967174188e+04
6.014000000000000457e-01 -1.071401167710648951e+04
6.015000000000000346e-01 -1.071574153042797661e+04
6.016000000000000236e-01 -1.071753883524300545e+04
6.017000000000000126e-01 -1.072004536071345683e+04
6.018000000000000016e-01 -1.072293795832208161e+04
6.018999999999999906e-01 -1.072548634118061091e+04
6.019999999999999796e-01 -1.072749625111539353e+04
6.021000000000000796e-01 -1.072914581417396948e+04
6.022000000000000686e-01 -1.073059777073517398e+04
6.023000000000000576e-01 -1.073195446610510044e+04
6.024000000000000465e-01 -1.073328150689900576e+04
6.025000000000000355e-01 -1.073462791433568236e+04
6.026000000000000245e-01 -1.073603445813292819e+04
6.027000000000000135e-01 -1.073752214091851965e+04
6.028000000000000025e-01 -1.073909966362055820e+04
6.028999999999999915e-01 -1.074076238194442521e+04
6.029999999999999805e-01 -1.074249209915083156e+04
6.031000000000000805e-01 -1.074426898443449318e+04
6.032000000000000695e-01 -1.074607036418062489e+04
6.033000000000000584e-01 -1.074787213421072920e+04
6.034000000000000474e-01 -1.074965256407368906e+04
6.035000000000000364e-01 -1.075139158541588949e+04
6.036000000000000254e-01 -1.075306947963448692e+04
6.037000000000000144e-01 -1.075466582772579022e+04
6.038000000000000034e-01 -1.075616642605375819e+04
6.038999999999999924e-01 -1.075755876828918554e+04
6.039999999999999813e-01 -1.075883044368130504e+04
6.041000000000000814e-01 -1.075997094881508019e+04
6.042000000000000703e-01 -1.076097233027663060e+04
6.043000000000000593e-01 -1.076182892004522728e+04
6.044000000000000483e-01 -1.076253696289670552e+04
6.045000000000000373e-01 -1.076309489906412637e+04
6.046000000000000263e-01 -1.076350914420834670e+04
6.047000000000000153e-01 -1.076382308488076887e+04
6.048000000000000043e-01 -1.076406807412167655e+04
6.048999999999999932e-01 -1.076426134962196011e+04
6.049999999999999822e-01 -1.076443761921089936e+04
6.051000000000000822e-01 -1.076464339787438075e+04
6.052000000000000712e-01 -1.076496666026929415e+04
6.053000000000000602e-01 -1.076544625279115644e+04
6.054000000000000492e-01 -1.076608618308924270e+04
6.055000000000000382e-01 -1.076684966932580392e+04
6.056000000000000272e-01 -1.076773169813626009e+04
6.057000000000000162e-01 -1.076876195375009411e+04
6.058000000000000052e-01 -1.076996504276013547e+04
6.058999999999999941e-01 -1.077132221511456373e+04
6.059999999999999831e-01 -1.077280446068643141e+04
6.061000000000000831e-01 -1.077438418721350536e+04
6.062000000000000721e-01 -1.077602499432417244e+04
6.063000000000000611e-01 -1.077773409049797556e+04
6.064000000000000501e-01 -1.077950301472099818e+04
6.065000000000000391e-01 -1.078131972970151219e+04
6.066000000000000281e-01 -1.078317947424233716e+04
6.067000000000000171e-01 -1.078505928577856139e+04
6.068000000000000060e-01 -1.078697163147139872e+04
6.068999999999999950e-01 -1.078893442920161215e+04
6.069999999999999840e-01 -1.079092700104088181e+04
6.071000000000000840e-01 -1.079293589385716405e+04
6.072000000000000730e-01 -1.079495324265524505e+04
6.073000000000000620e-01 -1.079697633061322813e+04
6.074000000000000510e-01 -1.079900235064050139e+04
6.075000000000000400e-01 -1.080102850403041884e+04
6.076000000000000290e-01 -1.080305997434058554e+04
6.077000000000000179e-01 -1.080509086527218096e+04
6.078000000000000069e-01 -1.080711878156638522e+04
6.078999999999999959e-01 -1.080914330342353242e+04
6.079999999999999849e-01 -1.081116464980898854e+04
6.080999999999999739e-01 -1.081318175842212804e+04
6.082000000000000739e-01 -1.081519508625659728e+04
6.083000000000000629e-01 -1.081720901764880000e+04
6.084000000000000519e-01 -1.081922320738577037e+04
6.085000000000000409e-01 -1.082123733893861754e+04
6.086000000000000298e-01 -1.082325147343522258e+04
6.087000000000000188e-01 -1.082526596722580507e+04
6.088000000000000078e-01 -1.082718322634857213e+04
6.088999999999999968e-01 -1.082844715705438466e+04
6.089999999999999858e-01 -1.082933875494758104e+04
6.090999999999999748e-01 -1.083029127611383774e+04
6.092000000000000748e-01 -1.083143972706241584e+04
6.093000000000000638e-01 -1.083278201100467049e+04
6.094000000000000528e-01 -1.083428009472010308e+04
6.095000000000000417e-01 -1.083590356648101988e+04
6.096000000000000307e-01 -1.083762943808756609e+04
6.097000000000000197e-01 -1.083943259213032434e+04
6.098000000000000087e-01 -1.084129168730955462e+04
6.098999999999999977e-01 -1.084319103112749690e+04
6.099999999999999867e-01 -1.084511956727845791e+04
6.100999999999999757e-01 -1.084708355372596816e+04
6.102000000000000757e-01 -1.084911206663035409e+04
6.103000000000000647e-01 -1.085120306411400452e+04
6.104000000000000536e-01 -1.085334359093642342e+04
6.105000000000000426e-01 -1.085552114336024169e+04
6.106000000000000316e-01 -1.085772597230037900e+04
6.107000000000000206e-01 -1.085995093519812326e+04
6.108000000000000096e-01 -1.086219088244541854e+04
6.108999999999999986e-01 -1.086444209844603574e+04
6.109999999999999876e-01 -1.086670188814602807e+04
6.110999999999999766e-01 -1.086896829043916659e+04
6.112000000000000766e-01 -1.087123988278486104e+04
6.113000000000000655e-01 -1.087351566933038339e+04
6.114000000000000545e-01 -1.087579503649737671e+04
6.115000000000000435e-01 -1.087807734418591463e+04
6.116000000000000325e-01 -1.088036261760739399e+04
6.117000000000000215e-01 -1.088265281924633200e+04
6.118000000000000105e-01 -1.088494951035604754e+04
6.118999999999999995e-01 -1.088725228897036322e+04
6.119999999999999885e-01 -1.088956028952853012e+04
6.120999999999999774e-01 -1.089187266400880981e+04
6.122000000000000774e-01 -1.089405225999742834e+04
6.123000000000000664e-01 -1.089579538407981272e+04
6.124000000000000554e-01 -1.089745684134454314e+04
6.125000000000000444e-01 -1.089920465568239160e+04
6.126000000000000334e-01 -1.090107203119390579e+04
6.127000000000000224e-01 -1.090304608663967520e+04
6.128000000000000114e-01 -1.090510422201102483e+04
6.129000000000000004e-01 -1.090722733264543422e+04
6.129999999999999893e-01 -1.090939854927973101e+04
6.130999999999999783e-01 -1.091160524568867550e+04
6.132000000000000783e-01 -1.091383882856532909e+04
6.133000000000000673e-01 -1.091609310677809844e+04
6.134000000000000563e-01 -1.091836387795104747e+04
6.135000000000000453e-01 -1.092064816427424921e+04
6.136000000000000343e-01 -1.092294379399966056e+04
6.137000000000000233e-01 -1.092524913642096180e+04
6.138000000000000123e-01 -1.092756294813699787e+04
6.139000000000000012e-01 -1.092988448566208899e+04
6.139999999999999902e-01 -1.093221447903175431e+04
6.140999999999999792e-01 -1.093455345715590192e+04
6.142000000000000792e-01 -1.093690084342381488e+04
6.143000000000000682e-01 -1.093925585344059436e+04
6.144000000000000572e-01 -1.094161792482751116e+04
6.145000000000000462e-01 -1.094398667538366681e+04
6.146000000000000352e-01 -1.094636208635810181e+04
6.147000000000000242e-01 -1.094874500603429806e+04
6.148000000000000131e-01 -1.095114144820081492e+04
6.149000000000000021e-01 -1.095355458905456726e+04
6.149999999999999911e-01 -1.095598467567341140e+04
6.150999999999999801e-01 -1.095843157228974997e+04
6.152000000000000801e-01 -1.096089530119318988e+04
6.153000000000000691e-01 -1.096337612831702791e+04
6.154000000000000581e-01 -1.096587449329761512e+04
6.155000000000000471e-01 -1.096839058567392567e+04
6.156000000000000361e-01 -1.097092148677054865e+04
6.157000000000000250e-01 -1.097346551058640580e+04
6.158000000000000140e-01 -1.097602712156789130e+04
6.159000000000000030e-01 -1.097859983188418482e+04
6.159999999999999920e-01 -1.098119453426501241e+04
6.160999999999999810e-01 -1.098381079834095544e+04
6.162000000000000810e-01 -1.098644514706624250e+04
6.163000000000000700e-01 -1.098911120035773638e+04
6.164000000000000590e-01 -1.099180729059921214e+04
6.165000000000000480e-01 -1.099453287681513029e+04
6.166000000000000369e-01 -1.099729752302215638e+04
6.167000000000000259e-01 -1.100010878025305101e+04
6.168000000000000149e-01 -1.100284974777859679e+04
6.169000000000000039e-01 -1.100539304893110602e+04
6.169999999999999929e-01 -1.100787919213743953e+04
6.170999999999999819e-01 -1.101041599117835176e+04
6.172000000000000819e-01 -1.101306570508473669e+04
6.173000000000000709e-01 -1.101593929853679037e+04
6.174000000000000599e-01 -1.101890358386972730e+04
6.175000000000000488e-01 -1.102169900265051547e+04
6.176000000000000378e-01 -1.102455103175263503e+04
6.177000000000000268e-01 -1.102773081145341530e+04
6.178000000000000158e-01 -1.103107834301164803e+04
6.179000000000000048e-01 -1.103449386263614360e+04
6.179999999999999938e-01 -1.103800901721394803e+04
6.180999999999999828e-01 -1.104178671731622853e+04
6.182000000000000828e-01 -1.104562306987289958e+04
6.183000000000000718e-01 -1.104957955651092561e+04
6.184000000000000608e-01 -1.105377226141538813e+04
6.185000000000000497e-01 -1.105818879028774063e+04
6.186000000000000387e-01 -1.106283905810274700e+04
6.187000000000000277e-01 -1.106779877854969891e+04
6.188000000000000167e-01 -1.107314176583131302e+04
6.189000000000000057e-01 -1.107882811516703441e+04
6.189999999999999947e-01 -1.108443678605131208e+04
6.190999999999999837e-01 -1.108838862346516908e+04
6.192000000000000837e-01 -1.109065677931720893e+04
6.193000000000000727e-01 -1.109241012764721745e+04
6.194000000000000616e-01 -1.109417641764275140e+04
6.195000000000000506e-01 -1.109597743547088430e+04
6.196000000000000396e-01 -1.109784036829145407e+04
6.197000000000000286e-01 -1.109980428337239209e+04
6.198000000000000176e-01 -1.110190785845586834e+04
6.199000000000000066e-01 -1.110415803811353362e+04
6.199999999999999956e-01 -1.110652229978320065e+04
6.200999999999999845e-01 -1.110894831160733702e+04
6.202000000000000846e-01 -1.111138502073316886e+04
6.203000000000000735e-01 -1.111378776395563182e+04
6.204000000000000625e-01 -1.111614288183463759e+04
6.205000000000000515e-01 -1.111846016843803773e+04
6.206000000000000405e-01 -1.112075570708347368e+04
6.207000000000000295e-01 -1.112304241822916447e+04
6.208000000000000185e-01 -1.112532845528814505e+04
6.209000000000000075e-01 -1.112762016896284149e+04
6.209999999999999964e-01 -1.112991422489396791e+04
6.210999999999999854e-01 -1.113220670737781438e+04
6.211999999999999744e-01 -1.113449699407530352e+04
6.213000000000000744e-01 -1.113678457101939603e+04
6.214000000000000634e-01 -1.113907018431552024e+04
6.215000000000000524e-01 -1.114135495865349549e+04
6.216000000000000414e-01 -1.114364257186800205e+04
6.217000000000000304e-01 -1.114593680208652222e+04
6.218000000000000194e-01 -1.114824026557513389e+04
6.219000000000000083e-01 -1.115055350214991449e+04
6.219999999999999973e-01 -1.115287546263774675e+04
6.220999999999999863e-01 -1.115520560297740667e+04
6.221999999999999753e-01 -1.115754427575742920e+04
6.223000000000000753e-01 -1.115989203232787077e+04
6.224000000000000643e-01 -1.116224928572717545e+04
6.225000000000000533e-01 -1.116461625416538845e+04
6.226000000000000423e-01 -1.116699299319525562e+04
6.227000000000000313e-01 -1.116937910863120851e+04
6.228000000000000203e-01 -1.117177325134942657e+04
6.229000000000000092e-01 -1.117417601143185311e+04
6.229999999999999982e-01 -1.117658658320146969e+04
6.230999999999999872e-01 -1.117900325424548646e+04
6.231999999999999762e-01 -1.118142157293700257e+04
6.233000000000000762e-01 -1.118382653169724654e+04
6.234000000000000652e-01 -1.118621213730163618e+04
6.235000000000000542e-01 -1.118859598958426250e+04
6.236000000000000432e-01 -1.119097140378862969e+04
6.237000000000000322e-01 -1.119326880210667878e+04
6.238000000000000211e-01 -1.119544261688544793e+04
6.239000000000000101e-01 -1.119757706430888902e+04
6.239999999999999991e-01 -1.119972462456420544e+04
6.240999999999999881e-01 -1.120190062978437891e+04
6.241999999999999771e-01 -1.120410114718616569e+04
6.243000000000000771e-01 -1.120631646309772259e+04
6.244000000000000661e-01 -1.120853788839219123e+04
6.245000000000000551e-01 -1.121075994676616574e+04
6.246000000000000441e-01 -1.121298009870904934e+04
6.247000000000000330e-01 -1.121519781482990402e+04
6.248000000000000220e-01 -1.121741409594827383e+04
6.249000000000000110e-01 -1.121962975916463620e+04
6.250000000000000000e-01 -1.122184420479483015e+04
6.250999999999999890e-01 -1.122405763831005243e+04
6.251999999999999780e-01 -1.122627034590293624e+04
6.253000000000000780e-01 -1.122848218800800896e+04
6.254000000000000670e-01 -1.123069261758177163e+04
6.255000000000000560e-01 -1.123290099411003212e+04
6.256000000000000449e-01 -1.123510691474015221e+04
6.257000000000000339e-01 -1.123730993371919794e+04
6.258000000000000229e-01 -1.123951017169349143e+04
6.259000000000000119e-01 -1.124170883794467227e+04
6.260000000000000009e-01 -1.124390705979222366e+04
6.260999999999999899e-01 -1.124610558259698337e+04
6.261999999999999789e-01 -1.124830468325720540e+04
6.263000000000000789e-01 -1.125050415700617305e+04
6.264000000000000679e-01 -1.125270416939606912e+04
6.265000000000000568e-01 -1.125490499488949899e+04
6.266000000000000458e-01 -1.125710651712715116e+04
6.267000000000000348e-01 -1.125930724842992458e+04
6.268000000000000238e-01 -1.126150626729349642e+04
6.269000000000000128e-01 -1.126370352485498915e+04
6.270000000000000018e-01 -1.126589902518677081e+04
6.270999999999999908e-01 -1.126809393604028992e+04
6.271999999999999797e-01 -1.127028930423328711e+04
6.273000000000000798e-01 -1.127248548683273111e+04
6.274000000000000687e-01 -1.127468232502471619e+04
6.275000000000000577e-01 -1.127688019989541317e+04
6.276000000000000467e-01 -1.127907958767427226e+04
6.277000000000000357e-01 -1.128127772368665501e+04
6.278000000000000247e-01 -1.128347336651228397e+04
6.279000000000000137e-01 -1.128566731017521852e+04
6.280000000000000027e-01 -1.128786042297348286e+04
6.280999999999999917e-01 -1.129005323981282709e+04
6.281999999999999806e-01 -1.129224604011990959e+04
6.283000000000000806e-01 -1.129443895056428664e+04
6.284000000000000696e-01 -1.129663200288326516e+04
6.285000000000000586e-01 -1.129882516723654771e+04
6.286000000000000476e-01 -1.130101837951581001e+04
6.287000000000000366e-01 -1.130321156458981932e+04
6.288000000000000256e-01 -1.130540465265191415e+04
6.289000000000000146e-01 -1.130759796763591112e+04
6.290000000000000036e-01 -1.130979315190546185e+04
6.290999999999999925e-01 -1.131198827216080826e+04
6.291999999999999815e-01 -1.131418238625642516e+04
6.293000000000000815e-01 -1.131637544729106776e+04
6.294000000000000705e-01 -1.131856764460098748e+04
6.295000000000000595e-01 -1.132075911806491604e+04
6.296000000000000485e-01 -1.132295005717089953e+04
6.297000000000000375e-01 -1.132514026727767305e+04
6.298000000000000265e-01 -1.132732979167719714e+04
6.299000000000000155e-01 -1.132951905076152070e+04
6.300000000000000044e-01 -1.133170823217272664e+04
6.300999999999999934e-01 -1.133388501579029617e+04
6.301999999999999824e-01 -1.133602484185640060e+04
6.303000000000000824e-01 -1.133813186020796456e+04
6.304000000000000714e-01 -1.134021493886813369e+04
6.305000000000000604e-01 -1.134228096746439769e+04
6.306000000000000494e-01 -1.134433404275829525e+04
6.307000000000000384e-01 -1.134637585546023729e+04
6.308000000000000274e-01 -1.134840860732588044e+04
6.309000000000000163e-01 -1.135043441499908295e+04
6.310000000000000053e-01 -1.135245491995861994e+04
6.310999999999999943e-01 -1.135447132752285506e+04
6.311999999999999833e-01 -1.135648452064130834e+04
6.313000000000000833e-01 -1.135849515992154011e+04
6.314000000000000723e-01 -1.136050375539322886e+04
6.315000000000000613e-01 -1.136251071377395601e+04
6.316000000000000503e-01 -1.136451636789602162e+04
6.317000000000000393e-01 -1.136652099416531200e+04
6.318000000000000282e-01 -1.136852482254954157e+04
6.319000000000000172e-01 -1.137052804232009112e+04
6.320000000000000062e-01 -1.137253080571701139e+04
6.320999999999999952e-01 -1.137453323087626814e+04
6.321999999999999842e-01 -1.137653540474543843e+04
6.323000000000000842e-01 -1.137853738628500832e+04
6.324000000000000732e-01 -1.138053931724025642e+04
6.325000000000000622e-01 -1.138254165949266098e+04
6.326000000000000512e-01 -1.138454602652787617e+04
6.327000000000000401e-01 -1.138655292472863221e+04
6.328000000000000291e-01 -1.138856199217051835e+04
6.329000000000000181e-01 -1.139057270623519980e+04
6.330000000000000071e-01 -1.139258442540391479e+04
6.330999999999999961e-01 -1.139459800612678555e+04
6.331999999999999851e-01 -1.139661456903255203e+04
6.333000000000000851e-01 -1.139863342076758818e+04
6.334000000000000741e-01 -1.140065357923699230e+04
6.335000000000000631e-01 -1.140267424204007511e+04
6.336000000000000520e-01 -1.140469482628117112e+04
6.337000000000000410e-01 -1.140671504589710639e+04
6.338000000000000300e-01 -1.140873474327163058e+04
6.339000000000000190e-01 -1.141075370722700973e+04
6.340000000000000080e-01 -1.141277087478361318e+04
6.340999999999999970e-01 -1.141478500043213899e+04
6.341999999999999860e-01 -1.141679573884754791e+04
6.342999999999999750e-01 -1.141880315800616881e+04
6.344000000000000750e-01 -1.142080792581667811e+04
6.345000000000000639e-01 -1.142281072273902282e+04
6.346000000000000529e-01 -1.142481207266290221e+04
6.347000000000000419e-01 -1.142681235022806504e+04
6.348000000000000309e-01 -1.142881206531463249e+04
6.349000000000000199e-01 -1.143081093446346131e+04
6.350000000000000089e-01 -1.143280973258084668e+04
6.350999999999999979e-01 -1.143480891488292036e+04
6.351999999999999869e-01 -1.143680850213950544e+04
6.352999999999999758e-01 -1.143880761434557826e+04
6.354000000000000759e-01 -1.144080530544709472e+04
6.355000000000000648e-01 -1.144280169837685207e+04
6.356000000000000538e-01 -1.144479686647329254e+04
6.357000000000000428e-01 -1.144679072285824441e+04
6.358000000000000318e-01 -1.144878405188914803e+04
6.359000000000000208e-01 -1.145077731722919816e+04
6.360000000000000098e-01 -1.145277057351362055e+04
6.360999999999999988e-01 -1.145476377772525666e+04
6.361999999999999877e-01 -1.145675651291326176e+04
6.362999999999999767e-01 -1.145874877841826310e+04
6.364000000000000767e-01 -1.146074102199708432e+04
6.365000000000000657e-01 -1.146273296054579987e+04
6.366000000000000547e-01 -1.146472450472482888e+04
6.367000000000000437e-01 -1.146671580355787592e+04
6.368000000000000327e-01 -1.146870707365156159e+04
6.369000000000000217e-01 -1.147069846760309338e+04
6.370000000000000107e-01 -1.147269007680837967e+04
6.370999999999999996e-01 -1.147468171578620058e+04
6.371999999999999886e-01 -1.147667290745169703e+04
6.372999999999999776e-01 -1.147866430616344951e+04
6.374000000000000776e-01 -1.148065620045677133e+04
6.375000000000000666e-01 -1.148264968210995357e+04
6.376000000000000556e-01 -1.148464220089844275e+04
6.377000000000000446e-01 -1.148663241311365891e+04
6.378000000000000336e-01 -1.148862176742986594e+04
6.379000000000000226e-01 -1.149061049718942377e+04
6.380000000000000115e-01 -1.149259690614352257e+04
6.381000000000000005e-01 -1.149457970431459398e+04
6.381999999999999895e-01 -1.149655879855213971e+04
6.382999999999999785e-01 -1.149853409494951484e+04
6.384000000000000785e-01 -1.150050574611497905e+04
6.385000000000000675e-01 -1.150247393743153225e+04
6.386000000000000565e-01 -1.150443876701549743e+04
6.387000000000000455e-01 -1.150640023589859993e+04
6.388000000000000345e-01 -1.150835826700247890e+04
6.389000000000000234e-01 -1.151031272439328313e+04
6.390000000000000124e-01 -1.151226341894239158e+04
6.391000000000000014e-01 -1.151421009828351998e+04
6.391999999999999904e-01 -1.151615236734426981e+04
6.392999999999999794e-01 -1.151808848068747648e+04
6.394000000000000794e-01 -1.152001588661979804e+04
6.395000000000000684e-01 -1.152193400664408910e+04
6.396000000000000574e-01 -1.152384186039600900e+04
6.397000000000000464e-01 -1.152573999857743183e+04
6.398000000000000353e-01 -1.152762797120026880e+04
6.399000000000000243e-01 -1.152950598407725192e+04
6.400000000000000133e-01 -1.153137542653680975e+04
6.401000000000000023e-01 -1.153324425405470720e+04
6.401999999999999913e-01 -1.153509146364190929e+04
6.402999999999999803e-01 -1.153692970063995745e+04
6.404000000000000803e-01 -1.153876827877435971e+04
6.405000000000000693e-01 -1.154060403317672535e+04
6.406000000000000583e-01 -1.154243343875838036e+04
6.407000000000000473e-01 -1.154428264868076440e+04
6.408000000000000362e-01 -1.154624294498435302e+04
6.409000000000000252e-01 -1.154827179799421538e+04
6.410000000000000142e-01 -1.155031152779558943e+04
6.411000000000000032e-01 -1.155234616020970316e+04
6.411999999999999922e-01 -1.155432760927171330e+04
6.412999999999999812e-01 -1.155622991232654385e+04
6.414000000000000812e-01 -1.155806476415271209e+04
6.415000000000000702e-01 -1.155986611714428909e+04
6.416000000000000592e-01 -1.156168082846906509e+04
6.417000000000000481e-01 -1.156353455639085405e+04
6.418000000000000371e-01 -1.156542231163725046e+04
6.419000000000000261e-01 -1.156732683821435603e+04
6.420000000000000151e-01 -1.156923692641394882e+04
6.421000000000000041e-01 -1.157116269057800309e+04
6.421999999999999931e-01 -1.157311420344978796e+04
6.422999999999999821e-01 -1.157508522143285518e+04
6.424000000000000821e-01 -1.157705116070761142e+04
6.425000000000000711e-01 -1.157897794471340603e+04
6.426000000000000600e-01 -1.158084008475958763e+04
6.427000000000000490e-01 -1.158262387120591666e+04
6.428000000000000380e-01 -1.158432010129457012e+04
6.429000000000000270e-01 -1.158591682360980667e+04
6.430000000000000160e-01 -1.158739810771083648e+04
6.431000000000000050e-01 -1.158873867463128045e+04
6.431999999999999940e-01 -1.158991188936738763e+04
6.432999999999999829e-01 -1.159089724113370357e+04
6.434000000000000830e-01 -1.159168041479971725e+04
6.435000000000000719e-01 -1.159225239756543488e+04
6.436000000000000609e-01 -1.159264088665716190e+04
6.437000000000000499e-01 -1.159286455687168200e+04
6.438000000000000389e-01 -1.159289593767188126e+04
6.439000000000000279e-01 -1.159272863809602495e+04
6.440000000000000169e-01 -1.159237831712074876e+04
6.441000000000000059e-01 -1.159187645272085319e+04
6.441999999999999948e-01 -1.159122161182409218e+04
6.442999999999999838e-01 -1.159059385965441470e+04
6.444000000000000838e-01 -1.159016156071005389e+04
6.445000000000000728e-01 -1.159005417573696832e+04
6.446000000000000618e-01 -1.159019768487386500e+04
6.447000000000000508e-01 -1.159062279121983920e+04
6.448000000000000398e-01 -1.159139920563377200e+04
6.449000000000000288e-01 -1.159247880868053107e+04
6.450000000000000178e-01 -1.159375380325079095e+04
6.451000000000000068e-01 -1.159509754312507721e+04
6.451999999999999957e-01 -1.159643475051711175e+04
6.452999999999999847e-01 -1.159768260702324005e+04
6.454000000000000847e-01 -1.159902999466524125e+04
6.455000000000000737e-01 -1.160054199700108802e+04
6.456000000000000627e-01 -1.160219449562227237e+04
6.457000000000000517e-01 -1.160389684592545746e+04
6.458000000000000407e-01 -1.160568721802073742e+04
6.459000000000000297e-01 -1.160753701177672883e+04
6.460000000000000187e-01 -1.160941333782510446e+04
6.461000000000000076e-01 -1.161132707663764995e+04
6.461999999999999966e-01 -1.161327567959096996e+04
6.462999999999999856e-01 -1.161525086653413200e+04
6.464000000000000856e-01 -1.161723769437242117e+04
6.465000000000000746e-01 -1.161923884194017046e+04
6.466000000000000636e-01 -1.162124906464731612e+04
6.467000000000000526e-01 -1.162326421969160947e+04
6.468000000000000416e-01 -1.162529926461210562e+04
6.469000000000000306e-01 -1.162734757698545764e+04
6.470000000000000195e-01 -1.162939232902471122e+04
6.471000000000000085e-01 -1.163141672435268993e+04
6.471999999999999975e-01 -1.163341592277305790e+04
6.472999999999999865e-01 -1.163539622442605469e+04
6.474000000000000865e-01 -1.163736667354398196e+04
6.475000000000000755e-01 -1.163933853514214570e+04
6.476000000000000645e-01 -1.164131640353410876e+04
6.477000000000000535e-01 -1.164330317045089942e+04
6.478000000000000425e-01 -1.164529543320548873e+04
6.479000000000000314e-01 -1.164728988063245743e+04
6.480000000000000204e-01 -1.164929079474586433e+04
6.481000000000000094e-01 -1.165129720026880750e+04
6.481999999999999984e-01 -1.165330492673107256e+04
6.482999999999999874e-01 -1.165531325691681013e+04
6.483999999999999764e-01 -1.165732351390532131e+04
6.485000000000000764e-01 -1.165933574738563402e+04
6.486000000000000654e-01 -1.166134455506572522e+04
6.487000000000000544e-01 -1.166334511431151077e+04
6.488000000000000433e-01 -1.166534037085038653e+04
6.489000000000000323e-01 -1.166733245552465632e+04
6.490000000000000213e-01 -1.166932242798773768e+04
6.491000000000000103e-01 -1.167130961123814996e+04
6.491999999999999993e-01 -1.167329463078095432e+04
6.492999999999999883e-01 -1.167528024574283154e+04
6.493999999999999773e-01 -1.167726825318813098e+04
6.495000000000000773e-01 -1.167925831374102745e+04
6.496000000000000663e-01 -1.168124493724572312e+04
6.497000000000000552e-01 -1.168323239259898583e+04
6.498000000000000442e-01 -1.168522085820187749e+04
6.499000000000000332e-01 -1.168721099712938849e+04
6.500000000000000222e-01 -1.168920583259758314e+04
6.501000000000000112e-01 -1.169308794150710492e+04
6.502000000000000002e-01 -1.169854983403936603e+04
6.502999999999999892e-01 -1.170463335524925242e+04
6.503999999999999782e-01 -1.171110292149591623e+04
6.505000000000000782e-01 -1.171806383881680813e+04
6.506000000000000671e-01 -1.172584825206747519e+04
6.507000000000000561e-01 -1.173410107159922882e+04
6.508000000000000451e-01 -1.174194476420782848e+04
6.509000000000000341e-01 -1.174795457458294004e+04
6.510000000000000231e-01 -1.175280364073334022e+04
6.511000000000000121e-01 -1.175705148529063626e+04
6.512000000000000011e-01 -1.176091657976013266e+04
6.512999999999999901e-01 -1.176453360998326571e+04
6.513999999999999790e-01 -1.176799797297636542e+04
6.515000000000000790e-01 -1.177128415262020644e+04
6.516000000000000680e-01 -1.177428470395855038e+04
6.517000000000000570e-01 -1.177694728264956757e+04
6.518000000000000460e-01 -1.177935081186353455e+04
6.519000000000000350e-01 -1.178148575042023003e+04
6.520000000000000240e-01 -1.178329791597662370e+04
6.521000000000000130e-01 -1.178543050878908070e+04
6.522000000000000020e-01 -1.178842174978050571e+04
6.522999999999999909e-01 -1.179117979993390873e+04
6.523999999999999799e-01 -1.179335149177531275e+04
6.525000000000000799e-01 -1.179505973360667485e+04
6.526000000000000689e-01 -1.179646156679864725e+04
6.527000000000000579e-01 -1.179766123364614032e+04
6.528000000000000469e-01 -1.179870936269995764e+04
6.529000000000000359e-01 -1.179960453571133075e+04
6.530000000000000249e-01 -1.180032845069435643e+04
6.531000000000000139e-01 -1.180088896660495266e+04
6.532000000000000028e-01 -1.180132965381102076e+04
6.532999999999999918e-01 -1.180171834355990359e+04
6.533999999999999808e-01 -1.180206794735971926e+04
6.535000000000000808e-01 -1.180234473436308690e+04
6.536000000000000698e-01 -1.180245153045450388e+04
6.537000000000000588e-01 -1.180237771925029301e+04
6.538000000000000478e-01 -1.180219190695713405e+04
6.539000000000000368e-01 -1.180194294504189384e+04
6.540000000000000258e-01 -1.180168567225945299e+04
6.541000000000000147e-01 -1.180145350206348485e+04
6.542000000000000037e-01 -1.180128908443021828e+04
6.542999999999999927e-01 -1.180127354870732415e+04
6.543999999999999817e-01 -1.180143126447752184e+04
6.545000000000000817e-01 -1.180175163567748677e+04
6.546000000000000707e-01 -1.180226288288289288e+04
6.547000000000000597e-01 -1.180302704796984654e+04
6.548000000000000487e-01 -1.180401596895745024e+04
6.549000000000000377e-01 -1.180518085898294885e+04
6.550000000000000266e-01 -1.180650114380128980e+04
6.551000000000000156e-01 -1.180795903799840016e+04
6.552000000000000046e-01 -1.180954859429022872e+04
6.552999999999999936e-01 -1.181126544026357260e+04
6.553999999999999826e-01 -1.181309791003892860e+04
6.555000000000000826e-01 -1.181501143232253344e+04
6.556000000000000716e-01 -1.181696609843770966e+04
6.557000000000000606e-01 -1.181894273853482264e+04
6.558000000000000496e-01 -1.182092830530036554e+04
6.559000000000000385e-01 -1.182290972725233769e+04
6.560000000000000275e-01 -1.182488097443044717e+04
6.561000000000000165e-01 -1.182685140166946985e+04
6.562000000000000055e-01 -1.182885550606683319e+04
6.562999999999999945e-01 -1.183087790907630551e+04
6.563999999999999835e-01 -1.183290531711192853e+04
6.565000000000000835e-01 -1.183495597317923966e+04
6.566000000000000725e-01 -1.183703611447145158e+04
6.567000000000000615e-01 -1.183912840445561233e+04
6.568000000000000504e-01 -1.184121133492292029e+04
6.569000000000000394e-01 -1.184326607074017556e+04
6.570000000000000284e-01 -1.184528819901441057e+04
6.571000000000000174e-01 -1.184728063664900219e+04
6.572000000000000064e-01 -1.184924367491805242e+04
6.572999999999999954e-01 -1.185118208535929625e+04
6.573999999999999844e-01 -1.185310252126499836e+04
6.575000000000000844e-01 -1.185501264561366588e+04
6.576000000000000734e-01 -1.185692139484989093e+04
6.577000000000000624e-01 -1.185884227050892878e+04
6.578000000000000513e-01 -1.186077959705244029e+04
6.579000000000000403e-01 -1.186273910070920101e+04
6.580000000000000293e-01 -1.186471034402359146e+04
6.581000000000000183e-01 -1.186669217173607649e+04
6.582000000000000073e-01 -1.186868264022764015e+04
6.582999999999999963e-01 -1.187067983781201656e+04
6.583999999999999853e-01 -1.187268200405289826e+04
6.585000000000000853e-01 -1.187468653266408000e+04
6.586000000000000743e-01 -1.187669316376128154e+04
6.587000000000000632e-01 -1.187870104859500316e+04
6.588000000000000522e-01 -1.188070860951583381e+04
6.589000000000000412e-01 -1.188271463507351109e+04
6.590000000000000302e-01 -1.188471839191396430e+04
6.591000000000000192e-01 -1.188671960434186622e+04
6.592000000000000082e-01 -1.188871836606450233e+04
6.592999999999999972e-01 -1.189071501731389799e+04
6.593999999999999861e-01 -1.189270775969658644e+04
6.595000000000000862e-01 -1.189469543481190522e+04
6.596000000000000751e-01 -1.189668668236526537e+04
6.597000000000000641e-01 -1.189866362742886849e+04
6.598000000000000531e-01 -1.190062557219352675e+04
6.599000000000000421e-01 -1.190258171901395326e+04
6.600000000000000311e-01 -1.190453960535824808e+04
6.601000000000000201e-01 -1.190651672112926281e+04
6.602000000000000091e-01 -1.190855148982880200e+04
6.602999999999999980e-01 -1.191065702921494267e+04
6.603999999999999870e-01 -1.191282723910551795e+04
6.605000000000000870e-01 -1.191504903125004603e+04
6.606000000000000760e-01 -1.191730855881880234e+04
6.607000000000000650e-01 -1.191959380456912186e+04
6.608000000000000540e-01 -1.192189549961933153e+04
6.609000000000000430e-01 -1.192420666605402585e+04
6.610000000000000320e-01 -1.192651749216143253e+04
6.611000000000000210e-01 -1.192882252924517525e+04
6.612000000000000099e-01 -1.193112155619680743e+04
6.612999999999999989e-01 -1.193341623013626850e+04
6.613999999999999879e-01 -1.193570817303874719e+04
6.614999999999999769e-01 -1.193799761359791410e+04
6.616000000000000769e-01 -1.194028894105681866e+04
6.617000000000000659e-01 -1.194258241710646325e+04
6.618000000000000549e-01 -1.194487731455951871e+04
6.619000000000000439e-01 -1.194717285001424716e+04
6.620000000000000329e-01 -1.194946873658223012e+04
6.621000000000000218e-01 -1.195176585823963433e+04
6.622000000000000108e-01 -1.195406363569944187e+04
6.622999999999999998e-01 -1.195636087787869656e+04
6.623999999999999888e-01 -1.195865537065301214e+04
6.624999999999999778e-01 -1.196094789417358697e+04
6.626000000000000778e-01 -1.196323955987040426e+04
6.627000000000000668e-01 -1.196553475514691672e+04
6.628000000000000558e-01 -1.196782757616370873e+04
6.629000000000000448e-01 -1.197011827128047662e+04
6.630000000000000338e-01 -1.197240842686739234e+04
6.631000000000000227e-01 -1.197469812424771226e+04
6.632000000000000117e-01 -1.197698775732582362e+04
6.633000000000000007e-01 -1.197928180756472466e+04
6.633999999999999897e-01 -1.198157944836183015e+04
6.634999999999999787e-01 -1.198388138904138941e+04
6.636000000000000787e-01 -1.198618776426610202e+04
6.637000000000000677e-01 -1.198849840192098964e+04
6.638000000000000567e-01 -1.199081472336701518e+04
6.639000000000000457e-01 -1.199313484749582858e+04
6.640000000000000346e-01 -1.199545763095902112e+04
6.641000000000000236e-01 -1.199778376166993985e+04
6.642000000000000126e-01 -1.200011346725733893e+04
6.643000000000000016e-01 -1.200244675252690467e+04
6.643999999999999906e-01 -1.200478343867740114e+04
6.644999999999999796e-01 -1.200712191747266297e+04
6.646000000000000796e-01 -1.200946561423258572e+04
6.647000000000000686e-01 -1.201181372898111658e+04
6.648000000000000576e-01 -1.201416694885054858e+04
6.649000000000000465e-01 -1.201638514986149676e+04
6.650000000000000355e-01 -1.201845744369467502e+04
6.651000000000000245e-01 -1.202024473849517926e+04
6.652000000000000135e-01 -1.202179081027712346e+04
6.653000000000000025e-01 -1.202334154232334004e+04
6.653999999999999915e-01 -1.202504986351402295e+04
6.654999999999999805e-01 -1.202696191651821937e+04
6.656000000000000805e-01 -1.202906346155716892e+04
6.657000000000000695e-01 -1.203132339050924566e+04
6.658000000000000584e-01 -1.203369864655455967e+04
6.659000000000000474e-01 -1.203615322010603086e+04
6.660000000000000364e-01 -1.203865542375418954e+04
6.661000000000000254e-01 -1.204118575809237336e+04
6.662000000000000144e-01 -1.204374391408526753e+04
6.663000000000000034e-01 -1.204633904681895183e+04
6.663999999999999924e-01 -1.204897378850350651e+04
6.664999999999999813e-01 -1.205164670429039688e+04
6.666000000000000814e-01 -1.205435676516200147e+04
6.667000000000000703e-01 -1.205711554064983102e+04
6.668000000000000593e-01 -1.205990862410201771e+04
6.669000000000000483e-01 -1.206276879928342350e+04
6.670000000000000373e-01 -1.206571769640937782e+04
6.671000000000000263e-01 -1.206875054749054834e+04
6.672000000000000153e-01 -1.207179401877758755e+04
6.673000000000000043e-01 -1.207480196319872084e+04
6.673999999999999932e-01 -1.207778093378551421e+04
6.674999999999999822e-01 -1.208076246366838859e+04
6.676000000000000822e-01 -1.208377973571469192e+04
6.677000000000000712e-01 -1.208686259254044126e+04
6.678000000000000602e-01 -1.209004796681354674e+04
6.679000000000000492e-01 -1.209336442604461445e+04
6.680000000000000382e-01 -1.209683979956457006e+04
6.681000000000000272e-01 -1.210049034168199978e+04
6.682000000000000162e-01 -1.210431836930334430e+04
6.683000000000000052e-01 -1.210832211363102215e+04
6.683999999999999941e-01 -1.211250581310923189e+04
6.684999999999999831e-01 -1.211689621589473063e+04
6.686000000000000831e-01 -1.212153797404205397e+04
6.687000000000000721e-01 -1.212648427744722540e+04
6.688000000000000611e-01 -1.213177208969881758e+04
6.689000000000000501e-01 -1.213742501139743035e+04
6.690000000000000391e-01 -1.214345814689613508e+04
6.691000000000000281e-01 -1.215000285450368392e+04
6.692000000000000171e-01 -1.215702936591258731e+04
6.693000000000000060e-01 -1.216385785687207135e+04
6.693999999999999950e-01 -1.216799365239474537e+04
6.694999999999999840e-01 -1.216985612716921423e+04
6.696000000000000840e-01 -1.217126653582773179e+04
6.697000000000000730e-01 -1.217304448094647159e+04
6.698000000000000620e-01 -1.217508308694424341e+04
6.699000000000000510e-01 -1.217711635210696659e+04
6.700000000000000400e-01 -1.217913955157209784e+04
6.701000000000000290e-01 -1.218120976498371238e+04
6.702000000000000179e-01 -1.218338067323918585e+04
6.703000000000000069e-01 -1.218565726930307210e+04
6.703999999999999959e-01 -1.218800823375449545e+04
6.704999999999999849e-01 -1.219039008245791774e+04
6.706000000000000849e-01 -1.219276700803421409e+04
6.707000000000000739e-01 -1.219511988426438074e+04
6.708000000000000629e-01 -1.219744293796162856e+04
6.709000000000000519e-01 -1.219981246967917650e+04
6.710000000000000409e-01 -1.220275303343463747e+04
6.711000000000000298e-01 -1.220617726855976071e+04
6.712000000000000188e-01 -1.220967964612092510e+04
6.713000000000000078e-01 -1.221297396359934282e+04
6.713999999999999968e-01 -1.221595911232313483e+04
6.714999999999999858e-01 -1.221870049783347531e+04
6.716000000000000858e-01 -1.222127247272914792e+04
6.717000000000000748e-01 -1.222372120414247729e+04
6.718000000000000638e-01 -1.222609026217270548e+04
6.719000000000000528e-01 -1.222841790978189965e+04
6.720000000000000417e-01 -1.223072905121420081e+04
6.721000000000000307e-01 -1.223303748348577210e+04
6.722000000000000197e-01 -1.223534811655089288e+04
6.723000000000000087e-01 -1.223766295339246244e+04
6.723999999999999977e-01 -1.223998237763172619e+04
6.724999999999999867e-01 -1.224230648752456364e+04
6.726000000000000867e-01 -1.224463530707432801e+04
6.727000000000000757e-01 -1.224697181134496714e+04
6.728000000000000647e-01 -1.224931258832277672e+04
6.729000000000000536e-01 -1.225165462319064136e+04
6.730000000000000426e-01 -1.225400055478966715e+04
6.731000000000000316e-01 -1.225635075473321012e+04
6.732000000000000206e-01 -1.225870491343804133e+04
6.733000000000000096e-01 -1.226106272161641937e+04
6.733999999999999986e-01 -1.226342454840989740e+04
6.734999999999999876e-01 -1.226578895424067741e+04
6.736000000000000876e-01 -1.226815024485434515e+04
6.737000000000000766e-01 -1.227050134541153602e+04
6.738000000000000655e-01 -1.227284345688142093e+04
6.739000000000000545e-01 -1.227517791189655145e+04
6.740000000000000435e-01 -1.227750870732839758e+04
6.741000000000000325e-01 -1.227983759787666168e+04
6.742000000000000215e-01 -1.228216363315153467e+04
6.743000000000000105e-01 -1.228448762713488031e+04
6.743999999999999995e-01 -1.228679931903754732e+04
6.744999999999999885e-01 -1.228911413156150593e+04
6.745999999999999774e-01 -1.229143297076680938e+04
6.747000000000000774e-01 -1.229374175795636620e+04
6.748000000000000664e-01 -1.229603427564360209e+04
6.749000000000000554e-01 -1.229827666393228537e+04
6.750000000000000444e-01 -1.230045437704614778e+04
6.751000000000000334e-01 -1.230261354071370806e+04
6.752000000000000224e-01 -1.230478897033294379e+04
6.753000000000000114e-01 -1.230697253180152074e+04
6.754000000000000004e-01 -1.230916752668326444e+04
6.754999999999999893e-01 -1.231137264336907720e+04
6.755999999999999783e-01 -1.231358237720995021e+04
6.757000000000000783e-01 -1.231579404071119461e+04
6.758000000000000673e-01 -1.231800716279374137e+04
6.759000000000000563e-01 -1.232022142778773195e+04
6.760000000000000453e-01 -1.232243666514443430e+04
6.761000000000000343e-01 -1.232465347769833716e+04
6.762000000000000233e-01 -1.232687223160700523e+04
6.763000000000000123e-01 -1.232909220362637643e+04
6.764000000000000012e-01 -1.233131205966483867e+04
6.764999999999999902e-01 -1.233353107909963001e+04
6.765999999999999792e-01 -1.233574886735840300e+04
6.767000000000000792e-01 -1.233796497489658213e+04
6.768000000000000682e-01 -1.234017736708590201e+04
6.769000000000000572e-01 -1.234238447153112429e+04
6.770000000000000462e-01 -1.234458263891454772e+04
6.771000000000000352e-01 -1.234678837921448212e+04
6.772000000000000242e-01 -1.234899477129902334e+04
6.773000000000000131e-01 -1.235120055774870161e+04
6.774000000000000021e-01 -1.235340617291518538e+04
6.774999999999999911e-01 -1.235561210745962489e+04
6.775999999999999801e-01 -1.235781865874482173e+04
6.777000000000000801e-01 -1.236002594746191244e+04
6.778000000000000691e-01 -1.236223397076861147e+04
6.779000000000000581e-01 -1.236444264690460841e+04
6.780000000000000471e-01 -1.236665184696518736e+04
6.781000000000000361e-01 -1.236886141768197740e+04
6.782000000000000250e-01 -1.237107119913439783e+04
6.783000000000000140e-01 -1.237328103948059652e+04
6.784000000000000030e-01 -1.237549100627574808e+04
6.784999999999999920e-01 -1.237770043287595217e+04
6.785999999999999810e-01 -1.237990958688762112e+04
6.787000000000000810e-01 -1.238211837092039059e+04
6.788000000000000700e-01 -1.238432684011122728e+04
6.789000000000000590e-01 -1.238653508976825287e+04
6.790000000000000480e-01 -1.238874320914817690e+04
6.791000000000000369e-01 -1.239095141279492964e+04
6.792000000000000259e-01 -1.239315969443305039e+04
6.793000000000000149e-01 -1.239536705372844335e+04
6.794000000000000039e-01 -1.239757437221536748e+04
6.794999999999999929e-01 -1.239978191145393066e+04
6.795999999999999819e-01 -1.240198968044419780e+04
6.797000000000000819e-01 -1.240419762793692826e+04
6.798000000000000709e-01 -1.240640570955814110e+04
6.799000000000000599e-01 -1.240861387854002714e+04
6.800000000000000488e-01 -1.241082209143777800e+04
6.801000000000000378e-01 -1.241301805711860470e+04
6.802000000000000268e-01 -1.241517663632157564e+04
6.803000000000000158e-01 -1.241730163858228116e+04
6.804000000000000048e-01 -1.241940150157889548e+04
6.804999999999999938e-01 -1.242148288098321063e+04
6.805999999999999828e-01 -1.242355055192153122e+04
6.807000000000000828e-01 -1.242560791783842433e+04
6.808000000000000718e-01 -1.242765743092568482e+04
6.809000000000000608e-01 -1.242970088639897767e+04
6.810000000000000497e-01 -1.243173962371848756e+04
6.811000000000000387e-01 -1.243377466370813454e+04
6.812000000000000277e-01 -1.243580680150668377e+04
6.813000000000000167e-01 -1.243783666892623114e+04
6.814000000000000057e-01 -1.243986477570944044e+04
6.814999999999999947e-01 -1.244189153650266417e+04
6.815999999999999837e-01 -1.244391728847882587e+04
6.817000000000000837e-01 -1.244594230315965433e+04
6.818000000000000727e-01 -1.244796679490294810e+04
6.819000000000000616e-01 -1.244999092766679860e+04
6.820000000000000506e-01 -1.245201482103604758e+04
6.821000000000000396e-01 -1.245403855596614267e+04
6.822000000000000286e-01 -1.245606348694185181e+04
6.823000000000000176e-01 -1.245809015860223008e+04
6.824000000000000066e-01 -1.246011673224942933e+04
6.824999999999999956e-01 -1.246214301492272170e+04
6.825999999999999845e-01 -1.246416909909545211e+04
6.827000000000000846e-01 -1.246619503871399320e+04
6.828000000000000735e-01 -1.246822081960607829e+04
6.829000000000000625e-01 -1.247024647912168257e+04
6.830000000000000515e-01 -1.247227452006175554e+04
6.831000000000000405e-01 -1.247430255923953519e+04
6.832000000000000295e-01 -1.247632896702530707e+04
6.833000000000000185e-01 -1.247835334644025716e+04
6.834000000000000075e-01 -1.248037569280837488e+04
6.834999999999999964e-01 -1.248239660136809107e+04
6.835999999999999854e-01 -1.248441664142237460e+04
6.837000000000000854e-01 -1.248643622592142856e+04
6.838000000000000744e-01 -1.248845562034986688e+04
6.839000000000000634e-01 -1.249047497297200243e+04
6.840000000000000524e-01 -1.249249434281199137e+04
6.841000000000000414e-01 -1.249451372075468316e+04
6.842000000000000304e-01 -1.249653304036590998e+04
6.843000000000000194e-01 -1.249855215134410173e+04
6.844000000000000083e-01 -1.250057025962966691e+04
6.844999999999999973e-01 -1.250258657858778315e+04
6.845999999999999863e-01 -1.250460094983061936e+04
6.847000000000000863e-01 -1.250661388230154080e+04
6.848000000000000753e-01 -1.250862297227247836e+04
6.849000000000000643e-01 -1.251062787972138722e+04
6.850000000000000533e-01 -1.251262900841724149e+04
6.851000000000000423e-01 -1.251462633018067572e+04
6.852000000000000313e-01 -1.251661969900363511e+04
6.853000000000000203e-01 -1.251860893465420304e+04
6.854000000000000092e-01 -1.252059384729479825e+04
6.854999999999999982e-01 -1.252257397279663383e+04
6.855999999999999872e-01 -1.252454897306954626e+04
6.857000000000000872e-01 -1.252651873757251451e+04
6.858000000000000762e-01 -1.252848349946675444e+04
6.859000000000000652e-01 -1.253044347420594931e+04
6.860000000000000542e-01 -1.253239887969934898e+04
6.861000000000000432e-01 -1.253434996544297428e+04
6.862000000000000322e-01 -1.253629693562869761e+04
6.863000000000000211e-01 -1.253823994206130919e+04
6.864000000000000101e-01 -1.254017906465073429e+04
6.864999999999999991e-01 -1.254211436239780778e+04
6.865999999999999881e-01 -1.254404588812041766e+04
6.867000000000000881e-01 -1.254597366239235816e+04
6.868000000000000771e-01 -1.254789766100640736e+04
6.869000000000000661e-01 -1.254981779867910154e+04
6.870000000000000551e-01 -1.255173387110937801e+04
6.871000000000000441e-01 -1.255364533629888319e+04
6.872000000000000330e-01 -1.255555004241668939e+04
6.873000000000000220e-01 -1.255744645898042108e+04
6.874000000000000110e-01 -1.255933137694367542e+04
6.875000000000000000e-01 -1.256120599809835039e+04
6.875999999999999890e-01 -1.256306930096538599e+04
6.876999999999999780e-01 -1.256491956728127479e+04
6.878000000000000780e-01 -1.256676785752096657e+04
6.879000000000000670e-01 -1.256861060532727060e+04
6.880000000000000560e-01 -1.257044412645227749e+04
6.881000000000000449e-01 -1.257227172991369298e+04
6.882000000000000339e-01 -1.257409474914274324e+04
6.883000000000000229e-01 -1.257595906014211141e+04
6.884000000000000119e-01 -1.257789709871757441e+04
6.885000000000000009e-01 -1.257995882442108814e+04
6.885999999999999899e-01 -1.258205748116961695e+04
6.886999999999999789e-01 -1.258410925368524840e+04
6.888000000000000789e-01 -1.258610615634757596e+04
6.889000000000000679e-01 -1.258806292360153930e+04
6.890000000000000568e-01 -1.258999821826319567e+04
6.891000000000000458e-01 -1.259192379998337674e+04
6.892000000000000348e-01 -1.259384600724350457e+04
6.893000000000000238e-01 -1.259576662147834031e+04
6.894000000000000128e-01 -1.259768777654060978e+04
6.895000000000000018e-01 -1.259961892414806607e+04
6.895999999999999908e-01 -1.260156348129483740e+04
6.896999999999999797e-01 -1.260352403816523838e+04
6.898000000000000798e-01 -1.260549712996014932e+04
6.899000000000000687e-01 -1.260747459953732323e+04
6.900000000000000577e-01 -1.260944473252213174e+04
6.901000000000000467e-01 -1.261140244520227134e+04
6.902000000000000357e-01 -1.261335016368566539e+04
6.903000000000000247e-01 -1.261528614875503263e+04
6.904000000000000137e-01 -1.261724287163449662e+04
6.905000000000000027e-01 -1.261922914954450971e+04
6.905999999999999917e-01 -1.262123629073507618e+04
6.906999999999999806e-01 -1.262324268440410196e+04
6.908000000000000806e-01 -1.262523503470799551e+04
6.909000000000000696e-01 -1.262721249507952780e+04
6.910000000000000586e-01 -1.262917935573517570e+04
6.911000000000000476e-01 -1.263114045993311265e+04
6.912000000000000366e-01 -1.263309957076162573e+04
6.913000000000000256e-01 -1.263505924092246642e+04
6.914000000000000146e-01 -1.263702015935548661e+04
6.915000000000000036e-01 -1.263898118739291385e+04
6.915999999999999925e-01 -1.264094275689835376e+04
6.916999999999999815e-01 -1.264290870379789885e+04
6.918000000000000815e-01 -1.264487703282112852e+04
6.919000000000000705e-01 -1.264684314363186422e+04
6.920000000000000595e-01 -1.264880397580447425e+04
6.921000000000000485e-01 -1.265075876712305580e+04
6.922000000000000375e-01 -1.265270702780009015e+04
6.923000000000000265e-01 -1.265464120170651404e+04
6.924000000000000155e-01 -1.265655133193503389e+04
6.925000000000000044e-01 -1.265843196220436766e+04
6.925999999999999934e-01 -1.266028014095255094e+04
6.926999999999999824e-01 -1.266209363268931884e+04
6.928000000000000824e-01 -1.266386925462490035e+04
6.929000000000000714e-01 -1.266559449738017793e+04
6.930000000000000604e-01 -1.266724579853736395e+04
6.931000000000000494e-01 -1.266880332019050184e+04
6.932000000000000384e-01 -1.267025616949103460e+04
6.933000000000000274e-01 -1.267160850257751554e+04
6.934000000000000163e-01 -1.267285709503132603e+04
6.935000000000000053e-01 -1.267398341713938680e+04
6.935999999999999943e-01 -1.267496914938191185e+04
6.936999999999999833e-01 -1.267580130937842296e+04
6.938000000000000833e-01 -1.267646902901160138e+04
6.939000000000000723e-01 -1.267695867965235266e+04
6.940000000000000613e-01 -1.267725996858093822e+04
6.941000000000000503e-01 -1.267735281425746871e+04
6.942000000000000393e-01 -1.267721585601420702e+04
6.943000000000000282e-01 -1.267687616118918777e+04
6.944000000000000172e-01 -1.267639285804554493e+04
6.945000000000000062e-01 -1.267573411621220475e+04
6.945999999999999952e-01 -1.267489341435331517e+04
6.946999999999999842e-01 -1.267391502737492374e+04
6.948000000000000842e-01 -1.267281821819860852e+04
6.949000000000000732e-01 -1.267171341791022860e+04
6.950000000000000622e-01 -1.267072707109012663e+04
6.951000000000000512e-01 -1.267018622153397519e+04
6.952000000000000401e-01 -1.267023866756261305e+04
6.953000000000000291e-01 -1.267081862420530706e+04
6.954000000000000181e-01 -1.267181992399840601e+04
6.955000000000000071e-01 -1.267314708486917880e+04
6.955999999999999961e-01 -1.267472937279820326e+04
6.956999999999999851e-01 -1.267651672238994979e+04
6.958000000000000851e-01 -1.267846740961359137e+04
6.959000000000000741e-01 -1.268048020028958854e+04
6.960000000000000631e-01 -1.268254375571239507e+04
6.961000000000000520e-01 -1.268462748822025605e+04
6.962000000000000410e-01 -1.268669610855614519e+04
6.963000000000000300e-01 -1.268877813617260290e+04
6.964000000000000190e-01 -1.269087332441703802e+04
6.965000000000000080e-01 -1.269299520253098126e+04
6.965999999999999970e-01 -1.269513647265361942e+04
6.966999999999999860e-01 -1.269727964598563813e+04
6.968000000000000860e-01 -1.269944338927181161e+04
6.969000000000000750e-01 -1.270163988514217453e+04
6.970000000000000639e-01 -1.270387690994341210e+04
6.971000000000000529e-01 -1.270613330371447591e+04
6.972000000000000419e-01 -1.270838930563369104e+04
6.973000000000000309e-01 -1.271061635166481938e+04
6.974000000000000199e-01 -1.271284455062058260e+04
6.975000000000000089e-01 -1.271503379998783566e+04
6.975999999999999979e-01 -1.271713598143633317e+04
6.976999999999999869e-01 -1.271914607039489056e+04
6.978000000000000869e-01 -1.272107390647465945e+04
6.979000000000000759e-01 -1.272293695486306024e+04
6.980000000000000648e-01 -1.272476620460090817e+04
6.981000000000000538e-01 -1.272658169428058318e+04
6.982000000000000428e-01 -1.272841015771992534e+04
6.983000000000000318e-01 -1.273027797299425765e+04
6.984000000000000208e-01 -1.273219552350318190e+04
6.985000000000000098e-01 -1.273415750267338444e+04
6.985999999999999988e-01 -1.273614779676817307e+04
6.986999999999999877e-01 -1.273815993311159036e+04
6.988000000000000878e-01 -1.274019170297979872e+04
6.989000000000000767e-01 -1.274224081168575140e+04
6.990000000000000657e-01 -1.274430355085139126e+04
6.991000000000000547e-01 -1.274638412038662136e+04
6.992000000000000437e-01 -1.274844920947933133e+04
6.993000000000000327e-01 -1.275051683012597277e+04
6.994000000000000217e-01 -1.275257919803538607e+04
6.995000000000000107e-01 -1.275463626542195743e+04
6.995999999999999996e-01 -1.275668907534486607e+04
6.996999999999999886e-01 -1.275873448275885130e+04
6.998000000000000886e-01 -1.276077151622934070e+04
6.999000000000000776e-01 -1.276279934739887904e+04
7.000000000000000666e-01 -1.276482183297993288e+04
7.001000000000000556e-01 -1.276865279115656267e+04
7.002000000000000446e-01 -1.277381983008691532e+04
7.003000000000000336e-01 -1.277928198915555731e+04
7.004000000000000226e-01 -1.278500433742309906e+04
7.005000000000000115e-01 -1.279125877853562633e+04
7.006000000000000005e-01 -1.279834471110020240e+04
7.006999999999999895e-01 -1.280624581883846622e+04
7.007999999999999785e-01 -1.281463220139079931e+04
7.009000000000000785e-01 -1.282336711170911076e+04
7.010000000000000675e-01 -1.283261886953142130e+04
7.011000000000000565e-01 -1.284174029107356910e+04
7.012000000000000455e-01 -1.284756996573778815e+04
7.013000000000000345e-01 -1.285052034443346929e+04
7.014000000000000234e-01 -1.285208907811013160e+04
7.015000000000000124e-01 -1.285307020762959837e+04
7.016000000000000014e-01 -1.285373943366050662e+04
7.016999999999999904e-01 -1.285482616052398407e+04
7.017999999999999794e-01 -1.285698324666793269e+04
7.019000000000000794e-01 -1.285925717712285041e+04
7.020000000000000684e-01 -1.286136553514003936e+04
7.021000000000000574e-01 -1.286365799592227268e+04
7.022000000000000464e-01 -1.286564014724109620e+04
7.023000000000000353e-01 -1.286729089613562428e+04
7.024000000000000243e-01 -1.286874854970713568e+04
7.025000000000000133e-01 -1.287013272445295115e+04
7.026000000000000023e-01 -1.287153255206724316e+04
7.026999999999999913e-01 -1.287298443683255937e+04
7.027999999999999803e-01 -1.287449061249535407e+04
7.029000000000000803e-01 -1.287603183345250181e+04
7.030000000000000693e-01 -1.287758946381264286e+04
7.031000000000000583e-01 -1.287915311671392192e+04
7.032000000000000473e-01 -1.288071228801950019e+04
7.033000000000000362e-01 -1.288225047482987247e+04
7.034000000000000252e-01 -1.288374688470181900e+04
7.035000000000000142e-01 -1.288517987482241915e+04
7.036000000000000032e-01 -1.288652854788185323e+04
7.036999999999999922e-01 -1.288777488067558988e+04
7.037999999999999812e-01 -1.288890264647697586e+04
7.039000000000000812e-01 -1.288989449332781260e+04
7.040000000000000702e-01 -1.289073614758209260e+04
7.041000000000000592e-01 -1.289143904273051157e+04
7.042000000000000481e-01 -1.289201426571376396e+04
7.043000000000000371e-01 -1.289244379558157561e+04
7.044000000000000261e-01 -1.289272059653484939e+04
7.045000000000000151e-01 -1.289284569047853438e+04
7.046000000000000041e-01 -1.289281549064519277e+04
7.046999999999999931e-01 -1.289262848921511431e+04
7.047999999999999821e-01 -1.289227356210833386e+04
7.049000000000000821e-01 -1.289185086975604827e+04
7.050000000000000711e-01 -1.289140137361972847e+04
7.051000000000000600e-01 -1.289100308578234944e+04
7.052000000000000490e-01 -1.289082486716087260e+04
7.053000000000000380e-01 -1.289092018933776671e+04
7.054000000000000270e-01 -1.289135217017624382e+04
7.055000000000000160e-01 -1.289215516622952237e+04
7.056000000000000050e-01 -1.289325451010632059e+04
7.056999999999999940e-01 -1.289457224419707381e+04
7.057999999999999829e-01 -1.289605349164485051e+04
7.059000000000000830e-01 -1.289765326737277610e+04
7.060000000000000719e-01 -1.289935297036857264e+04
7.061000000000000609e-01 -1.290114116635404571e+04
7.062000000000000499e-01 -1.290299450719482775e+04
7.063000000000000389e-01 -1.290490930670643320e+04
7.064000000000000279e-01 -1.290687947555842766e+04
7.065000000000000169e-01 -1.290888599403454828e+04
7.066000000000000059e-01 -1.291091230986124174e+04
7.066999999999999948e-01 -1.291292860373950862e+04
7.067999999999999838e-01 -1.291499860487005390e+04
7.069000000000000838e-01 -1.291708877110184039e+04
7.070000000000000728e-01 -1.291918532891550058e+04
7.071000000000000618e-01 -1.292128230623781565e+04
7.072000000000000508e-01 -1.292337845714505056e+04
7.073000000000000398e-01 -1.292547575168135336e+04
7.074000000000000288e-01 -1.292758194531523623e+04
7.075000000000000178e-01 -1.292969212147464896e+04
7.076000000000000068e-01 -1.293180202162492060e+04
7.076999999999999957e-01 -1.293389547370000400e+04
7.077999999999999847e-01 -1.293595942862833363e+04
7.079000000000000847e-01 -1.293799094437732128e+04
7.080000000000000737e-01 -1.293998752931713534e+04
7.081000000000000627e-01 -1.294194306315235190e+04
7.082000000000000517e-01 -1.294386683265977808e+04
7.083000000000000407e-01 -1.294576735818164343e+04
7.084000000000000297e-01 -1.294767129985130487e+04
7.085000000000000187e-01 -1.294958208809298230e+04
7.086000000000000076e-01 -1.295150282871865238e+04
7.086999999999999966e-01 -1.295343774827556445e+04
7.087999999999999856e-01 -1.295538641116763392e+04
7.089000000000000856e-01 -1.295734830755590519e+04
7.090000000000000746e-01 -1.295932273846541830e+04
7.091000000000000636e-01 -1.296131137932945239e+04
7.092000000000000526e-01 -1.296331630827870322e+04
7.093000000000000416e-01 -1.296533332947907184e+04
7.094000000000000306e-01 -1.296735777197980315e+04
7.095000000000000195e-01 -1.296938659934874886e+04
7.096000000000000085e-01 -1.297141842467372226e+04
7.096999999999999975e-01 -1.297345219966129480e+04
7.097999999999999865e-01 -1.297548647626009733e+04
7.099000000000000865e-01 -1.297752188187889988e+04
7.100000000000000755e-01 -1.297955416339631665e+04
7.101000000000000645e-01 -1.298159836599987830e+04
7.102000000000000535e-01 -1.298368957248199513e+04
7.103000000000000425e-01 -1.298582274803532164e+04
7.104000000000000314e-01 -1.298799132053128960e+04
7.105000000000000204e-01 -1.299018878772505923e+04
7.106000000000000094e-01 -1.299240835291752410e+04
7.106999999999999984e-01 -1.299464434120525766e+04
7.107999999999999874e-01 -1.299689256151313566e+04
7.109000000000000874e-01 -1.299915000408510787e+04
7.110000000000000764e-01 -1.300141436611755489e+04
7.111000000000000654e-01 -1.300368366844424236e+04
7.112000000000000544e-01 -1.300595757999450871e+04
7.113000000000000433e-01 -1.300823697621372230e+04
7.114000000000000323e-01 -1.301052246332022150e+04
7.115000000000000213e-01 -1.301281403444041644e+04
7.116000000000000103e-01 -1.301511051557318387e+04
7.116999999999999993e-01 -1.301741086984828326e+04
7.117999999999999883e-01 -1.301971457338822438e+04
7.119000000000000883e-01 -1.302202104404669990e+04
7.120000000000000773e-01 -1.302432998357388351e+04
7.121000000000000663e-01 -1.302664140675780254e+04
7.122000000000000552e-01 -1.302895518497105149e+04
7.123000000000000442e-01 -1.303127098484729686e+04
7.124000000000000332e-01 -1.303358855995019985e+04
7.125000000000000222e-01 -1.303590761252472657e+04
7.126000000000000112e-01 -1.303822809266014883e+04
7.127000000000000002e-01 -1.304054941727159166e+04
7.127999999999999892e-01 -1.304287053504905452e+04
7.129000000000000892e-01 -1.304519223335054812e+04
7.130000000000000782e-01 -1.304751422418790935e+04
7.131000000000000671e-01 -1.304983688322933267e+04
7.132000000000000561e-01 -1.305216038754280999e+04
7.133000000000000451e-01 -1.305448490568596026e+04
7.134000000000000341e-01 -1.305681075822456660e+04
7.135000000000000231e-01 -1.305913974958914332e+04
7.136000000000000121e-01 -1.306147343540503243e+04
7.137000000000000011e-01 -1.306381204904223705e+04
7.137999999999999901e-01 -1.306615539960116803e+04
7.138999999999999790e-01 -1.306850327581731472e+04
7.140000000000000790e-01 -1.307085560343449470e+04
7.141000000000000680e-01 -1.307321258712947565e+04
7.142000000000000570e-01 -1.307557602988695362e+04
7.143000000000000460e-01 -1.307794951468152431e+04
7.144000000000000350e-01 -1.308033634318212899e+04
7.145000000000000240e-01 -1.308273636024779989e+04
7.146000000000000130e-01 -1.308514920752939179e+04
7.147000000000000020e-01 -1.308757449286098017e+04
7.147999999999999909e-01 -1.309001177251680929e+04
7.148999999999999799e-01 -1.309246070325974688e+04
7.150000000000000799e-01 -1.309492096095240959e+04
7.151000000000000689e-01 -1.309739304720414475e+04
7.152000000000000579e-01 -1.309987717717905798e+04
7.153000000000000469e-01 -1.310236988038556410e+04
7.154000000000000359e-01 -1.310487495356467116e+04
7.155000000000000249e-01 -1.310739556526121123e+04
7.156000000000000139e-01 -1.310993012967156938e+04
7.157000000000000028e-01 -1.311247938884940959e+04
7.157999999999999918e-01 -1.311504651092242602e+04
7.158999999999999808e-01 -1.311763082791996749e+04
7.160000000000000808e-01 -1.312023083062548903e+04
7.161000000000000698e-01 -1.312284667624804388e+04
7.162000000000000588e-01 -1.312547975190727993e+04
7.163000000000000478e-01 -1.312814836964897222e+04
7.164000000000000368e-01 -1.313085462789292433e+04
7.165000000000000258e-01 -1.313358828073390760e+04
7.166000000000000147e-01 -1.313635656142019434e+04
7.167000000000000037e-01 -1.313915681785249762e+04
7.167999999999999927e-01 -1.314198467447654002e+04
7.168999999999999817e-01 -1.314483704370966370e+04
7.170000000000000817e-01 -1.314771100278741687e+04
7.171000000000000707e-01 -1.315060626165211215e+04
7.172000000000000597e-01 -1.315352553290305514e+04
7.173000000000000487e-01 -1.315647417234409113e+04
7.174000000000000377e-01 -1.315946037797094505e+04
7.175000000000000266e-01 -1.316250138485214120e+04
7.176000000000000156e-01 -1.316561575920662108e+04
7.177000000000000046e-01 -1.316880953721091282e+04
7.177999999999999936e-01 -1.317207668501124863e+04
7.178999999999999826e-01 -1.317542076229312261e+04
7.180000000000000826e-01 -1.317889097888602555e+04
7.181000000000000716e-01 -1.318251803174413180e+04
7.182000000000000606e-01 -1.318629506263456824e+04
7.183000000000000496e-01 -1.319021017228762139e+04
7.184000000000000385e-01 -1.319432073213922740e+04
7.185000000000000275e-01 -1.319865344685482705e+04
7.186000000000000165e-01 -1.320323953624701062e+04
7.187000000000000055e-01 -1.320794389263255471e+04
7.187999999999999945e-01 -1.321241219566112159e+04
7.188999999999999835e-01 -1.321602153665965852e+04
7.190000000000000835e-01 -1.321885362479531250e+04
7.191000000000000725e-01 -1.322145987364401117e+04
7.192000000000000615e-01 -1.322398654300687485e+04
7.193000000000000504e-01 -1.322630044701979932e+04
7.194000000000000394e-01 -1.322839988045362043e+04
7.195000000000000284e-01 -1.323035546455735494e+04
7.196000000000000174e-01 -1.323224124774051779e+04
7.197000000000000064e-01 -1.323411627158904594e+04
7.197999999999999954e-01 -1.323602720776394381e+04
7.198999999999999844e-01 -1.323800418494309088e+04
7.200000000000000844e-01 -1.324005635057675499e+04
7.201000000000000734e-01 -1.324217664922210861e+04
7.202000000000000624e-01 -1.324435203359613297e+04
7.203000000000000513e-01 -1.324656994270131690e+04
7.204000000000000403e-01 -1.324882255699241068e+04
7.205000000000000293e-01 -1.325110781301775205e+04
7.206000000000000183e-01 -1.325341445312849828e+04
7.207000000000000073e-01 -1.325572170716130495e+04
7.207999999999999963e-01 -1.325802096444740346e+04
7.208999999999999853e-01 -1.326031266739643070e+04
7.210000000000000853e-01 -1.326259812015899843e+04
7.211000000000000743e-01 -1.326487680888828982e+04
7.212000000000000632e-01 -1.326714715188415721e+04
7.213000000000000522e-01 -1.326940667481023775e+04
7.214000000000000412e-01 -1.327165426652469250e+04
7.215000000000000302e-01 -1.327389131234097658e+04
7.216000000000000192e-01 -1.327612115180996625e+04
7.217000000000000082e-01 -1.327834720177084273e+04
7.217999999999999972e-01 -1.328057218715573617e+04
7.218999999999999861e-01 -1.328279803262747737e+04
7.220000000000000862e-01 -1.328502601572557614e+04
7.221000000000000751e-01 -1.328725687801828826e+04
7.222000000000000641e-01 -1.328949091217885689e+04
7.223000000000000531e-01 -1.329172806461127584e+04
7.224000000000000421e-01 -1.329396840929777682e+04
7.225000000000000311e-01 -1.329621202859022196e+04
7.226000000000000201e-01 -1.329845820778825691e+04
7.227000000000000091e-01 -1.330070598225526373e+04
7.227999999999999980e-01 -1.330295449165883656e+04
7.228999999999999870e-01 -1.330520309216081478e+04
7.230000000000000870e-01 -1.330745136246194852e+04
7.231000000000000760e-01 -1.330969908512544680e+04
7.232000000000000650e-01 -1.331194644828567107e+04
7.233000000000000540e-01 -1.331419435555191012e+04
7.234000000000000430e-01 -1.331644300664357797e+04
7.235000000000000320e-01 -1.331869214110540634e+04
7.236000000000000210e-01 -1.332094054994418184e+04
7.237000000000000099e-01 -1.332318661501015777e+04
7.237999999999999989e-01 -1.332542983356110744e+04
7.238999999999999879e-01 -1.332767069534802795e+04
7.240000000000000879e-01 -1.332990988601213212e+04
7.241000000000000769e-01 -1.333214800541348995e+04
7.242000000000000659e-01 -1.333438550141113774e+04
7.243000000000000549e-01 -1.333662268492486692e+04
7.244000000000000439e-01 -1.333885976218696123e+04
7.245000000000000329e-01 -1.334109687270600080e+04
7.246000000000000218e-01 -1.334333416373892396e+04
7.247000000000000108e-01 -1.334557169540813084e+04
7.247999999999999998e-01 -1.334780945315676763e+04
7.248999999999999888e-01 -1.335004739600093490e+04
7.250000000000000888e-01 -1.335228547256364618e+04
7.251000000000000778e-01 -1.335452362703763538e+04
7.252000000000000668e-01 -1.335674984070151004e+04
7.253000000000000558e-01 -1.335894298533108667e+04
7.254000000000000448e-01 -1.336123117490154618e+04
7.255000000000000338e-01 -1.336352168528577204e+04
7.256000000000000227e-01 -1.336578184092998345e+04
7.257000000000000117e-01 -1.336801506097181300e+04
7.258000000000000007e-01 -1.337023186966641879e+04
7.258999999999999897e-01 -1.337244063639861997e+04
7.260000000000000897e-01 -1.337464617959020325e+04
7.261000000000000787e-01 -1.337685128580069431e+04
7.262000000000000677e-01 -1.337905748724757541e+04
7.263000000000000567e-01 -1.338126539851320013e+04
7.264000000000000457e-01 -1.338347431229905487e+04
7.265000000000000346e-01 -1.338568406263488941e+04
7.266000000000000236e-01 -1.338789494203488721e+04
7.267000000000000126e-01 -1.339010699333150114e+04
7.268000000000000016e-01 -1.339231934927244038e+04
7.268999999999999906e-01 -1.339453186274574000e+04
7.269999999999999796e-01 -1.339674475444663221e+04
7.271000000000000796e-01 -1.339895820896298574e+04
7.272000000000000686e-01 -1.340117236284155115e+04
7.273000000000000576e-01 -1.340338726669244716e+04
7.274000000000000465e-01 -1.340560284545821560e+04
7.275000000000000355e-01 -1.340781896527022036e+04
7.276000000000000245e-01 -1.341003500839032858e+04
7.277000000000000135e-01 -1.341224995958459840e+04
7.278000000000000025e-01 -1.341446111086719429e+04
7.278999999999999915e-01 -1.341666738604804414e+04
7.279999999999999805e-01 -1.341887036305478068e+04
7.281000000000000805e-01 -1.342107149648515042e+04
7.282000000000000695e-01 -1.342327372768887835e+04
7.283000000000000584e-01 -1.342547776154539497e+04
7.284000000000000474e-01 -1.342768340412998623e+04
7.285000000000000364e-01 -1.342988963753718963e+04
7.286000000000000254e-01 -1.343209514940751433e+04
7.287000000000000144e-01 -1.343430479464287964e+04
7.288000000000000034e-01 -1.343651815018832713e+04
7.288999999999999924e-01 -1.343873500127972147e+04
7.289999999999999813e-01 -1.344095385078644358e+04
7.291000000000000814e-01 -1.344317378657854533e+04
7.292000000000000703e-01 -1.344539443272934841e+04
7.293000000000000593e-01 -1.344759873293810961e+04
7.294000000000000483e-01 -1.344986224671505079e+04
7.295000000000000373e-01 -1.345216021367437497e+04
7.296000000000000263e-01 -1.345459049436194800e+04
7.297000000000000153e-01 -1.345713746315785829e+04
7.298000000000000043e-01 -1.345964743823530625e+04
7.298999999999999932e-01 -1.346207886040588346e+04
7.299999999999999822e-01 -1.346444543896893083e+04
7.301000000000000822e-01 -1.346675934207861974e+04
7.302000000000000712e-01 -1.346900326519072587e+04
7.303000000000000602e-01 -1.347118921400372528e+04
7.304000000000000492e-01 -1.347333550698814361e+04
7.305000000000000382e-01 -1.347545151809611525e+04
7.306000000000000272e-01 -1.347753895819685931e+04
7.307000000000000162e-01 -1.347960417464923012e+04
7.308000000000000052e-01 -1.348165373161779098e+04
7.308999999999999941e-01 -1.348369200881481083e+04
7.309999999999999831e-01 -1.348571594665778139e+04
7.311000000000000831e-01 -1.348773024617928968e+04
7.312000000000000721e-01 -1.348973782358713288e+04
7.313000000000000611e-01 -1.349173537771518932e+04
7.314000000000000501e-01 -1.349372868342304901e+04
7.315000000000000391e-01 -1.349572314831750555e+04
7.316000000000000281e-01 -1.349772107175654492e+04
7.317000000000000171e-01 -1.349972277650118667e+04
7.318000000000000060e-01 -1.350172897038980591e+04
7.318999999999999950e-01 -1.350373738019290067e+04
7.319999999999999840e-01 -1.350574549048698282e+04
7.321000000000000840e-01 -1.350775181509180220e+04
7.322000000000000730e-01 -1.350975586616564760e+04
7.323000000000000620e-01 -1.351175965812990398e+04
7.324000000000000510e-01 -1.351376382935431684e+04
7.325000000000000400e-01 -1.351576833043840998e+04
7.326000000000000290e-01 -1.351777319965505558e+04
7.327000000000000179e-01 -1.351977893256949392e+04
7.328000000000000069e-01 -1.352178349319310655e+04
7.328999999999999959e-01 -1.352378752402895043e+04
7.329999999999999849e-01 -1.352579121766697790e+04
7.331000000000000849e-01 -1.352779426434150264e+04
7.332000000000000739e-01 -1.352979518506648310e+04
7.333000000000000629e-01 -1.353179289316370887e+04
7.334000000000000519e-01 -1.353378591005279668e+04
7.335000000000000409e-01 -1.353577496260157386e+04
7.336000000000000298e-01 -1.353776095420276215e+04
7.337000000000000188e-01 -1.353974433683830102e+04
7.338000000000000078e-01 -1.354172468422303427e+04
7.338999999999999968e-01 -1.354370333623449187e+04
7.339999999999999858e-01 -1.354568086204641077e+04
7.341000000000000858e-01 -1.354765730567891478e+04
7.342000000000000748e-01 -1.354963262104575733e+04
7.343000000000000638e-01 -1.355160676109817541e+04
7.344000000000000528e-01 -1.355357969038737247e+04
7.345000000000000417e-01 -1.355555138347797038e+04
7.346000000000000307e-01 -1.355752182174365407e+04
7.347000000000000197e-01 -1.355949099079262669e+04
7.348000000000000087e-01 -1.356145895454694983e+04
7.348999999999999977e-01 -1.356342601071545687e+04
7.349999999999999867e-01 -1.356538936497055874e+04
7.351000000000000867e-01 -1.356735168219974366e+04
7.352000000000000757e-01 -1.356931297225835078e+04
7.353000000000000647e-01 -1.357127483495886008e+04
7.354000000000000536e-01 -1.357323732960543020e+04
7.355000000000000426e-01 -1.357520094408412842e+04
7.356000000000000316e-01 -1.357716458348960987e+04
7.357000000000000206e-01 -1.357912812897298863e+04
7.358000000000000096e-01 -1.358109490510871183e+04
7.358999999999999986e-01 -1.358307336280133313e+04
7.359999999999999876e-01 -1.358504876429789692e+04
7.361000000000000876e-01 -1.358701983213291896e+04
7.362000000000000766e-01 -1.358900364714542957e+04
7.363000000000000655e-01 -1.359100139244427555e+04
7.364000000000000545e-01 -1.359300464783377174e+04
7.365000000000000435e-01 -1.359501073064658704e+04
7.366000000000000325e-01 -1.359701854095121053e+04
7.367000000000000215e-01 -1.359902628008223110e+04
7.368000000000000105e-01 -1.360103256370732925e+04
7.368999999999999995e-01 -1.360303937221967681e+04
7.369999999999999885e-01 -1.360504725331954978e+04
7.371000000000000885e-01 -1.360705172834270343e+04
7.372000000000000774e-01 -1.360905114828557271e+04
7.373000000000000664e-01 -1.361104407356795309e+04
7.374000000000000554e-01 -1.361303387816967734e+04
7.375000000000000444e-01 -1.361502256148891684e+04
7.376000000000000334e-01 -1.361701122130606018e+04
7.377000000000000224e-01 -1.361900060625395599e+04
7.378000000000000114e-01 -1.362099131553043298e+04
7.379000000000000004e-01 -1.362298382079754083e+04
7.379999999999999893e-01 -1.362497944609314254e+04
7.381000000000000894e-01 -1.362697822408109460e+04
7.382000000000000783e-01 -1.362898099107722737e+04
7.383000000000000673e-01 -1.363098782135653710e+04
7.384000000000000563e-01 -1.363299477031650713e+04
7.385000000000000453e-01 -1.363499899945400102e+04
7.386000000000000343e-01 -1.363699901120240247e+04
7.387000000000000233e-01 -1.363899661190059669e+04
7.388000000000000123e-01 -1.364099469237868652e+04
7.389000000000000012e-01 -1.364298631093904078e+04
7.389999999999999902e-01 -1.364498200402344446e+04
7.391000000000000902e-01 -1.364698052543147423e+04
7.392000000000000792e-01 -1.364897805471684296e+04
7.393000000000000682e-01 -1.365096865566961969e+04
7.394000000000000572e-01 -1.365295024920113246e+04
7.395000000000000462e-01 -1.365492530346791500e+04
7.396000000000000352e-01 -1.365690320862738372e+04
7.397000000000000242e-01 -1.365889592417044696e+04
7.398000000000000131e-01 -1.366089482492334719e+04
7.399000000000000021e-01 -1.366288169871629907e+04
7.399999999999999911e-01 -1.366485241108006085e+04
7.400999999999999801e-01 -1.366681526747575663e+04
7.402000000000000801e-01 -1.366877561225664977e+04
7.403000000000000691e-01 -1.367073590626598343e+04
7.404000000000000581e-01 -1.367269481763010481e+04
7.405000000000000471e-01 -1.367465030502578884e+04
7.406000000000000361e-01 -1.367660181246207503e+04
7.407000000000000250e-01 -1.367855077595931834e+04
7.408000000000000140e-01 -1.368050030034819792e+04
7.409000000000000030e-01 -1.368245291352257664e+04
7.409999999999999920e-01 -1.368440959938847300e+04
7.410999999999999810e-01 -1.368636966126164225e+04
7.412000000000000810e-01 -1.368833159734767469e+04
7.413000000000000700e-01 -1.369029486485639609e+04
7.414000000000000590e-01 -1.369225909757037152e+04
7.415000000000000480e-01 -1.369422370141982537e+04
7.416000000000000369e-01 -1.369618767752146960e+04
7.417000000000000259e-01 -1.369814982954123479e+04
7.418000000000000149e-01 -1.370010911682434744e+04
7.419000000000000039e-01 -1.370206488757214356e+04
7.419999999999999929e-01 -1.370401690637814318e+04
7.420999999999999819e-01 -1.370596523340466047e+04
7.422000000000000819e-01 -1.370791005274596318e+04
7.423000000000000709e-01 -1.370985150988586793e+04
7.424000000000000599e-01 -1.371178954826526387e+04
7.425000000000000488e-01 -1.371372367203827162e+04
7.426000000000000378e-01 -1.371565113006173124e+04
7.427000000000000268e-01 -1.371756232256011572e+04
7.428000000000000158e-01 -1.371944681861744903e+04
7.429000000000000048e-01 -1.372116188049113407e+04
7.429999999999999938e-01 -1.372258728374993552e+04
7.430999999999999828e-01 -1.372381349236897040e+04
7.432000000000000828e-01 -1.372498069161723288e+04
7.433000000000000718e-01 -1.372613633150959322e+04
7.434000000000000608e-01 -1.372723392741375028e+04
7.435000000000000497e-01 -1.372821331399365772e+04
7.436000000000000387e-01 -1.372903945448008926e+04
7.437000000000000277e-01 -1.372969910631518178e+04
7.438000000000000167e-01 -1.373017865853757939e+04
7.439000000000000057e-01 -1.373045645733376477e+04
7.439999999999999947e-01 -1.373054730551019384e+04
7.440999999999999837e-01 -1.373046899686363759e+04
7.442000000000000837e-01 -1.373020717721513392e+04
7.443000000000000727e-01 -1.372973762382097084e+04
7.444000000000000616e-01 -1.372908100726383418e+04
7.445000000000000506e-01 -1.372821617967199018e+04
7.446000000000000396e-01 -1.372718472704940723e+04
7.447000000000000286e-01 -1.372615086391747172e+04
7.448000000000000176e-01 -1.372498629377955513e+04
7.449000000000000066e-01 -1.372383364580764464e+04
7.449999999999999956e-01 -1.372305867343517639e+04
7.450999999999999845e-01 -1.372271453026115341e+04
7.452000000000000846e-01 -1.372272947830425255e+04
7.453000000000000735e-01 -1.372312909719277741e+04
7.454000000000000625e-01 -1.372388862020362103e+04
7.455000000000000515e-01 -1.372503715981281130e+04
7.456000000000000405e-01 -1.372664888714693552e+04
7.457000000000000295e-01 -1.372865812448449833e+04
7.458000000000000185e-01 -1.373086291073007851e+04
7.459000000000000075e-01 -1.373311202342730940e+04
7.459999999999999964e-01 -1.373532505314523769e+04
7.460999999999999854e-01 -1.373743269987642998e+04
7.462000000000000854e-01 -1.373942742508778065e+04
7.463000000000000744e-01 -1.374137841135419512e+04
7.464000000000000634e-01 -1.374328286789908816e+04
7.465000000000000524e-01 -1.374519471743377289e+04
7.466000000000000414e-01 -1.374714940757139448e+04
7.467000000000000304e-01 -1.374920205386814450e+04
7.468000000000000194e-01 -1.375139466134655959e+04
7.469000000000000083e-01 -1.375361235618633691e+04
7.469999999999999973e-01 -1.375578708959080177e+04
7.470999999999999863e-01 -1.375788820168386519e+04
7.472000000000000863e-01 -1.375988264724995315e+04
7.473000000000000753e-01 -1.376178447556259016e+04
7.474000000000000643e-01 -1.376362189318793935e+04
7.475000000000000533e-01 -1.376534964736298025e+04
7.476000000000000423e-01 -1.376701248992274486e+04
7.477000000000000313e-01 -1.376869568235912084e+04
7.478000000000000203e-01 -1.377044854473395753e+04
7.479000000000000092e-01 -1.377229216857881875e+04
7.479999999999999982e-01 -1.377422045674939545e+04
7.480999999999999872e-01 -1.377621295210658718e+04
7.482000000000000872e-01 -1.377825302858302712e+04
7.483000000000000762e-01 -1.378030961033280619e+04
7.484000000000000652e-01 -1.378236784378789707e+04
7.485000000000000542e-01 -1.378442197561365901e+04
7.486000000000000432e-01 -1.378646834786306317e+04
7.487000000000000322e-01 -1.378850682956834316e+04
7.488000000000000211e-01 -1.379054108893961347e+04
7.489000000000000101e-01 -1.379256273113658608e+04
7.489999999999999991e-01 -1.379457821767200949e+04
7.490999999999999881e-01 -1.379658881941602522e+04
7.492000000000000881e-01 -1.379859806823725739e+04
7.493000000000000771e-01 -1.380059678229083147e+04
7.494000000000000661e-01 -1.380259396916982223e+04
7.495000000000000551e-01 -1.380459039845156985e+04
7.496000000000000441e-01 -1.380658701353956167e+04
7.497000000000000330e-01 -1.380858520995370782e+04
7.498000000000000220e-01 -1.381058223019244542e+04
7.499000000000000110e-01 -1.381258679473740995e+04
7.500000000000000000e-01 -1.381459704373807290e+04
7.500999999999999890e-01 -1.381832734385900403e+04
7.502000000000000890e-01 -1.382351144291354831e+04
7.503000000000000780e-01 -1.382948457387448616e+04
7.504000000000000670e-01 -1.383602141700973880e+04
7.505000000000000560e-01 -1.384316560214649508e+04
7.506000000000000449e-01 -1.385100311523015989e+04
7.507000000000000339e-01 -1.385962435808691043e+04
7.508000000000000229e-01 -1.386881515928947738e+04
7.509000000000000119e-01 -1.387851345577317807e+04
7.510000000000000009e-01 -1.388861798005044329e+04
7.510999999999999899e-01 -1.389874764362079804e+04
7.512000000000000899e-01 -1.390590418532283184e+04
7.513000000000000789e-01 -1.390990307891319389e+04
7.514000000000000679e-01 -1.391212459420563391e+04
7.515000000000000568e-01 -1.391342873862264241e+04
7.516000000000000458e-01 -1.391429140935966097e+04
7.517000000000000348e-01 -1.391505384242577748e+04
7.518000000000000238e-01 -1.391557047896763288e+04
7.519000000000000128e-01 -1.391631273713487280e+04
7.520000000000000018e-01 -1.391824585470004240e+04
7.520999999999999908e-01 -1.392054616469008215e+04
7.522000000000000908e-01 -1.392291131732395661e+04
7.523000000000000798e-01 -1.392535886007326553e+04
7.524000000000000687e-01 -1.392740444189444679e+04
7.525000000000000577e-01 -1.392906078578915731e+04
7.526000000000000467e-01 -1.393044251086422446e+04
7.527000000000000357e-01 -1.393162807100918872e+04
7.528000000000000247e-01 -1.393267636154204774e+04
7.529000000000000137e-01 -1.393362162424567941e+04
7.530000000000000027e-01 -1.393441409930679220e+04
7.530999999999999917e-01 -1.393506074971298403e+04
7.531999999999999806e-01 -1.393560365565024222e+04
7.533000000000000806e-01 -1.393608545369033527e+04
7.534000000000000696e-01 -1.393651459692741264e+04
7.535000000000000586e-01 -1.393685503377645182e+04
7.536000000000000476e-01 -1.393705826933034587e+04
7.537000000000000366e-01 -1.393707869702307653e+04
7.538000000000000256e-01 -1.393690077141939946e+04
7.539000000000000146e-01 -1.393655614494411020e+04
7.540000000000000036e-01 -1.393610042380359118e+04
7.540999999999999925e-01 -1.393549058230714036e+04
7.541999999999999815e-01 -1.393473672215840270e+04
7.543000000000000815e-01 -1.393382450455783874e+04
7.544000000000000705e-01 -1.393277146747485494e+04
7.545000000000000595e-01 -1.393165289054483037e+04
7.546000000000000485e-01 -1.393051687320461133e+04
7.547000000000000375e-01 -1.392951153994705783e+04
7.548000000000000265e-01 -1.392898863041086770e+04
7.549000000000000155e-01 -1.392905818022273525e+04
7.550000000000000044e-01 -1.392967562618856937e+04
7.550999999999999934e-01 -1.393074895689915138e+04
7.551999999999999824e-01 -1.393216647758965883e+04
7.553000000000000824e-01 -1.393390679674981220e+04
7.554000000000000714e-01 -1.393597897362942058e+04
7.555000000000000604e-01 -1.393824982507034838e+04
7.556000000000000494e-01 -1.394057919860883885e+04
7.557000000000000384e-01 -1.394285734367426448e+04
7.558000000000000274e-01 -1.394503728239854900e+04
7.559000000000000163e-01 -1.394713118741044855e+04
7.560000000000000053e-01 -1.394913184200918477e+04
7.560999999999999943e-01 -1.395103750386970751e+04
7.561999999999999833e-01 -1.395287261774824219e+04
7.563000000000000833e-01 -1.395469941988689061e+04
7.564000000000000723e-01 -1.395662354304375549e+04
7.565000000000000613e-01 -1.395876936574688079e+04
7.566000000000000503e-01 -1.396101163464597812e+04
7.567000000000000393e-01 -1.396323392757580223e+04
7.568000000000000282e-01 -1.396538653473075647e+04
7.569000000000000172e-01 -1.396746380628511361e+04
7.570000000000000062e-01 -1.396949584233942005e+04
7.570999999999999952e-01 -1.397149495545196442e+04
7.571999999999999842e-01 -1.397346134899491517e+04
7.573000000000000842e-01 -1.397539529473831317e+04
7.574000000000000732e-01 -1.397730549932354006e+04
7.575000000000000622e-01 -1.397921780214957289e+04
7.576000000000000512e-01 -1.398114683758303363e+04
7.577000000000000401e-01 -1.398309506429204157e+04
7.578000000000000291e-01 -1.398506492662348865e+04
7.579000000000000181e-01 -1.398705570290314245e+04
7.580000000000000071e-01 -1.398908123215836349e+04
7.580999999999999961e-01 -1.399114923886558790e+04
7.581999999999999851e-01 -1.399324273315992468e+04
7.583000000000000851e-01 -1.399534542615340433e+04
7.584000000000000741e-01 -1.399744724010375467e+04
7.585000000000000631e-01 -1.399954242083053396e+04
7.586000000000000520e-01 -1.400163377921181745e+04
7.587000000000000410e-01 -1.400371705972209929e+04
7.588000000000000300e-01 -1.400578441671127985e+04
7.589000000000000190e-01 -1.400784172574149488e+04
7.590000000000000080e-01 -1.400989274419359572e+04
7.590999999999999970e-01 -1.401193979444977231e+04
7.591999999999999860e-01 -1.401398441224232738e+04
7.593000000000000860e-01 -1.401602801512394035e+04
7.594000000000000750e-01 -1.401807502586618102e+04
7.595000000000000639e-01 -1.402012189279288214e+04
7.596000000000000529e-01 -1.402217226860519077e+04
7.597000000000000419e-01 -1.402422785071425642e+04
7.598000000000000309e-01 -1.402628289270442838e+04
7.599000000000000199e-01 -1.402833836312626772e+04
7.600000000000000089e-01 -1.403039499114909631e+04
7.600999999999999979e-01 -1.403246648969804482e+04
7.601999999999999869e-01 -1.403458694274903064e+04
7.603000000000000869e-01 -1.403675702487527269e+04
7.604000000000000759e-01 -1.403897191942398422e+04
7.605000000000000648e-01 -1.404122342151226803e+04
7.606000000000000538e-01 -1.404350180891924356e+04
7.607000000000000428e-01 -1.404579811378707927e+04
7.608000000000000318e-01 -1.404810794130081922e+04
7.609000000000000208e-01 -1.405042766422903696e+04
7.610000000000000098e-01 -1.405275576593166988e+04
7.610999999999999988e-01 -1.405509030681329568e+04
7.611999999999999877e-01 -1.405742789494022145e+04
7.613000000000000878e-01 -1.405976501764418390e+04
7.614000000000000767e-01 -1.406210019770991858e+04
7.615000000000000657e-01 -1.406443326052775956e+04
7.616000000000000547e-01 -1.406676464818106797e+04
7.617000000000000437e-01 -1.406909601127215319e+04
7.618000000000000327e-01 -1.407143135568684011e+04
7.619000000000000217e-01 -1.407377207441155952e+04
7.620000000000000107e-01 -1.407611754016463237e+04
7.620999999999999996e-01 -1.407846741488699627e+04
7.621999999999999886e-01 -1.408081724770706387e+04
7.623000000000000886e-01 -1.408316533387742675e+04
7.624000000000000776e-01 -1.408551276511449760e+04
7.625000000000000666e-01 -1.408786048845795267e+04
7.626000000000000556e-01 -1.409020190997841200e+04
7.627000000000000446e-01 -1.409254648648760121e+04
7.628000000000000336e-01 -1.409489564724491174e+04
7.629000000000000226e-01 -1.409724528624705272e+04
7.630000000000000115e-01 -1.409959219932612905e+04
7.631000000000000005e-01 -1.410193944497084703e+04
7.631999999999999895e-01 -1.410428622680605440e+04
7.633000000000000895e-01 -1.410663220671652925e+04
7.634000000000000785e-01 -1.410897372147873102e+04
7.635000000000000675e-01 -1.411131757073230983e+04
7.636000000000000565e-01 -1.411366471420642119e+04
7.637000000000000455e-01 -1.411601389853624278e+04
7.638000000000000345e-01 -1.411836469183076770e+04
7.639000000000000234e-01 -1.412071885646159171e+04
7.640000000000000124e-01 -1.412307977297666184e+04
7.641000000000000014e-01 -1.412544781368161603e+04
7.641999999999999904e-01 -1.412782105973776743e+04
7.643000000000000904e-01 -1.413020255493019067e+04
7.644000000000000794e-01 -1.413259067513906666e+04
7.645000000000000684e-01 -1.413498425255634356e+04
7.646000000000000574e-01 -1.413738413491786196e+04
7.647000000000000464e-01 -1.413978973499455606e+04
7.648000000000000353e-01 -1.414220105837397023e+04
7.649000000000000243e-01 -1.414461742153971318e+04
7.650000000000000133e-01 -1.414703808547349399e+04
7.651000000000000023e-01 -1.414946265393863177e+04
7.651999999999999913e-01 -1.415189119205533643e+04
7.653000000000000913e-01 -1.415432476048212266e+04
7.654000000000000803e-01 -1.415676377832181970e+04
7.655000000000000693e-01 -1.415921054516720324e+04
7.656000000000000583e-01 -1.416167070237128246e+04
7.657000000000000473e-01 -1.416415121925423045e+04
7.658000000000000362e-01 -1.416665028815603000e+04
7.659000000000000252e-01 -1.416916723606401320e+04
7.660000000000000142e-01 -1.417170132326197927e+04
7.661000000000000032e-01 -1.417425182948426118e+04
7.661999999999999922e-01 -1.417681810495999343e+04
7.663000000000000922e-01 -1.417939962145374739e+04
7.664000000000000812e-01 -1.418199598266691100e+04
7.665000000000000702e-01 -1.418460693026410627e+04
7.666000000000000592e-01 -1.418723234926107580e+04
7.667000000000000481e-01 -1.418987243126534668e+04
7.668000000000000371e-01 -1.419252828994331685e+04
7.669000000000000261e-01 -1.419520131671531271e+04
7.670000000000000151e-01 -1.419789241990132905e+04
7.671000000000000041e-01 -1.420060201439946832e+04
7.671999999999999931e-01 -1.420333217778496328e+04
7.672999999999999821e-01 -1.420609414252753959e+04
7.674000000000000821e-01 -1.420890797798661333e+04
7.675000000000000711e-01 -1.421179565509997883e+04
7.676000000000000600e-01 -1.421476717384180665e+04
7.677000000000000490e-01 -1.421782049095625371e+04
7.678000000000000380e-01 -1.422095562383702054e+04
7.679000000000000270e-01 -1.422418600251587850e+04
7.680000000000000160e-01 -1.422752319899705799e+04
7.681000000000000050e-01 -1.423097545879851350e+04
7.681999999999999940e-01 -1.423455224055693361e+04
7.682999999999999829e-01 -1.423827629432054528e+04
7.684000000000000830e-01 -1.424217926629353678e+04
7.685000000000000719e-01 -1.424629167820612747e+04
7.686000000000000609e-01 -1.425062560088794817e+04
7.687000000000000499e-01 -1.425525908436952341e+04
7.688000000000000389e-01 -1.426025922896240445e+04
7.689000000000000279e-01 -1.426566026188513206e+04
7.690000000000000169e-01 -1.427149696423896603e+04
7.691000000000000059e-01 -1.427763889939388173e+04
7.691999999999999948e-01 -1.428401505198122322e+04
7.692999999999999838e-01 -1.428901876086673292e+04
7.694000000000000838e-01 -1.429186228363006376e+04
7.695000000000000728e-01 -1.429361980851024964e+04
7.696000000000000618e-01 -1.429518905895145872e+04
7.697000000000000508e-01 -1.429718580749430657e+04
7.698000000000000398e-01 -1.429955397772432843e+04
7.699000000000000288e-01 -1.430182405612738512e+04
7.700000000000000178e-01 -1.430393744018246980e+04
7.701000000000000068e-01 -1.430596737665350156e+04
7.701999999999999957e-01 -1.430798723744270501e+04
7.702999999999999847e-01 -1.431004590094675586e+04
7.704000000000000847e-01 -1.431216804646852142e+04
7.705000000000000737e-01 -1.431435843065777954e+04
7.706000000000000627e-01 -1.431660832998165461e+04
7.707000000000000517e-01 -1.431890210415722868e+04
7.708000000000000407e-01 -1.432121877751379907e+04
7.709000000000000297e-01 -1.432353883174076691e+04
7.710000000000000187e-01 -1.432584840003787031e+04
7.711000000000000076e-01 -1.432814094497184487e+04
7.711999999999999966e-01 -1.433042096338362899e+04
7.712999999999999856e-01 -1.433270627181109558e+04
7.714000000000000856e-01 -1.433500161928888338e+04
7.715000000000000746e-01 -1.433730775115855613e+04
7.716000000000000636e-01 -1.433961264188254427e+04
7.717000000000000526e-01 -1.434190439896084899e+04
7.718000000000000416e-01 -1.434418625678621356e+04
7.719000000000000306e-01 -1.434644851134828059e+04
7.720000000000000195e-01 -1.434869746922961895e+04
7.721000000000000085e-01 -1.435094223065354890e+04
7.721999999999999975e-01 -1.435318991339806780e+04
7.722999999999999865e-01 -1.435544295605299703e+04
7.724000000000000865e-01 -1.435770081328744891e+04
7.725000000000000755e-01 -1.435996207532149128e+04
7.726000000000000645e-01 -1.436222547738506546e+04
7.727000000000000535e-01 -1.436449038869156175e+04
7.728000000000000425e-01 -1.436675642370662899e+04
7.729000000000000314e-01 -1.436902349360212429e+04
7.730000000000000204e-01 -1.437129122550779175e+04
7.731000000000000094e-01 -1.437355921073951140e+04
7.731999999999999984e-01 -1.437582737915561120e+04
7.732999999999999874e-01 -1.437809564721159222e+04
7.734000000000000874e-01 -1.438036398843843563e+04
7.735000000000000764e-01 -1.438263275331087971e+04
7.736000000000000654e-01 -1.438490225249058494e+04
7.737000000000000544e-01 -1.438717253331782922e+04
7.738000000000000433e-01 -1.438944354638785444e+04
7.739000000000000323e-01 -1.439171522616760922e+04
7.740000000000000213e-01 -1.439398751495262331e+04
7.741000000000000103e-01 -1.439626036408083746e+04
7.741999999999999993e-01 -1.439853372875964669e+04
7.742999999999999883e-01 -1.440080756306150761e+04
7.744000000000000883e-01 -1.440308181703707851e+04
7.745000000000000773e-01 -1.440535643612423519e+04
7.746000000000000663e-01 -1.440763136251531068e+04
7.747000000000000552e-01 -1.440990640534497288e+04
7.748000000000000442e-01 -1.441218107830368172e+04
7.749000000000000332e-01 -1.441445513614297852e+04
7.750000000000000222e-01 -1.441672825631798878e+04
7.751000000000000112e-01 -1.441900046376321006e+04
7.752000000000000002e-01 -1.442127291738244094e+04
7.752999999999999892e-01 -1.442354620124870962e+04
7.754000000000000892e-01 -1.442582039091747902e+04
7.755000000000000782e-01 -1.442809541570215879e+04
7.756000000000000671e-01 -1.443037119672084009e+04
7.757000000000000561e-01 -1.443264767659155405e+04
7.758000000000000451e-01 -1.443492481917579607e+04
7.759000000000000341e-01 -1.443720260260180112e+04
7.760000000000000231e-01 -1.443948101253910500e+04
7.761000000000000121e-01 -1.444176003726896670e+04
7.762000000000000011e-01 -1.444403966447820130e+04
7.762999999999999901e-01 -1.444631988238101258e+04
7.764000000000000901e-01 -1.444860240725666699e+04
7.765000000000000790e-01 -1.445088831907926578e+04
7.766000000000000680e-01 -1.445317413269720055e+04
7.767000000000000570e-01 -1.445545851662176756e+04
7.768000000000000460e-01 -1.445774144013660043e+04
7.769000000000000350e-01 -1.446002321334090993e+04
7.770000000000000240e-01 -1.446230417885285715e+04
7.771000000000000130e-01 -1.446458462881361083e+04
7.772000000000000020e-01 -1.446686524343420388e+04
7.772999999999999909e-01 -1.446914528964953570e+04
7.774000000000000909e-01 -1.447142295106626807e+04
7.775000000000000799e-01 -1.447369769812992490e+04
7.776000000000000689e-01 -1.447597001112310318e+04
7.777000000000000579e-01 -1.447824052347800352e+04
7.778000000000000469e-01 -1.448050975462836686e+04
7.779000000000000359e-01 -1.448277681359646522e+04
7.780000000000000249e-01 -1.448504428396467119e+04
7.781000000000000139e-01 -1.448755451547120902e+04
7.782000000000000028e-01 -1.449028846656586393e+04
7.782999999999999918e-01 -1.449311087043071711e+04
7.784000000000000918e-01 -1.449627865985412791e+04
7.785000000000000808e-01 -1.449940973320833109e+04
7.786000000000000698e-01 -1.450235967900843934e+04
7.787000000000000588e-01 -1.450512886133586471e+04
7.788000000000000478e-01 -1.450775471126604316e+04
7.789000000000000368e-01 -1.451027828715349278e+04
7.790000000000000258e-01 -1.451272871910816502e+04
7.791000000000000147e-01 -1.451520933226270063e+04
7.792000000000000037e-01 -1.451776036106268475e+04
7.792999999999999927e-01 -1.452027358267848285e+04
7.794000000000000927e-01 -1.452271213971409998e+04
7.795000000000000817e-01 -1.452509201106706314e+04
7.796000000000000707e-01 -1.452757798908279437e+04
7.797000000000000597e-01 -1.453008905020751263e+04
7.798000000000000487e-01 -1.453252099457930126e+04
7.799000000000000377e-01 -1.453489716400962971e+04
7.800000000000000266e-01 -1.453723534921659484e+04
7.801000000000000156e-01 -1.453953450020181299e+04
7.802000000000000046e-01 -1.454177520705932147e+04
7.802999999999999936e-01 -1.454396270043531149e+04
7.803999999999999826e-01 -1.454610845571066238e+04
7.805000000000000826e-01 -1.454822316219631102e+04
7.806000000000000716e-01 -1.455031294999077363e+04
7.807000000000000606e-01 -1.455238371080084653e+04
7.808000000000000496e-01 -1.455444081279088641e+04
7.809000000000000385e-01 -1.455648792803875222e+04
7.810000000000000275e-01 -1.455852340997384454e+04
7.811000000000000165e-01 -1.456055535348287594e+04
7.812000000000000055e-01 -1.456258595325048918e+04
7.812999999999999945e-01 -1.456461076688272624e+04
7.813999999999999835e-01 -1.456663168817126825e+04
7.815000000000000835e-01 -1.456865073682409093e+04
7.816000000000000725e-01 -1.457066887814214169e+04
7.817000000000000615e-01 -1.457268625445688122e+04
7.818000000000000504e-01 -1.457470204532841308e+04
7.819000000000000394e-01 -1.457671368759998404e+04
7.820000000000000284e-01 -1.457871998203790099e+04
7.821000000000000174e-01 -1.458072454619735799e+04
7.822000000000000064e-01 -1.458272642380346224e+04
7.822999999999999954e-01 -1.458472530836509031e+04
7.823999999999999844e-01 -1.458672171040465764e+04
7.825000000000000844e-01 -1.458871628056722147e+04
7.826000000000000734e-01 -1.459070881747266685e+04
7.827000000000000624e-01 -1.459269649039360593e+04
7.828000000000000513e-01 -1.459468801411040477e+04
7.829000000000000403e-01 -1.459668358590286698e+04
7.830000000000000293e-01 -1.459868187087081242e+04
7.831000000000000183e-01 -1.460068088041885494e+04
7.832000000000000073e-01 -1.460267983345469293e+04
7.832999999999999963e-01 -1.460467835940691657e+04
7.833999999999999853e-01 -1.460667539210999894e+04
7.835000000000000853e-01 -1.460867207965669331e+04
7.836000000000000743e-01 -1.461066942187322093e+04
7.837000000000000632e-01 -1.461266603658706845e+04
7.838000000000000522e-01 -1.461466019344726556e+04
7.839000000000000412e-01 -1.461665171857114910e+04
7.840000000000000302e-01 -1.461864041000188809e+04
7.841000000000000192e-01 -1.462062617925129416e+04
7.842000000000000082e-01 -1.462260950408232384e+04
7.842999999999999972e-01 -1.462459066558430277e+04
7.843999999999999861e-01 -1.462656981781712057e+04
7.845000000000000862e-01 -1.462854706631820773e+04
7.846000000000000751e-01 -1.463052250327857655e+04
7.847000000000000641e-01 -1.463249622047977937e+04
7.848000000000000531e-01 -1.463446831232405020e+04
7.849000000000000421e-01 -1.463643887459651523e+04
7.850000000000000311e-01 -1.463840800145535286e+04
7.851000000000000201e-01 -1.464037578176144234e+04
7.852000000000000091e-01 -1.464234229519600194e+04
7.852999999999999980e-01 -1.464430760829267456e+04
7.853999999999999870e-01 -1.464627332788000604e+04
7.855000000000000870e-01 -1.464824117404626122e+04
7.856000000000000760e-01 -1.465021079132627347e+04
7.857000000000000650e-01 -1.465228749644546770e+04
7.858000000000000540e-01 -1.465501431629847139e+04
7.859000000000000430e-01 -1.465783948674119893e+04
7.860000000000000320e-01 -1.466044209723682434e+04
7.861000000000000210e-01 -1.466284677293672758e+04
7.862000000000000099e-01 -1.466511915091864466e+04
7.862999999999999989e-01 -1.466732848940207623e+04
7.863999999999999879e-01 -1.467017876702590547e+04
7.865000000000000879e-01 -1.467326959839781557e+04
7.866000000000000769e-01 -1.467611112723640690e+04
7.867000000000000659e-01 -1.467870622127656497e+04
7.868000000000000549e-01 -1.468113104603058309e+04
7.869000000000000439e-01 -1.468343878113344545e+04
7.870000000000000329e-01 -1.468566187693354550e+04
7.871000000000000218e-01 -1.468781861077092071e+04
7.872000000000000108e-01 -1.468992103754899472e+04
7.872999999999999998e-01 -1.469197954671931620e+04
7.873999999999999888e-01 -1.469400269218057292e+04
7.875000000000000888e-01 -1.469599741560848452e+04
7.876000000000000778e-01 -1.469797211616117602e+04
7.877000000000000668e-01 -1.469992866840185161e+04
7.878000000000000558e-01 -1.470186937352859240e+04
7.879000000000000448e-01 -1.470379952701518232e+04
7.880000000000000338e-01 -1.470572289975900458e+04
7.881000000000000227e-01 -1.470764173926198055e+04
7.882000000000000117e-01 -1.470955502277665619e+04
7.883000000000000007e-01 -1.471145904912704464e+04
7.883999999999999897e-01 -1.471335428292396864e+04
7.885000000000000897e-01 -1.471524230289049592e+04
7.886000000000000787e-01 -1.471712418621568031e+04
7.887000000000000677e-01 -1.471900061638304578e+04
7.888000000000000567e-01 -1.472087243932228193e+04
7.889000000000000457e-01 -1.472274003826231092e+04
7.890000000000000346e-01 -1.472460345916572805e+04
7.891000000000000236e-01 -1.472646255420264242e+04
7.892000000000000126e-01 -1.472831807936748555e+04
7.893000000000000016e-01 -1.473018036621603096e+04
7.893999999999999906e-01 -1.473204466362577114e+04
7.895000000000000906e-01 -1.473390715124380768e+04
7.896000000000000796e-01 -1.473576304049000646e+04
7.897000000000000686e-01 -1.473760562861996004e+04
7.898000000000000576e-01 -1.473942706195110441e+04
7.899000000000000465e-01 -1.474124114856008964e+04
7.900000000000000355e-01 -1.474303109667038370e+04
7.901000000000000245e-01 -1.474482477755261243e+04
7.902000000000000135e-01 -1.474669909077570992e+04
7.903000000000000025e-01 -1.474869256557733570e+04
7.903999999999999915e-01 -1.475073525556927416e+04
7.905000000000000915e-01 -1.475272254509646882e+04
7.906000000000000805e-01 -1.475462185357799899e+04
7.907000000000000695e-01 -1.475645848167621625e+04
7.908000000000000584e-01 -1.475823419185361126e+04
7.909000000000000474e-01 -1.475997777766312538e+04
7.910000000000000364e-01 -1.476171682366554160e+04
7.911000000000000254e-01 -1.476348424598357269e+04
7.912000000000000144e-01 -1.476531338247310669e+04
7.913000000000000034e-01 -1.476727414153342943e+04
7.913999999999999924e-01 -1.476934112478201860e+04
7.915000000000000924e-01 -1.477142495116725331e+04
7.916000000000000814e-01 -1.477345940360307941e+04
7.917000000000000703e-01 -1.477542323623057200e+04
7.918000000000000593e-01 -1.477733197778450449e+04
7.919000000000000483e-01 -1.477921905882258397e+04
7.920000000000000373e-01 -1.478111420938811898e+04
7.921000000000000263e-01 -1.478302908452560041e+04
7.922000000000000153e-01 -1.478495499534424380e+04
7.923000000000000043e-01 -1.478686737513546905e+04
7.923999999999999932e-01 -1.478874732429008691e+04
7.925000000000000933e-01 -1.479058638962589066e+04
7.926000000000000822e-01 -1.479237468704455387e+04
7.927000000000000712e-01 -1.479409486461850429e+04
7.928000000000000602e-01 -1.479572262939235043e+04
7.929000000000000492e-01 -1.479723102105615544e+04
7.930000000000000382e-01 -1.479859452526769019e+04
7.931000000000000272e-01 -1.479978858068128829e+04
7.932000000000000162e-01 -1.480078799393002191e+04
7.933000000000000052e-01 -1.480156783004247336e+04
7.933999999999999941e-01 -1.480211503952536441e+04
7.934999999999999831e-01 -1.480243732130201897e+04
7.936000000000000831e-01 -1.480253667101403335e+04
7.937000000000000721e-01 -1.480239595600010216e+04
7.938000000000000611e-01 -1.480199929048150625e+04
7.939000000000000501e-01 -1.480134790628672636e+04
7.940000000000000391e-01 -1.480052199686467793e+04
7.941000000000000281e-01 -1.479956321741473403e+04
7.942000000000000171e-01 -1.479846813283360279e+04
7.943000000000000060e-01 -1.479722664727596566e+04
7.943999999999999950e-01 -1.479589477020434606e+04
7.944999999999999840e-01 -1.479458697227024641e+04
7.946000000000000840e-01 -1.479329149930024687e+04
7.947000000000000730e-01 -1.479210092403891940e+04
7.948000000000000620e-01 -1.479154029399170759e+04
7.949000000000000510e-01 -1.479191472084087400e+04
7.950000000000000400e-01 -1.479302888424393859e+04
7.951000000000000290e-01 -1.479458141925646851e+04
7.952000000000000179e-01 -1.479635723463841532e+04
7.953000000000000069e-01 -1.479832324884813170e+04
7.953999999999999959e-01 -1.480041730135512080e+04
7.954999999999999849e-01 -1.480255974156732191e+04
7.956000000000000849e-01 -1.480473969372839565e+04
7.957000000000000739e-01 -1.480691736109540943e+04
7.958000000000000629e-01 -1.480903321822880389e+04
7.959000000000000519e-01 -1.481103498626637702e+04
7.960000000000000409e-01 -1.481301719511778174e+04
7.961000000000000298e-01 -1.481498408293761895e+04
7.962000000000000188e-01 -1.481694356054019227e+04
7.963000000000000078e-01 -1.481890427735596313e+04
7.963999999999999968e-01 -1.482090428367691675e+04
7.964999999999999858e-01 -1.482306759762068032e+04
7.966000000000000858e-01 -1.482539007306458734e+04
7.967000000000000748e-01 -1.482772568539065287e+04
7.968000000000000638e-01 -1.482999788260470996e+04
7.969000000000000528e-01 -1.483218460875919845e+04
7.970000000000000417e-01 -1.483429761148738544e+04
7.971000000000000307e-01 -1.483635347869791258e+04
7.972000000000000197e-01 -1.483836719974219523e+04
7.973000000000000087e-01 -1.484036627968570610e+04
7.973999999999999977e-01 -1.484235041355188878e+04
7.974999999999999867e-01 -1.484429798392783596e+04
7.976000000000000867e-01 -1.484621935227353424e+04
7.977000000000000757e-01 -1.484812124180538558e+04
7.978000000000000647e-01 -1.485001087050875503e+04
7.979000000000000536e-01 -1.485189797465406809e+04
7.980000000000000426e-01 -1.485379605259226810e+04
7.981000000000000316e-01 -1.485570991332719314e+04
7.982000000000000206e-01 -1.485764170323689177e+04
7.983000000000000096e-01 -1.485959238697525689e+04
7.983999999999999986e-01 -1.486155512977408034e+04
7.984999999999999876e-01 -1.486352847626342191e+04
7.986000000000000876e-01 -1.486552098430211481e+04
7.987000000000000766e-01 -1.486753772193057921e+04
7.988000000000000655e-01 -1.486957060563122468e+04
7.989000000000000545e-01 -1.487161753574563954e+04
7.990000000000000435e-01 -1.487366372529280306e+04
7.991000000000000325e-01 -1.487571114330986893e+04
7.992000000000000215e-01 -1.487776083049619956e+04
7.993000000000000105e-01 -1.487981130106362980e+04
7.993999999999999995e-01 -1.488186419850395578e+04
7.994999999999999885e-01 -1.488391843994184273e+04
7.996000000000000885e-01 -1.488596686703811429e+04
7.997000000000000774e-01 -1.488801181050647028e+04
7.998000000000000664e-01 -1.489005515239841043e+04
7.999000000000000554e-01 -1.489209825184110741e+04
8.000000000000000444e-01 -1.489414301695007453e+04
8.001000000000000334e-01 -1.489792672561311701e+04
8.002000000000000224e-01 -1.490290042469320178e+04
8.003000000000000114e-01 -1.490814342139643304e+04
8.004000000000000004e-01 -1.491368092379225709e+04
8.004999999999999893e-01 -1.491985466090861519e+04
8.006000000000000894e-01 -1.492681008569148071e+04
8.007000000000000783e-01 -1.493452883473412476e+04
8.008000000000000673e-01 -1.494289877368117050e+04
8.009000000000000563e-01 -1.495166981831142039e+04
8.010000000000000453e-01 -1.496089373840054941e+04
8.011000000000000343e-01 -1.497052173382520778e+04
8.012000000000000233e-01 -1.497908480647002034e+04
8.013000000000000123e-01 -1.498433655206606454e+04
8.014000000000000012e-01 -1.498713720172340618e+04
8.014999999999999902e-01 -1.498879557253141502e+04
8.016000000000000902e-01 -1.498995648243883443e+04
8.017000000000000792e-01 -1.499082311618691165e+04
8.018000000000000682e-01 -1.499165133699273974e+04
8.019000000000000572e-01 -1.499243220851851947e+04
8.020000000000000462e-01 -1.499406588997368817e+04
8.021000000000000352e-01 -1.499644057947530018e+04
8.022000000000000242e-01 -1.499873500868744122e+04
8.023000000000000131e-01 -1.500122278577264115e+04
8.024000000000000021e-01 -1.500343194852138186e+04
8.024999999999999911e-01 -1.500519987122705243e+04
8.026000000000000911e-01 -1.500663889012150685e+04
8.027000000000000801e-01 -1.500786185537696838e+04
8.028000000000000691e-01 -1.500895631694569238e+04
8.029000000000000581e-01 -1.500998222341173641e+04
8.030000000000000471e-01 -1.501095977822146415e+04
8.031000000000000361e-01 -1.501185341536893975e+04
8.032000000000000250e-01 -1.501263239068481016e+04
8.033000000000000140e-01 -1.501329472037096639e+04
8.034000000000000030e-01 -1.501383995387315554e+04
8.034999999999999920e-01 -1.501425445064111045e+04
8.036000000000000920e-01 -1.501451011084097627e+04
8.037000000000000810e-01 -1.501458389377881758e+04
8.038000000000000700e-01 -1.501448526436519933e+04
8.039000000000000590e-01 -1.501427644089376008e+04
8.040000000000000480e-01 -1.501396929480226754e+04
8.041000000000000369e-01 -1.501355042902908281e+04
8.042000000000000259e-01 -1.501301211984917245e+04
8.043000000000000149e-01 -1.501232804365355878e+04
8.044000000000000039e-01 -1.501157604315803655e+04
8.044999999999999929e-01 -1.501079660655412590e+04
8.046000000000000929e-01 -1.500999025931680808e+04
8.047000000000000819e-01 -1.500922597620857050e+04
8.048000000000000709e-01 -1.500880030001924024e+04
8.049000000000000599e-01 -1.500897185478751635e+04
8.050000000000000488e-01 -1.500969131936668055e+04
8.051000000000000378e-01 -1.501088708325367224e+04
8.052000000000000268e-01 -1.501239610694022304e+04
8.053000000000000158e-01 -1.501411092401783026e+04
8.054000000000000048e-01 -1.501595888967384599e+04
8.054999999999999938e-01 -1.501790395777107551e+04
8.056000000000000938e-01 -1.501990239527618360e+04
8.057000000000000828e-01 -1.502195553536358057e+04
8.058000000000000718e-01 -1.502404723448733421e+04
8.059000000000000608e-01 -1.502615468468397194e+04
8.060000000000000497e-01 -1.502824744857099904e+04
8.061000000000000387e-01 -1.503031729877052203e+04
8.062000000000000277e-01 -1.503237310698656984e+04
8.063000000000000167e-01 -1.503448318404540805e+04
8.064000000000000057e-01 -1.503667203472788606e+04
8.064999999999999947e-01 -1.503884748719147137e+04
8.065999999999999837e-01 -1.504098909385075967e+04
8.067000000000000837e-01 -1.504311496321358391e+04
8.068000000000000727e-01 -1.504523539293983231e+04
8.069000000000000616e-01 -1.504735499579937277e+04
8.070000000000000506e-01 -1.504947408264151818e+04
8.071000000000000396e-01 -1.505158559762154255e+04
8.072000000000000286e-01 -1.505367948432363301e+04
8.073000000000000176e-01 -1.505575303913748576e+04
8.074000000000000066e-01 -1.505780602373335751e+04
8.074999999999999956e-01 -1.505983728236333991e+04
8.075999999999999845e-01 -1.506184425040449605e+04
8.077000000000000846e-01 -1.506383172399575960e+04
8.078000000000000735e-01 -1.506579979015923891e+04
8.079000000000000625e-01 -1.506774916772452707e+04
8.080000000000000515e-01 -1.506968373405067177e+04
8.081000000000000405e-01 -1.507160703887002455e+04
8.082000000000000295e-01 -1.507352176241700181e+04
8.083000000000000185e-01 -1.507542978389013479e+04
8.084000000000000075e-01 -1.507733480203830732e+04
8.084999999999999964e-01 -1.507924427391929021e+04
8.085999999999999854e-01 -1.508114911321824184e+04
8.087000000000000854e-01 -1.508307713887314640e+04
8.088000000000000744e-01 -1.508502731704670259e+04
8.089000000000000634e-01 -1.508699609211485949e+04
8.090000000000000524e-01 -1.508898466806070974e+04
8.091000000000000414e-01 -1.509099103157964964e+04
8.092000000000000304e-01 -1.509300966185612378e+04
8.093000000000000194e-01 -1.509503550142713902e+04
8.094000000000000083e-01 -1.509706564040412377e+04
8.094999999999999973e-01 -1.509909838471465446e+04
8.095999999999999863e-01 -1.510113248926561755e+04
8.097000000000000863e-01 -1.510316688008322308e+04
8.098000000000000753e-01 -1.510520060185795592e+04
8.099000000000000643e-01 -1.510723300261993973e+04
8.100000000000000533e-01 -1.510926410534410570e+04
8.101000000000000423e-01 -1.511130759543610657e+04
8.102000000000000313e-01 -1.511339812939659168e+04
8.103000000000000203e-01 -1.511553469472260076e+04
8.104000000000000092e-01 -1.511771183101141469e+04
8.104999999999999982e-01 -1.511991887836904607e+04
8.105999999999999872e-01 -1.512214575231183699e+04
8.107000000000000872e-01 -1.512438749751881005e+04
8.108000000000000762e-01 -1.512664096924325531e+04
8.109000000000000652e-01 -1.512890444924486656e+04
8.110000000000000542e-01 -1.513117655840745465e+04
8.111000000000000432e-01 -1.513345564311600901e+04
8.112000000000000322e-01 -1.513574014512309077e+04
8.113000000000000211e-01 -1.513802885394658915e+04
8.114000000000000101e-01 -1.514032078257459034e+04
8.114999999999999991e-01 -1.514261336778045188e+04
8.115999999999999881e-01 -1.514490463051758525e+04
8.117000000000000881e-01 -1.514720127063851578e+04
8.118000000000000771e-01 -1.514949840586100618e+04
8.119000000000000661e-01 -1.515179448851451525e+04
8.120000000000000551e-01 -1.515408931539009791e+04
8.121000000000000441e-01 -1.515638327491444034e+04
8.122000000000000330e-01 -1.515867983811820341e+04
8.123000000000000220e-01 -1.516097909985660590e+04
8.124000000000000110e-01 -1.516327635832160740e+04
8.125000000000000000e-01 -1.516557710907499313e+04
8.125999999999999890e-01 -1.516788511913663933e+04
8.127000000000000890e-01 -1.517019893774444063e+04
8.128000000000000780e-01 -1.517251757623151752e+04
8.129000000000000670e-01 -1.517484043846070563e+04
8.130000000000000560e-01 -1.517716719825057589e+04
8.131000000000000449e-01 -1.517949767620126477e+04
8.132000000000000339e-01 -1.518182913109840592e+04
8.133000000000000229e-01 -1.518416303055323078e+04
8.134000000000000119e-01 -1.518650265458172180e+04
8.135000000000000009e-01 -1.518884763563119122e+04
8.135999999999999899e-01 -1.519119741015039835e+04
8.137000000000000899e-01 -1.519355176639649835e+04
8.138000000000000789e-01 -1.519591100323839783e+04
8.139000000000000679e-01 -1.519827342301912904e+04
8.140000000000000568e-01 -1.520063785719420594e+04
8.141000000000000458e-01 -1.520300378715401166e+04
8.142000000000000348e-01 -1.520537095835246873e+04
8.143000000000000238e-01 -1.520773919011901125e+04
8.144000000000000128e-01 -1.521010832247350481e+04
8.145000000000000018e-01 -1.521247821910353196e+04
8.145999999999999908e-01 -1.521484877548738223e+04
8.147000000000000908e-01 -1.521721993757071505e+04
8.148000000000000798e-01 -1.521959171954122212e+04
8.149000000000000687e-01 -1.522196422143287054e+04
8.150000000000000577e-01 -1.522433765517513348e+04
8.151000000000000467e-01 -1.522671240990844308e+04
8.152000000000000357e-01 -1.522908979070748501e+04
8.153000000000000247e-01 -1.523147264969742719e+04
8.154000000000000137e-01 -1.523386331991821498e+04
8.155000000000000027e-01 -1.523626675613739644e+04
8.155999999999999917e-01 -1.523868980478820413e+04
8.157000000000000917e-01 -1.524113448127505762e+04
8.158000000000000806e-01 -1.524360104461093033e+04
8.159000000000000696e-01 -1.524609097592561557e+04
8.160000000000000586e-01 -1.524860292971982017e+04
8.161000000000000476e-01 -1.525113534665431143e+04
8.162000000000000366e-01 -1.525368708648881329e+04
8.163000000000000256e-01 -1.525625730505778483e+04
8.164000000000000146e-01 -1.525884541534512209e+04
8.165000000000000036e-01 -1.526145109534997027e+04
8.165999999999999925e-01 -1.526407435602267469e+04
8.167000000000000925e-01 -1.526671754856896769e+04
8.168000000000000815e-01 -1.526938914145076342e+04
8.169000000000000705e-01 -1.527209946396550731e+04
8.170000000000000595e-01 -1.527485986657330614e+04
8.171000000000000485e-01 -1.527767429861162236e+04
8.172000000000000375e-01 -1.528054149807682370e+04
8.173000000000000265e-01 -1.528346866890693127e+04
8.174000000000000155e-01 -1.528647445829996104e+04
8.175000000000000044e-01 -1.528957011988695012e+04
8.175999999999999934e-01 -1.529275986482112057e+04
8.177000000000000934e-01 -1.529604622981866305e+04
8.178000000000000824e-01 -1.529943300617198292e+04
8.179000000000000714e-01 -1.530292676846150061e+04
8.180000000000000604e-01 -1.530653904360554407e+04
8.181000000000000494e-01 -1.531029612012014150e+04
8.182000000000000384e-01 -1.531423088729251685e+04
8.183000000000000274e-01 -1.531833942870743158e+04
8.184000000000000163e-01 -1.532266903596530938e+04
8.185000000000000053e-01 -1.532725061484928301e+04
8.185999999999999943e-01 -1.533210667545781871e+04
8.187000000000000943e-01 -1.533719260050466983e+04
8.188000000000000833e-01 -1.534259975313137693e+04
8.189000000000000723e-01 -1.534838278827959402e+04
8.190000000000000613e-01 -1.535422725285153138e+04
8.191000000000000503e-01 -1.535880637582872805e+04
8.192000000000000393e-01 -1.536171807081787483e+04
8.193000000000000282e-01 -1.536391163474134191e+04
8.194000000000000172e-01 -1.536597935131043232e+04
8.195000000000000062e-01 -1.536798646782425567e+04
8.195999999999999952e-01 -1.536989231018928149e+04
8.196999999999999842e-01 -1.537175389920326597e+04
8.198000000000000842e-01 -1.537363504558428940e+04
8.199000000000000732e-01 -1.537557458849836075e+04
8.200000000000000622e-01 -1.537758497774495299e+04
8.201000000000000512e-01 -1.537967062060269745e+04
8.202000000000000401e-01 -1.538183280956727867e+04
8.203000000000000291e-01 -1.538406325126201045e+04
8.204000000000000181e-01 -1.538634593157207019e+04
8.205000000000000071e-01 -1.538866003074743094e+04
8.205999999999999961e-01 -1.539098211007466125e+04
8.206999999999999851e-01 -1.539329691675383765e+04
8.208000000000000851e-01 -1.539560174419151735e+04
8.209000000000000741e-01 -1.539789102366792213e+04
8.210000000000000631e-01 -1.540016114363823181e+04
8.211000000000000520e-01 -1.540241105511639034e+04
8.212000000000000410e-01 -1.540464444179935163e+04
8.213000000000000300e-01 -1.540686974258036935e+04
8.214000000000000190e-01 -1.540909260921653913e+04
8.215000000000000080e-01 -1.541131601992235119e+04
8.215999999999999970e-01 -1.541354163501910261e+04
8.216999999999999860e-01 -1.541577001923162425e+04
8.218000000000000860e-01 -1.541800102709574276e+04
8.219000000000000750e-01 -1.542023405310229464e+04
8.220000000000000639e-01 -1.542246833112690365e+04
8.221000000000000529e-01 -1.542470448537369521e+04
8.222000000000000419e-01 -1.542694152988007045e+04
8.223000000000000309e-01 -1.542917741634894082e+04
8.224000000000000199e-01 -1.543141181545258587e+04
8.225000000000000089e-01 -1.543364488861842074e+04
8.225999999999999979e-01 -1.543587669630459459e+04
8.226999999999999869e-01 -1.543810735805580407e+04
8.228000000000000869e-01 -1.544033710782146227e+04
8.229000000000000759e-01 -1.544256629297659492e+04
8.230000000000000648e-01 -1.544479526148724472e+04
8.231000000000000538e-01 -1.544702581718507827e+04
8.232000000000000428e-01 -1.544925846316482057e+04
8.233000000000000318e-01 -1.545149223880904901e+04
8.234000000000000208e-01 -1.545372686474774673e+04
8.235000000000000098e-01 -1.545596220497322247e+04
8.235999999999999988e-01 -1.545819797208934506e+04
8.236999999999999877e-01 -1.546043375585323702e+04
8.238000000000000878e-01 -1.546266921780582379e+04
8.239000000000000767e-01 -1.546490414101832539e+04
8.240000000000000657e-01 -1.546713819660275658e+04
8.241000000000000547e-01 -1.546937123085590247e+04
8.242000000000000437e-01 -1.547160318832606572e+04
8.243000000000000327e-01 -1.547383388810703400e+04
8.244000000000000217e-01 -1.547606355272312067e+04
8.245000000000000107e-01 -1.547829252639468723e+04
8.245999999999999996e-01 -1.548052113240468134e+04
8.246999999999999886e-01 -1.548274953539168564e+04
8.248000000000000886e-01 -1.548497777205322382e+04
8.249000000000000776e-01 -1.548720582902977549e+04
8.250000000000000666e-01 -1.548943369047603846e+04
8.251000000000000556e-01 -1.549166139234771254e+04
8.252000000000000446e-01 -1.549388900033239042e+04
8.253000000000000336e-01 -1.549611652383691035e+04
8.254000000000000226e-01 -1.549834381805944940e+04
8.255000000000000115e-01 -1.550057004422453974e+04
8.256000000000000005e-01 -1.550279641798599187e+04
8.256999999999999895e-01 -1.550502346847200715e+04
8.258000000000000895e-01 -1.550725112543505202e+04
8.259000000000000785e-01 -1.550947923077020096e+04
8.260000000000000675e-01 -1.551170736386262070e+04
8.261000000000000565e-01 -1.551393591607893177e+04
8.262000000000000455e-01 -1.551616586111373181e+04
8.263000000000000345e-01 -1.551839722700726452e+04
8.264000000000000234e-01 -1.552062967951234896e+04
8.265000000000000124e-01 -1.552286281554251582e+04
8.266000000000000014e-01 -1.552509629084681001e+04
8.266999999999999904e-01 -1.552732986529195841e+04
8.268000000000000904e-01 -1.552956340184315377e+04
8.269000000000000794e-01 -1.553179684180295772e+04
8.270000000000000684e-01 -1.553403016657079206e+04
8.271000000000000574e-01 -1.553626339808529337e+04
8.272000000000000464e-01 -1.553849656695027079e+04
8.273000000000000353e-01 -1.554072968118573226e+04
8.274000000000000243e-01 -1.554296272939809205e+04
8.275000000000000133e-01 -1.554519570815478619e+04
8.276000000000000023e-01 -1.554742861411728700e+04
8.276999999999999913e-01 -1.554966156074871469e+04
8.278000000000000913e-01 -1.555189607996244013e+04
8.279000000000000803e-01 -1.555412963623188443e+04
8.280000000000000693e-01 -1.555636207588931393e+04
8.281000000000000583e-01 -1.555859452494631842e+04
8.282000000000000473e-01 -1.556082694154320779e+04
8.283000000000000362e-01 -1.556305842830791698e+04
8.284000000000000252e-01 -1.556528797625613697e+04
8.285000000000000142e-01 -1.556751510776888426e+04
8.286000000000000032e-01 -1.556974024124380958e+04
8.286999999999999922e-01 -1.557196389939426990e+04
8.288000000000000922e-01 -1.557418656498210112e+04
8.289000000000000812e-01 -1.557640863017623633e+04
8.290000000000000702e-01 -1.557863037518196506e+04
8.291000000000000592e-01 -1.558085169474447684e+04
8.292000000000000481e-01 -1.558307179071082464e+04
8.293000000000000371e-01 -1.558528992326438856e+04
8.294000000000000261e-01 -1.558750614842851610e+04
8.295000000000000151e-01 -1.558972098458727123e+04
8.296000000000000041e-01 -1.559193485825263815e+04
8.296999999999999931e-01 -1.559414803055228731e+04
8.298000000000000931e-01 -1.559636064263866683e+04
8.299000000000000821e-01 -1.559857276456351792e+04
8.300000000000000711e-01 -1.560078443499385321e+04
8.301000000000000600e-01 -1.560298273203630379e+04
8.302000000000000490e-01 -1.560513966348971007e+04
8.303000000000000380e-01 -1.560725902866853357e+04
8.304000000000000270e-01 -1.560935120370237928e+04
8.305000000000000160e-01 -1.561142433957635149e+04
8.306000000000000050e-01 -1.561348394033754266e+04
8.306999999999999940e-01 -1.561553406594801345e+04
8.308000000000000940e-01 -1.561757748624202213e+04
8.309000000000000830e-01 -1.561961565526849517e+04
8.310000000000000719e-01 -1.562164964843901726e+04
8.311000000000000609e-01 -1.562368035048421189e+04
8.312000000000000499e-01 -1.562570849210026790e+04
8.313000000000000389e-01 -1.562773464835939376e+04
8.314000000000000279e-01 -1.562975912767057162e+04
8.315000000000000169e-01 -1.563178156396714621e+04
8.316000000000000059e-01 -1.563380129499404393e+04
8.316999999999999948e-01 -1.563581873645065025e+04
8.318000000000000949e-01 -1.563783448130097895e+04
8.319000000000000838e-01 -1.563984874356892578e+04
8.320000000000000728e-01 -1.564186161051266754e+04
8.321000000000000618e-01 -1.564387322406661042e+04
8.322000000000000508e-01 -1.564588370488855799e+04
8.323000000000000398e-01 -1.564789316260721534e+04
8.324000000000000288e-01 -1.564990170707210018e+04
8.325000000000000178e-01 -1.565190942341443406e+04
8.326000000000000068e-01 -1.565391634032936054e+04
8.326999999999999957e-01 -1.565592201527365069e+04
8.327999999999999847e-01 -1.565792606152077678e+04
8.329000000000000847e-01 -1.565992831435789412e+04
8.330000000000000737e-01 -1.566192896187071892e+04
8.331000000000000627e-01 -1.566392823389323348e+04
8.332000000000000517e-01 -1.566592737033675985e+04
8.333000000000000407e-01 -1.566792471337475945e+04
8.334000000000000297e-01 -1.566992050601292976e+04
8.335000000000000187e-01 -1.567191537506552595e+04
8.336000000000000076e-01 -1.567390941874112650e+04
8.336999999999999966e-01 -1.567590266830053588e+04
8.337999999999999856e-01 -1.567789517830122713e+04
8.339000000000000856e-01 -1.567988691167151774e+04
8.340000000000000746e-01 -1.568187829264408720e+04
8.341000000000000636e-01 -1.568387054056150919e+04
8.342000000000000526e-01 -1.568586370856623580e+04
8.343000000000000416e-01 -1.568785754803525015e+04
8.344000000000000306e-01 -1.568985183309741660e+04
8.345000000000000195e-01 -1.569184642492109742e+04
8.346000000000000085e-01 -1.569384160757416976e+04
8.346999999999999975e-01 -1.569583819395045975e+04
8.347999999999999865e-01 -1.569783699937488564e+04
8.349000000000000865e-01 -1.569983879061120933e+04
8.350000000000000755e-01 -1.570184290117673299e+04
8.351000000000000645e-01 -1.570384834971069722e+04
8.352000000000000535e-01 -1.570585433922278753e+04
8.353000000000000425e-01 -1.570785951806317462e+04
8.354000000000000314e-01 -1.570986396403120307e+04
8.355000000000000204e-01 -1.571186829061661410e+04
8.356000000000000094e-01 -1.571387256494295980e+04
8.356999999999999984e-01 -1.571587669300385824e+04
8.357999999999999874e-01 -1.571788038037399929e+04
8.359000000000000874e-01 -1.571988391238714212e+04
8.360000000000000764e-01 -1.572188774349677624e+04
8.361000000000000654e-01 -1.572389166808833761e+04
8.362000000000000544e-01 -1.572589419241359246e+04
8.363000000000000433e-01 -1.572789406855498964e+04
8.364000000000000323e-01 -1.572989155948014013e+04
8.365000000000000213e-01 -1.573188735090163755e+04
8.366000000000000103e-01 -1.573388217835719115e+04
8.366999999999999993e-01 -1.573587796177103155e+04
8.367999999999999883e-01 -1.573787592530241636e+04
8.369000000000000883e-01 -1.573986998536627652e+04
8.370000000000000773e-01 -1.574186292188144398e+04
8.371000000000000663e-01 -1.574385615023306309e+04
8.372000000000000552e-01 -1.574584966218436239e+04
8.373000000000000442e-01 -1.574784351365583279e+04
8.374000000000000332e-01 -1.574984089697858872e+04
8.375000000000000222e-01 -1.575183464018088853e+04
8.376000000000000112e-01 -1.575383064536333404e+04
8.377000000000000002e-01 -1.575583464722345707e+04
8.377999999999999892e-01 -1.575784955740757869e+04
8.379000000000000892e-01 -1.575987038922353895e+04
8.380000000000000782e-01 -1.576188796191298206e+04
8.381000000000000671e-01 -1.576389913579352651e+04
8.382000000000000561e-01 -1.576590777188888023e+04
8.383000000000000451e-01 -1.576791684762149453e+04
8.384000000000000341e-01 -1.576992424837262843e+04
8.385000000000000231e-01 -1.577192992144285381e+04
8.386000000000000121e-01 -1.577393596426951990e+04
8.387000000000000011e-01 -1.577594243026463118e+04
8.387999999999999901e-01 -1.577794795393702225e+04
8.389000000000000901e-01 -1.577995054783699379e+04
8.390000000000000790e-01 -1.578194951472943649e+04
8.391000000000000680e-01 -1.578394498671123256e+04
8.392000000000000570e-01 -1.578593606851615732e+04
8.393000000000000460e-01 -1.578792104529279277e+04
8.394000000000000350e-01 -1.578990017280036409e+04
8.395000000000000240e-01 -1.579187444671101002e+04
8.396000000000000130e-01 -1.579384478580408540e+04
8.397000000000000020e-01 -1.579581192974605801e+04
8.397999999999999909e-01 -1.579777651560867525e+04
8.399000000000000909e-01 -1.579973912673218547e+04
8.400000000000000799e-01 -1.580170028454045678e+04
8.401000000000000689e-01 -1.580366041074561144e+04
8.402000000000000579e-01 -1.580561970008593744e+04
8.403000000000000469e-01 -1.580757801450688385e+04
8.404000000000000359e-01 -1.580953528076950715e+04
8.405000000000000249e-01 -1.581149152242509444e+04
8.406000000000000139e-01 -1.581344691411634267e+04
8.407000000000000028e-01 -1.581540156961676985e+04
8.407999999999999918e-01 -1.581735549696133785e+04
8.409000000000000918e-01 -1.581930864015778207e+04
8.410000000000000808e-01 -1.582126092612173488e+04
8.411000000000000698e-01 -1.582321228773675830e+04
8.412000000000000588e-01 -1.582516266406161049e+04
8.413000000000000478e-01 -1.582711198735298422e+04
8.414000000000000368e-01 -1.582906016122377514e+04
8.415000000000000258e-01 -1.583100699447308943e+04
8.416000000000000147e-01 -1.583295143677556916e+04
8.417000000000000037e-01 -1.583489202698169902e+04
8.417999999999999927e-01 -1.583682886699238406e+04
8.419000000000000927e-01 -1.583876261660258206e+04
8.420000000000000817e-01 -1.584069378636976398e+04
8.421000000000000707e-01 -1.584262256781900214e+04
8.422000000000000597e-01 -1.584454889669658951e+04
8.423000000000000487e-01 -1.584647252870227203e+04
8.424000000000000377e-01 -1.584839308350935426e+04
8.425000000000000266e-01 -1.585031051828107229e+04
8.426000000000000156e-01 -1.585222272961584895e+04
8.427000000000000046e-01 -1.585412113181553468e+04
8.427999999999999936e-01 -1.585599592859856057e+04
8.429000000000000936e-01 -1.585784111831648806e+04
8.430000000000000826e-01 -1.585965327500416606e+04
8.431000000000000716e-01 -1.586143190480423982e+04
8.432000000000000606e-01 -1.586318180046661473e+04
8.433000000000000496e-01 -1.586490308982846364e+04
8.434000000000000385e-01 -1.586658353787706437e+04
8.435000000000000275e-01 -1.586817180287942574e+04
8.436000000000000165e-01 -1.586950290446941108e+04
8.437000000000000055e-01 -1.587065343439607022e+04
8.437999999999999945e-01 -1.587176871406854298e+04
8.439000000000000945e-01 -1.587288869340180281e+04
8.440000000000000835e-01 -1.587398201085959226e+04
8.441000000000000725e-01 -1.587500811118308957e+04
8.442000000000000615e-01 -1.587593899859255907e+04
8.443000000000000504e-01 -1.587675658756196754e+04
8.444000000000000394e-01 -1.587745746410712127e+04
8.445000000000000284e-01 -1.587803607113484759e+04
8.446000000000000174e-01 -1.587848054969959594e+04
8.447000000000000064e-01 -1.587879306355452172e+04
8.447999999999999954e-01 -1.587901807345455563e+04
8.449000000000000954e-01 -1.587918165223995129e+04
8.450000000000000844e-01 -1.587926961222947466e+04
8.451000000000000734e-01 -1.587927524730462028e+04
8.452000000000000624e-01 -1.587923139776476091e+04
8.453000000000000513e-01 -1.587916977418100578e+04
8.454000000000000403e-01 -1.587915743445451335e+04
8.455000000000000293e-01 -1.587931590045411940e+04
8.456000000000000183e-01 -1.587977609964286967e+04
8.457000000000000073e-01 -1.588056137912960185e+04
8.457999999999999963e-01 -1.588158876278824937e+04
8.458999999999999853e-01 -1.588280121254140795e+04
8.460000000000000853e-01 -1.588421746347327826e+04
8.461000000000000743e-01 -1.588583624804178180e+04
8.462000000000000632e-01 -1.588760570834744613e+04
8.463000000000000522e-01 -1.588947520455139420e+04
8.464000000000000412e-01 -1.589141066388938088e+04
8.465000000000000302e-01 -1.589339127396174990e+04
8.466000000000000192e-01 -1.589540805171494503e+04
8.467000000000000082e-01 -1.589746516968305514e+04
8.467999999999999972e-01 -1.589954069505302323e+04
8.468999999999999861e-01 -1.590164721118077432e+04
8.470000000000000862e-01 -1.590376265213590887e+04
8.471000000000000751e-01 -1.590584880670969505e+04
8.472000000000000641e-01 -1.590794570354318057e+04
8.473000000000000531e-01 -1.591003642872112141e+04
8.474000000000000421e-01 -1.591211083771729136e+04
8.475000000000000311e-01 -1.591417116690228067e+04
8.476000000000000201e-01 -1.591621814428181642e+04
8.477000000000000091e-01 -1.591825937151245125e+04
8.477999999999999980e-01 -1.592028401962823955e+04
8.478999999999999870e-01 -1.592229877699662575e+04
8.480000000000000870e-01 -1.592430497076435495e+04
8.481000000000000760e-01 -1.592630186982200757e+04
8.482000000000000650e-01 -1.592828938852001738e+04
8.483000000000000540e-01 -1.593027326545688629e+04
8.484000000000000430e-01 -1.593225203216735645e+04
8.485000000000000320e-01 -1.593421527911528938e+04
8.486000000000000210e-01 -1.593599820216283842e+04
8.487000000000000099e-01 -1.593735559742020814e+04
8.487999999999999989e-01 -1.593865692034851963e+04
8.488999999999999879e-01 -1.594003903045500738e+04
8.490000000000000879e-01 -1.594151810330439730e+04
8.491000000000000769e-01 -1.594260374089828110e+04
8.492000000000000659e-01 -1.594312439985750461e+04
8.493000000000000549e-01 -1.594366722436789860e+04
8.494000000000000439e-01 -1.594440901045658939e+04
8.495000000000000329e-01 -1.594510778838994338e+04
8.496000000000000218e-01 -1.594577640975824033e+04
8.497000000000000108e-01 -1.594657932481756325e+04
8.497999999999999998e-01 -1.594752051664185456e+04
8.498999999999999888e-01 -1.594859513056272408e+04
8.500000000000000888e-01 -1.594951768531993184e+04
8.501000000000000778e-01 -1.595165705803950914e+04
8.502000000000000668e-01 -1.595521013862121799e+04
8.503000000000000558e-01 -1.595952896518005582e+04
8.504000000000000448e-01 -1.596448226964945934e+04
8.505000000000000338e-01 -1.596999133534274551e+04
8.506000000000000227e-01 -1.597623263672654866e+04
8.507000000000000117e-01 -1.598328696842457066e+04
8.508000000000000007e-01 -1.599096707975463141e+04
8.508999999999999897e-01 -1.599908631738036092e+04
8.510000000000000897e-01 -1.600775113042205703e+04
8.511000000000000787e-01 -1.601677982413951941e+04
8.512000000000000677e-01 -1.602586459791177185e+04
8.513000000000000567e-01 -1.603415023766536797e+04
8.514000000000000457e-01 -1.604136370651940888e+04
8.515000000000000346e-01 -1.604659002501865871e+04
8.516000000000000236e-01 -1.604954333597393270e+04
8.517000000000000126e-01 -1.605129450554999130e+04
8.518000000000000016e-01 -1.605239962967243810e+04
8.518999999999999906e-01 -1.605318316163574309e+04
8.520000000000000906e-01 -1.605391709936726693e+04
8.521000000000000796e-01 -1.605462559868069548e+04
8.522000000000000686e-01 -1.605515844556120828e+04
8.523000000000000576e-01 -1.605578693109822416e+04
8.524000000000000465e-01 -1.605814530325192391e+04
8.525000000000000355e-01 -1.606129164419415611e+04
8.526000000000000245e-01 -1.606409742010644004e+04
8.527000000000000135e-01 -1.606619341631113821e+04
8.528000000000000025e-01 -1.606776244449417936e+04
8.528999999999999915e-01 -1.606898555702845442e+04
8.530000000000000915e-01 -1.606993888098644857e+04
8.531000000000000805e-01 -1.607063686548753503e+04
8.532000000000000695e-01 -1.607109493434230899e+04
8.533000000000000584e-01 -1.607131597576473541e+04
8.534000000000000474e-01 -1.607129298357193329e+04
8.535000000000000364e-01 -1.607102242586079046e+04
8.536000000000000254e-01 -1.607050225144110482e+04
8.537000000000000144e-01 -1.606973391362527218e+04
8.538000000000000034e-01 -1.606869810513216726e+04
8.538999999999999924e-01 -1.606738958386970990e+04
8.540000000000000924e-01 -1.606587769873268917e+04
8.541000000000000814e-01 -1.606421760587543577e+04
8.542000000000000703e-01 -1.606234011192163234e+04
8.543000000000000593e-01 -1.606034894608716240e+04
8.544000000000000483e-01 -1.605844028280306702e+04
8.545000000000000373e-01 -1.605668022651213505e+04
8.546000000000000263e-01 -1.605524421100242762e+04
8.547000000000000153e-01 -1.605467264081560279e+04
8.548000000000000043e-01 -1.605517130596035167e+04
8.548999999999999932e-01 -1.605642267173660912e+04
8.550000000000000933e-01 -1.605821502210490144e+04
8.551000000000000822e-01 -1.606034674635010015e+04
8.552000000000000712e-01 -1.606271901440136025e+04
8.553000000000000602e-01 -1.606518236981518021e+04
8.554000000000000492e-01 -1.606770344690763159e+04
8.555000000000000382e-01 -1.607016425134928249e+04
8.556000000000000272e-01 -1.607250933189348689e+04
8.557000000000000162e-01 -1.607471556059571958e+04
8.558000000000000052e-01 -1.607674878138967688e+04
8.558999999999999941e-01 -1.607862130890835397e+04
8.560000000000000941e-01 -1.608037332058223365e+04
8.561000000000000831e-01 -1.608207246606281115e+04
8.562000000000000721e-01 -1.608377299848513940e+04
8.563000000000000611e-01 -1.608552245787270294e+04
8.564000000000000501e-01 -1.608735954949011466e+04
8.565000000000000391e-01 -1.608943618131494441e+04
8.566000000000000281e-01 -1.609168642782524148e+04
8.567000000000000171e-01 -1.609398700717149950e+04
8.568000000000000060e-01 -1.609623669253722437e+04
8.568999999999999950e-01 -1.609841276622420264e+04
8.570000000000000950e-01 -1.610052324908444280e+04
8.571000000000000840e-01 -1.610258390626098844e+04
8.572000000000000730e-01 -1.610462699367034111e+04
8.573000000000000620e-01 -1.610664266699992004e+04
8.574000000000000510e-01 -1.610862939125178309e+04
8.575000000000000400e-01 -1.611060048610333251e+04
8.576000000000000290e-01 -1.611256182654690019e+04
8.577000000000000179e-01 -1.611451710190523772e+04
8.578000000000000069e-01 -1.611647456739036716e+04
8.578999999999999959e-01 -1.611844567789332723e+04
8.580000000000000959e-01 -1.612043331183466034e+04
8.581000000000000849e-01 -1.612242353593062762e+04
8.582000000000000739e-01 -1.612440341616847763e+04
8.583000000000000629e-01 -1.612640751018433366e+04
8.584000000000000519e-01 -1.612844815496515548e+04
8.585000000000000409e-01 -1.613051656557413844e+04
8.586000000000000298e-01 -1.613259874379455687e+04
8.587000000000000188e-01 -1.613467935426878103e+04
8.588000000000000078e-01 -1.613675999599423994e+04
8.588999999999999968e-01 -1.613884566297776837e+04
8.589999999999999858e-01 -1.614092179197449877e+04
8.591000000000000858e-01 -1.614299072670612622e+04
8.592000000000000748e-01 -1.614505676882302214e+04
8.593000000000000638e-01 -1.614712193282881344e+04
8.594000000000000528e-01 -1.614918708651384441e+04
8.595000000000000417e-01 -1.615125247646457865e+04
8.596000000000000307e-01 -1.615331802010261526e+04
8.597000000000000197e-01 -1.615538349298273170e+04
8.598000000000000087e-01 -1.615744866296630244e+04
8.598999999999999977e-01 -1.615951338120197215e+04
8.599999999999999867e-01 -1.616157762826090584e+04
8.601000000000000867e-01 -1.616365496346705913e+04
8.602000000000000757e-01 -1.616577924792302838e+04
8.603000000000000647e-01 -1.616795289307703752e+04
8.604000000000000536e-01 -1.617016429469998002e+04
8.605000000000000426e-01 -1.617240246791651953e+04
8.606000000000000316e-01 -1.617465972502873774e+04
8.607000000000000206e-01 -1.617692772333521498e+04
8.608000000000000096e-01 -1.617920315246428800e+04
8.608999999999999986e-01 -1.618148404199702236e+04
8.609999999999999876e-01 -1.618376753565981744e+04
8.611000000000000876e-01 -1.618605256546475903e+04
8.612000000000000766e-01 -1.618833902483453676e+04
8.613000000000000655e-01 -1.619062678740079537e+04
8.614000000000000545e-01 -1.619291561712146722e+04
8.615000000000000435e-01 -1.619520523594835140e+04
8.616000000000000325e-01 -1.619749539045807796e+04
8.617000000000000215e-01 -1.619978589547550655e+04
8.618000000000000105e-01 -1.620207665967586217e+04
8.618999999999999995e-01 -1.620436770557633281e+04
8.619999999999999885e-01 -1.620665923080170251e+04
8.621000000000000885e-01 -1.620895268527343251e+04
8.622000000000000774e-01 -1.621125017466509053e+04
8.623000000000000664e-01 -1.621355175580503055e+04
8.624000000000000554e-01 -1.621585673779872559e+04
8.625000000000000444e-01 -1.621816439751494181e+04
8.626000000000000334e-01 -1.622047418364286023e+04
8.627000000000000224e-01 -1.622278572360891849e+04
8.628000000000000114e-01 -1.622509877518923895e+04
8.629000000000000004e-01 -1.622741317926525335e+04
8.629999999999999893e-01 -1.622972883193152484e+04
8.631000000000000894e-01 -1.623204568207708689e+04
8.632000000000000783e-01 -1.623436377796804481e+04
8.633000000000000673e-01 -1.623668392415353082e+04
8.634000000000000563e-01 -1.623900828447815911e+04
8.635000000000000453e-01 -1.624133747926304386e+04
8.636000000000000343e-01 -1.624367105551616623e+04
8.637000000000000233e-01 -1.624600842002236277e+04
8.638000000000000123e-01 -1.624834918486950119e+04
8.639000000000000012e-01 -1.625069408096171719e+04
8.639999999999999902e-01 -1.625304467443819522e+04
8.641000000000000902e-01 -1.625540094089351442e+04
8.642000000000000792e-01 -1.625776237771242813e+04
8.643000000000000682e-01 -1.626012153799887710e+04
8.644000000000000572e-01 -1.626248590040256931e+04
8.645000000000000462e-01 -1.626486060150297271e+04
8.646000000000000352e-01 -1.626724076054888792e+04
8.647000000000000242e-01 -1.626962472618195898e+04
8.648000000000000131e-01 -1.627201205517899507e+04
8.649000000000000021e-01 -1.627440109688330631e+04
8.649999999999999911e-01 -1.627679230239543540e+04
8.651000000000000911e-01 -1.627918616969314826e+04
8.652000000000000801e-01 -1.628158296215782684e+04
8.653000000000000691e-01 -1.628398275474683942e+04
8.654000000000000581e-01 -1.628638549881112704e+04
8.655000000000000471e-01 -1.628879107683437542e+04
8.656000000000000361e-01 -1.629120006993006791e+04
8.657000000000000250e-01 -1.629361270095723557e+04
8.658000000000000140e-01 -1.629602652668732844e+04
8.659000000000000030e-01 -1.629844238780921660e+04
8.659999999999999920e-01 -1.630085976606909389e+04
8.661000000000000920e-01 -1.630327850564476103e+04
8.662000000000000810e-01 -1.630569875915536613e+04
8.663000000000000700e-01 -1.630812078865870171e+04
8.664000000000000590e-01 -1.631054498539192900e+04
8.665000000000000480e-01 -1.631297402689777300e+04
8.666000000000000369e-01 -1.631540777294627151e+04
8.667000000000000259e-01 -1.631784519595974416e+04
8.668000000000000149e-01 -1.632029140417683993e+04
8.669000000000000039e-01 -1.632275084911147496e+04
8.669999999999999929e-01 -1.632522372771921800e+04
8.671000000000000929e-01 -1.632770864098772654e+04
8.672000000000000819e-01 -1.633020468467641876e+04
8.673000000000000709e-01 -1.633271565164971798e+04
8.674000000000000599e-01 -1.633524651968892977e+04
8.675000000000000488e-01 -1.633779854151907421e+04
8.676000000000000378e-01 -1.634037094920591153e+04
8.677000000000000268e-01 -1.634296268544076884e+04
8.678000000000000158e-01 -1.634557382781903834e+04
8.679000000000000048e-01 -1.634820849630462908e+04
8.679999999999999938e-01 -1.635088730255922383e+04
8.681000000000000938e-01 -1.635363267451028332e+04
8.682000000000000828e-01 -1.635645886015295400e+04
8.683000000000000718e-01 -1.635938457486906555e+04
8.684000000000000608e-01 -1.636244641552205940e+04
8.685000000000000497e-01 -1.636568774608974491e+04
8.686000000000000387e-01 -1.636915350546804075e+04
8.687000000000000277e-01 -1.637291795075139089e+04
8.688000000000000167e-01 -1.637704678428722400e+04
8.689000000000000057e-01 -1.638158678857121413e+04
8.689999999999999947e-01 -1.638661282590692645e+04
8.691000000000000947e-01 -1.639217742115572037e+04
8.692000000000000837e-01 -1.639821546949437106e+04
8.693000000000000727e-01 -1.640484258810422762e+04
8.694000000000000616e-01 -1.641212048000805225e+04
8.695000000000000506e-01 -1.641992917966379173e+04
8.696000000000000396e-01 -1.642645579981521587e+04
8.697000000000000286e-01 -1.643003118482355785e+04
8.698000000000000176e-01 -1.643222909895545672e+04
8.699000000000000066e-01 -1.643405953396197219e+04
8.699999999999999956e-01 -1.643583404506855004e+04
8.701000000000000956e-01 -1.643772573813720373e+04
8.702000000000000846e-01 -1.643975893739693856e+04
8.703000000000000735e-01 -1.644191154479212491e+04
8.704000000000000625e-01 -1.644408203405391032e+04
8.705000000000000515e-01 -1.644623076677851350e+04
8.706000000000000405e-01 -1.644835514466739187e+04
8.707000000000000295e-01 -1.645043787551972855e+04
8.708000000000000185e-01 -1.645250317086166979e+04
8.709000000000000075e-01 -1.645460352229609634e+04
8.709999999999999964e-01 -1.645687604217132321e+04
8.711000000000000965e-01 -1.645933646785608289e+04
8.712000000000000854e-01 -1.646179715734787897e+04
8.713000000000000744e-01 -1.646417962548873766e+04
8.714000000000000634e-01 -1.646650359400634261e+04
8.715000000000000524e-01 -1.646880422702087890e+04
8.716000000000000414e-01 -1.647108645507218534e+04
8.717000000000000304e-01 -1.647335644645364300e+04
8.718000000000000194e-01 -1.647562683384207412e+04
8.719000000000000083e-01 -1.647790239357431710e+04
8.719999999999999973e-01 -1.648018116009610821e+04
8.720999999999999863e-01 -1.648246098856612662e+04
8.722000000000000863e-01 -1.648474038719713280e+04
8.723000000000000753e-01 -1.648701575677810979e+04
8.724000000000000643e-01 -1.648928507807674396e+04
8.725000000000000533e-01 -1.649154584224246355e+04
8.726000000000000423e-01 -1.649379591204225653e+04
8.727000000000000313e-01 -1.649603672087991072e+04
8.728000000000000203e-01 -1.649826719457551371e+04
8.729000000000000092e-01 -1.650048817750242961e+04
8.729999999999999982e-01 -1.650270247653889601e+04
8.730999999999999872e-01 -1.650491299186303513e+04
8.732000000000000872e-01 -1.650712222827884034e+04
8.733000000000000762e-01 -1.650933430528095050e+04
8.734000000000000652e-01 -1.651155409878253340e+04
8.735000000000000542e-01 -1.651378035514858129e+04
8.736000000000000432e-01 -1.651601279334359788e+04
8.737000000000000322e-01 -1.651825258136089906e+04
8.738000000000000211e-01 -1.652049890318698817e+04
8.739000000000000101e-01 -1.652275086561832723e+04
8.739999999999999991e-01 -1.652501033285356971e+04
8.740999999999999881e-01 -1.652726890135777649e+04
8.742000000000000881e-01 -1.652952087427977676e+04
8.743000000000000771e-01 -1.653176631573144914e+04
8.744000000000000661e-01 -1.653400861516274017e+04
8.745000000000000551e-01 -1.653625137935681414e+04
8.746000000000000441e-01 -1.653849526422487907e+04
8.747000000000000330e-01 -1.654073966757883682e+04
8.748000000000000220e-01 -1.654298400560025766e+04
8.749000000000000110e-01 -1.654522795108112041e+04
8.750000000000000000e-01 -1.654747110816456552e+04
8.750999999999999890e-01 -1.654971286874241559e+04
8.752000000000000890e-01 -1.655195142059375212e+04
8.753000000000000780e-01 -1.655418594406649936e+04
8.754000000000000670e-01 -1.655641751666309574e+04
8.755000000000000560e-01 -1.655869643288276347e+04
8.756000000000000449e-01 -1.656107487461138953e+04
8.757000000000000339e-01 -1.656345016585656776e+04
8.758000000000000229e-01 -1.656579399168039163e+04
8.759000000000000119e-01 -1.656811086140110638e+04
8.760000000000000009e-01 -1.657040737652811003e+04
8.760999999999999899e-01 -1.657274790622464207e+04
8.762000000000000899e-01 -1.657510875004196350e+04
8.763000000000000789e-01 -1.657745280994836503e+04
8.764000000000000679e-01 -1.657977527825595826e+04
8.765000000000000568e-01 -1.658208261988291633e+04
8.766000000000000458e-01 -1.658437665725582337e+04
8.767000000000000348e-01 -1.658665806466869981e+04
8.768000000000000238e-01 -1.658893263607430345e+04
8.769000000000000128e-01 -1.659120327308990090e+04
8.770000000000000018e-01 -1.659346980864420402e+04
8.770999999999999908e-01 -1.659573292836473775e+04
8.772000000000000908e-01 -1.659799294591254511e+04
8.773000000000000798e-01 -1.660025044162136692e+04
8.774000000000000687e-01 -1.660250587591357180e+04
8.775000000000000577e-01 -1.660475954578704841e+04
8.776000000000000467e-01 -1.660701165494855013e+04
8.777000000000000357e-01 -1.660926233915451667e+04
8.778000000000000247e-01 -1.661151168151529782e+04
8.779000000000000137e-01 -1.661375974175112424e+04
8.780000000000000027e-01 -1.661600658554670372e+04
8.780999999999999917e-01 -1.661825221677205263e+04
8.782000000000000917e-01 -1.662049662140407236e+04
8.783000000000000806e-01 -1.662273980673246842e+04
8.784000000000000696e-01 -1.662498174869918512e+04
8.785000000000000586e-01 -1.662722242724340322e+04
8.786000000000000476e-01 -1.662946183440341338e+04
8.787000000000000366e-01 -1.663169997821638754e+04
8.788000000000000256e-01 -1.663393688355197082e+04
8.789000000000000146e-01 -1.663617259119117080e+04
8.790000000000000036e-01 -1.663840715626933161e+04
8.790999999999999925e-01 -1.664064064639361823e+04
8.792000000000000925e-01 -1.664287313955216450e+04
8.793000000000000815e-01 -1.664510472191326335e+04
8.794000000000000705e-01 -1.664733548560735653e+04
8.795000000000000595e-01 -1.664956552708029631e+04
8.796000000000000485e-01 -1.665179494924164828e+04
8.797000000000000375e-01 -1.665402385350757686e+04
8.798000000000000265e-01 -1.665625233350124836e+04
8.799000000000000155e-01 -1.665848047937517185e+04
8.800000000000000044e-01 -1.666070837751043291e+04
8.800999999999999934e-01 -1.666292360484551682e+04
8.802000000000000934e-01 -1.666509967941500872e+04
8.803000000000000824e-01 -1.666723914344955119e+04
8.804000000000000714e-01 -1.666935037167898554e+04
8.805000000000000604e-01 -1.667144062708616548e+04
8.806000000000000494e-01 -1.667351540917787497e+04
8.807000000000000384e-01 -1.667557876047337413e+04
8.808000000000000274e-01 -1.667763363997904162e+04
8.809000000000000163e-01 -1.667968221820065082e+04
8.810000000000000053e-01 -1.668172609222554820e+04
8.810999999999999943e-01 -1.668376644037923688e+04
8.812000000000000943e-01 -1.668580413376103752e+04
8.813000000000000833e-01 -1.668783981671181391e+04
8.814000000000000723e-01 -1.668987396310161785e+04
8.815000000000000613e-01 -1.669190692382137058e+04
8.816000000000000503e-01 -1.669393898596077997e+04
8.817000000000000393e-01 -1.669597060086901547e+04
8.818000000000000282e-01 -1.669800136675248359e+04
8.819000000000000172e-01 -1.670003154400227140e+04
8.820000000000000062e-01 -1.670206132439743669e+04
8.820999999999999952e-01 -1.670409078374504315e+04
8.822000000000000952e-01 -1.670611996374547743e+04
8.823000000000000842e-01 -1.670814889115179540e+04
8.824000000000000732e-01 -1.671017758396679710e+04
8.825000000000000622e-01 -1.671220605399031047e+04
8.826000000000000512e-01 -1.671423430426319464e+04
8.827000000000000401e-01 -1.671626230821392892e+04
8.828000000000000291e-01 -1.671829005648365637e+04
8.829000000000000181e-01 -1.672031755176759543e+04
8.830000000000000071e-01 -1.672234479190046841e+04
8.830999999999999961e-01 -1.672437176747636477e+04
8.832000000000000961e-01 -1.672639846064921221e+04
8.833000000000000851e-01 -1.672842484303008314e+04
8.834000000000000741e-01 -1.673045087126873841e+04
8.835000000000000631e-01 -1.673247647701085953e+04
8.836000000000000520e-01 -1.673450153731858518e+04
8.837000000000000410e-01 -1.673652551316492827e+04
8.838000000000000300e-01 -1.673854671206049170e+04
8.839000000000000190e-01 -1.674056435405779848e+04
8.840000000000000080e-01 -1.674257897074855282e+04
8.840999999999999970e-01 -1.674459128432792204e+04
8.842000000000000970e-01 -1.674660189060329867e+04
8.843000000000000860e-01 -1.674861122664781942e+04
8.844000000000000750e-01 -1.675061960029165857e+04
8.845000000000000639e-01 -1.675262856385839768e+04
8.846000000000000529e-01 -1.675463735137129333e+04
8.847000000000000419e-01 -1.675664406208999935e+04
8.848000000000000309e-01 -1.675870333989426945e+04
8.849000000000000199e-01 -1.676089409800771318e+04
8.850000000000000089e-01 -1.676321235224795964e+04
8.850999999999999979e-01 -1.676560126051919360e+04
8.852000000000000979e-01 -1.676794300163386652e+04
8.853000000000000869e-01 -1.677020705332412399e+04
8.854000000000000759e-01 -1.677239847347101750e+04
8.855000000000000648e-01 -1.677453106078564451e+04
8.856000000000000538e-01 -1.677661861549285459e+04
8.857000000000000428e-01 -1.677867255100841430e+04
8.858000000000000318e-01 -1.678070165758534858e+04
8.859000000000000208e-01 -1.678271249119015556e+04
8.860000000000000098e-01 -1.678470986269135028e+04
8.860999999999999988e-01 -1.678669736595349241e+04
8.861999999999999877e-01 -1.678867904299513611e+04
8.863000000000000878e-01 -1.679065351497657684e+04
8.864000000000000767e-01 -1.679262290005644536e+04
8.865000000000000657e-01 -1.679458867354190807e+04
8.866000000000000547e-01 -1.679655164367403995e+04
8.867000000000000437e-01 -1.679851200142867674e+04
8.868000000000000327e-01 -1.680046924834089077e+04
8.869000000000000217e-01 -1.680242371369553439e+04
8.870000000000000107e-01 -1.680437600863392436e+04
8.870999999999999996e-01 -1.680632560059974276e+04
8.871999999999999886e-01 -1.680827424252630954e+04
8.873000000000000886e-01 -1.681022396688655863e+04
8.874000000000000776e-01 -1.681216884643373851e+04
8.875000000000000666e-01 -1.681411185104517426e+04
8.876000000000000556e-01 -1.681605872764818560e+04
8.877000000000000446e-01 -1.681801254796847934e+04
8.878000000000000336e-01 -1.681998264873882363e+04
8.879000000000000226e-01 -1.682197113921789787e+04
8.880000000000000115e-01 -1.682397933802277112e+04
8.881000000000000005e-01 -1.682598658319938841e+04
8.881999999999999895e-01 -1.682797728069659570e+04
8.883000000000000895e-01 -1.682994883218606992e+04
8.884000000000000785e-01 -1.683190578952171563e+04
8.885000000000000675e-01 -1.683385531313875981e+04
8.886000000000000565e-01 -1.683580239222252203e+04
8.887000000000000455e-01 -1.683774973241169573e+04
8.888000000000000345e-01 -1.683969932369658636e+04
8.889000000000000234e-01 -1.684165293058333918e+04
8.890000000000000124e-01 -1.684361263830909593e+04
8.891000000000000014e-01 -1.684557741227094448e+04
8.891999999999999904e-01 -1.684754675091008176e+04
8.893000000000000904e-01 -1.684952179368373618e+04
8.894000000000000794e-01 -1.685150055812597566e+04
8.895000000000000684e-01 -1.685348001830499197e+04
8.896000000000000574e-01 -1.685545335876625177e+04
8.897000000000000464e-01 -1.685741424530247969e+04
8.898000000000000353e-01 -1.685936226324416566e+04
8.899000000000000243e-01 -1.686129968177444607e+04
8.900000000000000133e-01 -1.686322952953505228e+04
8.901000000000000023e-01 -1.686515404614473300e+04
8.901999999999999913e-01 -1.686707078659507170e+04
8.903000000000000913e-01 -1.686897511687040242e+04
8.904000000000000803e-01 -1.687087647264263069e+04
8.905000000000000693e-01 -1.687275688842449745e+04
8.906000000000000583e-01 -1.687461772961582028e+04
8.907000000000000473e-01 -1.687646381086405745e+04
8.908000000000000362e-01 -1.687829907820957669e+04
8.909000000000000252e-01 -1.688012866177512115e+04
8.910000000000000142e-01 -1.688195572753646775e+04
8.911000000000000032e-01 -1.688379786587497438e+04
8.911999999999999922e-01 -1.688567710439420262e+04
8.913000000000000922e-01 -1.688763711615988723e+04
8.914000000000000812e-01 -1.688963846821366315e+04
8.915000000000000702e-01 -1.689162648437085954e+04
8.916000000000000592e-01 -1.689357545551850126e+04
8.917000000000000481e-01 -1.689549012142908032e+04
8.918000000000000371e-01 -1.689739059061754597e+04
8.919000000000000261e-01 -1.689929673334535619e+04
8.920000000000000151e-01 -1.690121824925576220e+04
8.921000000000000041e-01 -1.690315436888824479e+04
8.921999999999999931e-01 -1.690509820368682631e+04
8.923000000000000931e-01 -1.690703943020637962e+04
8.924000000000000821e-01 -1.690896137852213360e+04
8.925000000000000711e-01 -1.691084942273569322e+04
8.926000000000000600e-01 -1.691269497858627437e+04
8.927000000000000490e-01 -1.691448414700182548e+04
8.928000000000000380e-01 -1.691619172953829184e+04
8.929000000000000270e-01 -1.691779558359980001e+04
8.930000000000000160e-01 -1.691927528915572111e+04
8.931000000000000050e-01 -1.692061001094330277e+04
8.931999999999999940e-01 -1.692177918481608503e+04
8.933000000000000940e-01 -1.692276424711991785e+04
8.934000000000000830e-01 -1.692356462656093572e+04
8.935000000000000719e-01 -1.692420502244688396e+04
8.936000000000000609e-01 -1.692469154280061412e+04
8.937000000000000499e-01 -1.692502568220455214e+04
8.938000000000000389e-01 -1.692520378015812457e+04
8.939000000000000279e-01 -1.692523542590289799e+04
8.940000000000000169e-01 -1.692511433267064785e+04
8.941000000000000059e-01 -1.692491980863356002e+04
8.941999999999999948e-01 -1.692469979827851057e+04
8.943000000000000949e-01 -1.692443304284947226e+04
8.944000000000000838e-01 -1.692411533170149778e+04
8.945000000000000728e-01 -1.692376421131506504e+04
8.946000000000000618e-01 -1.692345244567307236e+04
8.947000000000000508e-01 -1.692322112985726926e+04
8.948000000000000398e-01 -1.692322580815337278e+04
8.949000000000000288e-01 -1.692363153903833518e+04
8.950000000000000178e-01 -1.692446390946550673e+04
8.951000000000000068e-01 -1.692569311617699350e+04
8.951999999999999957e-01 -1.692721407556028862e+04
8.953000000000000957e-01 -1.692891740101669347e+04
8.954000000000000847e-01 -1.693072284714343186e+04
8.955000000000000737e-01 -1.693258619162787727e+04
8.956000000000000627e-01 -1.693450426407057603e+04
8.957000000000000517e-01 -1.693644602014584598e+04
8.958000000000000407e-01 -1.693834736581885591e+04
8.959000000000000297e-01 -1.694032233066708432e+04
8.960000000000000187e-01 -1.694230354037853249e+04
8.961000000000000076e-01 -1.694427671878693218e+04
8.961999999999999966e-01 -1.694628043873269053e+04
8.963000000000000966e-01 -1.694830694245756240e+04
8.964000000000000856e-01 -1.695034916786381291e+04
8.965000000000000746e-01 -1.695242948060593699e+04
8.966000000000000636e-01 -1.695453260362472429e+04
8.967000000000000526e-01 -1.695661174470908009e+04
8.968000000000000416e-01 -1.695868016573613932e+04
8.969000000000000306e-01 -1.696075960515734914e+04
8.970000000000000195e-01 -1.696284401139057081e+04
8.971000000000000085e-01 -1.696492507586943611e+04
8.971999999999999975e-01 -1.696699401587803368e+04
8.973000000000000975e-01 -1.696904662501630082e+04
8.974000000000000865e-01 -1.697108177815566160e+04
8.975000000000000755e-01 -1.697310285855453913e+04
8.976000000000000645e-01 -1.697498641951998798e+04
8.977000000000000535e-01 -1.697672192791401176e+04
8.978000000000000425e-01 -1.697843080034009836e+04
8.979000000000000314e-01 -1.698016293557285462e+04
8.980000000000000204e-01 -1.698192831390055289e+04
8.981000000000000094e-01 -1.698356908732269949e+04
8.981999999999999984e-01 -1.698511840417788699e+04
8.983000000000000984e-01 -1.698671359395506443e+04
8.984000000000000874e-01 -1.698840259624783721e+04
8.985000000000000764e-01 -1.699020772260584636e+04
8.986000000000000654e-01 -1.699212513341618978e+04
8.987000000000000544e-01 -1.699412072415560033e+04
8.988000000000000433e-01 -1.699616954212691417e+04
8.989000000000000323e-01 -1.699826045568731206e+04
8.990000000000000213e-01 -1.700036920067704341e+04
8.991000000000000103e-01 -1.700247096810120274e+04
8.991999999999999993e-01 -1.700456540647479414e+04
8.992999999999999883e-01 -1.700665051822120586e+04
8.994000000000000883e-01 -1.700872245085836403e+04
8.995000000000000773e-01 -1.701078078797360286e+04
8.996000000000000663e-01 -1.701283118781400481e+04
8.997000000000000552e-01 -1.701487757608756147e+04
8.998000000000000442e-01 -1.701692173148734582e+04
8.999000000000000332e-01 -1.701896456343836689e+04
9.000000000000000222e-01 -1.702100766384723829e+04
9.001000000000000112e-01 -1.702481571444416113e+04
9.002000000000000002e-01 -1.702983623431735032e+04
9.002999999999999892e-01 -1.703520905844723166e+04
9.004000000000000892e-01 -1.704085963802762126e+04
9.005000000000000782e-01 -1.704724020741402637e+04
9.006000000000000671e-01 -1.705441760678490391e+04
9.007000000000000561e-01 -1.706213810431252205e+04
9.008000000000000451e-01 -1.707052070980425196e+04
9.009000000000000341e-01 -1.707943231793606537e+04
9.010000000000000231e-01 -1.708878829712067454e+04
9.011000000000000121e-01 -1.709800009761094043e+04
9.012000000000000011e-01 -1.710544499074918713e+04
9.012999999999999901e-01 -1.711041720712142342e+04
9.014000000000000901e-01 -1.711366056809938527e+04
9.015000000000000790e-01 -1.711590822691488574e+04
9.016000000000000680e-01 -1.711754023464024431e+04
9.017000000000000570e-01 -1.711872930610028561e+04
9.018000000000000460e-01 -1.711966232546644096e+04
9.019000000000000350e-01 -1.712052851221929450e+04
9.020000000000000240e-01 -1.712120915732209687e+04
9.021000000000000130e-01 -1.712328604499944777e+04
9.022000000000000020e-01 -1.712638890793099199e+04
9.022999999999999909e-01 -1.712928548614184911e+04
9.024000000000000909e-01 -1.713148960746279408e+04
9.025000000000000799e-01 -1.713316670960126794e+04
9.026000000000000689e-01 -1.713451157245572540e+04
9.027000000000000579e-01 -1.713562938091477918e+04
9.028000000000000469e-01 -1.713656743576621739e+04
9.029000000000000359e-01 -1.713734735887963689e+04
9.030000000000000249e-01 -1.713797996910630900e+04
9.031000000000000139e-01 -1.713847404070576522e+04
9.032000000000000028e-01 -1.713882231203139236e+04
9.032999999999999918e-01 -1.713904370803341226e+04
9.034000000000000918e-01 -1.713912486292976610e+04
9.035000000000000808e-01 -1.713902751434065431e+04
9.036000000000000698e-01 -1.713871843596447434e+04
9.037000000000000588e-01 -1.713819774167957075e+04
9.038000000000000478e-01 -1.713751296364831069e+04
9.039000000000000368e-01 -1.713666501342194169e+04
9.040000000000000258e-01 -1.713566035711173390e+04
9.041000000000000147e-01 -1.713464002289370546e+04
9.042000000000000037e-01 -1.713367901402462303e+04
9.042999999999999927e-01 -1.713261528721500508e+04
9.044000000000000927e-01 -1.713103927348764046e+04
9.045000000000000817e-01 -1.712945800510104164e+04
9.046000000000000707e-01 -1.712885138580755302e+04
9.047000000000000597e-01 -1.712953353007861006e+04
9.048000000000000487e-01 -1.713112330175904935e+04
9.049000000000000377e-01 -1.713314790788243045e+04
9.050000000000000266e-01 -1.713532665299793371e+04
9.051000000000000156e-01 -1.713752154978218095e+04
9.052000000000000046e-01 -1.713969243907033524e+04
9.052999999999999936e-01 -1.714186040904681067e+04
9.054000000000000936e-01 -1.714404242182728558e+04
9.055000000000000826e-01 -1.714620824392168652e+04
9.056000000000000716e-01 -1.714828356152042397e+04
9.057000000000000606e-01 -1.715035470840027119e+04
9.058000000000000496e-01 -1.715258241159209138e+04
9.059000000000000385e-01 -1.715484222109975599e+04
9.060000000000000275e-01 -1.715701095245185206e+04
9.061000000000000165e-01 -1.715905368606009142e+04
9.062000000000000055e-01 -1.716100352298102371e+04
9.062999999999999945e-01 -1.716291786347149537e+04
9.064000000000000945e-01 -1.716485555697069503e+04
9.065000000000000835e-01 -1.716682956085713158e+04
9.066000000000000725e-01 -1.716887840294257330e+04
9.067000000000000615e-01 -1.717100200311064327e+04
9.068000000000000504e-01 -1.717316712877141254e+04
9.069000000000000394e-01 -1.717534505026425904e+04
9.070000000000000284e-01 -1.717752098584077248e+04
9.071000000000000174e-01 -1.717967697313137614e+04
9.072000000000000064e-01 -1.718181117908149463e+04
9.072999999999999954e-01 -1.718391353717968013e+04
9.074000000000000954e-01 -1.718598387076213839e+04
9.075000000000000844e-01 -1.718804376572940237e+04
9.076000000000000734e-01 -1.719008190432389529e+04
9.077000000000000624e-01 -1.719206945161897966e+04
9.078000000000000513e-01 -1.719403060736261614e+04
9.079000000000000403e-01 -1.719597603557577168e+04
9.080000000000000293e-01 -1.719791145795510238e+04
9.081000000000000183e-01 -1.719984113709301528e+04
9.082000000000000073e-01 -1.720176870097553910e+04
9.082999999999999963e-01 -1.720369684341129687e+04
9.084000000000000963e-01 -1.720562767623204854e+04
9.085000000000000853e-01 -1.720757035022521814e+04
9.086000000000000743e-01 -1.720952712378681827e+04
9.087000000000000632e-01 -1.721148684333129859e+04
9.088000000000000522e-01 -1.721345902678871789e+04
9.089000000000000412e-01 -1.721544816840118438e+04
9.090000000000000302e-01 -1.721745248721758617e+04
9.091000000000000192e-01 -1.721947266574744572e+04
9.092000000000000082e-01 -1.722150502472446533e+04
9.092999999999999972e-01 -1.722354270880724289e+04
9.094000000000000972e-01 -1.722558341186423058e+04
9.095000000000000862e-01 -1.722762965952072773e+04
9.096000000000000751e-01 -1.722968004464582918e+04
9.097000000000000641e-01 -1.723173278259909421e+04
9.098000000000000531e-01 -1.723378569421543580e+04
9.099000000000000421e-01 -1.723583794243649754e+04
9.100000000000000311e-01 -1.723788975378255054e+04
9.101000000000000201e-01 -1.723995386541536209e+04
9.102000000000000091e-01 -1.724205812715683714e+04
9.102999999999999980e-01 -1.724420023546126686e+04
9.104000000000000981e-01 -1.724637144840332985e+04
9.105000000000000870e-01 -1.724856498927081338e+04
9.106000000000000760e-01 -1.725077559157778887e+04
9.107000000000000650e-01 -1.725299903371317851e+04
9.108000000000000540e-01 -1.725523230365569543e+04
9.109000000000000430e-01 -1.725747164714108658e+04
9.110000000000000320e-01 -1.725971617642828278e+04
9.111000000000000210e-01 -1.726196521314114580e+04
9.112000000000000099e-01 -1.726421780143933938e+04
9.112999999999999989e-01 -1.726647309396482160e+04
9.114000000000000989e-01 -1.726873043522328226e+04
9.115000000000000879e-01 -1.727098937141058195e+04
9.116000000000000769e-01 -1.727325243083737223e+04
9.117000000000000659e-01 -1.727551439424005366e+04
9.118000000000000549e-01 -1.727777622117280771e+04
9.119000000000000439e-01 -1.728003927870496773e+04
9.120000000000000329e-01 -1.728230405747914483e+04
9.121000000000000218e-01 -1.728457237165402330e+04
9.122000000000000108e-01 -1.728684576696747536e+04
9.122999999999999998e-01 -1.728912291165381976e+04
9.123999999999999888e-01 -1.729140278397485963e+04
9.125000000000000888e-01 -1.729368663073317657e+04
9.126000000000000778e-01 -1.729597491219608128e+04
9.127000000000000668e-01 -1.729826761754844483e+04
9.128000000000000558e-01 -1.730056456903864455e+04
9.129000000000000448e-01 -1.730286554929924387e+04
9.130000000000000338e-01 -1.730517032253024081e+04
9.131000000000000227e-01 -1.730747863474164114e+04
9.132000000000000117e-01 -1.730979021281016321e+04
9.133000000000000007e-01 -1.731210476601539995e+04
9.133999999999999897e-01 -1.731442198999715038e+04
9.135000000000000897e-01 -1.731674157243823720e+04
9.136000000000000787e-01 -1.731906319985890514e+04
9.137000000000000677e-01 -1.732138656509686552e+04
9.138000000000000567e-01 -1.732371137523647849e+04
9.139000000000000457e-01 -1.732603735991045323e+04
9.140000000000000346e-01 -1.732836428010298187e+04
9.141000000000000236e-01 -1.733069193794687089e+04
9.142000000000000126e-01 -1.733302018876871807e+04
9.143000000000000016e-01 -1.733534895864927239e+04
9.143999999999999906e-01 -1.733767827755193866e+04
9.145000000000000906e-01 -1.734000837884523935e+04
9.146000000000000796e-01 -1.734234102533015175e+04
9.147000000000000686e-01 -1.734467989855243286e+04
9.148000000000000576e-01 -1.734702584703620960e+04
9.149000000000000465e-01 -1.734937836732663345e+04
9.150000000000000355e-01 -1.735173675797430042e+04
9.151000000000000245e-01 -1.735410042688350950e+04
9.152000000000000135e-01 -1.735646892106896121e+04
9.153000000000000025e-01 -1.735884188358223400e+04
9.153999999999999915e-01 -1.736121902018585024e+04
9.155000000000000915e-01 -1.736360009676157642e+04
9.156000000000000805e-01 -1.736598495017666937e+04
9.157000000000000695e-01 -1.736837352050674963e+04
9.158000000000000584e-01 -1.737076591203581484e+04
9.159000000000000474e-01 -1.737316259288223591e+04
9.160000000000000364e-01 -1.737556629919962506e+04
9.161000000000000254e-01 -1.737798074098653888e+04
9.162000000000000144e-01 -1.738040693635213756e+04
9.163000000000000034e-01 -1.738284497248605840e+04
9.163999999999999924e-01 -1.738529518720013948e+04
9.165000000000000924e-01 -1.738775883446928492e+04
9.166000000000000814e-01 -1.739024118141272993e+04
9.167000000000000703e-01 -1.739275286217072062e+04
9.168000000000000593e-01 -1.739530091563811220e+04
9.169000000000000483e-01 -1.739789434876934320e+04
9.170000000000000373e-01 -1.740054387971576944e+04
9.171000000000000263e-01 -1.740325513726381178e+04
9.172000000000000153e-01 -1.740603136627437198e+04
9.173000000000000043e-01 -1.740887461406346119e+04
9.173999999999999932e-01 -1.741178817499826255e+04
9.175000000000000933e-01 -1.741477967559702302e+04
9.176000000000000822e-01 -1.741786182116673808e+04
9.177000000000000712e-01 -1.742106039925458754e+04
9.178000000000000602e-01 -1.742439814844996727e+04
9.179000000000000492e-01 -1.742788460326525455e+04
9.180000000000000382e-01 -1.743152590514089388e+04
9.181000000000000272e-01 -1.743533378309137697e+04
9.182000000000000162e-01 -1.743932479782935116e+04
9.183000000000000052e-01 -1.744354323447201750e+04
9.183999999999999941e-01 -1.744801487949589500e+04
9.185000000000000941e-01 -1.745275386580052145e+04
9.186000000000000831e-01 -1.745780378570919493e+04
9.187000000000000721e-01 -1.746324885975083453e+04
9.188000000000000611e-01 -1.746915074213259140e+04
9.189000000000000501e-01 -1.747547303982971425e+04
9.190000000000000391e-01 -1.748223592627600738e+04
9.191000000000000281e-01 -1.748948604264558890e+04
9.192000000000000171e-01 -1.749663850873748015e+04
9.193000000000000060e-01 -1.750104655078158248e+04
9.193999999999999950e-01 -1.750313172888429472e+04
9.195000000000000950e-01 -1.750482019581948043e+04
9.196000000000000840e-01 -1.750669324865460294e+04
9.197000000000000730e-01 -1.750856522993564795e+04
9.198000000000000620e-01 -1.751041313511318731e+04
9.199000000000000510e-01 -1.751229194892084706e+04
9.200000000000000400e-01 -1.751424765230369667e+04
9.201000000000000290e-01 -1.751631294304981566e+04
9.202000000000000179e-01 -1.751848878859905017e+04
9.203000000000000069e-01 -1.752074521130557332e+04
9.203999999999999959e-01 -1.752303715820497746e+04
9.205000000000000959e-01 -1.752532812963463948e+04
9.206000000000000849e-01 -1.752760660408902186e+04
9.207000000000000739e-01 -1.752987753296558367e+04
9.208000000000000629e-01 -1.753216269885991278e+04
9.209000000000000519e-01 -1.753445177619993410e+04
9.210000000000000409e-01 -1.753672851481495309e+04
9.211000000000000298e-01 -1.753899317744484142e+04
9.212000000000000188e-01 -1.754125165518769063e+04
9.213000000000000078e-01 -1.754350612542095041e+04
9.213999999999999968e-01 -1.754575868732011440e+04
9.215000000000000968e-01 -1.754802001485150322e+04
9.216000000000000858e-01 -1.755030013394634079e+04
9.217000000000000748e-01 -1.755258971294619914e+04
9.218000000000000638e-01 -1.755487202377487483e+04
9.219000000000000528e-01 -1.755715195916122320e+04
9.220000000000000417e-01 -1.755943555261635265e+04
9.221000000000000307e-01 -1.756172540369946728e+04
9.222000000000000197e-01 -1.756402109387391829e+04
9.223000000000000087e-01 -1.756632150853382336e+04
9.223999999999999977e-01 -1.756862463821678102e+04
9.225000000000000977e-01 -1.757092998126954626e+04
9.226000000000000867e-01 -1.757323777158375378e+04
9.227000000000000757e-01 -1.757554837386625513e+04
9.228000000000000647e-01 -1.757786186810088475e+04
9.229000000000000536e-01 -1.758017500834992461e+04
9.230000000000000426e-01 -1.758248329331989589e+04
9.231000000000000316e-01 -1.758478589193719017e+04
9.232000000000000206e-01 -1.758708469105132826e+04
9.233000000000000096e-01 -1.758938045287612840e+04
9.233999999999999986e-01 -1.759166966795260669e+04
9.235000000000000986e-01 -1.759395468275952589e+04
9.236000000000000876e-01 -1.759623697321382497e+04
9.237000000000000766e-01 -1.759851732625548539e+04
9.238000000000000655e-01 -1.760079583469725185e+04
9.239000000000000545e-01 -1.760307254581543384e+04
9.240000000000000435e-01 -1.760534706080881733e+04
9.241000000000000325e-01 -1.760761634547072390e+04
9.242000000000000215e-01 -1.760987681473460907e+04
9.243000000000000105e-01 -1.761212881007985925e+04
9.243999999999999995e-01 -1.761437413626015405e+04
9.245000000000000995e-01 -1.761661424688165789e+04
9.246000000000000885e-01 -1.761885003534680072e+04
9.247000000000000774e-01 -1.762108207458848847e+04
9.248000000000000664e-01 -1.762331083458970534e+04
9.249000000000000554e-01 -1.762553677790101938e+04
9.250000000000000444e-01 -1.762776037600179188e+04
9.251000000000000334e-01 -1.762998177229740031e+04
9.252000000000000224e-01 -1.763220078824212396e+04
9.253000000000000114e-01 -1.763441874755709796e+04
9.254000000000000004e-01 -1.763663640836587001e+04
9.254999999999999893e-01 -1.763885421069058430e+04
9.256000000000000894e-01 -1.764107249262182086e+04
9.257000000000000783e-01 -1.764329152328616328e+04
9.258000000000000673e-01 -1.764551151070000196e+04
9.259000000000000563e-01 -1.764773238239959755e+04
9.260000000000000453e-01 -1.764995450563215854e+04
9.261000000000000343e-01 -1.765217819693593265e+04
9.262000000000000233e-01 -1.765440358034483870e+04
9.263000000000000123e-01 -1.765663043043368452e+04
9.264000000000000012e-01 -1.765885854323617605e+04
9.264999999999999902e-01 -1.766108759805070076e+04
9.266000000000000902e-01 -1.766331724998187565e+04
9.267000000000000792e-01 -1.766554717457242441e+04
9.268000000000000682e-01 -1.766777708645176608e+04
9.269000000000000572e-01 -1.767000676197193388e+04
9.270000000000000462e-01 -1.767223612693012547e+04
9.271000000000000352e-01 -1.767446512331894337e+04
9.272000000000000242e-01 -1.767669364224787932e+04
9.273000000000000131e-01 -1.767892160893777327e+04
9.274000000000000021e-01 -1.768114899978335234e+04
9.274999999999999911e-01 -1.768337587839445405e+04
9.276000000000000911e-01 -1.768560261931563582e+04
9.277000000000000801e-01 -1.768782906477256256e+04
9.278000000000000691e-01 -1.769005524922885888e+04
9.279000000000000581e-01 -1.769228136875169366e+04
9.280000000000000471e-01 -1.769450764024235104e+04
9.281000000000000361e-01 -1.769673416631237706e+04
9.282000000000000250e-01 -1.769895984872405825e+04
9.283000000000000140e-01 -1.770118290111970418e+04
9.284000000000000030e-01 -1.770340172326982065e+04
9.284999999999999920e-01 -1.770561619522060573e+04
9.286000000000000920e-01 -1.770782664932296393e+04
9.287000000000000810e-01 -1.771003393651375154e+04
9.288000000000000700e-01 -1.771223886573115306e+04
9.289000000000000590e-01 -1.771444208600110142e+04
9.290000000000000480e-01 -1.771664409518067987e+04
9.291000000000000369e-01 -1.771884526678236216e+04
9.292000000000000259e-01 -1.772104587550137512e+04
9.293000000000000149e-01 -1.772324611808383634e+04
9.294000000000000039e-01 -1.772544612073031749e+04
9.294999999999999929e-01 -1.772764597252180829e+04
9.296000000000000929e-01 -1.772984574853182130e+04
9.297000000000000819e-01 -1.773204544552743027e+04
9.298000000000000709e-01 -1.773424507813541277e+04
9.299000000000000599e-01 -1.773644468637985483e+04
9.300000000000000488e-01 -1.773864426230462777e+04
9.301000000000000378e-01 -1.774083077110399609e+04
9.302000000000000268e-01 -1.774297704793185403e+04
9.303000000000000158e-01 -1.774508562796590195e+04
9.304000000000000048e-01 -1.774716524533577103e+04
9.304999999999999938e-01 -1.774922333357467869e+04
9.306000000000000938e-01 -1.775126546506220257e+04
9.307000000000000828e-01 -1.775329581911259447e+04
9.308000000000000718e-01 -1.775531733719893600e+04
9.309000000000000608e-01 -1.775733221067327759e+04
9.310000000000000497e-01 -1.775934209836890295e+04
9.311000000000000387e-01 -1.776134825925551922e+04
9.312000000000000277e-01 -1.776335199174188165e+04
9.313000000000000167e-01 -1.776535302185612090e+04
9.314000000000000057e-01 -1.776735224040481990e+04
9.314999999999999947e-01 -1.776934911880321670e+04
9.316000000000000947e-01 -1.777134423185726700e+04
9.317000000000000837e-01 -1.777333849715714678e+04
9.318000000000000727e-01 -1.777533296284381504e+04
9.319000000000000616e-01 -1.777732825569934721e+04
9.320000000000000506e-01 -1.777932434467888379e+04
9.321000000000000396e-01 -1.778132336136863523e+04
9.322000000000000286e-01 -1.778332272957778696e+04
9.323000000000000176e-01 -1.778532229912366893e+04
9.324000000000000066e-01 -1.778732218609729898e+04
9.324999999999999956e-01 -1.778932091277889776e+04
9.326000000000000956e-01 -1.779131766688193966e+04
9.327000000000000846e-01 -1.779331218014891056e+04
9.328000000000000735e-01 -1.779530425349276265e+04
9.329000000000000625e-01 -1.779729380201686581e+04
9.330000000000000515e-01 -1.779928087040675746e+04
9.331000000000000405e-01 -1.780126559741197707e+04
9.332000000000000295e-01 -1.780324826777982162e+04
9.333000000000000185e-01 -1.780522916249532864e+04
9.334000000000000075e-01 -1.780720817299002374e+04
9.334999999999999964e-01 -1.780918532562974360e+04
9.336000000000000965e-01 -1.781116071668799486e+04
9.337000000000000854e-01 -1.781313437545098714e+04
9.338000000000000744e-01 -1.781510649309232031e+04
9.339000000000000634e-01 -1.781707738586731284e+04
9.340000000000000524e-01 -1.781904731250786426e+04
9.341000000000000414e-01 -1.782101707254374560e+04
9.342000000000000304e-01 -1.782298766700096166e+04
9.343000000000000194e-01 -1.782495840105394745e+04
9.344000000000000083e-01 -1.782692872569076644e+04
9.344999999999999973e-01 -1.782889857156003563e+04
9.346000000000000973e-01 -1.783086954801606771e+04
9.347000000000000863e-01 -1.783284298473002855e+04
9.348000000000000753e-01 -1.783481823681701280e+04
9.349000000000000643e-01 -1.783679417631767865e+04
9.350000000000000533e-01 -1.783876997139665036e+04
9.351000000000000423e-01 -1.784074517931539594e+04
9.352000000000000313e-01 -1.784271962144326244e+04
9.353000000000000203e-01 -1.784469324052496813e+04
9.354000000000000092e-01 -1.784666696819140270e+04
9.354999999999999982e-01 -1.784864089738647453e+04
9.356000000000000982e-01 -1.785061162306023107e+04
9.357000000000000872e-01 -1.785257968968386194e+04
9.358000000000000762e-01 -1.785454365592883187e+04
9.359000000000000652e-01 -1.785650372866097678e+04
9.360000000000000542e-01 -1.785846160640824382e+04
9.361000000000000432e-01 -1.786041694994081263e+04
9.362000000000000322e-01 -1.786237091566696108e+04
9.363000000000000211e-01 -1.786432615888422515e+04
9.364000000000000101e-01 -1.786627746194660722e+04
9.364999999999999991e-01 -1.786822797648998312e+04
9.366000000000000991e-01 -1.787017994137342976e+04
9.367000000000000881e-01 -1.787213019579598767e+04
9.368000000000000771e-01 -1.787408139240788660e+04
9.369000000000000661e-01 -1.787603237580507266e+04
9.370000000000000551e-01 -1.787798390547441886e+04
9.371000000000000441e-01 -1.787993597712096380e+04
9.372000000000000330e-01 -1.788188839980207558e+04
9.373000000000000220e-01 -1.788384410582555574e+04
9.374000000000000110e-01 -1.788580403950262189e+04
9.375000000000000000e-01 -1.788776783794591756e+04
9.376000000000001000e-01 -1.788973434573621489e+04
9.377000000000000890e-01 -1.789170284585808622e+04
9.378000000000000780e-01 -1.789367162152856326e+04
9.379000000000000670e-01 -1.789563935483469686e+04
9.380000000000000560e-01 -1.789760551772473264e+04
9.381000000000000449e-01 -1.789956974136927965e+04
9.382000000000000339e-01 -1.790153097320826419e+04
9.383000000000000229e-01 -1.790348859736354643e+04
9.384000000000000119e-01 -1.790544305883784909e+04
9.385000000000000009e-01 -1.790739770674382817e+04
9.385999999999999899e-01 -1.790935231712564200e+04
9.387000000000000899e-01 -1.791129859457981729e+04
9.388000000000000789e-01 -1.791324034991896769e+04
9.389000000000000679e-01 -1.791517939648757965e+04
9.390000000000000568e-01 -1.791711559491295338e+04
9.391000000000000458e-01 -1.791904998240530404e+04
9.392000000000000348e-01 -1.792099144563469599e+04
9.393000000000000238e-01 -1.792295317253316898e+04
9.394000000000000128e-01 -1.792494461978316394e+04
9.395000000000000018e-01 -1.792695944480149774e+04
9.395999999999999908e-01 -1.792897993904094255e+04
9.397000000000000908e-01 -1.793099066134349050e+04
9.398000000000000798e-01 -1.793298698127780517e+04
9.399000000000000687e-01 -1.793497138176092267e+04
9.400000000000000577e-01 -1.793694925008432983e+04
9.401000000000000467e-01 -1.793892490448524768e+04
9.402000000000000357e-01 -1.794090055605559974e+04
9.403000000000000247e-01 -1.794287919224349753e+04
9.404000000000000137e-01 -1.794486305658936908e+04
9.405000000000000027e-01 -1.794685073705352988e+04
9.405999999999999917e-01 -1.794884179039501760e+04
9.407000000000000917e-01 -1.795083351474751908e+04
9.408000000000000806e-01 -1.795282195899098951e+04
9.409000000000000696e-01 -1.795480206418171656e+04
9.410000000000000586e-01 -1.795676996134331785e+04
9.411000000000000476e-01 -1.795872535585827791e+04
9.412000000000000366e-01 -1.796067039679863592e+04
9.413000000000000256e-01 -1.796260742791938901e+04
9.414000000000000146e-01 -1.796453828017487103e+04
9.415000000000000036e-01 -1.796646437772845093e+04
9.415999999999999925e-01 -1.796838697914429576e+04
9.417000000000000925e-01 -1.797030726919851077e+04
9.418000000000000815e-01 -1.797222629931236588e+04
9.419000000000000705e-01 -1.797414487531242048e+04
9.420000000000000595e-01 -1.797606347601047310e+04
9.421000000000000485e-01 -1.797798223462139867e+04
9.422000000000000375e-01 -1.797990097393081669e+04
9.423000000000000265e-01 -1.798181926727647442e+04
9.424000000000000155e-01 -1.798373649108197424e+04
9.425000000000000044e-01 -1.798565187855725162e+04
9.425999999999999934e-01 -1.798756453060444619e+04
9.427000000000000934e-01 -1.798947333591252391e+04
9.428000000000000824e-01 -1.799137629553478473e+04
9.429000000000000714e-01 -1.799326722932995108e+04
9.430000000000000604e-01 -1.799513955056930718e+04
9.431000000000000494e-01 -1.799698184085443791e+04
9.432000000000000384e-01 -1.799877504399046302e+04
9.433000000000000274e-01 -1.800050230919824389e+04
9.434000000000000163e-01 -1.800214697775527020e+04
9.435000000000000053e-01 -1.800368873624490152e+04
9.435999999999999943e-01 -1.800510757574452873e+04
9.437000000000000943e-01 -1.800638436303079652e+04
9.438000000000000833e-01 -1.800750110456862603e+04
9.439000000000000723e-01 -1.800844114726897897e+04
9.440000000000000613e-01 -1.800919029887832585e+04
9.441000000000000503e-01 -1.800976972441633916e+04
9.442000000000000393e-01 -1.801021402797786141e+04
9.443000000000000282e-01 -1.801052301144918965e+04
9.444000000000000172e-01 -1.801068776864245956e+04
9.445000000000000062e-01 -1.801070511364627964e+04
9.445999999999999952e-01 -1.801058493656550854e+04
9.447000000000000952e-01 -1.801043011960184231e+04
9.448000000000000842e-01 -1.801029024385769662e+04
9.449000000000000732e-01 -1.801016761497423431e+04
9.450000000000000622e-01 -1.801005443992473010e+04
9.451000000000000512e-01 -1.800995732114055500e+04
9.452000000000000401e-01 -1.800996896838684188e+04
9.453000000000000291e-01 -1.801013399685568947e+04
9.454000000000000181e-01 -1.801044733527480275e+04
9.455000000000000071e-01 -1.801089130833332820e+04
9.455999999999999961e-01 -1.801155254071637683e+04
9.457000000000000961e-01 -1.801253908865116318e+04
9.458000000000000851e-01 -1.801384692418870327e+04
9.459000000000000741e-01 -1.801541327986948454e+04
9.460000000000000631e-01 -1.801714321707002819e+04
9.461000000000000520e-01 -1.801896904733494011e+04
9.462000000000000410e-01 -1.802085107393713406e+04
9.463000000000000300e-01 -1.802276995144154353e+04
9.464000000000000190e-01 -1.802471818567278387e+04
9.465000000000000080e-01 -1.802669322155551345e+04
9.465999999999999970e-01 -1.802869313675796002e+04
9.467000000000000970e-01 -1.803069958123660763e+04
9.468000000000000860e-01 -1.803268803329006187e+04
9.469000000000000750e-01 -1.803474069646776115e+04
9.470000000000000639e-01 -1.803682037579172538e+04
9.471000000000000529e-01 -1.803890499495732365e+04
9.472000000000000419e-01 -1.804098440656823004e+04
9.473000000000000309e-01 -1.804306562175882209e+04
9.474000000000000199e-01 -1.804514497920940994e+04
9.475000000000000089e-01 -1.804721659167105099e+04
9.475999999999999979e-01 -1.804927462569763520e+04
9.477000000000000979e-01 -1.805132270765663634e+04
9.478000000000000869e-01 -1.805336446873555906e+04
9.479000000000000759e-01 -1.805539781550940097e+04
9.480000000000000648e-01 -1.805742269905576177e+04
9.481000000000000538e-01 -1.805943863979029993e+04
9.482000000000000428e-01 -1.806144489360625084e+04
9.483000000000000318e-01 -1.806344096018118944e+04
9.484000000000000208e-01 -1.806542686597488500e+04
9.485000000000000098e-01 -1.806740221864670093e+04
9.485999999999999988e-01 -1.806936714039954313e+04
9.487000000000000988e-01 -1.807132597134824027e+04
9.488000000000000878e-01 -1.807327821309054707e+04
9.489000000000000767e-01 -1.807522435106408739e+04
9.490000000000000657e-01 -1.807716739125019740e+04
9.491000000000000547e-01 -1.807911199068792848e+04
9.492000000000000437e-01 -1.808106030627057407e+04
9.493000000000000327e-01 -1.808301308038058414e+04
9.494000000000000217e-01 -1.808497048399854611e+04
9.495000000000000107e-01 -1.808693244287619382e+04
9.495999999999999996e-01 -1.808889872190374081e+04
9.497000000000000997e-01 -1.809087122069793622e+04
9.498000000000000886e-01 -1.809284914158243555e+04
9.499000000000000776e-01 -1.809483399071484018e+04
9.500000000000000666e-01 -1.809682876300928910e+04
9.501000000000000556e-01 -1.810064703615787585e+04
9.502000000000000446e-01 -1.810568646631385491e+04
9.503000000000000336e-01 -1.811102762334178988e+04
9.504000000000000226e-01 -1.811667988487494586e+04
9.505000000000000115e-01 -1.812305585505611089e+04
9.506000000000000005e-01 -1.813025870431459771e+04
9.507000000000001005e-01 -1.813801892019402658e+04
9.508000000000000895e-01 -1.814561505168914300e+04
9.509000000000000785e-01 -1.815269154955948761e+04
9.510000000000000675e-01 -1.815860930057126825e+04
9.511000000000000565e-01 -1.816332895605303929e+04
9.512000000000000455e-01 -1.816718223920310629e+04
9.513000000000000345e-01 -1.817041040623817389e+04
9.514000000000000234e-01 -1.817323806508957932e+04
9.515000000000000124e-01 -1.817576937969944265e+04
9.516000000000000014e-01 -1.817808056163797664e+04
9.516999999999999904e-01 -1.818022583634735565e+04
9.518000000000000904e-01 -1.818280231709733926e+04
9.519000000000000794e-01 -1.818612736020226657e+04
9.520000000000000684e-01 -1.818918933876123992e+04
9.521000000000000574e-01 -1.819151929474984718e+04
9.522000000000000464e-01 -1.819329987590751625e+04
9.523000000000000353e-01 -1.819474877149034728e+04
9.524000000000000243e-01 -1.819600506748996122e+04
9.525000000000000133e-01 -1.819715512882606708e+04
9.526000000000000023e-01 -1.819825306782676853e+04
9.526999999999999913e-01 -1.819932510795248527e+04
9.528000000000000913e-01 -1.820037213184552093e+04
9.529000000000000803e-01 -1.820139394120032739e+04
9.530000000000000693e-01 -1.820240169663979395e+04
9.531000000000000583e-01 -1.820340446365733806e+04
9.532000000000000473e-01 -1.820441551904247535e+04
9.533000000000000362e-01 -1.820543031739978687e+04
9.534000000000000252e-01 -1.820642317129205185e+04
9.535000000000000142e-01 -1.820737100960885437e+04
9.536000000000000032e-01 -1.820825440832976165e+04
9.536999999999999922e-01 -1.820905776835006327e+04
9.538000000000000922e-01 -1.820977071123685892e+04
9.539000000000000812e-01 -1.821039373569811505e+04
9.540000000000000702e-01 -1.821097319279846852e+04
9.541000000000000592e-01 -1.821153703773735833e+04
9.542000000000000481e-01 -1.821207770063533826e+04
9.543000000000000371e-01 -1.821258152270212304e+04
9.544000000000000261e-01 -1.821305509125056415e+04
9.545000000000000151e-01 -1.821348972217355913e+04
9.546000000000000041e-01 -1.821389144023990957e+04
9.546999999999999931e-01 -1.821432054031185180e+04
9.548000000000000931e-01 -1.821479438271617983e+04
9.549000000000000821e-01 -1.821532829016933829e+04
9.550000000000000711e-01 -1.821598202010856039e+04
9.551000000000000600e-01 -1.821677216782964388e+04
9.552000000000000490e-01 -1.821777389562675671e+04
9.553000000000000380e-01 -1.821901083317446682e+04
9.554000000000000270e-01 -1.822044139082186302e+04
9.555000000000000160e-01 -1.822203777984113185e+04
9.556000000000000050e-01 -1.822376398215969311e+04
9.556999999999999940e-01 -1.822557332112286895e+04
9.558000000000000940e-01 -1.822743304676415210e+04
9.559000000000000830e-01 -1.822932465553793372e+04
9.560000000000000719e-01 -1.823123763357146890e+04
9.561000000000000609e-01 -1.823317655825765542e+04
9.562000000000000499e-01 -1.823518024046060600e+04
9.563000000000000389e-01 -1.823723239860991089e+04
9.564000000000000279e-01 -1.823931269034677098e+04
9.565000000000000169e-01 -1.824140688223057077e+04
9.566000000000000059e-01 -1.824349828622291170e+04
9.566999999999999948e-01 -1.824558267186426383e+04
9.568000000000000949e-01 -1.824764297236318089e+04
9.569000000000000838e-01 -1.824971061967196511e+04
9.570000000000000728e-01 -1.825178893993477686e+04
9.571000000000000618e-01 -1.825387057737257055e+04
9.572000000000000508e-01 -1.825591926294197037e+04
9.573000000000000398e-01 -1.825777401163711329e+04
9.574000000000000288e-01 -1.825957312804562753e+04
9.575000000000000178e-01 -1.826140342959570262e+04
9.576000000000000068e-01 -1.826328623826974217e+04
9.576999999999999957e-01 -1.826521433720995628e+04
9.578000000000000957e-01 -1.826717364852257742e+04
9.579000000000000847e-01 -1.826896410634946369e+04
9.580000000000000737e-01 -1.827058998531926409e+04
9.581000000000000627e-01 -1.827223743831741740e+04
9.582000000000000517e-01 -1.827394674175938053e+04
9.583000000000000407e-01 -1.827571210710147352e+04
9.584000000000000297e-01 -1.827752156808369909e+04
9.585000000000000187e-01 -1.827936795607471140e+04
9.586000000000000076e-01 -1.828124568854577592e+04
9.586999999999999966e-01 -1.828314880977360372e+04
9.588000000000000966e-01 -1.828507227616711680e+04
9.589000000000000856e-01 -1.828701198484778797e+04
9.590000000000000746e-01 -1.828896393121137953e+04
9.591000000000000636e-01 -1.829092684768760955e+04
9.592000000000000526e-01 -1.829289973338627533e+04
9.593000000000000416e-01 -1.829488110086347660e+04
9.594000000000000306e-01 -1.829687043583689592e+04
9.595000000000000195e-01 -1.829886303020869309e+04
9.596000000000000085e-01 -1.830085982819091078e+04
9.596999999999999975e-01 -1.830285016282723882e+04
9.598000000000000975e-01 -1.830441057713709961e+04
9.599000000000000865e-01 -1.830576611015752133e+04
9.600000000000000755e-01 -1.830720960843206194e+04
9.601000000000000645e-01 -1.830880552569542488e+04
9.602000000000000535e-01 -1.831057119501279885e+04
9.603000000000000425e-01 -1.831247973575464857e+04
9.604000000000000314e-01 -1.831412498582072294e+04
9.605000000000000204e-01 -1.831532857578033145e+04
9.606000000000000094e-01 -1.831660763596792094e+04
9.606999999999999984e-01 -1.831808492687346006e+04
9.608000000000000984e-01 -1.831975747845288788e+04
9.609000000000000874e-01 -1.832158698923407428e+04
9.610000000000000764e-01 -1.832353434885056777e+04
9.611000000000000654e-01 -1.832556857259155368e+04
9.612000000000000544e-01 -1.832767070445989157e+04
9.613000000000000433e-01 -1.832982401871026741e+04
9.614000000000000323e-01 -1.833200988720835812e+04
9.615000000000000213e-01 -1.833421808824352775e+04
9.616000000000000103e-01 -1.833643926433270462e+04
9.616999999999999993e-01 -1.833866878439540233e+04
9.618000000000000993e-01 -1.834090506314259983e+04
9.619000000000000883e-01 -1.834314808339700539e+04
9.620000000000000773e-01 -1.834539894724514670e+04
9.621000000000000663e-01 -1.834765941497932363e+04
9.622000000000000552e-01 -1.834993199649623057e+04
9.623000000000000442e-01 -1.835221195497703593e+04
9.624000000000000332e-01 -1.835449653455337830e+04
9.625000000000000222e-01 -1.835678659809441888e+04
9.626000000000000112e-01 -1.835908188671335301e+04
9.627000000000000002e-01 -1.836138182128182598e+04
9.628000000000001002e-01 -1.836368578078271094e+04
9.629000000000000892e-01 -1.836599319021567862e+04
9.630000000000000782e-01 -1.836830355404247530e+04
9.631000000000000671e-01 -1.837061649791542732e+04
9.632000000000000561e-01 -1.837293210753326639e+04
9.633000000000000451e-01 -1.837525225022805535e+04
9.634000000000000341e-01 -1.837756937237263992e+04
9.635000000000000231e-01 -1.837990228477244455e+04
9.636000000000000121e-01 -1.838224440562452946e+04
9.637000000000000011e-01 -1.838458976023946161e+04
9.638000000000001011e-01 -1.838693613137054490e+04
9.639000000000000901e-01 -1.838928339478961789e+04
9.640000000000000790e-01 -1.839163110081837294e+04
9.641000000000000680e-01 -1.839397852561137552e+04
9.642000000000000570e-01 -1.839633027308069722e+04
9.643000000000000460e-01 -1.839868412105183234e+04
9.644000000000000350e-01 -1.840104023015392522e+04
9.645000000000000240e-01 -1.840340024214228470e+04
9.646000000000000130e-01 -1.840576556243452069e+04
9.647000000000000020e-01 -1.840813355827232590e+04
9.647999999999999909e-01 -1.841050550690027376e+04
9.649000000000000909e-01 -1.841288103736261110e+04
9.650000000000000799e-01 -1.841525834088523698e+04
9.651000000000000689e-01 -1.841763728257296316e+04
9.652000000000000579e-01 -1.842001850665152233e+04
9.653000000000000469e-01 -1.842240279821589866e+04
9.654000000000000359e-01 -1.842479080229834653e+04
9.655000000000000249e-01 -1.842718294688703099e+04
9.656000000000000139e-01 -1.842957946797717159e+04
9.657000000000000028e-01 -1.843198048021548675e+04
9.657999999999999918e-01 -1.843438607276382027e+04
9.659000000000000918e-01 -1.843679652296119093e+04
9.660000000000000808e-01 -1.843921298799286888e+04
9.661000000000000698e-01 -1.844163881407463850e+04
9.662000000000000588e-01 -1.844408067734196447e+04
9.663000000000000478e-01 -1.844654057637069491e+04
9.664000000000000368e-01 -1.844901750751218424e+04
9.665000000000000258e-01 -1.845150980670240460e+04
9.666000000000000147e-01 -1.845401616567044402e+04
9.667000000000000037e-01 -1.845652777396683450e+04
9.667999999999999927e-01 -1.845905664251269263e+04
9.669000000000000927e-01 -1.846160877145011182e+04
9.670000000000000817e-01 -1.846419274296697768e+04
9.671000000000000707e-01 -1.846682458594514537e+04
9.672000000000000597e-01 -1.846950969192097909e+04
9.673000000000000487e-01 -1.847223875293362289e+04
9.674000000000000377e-01 -1.847502532279325897e+04
9.675000000000000266e-01 -1.847786930443346500e+04
9.676000000000000156e-01 -1.848076842046672027e+04
9.677000000000000046e-01 -1.848372158443866647e+04
9.677999999999999936e-01 -1.848672287537219381e+04
9.679000000000000936e-01 -1.848980058858608754e+04
9.680000000000000826e-01 -1.849298308143781105e+04
9.681000000000000716e-01 -1.849629721975501889e+04
9.682000000000000606e-01 -1.849976200144226459e+04
9.683000000000000496e-01 -1.850336457568544938e+04
9.684000000000000385e-01 -1.850713114453060916e+04
9.685000000000000275e-01 -1.851111048967480383e+04
9.686000000000000165e-01 -1.851533520207738184e+04
9.687000000000000055e-01 -1.851984576991106587e+04
9.687999999999999945e-01 -1.852469491083633329e+04
9.689000000000000945e-01 -1.852996601519373871e+04
9.690000000000000835e-01 -1.853568738103908618e+04
9.691000000000000725e-01 -1.854187037353321284e+04
9.692000000000000615e-01 -1.854847182683727442e+04
9.693000000000000504e-01 -1.855439282811731027e+04
9.694000000000000394e-01 -1.855781324112020229e+04
9.695000000000000284e-01 -1.855964834095005790e+04
9.696000000000000174e-01 -1.856116892440728043e+04
9.697000000000000064e-01 -1.856309794178935408e+04
9.697999999999999954e-01 -1.856517153524409878e+04
9.699000000000000954e-01 -1.856730191987719081e+04
9.700000000000000844e-01 -1.856941155909350346e+04
9.701000000000000734e-01 -1.857147173556641428e+04
9.702000000000000624e-01 -1.857350521937028680e+04
9.703000000000000513e-01 -1.857554706936028742e+04
9.704000000000000403e-01 -1.857763720204175843e+04
9.705000000000000293e-01 -1.857980613008681757e+04
9.706000000000000183e-01 -1.858205794470220644e+04
9.707000000000000073e-01 -1.858437565184112827e+04
9.707999999999999963e-01 -1.858673333457498302e+04
9.709000000000000963e-01 -1.858910687357134157e+04
9.710000000000000853e-01 -1.859147623710157495e+04
9.711000000000000743e-01 -1.859383175012706124e+04
9.712000000000000632e-01 -1.859616453585327690e+04
9.713000000000000522e-01 -1.859846603505727762e+04
9.714000000000000412e-01 -1.860073922225498609e+04
9.715000000000000302e-01 -1.860299004223275551e+04
9.716000000000000192e-01 -1.860522465114799706e+04
9.717000000000000082e-01 -1.860744930173971443e+04
9.717999999999999972e-01 -1.860966950451491721e+04
9.719000000000000972e-01 -1.861188989779995245e+04
9.720000000000000862e-01 -1.861411422154711181e+04
9.721000000000000751e-01 -1.861634330374828642e+04
9.722000000000000641e-01 -1.861857678184323231e+04
9.723000000000000531e-01 -1.862081417753535061e+04
9.724000000000000421e-01 -1.862305467589222098e+04
9.725000000000000311e-01 -1.862529733974347255e+04
9.726000000000000201e-01 -1.862754103025174481e+04
9.727000000000000091e-01 -1.862978489388947855e+04
9.727999999999999980e-01 -1.863202852869892013e+04
9.729000000000000981e-01 -1.863427177930920152e+04
9.730000000000000870e-01 -1.863651477897592486e+04
9.731000000000000760e-01 -1.863875768199986487e+04
9.732000000000000650e-01 -1.864100322266974035e+04
9.733000000000000540e-01 -1.864324897516717101e+04
9.734000000000000430e-01 -1.864549085848354662e+04
9.735000000000000320e-01 -1.864773211140664716e+04
9.736000000000000210e-01 -1.864997357076238040e+04
9.737000000000000099e-01 -1.865221496930158173e+04
9.737999999999999989e-01 -1.865445590529918991e+04
9.739000000000000989e-01 -1.865669616598789798e+04
9.740000000000000879e-01 -1.865893578823004646e+04
9.741000000000000769e-01 -1.866117480611010978e+04
9.742000000000000659e-01 -1.866341323323589677e+04
9.743000000000000549e-01 -1.866565109474783458e+04
9.744000000000000439e-01 -1.866788842915849091e+04
9.745000000000000329e-01 -1.867012529771163827e+04
9.746000000000000218e-01 -1.867236176921097285e+04
9.747000000000000108e-01 -1.867459790315332793e+04
9.747999999999999998e-01 -1.867683352813322927e+04
9.749000000000000998e-01 -1.867913844267564855e+04
9.750000000000000888e-01 -1.868155507342284909e+04
9.751000000000000778e-01 -1.868396311343155685e+04
9.752000000000000668e-01 -1.868634097735845353e+04
9.753000000000000558e-01 -1.868870316211850513e+04
9.754000000000000448e-01 -1.869114791549690563e+04
9.755000000000000338e-01 -1.869359622348615812e+04
9.756000000000000227e-01 -1.869600878288969761e+04
9.757000000000000117e-01 -1.869839424001775842e+04
9.758000000000000007e-01 -1.870076303715704125e+04
9.759000000000001007e-01 -1.870312178931834569e+04
9.760000000000000897e-01 -1.870547038703808721e+04
9.761000000000000787e-01 -1.870778792521557989e+04
9.762000000000000677e-01 -1.871007517167947299e+04
9.763000000000000567e-01 -1.871234086312768341e+04
9.764000000000000457e-01 -1.871459184975611424e+04
9.765000000000000346e-01 -1.871683256474711743e+04
9.766000000000000236e-01 -1.871906607573132351e+04
9.767000000000000126e-01 -1.872129600994128123e+04
9.768000000000000016e-01 -1.872352508281726477e+04
9.769000000000001016e-01 -1.872575420052722257e+04
9.770000000000000906e-01 -1.872798310523270993e+04
9.771000000000000796e-01 -1.873021141308112419e+04
9.772000000000000686e-01 -1.873243751861502824e+04
9.773000000000000576e-01 -1.873466540401720340e+04
9.774000000000000465e-01 -1.873689366645690825e+04
9.775000000000000355e-01 -1.873912208710007326e+04
9.776000000000000245e-01 -1.874135072358986508e+04
9.777000000000000135e-01 -1.874357957595904372e+04
9.778000000000000025e-01 -1.874580860224645949e+04
9.778999999999999915e-01 -1.874803782057131684e+04
9.780000000000000915e-01 -1.875029083508054464e+04
9.781000000000000805e-01 -1.875257079595900359e+04
9.782000000000000695e-01 -1.875486535272011315e+04
9.783000000000000584e-01 -1.875716585509099605e+04
9.784000000000000474e-01 -1.875945677296531358e+04
9.785000000000000364e-01 -1.876173353163889624e+04
9.786000000000000254e-01 -1.876399655749497106e+04
9.787000000000000144e-01 -1.876624989237733462e+04
9.788000000000000034e-01 -1.876849463975685649e+04
9.788999999999999924e-01 -1.877073127004875641e+04
9.790000000000000924e-01 -1.877296123380198696e+04
9.791000000000000814e-01 -1.877518630782857144e+04
9.792000000000000703e-01 -1.877740811425308493e+04
9.793000000000000593e-01 -1.877962788265688141e+04
9.794000000000000483e-01 -1.878184643236000920e+04
9.795000000000000373e-01 -1.878406425753344593e+04
9.796000000000000263e-01 -1.878628160661974471e+04
9.797000000000000153e-01 -1.878849858754337401e+04
9.798000000000000043e-01 -1.879071537147466006e+04
9.798999999999999932e-01 -1.879293199045208530e+04
9.800000000000000933e-01 -1.879514846587783541e+04
9.801000000000000822e-01 -1.879735237250245700e+04
9.802000000000000712e-01 -1.879951886125824603e+04
9.803000000000000602e-01 -1.880164926054216630e+04
9.804000000000000492e-01 -1.880375023758278621e+04
9.805000000000000382e-01 -1.880582839417171999e+04
9.806000000000000272e-01 -1.880788912654719752e+04
9.807000000000000162e-01 -1.880993678386573811e+04
9.808000000000000052e-01 -1.881197475571851101e+04
9.808999999999999941e-01 -1.881400604604052205e+04
9.810000000000000941e-01 -1.881603478771433220e+04
9.811000000000000831e-01 -1.881806096371298190e+04
9.812000000000000721e-01 -1.882008482394474049e+04
9.813000000000000611e-01 -1.882210663198660768e+04
9.814000000000000501e-01 -1.882412670642803641e+04
9.815000000000000391e-01 -1.882614535601919124e+04
9.816000000000000281e-01 -1.882816284290005569e+04
9.817000000000000171e-01 -1.883017891018325099e+04
9.818000000000000060e-01 -1.883219316841394539e+04
9.818999999999999950e-01 -1.883420593064982313e+04
9.820000000000000950e-01 -1.883621757429377976e+04
9.821000000000000840e-01 -1.883822841990118468e+04
9.822000000000000730e-01 -1.884023871901225357e+04
9.823000000000000620e-01 -1.884224840243865765e+04
9.824000000000000510e-01 -1.884425745029830796e+04
9.825000000000000400e-01 -1.884626714569283649e+04
9.826000000000000290e-01 -1.884827693592133437e+04
9.827000000000000179e-01 -1.885028676424396326e+04
9.828000000000000069e-01 -1.885229665796524932e+04
9.828999999999999959e-01 -1.885430665024291739e+04
9.830000000000000959e-01 -1.885631676459996379e+04
9.831000000000000849e-01 -1.885832700190222749e+04
9.832000000000000739e-01 -1.886033735307208190e+04
9.833000000000000629e-01 -1.886234780064766892e+04
9.834000000000000519e-01 -1.886435831936857358e+04
9.835000000000000409e-01 -1.886636887743533589e+04
9.836000000000000298e-01 -1.886837948432281337e+04
9.837000000000000188e-01 -1.887038894141558922e+04
9.838000000000000078e-01 -1.887239706593353912e+04
9.838999999999999968e-01 -1.887440595855560605e+04
9.840000000000000968e-01 -1.887641620651728226e+04
9.841000000000000858e-01 -1.887842862519540722e+04
9.842000000000000748e-01 -1.888044286428832856e+04
9.843000000000000638e-01 -1.888245827926223501e+04
9.844000000000000528e-01 -1.888447415392090261e+04
9.845000000000000417e-01 -1.888649002293210651e+04
9.846000000000000307e-01 -1.888850564377860792e+04
9.847000000000000197e-01 -1.889052091101934639e+04
9.848000000000000087e-01 -1.889253578516405832e+04
9.848999999999999977e-01 -1.889455024347865037e+04
9.850000000000000977e-01 -1.889656424543253524e+04
9.851000000000000867e-01 -1.889857770162996530e+04
9.852000000000000757e-01 -1.890059010459230558e+04
9.853000000000000647e-01 -1.890259972960362938e+04
9.854000000000000536e-01 -1.890460614484180041e+04
9.855000000000000426e-01 -1.890660953116799647e+04
9.856000000000000316e-01 -1.890861000594563666e+04
9.857000000000000206e-01 -1.891060737457708092e+04
9.858000000000000096e-01 -1.891260115774614678e+04
9.858999999999999986e-01 -1.891459163340089435e+04
9.860000000000000986e-01 -1.891657795286730470e+04
9.861000000000000876e-01 -1.891855995353789331e+04
9.862000000000000766e-01 -1.892053771401022459e+04
9.863000000000000655e-01 -1.892251131719800833e+04
9.864000000000000545e-01 -1.892448110436093339e+04
9.865000000000000435e-01 -1.892644644355021956e+04
9.866000000000000325e-01 -1.892840807592150304e+04
9.867000000000000215e-01 -1.893036590613347653e+04
9.868000000000000105e-01 -1.893232031111211109e+04
9.868999999999999995e-01 -1.893427157813241865e+04
9.870000000000000995e-01 -1.893622065561339696e+04
9.871000000000000885e-01 -1.893816798924547766e+04
9.872000000000000774e-01 -1.894011303182952543e+04
9.873000000000000664e-01 -1.894205415513615662e+04
9.874000000000000554e-01 -1.894399060119529895e+04
9.875000000000000444e-01 -1.894592208737015972e+04
9.876000000000000334e-01 -1.894784717884666316e+04
9.877000000000000224e-01 -1.894976493095124169e+04
9.878000000000000114e-01 -1.895167455032201542e+04
9.879000000000000004e-01 -1.895357968063209410e+04
9.880000000000001004e-01 -1.895548247054240710e+04
9.881000000000000894e-01 -1.895738234981784990e+04
9.882000000000000783e-01 -1.895929055896918362e+04
9.883000000000000673e-01 -1.896119725507736803e+04
9.884000000000000563e-01 -1.896310455575309970e+04
9.885000000000000453e-01 -1.896501657033390438e+04
9.886000000000000343e-01 -1.896693485325078291e+04
9.887000000000000233e-01 -1.896885976944077993e+04
9.888000000000000123e-01 -1.897079190951677447e+04
9.889000000000000012e-01 -1.897273546162622733e+04
9.890000000000001013e-01 -1.897468441223588525e+04
9.891000000000000902e-01 -1.897662759680149247e+04
9.892000000000000792e-01 -1.897857084086868053e+04
9.893000000000000682e-01 -1.898051751627337580e+04
9.894000000000000572e-01 -1.898247238781261694e+04
9.895000000000000462e-01 -1.898443230632058112e+04
9.896000000000000352e-01 -1.898640719604925471e+04
9.897000000000000242e-01 -1.898838680850067976e+04
9.898000000000000131e-01 -1.899036137108361072e+04
9.899000000000000021e-01 -1.899234667237402027e+04
9.900000000000001021e-01 -1.899434115802853557e+04
9.901000000000000911e-01 -1.899634324073004609e+04
9.902000000000000801e-01 -1.899834826188785519e+04
9.903000000000000691e-01 -1.900035252657093588e+04
9.904000000000000581e-01 -1.900235394957440440e+04
9.905000000000000471e-01 -1.900435187300057078e+04
9.906000000000000361e-01 -1.900634652359382380e+04
9.907000000000000250e-01 -1.900833859528251924e+04
9.908000000000000140e-01 -1.901032933125992713e+04
9.909000000000000030e-01 -1.901231956362446363e+04
9.909999999999999920e-01 -1.901430981498341498e+04
9.911000000000000920e-01 -1.901630044943724351e+04
9.912000000000000810e-01 -1.901829202813003576e+04
9.913000000000000700e-01 -1.902028479628661444e+04
9.914000000000000590e-01 -1.902227559825419303e+04
9.915000000000000480e-01 -1.902426134678571179e+04
9.916000000000000369e-01 -1.902623786710543209e+04
9.917000000000000259e-01 -1.902819772843181272e+04
9.918000000000000149e-01 -1.903013756983119674e+04
9.919000000000000039e-01 -1.903205808331774460e+04
9.919999999999999929e-01 -1.903396087894562152e+04
9.921000000000000929e-01 -1.903585179150966724e+04
9.922000000000000819e-01 -1.903773112820864480e+04
9.923000000000000709e-01 -1.903959330939289430e+04
9.924000000000000599e-01 -1.904143411224321244e+04
9.925000000000000488e-01 -1.904325119685423851e+04
9.926000000000000378e-01 -1.904504368695490120e+04
9.927000000000000268e-01 -1.904681039512339703e+04
9.928000000000000158e-01 -1.904853883692452291e+04
9.929000000000000048e-01 -1.905020592094944732e+04
9.929999999999999938e-01 -1.905179403373253444e+04
9.931000000000000938e-01 -1.905327510209421598e+04
9.932000000000000828e-01 -1.905459435655393827e+04
9.933000000000000718e-01 -1.905574780007707523e+04
9.934000000000000608e-01 -1.905676169302684502e+04
9.935000000000000497e-01 -1.905766868638372762e+04
9.936000000000000387e-01 -1.905845523770185901e+04
9.937000000000000277e-01 -1.905907824416378571e+04
9.938000000000000167e-01 -1.905949698124855786e+04
9.939000000000000057e-01 -1.905968086095833132e+04
9.939999999999999947e-01 -1.905960767533615217e+04
9.941000000000000947e-01 -1.905929799310093222e+04
9.942000000000000837e-01 -1.905879693889223563e+04
9.943000000000000727e-01 -1.905812234056261150e+04
9.944000000000000616e-01 -1.905737380686825418e+04
9.945000000000000506e-01 -1.905661355244387960e+04
9.946000000000000396e-01 -1.905588351964764297e+04
9.947000000000000286e-01 -1.905525994202068614e+04
9.948000000000000176e-01 -1.905484917239037895e+04
9.949000000000000066e-01 -1.905469302694941507e+04
9.949999999999999956e-01 -1.905478356626864843e+04
9.951000000000000956e-01 -1.905510739295733947e+04
9.952000000000000846e-01 -1.905590741926594274e+04
9.953000000000000735e-01 -1.905723344505874047e+04
9.954000000000000625e-01 -1.905890211407631432e+04
9.955000000000000515e-01 -1.906075293463926937e+04
9.956000000000000405e-01 -1.906268805426570179e+04
9.957000000000000295e-01 -1.906466566537404651e+04
9.958000000000000185e-01 -1.906667727331904098e+04
9.959000000000000075e-01 -1.906868704673435786e+04
9.959999999999999964e-01 -1.907068122246057465e+04
9.961000000000000965e-01 -1.907276093036904058e+04
9.962000000000000854e-01 -1.907490775385075904e+04
9.963000000000000744e-01 -1.907708222574524916e+04
9.964000000000000634e-01 -1.907925665468876832e+04
9.965000000000000524e-01 -1.908140753052877699e+04
9.966000000000000414e-01 -1.908353463910986102e+04
9.967000000000000304e-01 -1.908564053536481151e+04
9.968000000000000194e-01 -1.908771746264495232e+04
9.969000000000000083e-01 -1.908976282460489892e+04
9.969999999999999973e-01 -1.909178396063787659e+04
9.971000000000000973e-01 -1.909380826712538692e+04
9.972000000000000863e-01 -1.909584056840634003e+04
9.973000000000000753e-01 -1.909787391098860462e+04
9.974000000000000643e-01 -1.909991285970820536e+04
9.975000000000000533e-01 -1.910194913697723678e+04
9.976000000000000423e-01 -1.910398152204606959e+04
9.977000000000000313e-01 -1.910600634232041193e+04
9.978000000000000203e-01 -1.910802829379074319e+04
9.979000000000000092e-01 -1.911005085730621795e+04
9.979999999999999982e-01 -1.911206580002561532e+04
9.981000000000000982e-01 -1.911406862528836064e+04
9.982000000000000872e-01 -1.911605985451218294e+04
9.983000000000000762e-01 -1.911804974618414417e+04
9.984000000000000652e-01 -1.912003670401911950e+04
9.985000000000000542e-01 -1.912202437894604736e+04
9.986000000000000432e-01 -1.912401185094458924e+04
9.987000000000000322e-01 -1.912600217264040475e+04
9.988000000000000211e-01 -1.912799655673024608e+04
9.989000000000000101e-01 -1.913000030691657230e+04
9.989999999999999991e-01 -1.913200873472498279e+04
9.991000000000000991e-01 -1.913401491044135400e+04
9.992000000000000881e-01 -1.913602223533970755e+04
9.993000000000000771e-01 -1.913803216481392883e+04
9.994000000000000661e-01 -1.914004534290369702e+04
9.995000000000000551e-01 -1.914206202841300546e+04
9.996000000000000441e-01 -1.914409358471766609e+04
9.997000000000000330e-01 -1.914612251482303691e+04
9.998000000000000220e-01 -1.914814564522364162e+04
9.999000000000000110e-01 -1.915016721329361098e+04
1.000000000000000000e+00 -1.915219242797443803e+04
