time error_arcsec
0.000000000000000000e+00 0.000000000000000000e+00
1.000000000000000048e-04 6.543216058194505774e-03
2.000000000000000096e-04 4.647054886805406654e-02
3.000000000000000279e-04 1.379741759632590326e-01
4.000000000000000192e-04 2.895958052477473066e-01
5.000000000000000104e-04 5.050670455230482636e-01
6.000000000000000559e-04 7.857475162718671191e-01
6.999999999999999929e-04 1.131850445884369227e+00
8.000000000000000383e-04 1.543056518768024743e+00
9.000000000000000838e-04 2.018819297560242365e+00
1.000000000000000021e-03 2.558515347241424376e+00
1.100000000000000066e-03 3.161516343007602092e+00
1.200000000000000112e-03 3.827222147227936411e+00
1.300000000000000157e-03 4.534811514677161703e+00
1.399999999999999986e-03 4.936379152020851535e+00
1.500000000000000031e-03 4.822467571733036529e+00
1.600000000000000077e-03 4.513568915920894042e+00
1.700000000000000122e-03 4.221374752145554687e+00
1.800000000000000168e-03 3.763188685058242555e+00
1.899999999999999996e-03 3.240560376709480384e+00
2.000000000000000042e-03 2.914218976115539927e+00
2.100000000000000304e-03 2.844395751452099219e+00
2.200000000000000133e-03 2.971204670112368884e+00
2.299999999999999961e-03 3.265884174088483416e+00
2.400000000000000223e-03 3.694691110903091325e+00
2.500000000000000052e-03 4.223655816245141637e+00
2.600000000000000314e-03 4.836011147977747449e+00
2.700000000000000143e-03 5.520814315889015056e+00
2.799999999999999972e-03 6.266635461951358010e+00
2.900000000000000234e-03 7.064969962926595848e+00
3.000000000000000062e-03 7.917024995539465593e+00
3.100000000000000325e-03 8.809801251050803472e+00
3.200000000000000153e-03 9.728079708340112930e+00
3.299999999999999982e-03 1.069801394592630395e+01
3.400000000000000244e-03 1.173970878084354474e+01
3.500000000000000073e-03 1.280418161350655026e+01
3.600000000000000335e-03 1.385249158463349239e+01
3.700000000000000164e-03 1.486646252332407059e+01
3.799999999999999992e-03 1.584050252903136702e+01
3.900000000000000255e-03 1.674234752797353920e+01
4.000000000000000083e-03 1.761064882216060923e+01
4.100000000000000346e-03 1.842458013477316214e+01
4.200000000000000608e-03 1.915498936005900887e+01
4.300000000000000003e-03 1.981313300401821209e+01
4.400000000000000265e-03 2.041878871907223925e+01
4.500000000000000527e-03 2.098858261180941653e+01
4.599999999999999922e-03 2.153341168596989164e+01
4.700000000000000185e-03 2.205954501435711634e+01
4.800000000000000447e-03 2.255332241970357998e+01
4.899999999999999842e-03 2.298933681796709294e+01
5.000000000000000104e-03 2.335223074442213331e+01
5.100000000000000366e-03 2.365216071272606513e+01
5.200000000000000629e-03 2.390208088350949112e+01
5.300000000000000024e-03 2.409813500543778986e+01
5.400000000000000286e-03 2.424985966053368713e+01
5.500000000000000548e-03 2.436736415997667038e+01
5.599999999999999943e-03 2.445759800676423268e+01
5.700000000000000205e-03 2.452504450963118643e+01
5.800000000000000468e-03 2.457522325816426445e+01
5.899999999999999863e-03 2.461317701721901940e+01
6.000000000000000125e-03 2.464303978581102328e+01
6.100000000000000387e-03 2.466802713130765667e+01
6.200000000000000649e-03 2.469216052487084667e+01
6.300000000000000044e-03 2.471618666412345178e+01
6.400000000000000307e-03 2.474004246047628186e+01
6.500000000000000569e-03 2.476758373937709834e+01
6.599999999999999964e-03 2.480225750182275490e+01
6.700000000000000226e-03 2.484095041914200408e+01
6.800000000000000488e-03 2.488485749473833764e+01
6.900000000000000751e-03 2.493458616398597982e+01
7.000000000000000146e-03 2.498488757467122312e+01
7.100000000000000408e-03 2.503136368530624978e+01
7.200000000000000670e-03 2.507271680932650781e+01
7.300000000000000065e-03 2.510876809146746069e+01
7.400000000000000328e-03 2.514507719333624536e+01
7.500000000000000590e-03 2.518120047693565766e+01
7.599999999999999985e-03 2.521697276674861854e+01
7.700000000000000247e-03 2.525269804892292669e+01
7.800000000000000509e-03 2.528805975234800485e+01
7.900000000000000772e-03 2.532508783161633659e+01
8.000000000000000167e-03 2.536357856331872895e+01
8.099999999999999561e-03 2.540327127633841542e+01
8.200000000000000691e-03 2.544398016665931550e+01
8.300000000000000086e-03 2.548651196848377154e+01
8.400000000000001216e-03 2.553036806027071748e+01
8.500000000000000611e-03 2.557376724192328155e+01
8.600000000000000006e-03 2.561636184560716600e+01
8.700000000000001135e-03 2.565796020674372357e+01
8.800000000000000530e-03 2.569838362093441120e+01
8.899999999999999925e-03 2.573746454383279669e+01
9.000000000000001055e-03 2.577505305111398926e+01
9.100000000000000450e-03 2.581102024232167835e+01
9.199999999999999845e-03 2.584493707476819324e+01
9.300000000000000974e-03 2.587484967922379653e+01
9.400000000000000369e-03 2.589885383772595162e+01
9.499999999999999764e-03 2.591725754290566641e+01
9.600000000000000894e-03 2.593094479785149886e+01
9.700000000000000289e-03 2.593676683662700455e+01
9.799999999999999684e-03 2.594217655424423796e+01
9.900000000000000813e-03 2.594680532360507641e+01
1.000000000000000021e-02 2.594901352909030834e+01
1.010000000000000134e-02 2.593555947792563643e+01
1.020000000000000073e-02 2.587672356761571635e+01
1.030000000000000013e-02 2.577434957104244262e+01
1.040000000000000126e-02 2.563830946978147551e+01
1.050000000000000065e-02 2.547734853121829346e+01
1.060000000000000005e-02 2.529794068049233147e+01
1.070000000000000118e-02 2.510468092499027648e+01
1.080000000000000057e-02 2.490069591416997596e+01
1.089999999999999997e-02 2.468715899380271139e+01
1.100000000000000110e-02 2.446695387764291141e+01
1.110000000000000049e-02 2.424229458201198284e+01
1.119999999999999989e-02 2.401382622043332660e+01
1.130000000000000102e-02 2.378165814422218816e+01
1.140000000000000041e-02 2.354617849326039192e+01
1.149999999999999981e-02 2.330761837468293507e+01
1.160000000000000094e-02 2.306502155954500211e+01
1.170000000000000033e-02 2.281641715628959233e+01
1.179999999999999973e-02 2.256143306459494369e+01
1.190000000000000085e-02 2.230511572563106526e+01
1.200000000000000025e-02 2.204614585565026630e+01
1.210000000000000138e-02 2.178444378686135963e+01
1.220000000000000077e-02 2.152032164679314619e+01
1.230000000000000017e-02 2.125411586388451468e+01
1.240000000000000130e-02 2.098610558157799844e+01
1.250000000000000069e-02 2.071624838400230928e+01
1.260000000000000009e-02 2.044497752201606744e+01
1.270000000000000122e-02 2.017323687680531918e+01
1.280000000000000061e-02 1.990037012335562849e+01
1.290000000000000001e-02 1.962605379751446932e+01
1.300000000000000114e-02 1.935151583408269005e+01
1.310000000000000053e-02 1.907538269055948277e+01
1.319999999999999993e-02 1.879631490023484020e+01
1.330000000000000106e-02 1.851510008583764133e+01
1.340000000000000045e-02 1.823167352455276102e+01
1.349999999999999985e-02 1.794579944602018884e+01
1.360000000000000098e-02 1.765747817816564691e+01
1.370000000000000037e-02 1.736688233347333465e+01
1.380000000000000150e-02 1.707413527516778373e+01
1.390000000000000090e-02 1.677929606132737916e+01
1.400000000000000029e-02 1.648237956166969909e+01
1.410000000000000142e-02 1.618337749538439496e+01
1.420000000000000082e-02 1.588227267312757895e+01
1.430000000000000021e-02 1.557904596224459759e+01
1.440000000000000134e-02 1.527367765659687038e+01
1.450000000000000074e-02 1.496614513635069521e+01
1.460000000000000013e-02 1.465641820534555428e+01
1.470000000000000126e-02 1.434445280318442784e+01
1.480000000000000066e-02 1.403018302844719578e+01
1.490000000000000005e-02 1.371351043078650633e+01
1.500000000000000118e-02 1.339428777140856397e+01
1.510000000000000057e-02 1.307228997294230766e+01
1.519999999999999997e-02 1.274714805000078499e+01
1.530000000000000110e-02 1.241792540199058159e+01
1.540000000000000049e-02 1.208113222254081442e+01
1.549999999999999989e-02 1.173061038149693580e+01
1.560000000000000102e-02 1.136312103789662231e+01
1.570000000000000215e-02 1.097887474588954682e+01
1.580000000000000154e-02 1.057894197954206206e+01
1.590000000000000094e-02 1.016416038403284183e+01
1.600000000000000033e-02 9.734744552185013333e+00
1.609999999999999973e-02 9.290030438134586177e+00
1.619999999999999912e-02 8.825502696592417706e+00
1.630000000000000199e-02 8.333620356742230229e+00
1.640000000000000138e-02 7.811323137924505389e+00
1.650000000000000078e-02 7.257988573306128011e+00
1.660000000000000017e-02 6.673670457065880690e+00
1.669999999999999957e-02 6.058278615059596639e+00
1.680000000000000243e-02 5.411286456761030372e+00
1.690000000000000183e-02 4.731696354567619167e+00
1.700000000000000122e-02 4.018081493735889076e+00
1.710000000000000062e-02 3.268567154798907026e+00
1.720000000000000001e-02 2.480469089150926454e+00
1.729999999999999941e-02 1.648197673270938468e+00
1.740000000000000227e-02 7.585621589265456599e-01
1.750000000000000167e-02 -2.029942796876678390e-01
1.760000000000000106e-02 -1.243786103102395346e+00
1.770000000000000046e-02 -2.359142456812037381e+00
1.779999999999999985e-02 -3.553112576369995335e+00
1.789999999999999925e-02 -4.863310913348465547e+00
1.800000000000000211e-02 -6.306715856884248517e+00
1.810000000000000150e-02 -7.918508273327335978e+00
1.820000000000000090e-02 -9.760854268554462365e+00
1.830000000000000029e-02 -1.190787830601140840e+01
1.839999999999999969e-02 -1.439079991657080093e+01
1.850000000000000255e-02 -1.717187406145629325e+01
1.860000000000000195e-02 -2.013590939772132060e+01
1.870000000000000134e-02 -2.326111894699294425e+01
1.880000000000000074e-02 -2.652744806987422166e+01
1.890000000000000013e-02 -2.990836824154471429e+01
1.899999999999999953e-02 -3.332629683184283209e+01
1.910000000000000239e-02 -3.688331043292400580e+01
1.920000000000000179e-02 -4.057323851648713742e+01
1.930000000000000118e-02 -4.432788313541777114e+01
1.940000000000000058e-02 -4.785228828557807645e+01
1.949999999999999997e-02 -5.034791711447394391e+01
1.959999999999999937e-02 -5.139517197899115075e+01
1.970000000000000223e-02 -5.178604670757803774e+01
1.980000000000000163e-02 -5.193175628073423411e+01
1.990000000000000102e-02 -5.194968574816991236e+01
2.000000000000000042e-02 -5.193995917909484916e+01
2.009999999999999981e-02 -5.197854009820252941e+01
2.020000000000000268e-02 -5.212326201511866941e+01
2.030000000000000207e-02 -5.239158231915575925e+01
2.040000000000000147e-02 -5.275712169559398035e+01
2.050000000000000086e-02 -5.317376536871243786e+01
2.060000000000000026e-02 -5.359779680213601694e+01
2.069999999999999965e-02 -5.400667495553653907e+01
2.080000000000000251e-02 -5.439423635392002154e+01
2.090000000000000191e-02 -5.476225355489710012e+01
2.100000000000000130e-02 -5.511697823667631013e+01
2.110000000000000070e-02 -5.546429658958309972e+01
2.120000000000000009e-02 -5.580596903259204566e+01
2.129999999999999949e-02 -5.614418085847645301e+01
2.140000000000000235e-02 -5.648082332251083670e+01
2.150000000000000175e-02 -5.682115864407644779e+01
2.160000000000000114e-02 -5.717164765134152304e+01
2.170000000000000054e-02 -5.753658192048055753e+01
2.179999999999999993e-02 -5.792339412455848446e+01
2.189999999999999933e-02 -5.831983511897849581e+01
2.200000000000000219e-02 -5.872520297912146248e+01
2.210000000000000159e-02 -5.913934898450152389e+01
2.220000000000000098e-02 -5.956060836604931552e+01
2.230000000000000038e-02 -5.998250283433993246e+01
2.239999999999999977e-02 -6.040143457069255817e+01
2.250000000000000264e-02 -6.081992642499695023e+01
2.260000000000000203e-02 -6.123896222474591156e+01
2.270000000000000143e-02 -6.165843454619702158e+01
2.280000000000000082e-02 -6.207799540505910585e+01
2.290000000000000022e-02 -6.249716653139316946e+01
2.299999999999999961e-02 -6.291563919769546942e+01
2.310000000000000248e-02 -6.333377915447495354e+01
2.320000000000000187e-02 -6.375275666133081387e+01
2.330000000000000127e-02 -6.417344337185464553e+01
2.340000000000000066e-02 -6.459644390871962116e+01
2.350000000000000006e-02 -6.502228429982919522e+01
2.359999999999999945e-02 -6.545148242641370473e+01
2.370000000000000231e-02 -6.588455925363363974e+01
2.380000000000000171e-02 -6.632202953607280449e+01
2.390000000000000110e-02 -6.676438725106881122e+01
2.400000000000000050e-02 -6.721170896542706430e+01
2.409999999999999989e-02 -6.766383787382606840e+01
2.420000000000000276e-02 -6.812179493938732833e+01
2.430000000000000215e-02 -6.858682814092284730e+01
2.440000000000000155e-02 -6.905975590022643473e+01
2.450000000000000094e-02 -6.954065806718625709e+01
2.460000000000000034e-02 -7.002768450107821252e+01
2.469999999999999973e-02 -7.051636223527690106e+01
2.480000000000000260e-02 -7.100526992106766500e+01
2.490000000000000199e-02 -7.149508368083725429e+01
2.500000000000000139e-02 -7.198710301573558468e+01
2.510000000000000078e-02 -7.247730474045059168e+01
2.520000000000000018e-02 -7.295880598881008439e+01
2.529999999999999957e-02 -7.343600503170920035e+01
2.540000000000000244e-02 -7.391236658910071355e+01
2.550000000000000183e-02 -7.435923238550135750e+01
2.560000000000000123e-02 -7.477881522562302052e+01
2.570000000000000062e-02 -7.518168313831498040e+01
2.580000000000000002e-02 -7.556938152685232524e+01
2.590000000000000288e-02 -7.594587344585416133e+01
2.600000000000000228e-02 -7.631318372373030456e+01
2.610000000000000167e-02 -7.667124194867652420e+01
2.620000000000000107e-02 -7.702414565976478400e+01
2.630000000000000046e-02 -7.737900699279255434e+01
2.639999999999999986e-02 -7.773936625319311133e+01
2.650000000000000272e-02 -7.810594582219454196e+01
2.660000000000000211e-02 -7.847814656529317290e+01
2.670000000000000151e-02 -7.885353740171916570e+01
2.680000000000000090e-02 -7.922946759853246590e+01
2.690000000000000030e-02 -7.960634953199988217e+01
2.699999999999999969e-02 -7.998503616641642111e+01
2.710000000000000256e-02 -8.036619924588404729e+01
2.720000000000000195e-02 -8.075025426012396679e+01
2.730000000000000135e-02 -8.113738139325583631e+01
2.740000000000000074e-02 -8.152756685533135794e+01
2.750000000000000014e-02 -8.192064683031937022e+01
2.760000000000000300e-02 -8.231634993984189919e+01
2.770000000000000240e-02 -8.271433719984493393e+01
2.780000000000000179e-02 -8.311423856784703901e+01
2.790000000000000119e-02 -8.351568476372109728e+01
2.800000000000000058e-02 -8.391833294693056189e+01
2.809999999999999998e-02 -8.432188522774528394e+01
2.820000000000000284e-02 -8.472609974245266073e+01
2.830000000000000224e-02 -8.513079476598635154e+01
2.840000000000000163e-02 -8.553567680137281570e+01
2.850000000000000103e-02 -8.593881553128494488e+01
2.860000000000000042e-02 -8.633813810092253505e+01
2.869999999999999982e-02 -8.673447009927001261e+01
2.880000000000000268e-02 -8.712964651988595222e+01
2.890000000000000208e-02 -8.752514503037711791e+01
2.900000000000000147e-02 -8.792193729260324631e+01
2.910000000000000087e-02 -8.832059094637378394e+01
2.920000000000000026e-02 -8.872138115569990191e+01
2.930000000000000313e-02 -8.912437678134986641e+01
2.940000000000000252e-02 -8.952950562523697897e+01
2.950000000000000192e-02 -8.993660388886506496e+01
2.960000000000000131e-02 -9.034545351894377063e+01
2.970000000000000070e-02 -9.075581127167329498e+01
2.980000000000000010e-02 -9.116743280917718550e+01
2.990000000000000296e-02 -9.158009349866135551e+01
3.000000000000000236e-02 -9.199360568074332889e+01
3.010000000000000175e-02 -9.239524418391563643e+01
3.020000000000000115e-02 -9.275821103933333234e+01
3.030000000000000054e-02 -9.308568238050422394e+01
3.039999999999999994e-02 -9.338658587794233767e+01
3.050000000000000280e-02 -9.366826169116993128e+01
3.060000000000000220e-02 -9.393603769163024708e+01
3.070000000000000159e-02 -9.419370276386212026e+01
3.080000000000000099e-02 -9.444396123723626602e+01
3.090000000000000038e-02 -9.468876503467939187e+01
3.099999999999999978e-02 -9.492954500179054378e+01
3.110000000000000264e-02 -9.516737009412388204e+01
3.120000000000000204e-02 -9.540305726918708729e+01
3.130000000000000143e-02 -9.563725324142235706e+01
3.140000000000000430e-02 -9.587048332085956304e+01
3.150000000000000022e-02 -9.610318196253280121e+01
3.160000000000000309e-02 -9.633571164870683390e+01
3.169999999999999901e-02 -9.656837375464453999e+01
3.180000000000000188e-02 -9.680141408517997093e+01
3.190000000000000474e-02 -9.703502443249048781e+01
3.200000000000000067e-02 -9.726933770560908954e+01
3.210000000000000353e-02 -9.750430530553788344e+01
3.219999999999999946e-02 -9.773959402486279657e+01
3.230000000000000232e-02 -9.797502630849598404e+01
3.239999999999999825e-02 -9.821069609381225973e+01
3.250000000000000111e-02 -9.844671531472822323e+01
3.260000000000000397e-02 -9.868316237971087901e+01
3.269999999999999990e-02 -9.892009049773837148e+01
3.280000000000000276e-02 -9.915753894839416205e+01
3.289999999999999869e-02 -9.939554138373370051e+01
3.300000000000000155e-02 -9.963413082124914411e+01
3.310000000000000442e-02 -9.987334211272492723e+01
3.320000000000000034e-02 -1.001132127278057027e+02
3.330000000000000321e-02 -1.003537824850129709e+02
3.339999999999999913e-02 -1.005950926505965839e+02
3.350000000000000200e-02 -1.008371846755806018e+02
3.360000000000000486e-02 -1.010800987528574950e+02
3.370000000000000079e-02 -1.013238723286999630e+02
3.380000000000000365e-02 -1.015685386766509026e+02
3.389999999999999958e-02 -1.018141256228800557e+02
3.400000000000000244e-02 -1.020606544930049751e+02
3.409999999999999837e-02 -1.023081393274606938e+02
3.420000000000000123e-02 -1.025565863851195161e+02
3.430000000000000410e-02 -1.028059939228983097e+02
3.440000000000000002e-02 -1.030563522016798430e+02
3.450000000000000289e-02 -1.033076436202302517e+02
3.459999999999999881e-02 -1.035598427984039631e+02
3.470000000000000168e-02 -1.038129162472442459e+02
3.480000000000000454e-02 -1.040668206639540614e+02
3.490000000000000047e-02 -1.043214953845899231e+02
3.500000000000000333e-02 -1.045767244471622632e+02
3.509999999999999926e-02 -1.048321720732058253e+02
3.520000000000000212e-02 -1.050878131817687375e+02
3.530000000000000498e-02 -1.053437234816249770e+02
3.540000000000000091e-02 -1.055999721895926342e+02
3.550000000000000377e-02 -1.058565380544031598e+02
3.559999999999999970e-02 -1.061147089263488823e+02
3.570000000000000256e-02 -1.063748852074850788e+02
3.579999999999999849e-02 -1.066314093055893863e+02
3.590000000000000135e-02 -1.068864942762832442e+02
3.600000000000000422e-02 -1.071410692689249373e+02
3.610000000000000014e-02 -1.073955229113454095e+02
3.620000000000000301e-02 -1.076499990932382786e+02
3.629999999999999893e-02 -1.079044230924988454e+02
3.640000000000000180e-02 -1.081577619259822001e+02
3.650000000000000466e-02 -1.084084918588654887e+02
3.660000000000000059e-02 -1.086564454958309227e+02
3.670000000000000345e-02 -1.089016823757249597e+02
3.679999999999999938e-02 -1.091441807999006812e+02
3.690000000000000224e-02 -1.093837282292370077e+02
3.700000000000000511e-02 -1.096193220546620779e+02
3.710000000000000103e-02 -1.098485535426581947e+02
3.720000000000000390e-02 -1.100691227471535001e+02
3.729999999999999982e-02 -1.102795808733804250e+02
3.740000000000000269e-02 -1.104798110647352587e+02
3.749999999999999861e-02 -1.106704980659362292e+02
3.760000000000000148e-02 -1.108523613049854646e+02
3.770000000000000434e-02 -1.110259739621422170e+02
3.780000000000000027e-02 -1.111919402074173462e+02
3.790000000000000313e-02 -1.113515697783184493e+02
3.799999999999999906e-02 -1.115121913094798316e+02
3.810000000000000192e-02 -1.116613409871206954e+02
3.820000000000000479e-02 -1.117996094449551379e+02
3.830000000000000071e-02 -1.119288977298947714e+02
3.840000000000000357e-02 -1.120508891601238446e+02
3.849999999999999950e-02 -1.121681342658515206e+02
3.860000000000000236e-02 -1.122765750038093557e+02
3.870000000000000523e-02 -1.123762906374358721e+02
3.880000000000000115e-02 -1.124771773351123443e+02
3.890000000000000402e-02 -1.125814200322817413e+02
3.899999999999999994e-02 -1.126921804197761219e+02
3.910000000000000281e-02 -1.128084140864930163e+02
3.919999999999999873e-02 -1.129419014397446119e+02
3.930000000000000160e-02 -1.131110116956723886e+02
3.940000000000000446e-02 -1.133127315917722058e+02
3.950000000000000039e-02 -1.135734762646640945e+02
3.960000000000000325e-02 -1.139161534878225837e+02
3.969999999999999918e-02 -1.142772316177615011e+02
3.980000000000000204e-02 -1.145961582333258804e+02
3.990000000000000491e-02 -1.148664620655996913e+02
4.000000000000000083e-02 -1.151036473735396441e+02
4.010000000000000370e-02 -1.153222546121703260e+02
4.019999999999999962e-02 -1.155378228431245020e+02
4.030000000000000249e-02 -1.157622129430150153e+02
4.040000000000000535e-02 -1.159971107216078394e+02
4.050000000000000128e-02 -1.162549829676403732e+02
4.060000000000000414e-02 -1.165359824718437807e+02
4.070000000000000007e-02 -1.168104396628342698e+02
4.080000000000000293e-02 -1.170774125941441639e+02
4.089999999999999886e-02 -1.173549026474323682e+02
4.100000000000000172e-02 -1.176524667620161466e+02
4.110000000000000459e-02 -1.179637308275230936e+02
4.120000000000000051e-02 -1.182757780711794737e+02
4.130000000000000338e-02 -1.185765293220138119e+02
4.139999999999999930e-02 -1.188593702654144408e+02
4.150000000000000216e-02 -1.191254186613066395e+02
4.160000000000000503e-02 -1.193754801494562656e+02
4.170000000000000095e-02 -1.196103007815643195e+02
4.180000000000000382e-02 -1.198338933682912000e+02
4.189999999999999974e-02 -1.200493503769052808e+02
4.200000000000000261e-02 -1.202608525055019442e+02
4.210000000000000547e-02 -1.204719146427388097e+02
4.220000000000000140e-02 -1.206622571620127218e+02
4.230000000000000426e-02 -1.208067759091136111e+02
4.240000000000000019e-02 -1.209003094795663742e+02
4.250000000000000305e-02 -1.209525665494579840e+02
4.259999999999999898e-02 -1.209713517198339190e+02
4.270000000000000184e-02 -1.209535078423369612e+02
4.280000000000000471e-02 -1.208969406902919559e+02
4.290000000000000063e-02 -1.207860391832322620e+02
4.300000000000000350e-02 -1.205967177318274253e+02
4.309999999999999942e-02 -1.203063866829616302e+02
4.320000000000000229e-02 -1.198941939438760897e+02
4.330000000000000515e-02 -1.193379570209096698e+02
4.340000000000000108e-02 -1.186171809359051110e+02
4.350000000000000394e-02 -1.177134518701403891e+02
4.359999999999999987e-02 -1.166078823657437766e+02
4.370000000000000273e-02 -1.152944551763808789e+02
4.379999999999999866e-02 -1.137482608824960835e+02
4.390000000000000152e-02 -1.119494163725380105e+02
4.400000000000000439e-02 -1.099072269164235536e+02
4.410000000000000031e-02 -1.076505545869389948e+02
4.420000000000000318e-02 -1.051780246533928391e+02
4.429999999999999910e-02 -1.025100715494072006e+02
4.440000000000000197e-02 -9.962327138917970615e+01
4.450000000000000483e-02 -9.661902928098685095e+01
4.460000000000000075e-02 -9.368048779659739012e+01
4.470000000000000362e-02 -9.108228873199954023e+01
4.479999999999999954e-02 -8.887707530791676902e+01
4.490000000000000241e-02 -8.715623272036935987e+01
4.500000000000000527e-02 -8.587835856003655977e+01
4.510000000000000120e-02 -8.493547080273053496e+01
4.520000000000000406e-02 -8.433452520608170744e+01
4.529999999999999999e-02 -8.412598046844809119e+01
4.540000000000000285e-02 -8.429698920122386596e+01
4.549999999999999878e-02 -8.466668565040693295e+01
4.560000000000000164e-02 -8.509019197182726657e+01
4.570000000000000451e-02 -8.551374404718031030e+01
4.580000000000000043e-02 -8.591870594716755249e+01
4.590000000000000330e-02 -8.626087779465963479e+01
4.599999999999999922e-02 -8.662275550052343931e+01
4.610000000000000209e-02 -8.702159681608200970e+01
4.620000000000000495e-02 -8.748418185657135382e+01
4.630000000000000088e-02 -8.801090420358966071e+01
4.640000000000000374e-02 -8.855183296088972611e+01
4.649999999999999967e-02 -8.907237057472244146e+01
4.660000000000000253e-02 -8.955380555294998146e+01
4.670000000000000540e-02 -8.999096842985339606e+01
4.680000000000000132e-02 -9.039201609625081346e+01
4.690000000000000419e-02 -9.077198722786208407e+01
4.700000000000000011e-02 -9.114157712009928503e+01
4.710000000000000298e-02 -9.150844850758343796e+01
4.719999999999999890e-02 -9.188096008073281951e+01
4.730000000000000177e-02 -9.226074055567376320e+01
4.740000000000000463e-02 -9.265189942449454463e+01
4.750000000000000056e-02 -9.305143983869501767e+01
4.760000000000000342e-02 -9.347190281213508456e+01
4.769999999999999934e-02 -9.390154575231046863e+01
4.780000000000000221e-02 -9.433670576843928757e+01
4.790000000000000507e-02 -9.477745347369517503e+01
4.800000000000000100e-02 -9.520827485074768504e+01
4.810000000000000386e-02 -9.563952465542682546e+01
4.819999999999999979e-02 -9.605735113286401372e+01
4.830000000000000265e-02 -9.646759072241457034e+01
4.840000000000000552e-02 -9.687508887418083248e+01
4.850000000000000144e-02 -9.726979675000978887e+01
4.860000000000000431e-02 -9.766668364677623515e+01
4.870000000000000023e-02 -9.805777322976327071e+01
4.880000000000000310e-02 -9.843740115303594962e+01
4.889999999999999902e-02 -9.881835564634879177e+01
4.900000000000000189e-02 -9.920571646116508191e+01
4.910000000000000475e-02 -9.958524904348767848e+01
4.920000000000000068e-02 -9.996425668544081589e+01
4.930000000000000354e-02 -1.003442147069445554e+02
4.939999999999999947e-02 -1.007272963195756006e+02
4.950000000000000233e-02 -1.011140159638600977e+02
4.960000000000000520e-02 -1.015041735606878035e+02
4.970000000000000112e-02 -1.018985180690388717e+02
4.980000000000000399e-02 -1.022971758142434595e+02
4.989999999999999991e-02 -1.026990514168377189e+02
5.000000000000000278e-02 -1.031054594448738300e+02
5.010000000000000564e-02 -1.052735621875046803e+02
5.020000000000000157e-02 -1.084576948174819648e+02
5.030000000000000443e-02 -1.118804521593380770e+02
5.040000000000000036e-02 -1.156660689845270724e+02
5.050000000000000322e-02 -1.201478487470428291e+02
5.059999999999999915e-02 -1.254481584954686468e+02
5.070000000000000201e-02 -1.315343404739814730e+02
5.080000000000000487e-02 -1.383262717950844092e+02
5.090000000000000080e-02 -1.454155294392173801e+02
5.100000000000000366e-02 -1.530555048743787552e+02
5.109999999999999959e-02 -1.607324449061568714e+02
5.120000000000000245e-02 -1.662039072720616844e+02
5.130000000000000532e-02 -1.690175572615812030e+02
5.140000000000000124e-02 -1.705586242294437227e+02
5.150000000000000411e-02 -1.712895895770475647e+02
5.160000000000000003e-02 -1.714542765147099317e+02
5.170000000000000290e-02 -1.713836951019240189e+02
5.180000000000000576e-02 -1.710175582764473461e+02
5.190000000000000169e-02 -1.705584586156115563e+02
5.200000000000000455e-02 -1.698826049798847464e+02
5.210000000000000048e-02 -1.697457850826372976e+02
5.220000000000000334e-02 -1.711068157250054185e+02
5.229999999999999927e-02 -1.728139653885794189e+02
5.240000000000000213e-02 -1.737506012579405308e+02
5.250000000000000500e-02 -1.740177249962296173e+02
5.260000000000000092e-02 -1.738936068003434627e+02
5.270000000000000379e-02 -1.735441458256350415e+02
5.279999999999999971e-02 -1.730364950460590308e+02
5.290000000000000258e-02 -1.724167396113756752e+02
5.300000000000000544e-02 -1.717086726771867120e+02
5.310000000000000137e-02 -1.709279279021631339e+02
5.320000000000000423e-02 -1.700792944192645280e+02
5.330000000000000016e-02 -1.691504042703975870e+02
5.340000000000000302e-02 -1.681157361328390039e+02
5.350000000000000588e-02 -1.669472168964846333e+02
5.360000000000000181e-02 -1.656187044415976573e+02
5.370000000000000467e-02 -1.641108970904163016e+02
5.380000000000000060e-02 -1.624199988398141556e+02
5.390000000000000346e-02 -1.605405393250976260e+02
5.399999999999999939e-02 -1.585015125754921996e+02
5.410000000000000225e-02 -1.562975398853994022e+02
5.420000000000000512e-02 -1.539455384512584146e+02
5.430000000000000104e-02 -1.514294540769685966e+02
5.440000000000000391e-02 -1.488180027179706997e+02
5.449999999999999983e-02 -1.462613292409980659e+02
5.460000000000000270e-02 -1.440758477603096424e+02
5.470000000000000556e-02 -1.422278553403941146e+02
5.480000000000000149e-02 -1.407699543882152682e+02
5.490000000000000435e-02 -1.397097924034893310e+02
5.500000000000000028e-02 -1.389422378554371278e+02
5.510000000000000314e-02 -1.384132165400027361e+02
5.520000000000000601e-02 -1.381223055216172213e+02
5.530000000000000193e-02 -1.381086150323115191e+02
5.540000000000000480e-02 -1.383807131711225793e+02
5.550000000000000072e-02 -1.388182248931440483e+02
5.560000000000000359e-02 -1.393202590136394576e+02
5.569999999999999951e-02 -1.398377552244298272e+02
5.580000000000000238e-02 -1.403505110598292731e+02
5.590000000000000524e-02 -1.408544534922967557e+02
5.600000000000000117e-02 -1.413510304811085234e+02
5.610000000000000403e-02 -1.419133980310970458e+02
5.619999999999999996e-02 -1.425304239973361575e+02
5.630000000000000282e-02 -1.431538733122075655e+02
5.640000000000000568e-02 -1.437565992707978353e+02
5.650000000000000161e-02 -1.443280861958163257e+02
5.660000000000000447e-02 -1.448649722939829871e+02
5.670000000000000040e-02 -1.453747948445397071e+02
5.680000000000000326e-02 -1.458679243283744711e+02
5.690000000000000613e-02 -1.463543459934242037e+02
5.700000000000000205e-02 -1.468383588343989743e+02
5.710000000000000492e-02 -1.473234997148404659e+02
5.720000000000000084e-02 -1.478130305797291157e+02
5.730000000000000371e-02 -1.483141331691582536e+02
5.739999999999999963e-02 -1.488325051852947354e+02
5.750000000000000250e-02 -1.493636664199632662e+02
5.760000000000000536e-02 -1.499008460660560900e+02
5.770000000000000129e-02 -1.504385837895694351e+02
5.780000000000000415e-02 -1.509730423963067381e+02
5.790000000000000008e-02 -1.515019899491441890e+02
5.800000000000000294e-02 -1.520244944557355495e+02
5.810000000000000581e-02 -1.525423495368381452e+02
5.820000000000000173e-02 -1.530533021128934479e+02
5.830000000000000460e-02 -1.535569808337038182e+02
5.840000000000000052e-02 -1.540561879950340369e+02
5.850000000000000339e-02 -1.545615479790470488e+02
5.860000000000000625e-02 -1.550514856130303087e+02
5.870000000000000218e-02 -1.555364159815177629e+02
5.880000000000000504e-02 -1.560207999662253542e+02
5.890000000000000097e-02 -1.565062052176708107e+02
5.900000000000000383e-02 -1.569934325364823735e+02
5.909999999999999976e-02 -1.574830472775778674e+02
5.920000000000000262e-02 -1.579774759274460791e+02
5.930000000000000548e-02 -1.584753182921281507e+02
5.940000000000000141e-02 -1.589737785580962566e+02
5.950000000000000427e-02 -1.594753758406369002e+02
5.960000000000000020e-02 -1.599806560510156999e+02
5.970000000000000306e-02 -1.604896190447691708e+02
5.980000000000000593e-02 -1.610021236653958567e+02
5.990000000000000185e-02 -1.615182177363732308e+02
6.000000000000000472e-02 -1.620411843409779067e+02
6.010000000000000064e-02 -1.625767998318471825e+02
6.020000000000000351e-02 -1.631557896888051005e+02
6.029999999999999943e-02 -1.637825017173437914e+02
6.040000000000000230e-02 -1.644473510023924234e+02
6.050000000000000516e-02 -1.651404379919378869e+02
6.060000000000000109e-02 -1.658550826999360197e+02
6.070000000000000395e-02 -1.665865552522790267e+02
6.079999999999999988e-02 -1.673313784426090649e+02
6.090000000000000274e-02 -1.680869220239892172e+02
6.100000000000000561e-02 -1.688511469305227024e+02
6.110000000000000153e-02 -1.696224382421748942e+02
6.120000000000000440e-02 -1.703994945355769630e+02
6.130000000000000032e-02 -1.711812539739733268e+02
6.140000000000000319e-02 -1.719668442809033877e+02
6.150000000000000605e-02 -1.727553021559643582e+02
6.160000000000000198e-02 -1.735461549052674570e+02
6.170000000000000484e-02 -1.743412825726729807e+02
6.180000000000000077e-02 -1.751416657771056862e+02
6.190000000000000363e-02 -1.759387432536540246e+02
6.199999999999999956e-02 -1.767356504917697180e+02
6.210000000000000242e-02 -1.775334273044467750e+02
6.220000000000000528e-02 -1.783321559105546044e+02
6.230000000000000121e-02 -1.791317419276555825e+02
6.240000000000000407e-02 -1.799321008226876302e+02
6.250000000000000000e-02 -1.807331950438364458e+02
6.260000000000000286e-02 -1.815350442819018326e+02
6.270000000000000573e-02 -1.823377000938002368e+02
6.280000000000000859e-02 -1.831412261008548512e+02
6.289999999999999758e-02 -1.839456997741528710e+02
6.300000000000000044e-02 -1.847512104452103472e+02
6.310000000000000331e-02 -1.855578557860832518e+02
6.320000000000000617e-02 -1.863657393576552579e+02
6.330000000000000904e-02 -1.871750251747121183e+02
6.339999999999999802e-02 -1.879859075330803933e+02
6.350000000000000089e-02 -1.887984882172027881e+02
6.360000000000000375e-02 -1.896128480733418940e+02
6.370000000000000662e-02 -1.904290758202729990e+02
6.380000000000000948e-02 -1.912470101435605159e+02
6.389999999999999847e-02 -1.920664521564804659e+02
6.400000000000000133e-02 -1.928890496992268879e+02
6.410000000000000420e-02 -1.937144952928454984e+02
6.420000000000000706e-02 -1.945427706546917364e+02
6.430000000000000993e-02 -1.953755301456185975e+02
6.439999999999999891e-02 -1.962161379576717763e+02
6.450000000000000178e-02 -1.970656912157671741e+02
6.460000000000000464e-02 -1.979243734793115834e+02
6.470000000000000751e-02 -1.987921874564891596e+02
6.479999999999999649e-02 -1.996675647776243352e+02
6.489999999999999936e-02 -2.005502741592610505e+02
6.500000000000000222e-02 -2.014404984712756175e+02
6.510000000000000508e-02 -2.023397058618982101e+02
6.520000000000000795e-02 -2.032510172924189078e+02
6.529999999999999694e-02 -2.041752627070599146e+02
6.539999999999999980e-02 -2.051111982292374307e+02
6.550000000000000266e-02 -2.060589307370031236e+02
6.560000000000000553e-02 -2.070207653647649693e+02
6.570000000000000839e-02 -2.080023695663605281e+02
6.579999999999999738e-02 -2.090060614154278937e+02
6.590000000000000024e-02 -2.100359663635040022e+02
6.600000000000000311e-02 -2.110934671832904144e+02
6.610000000000000597e-02 -2.121788041061737715e+02
6.620000000000000884e-02 -2.132920689672592118e+02
6.629999999999999782e-02 -2.144323472774683239e+02
6.640000000000000069e-02 -2.156005320360641235e+02
6.650000000000000355e-02 -2.167986869112367287e+02
6.660000000000000642e-02 -2.180285723310172443e+02
6.670000000000000928e-02 -2.192903838737343847e+02
6.679999999999999827e-02 -2.205841279673224733e+02
6.690000000000000113e-02 -2.219122205408052935e+02
6.700000000000000400e-02 -2.232836685085298143e+02
6.710000000000000686e-02 -2.247148959849265850e+02
6.720000000000000973e-02 -2.262141684563335957e+02
6.729999999999999871e-02 -2.277806368215443626e+02
6.740000000000000158e-02 -2.294117803430304150e+02
6.750000000000000444e-02 -2.311085906140770874e+02
6.760000000000000731e-02 -2.328933743447263112e+02
6.770000000000001017e-02 -2.347732875794346796e+02
6.779999999999999916e-02 -2.367424801280626809e+02
6.790000000000000202e-02 -2.389438986183996008e+02
6.800000000000000488e-02 -2.414635333959771231e+02
6.810000000000000775e-02 -2.442534503872200560e+02
6.819999999999999674e-02 -2.472295546534827793e+02
6.829999999999999960e-02 -2.503885298291951358e+02
6.840000000000000246e-02 -2.537511896734771710e+02
6.850000000000000533e-02 -2.573452016846455308e+02
6.860000000000000819e-02 -2.611450667454042787e+02
6.869999999999999718e-02 -2.651750044001722699e+02
6.880000000000000004e-02 -2.694716840372385604e+02
6.890000000000000291e-02 -2.741328075900466956e+02
6.900000000000000577e-02 -2.788749615966714828e+02
6.910000000000000864e-02 -2.822794740181067255e+02
6.919999999999999762e-02 -2.835848725990218213e+02
6.930000000000000049e-02 -2.842206045296397292e+02
6.940000000000000335e-02 -2.847799828247549954e+02
6.950000000000000622e-02 -2.852931894199317640e+02
6.960000000000000908e-02 -2.857406419636409964e+02
6.969999999999999807e-02 -2.862171948288258250e+02
6.980000000000000093e-02 -2.867846554258948686e+02
6.990000000000000380e-02 -2.874621854501781399e+02
7.000000000000000666e-02 -2.882377450105553294e+02
7.010000000000000953e-02 -2.890838801745295541e+02
7.019999999999999851e-02 -2.899682592156057126e+02
7.030000000000000138e-02 -2.908620423126227479e+02
7.040000000000000424e-02 -2.917568689702130769e+02
7.050000000000000711e-02 -2.926373286390372641e+02
7.060000000000000997e-02 -2.934891504263325714e+02
7.069999999999999896e-02 -2.943226103303238119e+02
7.080000000000000182e-02 -2.951657389209765938e+02
7.090000000000000469e-02 -2.960384961412640337e+02
7.100000000000000755e-02 -2.969375613152756728e+02
7.109999999999999654e-02 -2.978451184489687762e+02
7.119999999999999940e-02 -2.987493214008958375e+02
7.130000000000000226e-02 -2.996521977834458426e+02
7.140000000000000513e-02 -3.005545625169320942e+02
7.150000000000000799e-02 -3.014573354623356067e+02
7.159999999999999698e-02 -3.023624572149470850e+02
7.169999999999999984e-02 -3.032735056153813957e+02
7.180000000000000271e-02 -3.041903533445389485e+02
7.190000000000000557e-02 -3.051111344248583919e+02
7.200000000000000844e-02 -3.060339703413104644e+02
7.209999999999999742e-02 -3.069575631921684931e+02
7.220000000000000029e-02 -3.078812256618588776e+02
7.230000000000000315e-02 -3.088047173613621794e+02
7.240000000000000602e-02 -3.097280673549067842e+02
7.250000000000000888e-02 -3.106514424523147113e+02
7.259999999999999787e-02 -3.115750647573254355e+02
7.270000000000000073e-02 -3.124991647906947492e+02
7.280000000000000360e-02 -3.134239564092665091e+02
7.290000000000000646e-02 -3.143496241931329109e+02
7.300000000000000933e-02 -3.152763180779343202e+02
7.309999999999999831e-02 -3.162041525220083713e+02
7.320000000000000118e-02 -3.171332087117985452e+02
7.330000000000000404e-02 -3.180635388339350129e+02
7.340000000000000691e-02 -3.189951716861823456e+02
7.350000000000000977e-02 -3.199281190667499004e+02
7.359999999999999876e-02 -3.208623830684531981e+02
7.370000000000000162e-02 -3.217979108804275938e+02
7.380000000000000449e-02 -3.227332637979938568e+02
7.390000000000000735e-02 -3.236660853280290553e+02
7.400000000000001021e-02 -3.245960209605086675e+02
7.409999999999999920e-02 -3.255242634233864578e+02
7.420000000000000207e-02 -3.264516138503935849e+02
7.430000000000000493e-02 -3.273790704784047421e+02
7.440000000000000779e-02 -3.283076672016177895e+02
7.449999999999999678e-02 -3.292382234743730578e+02
7.459999999999999964e-02 -3.301713295816562663e+02
7.470000000000000251e-02 -3.311072905869251599e+02
7.480000000000000537e-02 -3.320455406862974428e+02
7.490000000000000824e-02 -3.329869034542849136e+02
7.499999999999999722e-02 -3.339319212694374528e+02
7.510000000000000009e-02 -3.348786159991646514e+02
7.520000000000000295e-02 -3.358246154311873397e+02
7.530000000000000582e-02 -3.367694671323163220e+02
7.540000000000000868e-02 -3.377135822535668694e+02
7.549999999999999767e-02 -3.386568713044167112e+02
7.560000000000000053e-02 -3.395996716746764150e+02
7.570000000000000340e-02 -3.405424058208961355e+02
7.580000000000000626e-02 -3.414853735949257043e+02
7.590000000000000913e-02 -3.424287543866481656e+02
7.599999999999999811e-02 -3.433726688927039277e+02
7.610000000000000098e-02 -3.443171775914403270e+02
7.620000000000000384e-02 -3.452622871289216846e+02
7.630000000000000671e-02 -3.462079885897713893e+02
7.640000000000000957e-02 -3.471542704273681466e+02
7.649999999999999856e-02 -3.481011214071880318e+02
7.660000000000000142e-02 -3.490487494058002085e+02
7.670000000000000429e-02 -3.499969661757451718e+02
7.680000000000000715e-02 -3.509445173714348130e+02
7.690000000000001001e-02 -3.518858646472269811e+02
7.699999999999999900e-02 -3.528180683372600583e+02
7.710000000000000187e-02 -3.537423432452422389e+02
7.720000000000000473e-02 -3.546611305152678142e+02
7.730000000000000759e-02 -3.555761312115610622e+02
7.740000000000001046e-02 -3.564883861964792118e+02
7.749999999999999944e-02 -3.573986707079807275e+02
7.760000000000000231e-02 -3.583079401313594872e+02
7.770000000000000517e-02 -3.592168706714641075e+02
7.780000000000000804e-02 -3.601259749479510788e+02
7.789999999999999702e-02 -3.610356696809317896e+02
7.799999999999999989e-02 -3.619462934001352323e+02
7.810000000000000275e-02 -3.628581127455412911e+02
7.820000000000000562e-02 -3.637723677457848339e+02
7.830000000000000848e-02 -3.646882733282747040e+02
7.839999999999999747e-02 -3.656043157660682823e+02
7.850000000000000033e-02 -3.665219053719192175e+02
7.860000000000000320e-02 -3.674413068416781698e+02
7.870000000000000606e-02 -3.683625131556322572e+02
7.880000000000000893e-02 -3.692855079250772405e+02
7.889999999999999791e-02 -3.702101704125125821e+02
7.900000000000000078e-02 -3.711363332662305083e+02
7.910000000000000364e-02 -3.720639594774336274e+02
7.920000000000000651e-02 -3.729930203970195066e+02
7.930000000000000937e-02 -3.739234256675853771e+02
7.939999999999999836e-02 -3.748550457004298551e+02
7.950000000000000122e-02 -3.757877480805449864e+02
7.960000000000000409e-02 -3.767214163546967711e+02
7.970000000000000695e-02 -3.776559539726685557e+02
7.980000000000000981e-02 -3.785912837746513446e+02
7.989999999999999880e-02 -3.795273478599562509e+02
8.000000000000000167e-02 -3.804641077097542166e+02
8.010000000000000453e-02 -3.813887380569427137e+02
8.020000000000000739e-02 -3.822735084490700501e+02
8.030000000000001026e-02 -3.831214024391190378e+02
8.039999999999999925e-02 -3.839417260273947932e+02
8.050000000000000211e-02 -3.847421882699375715e+02
8.060000000000000497e-02 -3.855283892341620344e+02
8.070000000000000784e-02 -3.863043201072457578e+02
8.080000000000001070e-02 -3.870728448856137902e+02
8.089999999999999969e-02 -3.878360482216525043e+02
8.100000000000000255e-02 -3.885954698414799964e+02
8.110000000000000542e-02 -3.893522284664896915e+02
8.120000000000000828e-02 -3.901072162373126844e+02
8.129999999999999727e-02 -3.908611839829837322e+02
8.140000000000000013e-02 -3.916147282560265808e+02
8.150000000000000300e-02 -3.923683117389866197e+02
8.160000000000000586e-02 -3.931222926219608667e+02
8.170000000000000873e-02 -3.938769469281177749e+02
8.179999999999999771e-02 -3.946324753832618057e+02
8.190000000000000058e-02 -3.953889922369385204e+02
8.200000000000000344e-02 -3.961466272204995107e+02
8.210000000000000631e-02 -3.969083895475505983e+02
8.220000000000000917e-02 -3.976689044373281376e+02
8.229999999999999816e-02 -3.984292290620163612e+02
8.240000000000000102e-02 -3.991922963084860498e+02
8.250000000000000389e-02 -3.999567574188315007e+02
8.260000000000000675e-02 -4.007214663426961465e+02
8.270000000000000961e-02 -4.014872805636213116e+02
8.279999999999999860e-02 -4.022538496855058270e+02
8.290000000000000147e-02 -4.030206031233622070e+02
8.300000000000000433e-02 -4.037874089528431796e+02
8.310000000000000719e-02 -4.045543643482735661e+02
8.320000000000001006e-02 -4.053215867434752795e+02
8.329999999999999905e-02 -4.060891576445876012e+02
8.340000000000000191e-02 -4.068571180863569339e+02
8.350000000000000477e-02 -4.076254767322578800e+02
8.360000000000000764e-02 -4.083942177162642224e+02
8.370000000000001050e-02 -4.091633029500827661e+02
8.379999999999999949e-02 -4.099326637847580059e+02
8.390000000000000235e-02 -4.107021641869462201e+02
8.400000000000000522e-02 -4.114711342366028930e+02
8.410000000000000808e-02 -4.122372519926537393e+02
8.420000000000001095e-02 -4.129992675446364956e+02
8.429999999999999993e-02 -4.137576728304985636e+02
8.440000000000000280e-02 -4.145132216788596793e+02
8.450000000000000566e-02 -4.152669271493922452e+02
8.460000000000000853e-02 -4.160186292364101632e+02
8.469999999999999751e-02 -4.167686027608270933e+02
8.480000000000000038e-02 -4.175172868060985252e+02
8.490000000000000324e-02 -4.182649267077549098e+02
8.500000000000000611e-02 -4.190116950903048973e+02
8.510000000000000897e-02 -4.197577330647761187e+02
8.519999999999999796e-02 -4.205031651146535410e+02
8.530000000000000082e-02 -4.212481057624361824e+02
8.540000000000000369e-02 -4.219926632060220300e+02
8.550000000000000655e-02 -4.227369415552788041e+02
8.560000000000000941e-02 -4.234810422184968388e+02
8.569999999999999840e-02 -4.242250646405344128e+02
8.580000000000000127e-02 -4.249691064813598587e+02
8.590000000000000413e-02 -4.257132816373936635e+02
8.600000000000000699e-02 -4.264594002320534969e+02
8.610000000000000986e-02 -4.272045531401573157e+02
8.619999999999999885e-02 -4.279487116072172057e+02
8.630000000000000171e-02 -4.286930099000737187e+02
8.640000000000000457e-02 -4.294377046191259524e+02
8.650000000000000744e-02 -4.301828361155995140e+02
8.660000000000001030e-02 -4.309289155653901275e+02
8.669999999999999929e-02 -4.316773898976701958e+02
8.680000000000000215e-02 -4.324266194904218992e+02
8.690000000000000502e-02 -4.331780690440563149e+02
8.700000000000000788e-02 -4.339330506719032314e+02
8.710000000000001075e-02 -4.346913960183433687e+02
8.719999999999999973e-02 -4.354537035575642676e+02
8.730000000000000260e-02 -4.362203908086831348e+02
8.740000000000000546e-02 -4.369914409255111423e+02
8.750000000000000833e-02 -4.377703450445198428e+02
8.759999999999999731e-02 -4.385567416738880979e+02
8.770000000000000018e-02 -4.393363994179076712e+02
8.780000000000000304e-02 -4.401132290574731201e+02
8.790000000000000591e-02 -4.408885479389635407e+02
8.800000000000000877e-02 -4.416626246977941150e+02
8.809999999999999776e-02 -4.424353097075674555e+02
8.820000000000000062e-02 -4.432063358622835381e+02
8.830000000000000349e-02 -4.439758743614214609e+02
8.840000000000000635e-02 -4.447451323042057538e+02
8.850000000000000921e-02 -4.455123827247181225e+02
8.859999999999999820e-02 -4.462774883701717386e+02
8.870000000000000107e-02 -4.470415180948990042e+02
8.880000000000000393e-02 -4.478094548394456069e+02
8.890000000000000679e-02 -4.485813656387453534e+02
8.900000000000000966e-02 -4.493714293151386414e+02
8.909999999999999865e-02 -4.501768251732189015e+02
8.920000000000000151e-02 -4.509807972622868988e+02
8.930000000000000437e-02 -4.517847341517623931e+02
8.940000000000000724e-02 -4.525908519908449534e+02
8.950000000000001010e-02 -4.533938732011902175e+02
8.959999999999999909e-02 -4.541958949432242321e+02
8.970000000000000195e-02 -4.550051026395878466e+02
8.980000000000000482e-02 -4.558232571775027964e+02
8.990000000000000768e-02 -4.566580878665088221e+02
9.000000000000001055e-02 -4.575035746352149317e+02
9.009999999999999953e-02 -4.583356487206470433e+02
9.020000000000000240e-02 -4.591429704412377077e+02
9.030000000000000526e-02 -4.599325958388233744e+02
9.040000000000000813e-02 -4.607191554601980101e+02
9.050000000000001099e-02 -4.615121359695344267e+02
9.059999999999999998e-02 -4.623159492678328775e+02
9.070000000000000284e-02 -4.631200730651346475e+02
9.080000000000000571e-02 -4.639162733514355068e+02
9.090000000000000857e-02 -4.647140629934692129e+02
9.099999999999999756e-02 -4.655129852825925241e+02
9.110000000000000042e-02 -4.663076737106674727e+02
9.120000000000000329e-02 -4.670979249715119863e+02
9.130000000000000615e-02 -4.678859944879854993e+02
9.140000000000000902e-02 -4.686735577395293717e+02
9.149999999999999800e-02 -4.694606604363651741e+02
9.160000000000000087e-02 -4.702476027699224232e+02
9.170000000000000373e-02 -4.710350592347891165e+02
9.180000000000000659e-02 -4.718236532241893428e+02
9.190000000000000946e-02 -4.726136158896092638e+02
9.199999999999999845e-02 -4.734046929192750781e+02
9.210000000000000131e-02 -4.741962395958933598e+02
9.220000000000000417e-02 -4.749873818949458837e+02
9.230000000000000704e-02 -4.757771330305875495e+02
9.240000000000000990e-02 -4.765644012878614149e+02
9.249999999999999889e-02 -4.773474728623796750e+02
9.260000000000000175e-02 -4.781205694211465129e+02
9.270000000000000462e-02 -4.788777753669828599e+02
9.280000000000000748e-02 -4.796125189880083326e+02
9.290000000000001035e-02 -4.803109394811916673e+02
9.299999999999999933e-02 -4.809544194524511340e+02
9.310000000000000220e-02 -4.815286937921226809e+02
9.320000000000000506e-02 -4.820216071809419418e+02
9.330000000000000793e-02 -4.824201581968202959e+02
9.340000000000001079e-02 -4.827100452579189778e+02
9.349999999999999978e-02 -4.828750281976783185e+02
9.360000000000000264e-02 -4.828965296521851087e+02
9.370000000000000551e-02 -4.827559706583392654e+02
9.380000000000000837e-02 -4.824378526425045948e+02
9.390000000000001124e-02 -4.819489292488515275e+02
9.400000000000000022e-02 -4.812975056337489832e+02
9.410000000000000309e-02 -4.804806753251355644e+02
9.420000000000000595e-02 -4.794816829619623491e+02
9.430000000000000882e-02 -4.782873432473168123e+02
9.439999999999999780e-02 -4.769217207266127048e+02
9.450000000000000067e-02 -4.754185905743244120e+02
9.460000000000000353e-02 -4.737639304163901102e+02
9.470000000000000639e-02 -4.720649789952761921e+02
9.480000000000000926e-02 -4.704413992313531026e+02
9.489999999999999825e-02 -4.690381820062461884e+02
9.500000000000000111e-02 -4.678451337654933582e+02
9.510000000000000397e-02 -4.668725461037154787e+02
9.520000000000000684e-02 -4.661645892673098501e+02
9.530000000000000970e-02 -4.657502346736724803e+02
9.539999999999999869e-02 -4.655943081135354191e+02
9.550000000000000155e-02 -4.656324177093710546e+02
9.560000000000000442e-02 -4.658161847768735129e+02
9.570000000000000728e-02 -4.661428872519998095e+02
9.580000000000001015e-02 -4.666359663429690272e+02
9.589999999999999913e-02 -4.672818403732807724e+02
9.600000000000000200e-02 -4.680440192602499110e+02
9.610000000000000486e-02 -4.688775287399308240e+02
9.620000000000000773e-02 -4.697482453365353763e+02
9.630000000000001059e-02 -4.706417104751350280e+02
9.639999999999999958e-02 -4.715434156263576710e+02
9.650000000000000244e-02 -4.724925523851567846e+02
9.660000000000000531e-02 -4.734683563188760900e+02
9.670000000000000817e-02 -4.744561961276563693e+02
9.680000000000001104e-02 -4.754798065280976402e+02
9.690000000000000002e-02 -4.764817942204693395e+02
9.700000000000000289e-02 -4.774727429261810698e+02
9.710000000000000575e-02 -4.784512795810031776e+02
9.720000000000000862e-02 -4.794126996247196075e+02
9.730000000000001148e-02 -4.803617174673320278e+02
9.740000000000000047e-02 -4.813023093380816704e+02
9.750000000000000333e-02 -4.822372734295734631e+02
9.760000000000000620e-02 -4.831683353469956614e+02
9.770000000000000906e-02 -4.840963461971452944e+02
9.779999999999999805e-02 -4.850214032804574344e+02
9.790000000000000091e-02 -4.859432849541927908e+02
9.800000000000000377e-02 -4.868620707427950833e+02
9.810000000000000664e-02 -4.877779607775300406e+02
9.820000000000000950e-02 -4.886915852157904965e+02
9.829999999999999849e-02 -4.896049926809513977e+02
9.840000000000000135e-02 -4.905211717101011004e+02
9.850000000000000422e-02 -4.914409011405020919e+02
9.860000000000000708e-02 -4.923633386033023385e+02
9.870000000000000995e-02 -4.932877344737027556e+02
9.879999999999999893e-02 -4.942136840131873896e+02
9.890000000000000180e-02 -4.951410037702372051e+02
9.900000000000000466e-02 -4.960696337086685617e+02
9.910000000000000753e-02 -4.969995958022221316e+02
9.920000000000001039e-02 -4.979309716832001413e+02
9.929999999999999938e-02 -4.988638826496808178e+02
9.940000000000000224e-02 -4.997984577003944082e+02
9.950000000000000511e-02 -5.007345721669305476e+02
9.960000000000000797e-02 -5.016733467165632305e+02
9.970000000000001084e-02 -5.026144490663732540e+02
9.979999999999999982e-02 -5.035576496645645079e+02
9.990000000000000269e-02 -5.045080408152977043e+02
1.000000000000000056e-01 -5.054572940527323794e+02
1.001000000000000084e-01 -5.082255027022982290e+02
1.002000000000000113e-01 -5.121426713998090463e+02
1.003000000000000003e-01 -5.163193279044918427e+02
1.004000000000000031e-01 -5.208294922681864136e+02
1.005000000000000060e-01 -5.260509445620868973e+02
1.006000000000000089e-01 -5.321511829965274956e+02
1.007000000000000117e-01 -5.389173119029223926e+02
1.008000000000000007e-01 -5.460763822079250076e+02
1.009000000000000036e-01 -5.535688734721810533e+02
1.010000000000000064e-01 -5.595817374512351989e+02
1.011000000000000093e-01 -5.633774042462789566e+02
1.011999999999999983e-01 -5.661578345943865997e+02
1.013000000000000012e-01 -5.683902630220950414e+02
1.014000000000000040e-01 -5.702396238643850666e+02
1.015000000000000069e-01 -5.718056353751410370e+02
1.016000000000000097e-01 -5.730107228328278097e+02
1.016999999999999987e-01 -5.738347882339052148e+02
1.018000000000000016e-01 -5.744968653373996403e+02
1.019000000000000045e-01 -5.752857953293694209e+02
1.020000000000000073e-01 -5.771645007548835338e+02
1.021000000000000102e-01 -5.791710968373372452e+02
1.021999999999999992e-01 -5.805038459717220576e+02
1.023000000000000020e-01 -5.812952029960266600e+02
1.024000000000000049e-01 -5.817612904386229502e+02
1.025000000000000078e-01 -5.820449192787705215e+02
1.026000000000000106e-01 -5.822319620264571540e+02
1.026999999999999996e-01 -5.823749919314147974e+02
1.028000000000000025e-01 -5.824922794223584788e+02
1.029000000000000054e-01 -5.825814287879424000e+02
1.030000000000000082e-01 -5.826487057892514940e+02
1.031000000000000111e-01 -5.827011847502071760e+02
1.032000000000000001e-01 -5.827342540513058111e+02
1.033000000000000029e-01 -5.827356173210389443e+02
1.034000000000000058e-01 -5.827003921548471226e+02
1.035000000000000087e-01 -5.826120590365210319e+02
1.036000000000000115e-01 -5.824471989993268153e+02
1.037000000000000005e-01 -5.821893714252324799e+02
1.038000000000000034e-01 -5.818192375594639998e+02
1.039000000000000062e-01 -5.813294692227558471e+02
1.040000000000000091e-01 -5.807273558849151414e+02
1.040999999999999981e-01 -5.800026218641565947e+02
1.042000000000000010e-01 -5.791560960716639102e+02
1.043000000000000038e-01 -5.781905003587155534e+02
1.044000000000000067e-01 -5.771761122416446597e+02
1.045000000000000095e-01 -5.761585974262898162e+02
1.045999999999999985e-01 -5.751845853322327002e+02
1.047000000000000014e-01 -5.743484490080544447e+02
1.048000000000000043e-01 -5.736692313937056724e+02
1.049000000000000071e-01 -5.731563481908017366e+02
1.050000000000000100e-01 -5.727885797558805052e+02
1.050999999999999990e-01 -5.726056667667816100e+02
1.052000000000000018e-01 -5.726329489049950325e+02
1.053000000000000047e-01 -5.728366587522790496e+02
1.054000000000000076e-01 -5.731663968217380898e+02
1.055000000000000104e-01 -5.736052990342631119e+02
1.055999999999999994e-01 -5.741207217435650136e+02
1.057000000000000023e-01 -5.747068062675194824e+02
1.058000000000000052e-01 -5.753775668200432847e+02
1.059000000000000080e-01 -5.761408791343332041e+02
1.060000000000000109e-01 -5.769912112747465471e+02
1.060999999999999999e-01 -5.779108042814712007e+02
1.062000000000000027e-01 -5.788752693909838172e+02
1.063000000000000056e-01 -5.798659515968892038e+02
1.064000000000000085e-01 -5.808418278457220367e+02
1.065000000000000113e-01 -5.818750158474256295e+02
1.066000000000000003e-01 -5.829426172677552813e+02
1.067000000000000032e-01 -5.840199667594058610e+02
1.068000000000000060e-01 -5.850937392920617413e+02
1.069000000000000089e-01 -5.861572347432281731e+02
1.070000000000000118e-01 -5.872091285296910428e+02
1.071000000000000008e-01 -5.882507269968347146e+02
1.072000000000000036e-01 -5.892836138634302188e+02
1.073000000000000065e-01 -5.903089833299566180e+02
1.074000000000000093e-01 -5.913185463622346560e+02
1.074999999999999983e-01 -5.923325479700120013e+02
1.076000000000000012e-01 -5.933509684154087154e+02
1.077000000000000041e-01 -5.943683062798381798e+02
1.078000000000000069e-01 -5.953823944461736346e+02
1.079000000000000098e-01 -5.963931064629214234e+02
1.079999999999999988e-01 -5.974008198036813155e+02
1.081000000000000016e-01 -5.984061278709488079e+02
1.082000000000000045e-01 -5.994095630257343146e+02
1.083000000000000074e-01 -6.004097249154193605e+02
1.084000000000000102e-01 -6.014075509137891231e+02
1.084999999999999992e-01 -6.024074508701362447e+02
1.086000000000000021e-01 -6.034099741746174459e+02
1.087000000000000050e-01 -6.044161077556092323e+02
1.088000000000000078e-01 -6.054275353624709624e+02
1.089000000000000107e-01 -6.064458156326979861e+02
1.089999999999999997e-01 -6.074699798768338042e+02
1.091000000000000025e-01 -6.084987170774146534e+02
1.092000000000000054e-01 -6.095310652222686940e+02
1.093000000000000083e-01 -6.105668587429793206e+02
1.094000000000000111e-01 -6.116056713952455084e+02
1.095000000000000001e-01 -6.126468454545799887e+02
1.096000000000000030e-01 -6.136901622490617001e+02
1.097000000000000058e-01 -6.147355390119658978e+02
1.098000000000000087e-01 -6.157838960557029395e+02
1.099000000000000116e-01 -6.168362674296801060e+02
1.100000000000000006e-01 -6.178925166733786227e+02
1.101000000000000034e-01 -6.189659095576093932e+02
1.102000000000000063e-01 -6.200894503602748955e+02
1.103000000000000091e-01 -6.212619345204471983e+02
1.104000000000000120e-01 -6.224741472212077724e+02
1.105000000000000010e-01 -6.237157976699189703e+02
1.106000000000000039e-01 -6.249786932060717390e+02
1.107000000000000067e-01 -6.262574342011087083e+02
1.108000000000000096e-01 -6.275483657151532952e+02
1.108999999999999986e-01 -6.288489321355949642e+02
1.110000000000000014e-01 -6.301572850285847380e+02
1.111000000000000043e-01 -6.314720419384019579e+02
1.112000000000000072e-01 -6.327921377220167187e+02
1.113000000000000100e-01 -6.341168243998886282e+02
1.113999999999999990e-01 -6.354483325952663790e+02
1.115000000000000019e-01 -6.367813592041346737e+02
1.116000000000000048e-01 -6.381160280186346654e+02
1.117000000000000076e-01 -6.394529871010543047e+02
1.118000000000000105e-01 -6.407923328562736742e+02
1.118999999999999995e-01 -6.421345764627517383e+02
1.120000000000000023e-01 -6.434814447324812363e+02
1.121000000000000052e-01 -6.448351568239729659e+02
1.122000000000000081e-01 -6.461946391656716742e+02
1.123000000000000109e-01 -6.475586731883760194e+02
1.123999999999999999e-01 -6.489265156774586103e+02
1.125000000000000028e-01 -6.502976716824491632e+02
1.126000000000000056e-01 -6.516717761813986272e+02
1.127000000000000085e-01 -6.530485333914338071e+02
1.128000000000000114e-01 -6.544277056468496312e+02
1.129000000000000004e-01 -6.558090922662864841e+02
1.130000000000000032e-01 -6.571924816944249415e+02
1.131000000000000061e-01 -6.585776747433966420e+02
1.132000000000000089e-01 -6.599645499967722344e+02
1.133000000000000118e-01 -6.613531578011217107e+02
1.134000000000000008e-01 -6.627436873642465116e+02
1.135000000000000037e-01 -6.641366969262779776e+02
1.136000000000000065e-01 -6.655314819754943301e+02
1.137000000000000094e-01 -6.669274833653959149e+02
1.138000000000000123e-01 -6.683229370721187479e+02
1.139000000000000012e-01 -6.697206909527830021e+02
1.140000000000000041e-01 -6.711205928274175676e+02
1.141000000000000070e-01 -6.725221760741595745e+02
1.142000000000000098e-01 -6.739254963528153439e+02
1.142999999999999988e-01 -6.753308322258106955e+02
1.144000000000000017e-01 -6.767385654900447207e+02
1.145000000000000046e-01 -6.781491603765042555e+02
1.146000000000000074e-01 -6.795632590210332182e+02
1.147000000000000103e-01 -6.809829466939912663e+02
1.147999999999999993e-01 -6.824125688034524728e+02
1.149000000000000021e-01 -6.838564502441802233e+02
1.150000000000000050e-01 -6.853155628840690952e+02
1.151000000000000079e-01 -6.867893299463311223e+02
1.152000000000000107e-01 -6.882770617854389457e+02
1.152999999999999997e-01 -6.897783836797640333e+02
1.154000000000000026e-01 -6.912932921335707306e+02
1.155000000000000054e-01 -6.928221899362688418e+02
1.156000000000000083e-01 -6.943672534431233316e+02
1.157000000000000112e-01 -6.959311625408048485e+02
1.158000000000000002e-01 -6.975147669281465141e+02
1.159000000000000030e-01 -6.991182113138054319e+02
1.160000000000000059e-01 -7.007415198663038609e+02
1.161000000000000087e-01 -7.023847997904548492e+02
1.162000000000000116e-01 -7.040480586517404618e+02
1.163000000000000006e-01 -7.057318679322135040e+02
1.164000000000000035e-01 -7.074347714162696548e+02
1.165000000000000063e-01 -7.091454491412629295e+02
1.166000000000000092e-01 -7.108871063069396996e+02
1.167000000000000121e-01 -7.126590223912385227e+02
1.168000000000000010e-01 -7.144598182490633462e+02
1.169000000000000039e-01 -7.162986073663215620e+02
1.170000000000000068e-01 -7.181851093813423859e+02
1.171000000000000096e-01 -7.201255452229518141e+02
1.172000000000000125e-01 -7.221215509917254849e+02
1.173000000000000015e-01 -7.241727744243643201e+02
1.174000000000000044e-01 -7.262800680669471376e+02
1.175000000000000072e-01 -7.284364109995724448e+02
1.176000000000000101e-01 -7.306368121518752332e+02
1.176999999999999991e-01 -7.328910382701435537e+02
1.178000000000000019e-01 -7.352224480787310767e+02
1.179000000000000048e-01 -7.376592321267770558e+02
1.180000000000000077e-01 -7.402205739453268052e+02
1.181000000000000105e-01 -7.429577532870841878e+02
1.181999999999999995e-01 -7.459435368020536998e+02
1.183000000000000024e-01 -7.491914101175082124e+02
1.184000000000000052e-01 -7.527026424535498563e+02
1.185000000000000081e-01 -7.564897039485763344e+02
1.186000000000000110e-01 -7.605309681244754074e+02
1.187000000000000000e-01 -7.648266363323190262e+02
1.188000000000000028e-01 -7.692993489848710169e+02
1.189000000000000057e-01 -7.735112282952019314e+02
1.190000000000000085e-01 -7.763296440919733641e+02
1.191000000000000114e-01 -7.778968057386642840e+02
1.192000000000000004e-01 -7.792425229989217996e+02
1.193000000000000033e-01 -7.807048241212040693e+02
1.194000000000000061e-01 -7.820839876864542930e+02
1.195000000000000090e-01 -7.832899434121700324e+02
1.196000000000000119e-01 -7.843744817025667544e+02
1.197000000000000008e-01 -7.854099834440747827e+02
1.198000000000000037e-01 -7.864560317030284295e+02
1.199000000000000066e-01 -7.875585127290679566e+02
1.200000000000000094e-01 -7.887406675327919174e+02
1.201000000000000123e-01 -7.900003120986989416e+02
1.202000000000000013e-01 -7.913237170155467766e+02
1.203000000000000042e-01 -7.926978096469746333e+02
1.204000000000000070e-01 -7.941070224940352773e+02
1.205000000000000099e-01 -7.955398990770388536e+02
1.205999999999999989e-01 -7.969931766698097135e+02
1.207000000000000017e-01 -7.984545418530638017e+02
1.208000000000000046e-01 -7.999122773628783989e+02
1.209000000000000075e-01 -8.013628706094401650e+02
1.210000000000000103e-01 -8.028080109707952943e+02
1.210999999999999993e-01 -8.042481425264694508e+02
1.212000000000000022e-01 -8.056838796339797000e+02
1.213000000000000050e-01 -8.071118510867323721e+02
1.214000000000000079e-01 -8.085288640211520033e+02
1.215000000000000108e-01 -8.099358999189373662e+02
1.215999999999999998e-01 -8.113378544840052200e+02
1.217000000000000026e-01 -8.127405479228551712e+02
1.218000000000000055e-01 -8.141484623267087954e+02
1.219000000000000083e-01 -8.155623136001130433e+02
1.220000000000000112e-01 -8.169814103534326932e+02
1.221000000000000002e-01 -8.184048845781371710e+02
1.222000000000000031e-01 -8.198320401512299895e+02
1.223000000000000059e-01 -8.212623413942325215e+02
1.224000000000000088e-01 -8.226953248404732904e+02
1.225000000000000117e-01 -8.241305430315248941e+02
1.226000000000000006e-01 -8.255675487405554804e+02
1.227000000000000035e-01 -8.270051048998868737e+02
1.228000000000000064e-01 -8.284407856862990229e+02
1.229000000000000092e-01 -8.298731701798020595e+02
1.230000000000000121e-01 -8.313027310900500879e+02
1.231000000000000011e-01 -8.327305051132821063e+02
1.232000000000000040e-01 -8.341573736880163779e+02
1.233000000000000068e-01 -8.355839235906890963e+02
1.234000000000000097e-01 -8.370105271871234436e+02
1.235000000000000125e-01 -8.384374402834143893e+02
1.236000000000000015e-01 -8.398648615827000867e+02
1.237000000000000044e-01 -8.412929577838876867e+02
1.238000000000000073e-01 -8.427218735657291973e+02
1.239000000000000101e-01 -8.441518149186262008e+02
1.239999999999999991e-01 -8.455829476303806587e+02
1.241000000000000020e-01 -8.470153540038547817e+02
1.242000000000000048e-01 -8.484492363141866917e+02
1.243000000000000077e-01 -8.498849332738631119e+02
1.244000000000000106e-01 -8.513232988964231254e+02
1.244999999999999996e-01 -8.527642007788508636e+02
1.246000000000000024e-01 -8.542073193076760163e+02
1.247000000000000053e-01 -8.556522555448942740e+02
1.248000000000000081e-01 -8.570988785293679939e+02
1.249000000000000110e-01 -8.585473349128383234e+02
1.250000000000000000e-01 -8.599976806205410185e+02
1.251000000000000167e-01 -8.614503787625804989e+02
1.252000000000000057e-01 -8.629060916668112213e+02
1.252999999999999947e-01 -8.643638997523858052e+02
1.254000000000000115e-01 -8.658210386767634645e+02
1.255000000000000004e-01 -8.672735832458251934e+02
1.256000000000000172e-01 -8.687210110482661776e+02
1.257000000000000062e-01 -8.701645894031147463e+02
1.257999999999999952e-01 -8.716056655448194306e+02
1.259000000000000119e-01 -8.730452965951753868e+02
1.260000000000000009e-01 -8.744842966795233679e+02
1.261000000000000176e-01 -8.759232921970564121e+02
1.262000000000000066e-01 -8.773627505903341444e+02
1.262999999999999956e-01 -8.788030055404100267e+02
1.264000000000000123e-01 -8.802442839311609077e+02
1.265000000000000013e-01 -8.816867325423302191e+02
1.266000000000000181e-01 -8.831304415320820453e+02
1.267000000000000071e-01 -8.845754629062071217e+02
1.267999999999999960e-01 -8.860218235120321424e+02
1.269000000000000128e-01 -8.874695331027803604e+02
1.270000000000000018e-01 -8.889185893005737853e+02
1.271000000000000185e-01 -8.903690950131912132e+02
1.272000000000000075e-01 -8.918208734237779254e+02
1.272999999999999965e-01 -8.932738085139725399e+02
1.274000000000000132e-01 -8.947279598404993521e+02
1.275000000000000022e-01 -8.961832985378930516e+02
1.276000000000000190e-01 -8.976397711188875519e+02
1.277000000000000079e-01 -8.990973189653568625e+02
1.277999999999999969e-01 -9.005558852396816292e+02
1.279000000000000137e-01 -9.020154184921655087e+02
1.280000000000000027e-01 -9.034758750510951586e+02
1.281000000000000194e-01 -9.049372205373189217e+02
1.282000000000000084e-01 -9.063994305331846135e+02
1.282999999999999974e-01 -9.078624904645487277e+02
1.284000000000000141e-01 -9.093263948284678690e+02
1.285000000000000031e-01 -9.107911459473048126e+02
1.286000000000000199e-01 -9.122567524377462860e+02
1.287000000000000088e-01 -9.137232382662231203e+02
1.287999999999999978e-01 -9.151906623882126723e+02
1.289000000000000146e-01 -9.166590752781009996e+02
1.290000000000000036e-01 -9.181284849448435352e+02
1.290999999999999925e-01 -9.195988888743877396e+02
1.292000000000000093e-01 -9.210703512933765751e+02
1.292999999999999983e-01 -9.225440565567628255e+02
1.294000000000000150e-01 -9.240176856317302736e+02
1.295000000000000040e-01 -9.254917715987932070e+02
1.295999999999999930e-01 -9.269668577639118894e+02
1.297000000000000097e-01 -9.284105263259926915e+02
1.297999999999999987e-01 -9.298351342260592673e+02
1.299000000000000155e-01 -9.312791394008748966e+02
1.300000000000000044e-01 -9.327345331012459155e+02
1.300999999999999934e-01 -9.341848604551039443e+02
1.302000000000000102e-01 -9.355987345068713239e+02
1.302999999999999992e-01 -9.369762120068709237e+02
1.304000000000000159e-01 -9.382979859980819128e+02
1.305000000000000049e-01 -9.395984328435702082e+02
1.305999999999999939e-01 -9.408902132087557675e+02
1.307000000000000106e-01 -9.421731437489889913e+02
1.307999999999999996e-01 -9.434491735200781477e+02
1.309000000000000163e-01 -9.447205594527940775e+02
1.310000000000000053e-01 -9.459902714033922848e+02
1.310999999999999943e-01 -9.472586421790022086e+02
1.312000000000000111e-01 -9.485254949401778504e+02
1.313000000000000000e-01 -9.497923716688904960e+02
1.314000000000000168e-01 -9.510598196269448863e+02
1.315000000000000058e-01 -9.523280782380817300e+02
1.315999999999999948e-01 -9.535972645929238070e+02
1.317000000000000115e-01 -9.548674314866319719e+02
1.318000000000000005e-01 -9.561229966354860608e+02
1.319000000000000172e-01 -9.574537143783691135e+02
1.320000000000000062e-01 -9.588317559030007260e+02
1.320999999999999952e-01 -9.601975737129947674e+02
1.322000000000000119e-01 -9.615483558227836056e+02
1.323000000000000009e-01 -9.628890038084027765e+02
1.324000000000000177e-01 -9.642231316842461410e+02
1.325000000000000067e-01 -9.655518392403702137e+02
1.325999999999999956e-01 -9.669038356375438070e+02
1.327000000000000124e-01 -9.683560132986425515e+02
1.328000000000000014e-01 -9.697937950264512210e+02
1.329000000000000181e-01 -9.711944538973320959e+02
1.330000000000000071e-01 -9.725639506135969441e+02
1.330999999999999961e-01 -9.739110035986171852e+02
1.332000000000000128e-01 -9.752421423879355871e+02
1.333000000000000018e-01 -9.765618927023244851e+02
1.334000000000000186e-01 -9.778734239942598379e+02
1.335000000000000075e-01 -9.791783939689731824e+02
1.335999999999999965e-01 -9.804786236648893691e+02
1.337000000000000133e-01 -9.817752250643485468e+02
1.338000000000000023e-01 -9.830716972294671905e+02
1.339000000000000190e-01 -9.843668929840930559e+02
1.340000000000000080e-01 -9.856560226637726601e+02
1.340999999999999970e-01 -9.869438580067485418e+02
1.342000000000000137e-01 -9.882319490379493345e+02
1.343000000000000027e-01 -9.895190492885193407e+02
1.344000000000000195e-01 -9.908065082146165423e+02
1.345000000000000084e-01 -9.920949407435950889e+02
1.345999999999999974e-01 -9.933846874812539909e+02
1.347000000000000142e-01 -9.946759814888276878e+02
1.348000000000000032e-01 -9.959689754488308608e+02
1.349000000000000199e-01 -9.972637423879572225e+02
1.350000000000000089e-01 -9.985602742725756116e+02
1.350999999999999979e-01 -9.998584793397861858e+02
1.352000000000000146e-01 -1.001158160460904355e+03
1.353000000000000036e-01 -1.002458540600730544e+03
1.354000000000000203e-01 -1.003757743399584001e+03
1.355000000000000093e-01 -1.005055474526979083e+03
1.355999999999999983e-01 -1.006352007374383788e+03
1.357000000000000151e-01 -1.007647553732439292e+03
1.358000000000000040e-01 -1.008943009114372899e+03
1.358999999999999930e-01 -1.010237827703867765e+03
1.360000000000000098e-01 -1.011533868923712248e+03
1.360999999999999988e-01 -1.012832084604454167e+03
1.362000000000000155e-01 -1.014126845185043976e+03
1.363000000000000045e-01 -1.015419524310330303e+03
1.363999999999999935e-01 -1.016710735597836674e+03
1.365000000000000102e-01 -1.018001440603995775e+03
1.365999999999999992e-01 -1.019291980971227986e+03
1.367000000000000159e-01 -1.020582454821877377e+03
1.368000000000000049e-01 -1.021872860008514635e+03
1.368999999999999939e-01 -1.023163259883465116e+03
1.370000000000000107e-01 -1.024453735557068512e+03
1.370999999999999996e-01 -1.025744370767081364e+03
1.372000000000000164e-01 -1.027035248206426559e+03
1.373000000000000054e-01 -1.028326446945302223e+03
1.373999999999999944e-01 -1.029618039670793905e+03
1.375000000000000111e-01 -1.030910090122064958e+03
1.376000000000000001e-01 -1.032202651037029227e+03
1.377000000000000168e-01 -1.033495762532511435e+03
1.378000000000000058e-01 -1.034789450501368947e+03
1.378999999999999948e-01 -1.036083724320443707e+03
1.380000000000000115e-01 -1.037378767168573404e+03
1.381000000000000005e-01 -1.038675597274621168e+03
1.382000000000000173e-01 -1.039972997373008184e+03
1.383000000000000063e-01 -1.041270143689228917e+03
1.383999999999999952e-01 -1.042565909266675590e+03
1.385000000000000120e-01 -1.043860468704384175e+03
1.386000000000000010e-01 -1.045156730216691130e+03
1.387000000000000177e-01 -1.046455222366447515e+03
1.388000000000000067e-01 -1.047759771791712183e+03
1.388999999999999957e-01 -1.049077798198038181e+03
1.390000000000000124e-01 -1.050384195812944654e+03
1.391000000000000014e-01 -1.051692019194790873e+03
1.392000000000000182e-01 -1.053007337606753708e+03
1.393000000000000071e-01 -1.054330391482316827e+03
1.393999999999999961e-01 -1.055647515883852975e+03
1.395000000000000129e-01 -1.056961117756088697e+03
1.396000000000000019e-01 -1.058262383254745146e+03
1.397000000000000186e-01 -1.059555376146961862e+03
1.398000000000000076e-01 -1.060845582306425740e+03
1.398999999999999966e-01 -1.062127559844390589e+03
1.400000000000000133e-01 -1.063401744577445925e+03
1.401000000000000023e-01 -1.064683832886015580e+03
1.402000000000000191e-01 -1.065970911550200526e+03
1.403000000000000080e-01 -1.067258685879872019e+03
1.403999999999999970e-01 -1.068547368692288273e+03
1.405000000000000138e-01 -1.069835019832358967e+03
1.406000000000000028e-01 -1.071125705486188508e+03
1.407000000000000195e-01 -1.072430714567100267e+03
1.408000000000000085e-01 -1.073745727342352438e+03
1.408999999999999975e-01 -1.075062592645844461e+03
1.410000000000000142e-01 -1.076371590518651146e+03
1.411000000000000032e-01 -1.077667587933426603e+03
1.412000000000000199e-01 -1.078954312435485917e+03
1.413000000000000089e-01 -1.080240618812543971e+03
1.413999999999999979e-01 -1.081533857337924019e+03
1.415000000000000147e-01 -1.082837417084649587e+03
1.416000000000000036e-01 -1.084151027375673266e+03
1.417000000000000204e-01 -1.085470710304717159e+03
1.418000000000000094e-01 -1.086791557254213330e+03
1.418999999999999984e-01 -1.088110757961145964e+03
1.420000000000000151e-01 -1.089427994010746033e+03
1.421000000000000041e-01 -1.090743631677654776e+03
1.421999999999999931e-01 -1.092056007016903322e+03
1.423000000000000098e-01 -1.093358757971763680e+03
1.423999999999999988e-01 -1.094638232187090580e+03
1.425000000000000155e-01 -1.095882872829294456e+03
1.426000000000000045e-01 -1.097082494774160068e+03
1.426999999999999935e-01 -1.098224448921415842e+03
1.428000000000000103e-01 -1.099298256191423889e+03
1.428999999999999992e-01 -1.100288207817785860e+03
1.430000000000000160e-01 -1.101176242540428802e+03
1.431000000000000050e-01 -1.101942190141568744e+03
1.431999999999999940e-01 -1.102566924110082482e+03
1.433000000000000107e-01 -1.103042657158665634e+03
1.433999999999999997e-01 -1.103375355538720669e+03
1.435000000000000164e-01 -1.103559485654690434e+03
1.436000000000000054e-01 -1.103584085393130636e+03
1.436999999999999944e-01 -1.103429278945337956e+03
1.438000000000000111e-01 -1.103095700329823103e+03
1.439000000000000001e-01 -1.102569213716666809e+03
1.440000000000000169e-01 -1.101856850218211548e+03
1.441000000000000059e-01 -1.100966555674572874e+03
1.441999999999999948e-01 -1.099916575030873219e+03
1.443000000000000116e-01 -1.098837554970021984e+03
1.444000000000000006e-01 -1.097804115204368372e+03
1.445000000000000173e-01 -1.096962826049987825e+03
1.446000000000000063e-01 -1.096329056925749910e+03
1.446999999999999953e-01 -1.095881438372658749e+03
1.448000000000000120e-01 -1.095706913565214791e+03
1.449000000000000010e-01 -1.095623386989468827e+03
1.450000000000000178e-01 -1.095467484962715162e+03
1.451000000000000068e-01 -1.095255350088745672e+03
1.451999999999999957e-01 -1.094260669633101998e+03
1.453000000000000125e-01 -1.092843397543866104e+03
1.454000000000000015e-01 -1.091789279683595851e+03
1.455000000000000182e-01 -1.091548300256189577e+03
1.456000000000000072e-01 -1.091880065376209814e+03
1.456999999999999962e-01 -1.092464437310349695e+03
1.458000000000000129e-01 -1.093149568166786821e+03
1.459000000000000019e-01 -1.093925294602565828e+03
1.460000000000000187e-01 -1.094805030967409948e+03
1.461000000000000076e-01 -1.095792687740898828e+03
1.461999999999999966e-01 -1.096889580780108190e+03
1.463000000000000134e-01 -1.098072573291521167e+03
1.464000000000000024e-01 -1.099304827567343409e+03
1.465000000000000191e-01 -1.100627773084110459e+03
1.466000000000000081e-01 -1.102012253073698048e+03
1.466999999999999971e-01 -1.103423184594276563e+03
1.468000000000000138e-01 -1.104834237560272868e+03
1.469000000000000028e-01 -1.106233757904638651e+03
1.470000000000000195e-01 -1.107633449808381556e+03
1.471000000000000085e-01 -1.109039426110303793e+03
1.471999999999999975e-01 -1.110436011505933266e+03
1.473000000000000143e-01 -1.111836167036762390e+03
1.474000000000000032e-01 -1.113243742288423164e+03
1.475000000000000200e-01 -1.114659699888916521e+03
1.476000000000000090e-01 -1.116098398934076613e+03
1.476999999999999980e-01 -1.117539032174445992e+03
1.478000000000000147e-01 -1.118978674724467965e+03
1.479000000000000037e-01 -1.120421044223612853e+03
1.480000000000000204e-01 -1.121866411514793299e+03
1.481000000000000094e-01 -1.123317061275133028e+03
1.481999999999999984e-01 -1.124785859936848283e+03
1.483000000000000151e-01 -1.126243081366646948e+03
1.484000000000000041e-01 -1.127694460781615362e+03
1.485000000000000209e-01 -1.129144993185607291e+03
1.486000000000000099e-01 -1.130596624204257296e+03
1.486999999999999988e-01 -1.132053490040659653e+03
1.488000000000000156e-01 -1.133526131881652873e+03
1.489000000000000046e-01 -1.135001739862007071e+03
1.489999999999999936e-01 -1.136463548761587390e+03
1.491000000000000103e-01 -1.137920355004631119e+03
1.491999999999999993e-01 -1.139380049519146041e+03
1.493000000000000160e-01 -1.140847093315228676e+03
1.494000000000000050e-01 -1.142313604268352265e+03
1.494999999999999940e-01 -1.143780886421397554e+03
1.496000000000000107e-01 -1.145246959912404918e+03
1.496999999999999997e-01 -1.146715379925337174e+03
1.498000000000000165e-01 -1.148188491083647477e+03
1.499000000000000055e-01 -1.149663245569616038e+03
1.499999999999999944e-01 -1.151140707398273207e+03
1.501000000000000112e-01 -1.154375943718712278e+03
1.502000000000000002e-01 -1.158888972365132531e+03
1.503000000000000169e-01 -1.163949689009459007e+03
1.504000000000000059e-01 -1.169531015759615684e+03
1.504999999999999949e-01 -1.175876034145260292e+03
1.506000000000000116e-01 -1.182947009962151924e+03
1.507000000000000006e-01 -1.190766087142825882e+03
1.508000000000000174e-01 -1.199115200969285979e+03
1.509000000000000064e-01 -1.207898496003608216e+03
1.509999999999999953e-01 -1.217221428264539782e+03
1.511000000000000121e-01 -1.225458464013438515e+03
1.512000000000000011e-01 -1.231341821154933996e+03
1.513000000000000178e-01 -1.235646009970683963e+03
1.514000000000000068e-01 -1.239090076613992551e+03
1.514999999999999958e-01 -1.241863118713592257e+03
1.516000000000000125e-01 -1.244053562328568205e+03
1.517000000000000015e-01 -1.245715179523899224e+03
1.518000000000000183e-01 -1.246923461352788308e+03
1.519000000000000072e-01 -1.247839992105248257e+03
1.519999999999999962e-01 -1.248687480398826665e+03
1.521000000000000130e-01 -1.249383378001063875e+03
1.522000000000000020e-01 -1.249906844508383074e+03
1.523000000000000187e-01 -1.250267163694529472e+03
1.524000000000000077e-01 -1.250373557025586933e+03
1.524999999999999967e-01 -1.250346229657160393e+03
1.526000000000000134e-01 -1.250588668350694661e+03
1.527000000000000024e-01 -1.251670480694193202e+03
1.528000000000000191e-01 -1.253115661439111136e+03
1.529000000000000081e-01 -1.255033340909025128e+03
1.529999999999999971e-01 -1.256914152029959041e+03
1.531000000000000139e-01 -1.258461150933084809e+03
1.532000000000000028e-01 -1.259582321561978461e+03
1.533000000000000196e-01 -1.260220887092490329e+03
1.534000000000000086e-01 -1.260409542814718861e+03
1.534999999999999976e-01 -1.260258214236417871e+03
1.536000000000000143e-01 -1.259868741160465561e+03
1.537000000000000033e-01 -1.259234366030338606e+03
1.538000000000000200e-01 -1.258317256226714335e+03
1.539000000000000090e-01 -1.257064489823105077e+03
1.539999999999999980e-01 -1.255519556498455131e+03
1.541000000000000147e-01 -1.253759910334251799e+03
1.542000000000000037e-01 -1.251777271436540559e+03
1.543000000000000205e-01 -1.249532661713557673e+03
1.544000000000000095e-01 -1.247074370232450519e+03
1.544999999999999984e-01 -1.244698067334856660e+03
1.546000000000000152e-01 -1.242681640218917664e+03
1.547000000000000042e-01 -1.241187443898960055e+03
1.548000000000000209e-01 -1.240215866305519512e+03
1.549000000000000099e-01 -1.239872261984737406e+03
1.549999999999999989e-01 -1.240524155809104286e+03
1.551000000000000156e-01 -1.241965637107243538e+03
1.552000000000000046e-01 -1.243795662499325545e+03
1.552999999999999936e-01 -1.245754958813023677e+03
1.554000000000000103e-01 -1.247685864215737638e+03
1.554999999999999993e-01 -1.249520731109775170e+03
1.556000000000000161e-01 -1.251231907764196649e+03
1.557000000000000051e-01 -1.252766378967736273e+03
1.557999999999999940e-01 -1.254202239390604291e+03
1.559000000000000108e-01 -1.255554053865801961e+03
1.559999999999999998e-01 -1.256836715384790068e+03
1.561000000000000165e-01 -1.258101344651424597e+03
1.562000000000000055e-01 -1.259388458701295576e+03
1.562999999999999945e-01 -1.260736216203072217e+03
1.564000000000000112e-01 -1.262130299938577764e+03
1.565000000000000002e-01 -1.263586589420350265e+03
1.566000000000000170e-01 -1.265120830763579306e+03
1.567000000000000060e-01 -1.266693662875165046e+03
1.567999999999999949e-01 -1.268275115407669546e+03
1.569000000000000117e-01 -1.269855423133552449e+03
1.570000000000000007e-01 -1.271403279485788744e+03
1.571000000000000174e-01 -1.272923515013221959e+03
1.572000000000000064e-01 -1.274434896644358332e+03
1.572999999999999954e-01 -1.275949665644335937e+03
1.574000000000000121e-01 -1.277486936990170079e+03
1.575000000000000011e-01 -1.279035453632723829e+03
1.576000000000000179e-01 -1.280586672372277235e+03
1.577000000000000068e-01 -1.282136863703901554e+03
1.577999999999999958e-01 -1.283688521312337343e+03
1.579000000000000126e-01 -1.285231759299911118e+03
1.580000000000000016e-01 -1.286765003988889930e+03
1.581000000000000183e-01 -1.288291783500231759e+03
1.582000000000000073e-01 -1.289811966300468612e+03
1.582999999999999963e-01 -1.291331703372994070e+03
1.584000000000000130e-01 -1.292856838769582282e+03
1.585000000000000020e-01 -1.294402743363229774e+03
1.586000000000000187e-01 -1.295937774157391686e+03
1.587000000000000077e-01 -1.297476474539764013e+03
1.587999999999999967e-01 -1.299024531669633916e+03
1.589000000000000135e-01 -1.300580108529568406e+03
1.590000000000000024e-01 -1.302148196428647907e+03
1.591000000000000192e-01 -1.303734644767290092e+03
1.592000000000000082e-01 -1.305315735015169821e+03
1.592999999999999972e-01 -1.306896626824877558e+03
1.594000000000000139e-01 -1.308477094303757667e+03
1.595000000000000029e-01 -1.310059378035465215e+03
1.596000000000000196e-01 -1.311649547000616622e+03
1.597000000000000086e-01 -1.313237277153618834e+03
1.597999999999999976e-01 -1.314822628929500524e+03
1.599000000000000143e-01 -1.316407801338996933e+03
1.600000000000000033e-01 -1.317995655859253702e+03
1.601000000000000201e-01 -1.319600348511123229e+03
1.602000000000000091e-01 -1.321260032903988758e+03
1.602999999999999980e-01 -1.322981131510145588e+03
1.604000000000000148e-01 -1.324755840181347594e+03
1.605000000000000038e-01 -1.326573134285981951e+03
1.606000000000000205e-01 -1.328417340693780034e+03
1.607000000000000095e-01 -1.330279291068095972e+03
1.607999999999999985e-01 -1.332154617810612763e+03
1.609000000000000152e-01 -1.334036628902036455e+03
1.610000000000000042e-01 -1.335924087765243939e+03
1.611000000000000210e-01 -1.337813096013604536e+03
1.612000000000000099e-01 -1.339703695256887841e+03
1.612999999999999989e-01 -1.341596121093825332e+03
1.614000000000000157e-01 -1.343490440300319051e+03
1.615000000000000047e-01 -1.345385868810832790e+03
1.616000000000000214e-01 -1.347283550189468087e+03
1.617000000000000104e-01 -1.349184324102841856e+03
1.617999999999999994e-01 -1.351093416814102511e+03
1.619000000000000161e-01 -1.353005457295631459e+03
1.620000000000000051e-01 -1.354915637414715547e+03
1.620999999999999941e-01 -1.356823607057292293e+03
1.622000000000000108e-01 -1.358731834803841593e+03
1.622999999999999998e-01 -1.360638739357028726e+03
1.624000000000000166e-01 -1.362545280053095212e+03
1.625000000000000056e-01 -1.364452803611763784e+03
1.625999999999999945e-01 -1.366362753272599548e+03
1.627000000000000113e-01 -1.368280010773551794e+03
1.628000000000000003e-01 -1.370192753608827843e+03
1.629000000000000170e-01 -1.372103462269113606e+03
1.630000000000000060e-01 -1.374015834232919588e+03
1.630999999999999950e-01 -1.375931691643994782e+03
1.632000000000000117e-01 -1.377853533149830128e+03
1.633000000000000007e-01 -1.379784333984524665e+03
1.634000000000000175e-01 -1.381724264202946870e+03
1.635000000000000064e-01 -1.383672261297722343e+03
1.635999999999999954e-01 -1.385626901081049482e+03
1.637000000000000122e-01 -1.387586824650197059e+03
1.638000000000000012e-01 -1.389550925418533325e+03
1.639000000000000179e-01 -1.391518391949153056e+03
1.640000000000000069e-01 -1.393488675305607785e+03
1.640999999999999959e-01 -1.395461427094975988e+03
1.642000000000000126e-01 -1.397436435812693617e+03
1.643000000000000016e-01 -1.399413575404414132e+03
1.644000000000000183e-01 -1.401394050600688615e+03
1.645000000000000073e-01 -1.403380111820618140e+03
1.645999999999999963e-01 -1.405367499905659542e+03
1.647000000000000131e-01 -1.407353338399537279e+03
1.648000000000000020e-01 -1.409336929376189801e+03
1.649000000000000188e-01 -1.411318870249421934e+03
1.650000000000000078e-01 -1.413300357631136421e+03
1.650999999999999968e-01 -1.415282758925159442e+03
1.652000000000000135e-01 -1.417267431555127814e+03
1.653000000000000025e-01 -1.419255825088848269e+03
1.654000000000000192e-01 -1.421251979513129072e+03
1.655000000000000082e-01 -1.423264245416752829e+03
1.655999999999999972e-01 -1.425296052087364387e+03
1.657000000000000139e-01 -1.427348008811930413e+03
1.658000000000000029e-01 -1.429422327864042927e+03
1.659000000000000197e-01 -1.431520887049568955e+03
1.660000000000000087e-01 -1.433643635657610275e+03
1.660999999999999976e-01 -1.435790166930809164e+03
1.662000000000000144e-01 -1.437960301069477964e+03
1.663000000000000034e-01 -1.440154258495889053e+03
1.664000000000000201e-01 -1.442372638948373151e+03
1.665000000000000091e-01 -1.444616319738011043e+03
1.665999999999999981e-01 -1.446886401564989001e+03
1.667000000000000148e-01 -1.449185535397019976e+03
1.668000000000000038e-01 -1.451518402398833587e+03
1.669000000000000206e-01 -1.453884746712109973e+03
1.670000000000000095e-01 -1.456282576050979969e+03
1.670999999999999985e-01 -1.458713833872446685e+03
1.672000000000000153e-01 -1.461177906461924749e+03
1.673000000000000043e-01 -1.463686420181090170e+03
1.674000000000000210e-01 -1.466263494119952384e+03
1.675000000000000100e-01 -1.468943704908693235e+03
1.675999999999999990e-01 -1.471729970685494663e+03
1.677000000000000157e-01 -1.474597832625692718e+03
1.678000000000000047e-01 -1.477537473272035186e+03
1.679000000000000214e-01 -1.480547680674448429e+03
1.680000000000000104e-01 -1.483644315034542160e+03
1.680999999999999994e-01 -1.486858446045544497e+03
1.682000000000000162e-01 -1.490214540371850944e+03
1.683000000000000052e-01 -1.493729571581118080e+03
1.684000000000000219e-01 -1.497417328444521218e+03
1.685000000000000109e-01 -1.501296047676103399e+03
1.685999999999999999e-01 -1.505411775813469603e+03
1.687000000000000166e-01 -1.509799115664724013e+03
1.688000000000000056e-01 -1.514502569898019601e+03
1.688999999999999946e-01 -1.519509893269874283e+03
1.690000000000000113e-01 -1.524980618441516754e+03
1.691000000000000003e-01 -1.530956607684049231e+03
1.692000000000000171e-01 -1.537509570100279461e+03
1.693000000000000060e-01 -1.544059654587205159e+03
1.693999999999999950e-01 -1.548268032895952047e+03
1.695000000000000118e-01 -1.549981928708692521e+03
1.696000000000000008e-01 -1.551100101266921456e+03
1.697000000000000175e-01 -1.552299214652965475e+03
1.698000000000000065e-01 -1.553692682880572647e+03
1.698999999999999955e-01 -1.555307408822687421e+03
1.700000000000000122e-01 -1.557094742127226482e+03
1.701000000000000012e-01 -1.558908627127132149e+03
1.702000000000000179e-01 -1.560722073357372665e+03
1.703000000000000069e-01 -1.562563260320594964e+03
1.703999999999999959e-01 -1.564456102102489695e+03
1.705000000000000127e-01 -1.566403143781269364e+03
1.706000000000000016e-01 -1.568384979381298535e+03
1.707000000000000184e-01 -1.570377245619839414e+03
1.708000000000000074e-01 -1.572363143822609345e+03
1.708999999999999964e-01 -1.574335307903447074e+03
1.710000000000000131e-01 -1.576291631009585444e+03
1.711000000000000021e-01 -1.578233113090584311e+03
1.712000000000000188e-01 -1.580163206589551692e+03
1.713000000000000078e-01 -1.582089081185171608e+03
1.713999999999999968e-01 -1.584014791346320180e+03
1.715000000000000135e-01 -1.585944195216293792e+03
1.716000000000000025e-01 -1.587882179177809803e+03
1.717000000000000193e-01 -1.589822932954894213e+03
1.718000000000000083e-01 -1.591770193305926341e+03
1.718999999999999972e-01 -1.593731363279028074e+03
1.720000000000000140e-01 -1.595700598146150242e+03
1.721000000000000030e-01 -1.597674004108438112e+03
1.722000000000000197e-01 -1.599654290696693579e+03
1.723000000000000087e-01 -1.601641187842113823e+03
1.723999999999999977e-01 -1.603632842976085385e+03
1.725000000000000144e-01 -1.605627455763952639e+03
1.726000000000000034e-01 -1.607623482454681834e+03
1.727000000000000202e-01 -1.609619458155382517e+03
1.728000000000000091e-01 -1.611611544129809772e+03
1.728999999999999981e-01 -1.613594929699705744e+03
1.730000000000000149e-01 -1.615568847256910203e+03
1.731000000000000039e-01 -1.617535617688527509e+03
1.732000000000000206e-01 -1.619497615360559848e+03
1.733000000000000096e-01 -1.621456641672018804e+03
1.733999999999999986e-01 -1.623413996838803087e+03
1.735000000000000153e-01 -1.625370761836496058e+03
1.736000000000000043e-01 -1.627327782796638076e+03
1.737000000000000210e-01 -1.629285706572833533e+03
1.738000000000000100e-01 -1.631245082413351838e+03
1.738999999999999990e-01 -1.633206366547259904e+03
1.740000000000000158e-01 -1.635169954479367334e+03
1.741000000000000048e-01 -1.637136216083393720e+03
1.742000000000000215e-01 -1.639105302162869975e+03
1.743000000000000105e-01 -1.641077226605626493e+03
1.743999999999999995e-01 -1.643052194868276047e+03
1.745000000000000162e-01 -1.645030357645033291e+03
1.746000000000000052e-01 -1.647011706281194847e+03
1.747000000000000219e-01 -1.648996161519483394e+03
1.748000000000000109e-01 -1.650983609684339626e+03
1.748999999999999999e-01 -1.652973936434197640e+03
1.750000000000000167e-01 -1.654967140985715560e+03
1.751000000000000056e-01 -1.656963243351001665e+03
1.751999999999999946e-01 -1.658962388271114605e+03
1.753000000000000114e-01 -1.660965991795002765e+03
1.754000000000000004e-01 -1.662973664510739127e+03
1.755000000000000171e-01 -1.664985072310627174e+03
1.756000000000000061e-01 -1.667001404405495578e+03
1.756999999999999951e-01 -1.669020737498302196e+03
1.758000000000000118e-01 -1.671040486499190365e+03
1.759000000000000008e-01 -1.673060433505266019e+03
1.760000000000000175e-01 -1.675080898547304287e+03
1.761000000000000065e-01 -1.677102004343237468e+03
1.761999999999999955e-01 -1.679123695628814630e+03
1.763000000000000123e-01 -1.681145846394056434e+03
1.764000000000000012e-01 -1.683168331295363032e+03
1.765000000000000180e-01 -1.685191057712970178e+03
1.766000000000000070e-01 -1.687213998198042191e+03
1.766999999999999960e-01 -1.689237243165341170e+03
1.768000000000000127e-01 -1.691261135401613274e+03
1.769000000000000017e-01 -1.693285981697434863e+03
1.770000000000000184e-01 -1.695311975561194004e+03
1.771000000000000074e-01 -1.697335088318807493e+03
1.771999999999999964e-01 -1.699347448579462480e+03
1.773000000000000131e-01 -1.701363028299381540e+03
1.774000000000000021e-01 -1.703378634288080093e+03
1.775000000000000189e-01 -1.705393391585191694e+03
1.776000000000000079e-01 -1.707405442093986494e+03
1.776999999999999968e-01 -1.709414477935888044e+03
1.778000000000000136e-01 -1.711430566592852074e+03
1.779000000000000026e-01 -1.713448530019240934e+03
1.780000000000000193e-01 -1.715466023262491035e+03
1.781000000000000083e-01 -1.717482434820996787e+03
1.781999999999999973e-01 -1.719497893619671913e+03
1.783000000000000140e-01 -1.721512776626940649e+03
1.784000000000000030e-01 -1.723527421561732126e+03
1.785000000000000198e-01 -1.725542169690778792e+03
1.786000000000000087e-01 -1.727557485360781129e+03
1.786999999999999977e-01 -1.729574322880466980e+03
1.788000000000000145e-01 -1.731592177294388421e+03
1.789000000000000035e-01 -1.733610307099004331e+03
1.790000000000000202e-01 -1.735628728233386937e+03
1.791000000000000092e-01 -1.737647787754962337e+03
1.791999999999999982e-01 -1.739667926037376674e+03
1.793000000000000149e-01 -1.741691496096386345e+03
1.794000000000000039e-01 -1.743718699857729462e+03
1.795000000000000207e-01 -1.745747733116183781e+03
1.796000000000000096e-01 -1.747777208719723149e+03
1.796999999999999986e-01 -1.749806767420317101e+03
1.798000000000000154e-01 -1.751836925783048628e+03
1.799000000000000044e-01 -1.753868300641421911e+03
1.800000000000000211e-01 -1.755901321356709104e+03
1.801000000000000101e-01 -1.757923185488914442e+03
1.801999999999999991e-01 -1.759904104029893915e+03
1.803000000000000158e-01 -1.761844474544158857e+03
1.804000000000000048e-01 -1.763753138095492886e+03
1.805000000000000215e-01 -1.765638656870303066e+03
1.806000000000000105e-01 -1.767507627605964217e+03
1.806999999999999995e-01 -1.769364739012352175e+03
1.808000000000000163e-01 -1.771213221478966034e+03
1.809000000000000052e-01 -1.773055316520322776e+03
1.810000000000000220e-01 -1.774893608170981679e+03
1.811000000000000110e-01 -1.776727883448714692e+03
1.812000000000000000e-01 -1.778559859780519446e+03
1.813000000000000167e-01 -1.780388679261122434e+03
1.814000000000000057e-01 -1.782214502303061408e+03
1.815000000000000224e-01 -1.784038013400986756e+03
1.816000000000000114e-01 -1.785859997238903588e+03
1.817000000000000004e-01 -1.787681187926779558e+03
1.818000000000000171e-01 -1.789502177187989446e+03
1.819000000000000061e-01 -1.791323400712694365e+03
1.819999999999999951e-01 -1.793145143961528220e+03
1.821000000000000119e-01 -1.794967538120891959e+03
1.822000000000000008e-01 -1.796790210124066107e+03
1.823000000000000176e-01 -1.798611729412180466e+03
1.824000000000000066e-01 -1.800431372020361323e+03
1.824999999999999956e-01 -1.802249776726822802e+03
1.826000000000000123e-01 -1.804067637609813573e+03
1.827000000000000013e-01 -1.805885434002426109e+03
1.828000000000000180e-01 -1.807703522563994511e+03
1.829000000000000070e-01 -1.809522199119029665e+03
1.829999999999999960e-01 -1.811341669813675253e+03
1.831000000000000127e-01 -1.813162057943226046e+03
1.832000000000000017e-01 -1.814983417736413685e+03
1.833000000000000185e-01 -1.816805744308549265e+03
1.834000000000000075e-01 -1.818628971796704036e+03
1.834999999999999964e-01 -1.820452871130200492e+03
1.836000000000000132e-01 -1.822276288404797242e+03
1.837000000000000022e-01 -1.824098573878193747e+03
1.838000000000000189e-01 -1.825920168674902470e+03
1.839000000000000079e-01 -1.827741410614624101e+03
1.839999999999999969e-01 -1.829562724239782710e+03
1.841000000000000136e-01 -1.831383551409899155e+03
1.842000000000000026e-01 -1.833203996040644824e+03
1.843000000000000194e-01 -1.835024338231325373e+03
1.844000000000000083e-01 -1.836845373051451361e+03
1.844999999999999973e-01 -1.838666395281725272e+03
1.846000000000000141e-01 -1.840488903138182877e+03
1.847000000000000031e-01 -1.842312738482964278e+03
1.848000000000000198e-01 -1.844137599200161958e+03
1.849000000000000088e-01 -1.845962528093762785e+03
1.849999999999999978e-01 -1.847787073893674005e+03
1.851000000000000145e-01 -1.849611614842714062e+03
1.852000000000000035e-01 -1.851436343073421313e+03
1.853000000000000203e-01 -1.853261447508027913e+03
1.854000000000000092e-01 -1.855087084783684759e+03
1.854999999999999982e-01 -1.856913355165218718e+03
1.856000000000000150e-01 -1.858740679924608457e+03
1.857000000000000040e-01 -1.860569757495363547e+03
1.858000000000000207e-01 -1.862402810589690034e+03
1.859000000000000097e-01 -1.864239531196854387e+03
1.859999999999999987e-01 -1.866078558685024746e+03
1.861000000000000154e-01 -1.867921237823235288e+03
1.862000000000000044e-01 -1.869765952252481384e+03
1.863000000000000211e-01 -1.871607921169473457e+03
1.864000000000000101e-01 -1.873451293958001088e+03
1.864999999999999991e-01 -1.875301987030836017e+03
1.866000000000000159e-01 -1.877161707242634748e+03
1.867000000000000048e-01 -1.879029834762076007e+03
1.868000000000000216e-01 -1.880904825952336068e+03
1.869000000000000106e-01 -1.882784661636342435e+03
1.869999999999999996e-01 -1.884667729265616117e+03
1.871000000000000163e-01 -1.886552610252580280e+03
1.872000000000000053e-01 -1.888438047787007008e+03
1.873000000000000220e-01 -1.890322993942016183e+03
1.874000000000000110e-01 -1.892206782205541231e+03
1.875000000000000000e-01 -1.894089176434383944e+03
1.876000000000000167e-01 -1.895970061858294457e+03
1.877000000000000057e-01 -1.897849449244604557e+03
1.878000000000000225e-01 -1.899727532193037177e+03
1.879000000000000115e-01 -1.901604649131874339e+03
1.880000000000000004e-01 -1.903481173682649114e+03
1.881000000000000172e-01 -1.905357705067734059e+03
1.882000000000000062e-01 -1.907243390061316404e+03
1.882999999999999952e-01 -1.909134276772747853e+03
1.884000000000000119e-01 -1.911020370463980271e+03
1.885000000000000009e-01 -1.912896743196513398e+03
1.886000000000000176e-01 -1.914766186231889151e+03
1.887000000000000066e-01 -1.916634004771923173e+03
1.887999999999999956e-01 -1.918505170500176973e+03
1.889000000000000123e-01 -1.920386700568373499e+03
1.890000000000000013e-01 -1.922285001863131356e+03
1.891000000000000181e-01 -1.924198521622646240e+03
1.892000000000000071e-01 -1.926106074049020435e+03
1.892999999999999960e-01 -1.927993382715720600e+03
1.894000000000000128e-01 -1.929862447983289485e+03
1.895000000000000018e-01 -1.931726899719337780e+03
1.896000000000000185e-01 -1.933594674843611983e+03
1.897000000000000075e-01 -1.935466627719375765e+03
1.897999999999999965e-01 -1.937342495525435879e+03
1.899000000000000132e-01 -1.939225308960613120e+03
1.900000000000000022e-01 -1.941105981116040766e+03
1.901000000000000190e-01 -1.942973293630853732e+03
1.902000000000000079e-01 -1.944907497437474149e+03
1.902999999999999969e-01 -1.947107645099296178e+03
1.904000000000000137e-01 -1.949449234083786678e+03
1.905000000000000027e-01 -1.951796701803420319e+03
1.906000000000000194e-01 -1.954067607403349712e+03
1.907000000000000084e-01 -1.956256717505638562e+03
1.907999999999999974e-01 -1.958415494779802884e+03
1.909000000000000141e-01 -1.960612697949018866e+03
1.910000000000000031e-01 -1.962837185449235221e+03
1.911000000000000199e-01 -1.965007244133546010e+03
1.912000000000000088e-01 -1.967070099115787343e+03
1.912999999999999978e-01 -1.969022239746376044e+03
1.914000000000000146e-01 -1.970887140558459578e+03
1.915000000000000036e-01 -1.972695476592977002e+03
1.916000000000000203e-01 -1.974474644387407352e+03
1.917000000000000093e-01 -1.976245294230502623e+03
1.917999999999999983e-01 -1.978019824432504947e+03
1.919000000000000150e-01 -1.979799174516096855e+03
1.920000000000000040e-01 -1.981590495190308957e+03
1.921000000000000207e-01 -1.983411766406347397e+03
1.922000000000000097e-01 -1.985276212323118671e+03
1.922999999999999987e-01 -1.987182747461564304e+03
1.924000000000000155e-01 -1.989115666678226034e+03
1.925000000000000044e-01 -1.991052994495210442e+03
1.926000000000000212e-01 -1.992972719934348106e+03
1.927000000000000102e-01 -1.994856938128793445e+03
1.927999999999999992e-01 -1.996689042224527839e+03
1.929000000000000159e-01 -1.998453358235989526e+03
1.930000000000000049e-01 -2.000137129290131497e+03
1.931000000000000216e-01 -2.001724171078750942e+03
1.932000000000000106e-01 -2.003200774327136287e+03
1.932999999999999996e-01 -2.004553425428438004e+03
1.934000000000000163e-01 -2.005765951927388414e+03
1.935000000000000053e-01 -2.006821085502323740e+03
1.936000000000000221e-01 -2.007702479064497766e+03
1.937000000000000111e-01 -2.008392342979722571e+03
1.938000000000000000e-01 -2.008870881597923017e+03
1.939000000000000168e-01 -2.009127713539023489e+03
1.940000000000000058e-01 -2.009175665170955654e+03
1.941000000000000225e-01 -2.009018262018372980e+03
1.942000000000000115e-01 -2.008652957784970567e+03
1.943000000000000005e-01 -2.008093367850352024e+03
1.944000000000000172e-01 -2.007316308320534745e+03
1.945000000000000062e-01 -2.006306812674780076e+03
1.946000000000000230e-01 -2.005153142948183131e+03
1.947000000000000119e-01 -2.003927068741879339e+03
1.948000000000000009e-01 -2.002814112428220142e+03
1.949000000000000177e-01 -2.001997007788481824e+03
1.950000000000000067e-01 -2.001647364202716062e+03
1.950999999999999956e-01 -2.001817503974652709e+03
1.952000000000000124e-01 -2.002408085390281485e+03
1.953000000000000014e-01 -2.003335092708192178e+03
1.954000000000000181e-01 -2.004605659412203522e+03
1.955000000000000071e-01 -2.006241260439579264e+03
1.955999999999999961e-01 -2.008168025408799167e+03
1.957000000000000128e-01 -2.010263042714575704e+03
1.958000000000000018e-01 -2.012404696540278564e+03
1.959000000000000186e-01 -2.014497203123718236e+03
1.960000000000000075e-01 -2.016535999620450184e+03
1.960999999999999965e-01 -2.018533383297608452e+03
1.962000000000000133e-01 -2.020502496018975307e+03
1.963000000000000023e-01 -2.022454564654328578e+03
1.964000000000000190e-01 -2.024404823832109059e+03
1.965000000000000080e-01 -2.026386172560975410e+03
1.965999999999999970e-01 -2.028416672231654729e+03
1.967000000000000137e-01 -2.030480109112916580e+03
1.968000000000000027e-01 -2.032583337119815042e+03
1.969000000000000195e-01 -2.034662024335612386e+03
1.970000000000000084e-01 -2.036742516177997231e+03
1.970999999999999974e-01 -2.038704288556701613e+03
1.972000000000000142e-01 -2.040385296161890210e+03
1.973000000000000032e-01 -2.042015680985686913e+03
1.974000000000000199e-01 -2.043754460334688474e+03
1.975000000000000089e-01 -2.045392631949449651e+03
1.975999999999999979e-01 -2.047099149546224226e+03
1.977000000000000146e-01 -2.049030722191439054e+03
1.978000000000000036e-01 -2.051085841162411725e+03
1.979000000000000203e-01 -2.053180083056375679e+03
1.980000000000000093e-01 -2.055289015781054786e+03
1.980999999999999983e-01 -2.057428104801078007e+03
1.982000000000000151e-01 -2.059583225043904804e+03
1.983000000000000040e-01 -2.061744706312955259e+03
1.984000000000000208e-01 -2.063901181278272816e+03
1.985000000000000098e-01 -2.066084481517390941e+03
1.985999999999999988e-01 -2.068258006595357983e+03
1.987000000000000155e-01 -2.070447091496302619e+03
1.988000000000000045e-01 -2.072643237809092170e+03
1.989000000000000212e-01 -2.074749284616950263e+03
1.990000000000000102e-01 -2.076773914532240724e+03
1.990999999999999992e-01 -2.078733689866594432e+03
1.992000000000000159e-01 -2.080672221752020960e+03
1.993000000000000049e-01 -2.082616348882000239e+03
1.994000000000000217e-01 -2.084578301165694029e+03
1.995000000000000107e-01 -2.086561717666556888e+03
1.995999999999999996e-01 -2.088564262873509961e+03
1.997000000000000164e-01 -2.090580964281266006e+03
1.998000000000000054e-01 -2.092612456650613240e+03
1.999000000000000221e-01 -2.094648094784866316e+03
2.000000000000000111e-01 -2.096687981875955757e+03
2.001000000000000001e-01 -2.100430464398176355e+03
2.002000000000000168e-01 -2.105194388639193676e+03
2.003000000000000058e-01 -2.110324336390328426e+03
2.004000000000000226e-01 -2.115967988459090520e+03
2.005000000000000115e-01 -2.122353752069229358e+03
2.006000000000000005e-01 -2.129612227000393887e+03
2.007000000000000173e-01 -2.137649073361257251e+03
2.008000000000000063e-01 -2.146263830764753948e+03
2.009000000000000230e-01 -2.155376331229455900e+03
2.010000000000000120e-01 -2.164933160055488770e+03
2.011000000000000010e-01 -2.174679924410862441e+03
2.012000000000000177e-01 -2.184648268753094271e+03
2.013000000000000067e-01 -2.193203583697234535e+03
2.014000000000000234e-01 -2.197729171053280879e+03
2.015000000000000124e-01 -2.199922451578725031e+03
2.016000000000000014e-01 -2.201083673569055463e+03
2.017000000000000182e-01 -2.201867415706099109e+03
2.018000000000000071e-01 -2.202523572019132189e+03
2.018999999999999961e-01 -2.203237001369560858e+03
2.020000000000000129e-01 -2.203835278205446230e+03
2.021000000000000019e-01 -2.204311917710904254e+03
2.022000000000000186e-01 -2.204692512808871925e+03
2.023000000000000076e-01 -2.205334924124819281e+03
2.023999999999999966e-01 -2.207771625669830883e+03
2.025000000000000133e-01 -2.211101849558214781e+03
2.026000000000000023e-01 -2.214378810362501554e+03
2.027000000000000191e-01 -2.216949246599764137e+03
2.028000000000000080e-01 -2.218843162816247514e+03
2.028999999999999970e-01 -2.220270236931644831e+03
2.030000000000000138e-01 -2.221395192470544316e+03
2.031000000000000028e-01 -2.222280376264820461e+03
2.032000000000000195e-01 -2.222938409779263111e+03
2.033000000000000085e-01 -2.223361526994124233e+03
2.033999999999999975e-01 -2.223532963578525596e+03
2.035000000000000142e-01 -2.223436110962447856e+03
2.036000000000000032e-01 -2.223094782844464135e+03
2.037000000000000199e-01 -2.222540632146326516e+03
2.038000000000000089e-01 -2.221747257824862572e+03
2.038999999999999979e-01 -2.220685744599632926e+03
2.040000000000000147e-01 -2.219362186319426200e+03
2.041000000000000036e-01 -2.217784095506319773e+03
2.042000000000000204e-01 -2.216003977858060352e+03
2.043000000000000094e-01 -2.214092726289884922e+03
2.043999999999999984e-01 -2.211991696229148147e+03
2.045000000000000151e-01 -2.209830412334611538e+03
2.046000000000000041e-01 -2.207806698257225435e+03
2.047000000000000208e-01 -2.206605871138985094e+03
2.048000000000000098e-01 -2.206458131870692341e+03
2.048999999999999988e-01 -2.207277426582451426e+03
2.050000000000000155e-01 -2.208972081792189783e+03
2.051000000000000045e-01 -2.211240119032420807e+03
2.052000000000000213e-01 -2.213718222530631010e+03
2.053000000000000103e-01 -2.216184837189027803e+03
2.053999999999999992e-01 -2.218547365033899951e+03
2.055000000000000160e-01 -2.220725879942251595e+03
2.056000000000000050e-01 -2.222814091671402366e+03
2.057000000000000217e-01 -2.224821788415355059e+03
2.058000000000000107e-01 -2.226736628207097056e+03
2.058999999999999997e-01 -2.228593604073481856e+03
2.060000000000000164e-01 -2.230426812631566918e+03
2.061000000000000054e-01 -2.232263227285434823e+03
2.062000000000000222e-01 -2.234161255233283100e+03
2.063000000000000111e-01 -2.236179539311748613e+03
2.064000000000000001e-01 -2.238277763071685968e+03
2.065000000000000169e-01 -2.240440839692789723e+03
2.066000000000000059e-01 -2.242664318754288161e+03
2.067000000000000226e-01 -2.244888557584433329e+03
2.068000000000000116e-01 -2.247064708964788679e+03
2.069000000000000006e-01 -2.249170837041575396e+03
2.070000000000000173e-01 -2.251208332256109770e+03
2.071000000000000063e-01 -2.253197408716147038e+03
2.072000000000000230e-01 -2.255161375873386987e+03
2.073000000000000120e-01 -2.257144423237690717e+03
2.074000000000000010e-01 -2.259119115809346567e+03
2.075000000000000178e-01 -2.261117999427625364e+03
2.076000000000000068e-01 -2.263147803521208516e+03
2.077000000000000235e-01 -2.265217940495808307e+03
2.078000000000000125e-01 -2.267343279064488797e+03
2.079000000000000015e-01 -2.269478464013411212e+03
2.080000000000000182e-01 -2.271535920801611155e+03
2.081000000000000072e-01 -2.273539501252869741e+03
2.081999999999999962e-01 -2.275525077352512653e+03
2.083000000000000129e-01 -2.277511053419486871e+03
2.084000000000000019e-01 -2.279504225476731335e+03
2.085000000000000187e-01 -2.281505586247834799e+03
2.086000000000000076e-01 -2.283515157737390382e+03
2.086999999999999966e-01 -2.285534993692994249e+03
2.088000000000000134e-01 -2.287562539780717543e+03
2.089000000000000024e-01 -2.289597692773763356e+03
2.090000000000000191e-01 -2.291645859074854343e+03
2.091000000000000081e-01 -2.293686423067648320e+03
2.091999999999999971e-01 -2.295719045265934710e+03
2.093000000000000138e-01 -2.297749008430707818e+03
2.094000000000000028e-01 -2.299780586930154186e+03
2.095000000000000195e-01 -2.301814620098478372e+03
2.096000000000000085e-01 -2.303850783964207039e+03
2.096999999999999975e-01 -2.305890315161381295e+03
2.098000000000000143e-01 -2.307935456171145688e+03
2.099000000000000032e-01 -2.309985803109858807e+03
2.100000000000000200e-01 -2.312037507194512273e+03
2.101000000000000090e-01 -2.314100327035682767e+03
2.101999999999999980e-01 -2.316201224439792441e+03
2.103000000000000147e-01 -2.318337804028321898e+03
2.104000000000000037e-01 -2.320501165078300801e+03
2.105000000000000204e-01 -2.322684979147473314e+03
2.106000000000000094e-01 -2.324883149575430707e+03
2.106999999999999984e-01 -2.327093243217238978e+03
2.108000000000000151e-01 -2.329314404820660002e+03
2.109000000000000041e-01 -2.331544892844177411e+03
2.110000000000000209e-01 -2.333782489153535607e+03
2.111000000000000099e-01 -2.336025515777839246e+03
2.111999999999999988e-01 -2.338272243535118378e+03
2.113000000000000156e-01 -2.340524918521456584e+03
2.114000000000000046e-01 -2.342782993240131873e+03
2.115000000000000213e-01 -2.345044607151869059e+03
2.116000000000000103e-01 -2.347307960375339462e+03
2.116999999999999993e-01 -2.349571775089775201e+03
2.118000000000000160e-01 -2.351834000366825421e+03
2.119000000000000050e-01 -2.354093135267578418e+03
2.120000000000000218e-01 -2.356348880495082994e+03
2.121000000000000107e-01 -2.358602107051803159e+03
2.121999999999999997e-01 -2.360854300643541137e+03
2.123000000000000165e-01 -2.363106544174582268e+03
2.124000000000000055e-01 -2.365359683968159061e+03
2.125000000000000222e-01 -2.367614317750106238e+03
2.126000000000000112e-01 -2.369870871893643198e+03
2.127000000000000002e-01 -2.372129619578453458e+03
2.128000000000000169e-01 -2.374390730970827462e+03
2.129000000000000059e-01 -2.376654848200614651e+03
2.130000000000000226e-01 -2.378924548523412341e+03
2.131000000000000116e-01 -2.381200291248036592e+03
2.132000000000000006e-01 -2.383480735090448434e+03
2.133000000000000174e-01 -2.385764464523112110e+03
2.134000000000000064e-01 -2.388050541305200113e+03
2.135000000000000231e-01 -2.390338561494196256e+03
2.136000000000000121e-01 -2.392628504577368858e+03
2.137000000000000011e-01 -2.394920369647876214e+03
2.138000000000000178e-01 -2.397215568992080080e+03
2.139000000000000068e-01 -2.399512646956897697e+03
2.140000000000000235e-01 -2.401809391196062734e+03
2.141000000000000125e-01 -2.404107342395555406e+03
2.142000000000000015e-01 -2.406407020496189034e+03
2.143000000000000183e-01 -2.408709294247721118e+03
2.144000000000000072e-01 -2.411015409350306527e+03
2.145000000000000240e-01 -2.413325425922665545e+03
2.146000000000000130e-01 -2.415639237910688735e+03
2.147000000000000020e-01 -2.417957088844581904e+03
2.148000000000000187e-01 -2.420280194206524811e+03
2.149000000000000077e-01 -2.422613360242370618e+03
2.149999999999999967e-01 -2.424959615428518646e+03
2.151000000000000134e-01 -2.427319198233855332e+03
2.152000000000000024e-01 -2.429691734351143168e+03
2.153000000000000191e-01 -2.432077029696275986e+03
2.154000000000000081e-01 -2.434474480349313126e+03
2.154999999999999971e-01 -2.436885141884442874e+03
2.156000000000000139e-01 -2.439310767611388201e+03
2.157000000000000028e-01 -2.441755032565341480e+03
2.158000000000000196e-01 -2.444221992437630888e+03
2.159000000000000086e-01 -2.446712516779255111e+03
2.159999999999999976e-01 -2.449225192228640481e+03
2.161000000000000143e-01 -2.451757267838066582e+03
2.162000000000000033e-01 -2.454306427968324897e+03
2.163000000000000200e-01 -2.456870259670636642e+03
2.164000000000000090e-01 -2.459444807280208352e+03
2.164999999999999980e-01 -2.462030528677938491e+03
2.166000000000000147e-01 -2.464629618416498033e+03
2.167000000000000037e-01 -2.467248000681961912e+03
2.168000000000000205e-01 -2.469890307220756313e+03
2.169000000000000095e-01 -2.472556147864437662e+03
2.169999999999999984e-01 -2.475244187376450554e+03
2.171000000000000152e-01 -2.477954595804101245e+03
2.172000000000000042e-01 -2.480692988581718510e+03
2.173000000000000209e-01 -2.483476143625420264e+03
2.174000000000000099e-01 -2.486314921991754090e+03
2.174999999999999989e-01 -2.489213810697379813e+03
2.176000000000000156e-01 -2.492176875499101243e+03
2.177000000000000046e-01 -2.495216472456108477e+03
2.178000000000000214e-01 -2.498354614456600302e+03
2.179000000000000103e-01 -2.501606350088097770e+03
2.179999999999999993e-01 -2.504982798807274776e+03
2.181000000000000161e-01 -2.508502512887629564e+03
2.182000000000000051e-01 -2.512184992002964464e+03
2.183000000000000218e-01 -2.516047492565990524e+03
2.184000000000000108e-01 -2.520107470461398862e+03
2.184999999999999998e-01 -2.524385254248596084e+03
2.186000000000000165e-01 -2.528921435581352853e+03
2.187000000000000055e-01 -2.533760594179139844e+03
2.188000000000000222e-01 -2.538930687698872134e+03
2.189000000000000112e-01 -2.544460905069915043e+03
2.190000000000000002e-01 -2.550370503424515391e+03
2.191000000000000170e-01 -2.556806852399733998e+03
2.192000000000000060e-01 -2.563791362541676790e+03
2.193000000000000227e-01 -2.570735136810030781e+03
2.194000000000000117e-01 -2.575121547834148259e+03
2.195000000000000007e-01 -2.577132894287009094e+03
2.196000000000000174e-01 -2.578731560337852443e+03
2.197000000000000064e-01 -2.580368363462523121e+03
2.198000000000000231e-01 -2.582100558521678977e+03
2.199000000000000121e-01 -2.583985968192390374e+03
2.200000000000000011e-01 -2.585981330452274506e+03
2.201000000000000179e-01 -2.588043322188346792e+03
2.202000000000000068e-01 -2.590170410034723318e+03
2.203000000000000236e-01 -2.592371265112491528e+03
2.204000000000000126e-01 -2.594636798764999639e+03
2.205000000000000016e-01 -2.596935589513783270e+03
2.206000000000000183e-01 -2.599236845444545907e+03
2.207000000000000073e-01 -2.601524005051656331e+03
2.208000000000000240e-01 -2.603794800314605709e+03
2.209000000000000130e-01 -2.606055549812033860e+03
2.210000000000000020e-01 -2.608323884277840989e+03
2.211000000000000187e-01 -2.610609037543315480e+03
2.212000000000000077e-01 -2.612899163055667941e+03
2.213000000000000245e-01 -2.615183623821517358e+03
2.214000000000000135e-01 -2.617457146795061817e+03
2.215000000000000024e-01 -2.619717035675498664e+03
2.216000000000000192e-01 -2.621966482278458443e+03
2.217000000000000082e-01 -2.624210983082780785e+03
2.217999999999999972e-01 -2.626455995079690183e+03
2.219000000000000139e-01 -2.628704451693165538e+03
2.220000000000000029e-01 -2.630958598029607856e+03
2.221000000000000196e-01 -2.633219498606647903e+03
2.222000000000000086e-01 -2.635486187005891679e+03
2.222999999999999976e-01 -2.637756798944132242e+03
2.224000000000000143e-01 -2.640029599992545627e+03
2.225000000000000033e-01 -2.642305303182433363e+03
2.226000000000000201e-01 -2.644583904080788670e+03
2.227000000000000091e-01 -2.646864827093524582e+03
2.227999999999999980e-01 -2.649150471277802353e+03
2.229000000000000148e-01 -2.651435380633466139e+03
2.230000000000000038e-01 -2.653717751861367105e+03
2.231000000000000205e-01 -2.655997674557665050e+03
2.232000000000000095e-01 -2.658277220606742048e+03
2.232999999999999985e-01 -2.660554976072936824e+03
2.234000000000000152e-01 -2.662826300390604047e+03
2.235000000000000042e-01 -2.665090226645730127e+03
2.236000000000000210e-01 -2.667348255358430379e+03
2.237000000000000099e-01 -2.669601422327115870e+03
2.237999999999999989e-01 -2.671851082294350363e+03
2.239000000000000157e-01 -2.674098318488684981e+03
2.240000000000000047e-01 -2.676343929086434855e+03
2.241000000000000214e-01 -2.678588562662181175e+03
2.242000000000000104e-01 -2.680832579877263015e+03
2.242999999999999994e-01 -2.683075875343218740e+03
2.244000000000000161e-01 -2.685318723734647847e+03
2.245000000000000051e-01 -2.687560839552510970e+03
2.246000000000000218e-01 -2.689802319333814921e+03
2.247000000000000108e-01 -2.692043618683514524e+03
2.247999999999999998e-01 -2.694285150548001639e+03
2.249000000000000166e-01 -2.696527169140286787e+03
2.250000000000000056e-01 -2.698769689644522714e+03
2.251000000000000223e-01 -2.701012608525647011e+03
2.252000000000000113e-01 -2.703255779413884738e+03
2.253000000000000003e-01 -2.705499052109960758e+03
2.254000000000000170e-01 -2.707742296980119136e+03
2.255000000000000060e-01 -2.709985417069532559e+03
2.256000000000000227e-01 -2.712228384789940264e+03
2.257000000000000117e-01 -2.714471116270574839e+03
2.258000000000000007e-01 -2.716713701373872027e+03
2.259000000000000175e-01 -2.718955846646795180e+03
2.260000000000000064e-01 -2.721197837084278490e+03
2.261000000000000232e-01 -2.723441308763936377e+03
2.262000000000000122e-01 -2.725687027231260345e+03
2.263000000000000012e-01 -2.727934755125067568e+03
2.264000000000000179e-01 -2.730184459463161602e+03
2.265000000000000069e-01 -2.732437362849214423e+03
2.266000000000000236e-01 -2.734693799897079316e+03
2.267000000000000126e-01 -2.736953165324625388e+03
2.268000000000000016e-01 -2.739214971210918065e+03
2.269000000000000183e-01 -2.741478801176160687e+03
2.270000000000000073e-01 -2.743744330906834421e+03
2.271000000000000241e-01 -2.746011534837116869e+03
2.272000000000000131e-01 -2.748280537147740688e+03
2.273000000000000020e-01 -2.750551599567203084e+03
2.274000000000000188e-01 -2.752824885837314014e+03
2.275000000000000078e-01 -2.755100633313450544e+03
2.276000000000000245e-01 -2.757375928429647956e+03
2.277000000000000135e-01 -2.759649407887848611e+03
2.278000000000000025e-01 -2.761921369333044368e+03
2.279000000000000192e-01 -2.764192424645480060e+03
2.280000000000000082e-01 -2.766463284641165046e+03
2.280999999999999972e-01 -2.768733812009630128e+03
2.282000000000000139e-01 -2.771002814655130805e+03
2.283000000000000029e-01 -2.773268675428425922e+03
2.284000000000000197e-01 -2.775530812428372883e+03
2.285000000000000087e-01 -2.777789910702320867e+03
2.285999999999999976e-01 -2.780046743212597903e+03
2.287000000000000144e-01 -2.782302073188562645e+03
2.288000000000000034e-01 -2.784556242315512918e+03
2.289000000000000201e-01 -2.786808717913222608e+03
2.290000000000000091e-01 -2.789059181662538776e+03
2.290999999999999981e-01 -2.791307868386211339e+03
2.292000000000000148e-01 -2.793553819538887183e+03
2.293000000000000038e-01 -2.795798259105272336e+03
2.294000000000000206e-01 -2.798043377434833019e+03
2.295000000000000095e-01 -2.800283906189710251e+03
2.295999999999999985e-01 -2.802523398619420277e+03
2.297000000000000153e-01 -2.804761626099328623e+03
2.298000000000000043e-01 -2.806999639856262093e+03
2.299000000000000210e-01 -2.809237485027622370e+03
2.300000000000000100e-01 -2.811474576549265748e+03
2.300999999999999990e-01 -2.813696861926764541e+03
2.302000000000000157e-01 -2.815875122612309951e+03
2.303000000000000047e-01 -2.818012696775281711e+03
2.304000000000000214e-01 -2.820113874309715357e+03
2.305000000000000104e-01 -2.822191157560358988e+03
2.305999999999999994e-01 -2.824251185217781767e+03
2.307000000000000162e-01 -2.826297649891181663e+03
2.308000000000000052e-01 -2.828332624636979745e+03
2.309000000000000219e-01 -2.830357568660338529e+03
2.310000000000000109e-01 -2.832374403488815915e+03
2.310999999999999999e-01 -2.834384661348914506e+03
2.312000000000000166e-01 -2.836389530741112139e+03
2.313000000000000056e-01 -2.838389912805197127e+03
2.314000000000000223e-01 -2.840385851537479539e+03
2.315000000000000113e-01 -2.842376521608671283e+03
2.316000000000000003e-01 -2.844362233651558199e+03
2.317000000000000171e-01 -2.846343506441151021e+03
2.318000000000000060e-01 -2.848320810605685892e+03
2.319000000000000228e-01 -2.850294512504939576e+03
2.320000000000000118e-01 -2.852264949050472296e+03
2.321000000000000008e-01 -2.854232283510862999e+03
2.322000000000000175e-01 -2.856196610081197377e+03
2.323000000000000065e-01 -2.858158165423588798e+03
2.324000000000000232e-01 -2.860117122791543352e+03
2.325000000000000122e-01 -2.862073672390186402e+03
2.326000000000000012e-01 -2.864028659591047017e+03
2.327000000000000179e-01 -2.865979482274831753e+03
2.328000000000000069e-01 -2.867927846007495646e+03
2.329000000000000237e-01 -2.869874072729051477e+03
2.330000000000000127e-01 -2.871819924939508383e+03
2.331000000000000016e-01 -2.873766118524742524e+03
2.332000000000000184e-01 -2.875712641198430902e+03
2.333000000000000074e-01 -2.877660700071988686e+03
2.334000000000000241e-01 -2.879610745481767935e+03
2.335000000000000131e-01 -2.881567911558810010e+03
2.336000000000000021e-01 -2.883529209103457561e+03
2.337000000000000188e-01 -2.885491424588568862e+03
2.338000000000000078e-01 -2.887467418571137841e+03
2.339000000000000246e-01 -2.889460293735828145e+03
2.340000000000000135e-01 -2.891464384870550930e+03
2.341000000000000025e-01 -2.893474746217234497e+03
2.342000000000000193e-01 -2.895488039608024792e+03
2.343000000000000083e-01 -2.897501865601338523e+03
2.344000000000000250e-01 -2.899513483287745203e+03
2.345000000000000140e-01 -2.901520057359063685e+03
2.346000000000000030e-01 -2.903520832061332385e+03
2.347000000000000197e-01 -2.905516249255343610e+03
2.348000000000000087e-01 -2.907506511999188206e+03
2.348999999999999977e-01 -2.909491704256154662e+03
2.350000000000000144e-01 -2.911472784210956888e+03
2.351000000000000034e-01 -2.913450693601598232e+03
2.352000000000000202e-01 -2.915426413387220691e+03
2.353000000000000091e-01 -2.917400982575256421e+03
2.353999999999999981e-01 -2.919375288098085548e+03
2.355000000000000149e-01 -2.921350001911768686e+03
2.356000000000000039e-01 -2.923325487779754440e+03
2.357000000000000206e-01 -2.925301974070329379e+03
2.358000000000000096e-01 -2.927279493608573830e+03
2.358999999999999986e-01 -2.929257894473663328e+03
2.360000000000000153e-01 -2.931239057850739300e+03
2.361000000000000043e-01 -2.933219843984305953e+03
2.362000000000000210e-01 -2.935198580973390108e+03
2.363000000000000100e-01 -2.937176631134275340e+03
2.363999999999999990e-01 -2.939154182980196310e+03
2.365000000000000158e-01 -2.941131134503344583e+03
2.366000000000000048e-01 -2.943107490574258463e+03
2.367000000000000215e-01 -2.945083885424220625e+03
2.368000000000000105e-01 -2.947060218965154945e+03
2.368999999999999995e-01 -2.949037576140738111e+03
2.370000000000000162e-01 -2.951015715509610345e+03
2.371000000000000052e-01 -2.952994902254949920e+03
2.372000000000000219e-01 -2.954975268714456433e+03
2.373000000000000109e-01 -2.956956431112897462e+03
2.373999999999999999e-01 -2.958937880235717785e+03
2.375000000000000167e-01 -2.960919335663042148e+03
2.376000000000000056e-01 -2.962901136189321733e+03
2.377000000000000224e-01 -2.964882155731304010e+03
2.378000000000000114e-01 -2.966862204112104791e+03
2.379000000000000004e-01 -2.968841411772036736e+03
2.380000000000000171e-01 -2.970819935844755491e+03
2.381000000000000061e-01 -2.972797853998863502e+03
2.382000000000000228e-01 -2.974775143795558051e+03
2.383000000000000118e-01 -2.976751693268139206e+03
2.384000000000000008e-01 -2.978729943700746389e+03
2.385000000000000175e-01 -2.980709562500987431e+03
2.386000000000000065e-01 -2.982682794659087904e+03
2.387000000000000233e-01 -2.984650536030335388e+03
2.388000000000000123e-01 -2.986612723347472183e+03
2.389000000000000012e-01 -2.988573423872722742e+03
2.390000000000000180e-01 -2.990529447152574448e+03
2.391000000000000070e-01 -2.992485763945106555e+03
2.392000000000000237e-01 -2.994441488874166225e+03
2.393000000000000127e-01 -2.996391815130351461e+03
2.394000000000000017e-01 -2.998333834346918138e+03
2.395000000000000184e-01 -3.000275454381888721e+03
2.396000000000000074e-01 -3.002231879617617778e+03
2.397000000000000242e-01 -3.004198630265610973e+03
2.398000000000000131e-01 -3.006164147776708433e+03
2.399000000000000021e-01 -3.008126809097254409e+03
2.400000000000000189e-01 -3.010079375248877568e+03
2.401000000000000079e-01 -3.012016080396092093e+03
2.402000000000000246e-01 -3.013939434735771556e+03
2.403000000000000136e-01 -3.015854885239238229e+03
2.404000000000000026e-01 -3.017766104412569348e+03
2.405000000000000193e-01 -3.019674538671036771e+03
2.406000000000000083e-01 -3.021580620179583093e+03
2.407000000000000250e-01 -3.023484691204997944e+03
2.408000000000000140e-01 -3.025387352874251519e+03
2.409000000000000030e-01 -3.027289367680593841e+03
2.410000000000000198e-01 -3.029191376734641381e+03
2.411000000000000087e-01 -3.031093699263536564e+03
2.411999999999999977e-01 -3.032996316257411308e+03
2.413000000000000145e-01 -3.034898978942465419e+03
2.414000000000000035e-01 -3.036801337944477382e+03
2.415000000000000202e-01 -3.038703028851228737e+03
2.416000000000000092e-01 -3.040603703815850622e+03
2.416999999999999982e-01 -3.042503028680318948e+03
2.418000000000000149e-01 -3.044400667982632058e+03
2.419000000000000039e-01 -3.046296269169391508e+03
2.420000000000000207e-01 -3.048189444365028976e+03
2.421000000000000096e-01 -3.050079738168358290e+03
2.421999999999999986e-01 -3.051966557794040000e+03
2.423000000000000154e-01 -3.053848996148319657e+03
2.424000000000000044e-01 -3.055724794208992989e+03
2.425000000000000211e-01 -3.057583893967158019e+03
2.426000000000000101e-01 -3.059414062727910277e+03
2.426999999999999991e-01 -3.061208592662797855e+03
2.428000000000000158e-01 -3.062963979372895665e+03
2.429000000000000048e-01 -3.064676825824651587e+03
2.430000000000000215e-01 -3.066342254750825759e+03
2.431000000000000105e-01 -3.067953803122412864e+03
2.431999999999999995e-01 -3.069497325493352946e+03
2.433000000000000163e-01 -3.070959685187800005e+03
2.434000000000000052e-01 -3.072331317983631834e+03
2.435000000000000220e-01 -3.073607909972840844e+03
2.436000000000000110e-01 -3.074787499299453884e+03
2.437000000000000000e-01 -3.075872118198179123e+03
2.438000000000000167e-01 -3.076852988278536486e+03
2.439000000000000057e-01 -3.077713953852568011e+03
2.440000000000000224e-01 -3.078438496744788154e+03
2.441000000000000114e-01 -3.079013360565874791e+03
2.442000000000000004e-01 -3.079432492013915635e+03
2.443000000000000171e-01 -3.079725502558563676e+03
2.444000000000000061e-01 -3.079929362422155009e+03
2.445000000000000229e-01 -3.080043781624110125e+03
2.446000000000000119e-01 -3.080083741909856144e+03
2.447000000000000008e-01 -3.080091443533363872e+03
2.448000000000000176e-01 -3.080165415689647489e+03
2.449000000000000066e-01 -3.080388178407109081e+03
2.450000000000000233e-01 -3.080796231622865434e+03
2.451000000000000123e-01 -3.081398101832693101e+03
2.452000000000000013e-01 -3.082248288559947468e+03
2.453000000000000180e-01 -3.083338905715448163e+03
2.454000000000000070e-01 -3.084610770392420818e+03
2.455000000000000238e-01 -3.086035902547424485e+03
2.456000000000000127e-01 -3.087592207289908856e+03
2.457000000000000017e-01 -3.089242916983263967e+03
2.458000000000000185e-01 -3.090981445198187885e+03
2.459000000000000075e-01 -3.092796596131121532e+03
2.460000000000000242e-01 -3.094673855961542813e+03
2.461000000000000132e-01 -3.096601411825156447e+03
2.462000000000000022e-01 -3.098568340961222475e+03
2.463000000000000189e-01 -3.100573276659230032e+03
2.464000000000000079e-01 -3.102596251297942672e+03
2.465000000000000246e-01 -3.104633624743899418e+03
2.466000000000000136e-01 -3.106668135061434441e+03
2.467000000000000026e-01 -3.108733130705326403e+03
2.468000000000000194e-01 -3.110809419697585781e+03
2.469000000000000083e-01 -3.112887917884340368e+03
2.470000000000000251e-01 -3.114964881425633394e+03
2.471000000000000141e-01 -3.117031489374313878e+03
2.472000000000000031e-01 -3.119083416442390444e+03
2.473000000000000198e-01 -3.121119489572547081e+03
2.474000000000000088e-01 -3.123140061493874782e+03
2.475000000000000255e-01 -3.125146253299992168e+03
2.476000000000000145e-01 -3.127139876092683153e+03
2.477000000000000035e-01 -3.129123702287965898e+03
2.478000000000000203e-01 -3.131098957512300785e+03
2.479000000000000092e-01 -3.133066817931121022e+03
2.479999999999999982e-01 -3.135032021328660903e+03
2.481000000000000150e-01 -3.136998845282779712e+03
2.482000000000000040e-01 -3.138969673170724491e+03
2.483000000000000207e-01 -3.140946917536838555e+03
2.484000000000000097e-01 -3.142926051536857813e+03
2.484999999999999987e-01 -3.144905872915717282e+03
2.486000000000000154e-01 -3.146886258995128628e+03
2.487000000000000044e-01 -3.148867153065124057e+03
2.488000000000000211e-01 -3.150848437096887210e+03
2.489000000000000101e-01 -3.152829960800886511e+03
2.489999999999999991e-01 -3.154811515421109107e+03
2.491000000000000159e-01 -3.156792859452106768e+03
2.492000000000000048e-01 -3.158773794581869424e+03
2.493000000000000216e-01 -3.160754211747740101e+03
2.494000000000000106e-01 -3.162734047092918445e+03
2.494999999999999996e-01 -3.164713288511472456e+03
2.496000000000000163e-01 -3.166692013805021816e+03
2.497000000000000053e-01 -3.168670215220335194e+03
2.498000000000000220e-01 -3.170646438491632580e+03
2.499000000000000110e-01 -3.172620658855669717e+03
2.500000000000000000e-01 -3.174592324913947323e+03
2.500999999999999890e-01 -3.178443635773936421e+03
2.502000000000000335e-01 -3.183503088335645316e+03
2.503000000000000225e-01 -3.188822195779359845e+03
2.504000000000000115e-01 -3.194370983119551511e+03
2.505000000000000004e-01 -3.200481596167620864e+03
2.505999999999999894e-01 -3.207415918128247995e+03
2.507000000000000339e-01 -3.214794471749055901e+03
2.508000000000000229e-01 -3.221677912929671947e+03
2.509000000000000119e-01 -3.227149495415440470e+03
2.510000000000000009e-01 -3.231619032254668127e+03
2.510999999999999899e-01 -3.235574369935085087e+03
2.512000000000000344e-01 -3.239172370947929267e+03
2.513000000000000234e-01 -3.242372088668182641e+03
2.514000000000000123e-01 -3.245096415256741238e+03
2.515000000000000013e-01 -3.247493256074688361e+03
2.515999999999999903e-01 -3.249937214066600518e+03
2.517000000000000348e-01 -3.253270406575585184e+03
2.518000000000000238e-01 -3.256760272597430230e+03
2.519000000000000128e-01 -3.259463458338955206e+03
2.520000000000000018e-01 -3.261507108025824436e+03
2.520999999999999908e-01 -3.263142291036515871e+03
2.522000000000000353e-01 -3.264546627436643575e+03
2.523000000000000242e-01 -3.265835924503705428e+03
2.524000000000000132e-01 -3.267086024153499238e+03
2.525000000000000022e-01 -3.268336002482873937e+03
2.525999999999999912e-01 -3.269609923947460175e+03
2.527000000000000357e-01 -3.270937486490666743e+03
2.528000000000000247e-01 -3.272331762648850145e+03
2.529000000000000137e-01 -3.273780793631618508e+03
2.530000000000000027e-01 -3.275259705937644867e+03
2.530999999999999917e-01 -3.276754175057257726e+03
2.532000000000000361e-01 -3.278257005947766174e+03
2.533000000000000251e-01 -3.279761462254428352e+03
2.534000000000000141e-01 -3.281256202722398939e+03
2.535000000000000031e-01 -3.282725045754283201e+03
2.535999999999999921e-01 -3.284149765252844190e+03
2.537000000000000366e-01 -3.285512495601908540e+03
2.538000000000000256e-01 -3.286797906762895764e+03
2.539000000000000146e-01 -3.287991371642238846e+03
2.540000000000000036e-01 -3.289088824932929128e+03
2.540999999999999925e-01 -3.290100510711684365e+03
2.542000000000000370e-01 -3.291025569930401161e+03
2.543000000000000260e-01 -3.291862729249804943e+03
2.544000000000000150e-01 -3.292616633553113843e+03
2.545000000000000040e-01 -3.293295438427334830e+03
2.545999999999999930e-01 -3.293903390245091487e+03
2.547000000000000375e-01 -3.294444702366875845e+03
2.548000000000000265e-01 -3.294955936860548263e+03
2.549000000000000155e-01 -3.295507388942326543e+03
2.550000000000000044e-01 -3.296146850768474906e+03
2.550999999999999934e-01 -3.296882473245186247e+03
2.552000000000000379e-01 -3.297710074461503609e+03
2.553000000000000269e-01 -3.298551216472082160e+03
2.554000000000000159e-01 -3.299323713345089800e+03
2.555000000000000049e-01 -3.300140277001358299e+03
2.555999999999999939e-01 -3.300878242471370413e+03
2.557000000000000384e-01 -3.301711352051724589e+03
2.558000000000000274e-01 -3.302719151715785301e+03
2.559000000000000163e-01 -3.303903534823261907e+03
2.560000000000000053e-01 -3.305238364808493770e+03
2.560999999999999943e-01 -3.306700795060074597e+03
2.562000000000000388e-01 -3.308277191020973532e+03
2.563000000000000278e-01 -3.309957399579174762e+03
2.564000000000000168e-01 -3.311717205303959872e+03
2.565000000000000058e-01 -3.313529298028657195e+03
2.565999999999999948e-01 -3.315383712905847005e+03
2.567000000000000393e-01 -3.317274168267496862e+03
2.568000000000000282e-01 -3.319192791387341003e+03
2.569000000000000172e-01 -3.321133666160006214e+03
2.570000000000000062e-01 -3.323086946521405025e+03
2.570999999999999952e-01 -3.325057640706513212e+03
2.572000000000000397e-01 -3.327043640453767694e+03
2.573000000000000287e-01 -3.329039809005194456e+03
2.574000000000000177e-01 -3.331042247476568264e+03
2.575000000000000067e-01 -3.333044461594763561e+03
2.575999999999999956e-01 -3.335042846194020512e+03
2.576999999999999846e-01 -3.337039613302556518e+03
2.578000000000000291e-01 -3.339044950807589430e+03
2.579000000000000181e-01 -3.341057659142449211e+03
2.580000000000000071e-01 -3.343053808238081274e+03
2.580999999999999961e-01 -3.345045213694220820e+03
2.581999999999999851e-01 -3.347034830154925658e+03
2.583000000000000296e-01 -3.349018472068107712e+03
2.584000000000000186e-01 -3.350993828255088374e+03
2.585000000000000075e-01 -3.352962955240777774e+03
2.585999999999999965e-01 -3.354927697901801366e+03
2.586999999999999855e-01 -3.356889034010921023e+03
2.588000000000000300e-01 -3.358848705205651186e+03
2.589000000000000190e-01 -3.360809654982485426e+03
2.590000000000000080e-01 -3.362774365874664909e+03
2.590999999999999970e-01 -3.364743500651354680e+03
2.591999999999999860e-01 -3.366716919300786685e+03
2.593000000000000305e-01 -3.368694202464334467e+03
2.594000000000000195e-01 -3.370674848505836053e+03
2.595000000000000084e-01 -3.372658381555378128e+03
2.595999999999999974e-01 -3.374644378407097975e+03
2.596999999999999864e-01 -3.376632451638051862e+03
2.598000000000000309e-01 -3.378622697140204764e+03
2.599000000000000199e-01 -3.380616936677362901e+03
2.600000000000000089e-01 -3.382616168473589369e+03
2.600999999999999979e-01 -3.384634043834625572e+03
2.601999999999999869e-01 -3.386704514718427163e+03
2.603000000000000314e-01 -3.388828157698443192e+03
2.604000000000000203e-01 -3.390993912583182919e+03
2.605000000000000093e-01 -3.393190747926396398e+03
2.605999999999999983e-01 -3.395410379389913487e+03
2.606999999999999873e-01 -3.397647212662447146e+03
2.608000000000000318e-01 -3.399893805200754286e+03
2.609000000000000208e-01 -3.402044869115481106e+03
2.610000000000000098e-01 -3.403712523439839970e+03
2.610999999999999988e-01 -3.405300016470000628e+03
2.611999999999999877e-01 -3.406994842900942785e+03
2.613000000000000322e-01 -3.408821414552555780e+03
2.614000000000000212e-01 -3.410751785146688235e+03
2.615000000000000102e-01 -3.412759909671568039e+03
2.615999999999999992e-01 -3.414507815325822321e+03
2.616999999999999882e-01 -3.415770838226283558e+03
2.618000000000000327e-01 -3.416983534928610879e+03
2.619000000000000217e-01 -3.418285211568116665e+03
2.620000000000000107e-01 -3.419690761139081133e+03
2.620999999999999996e-01 -3.421241671045396743e+03
2.621999999999999886e-01 -3.423008968154320883e+03
2.623000000000000331e-01 -3.425023428804305695e+03
2.624000000000000221e-01 -3.427225879882759273e+03
2.625000000000000111e-01 -3.429532406159955826e+03
2.626000000000000001e-01 -3.431884986435487917e+03
2.626999999999999891e-01 -3.434253132830533104e+03
2.628000000000000336e-01 -3.436623263254043195e+03
2.629000000000000226e-01 -3.438991967995860250e+03
2.630000000000000115e-01 -3.441354267282513320e+03
2.631000000000000005e-01 -3.443707788668702506e+03
2.631999999999999895e-01 -3.446053152292931372e+03
2.633000000000000340e-01 -3.448392659087717675e+03
2.634000000000000230e-01 -3.450729363274361731e+03
2.635000000000000120e-01 -3.453066132556803041e+03
2.636000000000000010e-01 -3.455401392007857339e+03
2.636999999999999900e-01 -3.457735667027016007e+03
2.638000000000000345e-01 -3.460073537413842587e+03
2.639000000000000234e-01 -3.462417143769477661e+03
2.640000000000000124e-01 -3.464768406071332720e+03
2.641000000000000014e-01 -3.467128112159921784e+03
2.641999999999999904e-01 -3.469495717148823587e+03
2.643000000000000349e-01 -3.471870257046020924e+03
2.644000000000000239e-01 -3.474250461625368189e+03
2.645000000000000129e-01 -3.476636401951985590e+03
2.646000000000000019e-01 -3.479028167158344786e+03
2.646999999999999909e-01 -3.481425526104502751e+03
2.648000000000000353e-01 -3.483828203560904512e+03
2.649000000000000243e-01 -3.486236143572896708e+03
2.650000000000000133e-01 -3.488648984279765500e+03
2.651000000000000023e-01 -3.491062787439173462e+03
2.651999999999999913e-01 -3.493492139460474846e+03
2.653000000000000358e-01 -3.495936449883415662e+03
2.654000000000000248e-01 -3.498398152083555487e+03
2.655000000000000138e-01 -3.500879433166406670e+03
2.656000000000000028e-01 -3.503380638262099183e+03
2.656999999999999917e-01 -3.505900431992411541e+03
2.658000000000000362e-01 -3.508436319684125010e+03
2.659000000000000252e-01 -3.510988013419808794e+03
2.660000000000000142e-01 -3.513556741360035176e+03
2.661000000000000032e-01 -3.516144040329700601e+03
2.661999999999999922e-01 -3.518753878598482061e+03
2.663000000000000367e-01 -3.521393806173478879e+03
2.664000000000000257e-01 -3.524066518410169920e+03
2.665000000000000147e-01 -3.526770205050899222e+03
2.666000000000000036e-01 -3.529500215839749671e+03
2.666999999999999926e-01 -3.532251066588645699e+03
2.668000000000000371e-01 -3.535019705337134837e+03
2.669000000000000261e-01 -3.537812586029211161e+03
2.670000000000000151e-01 -3.540643200756009264e+03
2.671000000000000041e-01 -3.543522407842101984e+03
2.671999999999999931e-01 -3.546457267411162775e+03
2.673000000000000376e-01 -3.549447392343958654e+03
2.674000000000000266e-01 -3.552495553240728896e+03
2.675000000000000155e-01 -3.555617642678358152e+03
2.676000000000000045e-01 -3.558825397568741664e+03
2.676999999999999935e-01 -3.562127249078154364e+03
2.678000000000000380e-01 -3.565531346903211215e+03
2.679000000000000270e-01 -3.569047983880439006e+03
2.680000000000000160e-01 -3.572692877217848945e+03
2.681000000000000050e-01 -3.576493346352491244e+03
2.681999999999999940e-01 -3.580475152433693438e+03
2.683000000000000385e-01 -3.584656070479330083e+03
2.684000000000000274e-01 -3.589015342671285907e+03
2.685000000000000164e-01 -3.593602074140774221e+03
2.686000000000000054e-01 -3.598405039241969007e+03
2.686999999999999944e-01 -3.603538090017332706e+03
2.688000000000000389e-01 -3.609044143044736302e+03
2.689000000000000279e-01 -3.614922679445726317e+03
2.690000000000000169e-01 -3.620866749517034805e+03
2.691000000000000059e-01 -3.625426226675982434e+03
2.691999999999999948e-01 -3.628140069721709551e+03
2.693000000000000393e-01 -3.630116352581248066e+03
2.694000000000000283e-01 -3.631993636226919079e+03
2.695000000000000173e-01 -3.633893824261786449e+03
2.696000000000000063e-01 -3.635780971596685049e+03
2.696999999999999953e-01 -3.637675107419025153e+03
2.698000000000000398e-01 -3.639619197313766108e+03
2.699000000000000288e-01 -3.641640655786744901e+03
2.700000000000000178e-01 -3.643741487515337667e+03
2.701000000000000068e-01 -3.645914380183483445e+03
2.701999999999999957e-01 -3.648150195853947025e+03
2.703000000000000402e-01 -3.650432421324770530e+03
2.704000000000000292e-01 -3.652738550180701168e+03
2.705000000000000182e-01 -3.655047697067613626e+03
2.706000000000000072e-01 -3.657347147074105123e+03
2.706999999999999962e-01 -3.659631264614546581e+03
2.708000000000000407e-01 -3.661897319757719288e+03
2.709000000000000297e-01 -3.664151163355219978e+03
2.710000000000000187e-01 -3.666399316229431406e+03
2.711000000000000076e-01 -3.668645174691638204e+03
2.711999999999999966e-01 -3.670884974944419355e+03
2.712999999999999856e-01 -3.673120206302092356e+03
2.714000000000000301e-01 -3.675358195517023887e+03
2.715000000000000191e-01 -3.677602935429760691e+03
2.716000000000000081e-01 -3.679854892546870360e+03
2.716999999999999971e-01 -3.682113060927370043e+03
2.717999999999999861e-01 -3.684376056845126641e+03
2.719000000000000306e-01 -3.686641656765314565e+03
2.720000000000000195e-01 -3.688905088934219293e+03
2.721000000000000085e-01 -3.691161705862664803e+03
2.721999999999999975e-01 -3.693411361126710290e+03
2.722999999999999865e-01 -3.695655752309133732e+03
2.724000000000000310e-01 -3.697896423212627724e+03
2.725000000000000200e-01 -3.700134379183476540e+03
2.726000000000000090e-01 -3.702370251011386244e+03
2.726999999999999980e-01 -3.704604501385930689e+03
2.727999999999999869e-01 -3.706837790041467542e+03
2.729000000000000314e-01 -3.709070751522280261e+03
2.730000000000000204e-01 -3.711303345485111549e+03
2.731000000000000094e-01 -3.713535510351573976e+03
2.731999999999999984e-01 -3.715767193105802562e+03
2.732999999999999874e-01 -3.717998600824977075e+03
2.734000000000000319e-01 -3.720230638829017153e+03
2.735000000000000209e-01 -3.722463735168475068e+03
2.736000000000000099e-01 -3.724697808393234936e+03
2.736999999999999988e-01 -3.726932599863212999e+03
2.737999999999999878e-01 -3.729144545125222066e+03
2.739000000000000323e-01 -3.731302166408876474e+03
2.740000000000000213e-01 -3.733409060023353504e+03
2.741000000000000103e-01 -3.735533441432863128e+03
2.741999999999999993e-01 -3.737685254677089688e+03
2.742999999999999883e-01 -3.739855119496151019e+03
2.744000000000000328e-01 -3.742042260850633284e+03
2.745000000000000218e-01 -3.744245607067148285e+03
2.746000000000000107e-01 -3.746461809850704867e+03
2.746999999999999997e-01 -3.748686889499846075e+03
2.747999999999999887e-01 -3.750919171888870551e+03
2.749000000000000332e-01 -3.753155496584716275e+03
2.750000000000000222e-01 -3.755395758911954999e+03
2.751000000000000112e-01 -3.757640113991163616e+03
2.752000000000000002e-01 -3.759887973551712548e+03
2.752999999999999892e-01 -3.762136788336681548e+03
2.754000000000000337e-01 -3.764384928668554039e+03
2.755000000000000226e-01 -3.766631819410863045e+03
2.756000000000000116e-01 -3.768877798387382882e+03
2.757000000000000006e-01 -3.771122195488340367e+03
2.757999999999999896e-01 -3.773365516867506813e+03
2.759000000000000341e-01 -3.775608146231244064e+03
2.760000000000000231e-01 -3.777850883150266782e+03
2.761000000000000121e-01 -3.780094149309340082e+03
2.762000000000000011e-01 -3.782336816318731508e+03
2.762999999999999901e-01 -3.784578902185775405e+03
2.764000000000000346e-01 -3.786820727844296925e+03
2.765000000000000235e-01 -3.789062725869395308e+03
2.766000000000000125e-01 -3.791305988944010096e+03
2.767000000000000015e-01 -3.793549489084249672e+03
2.767999999999999905e-01 -3.795792928130287692e+03
2.769000000000000350e-01 -3.798036376512469815e+03
2.770000000000000240e-01 -3.800279979144225763e+03
2.771000000000000130e-01 -3.802524226008693404e+03
2.772000000000000020e-01 -3.804769433854572071e+03
2.772999999999999909e-01 -3.807015634810195024e+03
2.774000000000000354e-01 -3.809262752388513945e+03
2.775000000000000244e-01 -3.811510666205282632e+03
2.776000000000000134e-01 -3.813759236011065241e+03
2.777000000000000024e-01 -3.816008313859440477e+03
2.777999999999999914e-01 -3.818257559273234165e+03
2.779000000000000359e-01 -3.820506170857273446e+03
2.780000000000000249e-01 -3.822753897996335581e+03
2.781000000000000139e-01 -3.824999937108398626e+03
2.782000000000000028e-01 -3.827244124720068157e+03
2.782999999999999918e-01 -3.829486667280450547e+03
2.784000000000000363e-01 -3.831727902809694569e+03
2.785000000000000253e-01 -3.833968132698332738e+03
2.786000000000000143e-01 -3.836207559167755790e+03
2.787000000000000033e-01 -3.838446227605225886e+03
2.787999999999999923e-01 -3.840684042225824669e+03
2.789000000000000368e-01 -3.842921224839755723e+03
2.790000000000000258e-01 -3.845157868278311526e+03
2.791000000000000147e-01 -3.847394145566718180e+03
2.792000000000000037e-01 -3.849630034739928305e+03
2.792999999999999927e-01 -3.851864365881327558e+03
2.794000000000000372e-01 -3.854096078875535113e+03
2.795000000000000262e-01 -3.856324495013691376e+03
2.796000000000000152e-01 -3.858550164942747415e+03
2.797000000000000042e-01 -3.860773794884392373e+03
2.797999999999999932e-01 -3.862995964831667152e+03
2.799000000000000377e-01 -3.865217116171885209e+03
2.800000000000000266e-01 -3.867437580507575149e+03
2.801000000000000156e-01 -3.869644290839251880e+03
2.802000000000000046e-01 -3.871809516513065319e+03
2.802999999999999936e-01 -3.873936730629486647e+03
2.804000000000000381e-01 -3.876035675707802511e+03
2.805000000000000271e-01 -3.878114247972716839e+03
2.806000000000000161e-01 -3.880177981192777224e+03
2.807000000000000051e-01 -3.882230828009357083e+03
2.807999999999999940e-01 -3.884275641290072599e+03
2.809000000000000385e-01 -3.886314215173507364e+03
2.810000000000000275e-01 -3.888347824732922618e+03
2.811000000000000165e-01 -3.890377415423297407e+03
2.812000000000000055e-01 -3.892403847854356172e+03
2.812999999999999945e-01 -3.894427799757949288e+03
2.814000000000000390e-01 -3.896449885077295676e+03
2.815000000000000280e-01 -3.898470707680650776e+03
2.816000000000000170e-01 -3.900490764812227098e+03
2.817000000000000060e-01 -3.902510362522094056e+03
2.817999999999999949e-01 -3.904529620704724493e+03
2.819000000000000394e-01 -3.906548299249218417e+03
2.820000000000000284e-01 -3.908566053727244253e+03
2.821000000000000174e-01 -3.910582288724181581e+03
2.822000000000000064e-01 -3.912595673506536514e+03
2.822999999999999954e-01 -3.914605759931981993e+03
2.824000000000000399e-01 -3.916612907520285262e+03
2.825000000000000289e-01 -3.918705376221523238e+03
2.826000000000000179e-01 -3.920913846961627769e+03
2.827000000000000068e-01 -3.923100045276558376e+03
2.827999999999999958e-01 -3.925302809815754699e+03
2.829000000000000403e-01 -3.927466677545505718e+03
2.830000000000000293e-01 -3.929602820382121536e+03
2.831000000000000183e-01 -3.931725554698320138e+03
2.832000000000000073e-01 -3.933846404223084846e+03
2.832999999999999963e-01 -3.935976268005824295e+03
2.834000000000000408e-01 -3.938116226175890006e+03
2.835000000000000298e-01 -3.940261553905623714e+03
2.836000000000000187e-01 -3.942409105365497908e+03
2.837000000000000077e-01 -3.944556750901667783e+03
2.837999999999999967e-01 -3.946702869967633433e+03
2.839000000000000412e-01 -3.948845926298190534e+03
2.840000000000000302e-01 -3.950977279731313956e+03
2.841000000000000192e-01 -3.953095014319549136e+03
2.842000000000000082e-01 -3.955198250988900782e+03
2.842999999999999972e-01 -3.957286980023420256e+03
2.843999999999999861e-01 -3.959362791497300805e+03
2.845000000000000306e-01 -3.961424883932093053e+03
2.846000000000000196e-01 -3.963473314208205466e+03
2.847000000000000086e-01 -3.965515024668232400e+03
2.847999999999999976e-01 -3.967554604088707492e+03
2.848999999999999866e-01 -3.969590445434707362e+03
2.850000000000000311e-01 -3.971608934309633241e+03
2.851000000000000201e-01 -3.973608235132532627e+03
2.852000000000000091e-01 -3.975586823485073637e+03
2.852999999999999980e-01 -3.977551188649688356e+03
2.853999999999999870e-01 -3.979531453372245323e+03
2.855000000000000315e-01 -3.981526779984375935e+03
2.856000000000000205e-01 -3.983528645298843458e+03
2.857000000000000095e-01 -3.985533380665305685e+03
2.857999999999999985e-01 -3.987540107960729983e+03
2.858999999999999875e-01 -3.989548107369801528e+03
2.860000000000000320e-01 -3.991554681336822341e+03
2.861000000000000210e-01 -3.993555930798795544e+03
2.862000000000000099e-01 -3.995552024036100192e+03
2.862999999999999989e-01 -3.997543964368052457e+03
2.863999999999999879e-01 -3.999532602260719159e+03
2.865000000000000324e-01 -4.001518505796067984e+03
2.866000000000000214e-01 -4.003502007853524901e+03
2.867000000000000104e-01 -4.005483256753432670e+03
2.867999999999999994e-01 -4.007462280584706150e+03
2.868999999999999884e-01 -4.009438971490531458e+03
2.870000000000000329e-01 -4.011412151470763547e+03
2.871000000000000218e-01 -4.013379824814559925e+03
2.872000000000000108e-01 -4.015344621543475114e+03
2.872999999999999998e-01 -4.017301851095465736e+03
2.873999999999999888e-01 -4.019252489572489594e+03
2.875000000000000333e-01 -4.021198547092432818e+03
2.876000000000000223e-01 -4.023141232160051459e+03
2.877000000000000113e-01 -4.025081325888039828e+03
2.878000000000000003e-01 -4.027019327340293330e+03
2.878999999999999893e-01 -4.028955536468220998e+03
2.880000000000000338e-01 -4.030890095352313438e+03
2.881000000000000227e-01 -4.032823071030241408e+03
2.882000000000000117e-01 -4.034754491005148793e+03
2.883000000000000007e-01 -4.036684347120259645e+03
2.883999999999999897e-01 -4.038612599718973343e+03
2.885000000000000342e-01 -4.040539181648182876e+03
2.886000000000000232e-01 -4.042464157447972411e+03
2.887000000000000122e-01 -4.044387297854602366e+03
2.888000000000000012e-01 -4.046309089605583267e+03
2.888999999999999901e-01 -4.048228919184718961e+03
2.890000000000000346e-01 -4.050145672904094681e+03
2.891000000000000236e-01 -4.052058419522626082e+03
2.892000000000000126e-01 -4.053963136865594151e+03
2.893000000000000016e-01 -4.055858220365297257e+03
2.893999999999999906e-01 -4.057744423647324766e+03
2.895000000000000351e-01 -4.059627224190392099e+03
2.896000000000000241e-01 -4.061514844596059902e+03
2.897000000000000131e-01 -4.063410142756642472e+03
2.898000000000000020e-01 -4.065386012572968411e+03
2.898999999999999910e-01 -4.067455458648420517e+03
2.900000000000000355e-01 -4.069521680926002318e+03
2.901000000000000245e-01 -4.071526771256606025e+03
2.902000000000000135e-01 -4.073471515149742118e+03
2.903000000000000025e-01 -4.075374176728545535e+03
2.903999999999999915e-01 -4.077253801026867222e+03
2.905000000000000360e-01 -4.079123296083390869e+03
2.906000000000000250e-01 -4.080989774172763191e+03
2.907000000000000139e-01 -4.082860096818229067e+03
2.908000000000000029e-01 -4.084738995818738204e+03
2.908999999999999919e-01 -4.086633433427337877e+03
2.910000000000000364e-01 -4.088552644525176220e+03
2.911000000000000254e-01 -4.090482553581849970e+03
2.912000000000000144e-01 -4.092418801481898299e+03
2.913000000000000034e-01 -4.094340100962713677e+03
2.913999999999999924e-01 -4.096265346979177593e+03
2.915000000000000369e-01 -4.098229496546902737e+03
2.916000000000000258e-01 -4.100221121406257225e+03
2.917000000000000148e-01 -4.102209399346274949e+03
2.918000000000000038e-01 -4.104166001226686603e+03
2.918999999999999928e-01 -4.106073424429981969e+03
2.920000000000000373e-01 -4.107924202935631911e+03
2.921000000000000263e-01 -4.109715660240144643e+03
2.922000000000000153e-01 -4.111456793404940072e+03
2.923000000000000043e-01 -4.113159108313271645e+03
2.923999999999999932e-01 -4.114823292614950333e+03
2.925000000000000377e-01 -4.116439956262252963e+03
2.926000000000000267e-01 -4.117997775588857621e+03
2.927000000000000157e-01 -4.119477626965860509e+03
2.928000000000000047e-01 -4.120850814451539918e+03
2.928999999999999937e-01 -4.122088701454787042e+03
2.930000000000000382e-01 -4.123167894505849290e+03
2.931000000000000272e-01 -4.124070630139241985e+03
2.932000000000000162e-01 -4.124783260626421907e+03
2.933000000000000052e-01 -4.125295564657011710e+03
2.933999999999999941e-01 -4.125566399745290255e+03
2.935000000000000386e-01 -4.125589854512346392e+03
2.936000000000000276e-01 -4.125413426892300777e+03
2.937000000000000166e-01 -4.125078376255160947e+03
2.938000000000000056e-01 -4.124583664128942473e+03
2.938999999999999946e-01 -4.123901848496662751e+03
2.940000000000000391e-01 -4.123034822250681827e+03
2.941000000000000281e-01 -4.122040054706391857e+03
2.942000000000000171e-01 -4.121007794389904120e+03
2.943000000000000060e-01 -4.119927344746909512e+03
2.943999999999999950e-01 -4.118919025605687239e+03
2.945000000000000395e-01 -4.118406377251386402e+03
2.946000000000000285e-01 -4.118537760033330414e+03
2.947000000000000175e-01 -4.119234135529388368e+03
2.948000000000000065e-01 -4.120405031990771931e+03
2.948999999999999955e-01 -4.121951606695151895e+03
2.950000000000000400e-01 -4.123812798660544104e+03
2.951000000000000290e-01 -4.125962941901274462e+03
2.952000000000000179e-01 -4.128325024953710454e+03
2.953000000000000069e-01 -4.130778080095278710e+03
2.953999999999999959e-01 -4.133160421018833404e+03
2.955000000000000404e-01 -4.135414170268648377e+03
2.956000000000000294e-01 -4.137568053046954446e+03
2.957000000000000184e-01 -4.139598041659885894e+03
2.958000000000000074e-01 -4.141480542798634815e+03
2.958999999999999964e-01 -4.143300554931068291e+03
2.960000000000000409e-01 -4.145101788398712415e+03
2.961000000000000298e-01 -4.146910855031826941e+03
2.962000000000000188e-01 -4.148741200210823990e+03
2.963000000000000078e-01 -4.150594495523710066e+03
2.963999999999999968e-01 -4.152488964126745486e+03
2.965000000000000413e-01 -4.154466377984784231e+03
2.966000000000000303e-01 -4.156500637664893475e+03
2.967000000000000193e-01 -4.158545962730824613e+03
2.968000000000000083e-01 -4.160588478180750826e+03
2.968999999999999972e-01 -4.162614499287475155e+03
2.970000000000000417e-01 -4.164610843283810937e+03
2.971000000000000307e-01 -4.166572996776608306e+03
2.972000000000000197e-01 -4.168500334921162903e+03
2.973000000000000087e-01 -4.170398861680603659e+03
2.973999999999999977e-01 -4.172283501853529742e+03
2.974999999999999867e-01 -4.174185026924671547e+03
2.976000000000000312e-01 -4.176091431858519172e+03
2.977000000000000202e-01 -4.178018604037581099e+03
2.978000000000000091e-01 -4.179982821179622988e+03
2.978999999999999981e-01 -4.181964180508125537e+03
2.979999999999999871e-01 -4.183999802471846124e+03
2.981000000000000316e-01 -4.186093633050614699e+03
2.982000000000000206e-01 -4.188216583000860737e+03
2.983000000000000096e-01 -4.190313634120570896e+03
2.983999999999999986e-01 -4.192370912263209902e+03
2.984999999999999876e-01 -4.194382433722700625e+03
2.986000000000000321e-01 -4.196357139865895988e+03
2.987000000000000210e-01 -4.198311877497989371e+03
2.988000000000000100e-01 -4.200261830124329208e+03
2.988999999999999990e-01 -4.202219650145800188e+03
2.989999999999999880e-01 -4.204190376037454371e+03
2.991000000000000325e-01 -4.206173540556145781e+03
2.992000000000000215e-01 -4.208167126855789320e+03
2.993000000000000105e-01 -4.210170477532086807e+03
2.993999999999999995e-01 -4.212192486338617528e+03
2.994999999999999885e-01 -4.214224163338116341e+03
2.996000000000000330e-01 -4.216258428092425675e+03
2.997000000000000219e-01 -4.218300752932743308e+03
2.998000000000000109e-01 -4.220354749168434864e+03
2.998999999999999999e-01 -4.222419944665083676e+03
2.999999999999999889e-01 -4.224493221784484376e+03
3.001000000000000334e-01 -4.228390507890343542e+03
3.002000000000000224e-01 -4.233665947648140900e+03
3.003000000000000114e-01 -4.239369227687711827e+03
3.004000000000000004e-01 -4.245377269673103001e+03
3.004999999999999893e-01 -4.252012380547205794e+03
3.006000000000000338e-01 -4.259508666903017001e+03
3.007000000000000228e-01 -4.267758649850250549e+03
3.008000000000000118e-01 -4.276352827705299205e+03
3.009000000000000008e-01 -4.284291745865778466e+03
3.009999999999999898e-01 -4.291232819251070396e+03
3.011000000000000343e-01 -4.297535792641570879e+03
3.012000000000000233e-01 -4.302701953147668974e+03
3.013000000000000123e-01 -4.306945369448616475e+03
3.014000000000000012e-01 -4.310416949268014832e+03
3.014999999999999902e-01 -4.313217786419644654e+03
3.016000000000000347e-01 -4.315508869233845871e+03
3.017000000000000237e-01 -4.317390109855279661e+03
3.018000000000000127e-01 -4.318976399926624254e+03
3.019000000000000017e-01 -4.320390870508758780e+03
3.019999999999999907e-01 -4.321878534341567502e+03
3.021000000000000352e-01 -4.323489204341519326e+03
3.022000000000000242e-01 -4.325546592476443038e+03
3.023000000000000131e-01 -4.328366947057619655e+03
3.024000000000000021e-01 -4.331396978565735481e+03
3.024999999999999911e-01 -4.333931038800717943e+03
3.026000000000000356e-01 -4.335906771103127539e+03
3.027000000000000246e-01 -4.337465822871912678e+03
3.028000000000000136e-01 -4.338737709760290272e+03
3.029000000000000026e-01 -4.339785936673396463e+03
3.029999999999999916e-01 -4.340603251605099103e+03
3.031000000000000361e-01 -4.341178402977026053e+03
3.032000000000000250e-01 -4.341523497374629187e+03
3.033000000000000140e-01 -4.341653492964231191e+03
3.034000000000000030e-01 -4.341576798213315669e+03
3.034999999999999920e-01 -4.341346554727049806e+03
3.036000000000000365e-01 -4.340993845717336626e+03
3.037000000000000255e-01 -4.340499023453601694e+03
3.038000000000000145e-01 -4.339847581945099591e+03
3.039000000000000035e-01 -4.338987074141417907e+03
3.039999999999999925e-01 -4.337971457667164032e+03
3.041000000000000369e-01 -4.336898406035516928e+03
3.042000000000000259e-01 -4.335772877301364133e+03
3.043000000000000149e-01 -4.334704628728632088e+03
3.044000000000000039e-01 -4.333954785316477682e+03
3.044999999999999929e-01 -4.333853463948248645e+03
3.046000000000000374e-01 -4.334362177813963172e+03
3.047000000000000264e-01 -4.335414490029390436e+03
3.048000000000000154e-01 -4.336944673322670496e+03
3.049000000000000044e-01 -4.338810171886208991e+03
3.049999999999999933e-01 -4.340914063203198566e+03
3.051000000000000378e-01 -4.343186578887299220e+03
3.052000000000000268e-01 -4.345535008996066608e+03
3.053000000000000158e-01 -4.347854131498042079e+03
3.054000000000000048e-01 -4.350136310541252897e+03
3.054999999999999938e-01 -4.352320464540977810e+03
3.056000000000000383e-01 -4.354384376962554597e+03
3.057000000000000273e-01 -4.356345632255026430e+03
3.058000000000000163e-01 -4.358237528407173158e+03
3.059000000000000052e-01 -4.360071910153389581e+03
3.059999999999999942e-01 -4.361939977025567714e+03
3.061000000000000387e-01 -4.363838031919305649e+03
3.062000000000000277e-01 -4.365763067711216536e+03
3.063000000000000167e-01 -4.367742488563688312e+03
3.064000000000000057e-01 -4.369810801499754234e+03
3.064999999999999947e-01 -4.371939006204328507e+03
3.066000000000000392e-01 -4.374088112819897106e+03
3.067000000000000282e-01 -4.376229185831017276e+03
3.068000000000000171e-01 -4.378344000758647780e+03
3.069000000000000061e-01 -4.380423083172756378e+03
3.069999999999999951e-01 -4.382463543121251860e+03
3.071000000000000396e-01 -4.384467537743542380e+03
3.072000000000000286e-01 -4.386439527440533311e+03
3.073000000000000176e-01 -4.388386740380142328e+03
3.074000000000000066e-01 -4.390317408635439278e+03
3.074999999999999956e-01 -4.392239816668830827e+03
3.076000000000000401e-01 -4.394171688418167832e+03
3.077000000000000290e-01 -4.396126029273025779e+03
3.078000000000000180e-01 -4.398105419059941596e+03
3.079000000000000070e-01 -4.400114501333910084e+03
3.079999999999999960e-01 -4.402151194464056971e+03
3.081000000000000405e-01 -4.404202192385901981e+03
3.082000000000000295e-01 -4.406302180602096996e+03
3.083000000000000185e-01 -4.408437408090522695e+03
3.084000000000000075e-01 -4.410562840000920005e+03
3.084999999999999964e-01 -4.412661757413846317e+03
3.086000000000000409e-01 -4.414727507236082602e+03
3.087000000000000299e-01 -4.416763787823431812e+03
3.088000000000000189e-01 -4.418779302257999916e+03
3.089000000000000079e-01 -4.420782811264336488e+03
3.089999999999999969e-01 -4.422780898316108505e+03
3.091000000000000414e-01 -4.424777804612963337e+03
3.092000000000000304e-01 -4.426776764464709231e+03
3.093000000000000194e-01 -4.428782345653434277e+03
3.094000000000000083e-01 -4.430794995754054071e+03
3.094999999999999973e-01 -4.432813170532260301e+03
3.096000000000000418e-01 -4.434835933841254700e+03
3.097000000000000308e-01 -4.436862651477433246e+03
3.098000000000000198e-01 -4.438894201958259146e+03
3.099000000000000088e-01 -4.440930178781454742e+03
3.099999999999999978e-01 -4.442966693979836236e+03
3.101000000000000423e-01 -4.445016235253983723e+03
3.102000000000000313e-01 -4.447115334209388493e+03
3.103000000000000203e-01 -4.449268903345964645e+03
3.104000000000000092e-01 -4.451470281495479867e+03
3.104999999999999982e-01 -4.453708036194122542e+03
3.105999999999999872e-01 -4.455970701438943252e+03
3.107000000000000317e-01 -4.458198852967570929e+03
3.108000000000000207e-01 -4.460236469242844578e+03
3.109000000000000097e-01 -4.462251375172196276e+03
3.109999999999999987e-01 -4.464323735097240387e+03
3.110999999999999877e-01 -4.466463572843367729e+03
3.112000000000000322e-01 -4.468660178053784875e+03
3.113000000000000211e-01 -4.470837393895171772e+03
3.114000000000000101e-01 -4.472881587405651771e+03
3.114999999999999991e-01 -4.474924977103641140e+03
3.115999999999999881e-01 -4.477021867969757295e+03
3.117000000000000326e-01 -4.479177284433907516e+03
3.118000000000000216e-01 -4.481380960822507404e+03
3.119000000000000106e-01 -4.483618751393897583e+03
3.119999999999999996e-01 -4.485887320698064286e+03
3.120999999999999885e-01 -4.488196418032136535e+03
3.122000000000000330e-01 -4.490540517676757190e+03
3.123000000000000220e-01 -4.492904915333523604e+03
3.124000000000000110e-01 -4.495275493271398773e+03
3.125000000000000000e-01 -4.497643692969142649e+03
3.125999999999999890e-01 -4.500003598718554713e+03
3.127000000000000335e-01 -4.502345962652785602e+03
3.128000000000000225e-01 -4.504671643150726595e+03
3.129000000000000115e-01 -4.506986471410878949e+03
3.130000000000000004e-01 -4.509294833603716143e+03
3.130999999999999894e-01 -4.511600518989503144e+03
3.132000000000000339e-01 -4.513906416262945640e+03
3.133000000000000229e-01 -4.516214430241047921e+03
3.134000000000000119e-01 -4.518522669253691674e+03
3.135000000000000009e-01 -4.520829958938888922e+03
3.135999999999999899e-01 -4.523138732023749071e+03
3.137000000000000344e-01 -4.525451386693237509e+03
3.138000000000000234e-01 -4.527769488644400553e+03
3.139000000000000123e-01 -4.530094245599739224e+03
3.140000000000000013e-01 -4.532428818601973944e+03
3.140999999999999903e-01 -4.534774501178120772e+03
3.142000000000000348e-01 -4.537130397601161349e+03
3.143000000000000238e-01 -4.539495044094449440e+03
3.144000000000000128e-01 -4.541867177349193298e+03
3.145000000000000018e-01 -4.544246307736524614e+03
3.145999999999999908e-01 -4.546631034727636688e+03
3.147000000000000353e-01 -4.549020103114635276e+03
3.148000000000000242e-01 -4.551412768260945995e+03
3.149000000000000132e-01 -4.553808414578051270e+03
3.150000000000000022e-01 -4.556206550915083426e+03
3.150999999999999912e-01 -4.558606901643673154e+03
3.152000000000000357e-01 -4.561009429003333935e+03
3.153000000000000247e-01 -4.563414289912727327e+03
3.154000000000000137e-01 -4.565821768114967199e+03
3.155000000000000027e-01 -4.568232223607254127e+03
3.155999999999999917e-01 -4.570646102028388668e+03
3.157000000000000361e-01 -4.573064351882987467e+03
3.158000000000000251e-01 -4.575490382095217683e+03
3.159000000000000141e-01 -4.577927009502010151e+03
3.160000000000000031e-01 -4.580378067196353186e+03
3.160999999999999921e-01 -4.582849539284392449e+03
3.162000000000000366e-01 -4.585342768023264398e+03
3.163000000000000256e-01 -4.587856963156898928e+03
3.164000000000000146e-01 -4.590391172079592252e+03
3.165000000000000036e-01 -4.592944965726072041e+03
3.165999999999999925e-01 -4.595518500280799344e+03
3.167000000000000370e-01 -4.598112347615694489e+03
3.168000000000000260e-01 -4.600727314417444177e+03
3.169000000000000150e-01 -4.603364365220159925e+03
3.170000000000000040e-01 -4.606024720332395191e+03
3.170999999999999930e-01 -4.608710291734866587e+03
3.172000000000000375e-01 -4.611428955611443598e+03
3.173000000000000265e-01 -4.614205291386455428e+03
3.174000000000000155e-01 -4.617058209869122038e+03
3.175000000000000044e-01 -4.619998851991097581e+03
3.175999999999999934e-01 -4.623037798307937919e+03
3.177000000000000379e-01 -4.626188267831424128e+03
3.178000000000000269e-01 -4.629455952683280884e+03
3.179000000000000159e-01 -4.632842182617559956e+03
3.180000000000000049e-01 -4.636348634306194981e+03
3.180999999999999939e-01 -4.639977312734526095e+03
3.182000000000000384e-01 -4.643735122341479837e+03
3.183000000000000274e-01 -4.647651858940535021e+03
3.184000000000000163e-01 -4.651769299674814647e+03
3.185000000000000053e-01 -4.656114987290942736e+03
3.185999999999999943e-01 -4.660672815542039643e+03
3.187000000000000388e-01 -4.665520054531691130e+03
3.188000000000000278e-01 -4.670699576189039362e+03
3.189000000000000168e-01 -4.676293622941723697e+03
3.190000000000000058e-01 -4.682367538458111085e+03
3.190999999999999948e-01 -4.688761187668411367e+03
3.192000000000000393e-01 -4.695328145243862309e+03
3.193000000000000282e-01 -4.700221791959248549e+03
3.194000000000000172e-01 -4.702855699176064263e+03
3.195000000000000062e-01 -4.704798677271595807e+03
3.195999999999999952e-01 -4.706534828469562854e+03
3.197000000000000397e-01 -4.708265656101824788e+03
3.198000000000000287e-01 -4.710108846259552593e+03
3.199000000000000177e-01 -4.712066328872504528e+03
3.200000000000000067e-01 -4.714088472491878747e+03
3.200999999999999956e-01 -4.716169136905350570e+03
3.202000000000000401e-01 -4.718311861904004218e+03
3.203000000000000291e-01 -4.720513556946304561e+03
3.204000000000000181e-01 -4.722767172245435177e+03
3.205000000000000071e-01 -4.725060114231943771e+03
3.205999999999999961e-01 -4.727383373975468203e+03
3.207000000000000406e-01 -4.729733149551417227e+03
3.208000000000000296e-01 -4.732198828289736412e+03
3.209000000000000186e-01 -4.734955787525981577e+03
3.210000000000000075e-01 -4.738445274797650200e+03
3.210999999999999965e-01 -4.742731215816040276e+03
3.212000000000000410e-01 -4.747052467104659627e+03
3.213000000000000300e-01 -4.750713869304008767e+03
3.214000000000000190e-01 -4.753787952878636133e+03
3.215000000000000080e-01 -4.756503047369173146e+03
3.215999999999999970e-01 -4.759016244714079221e+03
3.217000000000000415e-01 -4.761421721652083761e+03
3.218000000000000305e-01 -4.763774403889614405e+03
3.219000000000000195e-01 -4.766101434704886742e+03
3.220000000000000084e-01 -4.768414882767722702e+03
3.220999999999999974e-01 -4.770720047764892115e+03
3.222000000000000419e-01 -4.773019146308051859e+03
3.223000000000000309e-01 -4.775312219748825555e+03
3.224000000000000199e-01 -4.777599262755885320e+03
3.225000000000000089e-01 -4.779882167670737545e+03
3.225999999999999979e-01 -4.782164186686424728e+03
3.227000000000000424e-01 -4.784446606448549574e+03
3.228000000000000314e-01 -4.786729447158228140e+03
3.229000000000000203e-01 -4.789014270180985477e+03
3.230000000000000093e-01 -4.791303089971084773e+03
3.230999999999999983e-01 -4.793595240149638812e+03
3.232000000000000428e-01 -4.795889515983416459e+03
3.233000000000000318e-01 -4.798182384123650991e+03
3.234000000000000208e-01 -4.800472608267913529e+03
3.235000000000000098e-01 -4.802762821333545617e+03
3.235999999999999988e-01 -4.805050902861181385e+03
3.237000000000000433e-01 -4.807335010400296596e+03
3.238000000000000322e-01 -4.809615311982504863e+03
3.239000000000000212e-01 -4.811892617792242163e+03
3.240000000000000102e-01 -4.814167747706382215e+03
3.240999999999999992e-01 -4.816441373247761476e+03
3.241999999999999882e-01 -4.818714022770721385e+03
3.243000000000000327e-01 -4.820986119270613926e+03
3.244000000000000217e-01 -4.823258009878077246e+03
3.245000000000000107e-01 -4.825529980347242599e+03
3.245999999999999996e-01 -4.827802258475994677e+03
3.246999999999999886e-01 -4.830075012276425696e+03
3.248000000000000331e-01 -4.832348347620149980e+03
3.249000000000000221e-01 -4.834623100924019127e+03
3.250000000000000111e-01 -4.836898650769764572e+03
3.251000000000000001e-01 -4.839173044879118606e+03
3.251999999999999891e-01 -4.841447509325670580e+03
3.253000000000000336e-01 -4.843722439991640385e+03
3.254000000000000226e-01 -4.845997749715341342e+03
3.255000000000000115e-01 -4.848274745038874244e+03
3.256000000000000005e-01 -4.850553592442559420e+03
3.256999999999999895e-01 -4.852828479382074875e+03
3.258000000000000340e-01 -4.855102214424596241e+03
3.259000000000000230e-01 -4.857375560211156881e+03
3.260000000000000120e-01 -4.859648532808681011e+03
3.261000000000000010e-01 -4.861921006701402803e+03
3.261999999999999900e-01 -4.864192606991347020e+03
3.263000000000000345e-01 -4.866463671505464845e+03
3.264000000000000234e-01 -4.868734281353968072e+03
3.265000000000000124e-01 -4.871004191112240733e+03
3.266000000000000014e-01 -4.873273366922649075e+03
3.266999999999999904e-01 -4.875541856245613417e+03
3.268000000000000349e-01 -4.877809764344984615e+03
3.269000000000000239e-01 -4.880077168669204184e+03
3.270000000000000129e-01 -4.882342957081491477e+03
3.271000000000000019e-01 -4.884605366901013440e+03
3.271999999999999909e-01 -4.886864261107862148e+03
3.273000000000000353e-01 -4.889120440166701883e+03
3.274000000000000243e-01 -4.891374723660622294e+03
3.275000000000000133e-01 -4.893627691892443181e+03
3.276000000000000023e-01 -4.895879738068239021e+03
3.276999999999999913e-01 -4.898131116750319961e+03
3.278000000000000358e-01 -4.900381988991652179e+03
3.279000000000000248e-01 -4.902632459463470695e+03
3.280000000000000138e-01 -4.904882594469089781e+03
3.281000000000000028e-01 -4.907132440226306244e+03
3.281999999999999917e-01 -4.909382032040504782e+03
3.283000000000000362e-01 -4.911631399167547897e+03
3.284000000000000252e-01 -4.913880567533836256e+03
3.285000000000000142e-01 -4.916129561264215226e+03
3.286000000000000032e-01 -4.918378098614924056e+03
3.286999999999999922e-01 -4.920624945103461869e+03
3.288000000000000367e-01 -4.922868710558073872e+03
3.289000000000000257e-01 -4.925109288568237389e+03
3.290000000000000147e-01 -4.927346494069089204e+03
3.291000000000000036e-01 -4.929578563870552898e+03
3.291999999999999926e-01 -4.931803906832939902e+03
3.293000000000000371e-01 -4.934022202068776096e+03
3.294000000000000261e-01 -4.936234851212424473e+03
3.295000000000000151e-01 -4.938443399687047531e+03
3.296000000000000041e-01 -4.940649060676882982e+03
3.296999999999999931e-01 -4.942852589644178806e+03
3.298000000000000376e-01 -4.945054337480651157e+03
3.299000000000000266e-01 -4.947255566116912632e+03
3.300000000000000155e-01 -4.949456095103450934e+03
3.301000000000000045e-01 -4.951643339786515753e+03
3.301999999999999935e-01 -4.953791954426532357e+03
3.303000000000000380e-01 -4.955905252696748903e+03
3.304000000000000270e-01 -4.957992046523721910e+03
3.305000000000000160e-01 -4.960059552417176747e+03
3.306000000000000050e-01 -4.962112929903784789e+03
3.306999999999999940e-01 -4.964155771591049415e+03
3.308000000000000385e-01 -4.966190558421749301e+03
3.309000000000000274e-01 -4.968218878101884911e+03
3.310000000000000164e-01 -4.970241324747218641e+03
3.311000000000000054e-01 -4.972258392591606025e+03
3.311999999999999944e-01 -4.974271031723478700e+03
3.313000000000000389e-01 -4.976280127366552733e+03
3.314000000000000279e-01 -4.978286285065440097e+03
3.315000000000000169e-01 -4.980289826089838243e+03
3.316000000000000059e-01 -4.982290493766687177e+03
3.316999999999999948e-01 -4.984288009816067643e+03
3.318000000000000393e-01 -4.986282527940572436e+03
3.319000000000000283e-01 -4.988274231449794570e+03
3.320000000000000173e-01 -4.990262884560243037e+03
3.321000000000000063e-01 -4.992247960479347057e+03
3.321999999999999953e-01 -4.994229527855696688e+03
3.323000000000000398e-01 -4.996207880112367093e+03
3.324000000000000288e-01 -4.998183231318363141e+03
3.325000000000000178e-01 -5.000155462533860373e+03
3.326000000000000068e-01 -5.002122735439800636e+03
3.326999999999999957e-01 -5.004084075098536232e+03
3.328000000000000402e-01 -5.006040305764575351e+03
3.329000000000000292e-01 -5.007992431239653342e+03
3.330000000000000182e-01 -5.009941282580343795e+03
3.331000000000000072e-01 -5.011887389715529025e+03
3.331999999999999962e-01 -5.013831565803002377e+03
3.333000000000000407e-01 -5.015774861527124813e+03
3.334000000000000297e-01 -5.017716737553093481e+03
3.335000000000000187e-01 -5.019657961833792797e+03
3.336000000000000076e-01 -5.021598559562859919e+03
3.336999999999999966e-01 -5.023538382179465771e+03
3.338000000000000411e-01 -5.025477358637169345e+03
3.339000000000000301e-01 -5.027416181451032571e+03
3.340000000000000191e-01 -5.029353754338965700e+03
3.341000000000000081e-01 -5.031289695889858194e+03
3.341999999999999971e-01 -5.033226189503920978e+03
3.343000000000000416e-01 -5.035160716357934689e+03
3.344000000000000306e-01 -5.037093862286417789e+03
3.345000000000000195e-01 -5.039027243465655374e+03
3.346000000000000085e-01 -5.040963832874735090e+03
3.346999999999999975e-01 -5.042905962453924076e+03
3.348000000000000420e-01 -5.044857474314564570e+03
3.349000000000000310e-01 -5.046825632944348399e+03
3.350000000000000200e-01 -5.048808794166343432e+03
3.351000000000000090e-01 -5.050800746814286867e+03
3.351999999999999980e-01 -5.052795961317538968e+03
3.353000000000000425e-01 -5.054798129339612387e+03
3.354000000000000314e-01 -5.056804451274718303e+03
3.355000000000000204e-01 -5.058815219538038946e+03
3.356000000000000094e-01 -5.060823606744967947e+03
3.356999999999999984e-01 -5.062822785848981766e+03
3.358000000000000429e-01 -5.064812053824680333e+03
3.359000000000000319e-01 -5.066793736888566855e+03
3.360000000000000209e-01 -5.068771385002641182e+03
3.361000000000000099e-01 -5.070747233547085671e+03
3.361999999999999988e-01 -5.072722621567137139e+03
3.363000000000000433e-01 -5.074700208208241747e+03
3.364000000000000323e-01 -5.076681932531842904e+03
3.365000000000000213e-01 -5.078671396823438954e+03
3.366000000000000103e-01 -5.080670836855722882e+03
3.366999999999999993e-01 -5.082675396719292621e+03
3.368000000000000438e-01 -5.084678373169665974e+03
3.369000000000000328e-01 -5.086675717925604658e+03
3.370000000000000218e-01 -5.088666388297826416e+03
3.371000000000000107e-01 -5.090651319915867134e+03
3.371999999999999997e-01 -5.092632386572812720e+03
3.372999999999999887e-01 -5.094610881502941993e+03
3.374000000000000332e-01 -5.096584773903926362e+03
3.375000000000000222e-01 -5.098551582185453299e+03
3.376000000000000112e-01 -5.100511879875130944e+03
3.377000000000000002e-01 -5.102466976629757482e+03
3.377999999999999892e-01 -5.104417575436637890e+03
3.379000000000000337e-01 -5.106363791754051817e+03
3.380000000000000226e-01 -5.108305518291229419e+03
3.381000000000000116e-01 -5.110242660828249427e+03
3.382000000000000006e-01 -5.112175071609280167e+03
3.382999999999999896e-01 -5.114104635983112530e+03
3.384000000000000341e-01 -5.116031472041064262e+03
3.385000000000000231e-01 -5.117954646991725895e+03
3.386000000000000121e-01 -5.119874543843093306e+03
3.387000000000000011e-01 -5.121791679368248879e+03
3.387999999999999901e-01 -5.123706456156125569e+03
3.389000000000000346e-01 -5.125619114404790707e+03
3.390000000000000235e-01 -5.127529765618826787e+03
3.391000000000000125e-01 -5.129438460573880548e+03
3.392000000000000015e-01 -5.131345256046368377e+03
3.392999999999999905e-01 -5.133250258949522504e+03
3.394000000000000350e-01 -5.135153672021041530e+03
3.395000000000000240e-01 -5.137068508307364027e+03
3.396000000000000130e-01 -5.138975162012385226e+03
3.397000000000000020e-01 -5.140872958109227511e+03
3.397999999999999909e-01 -5.142771923895661530e+03
3.399000000000000354e-01 -5.144692406299782306e+03
3.400000000000000244e-01 -5.146644795325989435e+03
3.401000000000000134e-01 -5.148629867702807132e+03
3.402000000000000024e-01 -5.150628417393503696e+03
3.402999999999999914e-01 -5.152623570086928339e+03
3.404000000000000359e-01 -5.154607237167442690e+03
3.405000000000000249e-01 -5.156578508583716939e+03
3.406000000000000139e-01 -5.158540523586900235e+03
3.407000000000000028e-01 -5.160499046714250653e+03
3.407999999999999918e-01 -5.162458603416923324e+03
3.409000000000000363e-01 -5.164420874239826844e+03
3.410000000000000253e-01 -5.166385372483318861e+03
3.411000000000000143e-01 -5.168350917659823608e+03
3.412000000000000033e-01 -5.170316337376551019e+03
3.412999999999999923e-01 -5.172280270021221440e+03
3.414000000000000368e-01 -5.174241753873467133e+03
3.415000000000000258e-01 -5.176200422104137942e+03
3.416000000000000147e-01 -5.178154887536554270e+03
3.417000000000000037e-01 -5.180100055083888037e+03
3.417999999999999927e-01 -5.182029734869310232e+03
3.419000000000000372e-01 -5.183940422593259427e+03
3.420000000000000262e-01 -5.185831350485935218e+03
3.421000000000000152e-01 -5.187706790937842925e+03
3.422000000000000042e-01 -5.189571830395655525e+03
3.422999999999999932e-01 -5.191420624914539076e+03
3.424000000000000377e-01 -5.193244146896771781e+03
3.425000000000000266e-01 -5.195043800505263789e+03
3.426000000000000156e-01 -5.196828007122285271e+03
3.427000000000000046e-01 -5.198601569348270459e+03
3.427999999999999936e-01 -5.200364088912457191e+03
3.429000000000000381e-01 -5.202103481510700476e+03
3.430000000000000271e-01 -5.203801950582512291e+03
3.431000000000000161e-01 -5.205435108502656476e+03
3.432000000000000051e-01 -5.206980372505374362e+03
3.432999999999999940e-01 -5.208417580075661135e+03
3.434000000000000385e-01 -5.209727535583088866e+03
3.435000000000000275e-01 -5.210891549900456084e+03
3.436000000000000165e-01 -5.211891223503093897e+03
3.437000000000000055e-01 -5.212706552991004173e+03
3.437999999999999945e-01 -5.213318896051876436e+03
3.439000000000000390e-01 -5.213720822674343253e+03
3.440000000000000280e-01 -5.213945442072508740e+03
3.441000000000000170e-01 -5.214009309263569776e+03
3.442000000000000060e-01 -5.213924320138713483e+03
3.442999999999999949e-01 -5.213674890669274646e+03
3.444000000000000394e-01 -5.213264027692450327e+03
3.445000000000000284e-01 -5.212712144501429066e+03
3.446000000000000174e-01 -5.212114655646071697e+03
3.447000000000000064e-01 -5.211504822249023164e+03
3.447999999999999954e-01 -5.210867016799018529e+03
3.449000000000000399e-01 -5.210203521145956984e+03
3.450000000000000289e-01 -5.209627247235839604e+03
3.451000000000000179e-01 -5.209227133466047235e+03
3.452000000000000068e-01 -5.209171383758485717e+03
3.452999999999999958e-01 -5.209623936674104698e+03
3.454000000000000403e-01 -5.210515450408945071e+03
3.455000000000000293e-01 -5.211824067026427656e+03
3.456000000000000183e-01 -5.213413132538819809e+03
3.457000000000000073e-01 -5.215167801326895642e+03
3.457999999999999963e-01 -5.217014794781816818e+03
3.459000000000000408e-01 -5.218933039355295477e+03
3.460000000000000298e-01 -5.220900479221881142e+03
3.461000000000000187e-01 -5.222889304184936009e+03
3.462000000000000077e-01 -5.224875149379431605e+03
3.462999999999999967e-01 -5.226898116852124076e+03
3.464000000000000412e-01 -5.229046126448818541e+03
3.465000000000000302e-01 -5.231245162490332405e+03
3.466000000000000192e-01 -5.233447452606705156e+03
3.467000000000000082e-01 -5.235631373721446835e+03
3.467999999999999972e-01 -5.237769922435187254e+03
3.469000000000000417e-01 -5.239909499490048802e+03
3.470000000000000306e-01 -5.242051547086201026e+03
3.471000000000000196e-01 -5.244179960777498309e+03
3.472000000000000086e-01 -5.246291116450001027e+03
3.472999999999999976e-01 -5.248383253067299847e+03
3.474000000000000421e-01 -5.250456026861325881e+03
3.475000000000000311e-01 -5.252509163007050120e+03
3.476000000000000201e-01 -5.254542651359215597e+03
3.477000000000000091e-01 -5.256556917888873613e+03
3.477999999999999980e-01 -5.258552493087690891e+03
3.479000000000000425e-01 -5.260531493214901275e+03
3.480000000000000315e-01 -5.262496188543469543e+03
3.481000000000000205e-01 -5.264448034293371165e+03
3.482000000000000095e-01 -5.266388320036419827e+03
3.482999999999999985e-01 -5.268318447538048531e+03
3.484000000000000430e-01 -5.270239989728625005e+03
3.485000000000000320e-01 -5.272154438699040838e+03
3.486000000000000210e-01 -5.274064317645841584e+03
3.487000000000000099e-01 -5.275971440277708098e+03
3.487999999999999989e-01 -5.277879781316370099e+03
3.489000000000000434e-01 -5.279788597204401412e+03
3.490000000000000324e-01 -5.281700376056991445e+03
3.491000000000000214e-01 -5.283620106497739471e+03
3.492000000000000104e-01 -5.285544111588016676e+03
3.492999999999999994e-01 -5.287480879482814089e+03
3.494000000000000439e-01 -5.289431760433911222e+03
3.495000000000000329e-01 -5.291399315135748111e+03
3.496000000000000218e-01 -5.293378197508164703e+03
3.497000000000000108e-01 -5.295366426038478494e+03
3.497999999999999998e-01 -5.297366319490109163e+03
3.499000000000000443e-01 -5.299379247001848853e+03
3.500000000000000333e-01 -5.301402416830210313e+03
3.501000000000000223e-01 -5.305212101745896689e+03
3.502000000000000113e-01 -5.310157989523696415e+03
3.503000000000000003e-01 -5.315349010616796477e+03
3.503999999999999893e-01 -5.320830559090283714e+03
3.505000000000000338e-01 -5.327001747691273522e+03
3.506000000000000227e-01 -5.334045536256255218e+03
3.507000000000000117e-01 -5.341890199994509203e+03
3.508000000000000007e-01 -5.350332200078636561e+03
3.508999999999999897e-01 -5.359209394232619161e+03
3.510000000000000342e-01 -5.368336653536316589e+03
3.511000000000000232e-01 -5.376721216068322974e+03
3.512000000000000122e-01 -5.382183147613628535e+03
3.513000000000000012e-01 -5.385395028078164614e+03
3.513999999999999901e-01 -5.387468828180209130e+03
3.515000000000000346e-01 -5.388987273898511376e+03
3.516000000000000236e-01 -5.390241076461857119e+03
3.517000000000000126e-01 -5.391334686681430867e+03
3.518000000000000016e-01 -5.392612492004414889e+03
3.518999999999999906e-01 -5.395123113594273491e+03
3.520000000000000351e-01 -5.398534651757187021e+03
3.521000000000000241e-01 -5.401300594667774021e+03
3.522000000000000131e-01 -5.403296408749401962e+03
3.523000000000000020e-01 -5.404859012128627000e+03
3.523999999999999910e-01 -5.406210839862013017e+03
3.525000000000000355e-01 -5.407466316623272178e+03
3.526000000000000245e-01 -5.408693413697010328e+03
3.527000000000000135e-01 -5.409926933776592705e+03
3.528000000000000025e-01 -5.411169004814554683e+03
3.528999999999999915e-01 -5.412405897734843165e+03
3.530000000000000360e-01 -5.413627463414666636e+03
3.531000000000000250e-01 -5.414827875411181594e+03
3.532000000000000139e-01 -5.415995924140852367e+03
3.533000000000000029e-01 -5.417112781482897844e+03
3.533999999999999919e-01 -5.418155447784351963e+03
3.535000000000000364e-01 -5.419106211634230931e+03
3.536000000000000254e-01 -5.419975020205688452e+03
3.537000000000000144e-01 -5.420761407090942157e+03
3.538000000000000034e-01 -5.421451255785956164e+03
3.538999999999999924e-01 -5.422032570910552749e+03
3.540000000000000369e-01 -5.422501440185882529e+03
3.541000000000000258e-01 -5.422857910933130370e+03
3.542000000000000148e-01 -5.423095199546088224e+03
3.543000000000000038e-01 -5.423215341857548083e+03
3.543999999999999928e-01 -5.423280588225316023e+03
3.545000000000000373e-01 -5.423331310370474057e+03
3.546000000000000263e-01 -5.423348150296745189e+03
3.547000000000000153e-01 -5.423320183355731388e+03
3.548000000000000043e-01 -5.423249845400035156e+03
3.548999999999999932e-01 -5.423165744434890257e+03
3.550000000000000377e-01 -5.423168394322816312e+03
3.551000000000000267e-01 -5.423348789425296673e+03
3.552000000000000157e-01 -5.423736109266728818e+03
3.553000000000000047e-01 -5.424440323957349392e+03
3.553999999999999937e-01 -5.425429383564057389e+03
3.555000000000000382e-01 -5.426693757556729906e+03
3.556000000000000272e-01 -5.428209558517090045e+03
3.557000000000000162e-01 -5.429905741293371648e+03
3.558000000000000052e-01 -5.431716010700660263e+03
3.558999999999999941e-01 -5.433599592783622029e+03
3.560000000000000386e-01 -5.435539625427166357e+03
3.561000000000000276e-01 -5.437519417221811636e+03
3.562000000000000166e-01 -5.439532004835320549e+03
3.563000000000000056e-01 -5.441598101252382548e+03
3.563999999999999946e-01 -5.443711684054605939e+03
3.565000000000000391e-01 -5.445844695594902987e+03
3.566000000000000281e-01 -5.447946391086329641e+03
3.567000000000000171e-01 -5.450060311076628750e+03
3.568000000000000060e-01 -5.452179981673939437e+03
3.568999999999999950e-01 -5.454290565519599113e+03
3.570000000000000395e-01 -5.456386873261435539e+03
3.571000000000000285e-01 -5.458469040685276923e+03
3.572000000000000175e-01 -5.460537777481022204e+03
3.573000000000000065e-01 -5.462593317197564829e+03
3.573999999999999955e-01 -5.464635592625884783e+03
3.575000000000000400e-01 -5.466664070294625162e+03
3.576000000000000290e-01 -5.468675809152863621e+03
3.577000000000000179e-01 -5.470674822385172774e+03
3.578000000000000069e-01 -5.472665102101184857e+03
3.578999999999999959e-01 -5.474650829677710135e+03
3.580000000000000404e-01 -5.476632813354844075e+03
3.581000000000000294e-01 -5.478610882779096755e+03
3.582000000000000184e-01 -5.480584964182607109e+03
3.583000000000000074e-01 -5.482555288051165007e+03
3.583999999999999964e-01 -5.484522357632656167e+03
3.585000000000000409e-01 -5.486486870921468835e+03
3.586000000000000298e-01 -5.488449413700048353e+03
3.587000000000000188e-01 -5.490410985419272947e+03
3.588000000000000078e-01 -5.492372580031478719e+03
3.588999999999999968e-01 -5.494334791520437648e+03
3.590000000000000413e-01 -5.496298854208338525e+03
3.591000000000000303e-01 -5.498261487417508761e+03
3.592000000000000193e-01 -5.500225726168951041e+03
3.593000000000000083e-01 -5.502193699377437042e+03
3.593999999999999972e-01 -5.504170136230893149e+03
3.595000000000000417e-01 -5.506147119182147435e+03
3.596000000000000307e-01 -5.508136421214854636e+03
3.597000000000000197e-01 -5.510131279348980570e+03
3.598000000000000087e-01 -5.512125156233339112e+03
3.598999999999999977e-01 -5.514117772700612477e+03
3.600000000000000422e-01 -5.516115673288736616e+03
3.601000000000000312e-01 -5.518137362332614430e+03
3.602000000000000202e-01 -5.520211493727680136e+03
3.603000000000000091e-01 -5.522339545120906223e+03
3.603999999999999981e-01 -5.524511227304560634e+03
3.605000000000000426e-01 -5.526714656308871781e+03
3.606000000000000316e-01 -5.528942285627748788e+03
3.607000000000000206e-01 -5.531188897466900926e+03
3.608000000000000096e-01 -5.533450894949284702e+03
3.608999999999999986e-01 -5.535726681261360682e+03
3.610000000000000431e-01 -5.538014585574165721e+03
3.611000000000000321e-01 -5.540312629868941258e+03
3.612000000000000210e-01 -5.542619173025901546e+03
3.613000000000000100e-01 -5.544933461589283070e+03
3.613999999999999990e-01 -5.547250569310933315e+03
3.615000000000000435e-01 -5.549571805564430178e+03
3.616000000000000325e-01 -5.551897043619449505e+03
3.617000000000000215e-01 -5.554225751020431744e+03
3.618000000000000105e-01 -5.556557500189050188e+03
3.618999999999999995e-01 -5.558892024069730724e+03
3.620000000000000440e-01 -5.561229177248719679e+03
3.621000000000000330e-01 -5.563568886796273546e+03
3.622000000000000219e-01 -5.565911111413948674e+03
3.623000000000000109e-01 -5.568255812002914354e+03
3.623999999999999999e-01 -5.570603029710618102e+03
3.625000000000000444e-01 -5.572952904145012326e+03
3.626000000000000334e-01 -5.575305350832702061e+03
3.627000000000000224e-01 -5.577660202369444050e+03
3.628000000000000114e-01 -5.580017299020735663e+03
3.629000000000000004e-01 -5.582376524155950392e+03
3.630000000000000449e-01 -5.584737695007115690e+03
3.631000000000000338e-01 -5.587100612252318570e+03
3.632000000000000228e-01 -5.589465089398011514e+03
3.633000000000000118e-01 -5.591830962087073203e+03
3.634000000000000008e-01 -5.594198092444938993e+03
3.634999999999999898e-01 -5.596566372207523273e+03
3.636000000000000343e-01 -5.598935725491449375e+03
3.637000000000000233e-01 -5.601306111508540198e+03
3.638000000000000123e-01 -5.603677527620896399e+03
3.639000000000000012e-01 -5.606050013498676890e+03
3.639999999999999902e-01 -5.608423657864596862e+03
3.641000000000000347e-01 -5.610798610974161420e+03
3.642000000000000237e-01 -5.613175110844436858e+03
3.643000000000000127e-01 -5.615553551495374450e+03
3.644000000000000017e-01 -5.617935000991264133e+03
3.644999999999999907e-01 -5.620323917514295317e+03
3.646000000000000352e-01 -5.622723272838711637e+03
3.647000000000000242e-01 -5.625133202675425309e+03
3.648000000000000131e-01 -5.627553257626548657e+03
3.649000000000000021e-01 -5.629983093536329761e+03
3.649999999999999911e-01 -5.632422565652623234e+03
3.651000000000000356e-01 -5.634871597962262967e+03
3.652000000000000246e-01 -5.637329389189679205e+03
3.653000000000000136e-01 -5.639795622124749571e+03
3.654000000000000026e-01 -5.642275092948365455e+03
3.654999999999999916e-01 -5.644774688663374036e+03
3.656000000000000361e-01 -5.647295043571520182e+03
3.657000000000000250e-01 -5.649834935005387706e+03
3.658000000000000140e-01 -5.652393201941137704e+03
3.659000000000000030e-01 -5.654969330611203077e+03
3.659999999999999920e-01 -5.657563585329058697e+03
3.661000000000000365e-01 -5.660177761856540201e+03
3.662000000000000255e-01 -5.662819766040306604e+03
3.663000000000000145e-01 -5.665495702516528581e+03
3.664000000000000035e-01 -5.668207723562422871e+03
3.664999999999999925e-01 -5.670947513536553743e+03
3.666000000000000369e-01 -5.673731046476134907e+03
3.667000000000000259e-01 -5.676566851968484116e+03
3.668000000000000149e-01 -5.679459713433592697e+03
3.669000000000000039e-01 -5.682412405065235362e+03
3.669999999999999929e-01 -5.685428746977542687e+03
3.671000000000000374e-01 -5.688520267047122616e+03
3.672000000000000264e-01 -5.691698742742362811e+03
3.673000000000000154e-01 -5.694971589120506906e+03
3.674000000000000044e-01 -5.698345180037940736e+03
3.674999999999999933e-01 -5.701812334903464944e+03
3.676000000000000378e-01 -5.705384139755382421e+03
3.677000000000000268e-01 -5.709069522892875284e+03
3.678000000000000158e-01 -5.712868821481552914e+03
3.679000000000000048e-01 -5.716835142332591204e+03
3.679999999999999938e-01 -5.721008073349025835e+03
3.681000000000000383e-01 -5.725398275928509065e+03
3.682000000000000273e-01 -5.730054307531941049e+03
3.683000000000000163e-01 -5.734962694024629855e+03
3.684000000000000052e-01 -5.740042562058086332e+03
3.684999999999999942e-01 -5.745130402756694821e+03
3.686000000000000387e-01 -5.749346755608270541e+03
3.687000000000000277e-01 -5.752295658652147722e+03
3.688000000000000167e-01 -5.754721673661811110e+03
3.689000000000000057e-01 -5.756909218439877804e+03
3.689999999999999947e-01 -5.758896727621044192e+03
3.691000000000000392e-01 -5.760758383751270230e+03
3.692000000000000282e-01 -5.762574083456424887e+03
3.693000000000000171e-01 -5.764403966419608878e+03
3.694000000000000061e-01 -5.766288129433027279e+03
3.694999999999999951e-01 -5.768250823409095574e+03
3.696000000000000396e-01 -5.770306120671684766e+03
3.697000000000000286e-01 -5.772457419452724935e+03
3.698000000000000176e-01 -5.774690195043155654e+03
3.699000000000000066e-01 -5.776981249584263423e+03
3.699999999999999956e-01 -5.779303807354917808e+03
3.701000000000000401e-01 -5.781628566517750187e+03
3.702000000000000290e-01 -5.783941020766577822e+03
3.703000000000000180e-01 -5.786237405942873920e+03
3.704000000000000070e-01 -5.788519699560763002e+03
3.704999999999999960e-01 -5.790791646144321021e+03
3.706000000000000405e-01 -5.793052334830013933e+03
3.707000000000000295e-01 -5.795301198098723944e+03
3.708000000000000185e-01 -5.797539796566307814e+03
3.709000000000000075e-01 -5.799771708456548367e+03
3.709999999999999964e-01 -5.802001831808100178e+03
3.711000000000000409e-01 -5.804233137803559657e+03
3.712000000000000299e-01 -5.806466462682403289e+03
3.713000000000000189e-01 -5.808701723883788873e+03
3.714000000000000079e-01 -5.810938554150884556e+03
3.714999999999999969e-01 -5.813176648894225764e+03
3.716000000000000414e-01 -5.815415713387710639e+03
3.717000000000000304e-01 -5.817655373623531887e+03
3.718000000000000194e-01 -5.819895444634005798e+03
3.719000000000000083e-01 -5.822135815066212672e+03
3.719999999999999973e-01 -5.824376358977152449e+03
3.721000000000000418e-01 -5.826617012225337021e+03
3.722000000000000308e-01 -5.828858021260683017e+03
3.723000000000000198e-01 -5.831100522568592169e+03
3.724000000000000088e-01 -5.833344868629127632e+03
3.724999999999999978e-01 -5.835589833069991982e+03
3.726000000000000423e-01 -5.837833576604884911e+03
3.727000000000000313e-01 -5.840074619375803195e+03
3.728000000000000203e-01 -5.842312565905849624e+03
3.729000000000000092e-01 -5.844547871629923975e+03
3.729999999999999982e-01 -5.846780353571493833e+03
3.731000000000000427e-01 -5.849010360897166720e+03
3.732000000000000317e-01 -5.851238513512142163e+03
3.733000000000000207e-01 -5.853465447232266342e+03
3.734000000000000097e-01 -5.855691768165349458e+03
3.734999999999999987e-01 -5.857917920431897983e+03
3.736000000000000432e-01 -5.860144078141974205e+03
3.737000000000000322e-01 -5.862369212045754466e+03
3.738000000000000211e-01 -5.864594188016159933e+03
3.739000000000000101e-01 -5.866820036774616710e+03
3.739999999999999991e-01 -5.869046820217600725e+03
3.741000000000000436e-01 -5.871272842406346172e+03
3.742000000000000326e-01 -5.873497987758682029e+03
3.743000000000000216e-01 -5.875722997119452884e+03
3.744000000000000106e-01 -5.877948170987532649e+03
3.744999999999999996e-01 -5.880173777822735246e+03
3.746000000000000441e-01 -5.882400025817150890e+03
3.747000000000000330e-01 -5.884626991217619434e+03
3.748000000000000220e-01 -5.886854603394875085e+03
3.749000000000000110e-01 -5.889082681044367746e+03
3.750000000000000000e-01 -5.891310992565951892e+03
3.751000000000000445e-01 -5.893539315600683040e+03
3.752000000000000335e-01 -5.895767479412802459e+03
3.753000000000000225e-01 -5.897995384303415449e+03
3.754000000000000115e-01 -5.900223018528661669e+03
3.755000000000000004e-01 -5.902450422858674756e+03
3.756000000000000449e-01 -5.904677644182313088e+03
3.757000000000000339e-01 -5.906904738931036263e+03
3.758000000000000229e-01 -5.909131762533390429e+03
3.759000000000000119e-01 -5.911358759540498795e+03
3.760000000000000009e-01 -5.913585459983189139e+03
3.761000000000000454e-01 -5.915810490081880744e+03
3.762000000000000344e-01 -5.918032415629058050e+03
3.763000000000000234e-01 -5.920251458841746171e+03
3.764000000000000123e-01 -5.922468453307787968e+03
3.765000000000000013e-01 -5.924684115235504578e+03
3.765999999999999903e-01 -5.926898959968203599e+03
3.767000000000000348e-01 -5.929113361002004240e+03
3.768000000000000238e-01 -5.931327631336394006e+03
3.769000000000000128e-01 -5.933543286342905958e+03
3.770000000000000018e-01 -5.935760408245652798e+03
3.770999999999999908e-01 -5.937978144997824529e+03
3.772000000000000353e-01 -5.940196265946235144e+03
3.773000000000000242e-01 -5.942414732104502036e+03
3.774000000000000132e-01 -5.944633559896514271e+03
3.775000000000000022e-01 -5.946852739124922664e+03
3.775999999999999912e-01 -5.949072611524165040e+03
3.777000000000000357e-01 -5.951291907627601177e+03
3.778000000000000247e-01 -5.953565273802882075e+03
3.779000000000000137e-01 -5.955918520232377887e+03
3.780000000000000027e-01 -5.958237439590512622e+03
3.780999999999999917e-01 -5.960580569330477374e+03
3.782000000000000361e-01 -5.962896396911753072e+03
3.783000000000000251e-01 -5.965150782675393202e+03
3.784000000000000141e-01 -5.967406805478672140e+03
3.785000000000000031e-01 -5.969652229995777816e+03
3.785999999999999921e-01 -5.971850820576455590e+03
3.787000000000000366e-01 -5.973959001032385459e+03
3.788000000000000256e-01 -5.976081735860570916e+03
3.789000000000000146e-01 -5.978217571656187829e+03
3.790000000000000036e-01 -5.980362784703898797e+03
3.790999999999999925e-01 -5.982515222005458781e+03
3.792000000000000370e-01 -5.984672372219535646e+03
3.793000000000000260e-01 -5.986832323185432870e+03
3.794000000000000150e-01 -5.988995193337796991e+03
3.795000000000000040e-01 -5.991161677212992799e+03
3.795999999999999930e-01 -5.993332299176892775e+03
3.797000000000000375e-01 -5.995507546068597549e+03
3.798000000000000265e-01 -5.997687511991093743e+03
3.799000000000000155e-01 -5.999871948692707520e+03
3.800000000000000044e-01 -6.002060607311408603e+03
3.800999999999999934e-01 -6.004240592623967132e+03
3.802000000000000379e-01 -6.006385545964119956e+03
3.803000000000000269e-01 -6.008498288249646976e+03
3.804000000000000159e-01 -6.010586768647257486e+03
3.805000000000000049e-01 -6.012657246808405944e+03
3.805999999999999939e-01 -6.014714594968611891e+03
3.807000000000000384e-01 -6.016762612119074220e+03
3.808000000000000274e-01 -6.018804588056743341e+03
3.809000000000000163e-01 -6.020843191797241161e+03
3.810000000000000053e-01 -6.022879652851509491e+03
3.810999999999999943e-01 -6.024914609014612324e+03
3.812000000000000388e-01 -6.026948310877242875e+03
3.813000000000000278e-01 -6.028980856463726923e+03
3.814000000000000168e-01 -6.031012265080831639e+03
3.815000000000000058e-01 -6.033043439472265163e+03
3.815999999999999948e-01 -6.035073340197923244e+03
3.817000000000000393e-01 -6.037100420079099422e+03
3.818000000000000282e-01 -6.039125705899838977e+03
3.819000000000000172e-01 -6.041149690898869267e+03
3.820000000000000062e-01 -6.043172692372651909e+03
3.820999999999999952e-01 -6.045194896822456940e+03
3.822000000000000397e-01 -6.047216400676389640e+03
3.823000000000000287e-01 -6.049237244824396839e+03
3.824000000000000177e-01 -6.051257440333159138e+03
3.825000000000000067e-01 -6.053276984635982444e+03
3.825999999999999956e-01 -6.055295867118275964e+03
3.827000000000000401e-01 -6.057314065800089338e+03
3.828000000000000291e-01 -6.059331549873954827e+03
3.829000000000000181e-01 -6.061348258502323006e+03
3.830000000000000071e-01 -6.063364049168159909e+03
3.830999999999999961e-01 -6.065378501417636471e+03
3.832000000000000406e-01 -6.067389539042332217e+03
3.833000000000000296e-01 -6.069395427425522030e+03
3.834000000000000186e-01 -6.071396369769121520e+03
3.835000000000000075e-01 -6.073393208357001640e+03
3.835999999999999965e-01 -6.075386665166905004e+03
3.837000000000000410e-01 -6.077377239099445433e+03
3.838000000000000300e-01 -6.079365414020450771e+03
3.839000000000000190e-01 -6.081351690397511447e+03
3.840000000000000080e-01 -6.083336499271214052e+03
3.840999999999999970e-01 -6.085320160387746910e+03
3.842000000000000415e-01 -6.087302834112677374e+03
3.843000000000000305e-01 -6.089284355124026661e+03
3.844000000000000195e-01 -6.091264447968827881e+03
3.845000000000000084e-01 -6.093243048046601871e+03
3.845999999999999974e-01 -6.095220256890537712e+03
3.847000000000000419e-01 -6.097196298025865872e+03
3.848000000000000309e-01 -6.099171437777480605e+03
3.849000000000000199e-01 -6.101145907576251375e+03
3.850000000000000089e-01 -6.103119868649083401e+03
3.850999999999999979e-01 -6.105093463329942097e+03
3.852000000000000424e-01 -6.107066605297386559e+03
3.853000000000000314e-01 -6.109039116881874179e+03
3.854000000000000203e-01 -6.111010880003577768e+03
3.855000000000000093e-01 -6.112981832104642308e+03
3.855999999999999983e-01 -6.114951978687204246e+03
3.857000000000000428e-01 -6.116921505085170793e+03
3.858000000000000318e-01 -6.118890430977899996e+03
3.859000000000000208e-01 -6.120858693064992622e+03
3.860000000000000098e-01 -6.122826338533785020e+03
3.860999999999999988e-01 -6.124793542851414713e+03
3.862000000000000433e-01 -6.126760687511255128e+03
3.863000000000000322e-01 -6.128727943067902743e+03
3.864000000000000212e-01 -6.130695203936965299e+03
3.865000000000000102e-01 -6.132662381390642622e+03
3.865999999999999992e-01 -6.134702292968542679e+03
3.867000000000000437e-01 -6.136920489955629819e+03
3.868000000000000327e-01 -6.139158543701467352e+03
3.869000000000000217e-01 -6.141383419109602073e+03
3.870000000000000107e-01 -6.143732641242933823e+03
3.870999999999999996e-01 -6.146065623690871689e+03
3.872000000000000441e-01 -6.148304907794493374e+03
3.873000000000000331e-01 -6.150463417371354808e+03
3.874000000000000221e-01 -6.152577162926285382e+03
3.875000000000000111e-01 -6.154664164476356746e+03
3.876000000000000001e-01 -6.156737710243807669e+03
3.877000000000000446e-01 -6.158804876245923879e+03
3.878000000000000336e-01 -6.160870022717766005e+03
3.879000000000000226e-01 -6.162933776812862561e+03
3.880000000000000115e-01 -6.164994746312827374e+03
3.881000000000000005e-01 -6.167051345005836993e+03
3.882000000000000450e-01 -6.169102453380169209e+03
3.883000000000000340e-01 -6.171147445171988693e+03
3.884000000000000230e-01 -6.173185829033720438e+03
3.885000000000000120e-01 -6.175216234783519212e+03
3.886000000000000010e-01 -6.177238344145589508e+03
3.887000000000000455e-01 -6.179252633377323946e+03
3.888000000000000345e-01 -6.181257914456093204e+03
3.889000000000000234e-01 -6.183253427328416365e+03
3.890000000000000124e-01 -6.185239067029653597e+03
3.891000000000000014e-01 -6.187218965548643610e+03
3.892000000000000459e-01 -6.189194853995402809e+03
3.893000000000000349e-01 -6.191165908663573646e+03
3.894000000000000239e-01 -6.193130859600775693e+03
3.895000000000000129e-01 -6.195090183022726706e+03
3.896000000000000019e-01 -6.197044573926818885e+03
3.897000000000000464e-01 -6.198994481930289112e+03
3.898000000000000353e-01 -6.200940010088928830e+03
3.899000000000000243e-01 -6.202880468037269566e+03
3.900000000000000133e-01 -6.204813905117372997e+03
3.901000000000000023e-01 -6.206734125352476440e+03
3.901999999999999913e-01 -6.208638174679322219e+03
3.903000000000000358e-01 -6.210527712871765289e+03
3.904000000000000248e-01 -6.212405996859331935e+03
3.905000000000000138e-01 -6.214276047861181723e+03
3.906000000000000028e-01 -6.216139434311900914e+03
3.906999999999999917e-01 -6.217993324894770922e+03
3.908000000000000362e-01 -6.219833806228826688e+03
3.909000000000000252e-01 -6.221660173928395125e+03
3.910000000000000142e-01 -6.223473643144537164e+03
3.911000000000000032e-01 -6.225275184726261614e+03
3.911999999999999922e-01 -6.227062728726679779e+03
3.913000000000000367e-01 -6.228834970347300441e+03
3.914000000000000257e-01 -6.230592106314637931e+03
3.915000000000000147e-01 -6.232334957232529632e+03
3.916000000000000036e-01 -6.234064972075423611e+03
3.916999999999999926e-01 -6.235780136598542413e+03
3.918000000000000371e-01 -6.237470909648327506e+03
3.919000000000000261e-01 -6.239118813739347388e+03
3.920000000000000151e-01 -6.240697958228686730e+03
3.921000000000000041e-01 -6.242172379076489051e+03
3.921999999999999931e-01 -6.243542921062270580e+03
3.923000000000000376e-01 -6.244866980604669152e+03
3.924000000000000266e-01 -6.246368137220922108e+03
3.925000000000000155e-01 -6.247960501321104857e+03
3.926000000000000045e-01 -6.249450910516367912e+03
3.926999999999999935e-01 -6.250705534436259768e+03
3.928000000000000380e-01 -6.251635313605713236e+03
3.929000000000000270e-01 -6.252194554569137836e+03
3.930000000000000160e-01 -6.252402731365717955e+03
3.931000000000000050e-01 -6.252580479553648729e+03
3.931999999999999940e-01 -6.253017892482333991e+03
3.933000000000000385e-01 -6.253346788317030587e+03
3.934000000000000274e-01 -6.253322416421108755e+03
3.935000000000000164e-01 -6.252905280357579613e+03
3.936000000000000054e-01 -6.252172065960442524e+03
3.936999999999999944e-01 -6.251210267348538764e+03
3.938000000000000389e-01 -6.250058976061033718e+03
3.939000000000000279e-01 -6.248754723918665150e+03
3.940000000000000169e-01 -6.247421878482518878e+03
3.941000000000000059e-01 -6.246115639981330787e+03
3.941999999999999948e-01 -6.244884171744892228e+03
3.943000000000000393e-01 -6.243803307582196794e+03
3.944000000000000283e-01 -6.243092167306443116e+03
3.945000000000000173e-01 -6.243036546555147652e+03
3.946000000000000063e-01 -6.243770346613263428e+03
3.946999999999999953e-01 -6.245070778952772343e+03
3.948000000000000398e-01 -6.246773382337309158e+03
3.949000000000000288e-01 -6.248744309753908965e+03
3.950000000000000178e-01 -6.250903964249268938e+03
3.951000000000000068e-01 -6.253202077228017515e+03
3.951999999999999957e-01 -6.255567185978498856e+03
3.953000000000000402e-01 -6.257933040436480951e+03
3.954000000000000292e-01 -6.260164030728268699e+03
3.955000000000000182e-01 -6.262290632614920469e+03
3.956000000000000072e-01 -6.264316931863397258e+03
3.956999999999999962e-01 -6.266218886912504786e+03
3.958000000000000407e-01 -6.268007814067548679e+03
3.959000000000000297e-01 -6.269714666025352926e+03
3.960000000000000187e-01 -6.271390543169445664e+03
3.961000000000000076e-01 -6.273065668988947436e+03
3.961999999999999966e-01 -6.274756455867725890e+03
3.963000000000000411e-01 -6.276467221233696364e+03
3.964000000000000301e-01 -6.278194669690809860e+03
3.965000000000000191e-01 -6.279950254468137246e+03
3.966000000000000081e-01 -6.281752660613602529e+03
3.966999999999999971e-01 -6.283669232109666154e+03
3.968000000000000416e-01 -6.285824955325334486e+03
3.969000000000000306e-01 -6.288056949866828290e+03
3.970000000000000195e-01 -6.290276010835264970e+03
3.971000000000000085e-01 -6.292443639702607470e+03
3.971999999999999975e-01 -6.294542770685179676e+03
3.973000000000000420e-01 -6.296584303404611092e+03
3.974000000000000310e-01 -6.298584435020597994e+03
3.975000000000000200e-01 -6.300557636579726932e+03
3.976000000000000090e-01 -6.302519489168918881e+03
3.976999999999999980e-01 -6.304485708904027888e+03
3.978000000000000425e-01 -6.306459579385431425e+03
3.979000000000000314e-01 -6.308439644173402485e+03
3.980000000000000204e-01 -6.310452487698412369e+03
3.981000000000000094e-01 -6.312503924685485799e+03
3.981999999999999984e-01 -6.314581679635394721e+03
3.983000000000000429e-01 -6.316674169392369549e+03
3.984000000000000319e-01 -6.318775393248525688e+03
3.985000000000000209e-01 -6.320878014223814716e+03
3.986000000000000099e-01 -6.322977991305634532e+03
3.986999999999999988e-01 -6.325076296812064356e+03
3.988000000000000433e-01 -6.327172588037932655e+03
3.989000000000000323e-01 -6.329263559501414420e+03
3.990000000000000213e-01 -6.331346951775131856e+03
3.991000000000000103e-01 -6.333432445555476988e+03
3.991999999999999993e-01 -6.335510970413758514e+03
3.993000000000000438e-01 -6.337581363780580432e+03
3.994000000000000328e-01 -6.339650832442755927e+03
3.995000000000000218e-01 -6.341725155727165657e+03
3.996000000000000107e-01 -6.343804542389856579e+03
3.996999999999999997e-01 -6.345886414638466704e+03
3.998000000000000442e-01 -6.347969556022439065e+03
3.999000000000000332e-01 -6.350053634088252693e+03
4.000000000000000222e-01 -6.352139590799232792e+03
4.001000000000000112e-01 -6.355976865660612020e+03
4.002000000000000002e-01 -6.361064810852783921e+03
4.003000000000000447e-01 -6.366622853281088283e+03
4.004000000000000337e-01 -6.372484308064073048e+03
4.005000000000000226e-01 -6.378993028842896820e+03
4.006000000000000116e-01 -6.386317390061154583e+03
4.007000000000000006e-01 -6.394347615583536935e+03
4.008000000000000451e-01 -6.402844022320504337e+03
4.009000000000000341e-01 -6.411714758282947514e+03
4.010000000000000231e-01 -6.420123235363415915e+03
4.011000000000000121e-01 -6.427538100472547740e+03
4.012000000000000011e-01 -6.433526167138282290e+03
4.013000000000000456e-01 -6.438350384784415837e+03
4.014000000000000346e-01 -6.442063965463622480e+03
4.015000000000000235e-01 -6.444933094357652408e+03
4.016000000000000125e-01 -6.447253941333805415e+03
4.017000000000000015e-01 -6.449196234147720133e+03
4.018000000000000460e-01 -6.450853286032777760e+03
4.019000000000000350e-01 -6.452315487833901898e+03
4.020000000000000240e-01 -6.453788374653667233e+03
4.021000000000000130e-01 -6.455143206745060525e+03
4.022000000000000020e-01 -6.456379129064553126e+03
4.023000000000000465e-01 -6.457544217740044587e+03
4.024000000000000354e-01 -6.458859514726516863e+03
4.025000000000000244e-01 -6.461442879419326346e+03
4.026000000000000134e-01 -6.464728227428993705e+03
4.027000000000000024e-01 -6.467712396130103116e+03
4.028000000000000469e-01 -6.470010983568088704e+03
4.029000000000000359e-01 -6.471771119775414263e+03
4.030000000000000249e-01 -6.473142003238984216e+03
4.031000000000000139e-01 -6.474211593956334582e+03
4.032000000000000028e-01 -6.475013501133803402e+03
4.032999999999999918e-01 -6.475554206478203923e+03
4.034000000000000363e-01 -6.475845292277911540e+03
4.035000000000000253e-01 -6.475903155815639366e+03
4.036000000000000143e-01 -6.475731638036407276e+03
4.037000000000000033e-01 -6.475312200786618632e+03
4.037999999999999923e-01 -6.474663023768035600e+03
4.039000000000000368e-01 -6.473846995174018957e+03
4.040000000000000258e-01 -6.472896644239277521e+03
4.041000000000000147e-01 -6.471776135865582546e+03
4.042000000000000037e-01 -6.470639370226424944e+03
4.042999999999999927e-01 -6.469567189969930951e+03
4.044000000000000372e-01 -6.468561884239204119e+03
4.045000000000000262e-01 -6.467623985400834499e+03
4.046000000000000152e-01 -6.466925630553056180e+03
4.047000000000000042e-01 -6.466575436865807205e+03
4.047999999999999932e-01 -6.466790975297802106e+03
4.049000000000000377e-01 -6.467712423444577325e+03
4.050000000000000266e-01 -6.469169631661634412e+03
4.051000000000000156e-01 -6.470945584564397905e+03
4.052000000000000046e-01 -6.472885294917703504e+03
4.052999999999999936e-01 -6.474893805801177223e+03
4.054000000000000381e-01 -6.476943846280289108e+03
4.055000000000000271e-01 -6.479018383638319392e+03
4.056000000000000161e-01 -6.481091877014258898e+03
4.057000000000000051e-01 -6.483135739993610514e+03
4.057999999999999940e-01 -6.485135209300334282e+03
4.059000000000000385e-01 -6.487149481172190463e+03
4.060000000000000275e-01 -6.489134399998218214e+03
4.061000000000000165e-01 -6.491100195034658100e+03
4.062000000000000055e-01 -6.493037916945311736e+03
4.062999999999999945e-01 -6.494989056460965912e+03
4.064000000000000390e-01 -6.497041514359211760e+03
4.065000000000000280e-01 -6.499219186544966760e+03
4.066000000000000170e-01 -6.501467912988171520e+03
4.067000000000000060e-01 -6.503736520666535398e+03
4.067999999999999949e-01 -6.505979536122675199e+03
4.069000000000000394e-01 -6.508185247238849115e+03
4.070000000000000284e-01 -6.510355340574811635e+03
4.071000000000000174e-01 -6.512492306040409858e+03
4.072000000000000064e-01 -6.514600141961625013e+03
4.072999999999999954e-01 -6.516682826690979709e+03
4.074000000000000399e-01 -6.518746490694205022e+03
4.075000000000000289e-01 -6.520790351205548177e+03
4.076000000000000179e-01 -6.522817396393815216e+03
4.077000000000000068e-01 -6.524830977438249647e+03
4.077999999999999958e-01 -6.526834193567489820e+03
4.079000000000000403e-01 -6.528830000144703263e+03
4.080000000000000293e-01 -6.530821588996932405e+03
4.081000000000000183e-01 -6.532808446886934689e+03
4.082000000000000073e-01 -6.534798319330278900e+03
4.082999999999999963e-01 -6.536786234607305232e+03
4.084000000000000408e-01 -6.538764891978886226e+03
4.085000000000000298e-01 -6.540741210960405624e+03
4.086000000000000187e-01 -6.542726467881217104e+03
4.087000000000000077e-01 -6.544733838924846168e+03
4.087999999999999967e-01 -6.546746941090807923e+03
4.089000000000000412e-01 -6.548778383865615979e+03
4.090000000000000302e-01 -6.550816325203694760e+03
4.091000000000000192e-01 -6.552854128691204096e+03
4.092000000000000082e-01 -6.554897754466072001e+03
4.092999999999999972e-01 -6.556956530221430512e+03
4.094000000000000417e-01 -6.559024378666435041e+03
4.095000000000000306e-01 -6.561096969555345822e+03
4.096000000000000196e-01 -6.563175991099528801e+03
4.097000000000000086e-01 -6.565254711826164566e+03
4.097999999999999976e-01 -6.567332048099670828e+03
4.099000000000000421e-01 -6.569408788412416470e+03
4.100000000000000311e-01 -6.571484844334493573e+03
4.101000000000000201e-01 -6.573574031455564182e+03
4.102000000000000091e-01 -6.575710660155460573e+03
4.102999999999999980e-01 -6.577895496830848060e+03
4.104000000000000425e-01 -6.580120333441794173e+03
4.105000000000000315e-01 -6.582372607083033472e+03
4.106000000000000205e-01 -6.584641867335904863e+03
4.107000000000000095e-01 -6.586929750451484324e+03
4.107999999999999985e-01 -6.589230535695742219e+03
4.109000000000000430e-01 -6.591542822543622606e+03
4.110000000000000320e-01 -6.593860018199314254e+03
4.111000000000000210e-01 -6.596182140709647683e+03
4.112000000000000099e-01 -6.598508855512659466e+03
4.112999999999999989e-01 -6.600838611070474144e+03
4.114000000000000434e-01 -6.603170619209164215e+03
4.115000000000000324e-01 -6.605505362738363146e+03
4.116000000000000214e-01 -6.607846884538697850e+03
4.117000000000000104e-01 -6.610193084308105426e+03
4.117999999999999994e-01 -6.612545261596324053e+03
4.119000000000000439e-01 -6.614903675415511316e+03
4.120000000000000329e-01 -6.617267562218808052e+03
4.121000000000000218e-01 -6.619636079072120083e+03
4.122000000000000108e-01 -6.622008988495849735e+03
4.122999999999999998e-01 -6.624386549579905477e+03
4.124000000000000443e-01 -6.626767394227819750e+03
4.125000000000000333e-01 -6.629149825776875332e+03
4.126000000000000223e-01 -6.631526921879681140e+03
4.127000000000000113e-01 -6.633904491239174604e+03
4.128000000000000003e-01 -6.636293665450873050e+03
4.129000000000000448e-01 -6.638686614341157110e+03
4.130000000000000338e-01 -6.641080376607731523e+03
4.131000000000000227e-01 -6.643474485512338106e+03
4.132000000000000117e-01 -6.645869649345779180e+03
4.133000000000000007e-01 -6.648266722128006222e+03
4.134000000000000452e-01 -6.650666541584188963e+03
4.135000000000000342e-01 -6.653069397918187860e+03
4.136000000000000232e-01 -6.655475148957376405e+03
4.137000000000000122e-01 -6.657883506908954587e+03
4.138000000000000012e-01 -6.660294705612225698e+03
4.139000000000000457e-01 -6.662709013793940358e+03
4.140000000000000346e-01 -6.665127284613699885e+03
4.141000000000000236e-01 -6.667549818200928712e+03
4.142000000000000126e-01 -6.669975924775315434e+03
4.143000000000000016e-01 -6.672404711612352003e+03
4.144000000000000461e-01 -6.674837158191081471e+03
4.145000000000000351e-01 -6.677273134277766076e+03
4.146000000000000241e-01 -6.679712095118438810e+03
4.147000000000000131e-01 -6.682153794627443858e+03
4.148000000000000020e-01 -6.684597277507858962e+03
4.149000000000000465e-01 -6.687044151342162877e+03
4.150000000000000355e-01 -6.689495360818333211e+03
4.151000000000000245e-01 -6.691950835402411030e+03
4.152000000000000135e-01 -6.694413981326681096e+03
4.153000000000000025e-01 -6.696885981713725414e+03
4.154000000000000470e-01 -6.699371855528768720e+03
4.155000000000000360e-01 -6.701871257421014889e+03
4.156000000000000250e-01 -6.704381333130580060e+03
4.157000000000000139e-01 -6.706899953745964922e+03
4.158000000000000029e-01 -6.709425977824396796e+03
4.159000000000000474e-01 -6.711956037513867159e+03
4.160000000000000364e-01 -6.714485673204610976e+03
4.161000000000000254e-01 -6.717015733396027827e+03
4.162000000000000144e-01 -6.719549973738333392e+03
4.163000000000000034e-01 -6.722095220331978453e+03
4.163999999999999924e-01 -6.724660967517050267e+03
4.165000000000000369e-01 -6.727252410532346403e+03
4.166000000000000258e-01 -6.729876402164893079e+03
4.167000000000000148e-01 -6.732539979282808417e+03
4.168000000000000038e-01 -6.735237789564954255e+03
4.168999999999999928e-01 -6.737985693109626482e+03
4.170000000000000373e-01 -6.740795458042797691e+03
4.171000000000000263e-01 -6.743669471173895545e+03
4.172000000000000153e-01 -6.746611278224211674e+03
4.173000000000000043e-01 -6.749612511055102914e+03
4.173999999999999932e-01 -6.752696416069111365e+03
4.175000000000000377e-01 -6.755875934945592235e+03
4.176000000000000267e-01 -6.759178350778677668e+03
4.177000000000000157e-01 -6.762613008493548477e+03
4.178000000000000047e-01 -6.766167612247942088e+03
4.178999999999999937e-01 -6.769798865850917537e+03
4.180000000000000382e-01 -6.773527144439922267e+03
4.181000000000000272e-01 -6.777363149500709369e+03
4.182000000000000162e-01 -6.781341420040647790e+03
4.183000000000000052e-01 -6.785489663173576446e+03
4.183999999999999941e-01 -6.789838232034863722e+03
4.185000000000000386e-01 -6.794459565136586207e+03
4.186000000000000276e-01 -6.799384018041383570e+03
4.187000000000000166e-01 -6.804612010892851686e+03
4.188000000000000056e-01 -6.809926073681675916e+03
4.188999999999999946e-01 -6.814282650300990099e+03
4.190000000000000391e-01 -6.817173015184206633e+03
4.191000000000000281e-01 -6.819454694706301780e+03
4.192000000000000171e-01 -6.821655468820912574e+03
4.193000000000000060e-01 -6.823734305080971353e+03
4.193999999999999950e-01 -6.825676750168153376e+03
4.195000000000000395e-01 -6.827563241440574529e+03
4.196000000000000285e-01 -6.829457490665263322e+03
4.197000000000000175e-01 -6.831396673279355127e+03
4.198000000000000065e-01 -6.833413818608485599e+03
4.198999999999999955e-01 -6.835530182877030711e+03
4.200000000000000400e-01 -6.837749951863821479e+03
4.201000000000000290e-01 -6.840052949353821532e+03
4.202000000000000179e-01 -6.842406070306282345e+03
4.203000000000000069e-01 -6.844778687991944025e+03
4.203999999999999959e-01 -6.847154871162292693e+03
4.205000000000000404e-01 -6.849523122776804485e+03
4.206000000000000294e-01 -6.851873283773082221e+03
4.207000000000000184e-01 -6.854200462042565050e+03
4.208000000000000074e-01 -6.856505877665177650e+03
4.208999999999999964e-01 -6.858796020665662581e+03
4.210000000000000409e-01 -6.861080398379524013e+03
4.211000000000000298e-01 -6.863355711672527832e+03
4.212000000000000188e-01 -6.865637026316304400e+03
4.213000000000000078e-01 -6.867921388351440328e+03
4.213999999999999968e-01 -6.870212133392622491e+03
4.215000000000000413e-01 -6.872513021893235418e+03
4.216000000000000303e-01 -6.874824721864191815e+03
4.217000000000000193e-01 -6.877145864906444331e+03
4.218000000000000083e-01 -6.879472285581779943e+03
4.218999999999999972e-01 -6.881797118562763899e+03
4.220000000000000417e-01 -6.884116516719838728e+03
4.221000000000000307e-01 -6.886457432553619583e+03
4.222000000000000197e-01 -6.888931591716473122e+03
4.223000000000000087e-01 -6.891633613294963652e+03
4.223999999999999977e-01 -6.894455605681871020e+03
4.225000000000000422e-01 -6.897213820012753786e+03
4.226000000000000312e-01 -6.899847129261460395e+03
4.227000000000000202e-01 -6.902369612054202662e+03
4.228000000000000091e-01 -6.904816418742932001e+03
4.228999999999999981e-01 -6.907231961730916737e+03
4.230000000000000426e-01 -6.909634048332197381e+03
4.231000000000000316e-01 -6.912009722940536449e+03
4.232000000000000206e-01 -6.914352914860066448e+03
4.233000000000000096e-01 -6.916666340224679516e+03
4.233999999999999986e-01 -6.918957360279451677e+03
4.235000000000000431e-01 -6.921234434382745349e+03
4.236000000000000321e-01 -6.923505711354169762e+03
4.237000000000000210e-01 -6.925778776993902284e+03
4.238000000000000100e-01 -6.928057560530068258e+03
4.238999999999999990e-01 -6.930342983231930702e+03
4.240000000000000435e-01 -6.932634548270270898e+03
4.241000000000000325e-01 -6.934930958535060199e+03
4.242000000000000215e-01 -6.937230796931469740e+03
4.243000000000000105e-01 -6.939531940544234203e+03
4.243999999999999995e-01 -6.941832965048361075e+03
4.245000000000000440e-01 -6.944133605939271547e+03
4.246000000000000330e-01 -6.946433465325276302e+03
4.247000000000000219e-01 -6.948731991462585938e+03
4.248000000000000109e-01 -6.951029076222775075e+03
4.248999999999999999e-01 -6.953324718474058500e+03
4.250000000000000444e-01 -6.955618974551869542e+03
4.251000000000000334e-01 -6.957911972528125261e+03
4.252000000000000224e-01 -6.960203895662294599e+03
4.253000000000000114e-01 -6.962494959555987407e+03
4.254000000000000004e-01 -6.964785388452683037e+03
4.255000000000000449e-01 -6.967075393265641651e+03
4.256000000000000338e-01 -6.969365153667912637e+03
4.257000000000000228e-01 -6.971654806220942191e+03
4.258000000000000118e-01 -6.973944439599773432e+03
4.259000000000000008e-01 -6.976234096733593105e+03
4.260000000000000453e-01 -6.978523782535246028e+03
4.261000000000000343e-01 -6.980813475180450951e+03
4.262000000000000233e-01 -6.983102837773097235e+03
4.263000000000000123e-01 -6.985389763456759283e+03
4.264000000000000012e-01 -6.987672505103344520e+03
4.265000000000000457e-01 -6.989951194667464733e+03
4.266000000000000347e-01 -6.992225513085079001e+03
4.267000000000000237e-01 -6.994494824384694766e+03
4.268000000000000127e-01 -6.996760283557914590e+03
4.269000000000000017e-01 -6.999023340819597252e+03
4.270000000000000462e-01 -7.001284815991911273e+03
4.271000000000000352e-01 -7.003545186723596089e+03
4.272000000000000242e-01 -7.005804772912595581e+03
4.273000000000000131e-01 -7.008063808903810241e+03
4.274000000000000021e-01 -7.010322494213211030e+03
4.275000000000000466e-01 -7.012580981736279682e+03
4.276000000000000356e-01 -7.014839383718629506e+03
4.277000000000000246e-01 -7.017097767780770482e+03
4.278000000000000136e-01 -7.019356161974626957e+03
4.279000000000000026e-01 -7.021614576054655117e+03
4.280000000000000471e-01 -7.023872988379143862e+03
4.281000000000000361e-01 -7.026131352652821988e+03
4.282000000000000250e-01 -7.028389609371159167e+03
4.283000000000000140e-01 -7.030647695110033965e+03
4.284000000000000030e-01 -7.032905550074529856e+03
4.285000000000000475e-01 -7.035163123960474877e+03
4.286000000000000365e-01 -7.037420379879027678e+03
4.287000000000000255e-01 -7.039677296232938716e+03
4.288000000000000145e-01 -7.041933866496617156e+03
4.289000000000000035e-01 -7.044189988503578206e+03
4.290000000000000480e-01 -7.046445482731128322e+03
4.291000000000000369e-01 -7.048700406504041894e+03
4.292000000000000259e-01 -7.050954707557953043e+03
4.293000000000000149e-01 -7.053208311640243664e+03
4.294000000000000039e-01 -7.055461380368167738e+03
4.294999999999999929e-01 -7.057714133746918378e+03
4.296000000000000374e-01 -7.059966768702778609e+03
4.297000000000000264e-01 -7.062219411969112116e+03
4.298000000000000154e-01 -7.064472226082369161e+03
4.299000000000000044e-01 -7.066725385937028477e+03
4.299999999999999933e-01 -7.068979004269636789e+03
4.301000000000000378e-01 -7.071220141735974721e+03
4.302000000000000268e-01 -7.073420917400414510e+03
4.303000000000000158e-01 -7.075582513891478811e+03
4.304000000000000048e-01 -7.077713379130765134e+03
4.304999999999999938e-01 -7.079821300187435554e+03
4.306000000000000383e-01 -7.081912230084642943e+03
4.307000000000000273e-01 -7.083991198525222899e+03
4.308000000000000163e-01 -7.086060423351062127e+03
4.309000000000000052e-01 -7.088121645387364879e+03
4.309999999999999942e-01 -7.090177067002578042e+03
4.311000000000000387e-01 -7.092230228543954581e+03
4.312000000000000277e-01 -7.094277449773779153e+03
4.313000000000000167e-01 -7.096320515701790100e+03
4.314000000000000057e-01 -7.098360975908675755e+03
4.314999999999999947e-01 -7.100400020981482157e+03
4.316000000000000392e-01 -7.102438149727965538e+03
4.317000000000000282e-01 -7.104474850076976509e+03
4.318000000000000171e-01 -7.106510114087787770e+03
4.319000000000000061e-01 -7.108544627828703597e+03
4.319999999999999951e-01 -7.110578652534510184e+03
4.321000000000000396e-01 -7.112612477712542386e+03
4.322000000000000286e-01 -7.114646130543248546e+03
4.323000000000000176e-01 -7.116680337803768452e+03
4.324000000000000066e-01 -7.118715388227669791e+03
4.324999999999999956e-01 -7.120752177693631893e+03
4.326000000000000401e-01 -7.122790324884224901e+03
4.327000000000000290e-01 -7.124828619979677569e+03
4.328000000000000180e-01 -7.126867396770473533e+03
4.329000000000000070e-01 -7.128906582512376190e+03
4.329999999999999960e-01 -7.130946197869850948e+03
4.331000000000000405e-01 -7.132987662292882305e+03
4.332000000000000295e-01 -7.135026590940130518e+03
4.333000000000000185e-01 -7.137064217881790682e+03
4.334000000000000075e-01 -7.139101059087015528e+03
4.334999999999999964e-01 -7.141326418618202297e+03
4.336000000000000409e-01 -7.143923137329941710e+03
4.337000000000000299e-01 -7.146539879008005300e+03
4.338000000000000189e-01 -7.149035720076380130e+03
4.339000000000000079e-01 -7.151399502388234396e+03
4.339999999999999969e-01 -7.154053269859549800e+03
4.341000000000000414e-01 -7.157178095543566087e+03
4.342000000000000304e-01 -7.160115264153505450e+03
4.343000000000000194e-01 -7.162752954787828457e+03
4.344000000000000083e-01 -7.165194605492121809e+03
4.344999999999999973e-01 -7.167519773576324042e+03
4.346000000000000418e-01 -7.169769685781529006e+03
4.347000000000000308e-01 -7.171965900028775650e+03
4.348000000000000198e-01 -7.174121929592284687e+03
4.349000000000000088e-01 -7.176397721370543877e+03
4.349999999999999978e-01 -7.178802624955503234e+03
4.351000000000000423e-01 -7.181194597944344423e+03
4.352000000000000313e-01 -7.183692251488389957e+03
4.353000000000000203e-01 -7.186508377496942558e+03
4.354000000000000092e-01 -7.189284457848557395e+03
4.354999999999999982e-01 -7.191916906473766176e+03
4.356000000000000427e-01 -7.194407487836280779e+03
4.357000000000000317e-01 -7.196781646348290451e+03
4.358000000000000207e-01 -7.199066369671674693e+03
4.359000000000000097e-01 -7.201283765220639907e+03
4.359999999999999987e-01 -7.203450226162865874e+03
4.361000000000000432e-01 -7.205577873000085674e+03
4.362000000000000322e-01 -7.207675521024772024e+03
4.363000000000000211e-01 -7.209747474273604894e+03
4.364000000000000101e-01 -7.211797605695415768e+03
4.364999999999999991e-01 -7.213830124877601520e+03
4.366000000000000436e-01 -7.215849061610046192e+03
4.367000000000000326e-01 -7.217857511862443062e+03
4.368000000000000216e-01 -7.219857319100379755e+03
4.369000000000000106e-01 -7.221847887445702327e+03
4.369999999999999996e-01 -7.223828805617535181e+03
4.371000000000000441e-01 -7.225800943263785484e+03
4.372000000000000330e-01 -7.227765949696172356e+03
4.373000000000000220e-01 -7.229725004085596993e+03
4.374000000000000110e-01 -7.231678213979266729e+03
4.375000000000000000e-01 -7.233625503722084432e+03
4.376000000000000445e-01 -7.235566482808363617e+03
4.377000000000000335e-01 -7.237501532257248982e+03
4.378000000000000225e-01 -7.239431434078491293e+03
4.379000000000000115e-01 -7.241356838111102661e+03
4.380000000000000004e-01 -7.243278130759273154e+03
4.381000000000000449e-01 -7.245195376738432969e+03
4.382000000000000339e-01 -7.247108509808575036e+03
4.383000000000000229e-01 -7.249017264840278585e+03
4.384000000000000119e-01 -7.250922463074674852e+03
4.385000000000000009e-01 -7.252817542044203037e+03
4.386000000000000454e-01 -7.254699554369371981e+03
4.387000000000000344e-01 -7.256569753007960571e+03
4.388000000000000234e-01 -7.258429922413866734e+03
4.389000000000000123e-01 -7.260281301393445574e+03
4.390000000000000013e-01 -7.262124429657214932e+03
4.391000000000000458e-01 -7.263954879421357873e+03
4.392000000000000348e-01 -7.265785441818749860e+03
4.393000000000000238e-01 -7.267612433650135245e+03
4.394000000000000128e-01 -7.269437136552790435e+03
4.395000000000000018e-01 -7.271261335505819261e+03
4.396000000000000463e-01 -7.273077110302821893e+03
4.397000000000000353e-01 -7.274888113562425133e+03
4.398000000000000242e-01 -7.276707048191550712e+03
4.399000000000000132e-01 -7.278536392785602402e+03
4.400000000000000022e-01 -7.280351838950826277e+03
4.401000000000000467e-01 -7.282144930798863243e+03
4.402000000000000357e-01 -7.283969488004543564e+03
4.403000000000000247e-01 -7.285817247060726004e+03
4.404000000000000137e-01 -7.287629961351529346e+03
4.405000000000000027e-01 -7.289396709805781029e+03
4.406000000000000472e-01 -7.291163019742827601e+03
4.407000000000000361e-01 -7.292968116468127846e+03
4.408000000000000251e-01 -7.294883886350588000e+03
4.409000000000000141e-01 -7.296882685695382861e+03
4.410000000000000031e-01 -7.298890319397578423e+03
4.411000000000000476e-01 -7.300852256473276611e+03
4.412000000000000366e-01 -7.302758723887603992e+03
4.413000000000000256e-01 -7.304650759867753550e+03
4.414000000000000146e-01 -7.306568456308759778e+03
4.415000000000000036e-01 -7.308512124015782319e+03
4.416000000000000481e-01 -7.310463139482252700e+03
4.417000000000000370e-01 -7.312412812330685483e+03
4.418000000000000260e-01 -7.314378087603339736e+03
4.419000000000000150e-01 -7.316364996599432743e+03
4.420000000000000040e-01 -7.318355001629694925e+03
4.421000000000000485e-01 -7.320326409297248574e+03
4.422000000000000375e-01 -7.322270762210322573e+03
4.423000000000000265e-01 -7.324192142230989703e+03
4.424000000000000155e-01 -7.326094092435232596e+03
4.425000000000000044e-01 -7.327962996797874439e+03
4.426000000000000489e-01 -7.329779046843581455e+03
4.427000000000000379e-01 -7.331524735755200709e+03
4.428000000000000269e-01 -7.333183180595822705e+03
4.429000000000000159e-01 -7.334733648144195286e+03
4.430000000000000049e-01 -7.336150700971166771e+03
4.430999999999999939e-01 -7.337407080864176351e+03
4.432000000000000384e-01 -7.338476966845267270e+03
4.433000000000000274e-01 -7.339337076483545388e+03
4.434000000000000163e-01 -7.339967032574633777e+03
4.435000000000000053e-01 -7.340348241125712775e+03
4.435999999999999943e-01 -7.340475513432263142e+03
4.437000000000000388e-01 -7.340329808394211796e+03
4.438000000000000278e-01 -7.339907259722327581e+03
4.439000000000000168e-01 -7.339212630209701274e+03
4.440000000000000058e-01 -7.338236731474569751e+03
4.440999999999999948e-01 -7.336982781007191079e+03
4.442000000000000393e-01 -7.335458082417967489e+03
4.443000000000000282e-01 -7.333753601517340030e+03
4.444000000000000172e-01 -7.332082974114617173e+03
4.445000000000000062e-01 -7.330495702260008329e+03
4.445999999999999952e-01 -7.329106822120175821e+03
4.447000000000000397e-01 -7.328080557137323012e+03
4.448000000000000287e-01 -7.327426234450073025e+03
4.449000000000000177e-01 -7.327315626706223156e+03
4.450000000000000067e-01 -7.328104717836882628e+03
4.450999999999999956e-01 -7.329625332364604219e+03
4.452000000000000401e-01 -7.331519487169434797e+03
4.453000000000000291e-01 -7.333542643819018849e+03
4.454000000000000181e-01 -7.335611311073077559e+03
4.455000000000000071e-01 -7.337686281914649953e+03
4.455999999999999961e-01 -7.339767017222321556e+03
4.457000000000000406e-01 -7.341757048301932628e+03
4.458000000000000296e-01 -7.343746567436899568e+03
4.459000000000000186e-01 -7.345736215663963776e+03
4.460000000000000075e-01 -7.347779776416383356e+03
4.460999999999999965e-01 -7.349942213159307357e+03
4.462000000000000410e-01 -7.352210384513978170e+03
4.463000000000000300e-01 -7.354467031669207245e+03
4.464000000000000190e-01 -7.356648397578594086e+03
4.465000000000000080e-01 -7.358749874266694860e+03
4.465999999999999970e-01 -7.360790671774594557e+03
4.467000000000000415e-01 -7.362818816195689578e+03
4.468000000000000305e-01 -7.364842750265021095e+03
4.469000000000000195e-01 -7.366891700601914636e+03
4.470000000000000084e-01 -7.368985698282151134e+03
4.470999999999999974e-01 -7.371110546976778096e+03
4.472000000000000419e-01 -7.373246950902188473e+03
4.473000000000000309e-01 -7.375376070610894203e+03
4.474000000000000199e-01 -7.377492537451301359e+03
4.475000000000000089e-01 -7.379593784641655475e+03
4.475999999999999979e-01 -7.381678175844818725e+03
4.477000000000000424e-01 -7.383744699341683372e+03
4.478000000000000314e-01 -7.385800365662571494e+03
4.479000000000000203e-01 -7.387837014465370885e+03
4.480000000000000093e-01 -7.389848914088881429e+03
4.480999999999999983e-01 -7.391845905967818908e+03
4.482000000000000428e-01 -7.393854960519273845e+03
4.483000000000000318e-01 -7.395831949851410172e+03
4.484000000000000208e-01 -7.397797784030169169e+03
4.485000000000000098e-01 -7.399762763871622155e+03
4.485999999999999988e-01 -7.401729538288828735e+03
4.487000000000000433e-01 -7.403698484412315338e+03
4.488000000000000322e-01 -7.405677564828989489e+03
4.489000000000000212e-01 -7.407669165059835905e+03
4.490000000000000102e-01 -7.409668896745856728e+03
4.490999999999999992e-01 -7.411677053974114642e+03
4.492000000000000437e-01 -7.413694186308239296e+03
4.493000000000000327e-01 -7.415722572449202744e+03
4.494000000000000217e-01 -7.417752958933259833e+03
4.495000000000000107e-01 -7.419786542454828123e+03
4.495999999999999996e-01 -7.421827158514200164e+03
4.497000000000000441e-01 -7.423871197164691694e+03
4.498000000000000331e-01 -7.425917725595085358e+03
4.499000000000000221e-01 -7.427968135494521448e+03
4.500000000000000111e-01 -7.430020475044081650e+03
4.501000000000000001e-01 -7.433773147445384893e+03
4.502000000000000446e-01 -7.438469925975772640e+03
4.503000000000000336e-01 -7.443413398878499720e+03
4.504000000000000226e-01 -7.448714332941377506e+03
4.505000000000000115e-01 -7.454792642722159144e+03
4.506000000000000005e-01 -7.461704734396645108e+03
4.507000000000000450e-01 -7.469300845201000811e+03
4.508000000000000340e-01 -7.477331272803618049e+03
4.509000000000000230e-01 -7.485950642719697498e+03
4.510000000000000120e-01 -7.495118274104042030e+03
4.511000000000000010e-01 -7.504642864048222691e+03
4.512000000000000455e-01 -7.514052185056651069e+03
4.513000000000000345e-01 -7.521029826873565071e+03
4.514000000000000234e-01 -7.524594138625627238e+03
4.515000000000000124e-01 -7.526653648651407821e+03
4.516000000000000014e-01 -7.528032780660392746e+03
4.517000000000000459e-01 -7.529085670302330982e+03
4.518000000000000349e-01 -7.530078466701085745e+03
4.519000000000000239e-01 -7.530967608508274679e+03
4.520000000000000129e-01 -7.531752033136692262e+03
4.521000000000000019e-01 -7.532387033419066029e+03
4.522000000000000464e-01 -7.534071157421206408e+03
4.523000000000000353e-01 -7.537279142256195883e+03
4.524000000000000243e-01 -7.540312796128896480e+03
4.525000000000000133e-01 -7.542605188508289757e+03
4.526000000000000023e-01 -7.544350234482266387e+03
4.527000000000000468e-01 -7.545767349515452224e+03
4.528000000000000358e-01 -7.546982948520798345e+03
4.529000000000000248e-01 -7.548052332366391965e+03
4.530000000000000138e-01 -7.549003955959504310e+03
4.531000000000000028e-01 -7.549855654686485650e+03
4.532000000000000473e-01 -7.550610282122851459e+03
4.533000000000000362e-01 -7.551268462412693225e+03
4.534000000000000252e-01 -7.551819481291438933e+03
4.535000000000000142e-01 -7.552238771192036438e+03
4.536000000000000032e-01 -7.552497264700401502e+03
4.537000000000000477e-01 -7.552583574977763419e+03
4.538000000000000367e-01 -7.552485984043382814e+03
4.539000000000000257e-01 -7.552185072950870563e+03
4.540000000000000147e-01 -7.551676121251623044e+03
4.541000000000000036e-01 -7.550973364329814103e+03
4.542000000000000481e-01 -7.550123662301442891e+03
4.543000000000000371e-01 -7.549151614036338287e+03
4.544000000000000261e-01 -7.548218100076378505e+03
4.545000000000000151e-01 -7.547421329152404724e+03
4.546000000000000041e-01 -7.546739674847465722e+03
4.547000000000000486e-01 -7.546300609195481229e+03
4.548000000000000376e-01 -7.546109525203356498e+03
4.549000000000000266e-01 -7.546126024408424200e+03
4.550000000000000155e-01 -7.546355255981152368e+03
4.551000000000000045e-01 -7.547040571692727099e+03
4.552000000000000490e-01 -7.548282560942384407e+03
4.553000000000000380e-01 -7.549882739280595160e+03
4.554000000000000270e-01 -7.551669833686372840e+03
4.555000000000000160e-01 -7.553554911475863264e+03
4.556000000000000050e-01 -7.555491639746318469e+03
4.557000000000000495e-01 -7.557461476744522770e+03
4.558000000000000385e-01 -7.559473134185708659e+03
4.559000000000000274e-01 -7.561510042745721876e+03
4.560000000000000164e-01 -7.563640275826916877e+03
4.561000000000000054e-01 -7.565847954874770039e+03
4.561999999999999944e-01 -7.568045717693357801e+03
4.563000000000000389e-01 -7.570206496094631802e+03
4.564000000000000279e-01 -7.572326305887328999e+03
4.565000000000000169e-01 -7.574410554796363613e+03
4.566000000000000059e-01 -7.576484682632823024e+03
4.566999999999999948e-01 -7.578569375555321130e+03
4.568000000000000393e-01 -7.580668009022106162e+03
4.569000000000000283e-01 -7.582779003626335907e+03
4.570000000000000173e-01 -7.584900923887737918e+03
4.571000000000000063e-01 -7.587027898903641471e+03
4.571999999999999953e-01 -7.589155976418448518e+03
4.573000000000000398e-01 -7.591268188132903560e+03
4.574000000000000288e-01 -7.593365639658957662e+03
4.575000000000000178e-01 -7.595448955110113275e+03
4.576000000000000068e-01 -7.597519351424034539e+03
4.576999999999999957e-01 -7.599569823881118282e+03
4.578000000000000402e-01 -7.601612109903400778e+03
4.579000000000000292e-01 -7.603636922237871659e+03
4.580000000000000182e-01 -7.605645746720580064e+03
4.581000000000000072e-01 -7.607643063836801048e+03
4.581999999999999962e-01 -7.609631623070001297e+03
4.583000000000000407e-01 -7.611614144539867993e+03
4.584000000000000297e-01 -7.613616153641491110e+03
4.585000000000000187e-01 -7.615594205456241980e+03
4.586000000000000076e-01 -7.617566814980368690e+03
4.586999999999999966e-01 -7.619546264678076113e+03
4.588000000000000411e-01 -7.621537135593239327e+03
4.589000000000000301e-01 -7.623533266203136918e+03
4.590000000000000191e-01 -7.625532744188091783e+03
4.591000000000000081e-01 -7.627535873516082574e+03
4.591999999999999971e-01 -7.629542939705388562e+03
4.593000000000000416e-01 -7.631555479844849287e+03
4.594000000000000306e-01 -7.633573976945688628e+03
4.595000000000000195e-01 -7.635598024691061255e+03
4.596000000000000085e-01 -7.637626940058704349e+03
4.596999999999999975e-01 -7.639660934793580964e+03
4.598000000000000420e-01 -7.641699953287030439e+03
4.599000000000000310e-01 -7.643738238183273097e+03
4.600000000000000200e-01 -7.645777904147003028e+03
4.601000000000000090e-01 -7.647832946258570701e+03
4.601999999999999980e-01 -7.649932813375256046e+03
4.603000000000000425e-01 -7.652075975895867487e+03
4.604000000000000314e-01 -7.654253071210096095e+03
4.605000000000000204e-01 -7.656455901368623927e+03
4.606000000000000094e-01 -7.658678340928404396e+03
4.606999999999999984e-01 -7.660915878474077545e+03
4.608000000000000429e-01 -7.663165154156330573e+03
4.609000000000000319e-01 -7.665423660693521015e+03
4.610000000000000209e-01 -7.667690052802181526e+03
4.611000000000000099e-01 -7.669961781578853333e+03
4.611999999999999988e-01 -7.672236973559754915e+03
4.613000000000000433e-01 -7.674515146980890677e+03
4.614000000000000323e-01 -7.676796657696221700e+03
4.615000000000000213e-01 -7.679079650291430880e+03
4.616000000000000103e-01 -7.681362927094326551e+03
4.616999999999999993e-01 -7.683646897460886976e+03
4.618000000000000438e-01 -7.685933783818464690e+03
4.619000000000000328e-01 -7.688220175876130270e+03
4.620000000000000218e-01 -7.690505151265849236e+03
4.621000000000000107e-01 -7.692790381833024185e+03
4.621999999999999997e-01 -7.695076236640897150e+03
4.623000000000000442e-01 -7.697362873835478240e+03
4.624000000000000332e-01 -7.699650077059619434e+03
4.625000000000000222e-01 -7.701935257469825956e+03
4.626000000000000112e-01 -7.704221232846029125e+03
4.627000000000000002e-01 -7.706509580448734596e+03
4.628000000000000447e-01 -7.708800757814962708e+03
4.629000000000000337e-01 -7.711096206276472003e+03
4.630000000000000226e-01 -7.713397025070834388e+03
4.631000000000000116e-01 -7.715704889375789207e+03
4.632000000000000006e-01 -7.718022523602758156e+03
4.633000000000000451e-01 -7.720350185084930672e+03
4.634000000000000341e-01 -7.722687999654789564e+03
4.635000000000000231e-01 -7.725036767107631022e+03
4.636000000000000121e-01 -7.727395422295867320e+03
4.637000000000000011e-01 -7.729761231664156185e+03
4.638000000000000456e-01 -7.732134212291956828e+03
4.639000000000000346e-01 -7.734513716457733608e+03
4.640000000000000235e-01 -7.736898815911903512e+03
4.641000000000000125e-01 -7.739288618010486061e+03
4.642000000000000015e-01 -7.741682366366659153e+03
4.643000000000000460e-01 -7.744079477131201202e+03
4.644000000000000350e-01 -7.746479565170389833e+03
4.645000000000000240e-01 -7.748882474325238945e+03
4.646000000000000130e-01 -7.751287963863908772e+03
4.647000000000000020e-01 -7.753694358351913252e+03
4.648000000000000465e-01 -7.756100534840383261e+03
4.649000000000000354e-01 -7.758507520537468736e+03
4.650000000000000244e-01 -7.760914172889739348e+03
4.651000000000000134e-01 -7.763319755981136041e+03
4.652000000000000024e-01 -7.765730750682192593e+03
4.653000000000000469e-01 -7.768153134790185504e+03
4.654000000000000359e-01 -7.770591604351834576e+03
4.655000000000000249e-01 -7.773047169869371828e+03
4.656000000000000139e-01 -7.775519742120845876e+03
4.657000000000000028e-01 -7.778009409324133230e+03
4.658000000000000473e-01 -7.780517070887941372e+03
4.659000000000000363e-01 -7.783047696628115773e+03
4.660000000000000253e-01 -7.785607960400981028e+03
4.661000000000000143e-01 -7.788203730732331678e+03
4.662000000000000033e-01 -7.790843272966251789e+03
4.663000000000000478e-01 -7.793533005446884090e+03
4.664000000000000368e-01 -7.796277706842462976e+03
4.665000000000000258e-01 -7.799081367093935114e+03
4.666000000000000147e-01 -7.801946171266171405e+03
4.667000000000000037e-01 -7.804873199341981490e+03
4.668000000000000482e-01 -7.807863780299252539e+03
4.669000000000000372e-01 -7.810918731040517741e+03
4.670000000000000262e-01 -7.814037525261355768e+03
4.671000000000000152e-01 -7.817214395436372797e+03
4.672000000000000042e-01 -7.820472713548327192e+03
4.673000000000000487e-01 -7.823834109783309032e+03
4.674000000000000377e-01 -7.827309440816802635e+03
4.675000000000000266e-01 -7.830893045492275633e+03
4.676000000000000156e-01 -7.834553811886178664e+03
4.677000000000000046e-01 -7.838341183708384960e+03
4.678000000000000491e-01 -7.842271010279248003e+03
4.679000000000000381e-01 -7.846356821445707283e+03
4.680000000000000271e-01 -7.850674258613583333e+03
4.681000000000000161e-01 -7.855305931348070771e+03
4.682000000000000051e-01 -7.860265021809019345e+03
4.683000000000000496e-01 -7.865523803900521671e+03
4.684000000000000385e-01 -7.871006670014236079e+03
4.685000000000000275e-01 -7.876720481423574711e+03
4.686000000000000165e-01 -7.882633559332372897e+03
4.687000000000000055e-01 -7.887474064600681231e+03
4.688000000000000500e-01 -7.890346324349628048e+03
4.689000000000000390e-01 -7.892456451390836264e+03
4.690000000000000280e-01 -7.894439133152370232e+03
4.691000000000000170e-01 -7.896305572395790477e+03
4.692000000000000060e-01 -7.898091338671780250e+03
4.692999999999999949e-01 -7.899881711035794979e+03
4.694000000000000394e-01 -7.901742440655689279e+03
4.695000000000000284e-01 -7.903707543592284310e+03
4.696000000000000174e-01 -7.905774527526850761e+03
4.697000000000000064e-01 -7.907926413589106232e+03
4.697999999999999954e-01 -7.910145237660967723e+03
4.699000000000000399e-01 -7.912414505656593064e+03
4.700000000000000289e-01 -7.914715235760701944e+03
4.701000000000000179e-01 -7.917025187483407535e+03
4.702000000000000068e-01 -7.919328347421709623e+03
4.702999999999999958e-01 -7.921616834465643478e+03
4.704000000000000403e-01 -7.923886166780767780e+03
4.705000000000000293e-01 -7.926134800900773371e+03
4.706000000000000183e-01 -7.928366754019032669e+03
4.707000000000000073e-01 -7.930589863840396902e+03
4.707999999999999963e-01 -7.932809955168832857e+03
4.709000000000000408e-01 -7.935030170267856192e+03
4.710000000000000298e-01 -7.937251798297038476e+03
4.711000000000000187e-01 -7.939478629992914648e+03
4.712000000000000077e-01 -7.941714405724199423e+03
4.712999999999999967e-01 -7.943959408423096647e+03
4.714000000000000412e-01 -7.946212344812704032e+03
4.715000000000000302e-01 -7.948471578160952049e+03
4.716000000000000192e-01 -7.950735382014219795e+03
4.717000000000000082e-01 -7.953002263667392072e+03
4.717999999999999972e-01 -7.955271343891441575e+03
4.719000000000000417e-01 -7.957541782139794122e+03
4.720000000000000306e-01 -7.959812986385417389e+03
4.721000000000000196e-01 -7.962085065271880012e+03
4.722000000000000086e-01 -7.964358624291280648e+03
4.722999999999999976e-01 -7.966633481570727781e+03
4.724000000000000421e-01 -7.968906374383976981e+03
4.725000000000000311e-01 -7.971172459050592806e+03
4.726000000000000201e-01 -7.973430683063554170e+03
4.727000000000000091e-01 -7.975681568724307908e+03
4.727999999999999980e-01 -7.977925885242340883e+03
4.729000000000000425e-01 -7.980165073244284031e+03
4.730000000000000315e-01 -7.982400579277200450e+03
4.731000000000000205e-01 -7.984633324509277372e+03
4.732000000000000095e-01 -7.986863807970023117e+03
4.732999999999999985e-01 -7.989092338846389794e+03
4.734000000000000430e-01 -7.991319169695729215e+03
4.735000000000000320e-01 -7.993544559299081811e+03
4.736000000000000210e-01 -7.995768792252763888e+03
4.737000000000000099e-01 -7.997992174884678207e+03
4.737999999999999989e-01 -8.000215020122910573e+03
4.739000000000000434e-01 -8.002437629086163724e+03
4.740000000000000324e-01 -8.004660306885883983e+03
4.741000000000000214e-01 -8.006883378799808270e+03
4.742000000000000104e-01 -8.009107026056350151e+03
4.742999999999999994e-01 -8.011331339318074242e+03
4.744000000000000439e-01 -8.013556366806613369e+03
4.745000000000000329e-01 -8.015782180783671720e+03
4.746000000000000218e-01 -8.018009168254568067e+03
4.747000000000000108e-01 -8.020237424283761356e+03
4.747999999999999998e-01 -8.022466619812151293e+03
4.749000000000000443e-01 -8.024696371323904714e+03
4.750000000000000333e-01 -8.026926365144086049e+03
4.751000000000000223e-01 -8.029156377450231957e+03
4.752000000000000113e-01 -8.031386261243257650e+03
4.753000000000000003e-01 -8.033615925564492500e+03
4.754000000000000448e-01 -8.035845316010497299e+03
4.755000000000000338e-01 -8.038074399537163117e+03
4.756000000000000227e-01 -8.040303154168627771e+03
4.757000000000000117e-01 -8.042531563193336297e+03
4.758000000000000007e-01 -8.044759612937644306e+03
4.759000000000000452e-01 -8.046987292998222074e+03
4.760000000000000342e-01 -8.049214597787001367e+03
4.761000000000000232e-01 -8.051441528392602777e+03
4.762000000000000122e-01 -8.053668094019355522e+03
4.763000000000000012e-01 -8.055894312565424116e+03
4.764000000000000457e-01 -8.058120210214598046e+03
4.765000000000000346e-01 -8.060345820143897072e+03
4.766000000000000236e-01 -8.062570724446439272e+03
4.767000000000000126e-01 -8.064792536519749774e+03
4.768000000000000016e-01 -8.067009885284929624e+03
4.769000000000000461e-01 -8.069223500976137984e+03
4.770000000000000351e-01 -8.071434470256616805e+03
4.771000000000000241e-01 -8.073643721991553321e+03
4.772000000000000131e-01 -8.075851972041808949e+03
4.773000000000000020e-01 -8.078059752532900347e+03
4.774000000000000465e-01 -8.080267495126220638e+03
4.775000000000000355e-01 -8.082475603090239019e+03
4.776000000000000245e-01 -8.084684238553409159e+03
4.777000000000000135e-01 -8.086893419619702399e+03
4.778000000000000025e-01 -8.089103101442526167e+03
4.779000000000000470e-01 -8.091313202048943822e+03
4.780000000000000360e-01 -8.093523614437660399e+03
4.781000000000000250e-01 -8.095734216929754439e+03
4.782000000000000139e-01 -8.097944884037602606e+03
4.783000000000000029e-01 -8.100155498443789838e+03
4.784000000000000474e-01 -8.102365975539760257e+03
4.785000000000000364e-01 -8.104576241559821028e+03
4.786000000000000254e-01 -8.106786235745145859e+03
4.787000000000000144e-01 -8.108995924008799193e+03
4.788000000000000034e-01 -8.111205297960445023e+03
4.789000000000000479e-01 -8.113414369713384076e+03
4.790000000000000369e-01 -8.115623165558607070e+03
4.791000000000000258e-01 -8.117831484193594406e+03
4.792000000000000148e-01 -8.120038844952266118e+03
4.793000000000000038e-01 -8.122245154384132547e+03
4.794000000000000483e-01 -8.124449897812142808e+03
4.795000000000000373e-01 -8.126653110077435485e+03
4.796000000000000263e-01 -8.128855112194944923e+03
4.797000000000000153e-01 -8.131056212911602415e+03
4.798000000000000043e-01 -8.133256643652716775e+03
4.799000000000000488e-01 -8.135456564849353526e+03
4.800000000000000377e-01 -8.137656084340893358e+03
4.801000000000000267e-01 -8.139842253146081021e+03
4.802000000000000157e-01 -8.141987355269262480e+03
4.803000000000000047e-01 -8.144093529754377414e+03
4.804000000000000492e-01 -8.146170023310422039e+03
4.805000000000000382e-01 -8.148224880958849099e+03
4.806000000000000272e-01 -8.150264039418450920e+03
4.807000000000000162e-01 -8.152291716453423760e+03
4.808000000000000052e-01 -8.154310868640108311e+03
4.809000000000000496e-01 -8.156323432532619336e+03
4.810000000000000386e-01 -8.158329776358650633e+03
4.811000000000000276e-01 -8.160330104565835427e+03
4.812000000000000166e-01 -8.162324837714601017e+03
4.813000000000000056e-01 -8.164315690387773429e+03
4.814000000000000501e-01 -8.166304630883124446e+03
4.815000000000000391e-01 -8.168292766755543198e+03
4.816000000000000281e-01 -8.170279498604743821e+03
4.817000000000000171e-01 -8.172264917026095645e+03
4.818000000000000060e-01 -8.174249291708238161e+03
4.819000000000000505e-01 -8.176232717694528219e+03
4.820000000000000395e-01 -8.178215299083753962e+03
4.821000000000000285e-01 -8.180197169681054220e+03
4.822000000000000175e-01 -8.182178478709952287e+03
4.823000000000000065e-01 -8.184159361243836429e+03
4.823999999999999955e-01 -8.186139912822965925e+03
4.825000000000000400e-01 -8.188120226222849851e+03
4.826000000000000290e-01 -8.190100369578048230e+03
4.827000000000000179e-01 -8.192080380357358081e+03
4.828000000000000069e-01 -8.194060270836991549e+03
4.828999999999999959e-01 -8.196040036311298536e+03
4.830000000000000404e-01 -8.198019662951834107e+03
4.831000000000000294e-01 -8.199999133957524464e+03
4.832000000000000184e-01 -8.201978433857879281e+03
4.833000000000000074e-01 -8.203958287629369806e+03
4.833999999999999964e-01 -8.205940119818338644e+03
4.835000000000000409e-01 -8.207920970330666023e+03
4.836000000000000298e-01 -8.209902137626821059e+03
4.837000000000000188e-01 -8.211883503750123054e+03
4.838000000000000078e-01 -8.213864678150912368e+03
4.838999999999999968e-01 -8.215845479875362798e+03
4.840000000000000413e-01 -8.217825902621527348e+03
4.841000000000000303e-01 -8.219805996192539169e+03
4.842000000000000193e-01 -8.221785700260224985e+03
4.843000000000000083e-01 -8.223764819970705503e+03
4.843999999999999972e-01 -8.225743073458324943e+03
4.845000000000000417e-01 -8.227720276582660517e+03
4.846000000000000307e-01 -8.229696366121221217e+03
4.847000000000000197e-01 -8.231671417165111052e+03
4.848000000000000087e-01 -8.233645624382685128e+03
4.848999999999999977e-01 -8.235618923681604429e+03
4.850000000000000422e-01 -8.237591280469701815e+03
4.851000000000000312e-01 -8.239562873313425371e+03
4.852000000000000202e-01 -8.241534010939383734e+03
4.853000000000000091e-01 -8.243505203193961279e+03
4.853999999999999981e-01 -8.245476968850633057e+03
4.855000000000000426e-01 -8.247448976324139949e+03
4.856000000000000316e-01 -8.249420852144234232e+03
4.857000000000000206e-01 -8.251392304458948274e+03
4.858000000000000096e-01 -8.253363064952573041e+03
4.858999999999999986e-01 -8.255332920151047801e+03
4.860000000000000431e-01 -8.257301753641466348e+03
4.861000000000000321e-01 -8.259269538871114491e+03
4.862000000000000210e-01 -8.261236287435054692e+03
4.863000000000000100e-01 -8.263201890340706086e+03
4.863999999999999990e-01 -8.265166022110744962e+03
4.865000000000000435e-01 -8.267128078754916714e+03
4.866000000000000325e-01 -8.269085024081317897e+03
4.867000000000000215e-01 -8.271033479380690551e+03
4.868000000000000105e-01 -8.272972812310299560e+03
4.868999999999999995e-01 -8.274903095155756091e+03
4.870000000000000440e-01 -8.276825107777027370e+03
4.871000000000000330e-01 -8.278739900481683435e+03
4.872000000000000219e-01 -8.280648528322635684e+03
4.873000000000000109e-01 -8.282552019619706698e+03
4.873999999999999999e-01 -8.284451386101969547e+03
4.875000000000000444e-01 -8.286347600429449813e+03
4.876000000000000334e-01 -8.288241721020751356e+03
4.877000000000000224e-01 -8.290134599501549019e+03
4.878000000000000114e-01 -8.292029562719364549e+03
4.879000000000000004e-01 -8.293928098035301446e+03
4.880000000000000449e-01 -8.295831006928185161e+03
4.881000000000000338e-01 -8.297739258014078587e+03
4.882000000000000228e-01 -8.299654182320708060e+03
4.883000000000000118e-01 -8.301576579383807257e+03
4.884000000000000008e-01 -8.303506792232865337e+03
4.885000000000000453e-01 -8.305445149886139916e+03
4.886000000000000343e-01 -8.307389530130580169e+03
4.887000000000000233e-01 -8.309338201755259433e+03
4.888000000000000123e-01 -8.311300518594474852e+03
4.889000000000000012e-01 -8.313272163113328133e+03
4.890000000000000457e-01 -8.315268282367178472e+03
4.891000000000000347e-01 -8.317273309830010476e+03
4.892000000000000237e-01 -8.319279557626030510e+03
4.893000000000000127e-01 -8.321285219632420194e+03
4.894000000000000017e-01 -8.323287933600851829e+03
4.895000000000000462e-01 -8.325285785067915640e+03
4.896000000000000352e-01 -8.327277966066028966e+03
4.897000000000000242e-01 -8.329264714088494657e+03
4.898000000000000131e-01 -8.331246997093896425e+03
4.899000000000000021e-01 -8.333226172542414133e+03
4.900000000000000466e-01 -8.335204258234807639e+03
4.901000000000000356e-01 -8.337186085327606634e+03
4.902000000000000246e-01 -8.339171471704270516e+03
4.903000000000000136e-01 -8.341157439685608551e+03
4.904000000000000026e-01 -8.343141901352737477e+03
4.905000000000000471e-01 -8.345123861151672827e+03
4.906000000000000361e-01 -8.347103276534291581e+03
4.907000000000000250e-01 -8.349052855012942018e+03
4.908000000000000140e-01 -8.350991739616427367e+03
4.909000000000000030e-01 -8.352952324504341959e+03
4.910000000000000475e-01 -8.354934836820539203e+03
4.911000000000000365e-01 -8.356941860025935966e+03
4.912000000000000255e-01 -8.358977691150030296e+03
4.913000000000000145e-01 -8.361021194340893999e+03
4.914000000000000035e-01 -8.363051442963158479e+03
4.915000000000000480e-01 -8.365055894911880387e+03
4.916000000000000369e-01 -8.367031112382195715e+03
4.917000000000000259e-01 -8.368979621738546484e+03
4.918000000000000149e-01 -8.370906067902231371e+03
4.919000000000000039e-01 -8.372807430995597315e+03
4.920000000000000484e-01 -8.374682932155070375e+03
4.921000000000000374e-01 -8.376531395671072460e+03
4.922000000000000264e-01 -8.378347879642971748e+03
4.923000000000000154e-01 -8.380128411056843106e+03
4.924000000000000044e-01 -8.381875493349714816e+03
4.925000000000000488e-01 -8.383594198012462584e+03
4.926000000000000378e-01 -8.385290140907116438e+03
4.927000000000000268e-01 -8.386965534319102517e+03
4.928000000000000158e-01 -8.388613720604480477e+03
4.929000000000000048e-01 -8.390214027797910603e+03
4.930000000000000493e-01 -8.391748729360615471e+03
4.931000000000000383e-01 -8.393203658702681423e+03
4.932000000000000273e-01 -8.394565695342062099e+03
4.933000000000000163e-01 -8.395822500525056967e+03
4.934000000000000052e-01 -8.396963540051712698e+03
4.935000000000000497e-01 -8.397982598744218194e+03
4.936000000000000387e-01 -8.398874351853450207e+03
4.937000000000000277e-01 -8.399631997765638516e+03
4.938000000000000167e-01 -8.400251860853151811e+03
4.939000000000000057e-01 -8.400765074187749633e+03
4.940000000000000502e-01 -8.401227420424742377e+03
4.941000000000000392e-01 -8.401650832523728241e+03
4.942000000000000282e-01 -8.402031599622139765e+03
4.943000000000000171e-01 -8.402376792810375264e+03
4.944000000000000061e-01 -8.402689999753445591e+03
4.945000000000000506e-01 -8.403010561030805547e+03
4.946000000000000396e-01 -8.403409916666385470e+03
4.947000000000000286e-01 -8.403873644786546720e+03
4.948000000000000176e-01 -8.403809662546063919e+03
4.949000000000000066e-01 -8.402895138862228123e+03
4.950000000000000511e-01 -8.401767558212755830e+03
4.951000000000000401e-01 -8.401074012207829583e+03
4.952000000000000290e-01 -8.401013355699193198e+03
4.953000000000000180e-01 -8.401500534810802492e+03
4.954000000000000070e-01 -8.402467552213829549e+03
4.954999999999999960e-01 -8.403788234631549130e+03
4.956000000000000405e-01 -8.405323551831184886e+03
4.957000000000000295e-01 -8.406983959874587526e+03
4.958000000000000185e-01 -8.408717136730128914e+03
4.959000000000000075e-01 -8.410500128700990899e+03
4.959999999999999964e-01 -8.412331203137095144e+03
4.961000000000000409e-01 -8.414220577937261623e+03
4.962000000000000299e-01 -8.416164805634080039e+03
4.963000000000000189e-01 -8.418157025500328018e+03
4.964000000000000079e-01 -8.420179921285262026e+03
4.964999999999999969e-01 -8.422225385049714532e+03
4.966000000000000414e-01 -8.424264692794147777e+03
4.967000000000000304e-01 -8.426324717355120811e+03
4.968000000000000194e-01 -8.428412431482205648e+03
4.969000000000000083e-01 -8.430505621166394121e+03
4.969999999999999973e-01 -8.432598321252373353e+03
4.971000000000000418e-01 -8.434692005484655965e+03
4.972000000000000308e-01 -8.436782901757411310e+03
4.973000000000000198e-01 -8.438865892119854834e+03
4.974000000000000088e-01 -8.440940014265708669e+03
4.974999999999999978e-01 -8.443003281355118816e+03
4.976000000000000423e-01 -8.445060478740622784e+03
4.977000000000000313e-01 -8.447113488982886338e+03
4.978000000000000203e-01 -8.449162043128826554e+03
4.979000000000000092e-01 -8.451206430704170998e+03
4.979999999999999982e-01 -8.453247066602269115e+03
4.981000000000000427e-01 -8.455283422581567720e+03
4.982000000000000317e-01 -8.457318451923505563e+03
4.983000000000000207e-01 -8.459347609578768242e+03
4.984000000000000097e-01 -8.461375448617689472e+03
4.984999999999999987e-01 -8.463408005567864166e+03
4.986000000000000432e-01 -8.465435965995509832e+03
4.987000000000000322e-01 -8.467466645131758924e+03
4.988000000000000211e-01 -8.469499480075814063e+03
4.989000000000000101e-01 -8.471528780163300326e+03
4.989999999999999991e-01 -8.473562255839660793e+03
4.991000000000000436e-01 -8.475600743787117608e+03
4.992000000000000326e-01 -8.477636217144425245e+03
4.993000000000000216e-01 -8.479675150751965703e+03
4.994000000000000106e-01 -8.481718340725381495e+03
4.994999999999999996e-01 -8.483759030865918248e+03
4.996000000000000441e-01 -8.485800262691942407e+03
4.997000000000000330e-01 -8.487843785540648241e+03
4.998000000000000220e-01 -8.489890268660146830e+03
4.999000000000000110e-01 -8.491939212972489258e+03
5.000000000000000000e-01 -8.493990089052244002e+03
5.000999999999999890e-01 -8.497847445487976074e+03
5.001999999999999780e-01 -8.502899897050761865e+03
5.003000000000000780e-01 -8.508235959368988915e+03
5.004000000000000670e-01 -8.513881492718152003e+03
5.005000000000000560e-01 -8.520146264564604280e+03
5.006000000000000449e-01 -8.527240589364146217e+03
5.007000000000000339e-01 -8.535061793794833648e+03
5.008000000000000229e-01 -8.543322790510923369e+03
5.009000000000000119e-01 -8.552113597814426612e+03
5.010000000000000009e-01 -8.560514102861883657e+03
5.010999999999999899e-01 -8.566639495799587166e+03
5.011999999999999789e-01 -8.570662569264535705e+03
5.013000000000000789e-01 -8.573706792612370919e+03
5.014000000000000679e-01 -8.576273996972411624e+03
5.015000000000000568e-01 -8.578586668302101316e+03
5.016000000000000458e-01 -8.580700644597915016e+03
5.017000000000000348e-01 -8.582592024370847867e+03
5.018000000000000238e-01 -8.584251088458355298e+03
5.019000000000000128e-01 -8.585846104228692639e+03
5.020000000000000018e-01 -8.588204201873910279e+03
5.020999999999999908e-01 -8.591511566887073059e+03
5.021999999999999797e-01 -8.594290073013231449e+03
5.022999999999999687e-01 -8.596342017650233174e+03
5.024000000000000687e-01 -8.597950659365158572e+03
5.025000000000000577e-01 -8.599321075043484598e+03
5.026000000000000467e-01 -8.600559525166530875e+03
5.027000000000000357e-01 -8.601726978078460888e+03
5.028000000000000247e-01 -8.602848170441682669e+03
5.029000000000000137e-01 -8.603904922524272479e+03
5.030000000000000027e-01 -8.604895327507014372e+03
5.030999999999999917e-01 -8.605833179825871412e+03
5.031999999999999806e-01 -8.606723212550901735e+03
5.032999999999999696e-01 -8.607554297894665069e+03
5.034000000000000696e-01 -8.608303622217441443e+03
5.035000000000000586e-01 -8.608960000439930809e+03
5.036000000000000476e-01 -8.609522938765556319e+03
5.037000000000000366e-01 -8.609996483038425140e+03
5.038000000000000256e-01 -8.610380878929077880e+03
5.039000000000000146e-01 -8.610664452687318771e+03
5.040000000000000036e-01 -8.610840947952488932e+03
5.040999999999999925e-01 -8.610968311883316346e+03
5.041999999999999815e-01 -8.611111174016308723e+03
5.042999999999999705e-01 -8.611279436884618917e+03
5.044000000000000705e-01 -8.611470830864844174e+03
5.045000000000000595e-01 -8.611690933928832237e+03
5.046000000000000485e-01 -8.612017141646620075e+03
5.047000000000000375e-01 -8.612487267981601690e+03
5.048000000000000265e-01 -8.613074439638316107e+03
5.049000000000000155e-01 -8.613758265225340438e+03
5.050000000000000044e-01 -8.614518838146907001e+03
5.050999999999999934e-01 -8.615348916960560018e+03
5.051999999999999824e-01 -8.616315662604234603e+03
5.052999999999999714e-01 -8.617474457836531656e+03
5.054000000000000714e-01 -8.618829082576643486e+03
5.055000000000000604e-01 -8.620363494932795220e+03
5.056000000000000494e-01 -8.622054615371034743e+03
5.057000000000000384e-01 -8.623853049407351136e+03
5.058000000000000274e-01 -8.625718028486564435e+03
5.059000000000000163e-01 -8.627625873025330293e+03
5.060000000000000053e-01 -8.629566020365611621e+03
5.060999999999999943e-01 -8.631534348229215539e+03
5.061999999999999833e-01 -8.633529235762012831e+03
5.062999999999999723e-01 -8.635542486944079428e+03
5.064000000000000723e-01 -8.637562995305082950e+03
5.065000000000000613e-01 -8.639627236158905362e+03
5.066000000000000503e-01 -8.641706347706756787e+03
5.067000000000000393e-01 -8.643790880127575292e+03
5.068000000000000282e-01 -8.645875926258469917e+03
5.069000000000000172e-01 -8.647957524501232911e+03
5.070000000000000062e-01 -8.650033688496992909e+03
5.070999999999999952e-01 -8.652103287805281070e+03
5.071999999999999842e-01 -8.654165528075131078e+03
5.072999999999999732e-01 -8.656219668543255466e+03
5.074000000000000732e-01 -8.658265573419155771e+03
5.075000000000000622e-01 -8.660303245388558935e+03
5.076000000000000512e-01 -8.662332334077831547e+03
5.077000000000000401e-01 -8.664352444561005541e+03
5.078000000000000291e-01 -8.666348497176968522e+03
5.079000000000000181e-01 -8.668345977574577773e+03
5.080000000000000071e-01 -8.670343508952788397e+03
5.080999999999999961e-01 -8.672335099864609219e+03
5.081999999999999851e-01 -8.674319278142305848e+03
5.082999999999999741e-01 -8.676298410373845400e+03
5.084000000000000741e-01 -8.678273616823165867e+03
5.085000000000000631e-01 -8.680246274636507223e+03
5.086000000000000520e-01 -8.682217173645631192e+03
5.087000000000000410e-01 -8.684186055110089001e+03
5.088000000000000300e-01 -8.686153755854986230e+03
5.089000000000000190e-01 -8.688121817729437680e+03
5.090000000000000080e-01 -8.689937034092772592e+03
5.090999999999999970e-01 -8.691220831043961880e+03
5.091999999999999860e-01 -8.692402550882228752e+03
5.092999999999999750e-01 -8.693694816466022530e+03
5.094000000000000750e-01 -8.695112537230863381e+03
5.095000000000000639e-01 -8.696236056917807218e+03
5.096000000000000529e-01 -8.697045489979864215e+03
5.097000000000000419e-01 -8.697794358552084304e+03
5.098000000000000309e-01 -8.698572237283837239e+03
5.099000000000000199e-01 -8.699412434989470057e+03
5.100000000000000089e-01 -8.700355441943998812e+03
5.100999999999999979e-01 -8.701442831649503205e+03
5.101999999999999869e-01 -8.702760903430653343e+03
5.102999999999999758e-01 -8.704367876875969159e+03
5.104000000000000759e-01 -8.706275321140528831e+03
5.105000000000000648e-01 -8.708129511171215199e+03
5.106000000000000538e-01 -8.709919657922402621e+03
5.107000000000000428e-01 -8.711826337560245520e+03
5.108000000000000318e-01 -8.713873630677615438e+03
5.109000000000000208e-01 -8.716032364910553952e+03
5.110000000000000098e-01 -8.717994559038768784e+03
5.110999999999999988e-01 -8.719769748426644583e+03
5.111999999999999877e-01 -8.721588259323947568e+03
5.112999999999999767e-01 -8.723516634767684081e+03
5.114000000000000767e-01 -8.725562318477917870e+03
5.115000000000000657e-01 -8.727701246476048254e+03
5.116000000000000547e-01 -8.729906918254520861e+03
5.117000000000000437e-01 -8.732156590823542501e+03
5.118000000000000327e-01 -8.734433145644587057e+03
5.119000000000000217e-01 -8.736725078858517008e+03
5.120000000000000107e-01 -8.739025355492092785e+03
5.120999999999999996e-01 -8.741329986050719526e+03
5.121999999999999886e-01 -8.743637741640701279e+03
5.122999999999999776e-01 -8.745949717138724736e+03
5.124000000000000776e-01 -8.748261192593670785e+03
5.125000000000000666e-01 -8.750575982631309671e+03
5.126000000000000556e-01 -8.752897478691531433e+03
5.127000000000000446e-01 -8.755227084385674971e+03
5.128000000000000336e-01 -8.757560574114049814e+03
5.129000000000000226e-01 -8.759898172961680757e+03
5.130000000000000115e-01 -8.762240874399531094e+03
5.131000000000000005e-01 -8.764588049736194080e+03
5.131999999999999895e-01 -8.766938945495179723e+03
5.132999999999999785e-01 -8.769292969969585101e+03
5.134000000000000785e-01 -8.771649690795886272e+03
5.135000000000000675e-01 -8.774008847533081280e+03
5.136000000000000565e-01 -8.776370265039944570e+03
5.137000000000000455e-01 -8.778733451353939017e+03
5.138000000000000345e-01 -8.781098207143719264e+03
5.139000000000000234e-01 -8.783464836545872458e+03
5.140000000000000124e-01 -8.785833601014148371e+03
5.141000000000000014e-01 -8.788204780549585848e+03
5.141999999999999904e-01 -8.790580690830154708e+03
5.142999999999999794e-01 -8.792961161003178859e+03
5.144000000000000794e-01 -8.795345043987514146e+03
5.145000000000000684e-01 -8.797733281711165546e+03
5.146000000000000574e-01 -8.800125093160155302e+03
5.147000000000000464e-01 -8.802519752889757001e+03
5.148000000000000353e-01 -8.804918757878771430e+03
5.149000000000000243e-01 -8.807321810626061051e+03
5.150000000000000133e-01 -8.809728687446822732e+03
5.151000000000000023e-01 -8.812139237118100937e+03
5.151999999999999913e-01 -8.814553341041217209e+03
5.152999999999999803e-01 -8.816970909731677239e+03
5.153999999999999693e-01 -8.819391903214760532e+03
5.155000000000000693e-01 -8.821816372613029671e+03
5.156000000000000583e-01 -8.824244567184807238e+03
5.157000000000000473e-01 -8.826677934213701519e+03
5.158000000000000362e-01 -8.829122091346669549e+03
5.159000000000000252e-01 -8.831580054521948114e+03
5.160000000000000142e-01 -8.834052841281945803e+03
5.161000000000000032e-01 -8.836540757158572887e+03
5.161999999999999922e-01 -8.839043040498969276e+03
5.162999999999999812e-01 -8.841559023344669185e+03
5.163999999999999702e-01 -8.844088269213414605e+03
5.165000000000000702e-01 -8.846630818760377224e+03
5.166000000000000592e-01 -8.849187024599636061e+03
5.167000000000000481e-01 -8.851759806216679863e+03
5.168000000000000371e-01 -8.854359136443827083e+03
5.169000000000000261e-01 -8.856992971722027505e+03
5.170000000000000151e-01 -8.859666312520805150e+03
5.171000000000000041e-01 -8.862382459934271537e+03
5.171999999999999931e-01 -8.865149421748672466e+03
5.172999999999999821e-01 -8.867975652601990078e+03
5.173999999999999710e-01 -8.870865059142688551e+03
5.175000000000000711e-01 -8.873819068489583515e+03
5.176000000000000600e-01 -8.876836414768065879e+03
5.177000000000000490e-01 -8.879915252702592625e+03
5.178000000000000380e-01 -8.883057157911127433e+03
5.179000000000000270e-01 -8.886267953436503376e+03
5.180000000000000160e-01 -8.889560447957703218e+03
5.181000000000000050e-01 -8.892958737954388198e+03
5.181999999999999940e-01 -8.896484540918805578e+03
5.182999999999999829e-01 -8.900150765947299078e+03
5.183999999999999719e-01 -8.903973111937661088e+03
5.185000000000000719e-01 -8.907995208702654054e+03
5.186000000000000609e-01 -8.912274760428044829e+03
5.187000000000000499e-01 -8.916935867443189636e+03
5.188000000000000389e-01 -8.922082118557425929e+03
5.189000000000000279e-01 -8.927759132115172179e+03
5.190000000000000169e-01 -8.933882991641688932e+03
5.191000000000000059e-01 -8.940455627304894733e+03
5.191999999999999948e-01 -8.947548347005948017e+03
5.192999999999999838e-01 -8.955174375225664335e+03
5.193999999999999728e-01 -8.962135843733247384e+03
5.195000000000000728e-01 -8.965717166538484889e+03
5.196000000000000618e-01 -8.967378360960045029e+03
5.197000000000000508e-01 -8.968682865571963703e+03
5.198000000000000398e-01 -8.970099270038970644e+03
5.199000000000000288e-01 -8.971705022463402202e+03
5.200000000000000178e-01 -8.973593963227933273e+03
5.201000000000000068e-01 -8.975759878476608719e+03
5.201999999999999957e-01 -8.978011681343203236e+03
5.202999999999999847e-01 -8.980262012497418254e+03
5.203999999999999737e-01 -8.982506447262368965e+03
5.205000000000000737e-01 -8.984765640472367522e+03
5.206000000000000627e-01 -8.987050245570955667e+03
5.207000000000000517e-01 -8.989354194629795529e+03
5.208000000000000407e-01 -8.991665681243550353e+03
5.209000000000000297e-01 -8.993970765230802499e+03
5.210000000000000187e-01 -8.996264661048939161e+03
5.211000000000000076e-01 -8.998560106826083938e+03
5.211999999999999966e-01 -9.000855691214299441e+03
5.212999999999999856e-01 -9.003141542277704502e+03
5.213999999999999746e-01 -9.005422542071746648e+03
5.215000000000000746e-01 -9.007704457200672550e+03
5.216000000000000636e-01 -9.009988958247451592e+03
5.217000000000000526e-01 -9.012302077469170399e+03
5.218000000000000416e-01 -9.014688244851180571e+03
5.219000000000000306e-01 -9.017154733097955614e+03
5.220000000000000195e-01 -9.019626690614941253e+03
5.221000000000000085e-01 -9.022061386509438307e+03
5.221999999999999975e-01 -9.024448683178394276e+03
5.222999999999999865e-01 -9.026799014191805327e+03
5.223999999999999755e-01 -9.029115282536322411e+03
5.225000000000000755e-01 -9.031400825185508438e+03
5.226000000000000645e-01 -9.033669817654774306e+03
5.227000000000000535e-01 -9.035937280694699439e+03
5.228000000000000425e-01 -9.038212760588961828e+03
5.229000000000000314e-01 -9.040500903138068679e+03
5.230000000000000204e-01 -9.042789508156525699e+03
5.231000000000000094e-01 -9.045080827511315874e+03
5.231999999999999984e-01 -9.047378528579032718e+03
5.232999999999999874e-01 -9.049684292965923305e+03
5.233999999999999764e-01 -9.051998951795567336e+03
5.235000000000000764e-01 -9.054322681075083892e+03
5.236000000000000654e-01 -9.056655444405623712e+03
5.237000000000000544e-01 -9.058997114074652927e+03
5.238000000000000433e-01 -9.061347529382586799e+03
5.239000000000000323e-01 -9.063706513932505914e+03
5.240000000000000213e-01 -9.066073877005095710e+03
5.241000000000000103e-01 -9.068448947738665083e+03
5.241999999999999993e-01 -9.070827746940265570e+03
5.242999999999999883e-01 -9.073210981154827095e+03
5.243999999999999773e-01 -9.075601694740935272e+03
5.245000000000000773e-01 -9.077992749707316761e+03
5.246000000000000663e-01 -9.080372296275309054e+03
5.247000000000000552e-01 -9.082740618288929909e+03
5.248000000000000442e-01 -9.085103257958884569e+03
5.249000000000000332e-01 -9.087454751418486921e+03
5.250000000000000222e-01 -9.089786722055685459e+03
5.251000000000000112e-01 -9.092083409096967443e+03
5.252000000000000002e-01 -9.094352240292015267e+03
5.252999999999999892e-01 -9.096605816408780811e+03
5.253999999999999782e-01 -9.098851443088000451e+03
5.255000000000000782e-01 -9.101092659645495587e+03
5.256000000000000671e-01 -9.103330935658827002e+03
5.257000000000000561e-01 -9.105566682554846921e+03
5.258000000000000451e-01 -9.107799885065714989e+03
5.259000000000000341e-01 -9.110030490485220071e+03
5.260000000000000231e-01 -9.112258608840636953e+03
5.261000000000000121e-01 -9.114484610344519751e+03
5.262000000000000011e-01 -9.116708945498883622e+03
5.262999999999999901e-01 -9.118932326756066686e+03
5.263999999999999790e-01 -9.121155516566643200e+03
5.265000000000000790e-01 -9.123379144920461840e+03
5.266000000000000680e-01 -9.125603781580943178e+03
5.267000000000000570e-01 -9.127829890700098986e+03
5.268000000000000460e-01 -9.130057847778278301e+03
5.269000000000000350e-01 -9.132287931395563646e+03
5.270000000000000240e-01 -9.134520735442429213e+03
5.271000000000000130e-01 -9.136756047439579561e+03
5.272000000000000020e-01 -9.138991246147568745e+03
5.272999999999999909e-01 -9.141228109985917399e+03
5.273999999999999799e-01 -9.143466148998748395e+03
5.275000000000000799e-01 -9.145705038999358294e+03
5.276000000000000689e-01 -9.147944534040434519e+03
5.277000000000000579e-01 -9.150184267894243021e+03
5.278000000000000469e-01 -9.152424105600379335e+03
5.279000000000000359e-01 -9.154663903294318516e+03
5.280000000000000249e-01 -9.156902339811556885e+03
5.281000000000000139e-01 -9.159141224816044996e+03
5.282000000000000028e-01 -9.161380227085230217e+03
5.282999999999999918e-01 -9.163618841111285292e+03
5.283999999999999808e-01 -9.165856794164757957e+03
5.285000000000000808e-01 -9.168094069598231727e+03
5.286000000000000698e-01 -9.170329955295945183e+03
5.287000000000000588e-01 -9.172566336411529846e+03
5.288000000000000478e-01 -9.174802519404573104e+03
5.289000000000000368e-01 -9.177038149675883687e+03
5.290000000000000258e-01 -9.179272627752081462e+03
5.291000000000000147e-01 -9.181507066137639413e+03
5.292000000000000037e-01 -9.183741772006738756e+03
5.292999999999999927e-01 -9.185975751781215877e+03
5.293999999999999817e-01 -9.188209118726927045e+03
5.294999999999999707e-01 -9.190442935847620902e+03
5.296000000000000707e-01 -9.192675262182929146e+03
5.297000000000000597e-01 -9.194907292995807438e+03
5.298000000000000487e-01 -9.197137857399240602e+03
5.299000000000000377e-01 -9.199366988931520609e+03
5.300000000000000266e-01 -9.201594776689005812e+03
5.301000000000000156e-01 -9.203809011934637965e+03
5.302000000000000046e-01 -9.205982618921798348e+03
5.302999999999999936e-01 -9.208116604945224026e+03
5.303999999999999826e-01 -9.210219133635853723e+03
5.304999999999999716e-01 -9.212298085787888340e+03
5.306000000000000716e-01 -9.214359645699913017e+03
5.307000000000000606e-01 -9.216407813354619066e+03
5.308000000000000496e-01 -9.218445081061818200e+03
5.309000000000000385e-01 -9.220473459364327937e+03
5.310000000000000275e-01 -9.222494842308964508e+03
5.311000000000000165e-01 -9.224511831540741696e+03
5.312000000000000055e-01 -9.226523935449160490e+03
5.312999999999999945e-01 -9.228532327037963114e+03
5.313999999999999835e-01 -9.230538230597217989e+03
5.314999999999999725e-01 -9.232542376932835396e+03
5.316000000000000725e-01 -9.234545243075705002e+03
5.317000000000000615e-01 -9.236547169373892757e+03
5.318000000000000504e-01 -9.238548409486284072e+03
5.319000000000000394e-01 -9.240549156146060341e+03
5.320000000000000284e-01 -9.242549531657374246e+03
5.321000000000000174e-01 -9.244549584333892199e+03
5.322000000000000064e-01 -9.246549384756081054e+03
5.322999999999999954e-01 -9.248549008071666321e+03
5.323999999999999844e-01 -9.250548513392534005e+03
5.324999999999999734e-01 -9.252547940052143531e+03
5.326000000000000734e-01 -9.254547309784826211e+03
5.327000000000000624e-01 -9.256546630233227916e+03
5.328000000000000513e-01 -9.258545898332618890e+03
5.329000000000000403e-01 -9.260545103201255188e+03
5.330000000000000293e-01 -9.262544229876539248e+03
5.331000000000000183e-01 -9.264543312084064382e+03
5.332000000000000073e-01 -9.266542264216162948e+03
5.332999999999999963e-01 -9.268540982213102325e+03
5.333999999999999853e-01 -9.270539370994536512e+03
5.334999999999999742e-01 -9.272537422602797960e+03
5.336000000000000743e-01 -9.274535149417832145e+03
5.337000000000000632e-01 -9.276532561654496021e+03
5.338000000000000522e-01 -9.278529663368813999e+03
5.339000000000000412e-01 -9.280526452619504198e+03
5.340000000000000302e-01 -9.282522922471516722e+03
5.341000000000000192e-01 -9.284519061862089075e+03
5.342000000000000082e-01 -9.286514856052586765e+03
5.342999999999999972e-01 -9.288510186482812060e+03
5.343999999999999861e-01 -9.290504960559763276e+03
5.344999999999999751e-01 -9.292499529272883592e+03
5.346000000000000751e-01 -9.294493723002471597e+03
5.347000000000000641e-01 -9.296487430070843402e+03
5.348000000000000531e-01 -9.298480458407379047e+03
5.349000000000000421e-01 -9.300472869576493395e+03
5.350000000000000311e-01 -9.302464296400641615e+03
5.351000000000000201e-01 -9.304453892187893871e+03
5.352000000000000091e-01 -9.306439076260799993e+03
5.352999999999999980e-01 -9.308419899823171363e+03
5.353999999999999870e-01 -9.310398410970072291e+03
5.354999999999999760e-01 -9.312373441764157178e+03
5.356000000000000760e-01 -9.314344505792185373e+03
5.357000000000000650e-01 -9.316313156647014694e+03
5.358000000000000540e-01 -9.318280740436961423e+03
5.359000000000000430e-01 -9.320248002151671244e+03
5.360000000000000320e-01 -9.322215109455688435e+03
5.361000000000000210e-01 -9.324181694386232266e+03
5.362000000000000099e-01 -9.326147492058831631e+03
5.362999999999999989e-01 -9.328112502179459625e+03
5.363999999999999879e-01 -9.330076939756805587e+03
5.364999999999999769e-01 -9.332040890554259022e+03
5.366000000000000769e-01 -9.334004381585134979e+03
5.367000000000000659e-01 -9.335967871596960322e+03
5.368000000000000549e-01 -9.337932377741864912e+03
5.369000000000000439e-01 -9.339896702641948650e+03
5.370000000000000329e-01 -9.341859744243740352e+03
5.371000000000000218e-01 -9.343822354300125880e+03
5.372000000000000108e-01 -9.345787406070227007e+03
5.372999999999999998e-01 -9.347753768701866647e+03
5.373999999999999888e-01 -9.349718629335060541e+03
5.374999999999999778e-01 -9.351681140838642023e+03
5.376000000000000778e-01 -9.353640943844606227e+03
5.377000000000000668e-01 -9.355598821995359685e+03
5.378000000000000558e-01 -9.357556475593755749e+03
5.379000000000000448e-01 -9.359514375181217474e+03
5.380000000000000338e-01 -9.361475046140320046e+03
5.381000000000000227e-01 -9.363436912565050079e+03
5.382000000000000117e-01 -9.365398267931821465e+03
5.383000000000000007e-01 -9.367358092868185850e+03
5.383999999999999897e-01 -9.369319029803631565e+03
5.384999999999999787e-01 -9.371280206638388336e+03
5.386000000000000787e-01 -9.373233415139240606e+03
5.387000000000000677e-01 -9.375182358224194104e+03
5.388000000000000567e-01 -9.377128872328818034e+03
5.389000000000000457e-01 -9.379073275323193229e+03
5.390000000000000346e-01 -9.381019780183034527e+03
5.391000000000000236e-01 -9.382970596626406405e+03
5.392000000000000126e-01 -9.384924704021495927e+03
5.393000000000000016e-01 -9.386886691313771735e+03
5.393999999999999906e-01 -9.388848611077559326e+03
5.394999999999999796e-01 -9.390803469949743885e+03
5.396000000000000796e-01 -9.392751407672829373e+03
5.397000000000000686e-01 -9.394690268882181044e+03
5.398000000000000576e-01 -9.396621024119709546e+03
5.399000000000000465e-01 -9.398533040075324607e+03
5.400000000000000355e-01 -9.400429741862360970e+03
5.401000000000000245e-01 -9.402316226847027792e+03
5.402000000000000135e-01 -9.404205392180620038e+03
5.403000000000000025e-01 -9.406102749897536341e+03
5.403999999999999915e-01 -9.408002974715149321e+03
5.404999999999999805e-01 -9.409900431969381316e+03
5.406000000000000805e-01 -9.411799197153643036e+03
5.407000000000000695e-01 -9.413665882354234782e+03
5.408000000000000584e-01 -9.415543703727582397e+03
5.409000000000000474e-01 -9.417477766075538966e+03
5.410000000000000364e-01 -9.419465670679752293e+03
5.411000000000000254e-01 -9.421464202743542046e+03
5.412000000000000144e-01 -9.423437429768100628e+03
5.413000000000000034e-01 -9.425376908734160679e+03
5.413999999999999924e-01 -9.427293422693683169e+03
5.414999999999999813e-01 -9.429203500381952836e+03
5.416000000000000814e-01 -9.431120919239730938e+03
5.417000000000000703e-01 -9.433053678149162806e+03
5.418000000000000593e-01 -9.435003999287693659e+03
5.419000000000000483e-01 -9.436968775749734050e+03
5.420000000000000373e-01 -9.438940839609753311e+03
5.421000000000000263e-01 -9.440911499487732726e+03
5.422000000000000153e-01 -9.442872974175570562e+03
5.423000000000000043e-01 -9.444816813458668548e+03
5.423999999999999932e-01 -9.446735186654543213e+03
5.424999999999999822e-01 -9.448617592693628467e+03
5.425999999999999712e-01 -9.450444505123830822e+03
5.427000000000000712e-01 -9.452175570294726640e+03
5.428000000000000602e-01 -9.453775662996997198e+03
5.429000000000000492e-01 -9.455227836094341910e+03
5.430000000000000382e-01 -9.456523145153512814e+03
5.431000000000000272e-01 -9.457650731500030815e+03
5.432000000000000162e-01 -9.458594235243910589e+03
5.433000000000000052e-01 -9.459333631491026608e+03
5.433999999999999941e-01 -9.459848892071815499e+03
5.434999999999999831e-01 -9.460133234992970756e+03
5.435999999999999721e-01 -9.460222083395461596e+03
5.437000000000000721e-01 -9.460145725591242808e+03
5.438000000000000611e-01 -9.459899185728561861e+03
5.439000000000000501e-01 -9.459492763839130930e+03
5.440000000000000391e-01 -9.459033654302891591e+03
5.441000000000000281e-01 -9.458565773719532444e+03
5.442000000000000171e-01 -9.458121850698247727e+03
5.443000000000000060e-01 -9.457802309292908831e+03
5.443999999999999950e-01 -9.457702084728434784e+03
5.444999999999999840e-01 -9.457795692006922764e+03
5.445999999999999730e-01 -9.458041078569920501e+03
5.447000000000000730e-01 -9.458339704778463783e+03
5.448000000000000620e-01 -9.458596868438375168e+03
5.449000000000000510e-01 -9.459092614941215288e+03
5.450000000000000400e-01 -9.460100494234013240e+03
5.451000000000000290e-01 -9.461607037454155943e+03
5.452000000000000179e-01 -9.463467581197883192e+03
5.453000000000000069e-01 -9.465529539819730417e+03
5.453999999999999959e-01 -9.467662714280533692e+03
5.454999999999999849e-01 -9.469789942492590853e+03
5.455999999999999739e-01 -9.471871791836325428e+03
5.457000000000000739e-01 -9.473862175405203743e+03
5.458000000000000629e-01 -9.475838576118356286e+03
5.459000000000000519e-01 -9.477799602707031227e+03
5.460000000000000409e-01 -9.479717299852733049e+03
5.461000000000000298e-01 -9.481695591098699879e+03
5.462000000000000188e-01 -9.483771872580377021e+03
5.463000000000000078e-01 -9.485923312744555005e+03
5.463999999999999968e-01 -9.488086687143610106e+03
5.464999999999999858e-01 -9.490227075387996592e+03
5.465999999999999748e-01 -9.492335506436907963e+03
5.467000000000000748e-01 -9.494415794914857543e+03
5.468000000000000638e-01 -9.496469097608491211e+03
5.469000000000000528e-01 -9.498505901622529564e+03
5.470000000000000417e-01 -9.500538269638576821e+03
5.471000000000000307e-01 -9.502574809962179643e+03
5.472000000000000197e-01 -9.504618188958867904e+03
5.473000000000000087e-01 -9.506675198933218780e+03
5.473999999999999977e-01 -9.508746613502840773e+03
5.474999999999999867e-01 -9.510822820451308871e+03
5.475999999999999757e-01 -9.512895813741799429e+03
5.477000000000000757e-01 -9.514960381585144205e+03
5.478000000000000647e-01 -9.517013758318302280e+03
5.479000000000000536e-01 -9.519056608593948113e+03
5.480000000000000426e-01 -9.521091537356220215e+03
5.481000000000000316e-01 -9.523118937225441186e+03
5.482000000000000206e-01 -9.525140607442892360e+03
5.483000000000000096e-01 -9.527156142264810114e+03
5.483999999999999986e-01 -9.529166538680643498e+03
5.484999999999999876e-01 -9.531187086536452625e+03
5.485999999999999766e-01 -9.533201060295457864e+03
5.487000000000000766e-01 -9.535200078896659761e+03
5.488000000000000655e-01 -9.537195794794397443e+03
5.489000000000000545e-01 -9.539192533569739680e+03
5.490000000000000435e-01 -9.541192913160874014e+03
5.491000000000000325e-01 -9.543197708826151938e+03
5.492000000000000215e-01 -9.545206613944845230e+03
5.493000000000000105e-01 -9.547215620519433287e+03
5.493999999999999995e-01 -9.549225987282317874e+03
5.494999999999999885e-01 -9.551240417667186193e+03
5.495999999999999774e-01 -9.553256294112752585e+03
5.497000000000000774e-01 -9.555274985397963974e+03
5.498000000000000664e-01 -9.557296774381766227e+03
5.499000000000000554e-01 -9.559320209266950769e+03
5.500000000000000444e-01 -9.561348614559630732e+03
5.501000000000000334e-01 -9.565149733073720199e+03
5.502000000000000224e-01 -9.570060967719224209e+03
5.503000000000000114e-01 -9.575260669729361325e+03
5.504000000000000004e-01 -9.580807597188550062e+03
5.504999999999999893e-01 -9.587023449996579075e+03
5.505999999999999783e-01 -9.594107678040591054e+03
5.507000000000000783e-01 -9.601948259404372948e+03
5.508000000000000673e-01 -9.610048321345544537e+03
5.509000000000000563e-01 -9.618683234762040229e+03
5.510000000000000453e-01 -9.627716412296975250e+03
5.511000000000000343e-01 -9.635313606123920181e+03
5.512000000000000233e-01 -9.640252980549512358e+03
5.513000000000000123e-01 -9.643848096074909336e+03
5.514000000000000012e-01 -9.646794271951241171e+03
5.514999999999999902e-01 -9.649326557364129258e+03
5.515999999999999792e-01 -9.651574376058331836e+03
5.517000000000000792e-01 -9.653598074699742938e+03
5.518000000000000682e-01 -9.655425958711946805e+03
5.519000000000000572e-01 -9.657073540575123843e+03
5.520000000000000462e-01 -9.658586525719096244e+03
5.521000000000000352e-01 -9.659893121786200936e+03
5.522000000000000242e-01 -9.661655775583862123e+03
5.523000000000000131e-01 -9.664871623108818312e+03
5.524000000000000021e-01 -9.667933984788975067e+03
5.524999999999999911e-01 -9.670250178215535925e+03
5.525999999999999801e-01 -9.671988812763709575e+03
5.527000000000000801e-01 -9.673390241875078573e+03
5.528000000000000691e-01 -9.674580491176116993e+03
5.529000000000000581e-01 -9.675611835653269736e+03
5.530000000000000471e-01 -9.676496382413382889e+03
5.531000000000000361e-01 -9.677245241957754843e+03
5.532000000000000250e-01 -9.677872479239649692e+03
5.533000000000000140e-01 -9.678379621125986887e+03
5.534000000000000030e-01 -9.678758856268417730e+03
5.534999999999999920e-01 -9.678988031860844785e+03
5.535999999999999810e-01 -9.679014873943928251e+03
5.537000000000000810e-01 -9.678614181248618479e+03
5.538000000000000700e-01 -9.677720775935178608e+03
5.539000000000000590e-01 -9.676500020834924726e+03
5.540000000000000480e-01 -9.675179437890037661e+03
5.541000000000000369e-01 -9.673818603084879214e+03
5.542000000000000259e-01 -9.672443006419629455e+03
5.543000000000000149e-01 -9.671192182055698140e+03
5.544000000000000039e-01 -9.670299323316829032e+03
5.544999999999999929e-01 -9.669740693006058791e+03
5.545999999999999819e-01 -9.669618283858402719e+03
5.547000000000000819e-01 -9.669976007603103426e+03
5.548000000000000709e-01 -9.670878933600901291e+03
5.549000000000000599e-01 -9.672344800181388564e+03
5.550000000000000488e-01 -9.674221648736482166e+03
5.551000000000000378e-01 -9.676316117824249886e+03
5.552000000000000268e-01 -9.678491201474604168e+03
5.553000000000000158e-01 -9.680658420593053961e+03
5.554000000000000048e-01 -9.682789649729547818e+03
5.554999999999999938e-01 -9.684868696281939265e+03
5.555999999999999828e-01 -9.686813658599687187e+03
5.556999999999999718e-01 -9.688770831164763877e+03
5.558000000000000718e-01 -9.690715710055883392e+03
5.559000000000000608e-01 -9.692704519683516992e+03
5.560000000000000497e-01 -9.694822253974090927e+03
5.561000000000000387e-01 -9.697014324121766549e+03
5.562000000000000277e-01 -9.699212311052164296e+03
5.563000000000000167e-01 -9.701393636960519871e+03
5.564000000000000057e-01 -9.703543762464571046e+03
5.564999999999999947e-01 -9.705642649557275945e+03
5.565999999999999837e-01 -9.707691700014553135e+03
5.566999999999999726e-01 -9.709706844938837094e+03
5.568000000000000727e-01 -9.711706430873224235e+03
5.569000000000000616e-01 -9.713703908581461292e+03
5.570000000000000506e-01 -9.715718976584321354e+03
5.571000000000000396e-01 -9.717766076268157121e+03
5.572000000000000286e-01 -9.719852588873436616e+03
5.573000000000000176e-01 -9.721940971647956758e+03
5.574000000000000066e-01 -9.724024620067588330e+03
5.574999999999999956e-01 -9.726099383751012283e+03
5.575999999999999845e-01 -9.728162362087414294e+03
5.576999999999999735e-01 -9.730212444641823822e+03
5.578000000000000735e-01 -9.732249894584792855e+03
5.579000000000000625e-01 -9.734275873946931824e+03
5.580000000000000515e-01 -9.736303640026706489e+03
5.581000000000000405e-01 -9.738336558712257101e+03
5.582000000000000295e-01 -9.740336664509079128e+03
5.583000000000000185e-01 -9.742327015005344947e+03
5.584000000000000075e-01 -9.744322185895849543e+03
5.584999999999999964e-01 -9.746316780611234208e+03
5.585999999999999854e-01 -9.748312871346030079e+03
5.586999999999999744e-01 -9.750310419833154810e+03
5.588000000000000744e-01 -9.752311131866639698e+03
5.589000000000000634e-01 -9.754311134405817938e+03
5.590000000000000524e-01 -9.756313869470053760e+03
5.591000000000000414e-01 -9.758319869624601779e+03
5.592000000000000304e-01 -9.760338863595678049e+03
5.593000000000000194e-01 -9.762359800135485784e+03
5.594000000000000083e-01 -9.764384876587057079e+03
5.594999999999999973e-01 -9.766415309503165190e+03
5.595999999999999863e-01 -9.768454042125609703e+03
5.596999999999999753e-01 -9.770497567954989790e+03
5.598000000000000753e-01 -9.772545548044321549e+03
5.599000000000000643e-01 -9.774597410917740490e+03
5.600000000000000533e-01 -9.776651452229094502e+03
5.601000000000000423e-01 -9.778719248111596244e+03
5.602000000000000313e-01 -9.780831147810022230e+03
5.603000000000000203e-01 -9.782985149866171923e+03
5.604000000000000092e-01 -9.785171305319499879e+03
5.604999999999999982e-01 -9.787380922247139097e+03
5.605999999999999872e-01 -9.789607602386164217e+03
5.606999999999999762e-01 -9.791846768874824193e+03
5.608000000000000762e-01 -9.794094752071980110e+03
5.609000000000000652e-01 -9.796346638125622121e+03
5.610000000000000542e-01 -9.798605526057352108e+03
5.611000000000000432e-01 -9.800869437399293020e+03
5.612000000000000322e-01 -9.803136087152675827e+03
5.613000000000000211e-01 -9.805403256346502531e+03
5.614000000000000101e-01 -9.807672898419414196e+03
5.614999999999999991e-01 -9.809946609906892263e+03
5.615999999999999881e-01 -9.812224115946162783e+03
5.616999999999999771e-01 -9.814505816564525958e+03
5.618000000000000771e-01 -9.816791532711049513e+03
5.619000000000000661e-01 -9.819081202752273384e+03
5.620000000000000551e-01 -9.821374157750511586e+03
5.621000000000000441e-01 -9.823669553457320944e+03
5.622000000000000330e-01 -9.825966631659310224e+03
5.623000000000000220e-01 -9.828265361886840765e+03
5.624000000000000110e-01 -9.830564512971617660e+03
5.625000000000000000e-01 -9.832863282356702257e+03
5.625999999999999890e-01 -9.835162310315488867e+03
5.626999999999999780e-01 -9.837462744444073905e+03
5.628000000000000780e-01 -9.839761898731709152e+03
5.629000000000000670e-01 -9.842060848611277834e+03
5.630000000000000560e-01 -9.844359961505373576e+03
5.631000000000000449e-01 -9.846659329467513089e+03
5.632000000000000339e-01 -9.848959076236995315e+03
5.633000000000000229e-01 -9.851259843086112596e+03
5.634000000000000119e-01 -9.853561906286398880e+03
5.635000000000000009e-01 -9.855864573370530707e+03
5.635999999999999899e-01 -9.858168154773431525e+03
5.636999999999999789e-01 -9.860472446366355143e+03
5.638000000000000789e-01 -9.862778000828237055e+03
5.639000000000000679e-01 -9.865086162400422836e+03
5.640000000000000568e-01 -9.867395745760577483e+03
5.641000000000000458e-01 -9.869705749409824421e+03
5.642000000000000348e-01 -9.872018500207688703e+03
5.643000000000000238e-01 -9.874334139896765919e+03
5.644000000000000128e-01 -9.876650025531804204e+03
5.645000000000000018e-01 -9.878967333177675755e+03
5.645999999999999908e-01 -9.881286702685967612e+03
5.646999999999999797e-01 -9.883609641873112196e+03
5.648000000000000798e-01 -9.885938642521385191e+03
5.649000000000000687e-01 -9.888275127604665613e+03
5.650000000000000577e-01 -9.890622496349356879e+03
5.651000000000000467e-01 -9.892983059846488686e+03
5.652000000000000357e-01 -9.895357820497625653e+03
5.653000000000000247e-01 -9.897746569887633086e+03
5.654000000000000137e-01 -9.900148553648505185e+03
5.655000000000000027e-01 -9.902563809830488026e+03
5.655999999999999917e-01 -9.904993438423314728e+03
5.656999999999999806e-01 -9.907438821244704741e+03
5.658000000000000806e-01 -9.909908489654946607e+03
5.659000000000000696e-01 -9.912408492350923552e+03
5.660000000000000586e-01 -9.914940151975137269e+03
5.661000000000000476e-01 -9.917503065983610213e+03
5.662000000000000366e-01 -9.920096583338381606e+03
5.663000000000000256e-01 -9.922720374329597689e+03
5.664000000000000146e-01 -9.925373104027992667e+03
5.665000000000000036e-01 -9.928054347925197362e+03
5.665999999999999925e-01 -9.930766662291351167e+03
5.666999999999999815e-01 -9.933513095869209792e+03
5.668000000000000815e-01 -9.936301177328423364e+03
5.669000000000000705e-01 -9.939148627123740880e+03
5.670000000000000595e-01 -9.942067759352936264e+03
5.671000000000000485e-01 -9.945061562378616145e+03
5.672000000000000375e-01 -9.948127635766664753e+03
5.673000000000000265e-01 -9.951261743613911676e+03
5.674000000000000155e-01 -9.954475699036749575e+03
5.675000000000000044e-01 -9.957762841119703808e+03
5.675999999999999934e-01 -9.961157933920323558e+03
5.676999999999999824e-01 -9.964761643000381810e+03
5.678000000000000824e-01 -9.968623802530890316e+03
5.679000000000000714e-01 -9.972648482925726057e+03
5.680000000000000604e-01 -9.976758299290791911e+03
5.681000000000000494e-01 -9.981011862717119584e+03
5.682000000000000384e-01 -9.985429498803530805e+03
5.683000000000000274e-01 -9.990029663560073459e+03
5.684000000000000163e-01 -9.994849691207000433e+03
5.685000000000000053e-01 -9.999916801604373177e+03
5.685999999999999943e-01 -1.000520982818904304e+04
5.686999999999999833e-01 -1.001078232879265488e+04
5.687999999999999723e-01 -1.001666259473279570e+04
5.689000000000000723e-01 -1.002291188956948645e+04
5.690000000000000613e-01 -1.002883184774457004e+04
5.691000000000000503e-01 -1.003261024925417587e+04
5.692000000000000393e-01 -1.003490401635287162e+04
5.693000000000000282e-01 -1.003694750122606638e+04
5.694000000000000172e-01 -1.003887858217137364e+04
5.695000000000000062e-01 -1.004071174465912918e+04
5.695999999999999952e-01 -1.004253506757612377e+04
5.696999999999999842e-01 -1.004441348225014553e+04
5.697999999999999732e-01 -1.004638439560271945e+04
5.699000000000000732e-01 -1.004845875479469578e+04
5.700000000000000622e-01 -1.005062317686986717e+04
5.701000000000000512e-01 -1.005284524123429765e+04
5.702000000000000401e-01 -1.005509139661666995e+04
5.703000000000000291e-01 -1.005733786667388267e+04
5.704000000000000181e-01 -1.005958536283092508e+04
5.705000000000000071e-01 -1.006184132195740676e+04
5.705999999999999961e-01 -1.006410006610881283e+04
5.706999999999999851e-01 -1.006636996753773929e+04
5.707999999999999741e-01 -1.006864738690209742e+04
5.709000000000000741e-01 -1.007092094235253535e+04
5.710000000000000631e-01 -1.007318393350270344e+04
5.711000000000000520e-01 -1.007543452093374435e+04
5.712000000000000410e-01 -1.007767461571728199e+04
5.713000000000000300e-01 -1.007991074459133051e+04
5.714000000000000190e-01 -1.008215220369022063e+04
5.715000000000000080e-01 -1.008440971667625308e+04
5.715999999999999970e-01 -1.008667753369832099e+04
5.716999999999999860e-01 -1.008894524498157080e+04
5.717999999999999750e-01 -1.009121024370730811e+04
5.719000000000000750e-01 -1.009347555618835213e+04
5.720000000000000639e-01 -1.009574250360017322e+04
5.721000000000000529e-01 -1.009801131845618329e+04
5.722000000000000419e-01 -1.010028182751727218e+04
5.723000000000000309e-01 -1.010255375640408965e+04
5.724000000000000199e-01 -1.010482684935886209e+04
5.725000000000000089e-01 -1.010710090236044744e+04
5.725999999999999979e-01 -1.010937572462574281e+04
5.726999999999999869e-01 -1.011165115168842385e+04
5.727999999999999758e-01 -1.011392701167252562e+04
5.729000000000000759e-01 -1.011620312506729351e+04
5.730000000000000648e-01 -1.011847932113667594e+04
5.731000000000000538e-01 -1.012075544750881454e+04
5.732000000000000428e-01 -1.012303137564843564e+04
5.733000000000000318e-01 -1.012530700375918786e+04
5.734000000000000208e-01 -1.012758225786411822e+04
5.735000000000000098e-01 -1.012985710939411729e+04
5.735999999999999988e-01 -1.013213168399102688e+04
5.736999999999999877e-01 -1.013440603666302559e+04
5.737999999999999767e-01 -1.013667962969399923e+04
5.739000000000000767e-01 -1.013895130233378950e+04
5.740000000000000657e-01 -1.014121991330700439e+04
5.741000000000000547e-01 -1.014348550470567716e+04
5.742000000000000437e-01 -1.014574801114578986e+04
5.743000000000000327e-01 -1.014800648951546827e+04
5.744000000000000217e-01 -1.015026048282146803e+04
5.745000000000000107e-01 -1.015251104324718290e+04
5.745999999999999996e-01 -1.015475975348629436e+04
5.746999999999999886e-01 -1.015700810710748010e+04
5.747999999999999776e-01 -1.015925722883877279e+04
5.749000000000000776e-01 -1.016150799083066704e+04
5.750000000000000666e-01 -1.016376109492872274e+04
5.751000000000000556e-01 -1.016601696688021730e+04
5.752000000000000446e-01 -1.016827587995191971e+04
5.753000000000000336e-01 -1.017053801063152241e+04
5.754000000000000226e-01 -1.017280346007963453e+04
5.755000000000000115e-01 -1.017507226743737374e+04
5.756000000000000005e-01 -1.017734442152931661e+04
5.756999999999999895e-01 -1.017961962689182837e+04
5.757999999999999785e-01 -1.018189599447620640e+04
5.759000000000000785e-01 -1.018417060923603822e+04
5.760000000000000675e-01 -1.018644382966492412e+04
5.761000000000000565e-01 -1.018871640774151820e+04
5.762000000000000455e-01 -1.019098855587102298e+04
5.763000000000000345e-01 -1.019326017095576572e+04
5.764000000000000234e-01 -1.019553028420228475e+04
5.765000000000000124e-01 -1.019779806915835616e+04
5.766000000000000014e-01 -1.020006528823836743e+04
5.766999999999999904e-01 -1.020233160510957896e+04
5.767999999999999794e-01 -1.020459692046622877e+04
5.769000000000000794e-01 -1.020686105952724029e+04
5.770000000000000684e-01 -1.020911853985435118e+04
5.771000000000000574e-01 -1.021135911432576904e+04
5.772000000000000464e-01 -1.021358551169274688e+04
5.773000000000000353e-01 -1.021580334040627531e+04
5.774000000000000243e-01 -1.021801586052107996e+04
5.775000000000000133e-01 -1.022022492479116954e+04
5.776000000000000023e-01 -1.022243163445032042e+04
5.776999999999999913e-01 -1.022463671320910908e+04
5.777999999999999803e-01 -1.022684076050819567e+04
5.779000000000000803e-01 -1.022904414027107123e+04
5.780000000000000693e-01 -1.023124713195219010e+04
5.781000000000000583e-01 -1.023345002127260886e+04
5.782000000000000473e-01 -1.023565309769029773e+04
5.783000000000000362e-01 -1.023785664035544505e+04
5.784000000000000252e-01 -1.024006090314859284e+04
5.785000000000000142e-01 -1.024226610083195192e+04
5.786000000000000032e-01 -1.024447239740185796e+04
5.786999999999999922e-01 -1.024667989766190658e+04
5.787999999999999812e-01 -1.024888864292163453e+04
5.789000000000000812e-01 -1.025109861136783366e+04
5.790000000000000702e-01 -1.025330972313103121e+04
5.791000000000000592e-01 -1.025552184948362083e+04
5.792000000000000481e-01 -1.025773482508530651e+04
5.793000000000000371e-01 -1.025994846185340793e+04
5.794000000000000261e-01 -1.026216275001882423e+04
5.795000000000000151e-01 -1.026437702512935721e+04
5.796000000000000041e-01 -1.026658993739081052e+04
5.796999999999999931e-01 -1.026880128519640493e+04
5.797999999999999821e-01 -1.027101122469780603e+04
5.799000000000000821e-01 -1.027322003280760873e+04
5.800000000000000711e-01 -1.027542820734907400e+04
5.801000000000000600e-01 -1.027762119404535406e+04
5.802000000000000490e-01 -1.027977081930249915e+04
5.803000000000000380e-01 -1.028187955442778184e+04
5.804000000000000270e-01 -1.028395697873181052e+04
5.805000000000000160e-01 -1.028601141808721513e+04
5.806000000000000050e-01 -1.028804906547419159e+04
5.806999999999999940e-01 -1.029007439241967950e+04
5.807999999999999829e-01 -1.029209063204607446e+04
5.809000000000000830e-01 -1.029410014491204856e+04
5.810000000000000719e-01 -1.029610467276890267e+04
5.811000000000000609e-01 -1.029810549309741327e+04
5.812000000000000499e-01 -1.030010357761161140e+04
5.813000000000000389e-01 -1.030209954207489136e+04
5.814000000000000279e-01 -1.030409438107865572e+04
5.815000000000000169e-01 -1.030608837042614687e+04
5.816000000000000059e-01 -1.030808202010328750e+04
5.816999999999999948e-01 -1.031007617032776943e+04
5.817999999999999838e-01 -1.031207100545071626e+04
5.818999999999999728e-01 -1.031406647954865184e+04
5.820000000000000728e-01 -1.031606254628982060e+04
5.821000000000000618e-01 -1.031805914076987392e+04
5.822000000000000508e-01 -1.032005614322773181e+04
5.823000000000000398e-01 -1.032205338567415492e+04
5.824000000000000288e-01 -1.032405067696658625e+04
5.825000000000000178e-01 -1.032604781321695009e+04
5.826000000000000068e-01 -1.032804544178057040e+04
5.826999999999999957e-01 -1.033004313522952361e+04
5.827999999999999847e-01 -1.033204098628683278e+04
5.828999999999999737e-01 -1.033403878847531814e+04
5.830000000000000737e-01 -1.033603515941033038e+04
5.831000000000000627e-01 -1.033803013557366103e+04
5.832000000000000517e-01 -1.034002405678613832e+04
5.833000000000000407e-01 -1.034201721980225557e+04
5.834000000000000297e-01 -1.034400976187991364e+04
5.835000000000000187e-01 -1.034600176976148032e+04
5.836000000000000076e-01 -1.034799330226609345e+04
5.836999999999999966e-01 -1.034998434077433740e+04
5.837999999999999856e-01 -1.035197476085724156e+04
5.838999999999999746e-01 -1.035396385408459719e+04
5.840000000000000746e-01 -1.035595043669670122e+04
5.841000000000000636e-01 -1.035793256853634557e+04
5.842000000000000526e-01 -1.035990894037917315e+04
5.843000000000000416e-01 -1.036188082032665625e+04
5.844000000000000306e-01 -1.036384909330551818e+04
5.845000000000000195e-01 -1.036581436667030903e+04
5.846000000000000085e-01 -1.036777706969289829e+04
5.846999999999999975e-01 -1.036973751483666638e+04
5.847999999999999865e-01 -1.037169593731762143e+04
5.848999999999999755e-01 -1.037365252096776021e+04
5.850000000000000755e-01 -1.037560741526520542e+04
5.851000000000000645e-01 -1.037756074667715075e+04
5.852000000000000535e-01 -1.037951263603483312e+04
5.853000000000000425e-01 -1.038146439614109113e+04
5.854000000000000314e-01 -1.038341430838497217e+04
5.855000000000000204e-01 -1.038536217227211091e+04
5.856000000000000094e-01 -1.038730882544750420e+04
5.856999999999999984e-01 -1.038925453675519930e+04
5.857999999999999874e-01 -1.039119937638557712e+04
5.858999999999999764e-01 -1.039314339819449378e+04
5.860000000000000764e-01 -1.039508667419447556e+04
5.861000000000000654e-01 -1.039702927687353804e+04
5.862000000000000544e-01 -1.039897127302029367e+04
5.863000000000000433e-01 -1.040091272061353266e+04
5.864000000000000323e-01 -1.040285352357182819e+04
5.865000000000000213e-01 -1.040479269601021952e+04
5.866000000000000103e-01 -1.040673227576897079e+04
5.866999999999999993e-01 -1.040867329471980702e+04
5.867999999999999883e-01 -1.041061616452296767e+04
5.868999999999999773e-01 -1.041256033139686406e+04
5.870000000000000773e-01 -1.041450619140958042e+04
5.871000000000000663e-01 -1.041645540512680782e+04
5.872000000000000552e-01 -1.041841368794336995e+04
5.873000000000000442e-01 -1.042037320543755595e+04
5.874000000000000332e-01 -1.042233679276131988e+04
5.875000000000000222e-01 -1.042430575020550714e+04
5.876000000000000112e-01 -1.042628104830479970e+04
5.877000000000000002e-01 -1.042826045258566410e+04
5.877999999999999892e-01 -1.043023850925171246e+04
5.878999999999999782e-01 -1.043221695977306626e+04
5.880000000000000782e-01 -1.043419575531526425e+04
5.881000000000000671e-01 -1.043617796295746484e+04
5.882000000000000561e-01 -1.043816391267672952e+04
5.883000000000000451e-01 -1.044015229967871892e+04
5.884000000000000341e-01 -1.044213822101563346e+04
5.885000000000000231e-01 -1.044412036743058707e+04
5.886000000000000121e-01 -1.044610189954232555e+04
5.887000000000000011e-01 -1.044808165005237242e+04
5.887999999999999901e-01 -1.045005868674317571e+04
5.888999999999999790e-01 -1.045203450183144014e+04
5.890000000000000790e-01 -1.045400931944257354e+04
5.891000000000000680e-01 -1.045598317071735801e+04
5.892000000000000570e-01 -1.045795890311906805e+04
5.893000000000000460e-01 -1.045993539986207725e+04
5.894000000000000350e-01 -1.046191665735905372e+04
5.895000000000000240e-01 -1.046391261440709241e+04
5.896000000000000130e-01 -1.046591367591287963e+04
5.897000000000000020e-01 -1.046791147513770375e+04
5.897999999999999909e-01 -1.046990384830338007e+04
5.898999999999999799e-01 -1.047189263135731744e+04
5.900000000000000799e-01 -1.047387722846669385e+04
5.901000000000000689e-01 -1.047585636480029098e+04
5.902000000000000579e-01 -1.047783046083091722e+04
5.903000000000000469e-01 -1.047980385327747354e+04
5.904000000000000359e-01 -1.048177943298141145e+04
5.905000000000000249e-01 -1.048375141511573202e+04
5.906000000000000139e-01 -1.048571226672894227e+04
5.907000000000000028e-01 -1.048765786520586153e+04
5.907999999999999918e-01 -1.048959107222853709e+04
5.908999999999999808e-01 -1.049151874446179500e+04
5.910000000000000808e-01 -1.049345109625661098e+04
5.911000000000000698e-01 -1.049539046083897301e+04
5.912000000000000588e-01 -1.049733214090043657e+04
5.913000000000000478e-01 -1.049927126399137524e+04
5.914000000000000368e-01 -1.050120565685334805e+04
5.915000000000000258e-01 -1.050313568515273982e+04
5.916000000000000147e-01 -1.050506293866759006e+04
5.917000000000000037e-01 -1.050698902746124440e+04
5.917999999999999927e-01 -1.050891496857270795e+04
5.918999999999999817e-01 -1.051084110575384148e+04
5.920000000000000817e-01 -1.051276729888279806e+04
5.921000000000000707e-01 -1.051469315112491313e+04
5.922000000000000597e-01 -1.051661816103168348e+04
5.923000000000000487e-01 -1.051854178310984207e+04
5.924000000000000377e-01 -1.052046343900089778e+04
5.925000000000000266e-01 -1.052238249016270311e+04
5.926000000000000156e-01 -1.052429817372243815e+04
5.927000000000000046e-01 -1.052620948592936656e+04
5.927999999999999936e-01 -1.052811456426441327e+04
5.928999999999999826e-01 -1.053000678268006595e+04
5.930000000000000826e-01 -1.053187430711648267e+04
5.931000000000000716e-01 -1.053369839117514857e+04
5.932000000000000606e-01 -1.053546058694054955e+04
5.933000000000000496e-01 -1.053715056922391341e+04
5.934000000000000385e-01 -1.053876072218932495e+04
5.935000000000000275e-01 -1.054028077167057927e+04
5.936000000000000165e-01 -1.054169596492504570e+04
5.937000000000000055e-01 -1.054298746081618992e+04
5.937999999999999945e-01 -1.054413538858807806e+04
5.938999999999999835e-01 -1.054512004794670793e+04
5.940000000000000835e-01 -1.054593351395906393e+04
5.941000000000000725e-01 -1.054659006305093317e+04
5.942000000000000615e-01 -1.054709780839345694e+04
5.943000000000000504e-01 -1.054745763979318508e+04
5.944000000000000394e-01 -1.054767013787282303e+04
5.945000000000000284e-01 -1.054773178905373607e+04
5.946000000000000174e-01 -1.054765892273550344e+04
5.947000000000000064e-01 -1.054752450796321500e+04
5.947999999999999954e-01 -1.054735668979009461e+04
5.948999999999999844e-01 -1.054717890132081448e+04
5.949999999999999734e-01 -1.054709118472608316e+04
5.951000000000000734e-01 -1.054721067962955931e+04
5.952000000000000624e-01 -1.054752193750706283e+04
5.953000000000000513e-01 -1.054801715464843255e+04
5.954000000000000403e-01 -1.054867815380262255e+04
5.955000000000000293e-01 -1.054952871988624065e+04
5.956000000000000183e-01 -1.055058775835387678e+04
5.957000000000000073e-01 -1.055182116874303756e+04
5.957999999999999963e-01 -1.055320151659550174e+04
5.958999999999999853e-01 -1.055469322873865531e+04
5.959999999999999742e-01 -1.055627098638466123e+04
5.961000000000000743e-01 -1.055792834484828745e+04
5.962000000000000632e-01 -1.055967540082855339e+04
5.963000000000000522e-01 -1.056148858850746910e+04
5.964000000000000412e-01 -1.056336225149029815e+04
5.965000000000000302e-01 -1.056529066305213018e+04
5.966000000000000192e-01 -1.056725225120216965e+04
5.967000000000000082e-01 -1.056923940425656474e+04
5.967999999999999972e-01 -1.057126048412589626e+04
5.968999999999999861e-01 -1.057329060138313434e+04
5.969999999999999751e-01 -1.057532493855279245e+04
5.971000000000000751e-01 -1.057738845854001011e+04
5.972000000000000641e-01 -1.057945716991155132e+04
5.973000000000000531e-01 -1.058152161070865441e+04
5.974000000000000421e-01 -1.058357847860370566e+04
5.975000000000000311e-01 -1.058562798442052190e+04
5.976000000000000201e-01 -1.058766588642977695e+04
5.977000000000000091e-01 -1.058969519945315369e+04
5.977999999999999980e-01 -1.059172606687158623e+04
5.978999999999999870e-01 -1.059375312087859129e+04
5.979999999999999760e-01 -1.059577523037694482e+04
5.981000000000000760e-01 -1.059779274331455599e+04
5.982000000000000650e-01 -1.059980632227825117e+04
5.983000000000000540e-01 -1.060181661731682107e+04
5.984000000000000430e-01 -1.060382420510255361e+04
5.985000000000000320e-01 -1.060582959469226444e+04
5.986000000000000210e-01 -1.060783324120333964e+04
5.987000000000000099e-01 -1.060983555447159233e+04
5.987999999999999989e-01 -1.061183690286144156e+04
5.988999999999999879e-01 -1.061383761484862407e+04
5.989999999999999769e-01 -1.061583798031526385e+04
5.991000000000000769e-01 -1.061783825239222460e+04
5.992000000000000659e-01 -1.061983864988649293e+04
5.993000000000000549e-01 -1.062183935995059619e+04
5.994000000000000439e-01 -1.062384054061792267e+04
5.995000000000000329e-01 -1.062584232295950278e+04
5.996000000000000218e-01 -1.062784481279661486e+04
5.997000000000000108e-01 -1.062984809203421355e+04
5.997999999999999998e-01 -1.063185225335695759e+04
5.998999999999999888e-01 -1.063385829069276770e+04
5.999999999999999778e-01 -1.063586869591980940e+04
6.001000000000000778e-01 -1.063970980461596992e+04
6.002000000000000668e-01 -1.064469351741254104e+04
6.003000000000000558e-01 -1.064996091658860132e+04
6.004000000000000448e-01 -1.065552869694524088e+04
6.005000000000000338e-01 -1.066171174718076327e+04
6.006000000000000227e-01 -1.066874867527717106e+04
6.007000000000000117e-01 -1.067632323310096945e+04
6.008000000000000007e-01 -1.068445073284132923e+04
6.008999999999999897e-01 -1.069304925637170163e+04
6.009999999999999787e-01 -1.070042324189571627e+04
6.011000000000000787e-01 -1.070531921178370067e+04
6.012000000000000677e-01 -1.070889327843387946e+04
6.013000000000000567e-01 -1.071174051846672410e+04
6.014000000000000457e-01 -1.071401042579242312e+04
6.015000000000000346e-01 -1.071574258097301026e+04
6.016000000000000236e-01 -1.071753915257238623e+04
6.017000000000000126e-01 -1.072004249884246201e+04
6.018000000000000016e-01 -1.072293361389645725e+04
6.018999999999999906e-01 -1.072548383307062250e+04
6.019999999999999796e-01 -1.072749624710530770e+04
6.021000000000000796e-01 -1.072914742148138248e+04
6.022000000000000686e-01 -1.073060021878266343e+04
6.023000000000000576e-01 -1.073195726995589212e+04
6.024000000000000465e-01 -1.073328435027436899e+04
6.025000000000000355e-01 -1.073463055594801881e+04
6.026000000000000245e-01 -1.073603668643506717e+04
6.027000000000000135e-01 -1.073752381373536628e+04
6.028000000000000025e-01 -1.073910069087677039e+04
6.028999999999999915e-01 -1.074076270376564025e+04
6.029999999999999805e-01 -1.074249171945696799e+04
6.031000000000000805e-01 -1.074426792811031555e+04
6.032000000000000695e-01 -1.074606866669080773e+04
6.033000000000000584e-01 -1.074786984775578458e+04
6.034000000000000474e-01 -1.074964973817783357e+04
6.035000000000000364e-01 -1.075138826155518655e+04
6.036000000000000254e-01 -1.075306569449449671e+04
6.037000000000000144e-01 -1.075466165318321146e+04
6.038000000000000034e-01 -1.075616193985317113e+04
6.038999999999999924e-01 -1.075755401667527258e+04
6.039999999999999813e-01 -1.075882546764566359e+04
6.041000000000000814e-01 -1.075996579320151432e+04
6.042000000000000703e-01 -1.076096704305138519e+04
6.043000000000000593e-01 -1.076182354967304491e+04
6.044000000000000483e-01 -1.076253155679461088e+04
6.045000000000000373e-01 -1.076308951146247091e+04
6.046000000000000263e-01 -1.076350392036042103e+04
6.047000000000000153e-01 -1.076381824230993152e+04
6.048000000000000043e-01 -1.076406356922968735e+04
6.048999999999999932e-01 -1.076425726631331418e+04
6.049999999999999822e-01 -1.076443368447664943e+04
6.051000000000000822e-01 -1.076464027700396218e+04
6.052000000000000712e-01 -1.076496426914944277e+04
6.053000000000000602e-01 -1.076544430025814836e+04
6.054000000000000492e-01 -1.076608456890908565e+04
6.055000000000000382e-01 -1.076684845347293776e+04
6.056000000000000272e-01 -1.076773089886620073e+04
6.057000000000000162e-01 -1.076876164749674899e+04
6.058000000000000052e-01 -1.076996503332081738e+04
6.058999999999999941e-01 -1.077132235746800870e+04
6.059999999999999831e-01 -1.077280466740403244e+04
6.061000000000000831e-01 -1.077438440861272829e+04
6.062000000000000721e-01 -1.077602531127955262e+04
6.063000000000000611e-01 -1.077773446567731480e+04
6.064000000000000501e-01 -1.077950341704283892e+04
6.065000000000000391e-01 -1.078132016572398607e+04
6.066000000000000281e-01 -1.078317992741581111e+04
6.067000000000000171e-01 -1.078506004180890704e+04
6.068000000000000060e-01 -1.078697213286963233e+04
6.068999999999999950e-01 -1.078893475268088514e+04
6.069999999999999840e-01 -1.079092726498366937e+04
6.071000000000000840e-01 -1.079293613369180275e+04
6.072000000000000730e-01 -1.079495346742944639e+04
6.073000000000000620e-01 -1.079697653337689189e+04
6.074000000000000510e-01 -1.079900267495960179e+04
6.075000000000000400e-01 -1.080102869537480910e+04
6.076000000000000290e-01 -1.080306004821766692e+04
6.077000000000000179e-01 -1.080509089997983756e+04
6.078000000000000069e-01 -1.080711880409356672e+04
6.078999999999999959e-01 -1.080914332166286476e+04
6.079999999999999849e-01 -1.081116465861603319e+04
6.080999999999999739e-01 -1.081318180924957778e+04
6.082000000000000739e-01 -1.081519513555158483e+04
6.083000000000000629e-01 -1.081720904387416158e+04
6.084000000000000519e-01 -1.081922322247032753e+04
6.085000000000000409e-01 -1.082123734137939209e+04
6.086000000000000298e-01 -1.082325147948376798e+04
6.087000000000000188e-01 -1.082526597415891410e+04
6.088000000000000078e-01 -1.082718362411861017e+04
6.088999999999999968e-01 -1.082845016170804774e+04
6.089999999999999858e-01 -1.082934320084977116e+04
6.090999999999999748e-01 -1.083029544060324224e+04
6.092000000000000748e-01 -1.083144309441554287e+04
6.093000000000000638e-01 -1.083278459806306273e+04
6.094000000000000528e-01 -1.083428205930048534e+04
6.095000000000000417e-01 -1.083590504899153711e+04
6.096000000000000307e-01 -1.083763053680943085e+04
6.097000000000000197e-01 -1.083943340381114103e+04
6.098000000000000087e-01 -1.084129229219138688e+04
6.098999999999999977e-01 -1.084319148775264694e+04
6.099999999999999867e-01 -1.084511991671755277e+04
6.100999999999999757e-01 -1.084708391102042333e+04
6.102000000000000757e-01 -1.084911238378040071e+04
6.103000000000000647e-01 -1.085120332012186918e+04
6.104000000000000536e-01 -1.085334379347326467e+04
6.105000000000000426e-01 -1.085552130481298082e+04
6.106000000000000316e-01 -1.085772610353587697e+04
6.107000000000000206e-01 -1.085995104450467988e+04
6.108000000000000096e-01 -1.086219097582906215e+04
6.108999999999999986e-01 -1.086444218015430670e+04
6.109999999999999876e-01 -1.086670196113241218e+04
6.110999999999999766e-01 -1.086896835672422094e+04
6.112000000000000766e-01 -1.087123994373022470e+04
6.113000000000000655e-01 -1.087351571247034190e+04
6.114000000000000545e-01 -1.087579507172488411e+04
6.115000000000000435e-01 -1.087807739343658795e+04
6.116000000000000325e-01 -1.088036267080392463e+04
6.117000000000000215e-01 -1.088265287624407392e+04
6.118000000000000105e-01 -1.088494956482546331e+04
6.118999999999999995e-01 -1.088725233929024580e+04
6.119999999999999885e-01 -1.088956033563612982e+04
6.120999999999999774e-01 -1.089187270624749362e+04
6.122000000000000774e-01 -1.089404765304688772e+04
6.123000000000000664e-01 -1.089578956051882778e+04
6.124000000000000554e-01 -1.089745191583629094e+04
6.125000000000000444e-01 -1.089920089165866011e+04
6.126000000000000334e-01 -1.090106925695317841e+04
6.127000000000000224e-01 -1.090304407226777948e+04
6.128000000000000114e-01 -1.090510276417167915e+04
6.129000000000000004e-01 -1.090722626728380055e+04
6.129999999999999893e-01 -1.090939780991965745e+04
6.130999999999999783e-01 -1.091160481238399734e+04
6.132000000000000783e-01 -1.091383861670182159e+04
6.133000000000000673e-01 -1.091609306272336471e+04
6.134000000000000563e-01 -1.091836395826019907e+04
6.135000000000000453e-01 -1.092064833203762828e+04
6.136000000000000343e-01 -1.092294401713807201e+04
6.137000000000000233e-01 -1.092524938671489144e+04
6.138000000000000123e-01 -1.092756320087668064e+04
6.139000000000000012e-01 -1.092988472196702423e+04
6.139999999999999902e-01 -1.093221468230928804e+04
6.140999999999999792e-01 -1.093455360754321737e+04
6.142000000000000792e-01 -1.093690092701909634e+04
6.143000000000000682e-01 -1.093925586295665016e+04
6.144000000000000572e-01 -1.094161785757628240e+04
6.145000000000000462e-01 -1.094398653311709131e+04
6.146000000000000352e-01 -1.094636190339194400e+04
6.147000000000000242e-01 -1.094874491624837901e+04
6.148000000000000131e-01 -1.095114126373785803e+04
6.149000000000000021e-01 -1.095355430277565756e+04
6.149999999999999911e-01 -1.095598430439800177e+04
6.150999999999999801e-01 -1.095843113215034828e+04
6.152000000000000801e-01 -1.096089480592929249e+04
6.153000000000000691e-01 -1.096337558923084180e+04
6.154000000000000581e-01 -1.096587391962636866e+04
6.155000000000000471e-01 -1.096838998622424515e+04
6.156000000000000361e-01 -1.097092085544829570e+04
6.157000000000000250e-01 -1.097346495434374810e+04
6.158000000000000140e-01 -1.097602653610046218e+04
6.159000000000000030e-01 -1.097859873218445136e+04
6.159999999999999920e-01 -1.098119383469869354e+04
6.160999999999999810e-01 -1.098381017303485351e+04
6.162000000000000810e-01 -1.098644465052879423e+04
6.163000000000000700e-01 -1.098911052093773651e+04
6.164000000000000590e-01 -1.099180636260263964e+04
6.165000000000000480e-01 -1.099453262030394944e+04
6.166000000000000369e-01 -1.099729748445282348e+04
6.167000000000000259e-01 -1.100010842603351193e+04
6.168000000000000149e-01 -1.100284933295212431e+04
6.169000000000000039e-01 -1.100539325205594105e+04
6.169999999999999929e-01 -1.100788062265845292e+04
6.170999999999999819e-01 -1.101041828272029852e+04
6.172000000000000819e-01 -1.101306553599388826e+04
6.173000000000000709e-01 -1.101594176446367601e+04
6.174000000000000599e-01 -1.101890132426407035e+04
6.175000000000000488e-01 -1.102170479402840465e+04
6.176000000000000378e-01 -1.102456304544552950e+04
6.177000000000000268e-01 -1.102772540075690085e+04
6.178000000000000158e-01 -1.103108109566813619e+04
6.179000000000000048e-01 -1.103450073993385558e+04
6.179999999999999938e-01 -1.103801266937054606e+04
6.180999999999999828e-01 -1.104177955639238462e+04
6.182000000000000828e-01 -1.104561008313396451e+04
6.183000000000000718e-01 -1.104958091065618464e+04
6.184000000000000608e-01 -1.105377314587015462e+04
6.185000000000000497e-01 -1.105818535556619281e+04
6.186000000000000387e-01 -1.106283474944487898e+04
6.187000000000000277e-01 -1.106780269736033915e+04
6.188000000000000167e-01 -1.107314753746695897e+04
6.189000000000000057e-01 -1.107883904377367799e+04
6.189999999999999947e-01 -1.108444308440832719e+04
6.190999999999999837e-01 -1.108839736041543256e+04
6.192000000000000837e-01 -1.109065066761261005e+04
6.193000000000000727e-01 -1.109240704735373220e+04
6.194000000000000616e-01 -1.109417412269865963e+04
6.195000000000000506e-01 -1.109597627154487782e+04
6.196000000000000396e-01 -1.109784053218741610e+04
6.197000000000000286e-01 -1.109980481012807832e+04
6.198000000000000176e-01 -1.110190799228496508e+04
6.199000000000000066e-01 -1.110415758808017381e+04
6.199999999999999956e-01 -1.110652154167718982e+04
6.200999999999999845e-01 -1.110894764780791411e+04
6.202000000000000846e-01 -1.111138500513397048e+04
6.203000000000000735e-01 -1.111378879473794041e+04
6.204000000000000625e-01 -1.111614482105555544e+04
6.205000000000000515e-01 -1.111846270254257433e+04
6.206000000000000405e-01 -1.112075857370181984e+04
6.207000000000000295e-01 -1.112304545209955177e+04
6.208000000000000185e-01 -1.112533137599377369e+04
6.209000000000000075e-01 -1.112762231752058142e+04
6.209999999999999964e-01 -1.112991682255948035e+04
6.210999999999999854e-01 -1.113220944727646929e+04
6.211999999999999744e-01 -1.113449971851291230e+04
6.213000000000000744e-01 -1.113678718966537599e+04
6.214000000000000634e-01 -1.113907238085559220e+04
6.215000000000000524e-01 -1.114135679620556220e+04
6.216000000000000414e-01 -1.114364432151815527e+04
6.217000000000000304e-01 -1.114593864897988351e+04
6.218000000000000194e-01 -1.114824221936437425e+04
6.219000000000000083e-01 -1.115055543183437112e+04
6.219999999999999973e-01 -1.115287719589160588e+04
6.220999999999999863e-01 -1.115520710665132356e+04
6.221999999999999753e-01 -1.115754558146553609e+04
6.223000000000000753e-01 -1.115989318611136878e+04
6.224000000000000643e-01 -1.116225032966730214e+04
6.225000000000000533e-01 -1.116461722285019277e+04
6.226000000000000423e-01 -1.116699391444143839e+04
6.227000000000000313e-01 -1.116937994665295446e+04
6.228000000000000203e-01 -1.117177402869197431e+04
6.229000000000000092e-01 -1.117417669768998712e+04
6.229999999999999982e-01 -1.117658753228523346e+04
6.230999999999999872e-01 -1.117900421526106584e+04
6.231999999999999762e-01 -1.118142238995224216e+04
6.233000000000000762e-01 -1.118382784304624329e+04
6.234000000000000652e-01 -1.118621391729133393e+04
6.235000000000000542e-01 -1.118859613729512239e+04
6.236000000000000432e-01 -1.119096994064968931e+04
6.237000000000000322e-01 -1.119326724283366821e+04
6.238000000000000211e-01 -1.119544164233615629e+04
6.239000000000000101e-01 -1.119757687078258459e+04
6.239999999999999991e-01 -1.119972490245026165e+04
6.240999999999999881e-01 -1.120190105897683316e+04
6.241999999999999771e-01 -1.120410156098529114e+04
6.243000000000000771e-01 -1.120631680235751628e+04
6.244000000000000661e-01 -1.120853814963017248e+04
6.245000000000000551e-01 -1.121076014629792007e+04
6.246000000000000441e-01 -1.121298025511631022e+04
6.247000000000000330e-01 -1.121519794275774620e+04
6.248000000000000220e-01 -1.121741420432134873e+04
6.249000000000000110e-01 -1.121962985278368797e+04
6.250000000000000000e-01 -1.122184428572955039e+04
6.250999999999999890e-01 -1.122405770205793488e+04
6.251999999999999780e-01 -1.122627038598772378e+04
6.253000000000000780e-01 -1.122848219916317430e+04
6.254000000000000670e-01 -1.123069259802226406e+04
6.255000000000000560e-01 -1.123290094638713344e+04
6.256000000000000449e-01 -1.123510672983074619e+04
6.257000000000000339e-01 -1.123730929892903441e+04
6.258000000000000229e-01 -1.123950940150726092e+04
6.259000000000000119e-01 -1.124170825521984625e+04
6.260000000000000009e-01 -1.124390681592616420e+04
6.260999999999999899e-01 -1.124610567178970450e+04
6.261999999999999789e-01 -1.124830489438087534e+04
6.263000000000000789e-01 -1.125050435137475324e+04
6.264000000000000679e-01 -1.125270431884259960e+04
6.265000000000000568e-01 -1.125490509743131224e+04
6.266000000000000458e-01 -1.125710657956123032e+04
6.267000000000000348e-01 -1.125930727911910981e+04
6.268000000000000238e-01 -1.126150620415687081e+04
6.269000000000000128e-01 -1.126370281481977327e+04
6.270000000000000018e-01 -1.126589783526342762e+04
6.270999999999999908e-01 -1.126809279066846102e+04
6.271999999999999797e-01 -1.127028857045160476e+04
6.273000000000000798e-01 -1.127248527114237004e+04
6.274000000000000687e-01 -1.127468254854077350e+04
6.275000000000000577e-01 -1.127688087508712670e+04
6.276000000000000467e-01 -1.127908029970414464e+04
6.277000000000000357e-01 -1.128127807727467371e+04
6.278000000000000247e-01 -1.128347351290687766e+04
6.279000000000000137e-01 -1.128566737580745757e+04
6.280000000000000027e-01 -1.128786044905487870e+04
6.280999999999999917e-01 -1.129005324300038410e+04
6.281999999999999806e-01 -1.129224603918501816e+04
6.283000000000000806e-01 -1.129443896386813685e+04
6.284000000000000696e-01 -1.129663204057119219e+04
6.285000000000000586e-01 -1.129882522929308288e+04
6.286000000000000476e-01 -1.130101845899295949e+04
6.287000000000000366e-01 -1.130321165200633186e+04
6.288000000000000256e-01 -1.130540473923138597e+04
6.289000000000000146e-01 -1.130759804540242658e+04
6.290000000000000036e-01 -1.130979321035684370e+04
6.290999999999999925e-01 -1.131198831798798710e+04
6.291999999999999815e-01 -1.131418242378863215e+04
6.293000000000000815e-01 -1.131637547803312555e+04
6.294000000000000705e-01 -1.131856766894381326e+04
6.295000000000000595e-01 -1.132075913669384681e+04
6.296000000000000485e-01 -1.132295006956454381e+04
6.297000000000000375e-01 -1.132514027292647006e+04
6.298000000000000265e-01 -1.132732979271946169e+04
6.299000000000000155e-01 -1.132951904742279476e+04
6.300000000000000044e-01 -1.133170822525909352e+04
6.300999999999999934e-01 -1.133388493627767821e+04
6.301999999999999824e-01 -1.133602476276655943e+04
6.303000000000000824e-01 -1.133813180050722985e+04
6.304000000000000714e-01 -1.134021489615879182e+04
6.305000000000000604e-01 -1.134228093713620001e+04
6.306000000000000494e-01 -1.134433401691394283e+04
6.307000000000000384e-01 -1.134637583416264715e+04
6.308000000000000274e-01 -1.134840859132108199e+04
6.309000000000000163e-01 -1.135043440375211685e+04
6.310000000000000053e-01 -1.135245491268892692e+04
6.310999999999999943e-01 -1.135447132346338367e+04
6.311999999999999833e-01 -1.135648451909375763e+04
6.313000000000000833e-01 -1.135849516026294623e+04
6.314000000000000723e-01 -1.136050375707524290e+04
6.315000000000000613e-01 -1.136251071632391540e+04
6.316000000000000503e-01 -1.136451637091812700e+04
6.317000000000000393e-01 -1.136652099734247713e+04
6.318000000000000282e-01 -1.136852482564309503e+04
6.319000000000000172e-01 -1.137052804516613287e+04
6.320000000000000062e-01 -1.137253080821974618e+04
6.320999999999999952e-01 -1.137453323299918156e+04
6.321999999999999842e-01 -1.137653540649965908e+04
6.323000000000000842e-01 -1.137853738771766439e+04
6.324000000000000732e-01 -1.138053931406475203e+04
6.325000000000000622e-01 -1.138254164543608749e+04
6.326000000000000512e-01 -1.138454601828138402e+04
6.327000000000000401e-01 -1.138655292431691123e+04
6.328000000000000291e-01 -1.138856199832395941e+04
6.329000000000000181e-01 -1.139057271703709011e+04
6.330000000000000071e-01 -1.139258444528673681e+04
6.330999999999999961e-01 -1.139459803257294516e+04
6.331999999999999851e-01 -1.139661459345977710e+04
6.333000000000000851e-01 -1.139863344150152625e+04
6.334000000000000741e-01 -1.140065359663567142e+04
6.335000000000000631e-01 -1.140267425635728978e+04
6.336000000000000520e-01 -1.140469483800916532e+04
6.337000000000000410e-01 -1.140671505521690233e+04
6.338000000000000300e-01 -1.140873475018276622e+04
6.339000000000000190e-01 -1.141075371074673239e+04
6.340000000000000080e-01 -1.141277087297241451e+04
6.340999999999999970e-01 -1.141478499584034580e+04
6.341999999999999860e-01 -1.141679573145582981e+04
6.342999999999999750e-01 -1.141880314992726562e+04
6.344000000000000750e-01 -1.142080791806312300e+04
6.345000000000000639e-01 -1.142281071569454980e+04
6.346000000000000529e-01 -1.142481206651285902e+04
6.347000000000000419e-01 -1.142681234611805849e+04
6.348000000000000309e-01 -1.142881205494987989e+04
6.349000000000000199e-01 -1.143081091872046090e+04
6.350000000000000089e-01 -1.143280972235163426e+04
6.350999999999999979e-01 -1.143480891328448888e+04
6.351999999999999869e-01 -1.143680850748780176e+04
6.352999999999999758e-01 -1.143880761704884026e+04
6.354000000000000759e-01 -1.144080530676028866e+04
6.355000000000000648e-01 -1.144280170233361787e+04
6.356000000000000538e-01 -1.144479685277356293e+04
6.357000000000000428e-01 -1.144679070842736473e+04
6.358000000000000318e-01 -1.144878404252526161e+04
6.359000000000000208e-01 -1.145077731042255982e+04
6.360000000000000098e-01 -1.145277056712574085e+04
6.360999999999999988e-01 -1.145476377079359372e+04
6.361999999999999877e-01 -1.145675650681707884e+04
6.362999999999999767e-01 -1.145874877492963606e+04
6.364000000000000767e-01 -1.146074101841906122e+04
6.365000000000000657e-01 -1.146273295673923894e+04
6.366000000000000547e-01 -1.146472450204364577e+04
6.367000000000000437e-01 -1.146671580306352371e+04
6.368000000000000327e-01 -1.146870707564429904e+04
6.369000000000000217e-01 -1.147069847184272658e+04
6.370000000000000107e-01 -1.147269008275764645e+04
6.370999999999999996e-01 -1.147468172109358056e+04
6.371999999999999886e-01 -1.147667291404524440e+04
6.372999999999999776e-01 -1.147866596478397150e+04
6.374000000000000776e-01 -1.148065902981611907e+04
6.375000000000000666e-01 -1.148265038439705495e+04
6.376000000000000556e-01 -1.148464095962422289e+04
6.377000000000000446e-01 -1.148663104807515629e+04
6.378000000000000336e-01 -1.148862075046028804e+04
6.379000000000000226e-01 -1.149060984235872274e+04
6.380000000000000115e-01 -1.149259650790818341e+04
6.381000000000000005e-01 -1.149457947125974715e+04
6.381999999999999895e-01 -1.149655865874423580e+04
6.382999999999999785e-01 -1.149853400063107983e+04
6.384000000000000785e-01 -1.150050567108678297e+04
6.385000000000000675e-01 -1.150247386876776545e+04
6.386000000000000565e-01 -1.150443869942036872e+04
6.387000000000000455e-01 -1.150640016784349609e+04
6.388000000000000345e-01 -1.150835819839340365e+04
6.389000000000000234e-01 -1.151031265538685875e+04
6.390000000000000124e-01 -1.151226334947776377e+04
6.391000000000000014e-01 -1.151421002797252368e+04
6.391999999999999904e-01 -1.151615264871267573e+04
6.392999999999999794e-01 -1.151809063226974467e+04
6.394000000000000794e-01 -1.152001949857331601e+04
6.395000000000000684e-01 -1.152193775583779643e+04
6.396000000000000574e-01 -1.152384599286679259e+04
6.397000000000000464e-01 -1.152574374975229330e+04
6.398000000000000353e-01 -1.152763073846317093e+04
6.399000000000000243e-01 -1.152950785005084435e+04
6.400000000000000133e-01 -1.153138180700773046e+04
6.401000000000000023e-01 -1.153324774478615473e+04
6.401999999999999913e-01 -1.153509131266743861e+04
6.402999999999999803e-01 -1.153693134757522421e+04
6.404000000000000803e-01 -1.153876970162588441e+04
6.405000000000000693e-01 -1.154060464733253684e+04
6.406000000000000583e-01 -1.154243300796585936e+04
6.407000000000000473e-01 -1.154428462510331701e+04
6.408000000000000362e-01 -1.154623876761999600e+04
6.409000000000000252e-01 -1.154826732362652547e+04
6.410000000000000142e-01 -1.155031016962800823e+04
6.411000000000000032e-01 -1.155234397983678537e+04
6.411999999999999922e-01 -1.155432659103857986e+04
6.412999999999999812e-01 -1.155623175021133829e+04
6.414000000000000812e-01 -1.155806903443053670e+04
6.415000000000000702e-01 -1.155987077193095502e+04
6.416000000000000592e-01 -1.156168196105001152e+04
6.417000000000000481e-01 -1.156353118035270927e+04
6.418000000000000371e-01 -1.156541676551587989e+04
6.419000000000000261e-01 -1.156732245019072798e+04
6.420000000000000151e-01 -1.156923580067366493e+04
6.421000000000000041e-01 -1.157116421430102309e+04
6.421999999999999931e-01 -1.157311625820471454e+04
6.422999999999999821e-01 -1.157508605324276141e+04
6.424000000000000821e-01 -1.157705038043107015e+04
6.425000000000000711e-01 -1.157897618035498635e+04
6.426000000000000600e-01 -1.158083822895064804e+04
6.427000000000000490e-01 -1.158262252124880251e+04
6.428000000000000380e-01 -1.158431935987436373e+04
6.429000000000000270e-01 -1.158591646320031032e+04
6.430000000000000160e-01 -1.158739779615572297e+04
6.431000000000000050e-01 -1.158873811515313719e+04
6.431999999999999940e-01 -1.158991101646036805e+04
6.432999999999999829e-01 -1.159089611931623040e+04
6.434000000000000830e-01 -1.159167914411913080e+04
6.435000000000000719e-01 -1.159225108367183930e+04
6.436000000000000609e-01 -1.159263968408872097e+04
6.437000000000000499e-01 -1.159286329936549191e+04
6.438000000000000389e-01 -1.159289458127918078e+04
6.439000000000000279e-01 -1.159272722644506757e+04
6.440000000000000169e-01 -1.159237715020996984e+04
6.441000000000000059e-01 -1.159187524788179144e+04
6.441999999999999948e-01 -1.159122075723622220e+04
6.442999999999999838e-01 -1.159059334724701512e+04
6.444000000000000838e-01 -1.159016180149209686e+04
6.445000000000000728e-01 -1.159005433878556141e+04
6.446000000000000618e-01 -1.159019781413173405e+04
6.447000000000000508e-01 -1.159062325952250285e+04
6.448000000000000398e-01 -1.159139969584905884e+04
6.449000000000000288e-01 -1.159247923176341828e+04
6.450000000000000178e-01 -1.159375423356741703e+04
6.451000000000000068e-01 -1.159509836223461753e+04
6.451999999999999957e-01 -1.159643122846903498e+04
6.452999999999999847e-01 -1.159767686182413672e+04
6.454000000000000847e-01 -1.159902436646815841e+04
6.455000000000000737e-01 -1.160053744116963753e+04
6.456000000000000627e-01 -1.160219091348046277e+04
6.457000000000000517e-01 -1.160389447192190164e+04
6.458000000000000407e-01 -1.160568583160334310e+04
6.459000000000000297e-01 -1.160753582825048397e+04
6.460000000000000187e-01 -1.160941293269261951e+04
6.461000000000000076e-01 -1.161132703954138924e+04
6.461999999999999966e-01 -1.161327579614803290e+04
6.462999999999999856e-01 -1.161525106402728125e+04
6.464000000000000856e-01 -1.161723842179179337e+04
6.465000000000000746e-01 -1.161923908566324099e+04
6.466000000000000636e-01 -1.162124905504967137e+04
6.467000000000000526e-01 -1.162326413649684946e+04
6.468000000000000416e-01 -1.162529922726241966e+04
6.469000000000000306e-01 -1.162734765678398071e+04
6.470000000000000195e-01 -1.162939225417031594e+04
6.471000000000000085e-01 -1.163141662508785521e+04
6.471999999999999975e-01 -1.163341575083150565e+04
6.472999999999999865e-01 -1.163539604110884284e+04
6.474000000000000865e-01 -1.163736655943426740e+04
6.475000000000000755e-01 -1.163933853558412738e+04
6.476000000000000645e-01 -1.164131690664698181e+04
6.477000000000000535e-01 -1.164330348448067343e+04
6.478000000000000425e-01 -1.164529557002589900e+04
6.479000000000000314e-01 -1.164729017656534597e+04
6.480000000000000204e-01 -1.164929115472219746e+04
6.481000000000000094e-01 -1.165129731296256978e+04
6.481999999999999984e-01 -1.165330503157032217e+04
6.482999999999999874e-01 -1.165531353317444518e+04
6.483999999999999764e-01 -1.165732390422970639e+04
6.485000000000000764e-01 -1.165933583314653515e+04
6.486000000000000654e-01 -1.166134481343353400e+04
6.487000000000000544e-01 -1.166334544943250694e+04
6.488000000000000433e-01 -1.166534072179434588e+04
6.489000000000000323e-01 -1.166733251576121074e+04
6.490000000000000213e-01 -1.166932214272136480e+04
6.491000000000000103e-01 -1.167130974235757640e+04
6.491999999999999993e-01 -1.167329492519022824e+04
6.492999999999999883e-01 -1.167528065655039063e+04
6.493999999999999773e-01 -1.167726867483804199e+04
6.495000000000000773e-01 -1.167925876557864649e+04
6.496000000000000663e-01 -1.168124524589539396e+04
6.497000000000000552e-01 -1.168323130343812591e+04
6.498000000000000442e-01 -1.168522074802847237e+04
6.499000000000000332e-01 -1.168721129865360126e+04
6.500000000000000222e-01 -1.168920623834224898e+04
6.501000000000000112e-01 -1.169308008257762958e+04
6.502000000000000002e-01 -1.169853589969500172e+04
6.502999999999999892e-01 -1.170461707366883456e+04
6.503999999999999782e-01 -1.171108488303317063e+04
6.505000000000000782e-01 -1.171804332017877277e+04
6.506000000000000671e-01 -1.172582438124851979e+04
6.507000000000000561e-01 -1.173406110046296271e+04
6.508000000000000451e-01 -1.174189747097633335e+04
6.509000000000000341e-01 -1.174792147543294777e+04
6.510000000000000231e-01 -1.175277314053011105e+04
6.511000000000000121e-01 -1.175701982582737219e+04
6.512000000000000011e-01 -1.176088276722710179e+04
6.512999999999999901e-01 -1.176450768369107573e+04
6.513999999999999790e-01 -1.176797219420092370e+04
6.515000000000000790e-01 -1.177125846195048507e+04
6.516000000000000680e-01 -1.177426895432182573e+04
6.517000000000000570e-01 -1.177694990049423177e+04
6.518000000000000460e-01 -1.177934839554618884e+04
6.519000000000000350e-01 -1.178145940529710060e+04
6.520000000000000240e-01 -1.178326573722909779e+04
6.521000000000000130e-01 -1.178542069791717768e+04
6.522000000000000020e-01 -1.178842391576991758e+04
6.522999999999999909e-01 -1.179118574205934601e+04
6.523999999999999799e-01 -1.179335910375701496e+04
6.525000000000000799e-01 -1.179506801784905474e+04
6.526000000000000689e-01 -1.179646992963653611e+04
6.527000000000000579e-01 -1.179766923755537937e+04
6.528000000000000469e-01 -1.179871669655518235e+04
6.529000000000000359e-01 -1.179961102950163877e+04
6.530000000000000249e-01 -1.180033394555170344e+04
6.531000000000000139e-01 -1.180089322344629363e+04
6.532000000000000028e-01 -1.180133237963839565e+04
6.532999999999999918e-01 -1.180171930639322272e+04
6.533999999999999808e-01 -1.180206725684182675e+04
6.535000000000000808e-01 -1.180234266457622834e+04
6.536000000000000698e-01 -1.180244857862834579e+04
6.537000000000000588e-01 -1.180237391219807250e+04
6.538000000000000478e-01 -1.180218701802371288e+04
6.539000000000000368e-01 -1.180193687555649194e+04
6.540000000000000258e-01 -1.180167893438614556e+04
6.541000000000000147e-01 -1.180144627163544646e+04
6.542000000000000037e-01 -1.180128209115466234e+04
6.542999999999999927e-01 -1.180126694132117882e+04
6.543999999999999817e-01 -1.180142487303010421e+04
6.545000000000000817e-01 -1.180174595822833544e+04
6.546000000000000707e-01 -1.180225842133917467e+04
6.547000000000000597e-01 -1.180302354776654647e+04
6.548000000000000487e-01 -1.180401318099832133e+04
6.549000000000000377e-01 -1.180517867759433102e+04
6.550000000000000266e-01 -1.180649936006578173e+04
6.551000000000000156e-01 -1.180795753845129184e+04
6.552000000000000046e-01 -1.180954758758844218e+04
6.552999999999999936e-01 -1.181126487927828930e+04
6.553999999999999826e-01 -1.181309768992721547e+04
6.555000000000000826e-01 -1.181501133896318424e+04
6.556000000000000716e-01 -1.181696609912576241e+04
6.557000000000000606e-01 -1.181894278134188244e+04
6.558000000000000496e-01 -1.182092838742804997e+04
6.559000000000000385e-01 -1.182290972772556779e+04
6.560000000000000275e-01 -1.182488174467788485e+04
6.561000000000000165e-01 -1.182685202898886200e+04
6.562000000000000055e-01 -1.182885588088181612e+04
6.562999999999999945e-01 -1.183087767915190489e+04
6.563999999999999835e-01 -1.183290553635464130e+04
6.565000000000000835e-01 -1.183495660322607910e+04
6.566000000000000725e-01 -1.183703693597853817e+04
6.567000000000000615e-01 -1.183912924529595875e+04
6.568000000000000504e-01 -1.184121207425288958e+04
6.569000000000000394e-01 -1.184326821876746908e+04
6.570000000000000284e-01 -1.184528944886496356e+04
6.571000000000000174e-01 -1.184728120105548078e+04
6.572000000000000064e-01 -1.184924381221177646e+04
6.572999999999999954e-01 -1.185118198028975894e+04
6.573999999999999844e-01 -1.185310229687158062e+04
6.575000000000000844e-01 -1.185501238672750515e+04
6.576000000000000734e-01 -1.185692218739409145e+04
6.577000000000000624e-01 -1.185884283909867190e+04
6.578000000000000513e-01 -1.186077998606581241e+04
6.579000000000000403e-01 -1.186273903665521357e+04
6.580000000000000293e-01 -1.186471005860855985e+04
6.581000000000000183e-01 -1.186669182479940173e+04
6.582000000000000073e-01 -1.186868231693372400e+04
6.582999999999999963e-01 -1.187067957265665245e+04
6.583999999999999853e-01 -1.187268186556736509e+04
6.585000000000000853e-01 -1.187468705110242081e+04
6.586000000000000743e-01 -1.187669347403048232e+04
6.587000000000000632e-01 -1.187870111199652092e+04
6.588000000000000522e-01 -1.188070853663748494e+04
6.589000000000000412e-01 -1.188271450610057218e+04
6.590000000000000302e-01 -1.188471825582068777e+04
6.591000000000000192e-01 -1.188671948647502359e+04
6.592000000000000082e-01 -1.188871827586196014e+04
6.592999999999999972e-01 -1.189071495487104767e+04
6.593999999999999861e-01 -1.189270772987859345e+04
6.595000000000000862e-01 -1.189469543831054034e+04
6.596000000000000751e-01 -1.189668655007714369e+04
6.597000000000000641e-01 -1.189866368337662789e+04
6.598000000000000531e-01 -1.190062577671969120e+04
6.599000000000000421e-01 -1.190258197338052560e+04
6.600000000000000311e-01 -1.190453984639655573e+04
6.601000000000000201e-01 -1.190651726307546778e+04
6.602000000000000091e-01 -1.190855239768615320e+04
6.602999999999999980e-01 -1.191065734855737173e+04
6.603999999999999870e-01 -1.191282719634903333e+04
6.605000000000000870e-01 -1.191504883677910038e+04
6.606000000000000760e-01 -1.191730834102473636e+04
6.607000000000000650e-01 -1.191959363088363352e+04
6.608000000000000540e-01 -1.192189539605941172e+04
6.609000000000000430e-01 -1.192420663107429209e+04
6.610000000000000320e-01 -1.192651751720891298e+04
6.611000000000000210e-01 -1.192882259794475794e+04
6.612000000000000099e-01 -1.193112164589933491e+04
6.612999999999999989e-01 -1.193341632168279102e+04
6.613999999999999879e-01 -1.193570862529832266e+04
6.614999999999999769e-01 -1.193799957502431789e+04
6.616000000000000769e-01 -1.194028949259789442e+04
6.617000000000000659e-01 -1.194258188248207261e+04
6.618000000000000549e-01 -1.194487636023277446e+04
6.619000000000000439e-01 -1.194717210242638430e+04
6.620000000000000329e-01 -1.194946853743595238e+04
6.621000000000000218e-01 -1.195176488860331665e+04
6.622000000000000108e-01 -1.195406212376707481e+04
6.622999999999999998e-01 -1.195635948324528545e+04
6.623999999999999888e-01 -1.195865586532257112e+04
6.624999999999999778e-01 -1.196095291742797417e+04
6.626000000000000778e-01 -1.196324555325965957e+04
6.627000000000000668e-01 -1.196553622335827640e+04
6.628000000000000558e-01 -1.196782634129930739e+04
6.629000000000000448e-01 -1.197011654183730752e+04
6.630000000000000338e-01 -1.197240704923119483e+04
6.631000000000000227e-01 -1.197469618831687876e+04
6.632000000000000117e-01 -1.197698655130048974e+04
6.633000000000000007e-01 -1.197928123441933349e+04
6.633999999999999897e-01 -1.198157912460410080e+04
6.634999999999999787e-01 -1.198388107296764974e+04
6.636000000000000787e-01 -1.198618734668846810e+04
6.637000000000000677e-01 -1.198849793829559712e+04
6.638000000000000567e-01 -1.199081468692127055e+04
6.639000000000000457e-01 -1.199313429698721120e+04
6.640000000000000346e-01 -1.199545690415824174e+04
6.641000000000000236e-01 -1.199778304440915963e+04
6.642000000000000126e-01 -1.200011286106704574e+04
6.643000000000000016e-01 -1.200244630677549321e+04
6.643999999999999906e-01 -1.200478325455063896e+04
6.644999999999999796e-01 -1.200712221317073454e+04
6.646000000000000796e-01 -1.200946480044697819e+04
6.647000000000000686e-01 -1.201181394115527837e+04
6.648000000000000576e-01 -1.201416695677469215e+04
6.649000000000000465e-01 -1.201638162631525665e+04
6.650000000000000355e-01 -1.201845124292519176e+04
6.651000000000000245e-01 -1.202023357773858334e+04
6.652000000000000135e-01 -1.202178036466966842e+04
6.653000000000000025e-01 -1.202333342625186742e+04
6.653999999999999915e-01 -1.202504482331363397e+04
6.654999999999999805e-01 -1.202695931809349167e+04
6.656000000000000805e-01 -1.202906295431876424e+04
6.657000000000000695e-01 -1.203132431434150749e+04
6.658000000000000584e-01 -1.203370014085446201e+04
6.659000000000000474e-01 -1.203615429500606842e+04
6.660000000000000364e-01 -1.203865789938978924e+04
6.661000000000000254e-01 -1.204118899765764218e+04
6.662000000000000144e-01 -1.204374736591267720e+04
6.663000000000000034e-01 -1.204634236563994273e+04
6.663999999999999924e-01 -1.204897684384091008e+04
6.664999999999999813e-01 -1.205164944417649713e+04
6.666000000000000814e-01 -1.205435850647605002e+04
6.667000000000000703e-01 -1.205711652059582593e+04
6.668000000000000593e-01 -1.205991058144986710e+04
6.669000000000000483e-01 -1.206277201167227940e+04
6.670000000000000373e-01 -1.206572089087302993e+04
6.671000000000000263e-01 -1.206875195278808860e+04
6.672000000000000153e-01 -1.207179481510929691e+04
6.673000000000000043e-01 -1.207480344723195958e+04
6.673999999999999932e-01 -1.207778310369157043e+04
6.674999999999999822e-01 -1.208076470101260747e+04
6.676000000000000822e-01 -1.208378174201427646e+04
6.677000000000000712e-01 -1.208686444141946231e+04
6.678000000000000602e-01 -1.209005109449361953e+04
6.679000000000000492e-01 -1.209337207346518517e+04
6.680000000000000382e-01 -1.209685359786075787e+04
6.681000000000000272e-01 -1.210050845687721812e+04
6.682000000000000162e-01 -1.210433751518480312e+04
6.683000000000000052e-01 -1.210833932079932492e+04
6.683999999999999941e-01 -1.211251847823003482e+04
6.684999999999999831e-01 -1.211690270676006730e+04
6.686000000000000831e-01 -1.212153778382721794e+04
6.687000000000000721e-01 -1.212647724151160764e+04
6.688000000000000611e-01 -1.213173615042128040e+04
6.689000000000000501e-01 -1.213738302401140390e+04
6.690000000000000391e-01 -1.214341549658754957e+04
6.691000000000000281e-01 -1.214995196599760493e+04
6.692000000000000171e-01 -1.215698037882331846e+04
6.693000000000000060e-01 -1.216381344211952819e+04
6.693999999999999950e-01 -1.216796879343428736e+04
6.694999999999999840e-01 -1.216985326692137642e+04
6.696000000000000840e-01 -1.217127492632846770e+04
6.697000000000000730e-01 -1.217305536818065957e+04
6.698000000000000620e-01 -1.217508802339204885e+04
6.699000000000000510e-01 -1.217711758414146607e+04
6.700000000000000400e-01 -1.217913909355496071e+04
6.701000000000000290e-01 -1.218120893831987451e+04
6.702000000000000179e-01 -1.218338014934011881e+04
6.703000000000000069e-01 -1.218565721819606370e+04
6.703999999999999959e-01 -1.218800858540824993e+04
6.704999999999999849e-01 -1.219039069412952267e+04
6.706000000000000849e-01 -1.219276775689320857e+04
6.707000000000000739e-01 -1.219512066647365100e+04
6.708000000000000629e-01 -1.219744367817236525e+04
6.709000000000000519e-01 -1.219981317945058618e+04
6.710000000000000409e-01 -1.220275597051023215e+04
6.711000000000000298e-01 -1.220617807002947848e+04
6.712000000000000188e-01 -1.220967854321722734e+04
6.713000000000000078e-01 -1.221297203568619807e+04
6.713999999999999968e-01 -1.221595765535302417e+04
6.714999999999999858e-01 -1.221869975707730009e+04
6.716000000000000858e-01 -1.222127215650626385e+04
6.717000000000000748e-01 -1.222372124489311864e+04
6.718000000000000638e-01 -1.222609059981389146e+04
6.719000000000000528e-01 -1.222841837619948819e+04
6.720000000000000417e-01 -1.223072937301407728e+04
6.721000000000000307e-01 -1.223303753862190570e+04
6.722000000000000197e-01 -1.223534795530175325e+04
6.723000000000000087e-01 -1.223766254072570882e+04
6.723999999999999977e-01 -1.223998170216131439e+04
6.724999999999999867e-01 -1.224230555756763169e+04
6.726000000000000867e-01 -1.224463414428460055e+04
6.727000000000000757e-01 -1.224696806210823343e+04
6.728000000000000647e-01 -1.224931038604587593e+04
6.729000000000000536e-01 -1.225165331299703030e+04
6.730000000000000426e-01 -1.225399924417895636e+04
6.731000000000000316e-01 -1.225634923750807502e+04
6.732000000000000206e-01 -1.225870321385247007e+04
6.733000000000000096e-01 -1.226106091627166461e+04
6.733999999999999986e-01 -1.226342279911968217e+04
6.734999999999999876e-01 -1.226578711406305956e+04
6.736000000000000876e-01 -1.226814845955265446e+04
6.737000000000000766e-01 -1.227049969374784996e+04
6.738000000000000655e-01 -1.227284193656979369e+04
6.739000000000000545e-01 -1.227517664479697123e+04
6.740000000000000435e-01 -1.227750769661782397e+04
6.741000000000000325e-01 -1.227983668429069803e+04
6.742000000000000215e-01 -1.228216279468646098e+04
6.743000000000000105e-01 -1.228448689564332744e+04
6.743999999999999995e-01 -1.228679888979328098e+04
6.744999999999999885e-01 -1.228911365150387610e+04
6.745999999999999774e-01 -1.229143239922536486e+04
6.747000000000000774e-01 -1.229374123909303489e+04
6.748000000000000664e-01 -1.229603370529567837e+04
6.749000000000000554e-01 -1.229827632735898260e+04
6.750000000000000444e-01 -1.230045448261022830e+04
6.751000000000000334e-01 -1.230261392531439560e+04
6.752000000000000224e-01 -1.230478909322259642e+04
6.753000000000000114e-01 -1.230697250411604728e+04
6.754000000000000004e-01 -1.230916741993474716e+04
6.754999999999999893e-01 -1.231137250294325531e+04
6.755999999999999783e-01 -1.231358224048885313e+04
6.757000000000000783e-01 -1.231579391923780531e+04
6.758000000000000673e-01 -1.231800705197564821e+04
6.759000000000000563e-01 -1.232022132360393698e+04
6.760000000000000453e-01 -1.232243657140136020e+04
6.761000000000000343e-01 -1.232465339553599915e+04
6.762000000000000233e-01 -1.232687216071455259e+04
6.763000000000000123e-01 -1.232909214592974058e+04
6.764000000000000012e-01 -1.233131202241674146e+04
6.764999999999999902e-01 -1.233353106174526692e+04
6.765999999999999792e-01 -1.233574886645898187e+04
6.767000000000000792e-01 -1.233796498299250379e+04
6.768000000000000682e-01 -1.234017739237785099e+04
6.769000000000000572e-01 -1.234238613618542877e+04
6.770000000000000462e-01 -1.234458759898988137e+04
6.771000000000000352e-01 -1.234678758770084823e+04
6.772000000000000242e-01 -1.234899335726008758e+04
6.773000000000000131e-01 -1.235119949157088195e+04
6.774000000000000021e-01 -1.235340546702098618e+04
6.774999999999999911e-01 -1.235561164998632376e+04
6.775999999999999801e-01 -1.235781835663395941e+04
6.777000000000000801e-01 -1.236002573912462140e+04
6.778000000000000691e-01 -1.236223381839348258e+04
6.779000000000000581e-01 -1.236444252832691927e+04
6.780000000000000471e-01 -1.236665174978040341e+04
6.781000000000000361e-01 -1.236886133534446708e+04
6.782000000000000250e-01 -1.237107112846240489e+04
6.783000000000000140e-01 -1.237328097909878670e+04
6.784000000000000030e-01 -1.237549075774064841e+04
6.784999999999999920e-01 -1.237770053024437038e+04
6.785999999999999810e-01 -1.237990971552080009e+04
6.787000000000000810e-01 -1.238211859110208025e+04
6.788000000000000700e-01 -1.238432709212691589e+04
6.789000000000000590e-01 -1.238653530974008572e+04
6.790000000000000480e-01 -1.238874336120687440e+04
6.791000000000000369e-01 -1.239095168986463068e+04
6.792000000000000259e-01 -1.239315952156443200e+04
6.793000000000000149e-01 -1.239536674147381746e+04
6.794000000000000039e-01 -1.239757407352802875e+04
6.794999999999999929e-01 -1.239978165914600140e+04
6.795999999999999819e-01 -1.240198948257173652e+04
6.797000000000000819e-01 -1.240419748548841562e+04
6.798000000000000709e-01 -1.240640561966749920e+04
6.799000000000000599e-01 -1.240861383570828184e+04
6.800000000000000488e-01 -1.241082208803403410e+04
6.801000000000000378e-01 -1.241301786900037951e+04
6.802000000000000268e-01 -1.241517646799239810e+04
6.803000000000000158e-01 -1.241730153554763820e+04
6.804000000000000048e-01 -1.241940144743230121e+04
6.804999999999999938e-01 -1.242148285739124367e+04
6.805999999999999828e-01 -1.242355054503042993e+04
6.807000000000000828e-01 -1.242560791791839438e+04
6.808000000000000718e-01 -1.242765743146714522e+04
6.809000000000000608e-01 -1.242970088338668756e+04
6.810000000000000497e-01 -1.243173961507520835e+04
6.811000000000000387e-01 -1.243377464884056826e+04
6.812000000000000277e-01 -1.243580678091177106e+04
6.813000000000000167e-01 -1.243783664383540417e+04
6.814000000000000057e-01 -1.243986474777397234e+04
6.814999999999999947e-01 -1.244189150752220849e+04
6.815999999999999837e-01 -1.244391726018281224e+04
6.817000000000000837e-01 -1.244594227704636614e+04
6.818000000000000727e-01 -1.244796677213685689e+04
6.819000000000000616e-01 -1.244999090902970784e+04
6.820000000000000506e-01 -1.245201480692364385e+04
6.821000000000000396e-01 -1.245403854641750877e+04
6.822000000000000286e-01 -1.245606346504339854e+04
6.823000000000000176e-01 -1.245809012018425892e+04
6.824000000000000066e-01 -1.246011670008317924e+04
6.824999999999999956e-01 -1.246214299040163314e+04
6.825999999999999845e-01 -1.246416907970583634e+04
6.827000000000000846e-01 -1.246619502225779070e+04
6.828000000000000735e-01 -1.246822080075755548e+04
6.829000000000000625e-01 -1.247024649157979184e+04
6.830000000000000515e-01 -1.247227452663901749e+04
6.831000000000000405e-01 -1.247430253932572668e+04
6.832000000000000295e-01 -1.247632893363531912e+04
6.833000000000000185e-01 -1.247835330474903640e+04
6.834000000000000075e-01 -1.248037565224857462e+04
6.834999999999999964e-01 -1.248239656538818599e+04
6.835999999999999854e-01 -1.248441661132108857e+04
6.837000000000000854e-01 -1.248643620214519069e+04
6.838000000000000744e-01 -1.248845560279446909e+04
6.839000000000000634e-01 -1.249047496110723660e+04
6.840000000000000524e-01 -1.249249433579791366e+04
6.841000000000000414e-01 -1.249451371755252148e+04
6.842000000000000304e-01 -1.249653303982384386e+04
6.843000000000000194e-01 -1.249855215135632716e+04
6.844000000000000083e-01 -1.250057025741758480e+04
6.844999999999999973e-01 -1.250258657965756720e+04
6.845999999999999863e-01 -1.250460095327317140e+04
6.847000000000000863e-01 -1.250661296145745655e+04
6.848000000000000753e-01 -1.250862168948734507e+04
6.849000000000000643e-01 -1.251062767611960771e+04
6.850000000000000533e-01 -1.251262943576794896e+04
6.851000000000000423e-01 -1.251462674470541788e+04
6.852000000000000313e-01 -1.251661999777963320e+04
6.853000000000000203e-01 -1.251860913581678869e+04
6.854000000000000092e-01 -1.252059398247529134e+04
6.854999999999999982e-01 -1.252257406727214038e+04
6.855999999999999872e-01 -1.252454904521377102e+04
6.857000000000000872e-01 -1.252651879853478749e+04
6.858000000000000762e-01 -1.252848355451582938e+04
6.859000000000000652e-01 -1.253044352464994699e+04
6.860000000000000542e-01 -1.253239892634294301e+04
6.861000000000000432e-01 -1.253435000769695944e+04
6.862000000000000322e-01 -1.253629697262093578e+04
6.863000000000000211e-01 -1.253823997296653033e+04
6.864000000000000101e-01 -1.254017908900099974e+04
6.864999999999999991e-01 -1.254211438041179463e+04
6.865999999999999881e-01 -1.254404590017180817e+04
6.867000000000000881e-01 -1.254597366907397736e+04
6.868000000000000771e-01 -1.254789766305059311e+04
6.869000000000000661e-01 -1.254981779675463258e+04
6.870000000000000551e-01 -1.255173386498742184e+04
6.871000000000000441e-01 -1.255364531912189341e+04
6.872000000000000330e-01 -1.255555001751036616e+04
6.873000000000000220e-01 -1.255744639764054773e+04
6.874000000000000110e-01 -1.255933131959001184e+04
6.875000000000000000e-01 -1.256120594921271913e+04
6.875999999999999890e-01 -1.256306918299046629e+04
6.876999999999999780e-01 -1.256491949449290405e+04
6.878000000000000780e-01 -1.256676609902027485e+04
6.879000000000000670e-01 -1.256860536530130776e+04
6.880000000000000560e-01 -1.257043783090679244e+04
6.881000000000000449e-01 -1.257226651541984756e+04
6.882000000000000339e-01 -1.257409146786098063e+04
6.883000000000000229e-01 -1.257595947354445525e+04
6.884000000000000119e-01 -1.257790479371596848e+04
6.885000000000000009e-01 -1.257996774859461402e+04
6.885999999999999899e-01 -1.258206051660312369e+04
6.886999999999999789e-01 -1.258410986738290012e+04
6.888000000000000789e-01 -1.258610653274764445e+04
6.889000000000000679e-01 -1.258806379549233316e+04
6.890000000000000568e-01 -1.258999943963359692e+04
6.891000000000000458e-01 -1.259192505112909930e+04
6.892000000000000348e-01 -1.259384701139604294e+04
6.893000000000000238e-01 -1.259576723444130221e+04
6.894000000000000128e-01 -1.259768911244342053e+04
6.895000000000000018e-01 -1.259962223855640332e+04
6.895999999999999908e-01 -1.260156811185968945e+04
6.896999999999999797e-01 -1.260352736711974103e+04
6.898000000000000798e-01 -1.260549805272961385e+04
6.899000000000000687e-01 -1.260747320602549735e+04
6.900000000000000577e-01 -1.260944172203224298e+04
6.901000000000000467e-01 -1.261139962579843632e+04
6.902000000000000357e-01 -1.261334450452042802e+04
6.903000000000000247e-01 -1.261528278878934907e+04
6.904000000000000137e-01 -1.261724254210125946e+04
6.905000000000000027e-01 -1.261922678137037110e+04
6.905999999999999917e-01 -1.262123095978476886e+04
6.906999999999999806e-01 -1.262323822566656600e+04
6.908000000000000806e-01 -1.262523442601954412e+04
6.909000000000000696e-01 -1.262721606355480617e+04
6.910000000000000586e-01 -1.262918530516908686e+04
6.911000000000000476e-01 -1.263114633509687701e+04
6.912000000000000366e-01 -1.263310421361428962e+04
6.913000000000000256e-01 -1.263506238036958348e+04
6.914000000000000146e-01 -1.263702174143717093e+04
6.915000000000000036e-01 -1.263898141060902890e+04
6.915999999999999925e-01 -1.264094186535758308e+04
6.916999999999999815e-01 -1.264290750180528812e+04
6.918000000000000815e-01 -1.264487636305668093e+04
6.919000000000000705e-01 -1.264684326005050389e+04
6.920000000000000595e-01 -1.264880463731696000e+04
6.921000000000000485e-01 -1.265075956571596544e+04
6.922000000000000375e-01 -1.265270763058359989e+04
6.923000000000000265e-01 -1.265464146665864064e+04
6.924000000000000155e-01 -1.265655130509418814e+04
6.925000000000000044e-01 -1.265843172435610541e+04
6.925999999999999934e-01 -1.266027975637453710e+04
6.926999999999999824e-01 -1.266209313475257295e+04
6.928000000000000824e-01 -1.266386862782453318e+04
6.929000000000000714e-01 -1.266559364392372663e+04
6.930000000000000604e-01 -1.266724471967969839e+04
6.931000000000000494e-01 -1.266880207447086286e+04
6.932000000000000384e-01 -1.267025490097413604e+04
6.933000000000000274e-01 -1.267160729141327647e+04
6.934000000000000163e-01 -1.267285586789390982e+04
6.935000000000000053e-01 -1.267398214396022740e+04
6.935999999999999943e-01 -1.267496784418969582e+04
6.936999999999999833e-01 -1.267579999184948974e+04
6.938000000000000833e-01 -1.267646768820965008e+04
6.939000000000000723e-01 -1.267695729585343543e+04
6.940000000000000613e-01 -1.267725854083277409e+04
6.941000000000000503e-01 -1.267735133645781571e+04
6.942000000000000393e-01 -1.267721454826209083e+04
6.943000000000000282e-01 -1.267687534544787741e+04
6.944000000000000172e-01 -1.267639206368303348e+04
6.945000000000000062e-01 -1.267573320427683575e+04
6.945999999999999952e-01 -1.267489269905619039e+04
6.946999999999999842e-01 -1.267391428404118233e+04
6.948000000000000842e-01 -1.267281788551632053e+04
6.949000000000000732e-01 -1.267171383339869317e+04
6.950000000000000622e-01 -1.267072932658758691e+04
6.951000000000000512e-01 -1.267018984031070795e+04
6.952000000000000401e-01 -1.267024207732628201e+04
6.953000000000000291e-01 -1.267082152429747111e+04
6.954000000000000181e-01 -1.267182210617437886e+04
6.955000000000000071e-01 -1.267314889849837527e+04
6.955999999999999961e-01 -1.267473077975987144e+04
6.956999999999999851e-01 -1.267651812320413592e+04
6.958000000000000851e-01 -1.267846812307387700e+04
6.959000000000000741e-01 -1.268048067331162747e+04
6.960000000000000631e-01 -1.268254412304233665e+04
6.961000000000000520e-01 -1.268462731697258823e+04
6.962000000000000410e-01 -1.268669640787543540e+04
6.963000000000000300e-01 -1.268877829207695322e+04
6.964000000000000190e-01 -1.269087362707758075e+04
6.965000000000000080e-01 -1.269299550454760174e+04
6.965999999999999970e-01 -1.269513661728590705e+04
6.966999999999999860e-01 -1.269727984745428330e+04
6.968000000000000860e-01 -1.269944360941679042e+04
6.969000000000000750e-01 -1.270164025562063398e+04
6.970000000000000639e-01 -1.270387716471358362e+04
6.971000000000000529e-01 -1.270613347005910873e+04
6.972000000000000419e-01 -1.270838928159216630e+04
6.973000000000000309e-01 -1.271061635241894328e+04
6.974000000000000199e-01 -1.271284459298955517e+04
6.975000000000000089e-01 -1.271503336610894985e+04
6.975999999999999979e-01 -1.271713542443594451e+04
6.976999999999999869e-01 -1.271914551392675457e+04
6.978000000000000869e-01 -1.272107335231672369e+04
6.979000000000000759e-01 -1.272293663263953022e+04
6.980000000000000648e-01 -1.272476601443370600e+04
6.981000000000000538e-01 -1.272658157606130408e+04
6.982000000000000428e-01 -1.272841024332181587e+04
6.983000000000000318e-01 -1.273027820390862507e+04
6.984000000000000208e-01 -1.273219576686155779e+04
6.985000000000000098e-01 -1.273415763373007212e+04
6.985999999999999988e-01 -1.273614789201170061e+04
6.986999999999999877e-01 -1.273816001114287974e+04
6.988000000000000878e-01 -1.274019179795705531e+04
6.989000000000000767e-01 -1.274224089241239744e+04
6.990000000000000657e-01 -1.274430400484399979e+04
6.991000000000000547e-01 -1.274638409367187887e+04
6.992000000000000437e-01 -1.274844921726934808e+04
6.993000000000000327e-01 -1.275051685383558652e+04
6.994000000000000217e-01 -1.275257920373303205e+04
6.995000000000000107e-01 -1.275463630318401738e+04
6.995999999999999996e-01 -1.275668909060923215e+04
6.996999999999999886e-01 -1.275873447977586147e+04
6.998000000000000886e-01 -1.276077149763014859e+04
6.999000000000000776e-01 -1.276279935752870551e+04
7.000000000000000666e-01 -1.276482278222194327e+04
7.001000000000000556e-01 -1.276868684150766421e+04
7.002000000000000446e-01 -1.277384920224078451e+04
7.003000000000000336e-01 -1.277931238529596703e+04
7.004000000000000226e-01 -1.278503949639361053e+04
7.005000000000000115e-01 -1.279130380474921913e+04
7.006000000000000005e-01 -1.279839877987516411e+04
7.006999999999999895e-01 -1.280630841467211212e+04
7.007999999999999785e-01 -1.281469515373856848e+04
7.009000000000000785e-01 -1.282343916602732861e+04
7.010000000000000675e-01 -1.283269776367259874e+04
7.011000000000000565e-01 -1.284178640200703012e+04
7.012000000000000455e-01 -1.284757107727322909e+04
7.013000000000000345e-01 -1.285051080584575902e+04
7.014000000000000234e-01 -1.285207678522395327e+04
7.015000000000000124e-01 -1.285305628509414237e+04
7.016000000000000014e-01 -1.285372879663320964e+04
7.016999999999999904e-01 -1.285482959549448060e+04
7.017999999999999794e-01 -1.285699119134978173e+04
7.019000000000000794e-01 -1.285925627734135014e+04
7.020000000000000684e-01 -1.286137144542481838e+04
7.021000000000000574e-01 -1.286365939792804602e+04
7.022000000000000464e-01 -1.286563633905095230e+04
7.023000000000000353e-01 -1.286728492232120152e+04
7.024000000000000243e-01 -1.286874196894401030e+04
7.025000000000000133e-01 -1.287012666804806031e+04
7.026000000000000023e-01 -1.287152748855864229e+04
7.026999999999999913e-01 -1.287298039901760058e+04
7.027999999999999803e-01 -1.287448750746432233e+04
7.029000000000000803e-01 -1.287602959558243674e+04
7.030000000000000693e-01 -1.287758818308723494e+04
7.031000000000000583e-01 -1.287915286122945326e+04
7.032000000000000473e-01 -1.288071304180365769e+04
7.033000000000000362e-01 -1.288225216049977098e+04
7.034000000000000252e-01 -1.288374941995260815e+04
7.035000000000000142e-01 -1.288518317562177072e+04
7.036000000000000032e-01 -1.288653254644318986e+04
7.036999999999999922e-01 -1.288777952195693251e+04
7.037999999999999812e-01 -1.288890787069635189e+04
7.039000000000000812e-01 -1.288990026250761548e+04
7.040000000000000702e-01 -1.289074247552093584e+04
7.041000000000000592e-01 -1.289144582136675126e+04
7.042000000000000481e-01 -1.289202122513387258e+04
7.043000000000000371e-01 -1.289245092982053393e+04
7.044000000000000261e-01 -1.289272802700056673e+04
7.045000000000000151e-01 -1.289285321169033705e+04
7.046000000000000041e-01 -1.289282316377883944e+04
7.046999999999999931e-01 -1.289263614056505867e+04
7.047999999999999821e-01 -1.289228151867851921e+04
7.049000000000000821e-01 -1.289185918983334886e+04
7.050000000000000711e-01 -1.289140931805086075e+04
7.051000000000000600e-01 -1.289101129613245757e+04
7.052000000000000490e-01 -1.289083249843256453e+04
7.053000000000000380e-01 -1.289092656674550926e+04
7.054000000000000270e-01 -1.289135765045912194e+04
7.055000000000000160e-01 -1.289215907565127236e+04
7.056000000000000050e-01 -1.289325713383410221e+04
7.056999999999999940e-01 -1.289457391109450145e+04
7.057999999999999829e-01 -1.289605446261243924e+04
7.059000000000000830e-01 -1.289765370438805985e+04
7.060000000000000719e-01 -1.289935319292234999e+04
7.061000000000000609e-01 -1.290114104160241368e+04
7.062000000000000499e-01 -1.290299418759302534e+04
7.063000000000000389e-01 -1.290490904544068508e+04
7.064000000000000279e-01 -1.290687898745017083e+04
7.065000000000000169e-01 -1.290888553032212803e+04
7.066000000000000059e-01 -1.291091139107325944e+04
7.066999999999999948e-01 -1.291292846727073811e+04
7.067999999999999838e-01 -1.291499818573667835e+04
7.069000000000000838e-01 -1.291708825450814220e+04
7.070000000000000728e-01 -1.291918480541539793e+04
7.071000000000000618e-01 -1.292128181162722649e+04
7.072000000000000508e-01 -1.292337800828092804e+04
7.073000000000000398e-01 -1.292547543302721351e+04
7.074000000000000288e-01 -1.292758180575785445e+04
7.075000000000000178e-01 -1.292969205292717379e+04
7.076000000000000068e-01 -1.293180185450066892e+04
7.076999999999999957e-01 -1.293389521518090805e+04
7.077999999999999847e-01 -1.293595921633353100e+04
7.079000000000000847e-01 -1.293799089113228911e+04
7.080000000000000737e-01 -1.293998759177333159e+04
7.081000000000000627e-01 -1.294194332319132627e+04
7.082000000000000517e-01 -1.294386694803835235e+04
7.083000000000000407e-01 -1.294576783422801600e+04
7.084000000000000297e-01 -1.294767183072219632e+04
7.085000000000000187e-01 -1.294958255682765957e+04
7.086000000000000076e-01 -1.295150319415424019e+04
7.086999999999999966e-01 -1.295343798922472524e+04
7.087999999999999856e-01 -1.295538659451696003e+04
7.089000000000000856e-01 -1.295734846612120236e+04
7.090000000000000746e-01 -1.295932286179836228e+04
7.091000000000000636e-01 -1.296131145855658906e+04
7.092000000000000526e-01 -1.296331631565307543e+04
7.093000000000000416e-01 -1.296533329483562011e+04
7.094000000000000306e-01 -1.296735772153467951e+04
7.095000000000000195e-01 -1.296938655139988623e+04
7.096000000000000085e-01 -1.297141838336631190e+04
7.096999999999999975e-01 -1.297345215974794701e+04
7.097999999999999865e-01 -1.297548645079239941e+04
7.099000000000000865e-01 -1.297752183567829888e+04
7.100000000000000755e-01 -1.297955408801373596e+04
7.101000000000000645e-01 -1.298159869204095048e+04
7.102000000000000535e-01 -1.298368982506113389e+04
7.103000000000000425e-01 -1.298582289780168503e+04
7.104000000000000314e-01 -1.298799138784496790e+04
7.105000000000000204e-01 -1.299018881127209534e+04
7.106000000000000094e-01 -1.299240834591635758e+04
7.106999999999999984e-01 -1.299464431499841885e+04
7.107999999999999874e-01 -1.299689252420270896e+04
7.109000000000000874e-01 -1.299914996160320334e+04
7.110000000000000764e-01 -1.300141433754456193e+04
7.111000000000000654e-01 -1.300368402268566570e+04
7.112000000000000544e-01 -1.300595753611450164e+04
7.113000000000000433e-01 -1.300823645605293314e+04
7.114000000000000323e-01 -1.301052193390431785e+04
7.115000000000000213e-01 -1.301281366475306277e+04
7.116000000000000103e-01 -1.301511038482791264e+04
7.116999999999999993e-01 -1.301741091312447679e+04
7.117999999999999883e-01 -1.301971474595656036e+04
7.119000000000000883e-01 -1.302202131653203287e+04
7.120000000000000773e-01 -1.302433031036117427e+04
7.121000000000000663e-01 -1.302664172787837379e+04
7.122000000000000552e-01 -1.302895546721304163e+04
7.123000000000000442e-01 -1.303127127397362892e+04
7.124000000000000332e-01 -1.303358875514016836e+04
7.125000000000000222e-01 -1.303590772592871872e+04
7.126000000000000112e-01 -1.303822795605050669e+04
7.127000000000000002e-01 -1.304054951818924746e+04
7.127999999999999892e-01 -1.304287060713976643e+04
7.129000000000000892e-01 -1.304519237863527997e+04
7.130000000000000782e-01 -1.304751437269238158e+04
7.131000000000000671e-01 -1.304983698203671520e+04
7.132000000000000561e-01 -1.305216045945168844e+04
7.133000000000000451e-01 -1.305448494892679446e+04
7.134000000000000341e-01 -1.305681077470105629e+04
7.135000000000000231e-01 -1.305913974680051615e+04
7.136000000000000121e-01 -1.306147340640673065e+04
7.137000000000000011e-01 -1.306381199461833421e+04
7.137999999999999901e-01 -1.306615532388309475e+04
7.138999999999999790e-01 -1.306850318360459460e+04
7.140000000000000790e-01 -1.307085549940949386e+04
7.141000000000000680e-01 -1.307321247726733964e+04
7.142000000000000570e-01 -1.307557589765095327e+04
7.143000000000000460e-01 -1.307794943595381119e+04
7.144000000000000350e-01 -1.308033636896301141e+04
7.145000000000000240e-01 -1.308273649176386607e+04
7.146000000000000130e-01 -1.308514926256294348e+04
7.147000000000000020e-01 -1.308757448457756436e+04
7.147999999999999909e-01 -1.309001172249423871e+04
7.148999999999999799e-01 -1.309246071269200183e+04
7.150000000000000799e-01 -1.309492106112831243e+04
7.151000000000000689e-01 -1.309739304799780984e+04
7.152000000000000579e-01 -1.309987710456122477e+04
7.153000000000000469e-01 -1.310236979740673632e+04
7.154000000000000359e-01 -1.310487505151484766e+04
7.155000000000000249e-01 -1.310739558181763095e+04
7.156000000000000139e-01 -1.310993016789850299e+04
7.157000000000000028e-01 -1.311247969515576369e+04
7.157999999999999918e-01 -1.311504712086761720e+04
7.158999999999999808e-01 -1.311763147699842557e+04
7.160000000000000808e-01 -1.312023108456473528e+04
7.161000000000000698e-01 -1.312284633401000610e+04
7.162000000000000588e-01 -1.312547904656713945e+04
7.163000000000000478e-01 -1.312814795803555353e+04
7.164000000000000368e-01 -1.313085414346890138e+04
7.165000000000000258e-01 -1.313358754688898443e+04
7.166000000000000147e-01 -1.313635559243837452e+04
7.167000000000000037e-01 -1.313915574665479107e+04
7.167999999999999927e-01 -1.314198363913710091e+04
7.168999999999999817e-01 -1.314483608997209922e+04
7.170000000000000817e-01 -1.314771015509059544e+04
7.171000000000000707e-01 -1.315060552641463801e+04
7.172000000000000597e-01 -1.315352490623585436e+04
7.173000000000000487e-01 -1.315647364912054582e+04
7.174000000000000377e-01 -1.315945997685906877e+04
7.175000000000000266e-01 -1.316250114047504030e+04
7.176000000000000156e-01 -1.316561561700581296e+04
7.177000000000000046e-01 -1.316881135407381771e+04
7.177999999999999936e-01 -1.317208763874446413e+04
7.178999999999999826e-01 -1.317543193647057706e+04
7.180000000000000826e-01 -1.317889835739857335e+04
7.181000000000000716e-01 -1.318252475857938953e+04
7.182000000000000606e-01 -1.318629959427284484e+04
7.183000000000000496e-01 -1.319020801274118458e+04
7.184000000000000385e-01 -1.319432017624098444e+04
7.185000000000000275e-01 -1.319865792213138047e+04
7.186000000000000165e-01 -1.320324566976272217e+04
7.187000000000000055e-01 -1.320794719996168351e+04
7.187999999999999945e-01 -1.321241024624212696e+04
7.188999999999999835e-01 -1.321601713206009845e+04
7.190000000000000835e-01 -1.321885015474279135e+04
7.191000000000000725e-01 -1.322145584659180167e+04
7.192000000000000615e-01 -1.322398180103866798e+04
7.193000000000000504e-01 -1.322629661672274233e+04
7.194000000000000394e-01 -1.322839745323944226e+04
7.195000000000000284e-01 -1.323035421942381072e+04
7.196000000000000174e-01 -1.323224086916630949e+04
7.197000000000000064e-01 -1.323411658027134581e+04
7.197999999999999954e-01 -1.323602801182304393e+04
7.198999999999999844e-01 -1.323800521049790405e+04
7.200000000000000844e-01 -1.324005738212650795e+04
7.201000000000000734e-01 -1.324217757136516957e+04
7.202000000000000624e-01 -1.324435280376201263e+04
7.203000000000000513e-01 -1.324657055759379728e+04
7.204000000000000403e-01 -1.324882304660944828e+04
7.205000000000000293e-01 -1.325110816004804656e+04
7.206000000000000183e-01 -1.325341456986972844e+04
7.207000000000000073e-01 -1.325572166265885244e+04
7.207999999999999963e-01 -1.325802081214423197e+04
7.208999999999999853e-01 -1.326031242817889870e+04
7.210000000000000853e-01 -1.326259783706120652e+04
7.211000000000000743e-01 -1.326487652989538219e+04
7.212000000000000632e-01 -1.326714690671110111e+04
7.213000000000000522e-01 -1.326940647132582671e+04
7.214000000000000412e-01 -1.327165410925997276e+04
7.215000000000000302e-01 -1.327389120888263824e+04
7.216000000000000192e-01 -1.327612110460365147e+04
7.217000000000000082e-01 -1.327834720221997486e+04
7.217999999999999972e-01 -1.328057222093479686e+04
7.218999999999999861e-01 -1.328279808507053713e+04
7.220000000000000862e-01 -1.328502607408344193e+04
7.221000000000000751e-01 -1.328725693244726244e+04
7.222000000000000641e-01 -1.328949095614527687e+04
7.223000000000000531e-01 -1.329172809572244478e+04
7.224000000000000421e-01 -1.329396843425171210e+04
7.225000000000000311e-01 -1.329621204344745456e+04
7.226000000000000201e-01 -1.329845820992611516e+04
7.227000000000000091e-01 -1.330070597211672793e+04
7.227999999999999980e-01 -1.330295447156739465e+04
7.228999999999999870e-01 -1.330520306529252775e+04
7.230000000000000870e-01 -1.330745133214700400e+04
7.231000000000000760e-01 -1.330969905458543508e+04
7.232000000000000650e-01 -1.331194642546850264e+04
7.233000000000000540e-01 -1.331419433878803466e+04
7.234000000000000430e-01 -1.331644299305449022e+04
7.235000000000000320e-01 -1.331869212518141467e+04
7.236000000000000210e-01 -1.332094052859038311e+04
7.237000000000000099e-01 -1.332318659041628780e+04
7.237999999999999989e-01 -1.332542981337007950e+04
7.238999999999999879e-01 -1.332767068111619119e+04
7.240000000000000879e-01 -1.332990987720572230e+04
7.241000000000000769e-01 -1.333214800094069142e+04
7.242000000000000659e-01 -1.333438550024644610e+04
7.243000000000000549e-01 -1.333662268625238175e+04
7.244000000000000439e-01 -1.333885976538125033e+04
7.245000000000000329e-01 -1.334109687762657813e+04
7.246000000000000218e-01 -1.334333416996676533e+04
7.247000000000000108e-01 -1.334557170221930028e+04
7.247999999999999998e-01 -1.334780946020716328e+04
7.248999999999999888e-01 -1.335004740306579515e+04
7.250000000000000888e-01 -1.335228547945859282e+04
7.251000000000000778e-01 -1.335452363359622723e+04
7.252000000000000668e-01 -1.335674993381123750e+04
7.253000000000000558e-01 -1.335894431454457117e+04
7.254000000000000448e-01 -1.336123208780126697e+04
7.255000000000000338e-01 -1.336352222574270127e+04
7.256000000000000227e-01 -1.336578223768194766e+04
7.257000000000000117e-01 -1.336801536845741612e+04
7.258000000000000007e-01 -1.337023212147579216e+04
7.258999999999999897e-01 -1.337244084091496370e+04
7.260000000000000897e-01 -1.337464634601714897e+04
7.261000000000000787e-01 -1.337685142100099620e+04
7.262000000000000677e-01 -1.337905759586408385e+04
7.263000000000000567e-01 -1.338126548468798865e+04
7.264000000000000457e-01 -1.338347438467020220e+04
7.265000000000000346e-01 -1.338568412504099069e+04
7.266000000000000236e-01 -1.338789499396786778e+04
7.267000000000000126e-01 -1.339010702450038298e+04
7.268000000000000016e-01 -1.339231936405174747e+04
7.268999999999999906e-01 -1.339453186846584140e+04
7.269999999999999796e-01 -1.339674475334168710e+04
7.271000000000000796e-01 -1.339895820210351849e+04
7.272000000000000686e-01 -1.340117235069705566e+04
7.273000000000000576e-01 -1.340338724937059669e+04
7.274000000000000465e-01 -1.340560282340370213e+04
7.275000000000000355e-01 -1.340781893901129115e+04
7.276000000000000245e-01 -1.341003497764052190e+04
7.277000000000000135e-01 -1.341224992404640216e+04
7.278000000000000025e-01 -1.341446105310118401e+04
7.278999999999999915e-01 -1.341666734449758042e+04
7.279999999999999805e-01 -1.341887031809953805e+04
7.281000000000000805e-01 -1.342107147705215357e+04
7.282000000000000695e-01 -1.342327372556976661e+04
7.283000000000000584e-01 -1.342547776808365052e+04
7.284000000000000474e-01 -1.342768341516956389e+04
7.285000000000000364e-01 -1.342988961965652379e+04
7.286000000000000254e-01 -1.343209517860883534e+04
7.287000000000000144e-01 -1.343430484088798039e+04
7.288000000000000034e-01 -1.343651820673853217e+04
7.288999999999999924e-01 -1.343873505620902142e+04
7.289999999999999813e-01 -1.344095389724511733e+04
7.291000000000000814e-01 -1.344317382593685215e+04
7.292000000000000703e-01 -1.344539446556566327e+04
7.293000000000000593e-01 -1.344759870151212090e+04
7.294000000000000483e-01 -1.344986327980542592e+04
7.295000000000000373e-01 -1.345216092090002167e+04
7.296000000000000263e-01 -1.345458937772345234e+04
7.297000000000000153e-01 -1.345713478929931443e+04
7.298000000000000043e-01 -1.345964507697157933e+04
7.298999999999999932e-01 -1.346207731594961660e+04
7.299999999999999822e-01 -1.346444459002797885e+04
7.301000000000000822e-01 -1.346675865758157670e+04
7.302000000000000712e-01 -1.346900278905673986e+04
7.303000000000000602e-01 -1.347118898936319601e+04
7.304000000000000492e-01 -1.347333546850234598e+04
7.305000000000000382e-01 -1.347545150802765238e+04
7.306000000000000272e-01 -1.347753898222905082e+04
7.307000000000000162e-01 -1.347960422113735149e+04
7.308000000000000052e-01 -1.348165380120937152e+04
7.308999999999999941e-01 -1.348369205327311465e+04
7.309999999999999831e-01 -1.348571594825139437e+04
7.311000000000000831e-01 -1.348773027989067668e+04
7.312000000000000721e-01 -1.348973773914160483e+04
7.313000000000000611e-01 -1.349173524929458472e+04
7.314000000000000501e-01 -1.349372858072423151e+04
7.315000000000000391e-01 -1.349572307864883805e+04
7.316000000000000281e-01 -1.349772103247593441e+04
7.317000000000000171e-01 -1.349972275915438513e+04
7.318000000000000060e-01 -1.350172906673937905e+04
7.318999999999999950e-01 -1.350373738783758381e+04
7.319999999999999840e-01 -1.350574548086730829e+04
7.321000000000000840e-01 -1.350775179225581451e+04
7.322000000000000730e-01 -1.350975585881230654e+04
7.323000000000000620e-01 -1.351175965204237400e+04
7.324000000000000510e-01 -1.351376381952099473e+04
7.325000000000000400e-01 -1.351576831801013759e+04
7.326000000000000290e-01 -1.351777306105340904e+04
7.327000000000000179e-01 -1.351977879656811274e+04
7.328000000000000069e-01 -1.352178351795433991e+04
7.328999999999999959e-01 -1.352378756447231717e+04
7.329999999999999849e-01 -1.352579124727171802e+04
7.331000000000000849e-01 -1.352779427495958225e+04
7.332000000000000739e-01 -1.352979517873173791e+04
7.333000000000000629e-01 -1.353179286370467889e+04
7.334000000000000519e-01 -1.353378587315613186e+04
7.335000000000000409e-01 -1.353577492638405784e+04
7.336000000000000298e-01 -1.353776091900614301e+04
7.337000000000000188e-01 -1.353974428919637830e+04
7.338000000000000078e-01 -1.354172463635114582e+04
7.338999999999999968e-01 -1.354370329391996165e+04
7.339999999999999858e-01 -1.354568082218392738e+04
7.341000000000000858e-01 -1.354765726750939575e+04
7.342000000000000748e-01 -1.354963258450193644e+04
7.343000000000000638e-01 -1.355160672630868430e+04
7.344000000000000528e-01 -1.355357965752423479e+04
7.345000000000000417e-01 -1.355555135269566381e+04
7.346000000000000307e-01 -1.355752179315136891e+04
7.347000000000000197e-01 -1.355949096444329371e+04
7.348000000000000087e-01 -1.356145893413096746e+04
7.348999999999999977e-01 -1.356342598121739138e+04
7.349999999999999867e-01 -1.356538935945064077e+04
7.351000000000000867e-01 -1.356735167740329780e+04
7.352000000000000757e-01 -1.356931297437351168e+04
7.353000000000000647e-01 -1.357127482496418816e+04
7.354000000000000536e-01 -1.357323731504486204e+04
7.355000000000000426e-01 -1.357520095547569508e+04
7.356000000000000316e-01 -1.357716456089056555e+04
7.357000000000000206e-01 -1.357912812645572558e+04
7.358000000000000096e-01 -1.358109491025525131e+04
7.358999999999999986e-01 -1.358307372813838992e+04
7.359999999999999876e-01 -1.358504853431494303e+04
7.361000000000000876e-01 -1.358701973264760818e+04
7.362000000000000766e-01 -1.358900356086211832e+04
7.363000000000000655e-01 -1.359100121249659969e+04
7.364000000000000545e-01 -1.359300448740278625e+04
7.365000000000000435e-01 -1.359501061420626684e+04
7.366000000000000325e-01 -1.359701846880190897e+04
7.367000000000000215e-01 -1.359902623447092083e+04
7.368000000000000105e-01 -1.360103254111354727e+04
7.368999999999999995e-01 -1.360303984148466225e+04
7.369999999999999885e-01 -1.360504753654055639e+04
7.371000000000000885e-01 -1.360705214462343793e+04
7.372000000000000774e-01 -1.360905115082177690e+04
7.373000000000000664e-01 -1.361104387812588539e+04
7.374000000000000554e-01 -1.361303365146335818e+04
7.375000000000000444e-01 -1.361502235553943137e+04
7.376000000000000334e-01 -1.361701105346849181e+04
7.377000000000000224e-01 -1.361900048184404659e+04
7.378000000000000114e-01 -1.362099126927394536e+04
7.379000000000000004e-01 -1.362298381126058121e+04
7.379999999999999893e-01 -1.362497972100306106e+04
7.381000000000000894e-01 -1.362697831356716233e+04
7.382000000000000783e-01 -1.362898117997796180e+04
7.383000000000000673e-01 -1.363098793016559830e+04
7.384000000000000563e-01 -1.363299481988917614e+04
7.385000000000000453e-01 -1.363499899489446398e+04
7.386000000000000343e-01 -1.363699896962983257e+04
7.387000000000000233e-01 -1.363899640157358954e+04
7.388000000000000123e-01 -1.364099449941770581e+04
7.389000000000000012e-01 -1.364298628084308439e+04
7.389999999999999902e-01 -1.364498234737608800e+04
7.391000000000000902e-01 -1.364698113645741432e+04
7.392000000000000792e-01 -1.364897861612323686e+04
7.393000000000000682e-01 -1.365096890941074525e+04
7.394000000000000572e-01 -1.365295014479281781e+04
7.395000000000000462e-01 -1.365492505598046046e+04
7.396000000000000352e-01 -1.365690285732934353e+04
7.397000000000000242e-01 -1.365889553615865771e+04
7.398000000000000131e-01 -1.366089454666568599e+04
7.399000000000000021e-01 -1.366288164039346157e+04
7.399999999999999911e-01 -1.366485264468963942e+04
7.400999999999999801e-01 -1.366681564173464358e+04
7.402000000000000801e-01 -1.366877587253002639e+04
7.403000000000000691e-01 -1.367073595109700909e+04
7.404000000000000581e-01 -1.367269470597239524e+04
7.405000000000000471e-01 -1.367465014486822292e+04
7.406000000000000361e-01 -1.367660168681340292e+04
7.407000000000000250e-01 -1.367855072149776242e+04
7.408000000000000140e-01 -1.368050031335649328e+04
7.409000000000000030e-01 -1.368245296641119603e+04
7.409999999999999920e-01 -1.368440966343846594e+04
7.410999999999999810e-01 -1.368636971620386248e+04
7.412000000000000810e-01 -1.368833163158764546e+04
7.413000000000000700e-01 -1.369029486205129251e+04
7.414000000000000590e-01 -1.369225905063846403e+04
7.415000000000000480e-01 -1.369422361565850042e+04
7.416000000000000369e-01 -1.369618756832611871e+04
7.417000000000000259e-01 -1.369814971591618996e+04
7.418000000000000149e-01 -1.370010901495457983e+04
7.419000000000000039e-01 -1.370206480741497580e+04
7.419999999999999929e-01 -1.370401685143765280e+04
7.420999999999999819e-01 -1.370596520228400914e+04
7.422000000000000819e-01 -1.370791004099150268e+04
7.423000000000000709e-01 -1.370985151127657082e+04
7.424000000000000599e-01 -1.371178955534470697e+04
7.425000000000000488e-01 -1.371372367524360379e+04
7.426000000000000378e-01 -1.371565108632772171e+04
7.427000000000000268e-01 -1.371756221748953249e+04
7.428000000000000158e-01 -1.371944654986000751e+04
7.429000000000000048e-01 -1.372116031757592464e+04
7.429999999999999938e-01 -1.372258616893147882e+04
7.430999999999999828e-01 -1.372381339418986136e+04
7.432000000000000828e-01 -1.372498118225046346e+04
7.433000000000000718e-01 -1.372613663524439107e+04
7.434000000000000608e-01 -1.372723387205401741e+04
7.435000000000000497e-01 -1.372821305816266977e+04
7.436000000000000387e-01 -1.372903921604100469e+04
7.437000000000000277e-01 -1.372969887385743641e+04
7.438000000000000167e-01 -1.373017839396302770e+04
7.439000000000000057e-01 -1.373045642281957771e+04
7.439999999999999947e-01 -1.373054742968658138e+04
7.440999999999999837e-01 -1.373046903458838642e+04
7.442000000000000837e-01 -1.373020713655710097e+04
7.443000000000000727e-01 -1.372973780791469471e+04
7.444000000000000616e-01 -1.372908109828650231e+04
7.445000000000000506e-01 -1.372821638667402840e+04
7.446000000000000396e-01 -1.372718612697629396e+04
7.447000000000000286e-01 -1.372614992845622874e+04
7.448000000000000176e-01 -1.372498568720078219e+04
7.449000000000000066e-01 -1.372383516276005867e+04
7.449999999999999956e-01 -1.372306097750892150e+04
7.450999999999999845e-01 -1.372271610770304505e+04
7.452000000000000846e-01 -1.372273080306727752e+04
7.453000000000000735e-01 -1.372313007336099326e+04
7.454000000000000625e-01 -1.372388958444559466e+04
7.455000000000000515e-01 -1.372503864749505919e+04
7.456000000000000405e-01 -1.372665086350275305e+04
7.457000000000000295e-01 -1.372865926735244648e+04
7.458000000000000185e-01 -1.373086331552211232e+04
7.459000000000000075e-01 -1.373311186956982419e+04
7.459999999999999964e-01 -1.373532422177183980e+04
7.460999999999999854e-01 -1.373743098914726943e+04
7.462000000000000854e-01 -1.373942715050254810e+04
7.463000000000000744e-01 -1.374137825147736658e+04
7.464000000000000634e-01 -1.374328253873258291e+04
7.465000000000000524e-01 -1.374519467073789201e+04
7.466000000000000414e-01 -1.374714992236006765e+04
7.467000000000000304e-01 -1.374920106304020555e+04
7.468000000000000194e-01 -1.375139440302385447e+04
7.469000000000000083e-01 -1.375361213233580384e+04
7.469999999999999973e-01 -1.375578680733956935e+04
7.470999999999999863e-01 -1.375788762997416961e+04
7.472000000000000863e-01 -1.375988174143767537e+04
7.473000000000000753e-01 -1.376178411166531623e+04
7.474000000000000643e-01 -1.376362713660623376e+04
7.475000000000000533e-01 -1.376534898736664945e+04
7.476000000000000423e-01 -1.376700988037692878e+04
7.477000000000000313e-01 -1.376869266429470372e+04
7.478000000000000203e-01 -1.377044590900054391e+04
7.479000000000000092e-01 -1.377229017885784742e+04
7.479999999999999982e-01 -1.377421906488221248e+04
7.480999999999999872e-01 -1.377621199881388748e+04
7.482000000000000872e-01 -1.377825602151494604e+04
7.483000000000000762e-01 -1.378031797492559235e+04
7.484000000000000652e-01 -1.378237453757717049e+04
7.485000000000000542e-01 -1.378442373593192133e+04
7.486000000000000432e-01 -1.378646824769809245e+04
7.487000000000000322e-01 -1.378850449399279205e+04
7.488000000000000211e-01 -1.379053482028720646e+04
7.489000000000000101e-01 -1.379255675764699845e+04
7.489999999999999991e-01 -1.379457854968259562e+04
7.490999999999999881e-01 -1.379659063957342005e+04
7.492000000000000881e-01 -1.379860041280055157e+04
7.493000000000000771e-01 -1.380059920921822959e+04
7.494000000000000661e-01 -1.380259619468199890e+04
7.495000000000000551e-01 -1.380459218266140851e+04
7.496000000000000441e-01 -1.380658840164527828e+04
7.497000000000000330e-01 -1.380858627326246824e+04
7.498000000000000220e-01 -1.381058302335899862e+04
7.499000000000000110e-01 -1.381258624241563666e+04
7.500000000000000000e-01 -1.381459599370205615e+04
7.500999999999999890e-01 -1.381835745497229072e+04
7.502000000000000890e-01 -1.382354316623413251e+04
7.503000000000000780e-01 -1.382952007750629855e+04
7.504000000000000670e-01 -1.383606192340925372e+04
7.505000000000000560e-01 -1.384321331352928064e+04
7.506000000000000449e-01 -1.385106046253196655e+04
7.507000000000000339e-01 -1.385968971806933405e+04
7.508000000000000229e-01 -1.386882693253416437e+04
7.509000000000000119e-01 -1.387853293762829344e+04
7.510000000000000009e-01 -1.388864710203051982e+04
7.510999999999999899e-01 -1.389876742089136314e+04
7.512000000000000899e-01 -1.390590074208793158e+04
7.513000000000000789e-01 -1.390989992969886043e+04
7.514000000000000679e-01 -1.391212008695340410e+04
7.515000000000000568e-01 -1.391342436629289841e+04
7.516000000000000458e-01 -1.391428698156334576e+04
7.517000000000000348e-01 -1.391504734974209350e+04
7.518000000000000238e-01 -1.391556487277579618e+04
7.519000000000000128e-01 -1.391631513687285769e+04
7.520000000000000018e-01 -1.391825353749568785e+04
7.520999999999999908e-01 -1.392054692858949238e+04
7.522000000000000908e-01 -1.392291544625049391e+04
7.523000000000000798e-01 -1.392535732498116340e+04
7.524000000000000687e-01 -1.392740049194563107e+04
7.525000000000000577e-01 -1.392905621109301137e+04
7.526000000000000467e-01 -1.393043768667945733e+04
7.527000000000000357e-01 -1.393162310103079653e+04
7.528000000000000247e-01 -1.393267165426460269e+04
7.529000000000000137e-01 -1.393361725166287033e+04
7.530000000000000027e-01 -1.393441058624764628e+04
7.530999999999999917e-01 -1.393505776541575324e+04
7.531999999999999806e-01 -1.393560053765438897e+04
7.533000000000000806e-01 -1.393608204599790042e+04
7.534000000000000696e-01 -1.393651067018720278e+04
7.535000000000000586e-01 -1.393685061711849630e+04
7.536000000000000476e-01 -1.393705360693854345e+04
7.537000000000000366e-01 -1.393707416493839810e+04
7.538000000000000256e-01 -1.393689653698180337e+04
7.539000000000000146e-01 -1.393655310806772650e+04
7.540000000000000036e-01 -1.393609737545334247e+04
7.540999999999999925e-01 -1.393548769921182065e+04
7.541999999999999815e-01 -1.393473431474588870e+04
7.543000000000000815e-01 -1.393382224512604262e+04
7.544000000000000705e-01 -1.393277024654445449e+04
7.545000000000000595e-01 -1.393165233778115726e+04
7.546000000000000485e-01 -1.393051692566268139e+04
7.547000000000000375e-01 -1.392951352943096754e+04
7.548000000000000265e-01 -1.392899238394488930e+04
7.549000000000000155e-01 -1.392906168138463727e+04
7.550000000000000044e-01 -1.392967881557327382e+04
7.550999999999999934e-01 -1.393075146639050945e+04
7.551999999999999824e-01 -1.393216844739866792e+04
7.553000000000000824e-01 -1.393390888489585814e+04
7.554000000000000714e-01 -1.393598030498655135e+04
7.555000000000000604e-01 -1.393825014212668248e+04
7.556000000000000494e-01 -1.394057884811334225e+04
7.557000000000000384e-01 -1.394285618875103864e+04
7.558000000000000274e-01 -1.394503668008293971e+04
7.559000000000000163e-01 -1.394713066953844100e+04
7.560000000000000053e-01 -1.394913127562080990e+04
7.560999999999999943e-01 -1.395103705821228868e+04
7.561999999999999833e-01 -1.395287237644237393e+04
7.563000000000000833e-01 -1.395469992003252264e+04
7.564000000000000723e-01 -1.395662497215472831e+04
7.565000000000000613e-01 -1.395877033808626038e+04
7.566000000000000503e-01 -1.396101185844684369e+04
7.567000000000000393e-01 -1.396323360591121673e+04
7.568000000000000282e-01 -1.396538597327402931e+04
7.569000000000000172e-01 -1.396746328123317653e+04
7.570000000000000062e-01 -1.396949533787065411e+04
7.570999999999999952e-01 -1.397149438972622738e+04
7.571999999999999842e-01 -1.397346075799478785e+04
7.573000000000000842e-01 -1.397539472660635147e+04
7.574000000000000732e-01 -1.397730508327673488e+04
7.575000000000000622e-01 -1.397921798944611328e+04
7.576000000000000512e-01 -1.398114654778144904e+04
7.577000000000000401e-01 -1.398309468256661967e+04
7.578000000000000291e-01 -1.398506505061136522e+04
7.579000000000000181e-01 -1.398705563007249293e+04
7.580000000000000071e-01 -1.398908128453681638e+04
7.580999999999999961e-01 -1.399114923017631554e+04
7.581999999999999851e-01 -1.399324264794538249e+04
7.583000000000000851e-01 -1.399534529898647997e+04
7.584000000000000741e-01 -1.399744709317544766e+04
7.585000000000000631e-01 -1.399954291647336504e+04
7.586000000000000520e-01 -1.400163577142848408e+04
7.587000000000000410e-01 -1.400371687054358517e+04
7.588000000000000300e-01 -1.400578351653387472e+04
7.589000000000000190e-01 -1.400784073882506709e+04
7.590000000000000080e-01 -1.400989190159118152e+04
7.590999999999999970e-01 -1.401193914523996500e+04
7.591999999999999860e-01 -1.401398498181507057e+04
7.593000000000000860e-01 -1.401603307715121264e+04
7.594000000000000750e-01 -1.401807659304712251e+04
7.595000000000000639e-01 -1.402012164955759908e+04
7.596000000000000529e-01 -1.402217082495627619e+04
7.597000000000000419e-01 -1.402422587483487587e+04
7.598000000000000309e-01 -1.402628208868547335e+04
7.599000000000000199e-01 -1.402833806054455818e+04
7.600000000000000089e-01 -1.403039489288554432e+04
7.600999999999999979e-01 -1.403246848669887549e+04
7.601999999999999869e-01 -1.403458925458129124e+04
7.603000000000000869e-01 -1.403675969186868315e+04
7.604000000000000759e-01 -1.403897495940770386e+04
7.605000000000000648e-01 -1.404122626705054790e+04
7.606000000000000538e-01 -1.404350300333891937e+04
7.607000000000000428e-01 -1.404579770799097241e+04
7.608000000000000318e-01 -1.404810708801948203e+04
7.609000000000000208e-01 -1.405042772594437884e+04
7.610000000000000098e-01 -1.405275672446271892e+04
7.610999999999999988e-01 -1.405509155291569732e+04
7.611999999999999877e-01 -1.405742926049010384e+04
7.613000000000000878e-01 -1.405976582705477267e+04
7.614000000000000767e-01 -1.406210060508347124e+04
7.615000000000000657e-01 -1.406443343288720280e+04
7.616000000000000547e-01 -1.406676467780376151e+04
7.617000000000000437e-01 -1.406909551035970617e+04
7.618000000000000327e-01 -1.407143033644297611e+04
7.619000000000000217e-01 -1.407377096158216591e+04
7.620000000000000107e-01 -1.407611704438074230e+04
7.620999999999999996e-01 -1.407846743448568668e+04
7.621999999999999886e-01 -1.408081742890854366e+04
7.623000000000000886e-01 -1.408316561896789426e+04
7.624000000000000776e-01 -1.408551315727148722e+04
7.625000000000000666e-01 -1.408785353274787485e+04
7.626000000000000556e-01 -1.409019818946802843e+04
7.627000000000000446e-01 -1.409254518984704373e+04
7.628000000000000336e-01 -1.409489481330085982e+04
7.629000000000000226e-01 -1.409724517031842333e+04
7.630000000000000115e-01 -1.409959454963147073e+04
7.631000000000000005e-01 -1.410194239486708830e+04
7.631999999999999895e-01 -1.410428753775211044e+04
7.633000000000000895e-01 -1.410662873500255955e+04
7.634000000000000785e-01 -1.410897300654695573e+04
7.635000000000000675e-01 -1.411131927095890023e+04
7.636000000000000565e-01 -1.411366693242742804e+04
7.637000000000000455e-01 -1.411601583934454902e+04
7.638000000000000345e-01 -1.411836603502998332e+04
7.639000000000000234e-01 -1.412071753004586026e+04
7.640000000000000124e-01 -1.412307683046289640e+04
7.641000000000000014e-01 -1.412544500771717321e+04
7.641999999999999904e-01 -1.412782020846572050e+04
7.643000000000000904e-01 -1.413020174669931112e+04
7.644000000000000794e-01 -1.413259026959297989e+04
7.645000000000000684e-01 -1.413498483572397345e+04
7.646000000000000574e-01 -1.413738486254073359e+04
7.647000000000000464e-01 -1.413979020169176692e+04
7.648000000000000353e-01 -1.414220118070444551e+04
7.649000000000000243e-01 -1.414461730666709809e+04
7.650000000000000133e-01 -1.414703825241097911e+04
7.651000000000000023e-01 -1.414946301360659709e+04
7.651999999999999913e-01 -1.415189153456086933e+04
7.653000000000000913e-01 -1.415432485336953869e+04
7.654000000000000803e-01 -1.415676563758509837e+04
7.655000000000000693e-01 -1.415921315713431977e+04
7.656000000000000583e-01 -1.416167309497374663e+04
7.657000000000000473e-01 -1.416415140491235434e+04
7.658000000000000362e-01 -1.416664931712663929e+04
7.659000000000000252e-01 -1.416916602745862110e+04
7.660000000000000142e-01 -1.417170029719808372e+04
7.661000000000000032e-01 -1.417425176465138065e+04
7.661999999999999922e-01 -1.417682067238204399e+04
7.663000000000000922e-01 -1.417940596574135816e+04
7.664000000000000812e-01 -1.418200657943746774e+04
7.665000000000000702e-01 -1.418462181175844671e+04
7.666000000000000592e-01 -1.418725130292163522e+04
7.667000000000000481e-01 -1.418989509897097014e+04
7.668000000000000371e-01 -1.419255441384805818e+04
7.669000000000000261e-01 -1.419522987628427109e+04
7.670000000000000151e-01 -1.419792162072019892e+04
7.671000000000000041e-01 -1.420063045907396918e+04
7.671999999999999931e-01 -1.420335915826171731e+04
7.672999999999999821e-01 -1.420612000273640479e+04
7.674000000000000821e-01 -1.420893370131678239e+04
7.675000000000000711e-01 -1.421182121295311845e+04
7.676000000000000600e-01 -1.421479132824646331e+04
7.677000000000000490e-01 -1.421784182625580615e+04
7.678000000000000380e-01 -1.422097302539554948e+04
7.679000000000000270e-01 -1.422419605133588448e+04
7.680000000000000160e-01 -1.422752405430518047e+04
7.681000000000000050e-01 -1.423096763582287713e+04
7.681999999999999940e-01 -1.423453724088360286e+04
7.682999999999999829e-01 -1.423825579169025877e+04
7.684000000000000830e-01 -1.424215454468257121e+04
7.685000000000000719e-01 -1.424626312486342067e+04
7.686000000000000609e-01 -1.425059365598939621e+04
7.687000000000000499e-01 -1.425522332765802639e+04
7.688000000000000389e-01 -1.426021939801742701e+04
7.689000000000000279e-01 -1.426557594583178616e+04
7.690000000000000169e-01 -1.427133799205907417e+04
7.691000000000000059e-01 -1.427748222612174322e+04
7.691999999999999948e-01 -1.428388935942380340e+04
7.692999999999999838e-01 -1.428896863497771301e+04
7.694000000000000838e-01 -1.429187443687830091e+04
7.695000000000000728e-01 -1.429364057242603121e+04
7.696000000000000618e-01 -1.429517632608547501e+04
7.697000000000000508e-01 -1.429718503351634536e+04
7.698000000000000398e-01 -1.429956381818832051e+04
7.699000000000000288e-01 -1.430183882836841985e+04
7.700000000000000178e-01 -1.430395293161191876e+04
7.701000000000000068e-01 -1.430598088660397480e+04
7.701999999999999957e-01 -1.430799760267340207e+04
7.702999999999999847e-01 -1.431005280761467293e+04
7.704000000000000847e-01 -1.431217195072748473e+04
7.705000000000000737e-01 -1.431436008152478826e+04
7.706000000000000627e-01 -1.431660875490544277e+04
7.707000000000000517e-01 -1.431890212262036039e+04
7.708000000000000407e-01 -1.432121890682946650e+04
7.709000000000000297e-01 -1.432353936896627420e+04
7.710000000000000187e-01 -1.432584941581189560e+04
7.711000000000000076e-01 -1.432814240643362791e+04
7.711999999999999966e-01 -1.433042145666773831e+04
7.712999999999999856e-01 -1.433270502627944006e+04
7.714000000000000856e-01 -1.433499889915489985e+04
7.715000000000000746e-01 -1.433730436690321949e+04
7.716000000000000636e-01 -1.433960995527213890e+04
7.717000000000000526e-01 -1.434190343065219895e+04
7.718000000000000416e-01 -1.434418688692780597e+04
7.719000000000000306e-01 -1.434644978424773399e+04
7.720000000000000195e-01 -1.434869937017356642e+04
7.721000000000000085e-01 -1.435094421274843444e+04
7.721999999999999975e-01 -1.435319158008757040e+04
7.722999999999999865e-01 -1.435544420321388861e+04
7.724000000000000865e-01 -1.435770167345805567e+04
7.725000000000000755e-01 -1.435996262074068545e+04
7.726000000000000645e-01 -1.436222577923174322e+04
7.727000000000000535e-01 -1.436449050073412582e+04
7.728000000000000425e-01 -1.436675638002504274e+04
7.729000000000000314e-01 -1.436902329688298596e+04
7.730000000000000204e-01 -1.437129094989307123e+04
7.731000000000000094e-01 -1.437355887993152101e+04
7.731999999999999984e-01 -1.437582700644205761e+04
7.732999999999999874e-01 -1.437809525221899639e+04
7.734000000000000874e-01 -1.438036360160841105e+04
7.735000000000000764e-01 -1.438263240829201823e+04
7.736000000000000654e-01 -1.438490194845546284e+04
7.737000000000000544e-01 -1.438717226013454820e+04
7.738000000000000433e-01 -1.438944329555524018e+04
7.739000000000000323e-01 -1.439171499292017688e+04
7.740000000000000213e-01 -1.439398729752956751e+04
7.741000000000000103e-01 -1.439626016249247732e+04
7.741999999999999993e-01 -1.439853354379443954e+04
7.742999999999999883e-01 -1.440080739565935983e+04
7.744000000000000883e-01 -1.440308166795927900e+04
7.745000000000000773e-01 -1.440535630581791702e+04
7.746000000000000663e-01 -1.440763125108528584e+04
7.747000000000000552e-01 -1.440990631283090624e+04
7.748000000000000442e-01 -1.441218101651343204e+04
7.749000000000000332e-01 -1.441445526650618194e+04
7.750000000000000222e-01 -1.441672826206898753e+04
7.751000000000000112e-01 -1.441900043798158367e+04
7.752000000000000002e-01 -1.442127289657107576e+04
7.752999999999999892e-01 -1.442354619332201401e+04
7.754000000000000892e-01 -1.442582039727116717e+04
7.755000000000000782e-01 -1.442809543601994483e+04
7.756000000000000671e-01 -1.443037123016242003e+04
7.757000000000000561e-01 -1.443264772220599116e+04
7.758000000000000451e-01 -1.443492487600745517e+04
7.759000000000000341e-01 -1.443720266969819386e+04
7.760000000000000231e-01 -1.443948108893230710e+04
7.761000000000000121e-01 -1.444176012195852127e+04
7.762000000000000011e-01 -1.444403975642090518e+04
7.762999999999999901e-01 -1.444631998286899579e+04
7.764000000000000901e-01 -1.444860253365320023e+04
7.765000000000000790e-01 -1.445088841060514824e+04
7.766000000000000680e-01 -1.445317421189981906e+04
7.767000000000000570e-01 -1.445545859680979083e+04
7.768000000000000460e-01 -1.445774152362649147e+04
7.769000000000000350e-01 -1.446002329895485855e+04
7.770000000000000240e-01 -1.446230426455789711e+04
7.771000000000000130e-01 -1.446458471390647355e+04
7.772000000000000020e-01 -1.446686539411205376e+04
7.772999999999999909e-01 -1.446914535534992683e+04
7.774000000000000909e-01 -1.447142297626691288e+04
7.775000000000000799e-01 -1.447369771489396771e+04
7.776000000000000689e-01 -1.447597002943207372e+04
7.777000000000000579e-01 -1.447824054438416351e+04
7.778000000000000469e-01 -1.448050975760714027e+04
7.779000000000000359e-01 -1.448277677074816165e+04
7.780000000000000249e-01 -1.448504451901170614e+04
7.781000000000000139e-01 -1.448756002993734910e+04
7.782000000000000028e-01 -1.449029232789795060e+04
7.782999999999999918e-01 -1.449312011918286771e+04
7.784000000000000918e-01 -1.449628655031025301e+04
7.785000000000000808e-01 -1.449941512171176691e+04
7.786000000000000698e-01 -1.450236343250448408e+04
7.787000000000000588e-01 -1.450513154616938482e+04
7.788000000000000478e-01 -1.450775677592917782e+04
7.789000000000000368e-01 -1.451027979007952126e+04
7.790000000000000258e-01 -1.451272983964058767e+04
7.791000000000000147e-01 -1.451521251955366643e+04
7.792000000000000037e-01 -1.451776259099360323e+04
7.792999999999999927e-01 -1.452027498220728921e+04
7.794000000000000927e-01 -1.452271310824379543e+04
7.795000000000000817e-01 -1.452509326417547345e+04
7.796000000000000707e-01 -1.452758110772812324e+04
7.797000000000000597e-01 -1.453009119260685839e+04
7.798000000000000487e-01 -1.453252540697287986e+04
7.799000000000000377e-01 -1.453489916009573244e+04
7.800000000000000266e-01 -1.453723583188495468e+04
7.801000000000000156e-01 -1.453953431216768695e+04
7.802000000000000046e-01 -1.454177494124130135e+04
7.802999999999999936e-01 -1.454396252728139189e+04
7.803999999999999826e-01 -1.454610841233636529e+04
7.805000000000000826e-01 -1.454822320641599799e+04
7.806000000000000716e-01 -1.455031297523795729e+04
7.807000000000000606e-01 -1.455238375192326748e+04
7.808000000000000496e-01 -1.455444087186015713e+04
7.809000000000000385e-01 -1.455648801053638999e+04
7.810000000000000275e-01 -1.455852780084582810e+04
7.811000000000000165e-01 -1.456056277887926808e+04
7.812000000000000055e-01 -1.456259152805982740e+04
7.812999999999999945e-01 -1.456461445767910300e+04
7.813999999999999835e-01 -1.456663419551700827e+04
7.815000000000000835e-01 -1.456865251715136765e+04
7.816000000000000725e-01 -1.457067020009712905e+04
7.817000000000000615e-01 -1.457268722769442320e+04
7.818000000000000504e-01 -1.457469835632799368e+04
7.819000000000000394e-01 -1.457670842561726568e+04
7.820000000000000284e-01 -1.457871544219757743e+04
7.821000000000000174e-01 -1.458072110218762464e+04
7.822000000000000064e-01 -1.458272390066990374e+04
7.822999999999999954e-01 -1.458472349919113913e+04
7.823999999999999844e-01 -1.458672042834646709e+04
7.825000000000000844e-01 -1.458871537729501506e+04
7.826000000000000734e-01 -1.459070894901750944e+04
7.827000000000000624e-01 -1.459270157951928741e+04
7.828000000000000513e-01 -1.459469365094888963e+04
7.829000000000000403e-01 -1.459668824745521124e+04
7.830000000000000293e-01 -1.459868532708394196e+04
7.831000000000000183e-01 -1.460068329810294563e+04
7.832000000000000073e-01 -1.460268145571101195e+04
7.832999999999999963e-01 -1.460467923964618240e+04
7.833999999999999853e-01 -1.460667577300405173e+04
7.835000000000000853e-01 -1.460867238484544032e+04
7.836000000000000743e-01 -1.461066834941442357e+04
7.837000000000000632e-01 -1.461266338974938481e+04
7.838000000000000522e-01 -1.461465643947661374e+04
7.839000000000000412e-01 -1.461664719278524717e+04
7.840000000000000302e-01 -1.461863554591589127e+04
7.841000000000000192e-01 -1.462062059229207625e+04
7.842000000000000082e-01 -1.462260523493128858e+04
7.842999999999999972e-01 -1.462458755015302086e+04
7.843999999999999861e-01 -1.462656760403147564e+04
7.845000000000000862e-01 -1.462854559230808809e+04
7.846000000000000751e-01 -1.463052166255568773e+04
7.847000000000000641e-01 -1.463249593674639436e+04
7.848000000000000531e-01 -1.463446852637664415e+04
7.849000000000000421e-01 -1.463643958743956682e+04
7.850000000000000311e-01 -1.463841088609375947e+04
7.851000000000000201e-01 -1.464037971314562310e+04
7.852000000000000091e-01 -1.464234624178718332e+04
7.852999999999999980e-01 -1.464431132447742675e+04
7.853999999999999870e-01 -1.464627688929889337e+04
7.855000000000000870e-01 -1.464824463899980947e+04
7.856000000000000760e-01 -1.465021428765951532e+04
7.857000000000000650e-01 -1.465231826118357822e+04
7.858000000000000540e-01 -1.465506281060631045e+04
7.859000000000000430e-01 -1.465788151514442325e+04
7.860000000000000320e-01 -1.466047147458170730e+04
7.861000000000000210e-01 -1.466286749044074531e+04
7.862000000000000099e-01 -1.466513486218625076e+04
7.862999999999999989e-01 -1.466734578190481443e+04
7.863999999999999879e-01 -1.467020128200884392e+04
7.865000000000000879e-01 -1.467328591461717406e+04
7.866000000000000769e-01 -1.467612408168458933e+04
7.867000000000000659e-01 -1.467871735759135299e+04
7.868000000000000549e-01 -1.468114075287297783e+04
7.869000000000000439e-01 -1.468344724749093257e+04
7.870000000000000329e-01 -1.468566916971925275e+04
7.871000000000000218e-01 -1.468782485664921114e+04
7.872000000000000108e-01 -1.468992665585451141e+04
7.872999999999999998e-01 -1.469198434863100556e+04
7.873999999999999888e-01 -1.469400656373306265e+04
7.875000000000000888e-01 -1.469600041189966396e+04
7.876000000000000778e-01 -1.469797169834050510e+04
7.877000000000000668e-01 -1.469992538758652881e+04
7.878000000000000558e-01 -1.470186805104863015e+04
7.879000000000000448e-01 -1.470380115315343392e+04
7.880000000000000338e-01 -1.470572520231420276e+04
7.881000000000000227e-01 -1.470764358009814168e+04
7.882000000000000117e-01 -1.470955607357604094e+04
7.883000000000000007e-01 -1.471145940340504058e+04
7.883999999999999897e-01 -1.471335412465375884e+04
7.885000000000000897e-01 -1.471524179002364872e+04
7.886000000000000787e-01 -1.471712343462570971e+04
7.887000000000000677e-01 -1.471899971707804070e+04
7.888000000000000567e-01 -1.472087144821935544e+04
7.889000000000000457e-01 -1.472273898671143616e+04
7.890000000000000346e-01 -1.472460236467103823e+04
7.891000000000000236e-01 -1.472646142498596964e+04
7.892000000000000126e-01 -1.472831690245164646e+04
7.893000000000000016e-01 -1.473017919471172900e+04
7.893999999999999906e-01 -1.473204564810912052e+04
7.895000000000000906e-01 -1.473390783194614050e+04
7.896000000000000796e-01 -1.473575862918156236e+04
7.897000000000000686e-01 -1.473759342231317169e+04
7.898000000000000576e-01 -1.473941246415782189e+04
7.899000000000000465e-01 -1.474121815666668226e+04
7.900000000000000355e-01 -1.474302211243724014e+04
7.901000000000000245e-01 -1.474482176069104935e+04
7.902000000000000135e-01 -1.474672508052097510e+04
7.903000000000000025e-01 -1.474876809542853152e+04
7.903999999999999915e-01 -1.475082157458507754e+04
7.905000000000000915e-01 -1.475279283993723038e+04
7.906000000000000805e-01 -1.475466399530942545e+04
7.907000000000000695e-01 -1.475645417858781911e+04
7.908000000000000584e-01 -1.475819502641485633e+04
7.909000000000000474e-01 -1.475991801804158058e+04
7.910000000000000364e-01 -1.476164839201104405e+04
7.911000000000000254e-01 -1.476341664694929568e+04
7.912000000000000144e-01 -1.476529734052649837e+04
7.913000000000000034e-01 -1.476730622011147534e+04
7.913999999999999924e-01 -1.476938335193938292e+04
7.915000000000000924e-01 -1.477145163410346868e+04
7.916000000000000814e-01 -1.477346232572272675e+04
7.917000000000000703e-01 -1.477540794153316347e+04
7.918000000000000593e-01 -1.477730978346249321e+04
7.919000000000000483e-01 -1.477920040223678370e+04
7.920000000000000373e-01 -1.478110457135297656e+04
7.921000000000000263e-01 -1.478302845096123019e+04
7.922000000000000153e-01 -1.478496029825641017e+04
7.923000000000000043e-01 -1.478687558980890753e+04
7.923999999999999932e-01 -1.478875681519815225e+04
7.925000000000000933e-01 -1.479059688301748974e+04
7.926000000000000822e-01 -1.479238679111227611e+04
7.927000000000000712e-01 -1.479410888462386902e+04
7.928000000000000602e-01 -1.479573826446912062e+04
7.929000000000000492e-01 -1.479724758034114166e+04
7.930000000000000382e-01 -1.479861137616521592e+04
7.931000000000000272e-01 -1.479980545852123578e+04
7.932000000000000162e-01 -1.480080494268525399e+04
7.933000000000000052e-01 -1.480158497979372078e+04
7.933999999999999941e-01 -1.480213230505954743e+04
7.934999999999999831e-01 -1.480245458223275091e+04
7.936000000000000831e-01 -1.480255382234601166e+04
7.937000000000000721e-01 -1.480241298793528586e+04
7.938000000000000611e-01 -1.480201618750586931e+04
7.939000000000000501e-01 -1.480136676034289849e+04
7.940000000000000391e-01 -1.480054300922431685e+04
7.941000000000000281e-01 -1.479957971464220645e+04
7.942000000000000171e-01 -1.479848283801370417e+04
7.943000000000000060e-01 -1.479724186421094237e+04
7.943999999999999950e-01 -1.479591233757866576e+04
7.944999999999999840e-01 -1.479460216930422212e+04
7.946000000000000840e-01 -1.479330824363057036e+04
7.947000000000000730e-01 -1.479211559238906193e+04
7.948000000000000620e-01 -1.479155407094212023e+04
7.949000000000000510e-01 -1.479192383751365742e+04
7.950000000000000400e-01 -1.479303374212446215e+04
7.951000000000000290e-01 -1.479458342968433499e+04
7.952000000000000179e-01 -1.479635808988599820e+04
7.953000000000000069e-01 -1.479832301032885698e+04
7.953999999999999959e-01 -1.480041459485057749e+04
7.954999999999999849e-01 -1.480255931609424442e+04
7.956000000000000849e-01 -1.480474185476900311e+04
7.957000000000000739e-01 -1.480692023119566329e+04
7.958000000000000629e-01 -1.480903566726339159e+04
7.959000000000000519e-01 -1.481103686739416844e+04
7.960000000000000409e-01 -1.481301872105722032e+04
7.961000000000000298e-01 -1.481498461167260211e+04
7.962000000000000188e-01 -1.481694371012085867e+04
7.963000000000000078e-01 -1.481890466825180920e+04
7.963999999999999968e-01 -1.482090350727520308e+04
7.964999999999999858e-01 -1.482306427513146627e+04
7.966000000000000858e-01 -1.482538517356392913e+04
7.967000000000000748e-01 -1.482772159687360727e+04
7.968000000000000638e-01 -1.482999561670192088e+04
7.969000000000000528e-01 -1.483218376517322577e+04
7.970000000000000417e-01 -1.483429479562270717e+04
7.971000000000000307e-01 -1.483635103454792988e+04
7.972000000000000197e-01 -1.483836667879718334e+04
7.973000000000000087e-01 -1.484035797097464092e+04
7.973999999999999977e-01 -1.484233973532074560e+04
7.974999999999999867e-01 -1.484429917987800582e+04
7.976000000000000867e-01 -1.484622310391885185e+04
7.977000000000000757e-01 -1.484812470344130452e+04
7.978000000000000647e-01 -1.485001359748758114e+04
7.979000000000000536e-01 -1.485189736281911428e+04
7.980000000000000426e-01 -1.485379105577373412e+04
7.981000000000000316e-01 -1.485571038109481015e+04
7.982000000000000206e-01 -1.485764328622792527e+04
7.983000000000000096e-01 -1.485959378591972200e+04
7.983999999999999986e-01 -1.486155620971713324e+04
7.984999999999999876e-01 -1.486352933137719083e+04
7.986000000000000876e-01 -1.486552165403511390e+04
7.987000000000000766e-01 -1.486753818150866573e+04
7.988000000000000655e-01 -1.486957026902547659e+04
7.989000000000000545e-01 -1.487161419645258684e+04
7.990000000000000435e-01 -1.487366454343732948e+04
7.991000000000000325e-01 -1.487571257713844534e+04
7.992000000000000215e-01 -1.487776190725257948e+04
7.993000000000000105e-01 -1.487981198477841826e+04
7.993999999999999995e-01 -1.488186398371037285e+04
7.994999999999999885e-01 -1.488391839831326615e+04
7.996000000000000885e-01 -1.488596486944069875e+04
7.997000000000000774e-01 -1.488800950844732506e+04
7.998000000000000664e-01 -1.489005525344616399e+04
7.999000000000000554e-01 -1.489209885391681928e+04
8.000000000000000444e-01 -1.489414275584975985e+04
8.001000000000000334e-01 -1.489795654417152946e+04
8.002000000000000224e-01 -1.490292818197200359e+04
8.003000000000000114e-01 -1.490817517198605856e+04
8.004000000000000004e-01 -1.491371849306649892e+04
8.004999999999999893e-01 -1.491985368919302164e+04
8.006000000000000894e-01 -1.492682298333220569e+04
8.007000000000000783e-01 -1.493455109730204276e+04
8.008000000000000673e-01 -1.494291265623641084e+04
8.009000000000000563e-01 -1.495168379951994757e+04
8.010000000000000453e-01 -1.496090361500756990e+04
8.011000000000000343e-01 -1.497051476789718072e+04
8.012000000000000233e-01 -1.497905542565145515e+04
8.013000000000000123e-01 -1.498432443945476552e+04
8.014000000000000012e-01 -1.498713958446713877e+04
8.014999999999999902e-01 -1.498880132095803856e+04
8.016000000000000902e-01 -1.498996015075370269e+04
8.017000000000000792e-01 -1.499082141843732643e+04
8.018000000000000682e-01 -1.499164303448114697e+04
8.019000000000000572e-01 -1.499241700254889474e+04
8.020000000000000462e-01 -1.499408185132131803e+04
8.021000000000000352e-01 -1.499644544712184143e+04
8.022000000000000242e-01 -1.499873012171834307e+04
8.023000000000000131e-01 -1.500121088274913382e+04
8.024000000000000021e-01 -1.500342062196767984e+04
8.024999999999999911e-01 -1.500519267837857842e+04
8.026000000000000911e-01 -1.500663498486343451e+04
8.027000000000000801e-01 -1.500785985078901467e+04
8.028000000000000691e-01 -1.500895549321947510e+04
8.029000000000000581e-01 -1.500998339149436288e+04
8.030000000000000471e-01 -1.501096397355221052e+04
8.031000000000000361e-01 -1.501186069505448722e+04
8.032000000000000250e-01 -1.501264231973094866e+04
8.033000000000000140e-01 -1.501330664802192769e+04
8.034000000000000030e-01 -1.501385346771011064e+04
8.034999999999999920e-01 -1.501426948628041100e+04
8.036000000000000920e-01 -1.501452675682955669e+04
8.037000000000000810e-01 -1.501460215054718356e+04
8.038000000000000700e-01 -1.501450490500057094e+04
8.039000000000000590e-01 -1.501429660431337288e+04
8.040000000000000480e-01 -1.501398962935748568e+04
8.041000000000000369e-01 -1.501357116820260308e+04
8.042000000000000259e-01 -1.501303286870781267e+04
8.043000000000000149e-01 -1.501234908515116695e+04
8.044000000000000039e-01 -1.501159675085288291e+04
8.044999999999999929e-01 -1.501081661041125881e+04
8.046000000000000929e-01 -1.501000960383245911e+04
8.047000000000000819e-01 -1.500924470034502883e+04
8.048000000000000709e-01 -1.500881708547910057e+04
8.049000000000000599e-01 -1.500898410478160986e+04
8.050000000000000488e-01 -1.500969981088726126e+04
8.051000000000000378e-01 -1.501089217036254740e+04
8.052000000000000268e-01 -1.501239895600332056e+04
8.053000000000000158e-01 -1.501411240187143630e+04
8.054000000000000048e-01 -1.501595949903948895e+04
8.054999999999999938e-01 -1.501790391777833065e+04
8.056000000000000938e-01 -1.501990238524946471e+04
8.057000000000000828e-01 -1.502195526354301182e+04
8.058000000000000718e-01 -1.502404700824782412e+04
8.059000000000000608e-01 -1.502615435465474911e+04
8.060000000000000497e-01 -1.502824711552499139e+04
8.061000000000000387e-01 -1.503031703964154985e+04
8.062000000000000277e-01 -1.503237380045260943e+04
8.063000000000000167e-01 -1.503448252580977532e+04
8.064000000000000057e-01 -1.503667013887916619e+04
8.064999999999999947e-01 -1.503884568890144874e+04
8.065999999999999837e-01 -1.504098791032025474e+04
8.067000000000000837e-01 -1.504311433629041130e+04
8.068000000000000727e-01 -1.504523510014421845e+04
8.069000000000000616e-01 -1.504735486158326967e+04
8.070000000000000506e-01 -1.504947396388757079e+04
8.071000000000000396e-01 -1.505158544812388936e+04
8.072000000000000286e-01 -1.505367932522950468e+04
8.073000000000000176e-01 -1.505575291413901869e+04
8.074000000000000066e-01 -1.505780577129840458e+04
8.074999999999999956e-01 -1.505983723876586919e+04
8.075999999999999845e-01 -1.506184442541873614e+04
8.077000000000000846e-01 -1.506383195044861714e+04
8.078000000000000735e-01 -1.506579999761928775e+04
8.079000000000000625e-01 -1.506774933176999548e+04
8.080000000000000515e-01 -1.506968383775061920e+04
8.081000000000000405e-01 -1.507160709908337594e+04
8.082000000000000295e-01 -1.507352180317804232e+04
8.083000000000000185e-01 -1.507542983278781139e+04
8.084000000000000075e-01 -1.507733492949209358e+04
8.084999999999999964e-01 -1.507924431313560854e+04
8.085999999999999854e-01 -1.508114937572971940e+04
8.087000000000000854e-01 -1.508307741039409302e+04
8.088000000000000744e-01 -1.508502746868904069e+04
8.089000000000000634e-01 -1.508699649115432658e+04
8.090000000000000524e-01 -1.508898508698091973e+04
8.091000000000000414e-01 -1.509099131861538626e+04
8.092000000000000304e-01 -1.509300980545812490e+04
8.093000000000000194e-01 -1.509503553858889427e+04
8.094000000000000083e-01 -1.509706560331358742e+04
8.094999999999999973e-01 -1.509909829412938416e+04
8.095999999999999863e-01 -1.510113235963670195e+04
8.097000000000000863e-01 -1.510316672363318139e+04
8.098000000000000753e-01 -1.510520042996166558e+04
8.099000000000000643e-01 -1.510723283427179013e+04
8.100000000000000533e-01 -1.510926395076273911e+04
8.101000000000000423e-01 -1.511130773007297103e+04
8.102000000000000313e-01 -1.511339834960327971e+04
8.103000000000000203e-01 -1.511553489753865324e+04
8.104000000000000092e-01 -1.511771154686504815e+04
8.104999999999999982e-01 -1.511991891062763898e+04
8.105999999999999872e-01 -1.512214594806793684e+04
8.107000000000000872e-01 -1.512438771197765709e+04
8.108000000000000762e-01 -1.512664116786445447e+04
8.109000000000000652e-01 -1.512890462553048019e+04
8.110000000000000542e-01 -1.513117670930240274e+04
8.111000000000000432e-01 -1.513345576948099733e+04
8.112000000000000322e-01 -1.513574024920719239e+04
8.113000000000000211e-01 -1.513802893739407409e+04
8.114000000000000101e-01 -1.514032084551517437e+04
8.114999999999999991e-01 -1.514261159596334619e+04
8.115999999999999881e-01 -1.514490433456177016e+04
8.117000000000000881e-01 -1.514720152623308786e+04
8.118000000000000771e-01 -1.514949873119371114e+04
8.119000000000000661e-01 -1.515179473440636320e+04
8.120000000000000551e-01 -1.515408954737831482e+04
8.121000000000000441e-01 -1.515638374162018226e+04
8.122000000000000330e-01 -1.515867997778515746e+04
8.123000000000000220e-01 -1.516097879524367454e+04
8.124000000000000110e-01 -1.516327517895507299e+04
8.125000000000000000e-01 -1.516557716534336214e+04
8.125999999999999890e-01 -1.516788548243441437e+04
8.127000000000000890e-01 -1.517019930780125651e+04
8.128000000000000780e-01 -1.517251787437915118e+04
8.129000000000000670e-01 -1.517484066250779688e+04
8.130000000000000560e-01 -1.517716736631880667e+04
8.131000000000000449e-01 -1.517949773265741896e+04
8.132000000000000339e-01 -1.518182852422145697e+04
8.133000000000000229e-01 -1.518416254223272153e+04
8.134000000000000119e-01 -1.518650226414775898e+04
8.135000000000000009e-01 -1.518884731827376709e+04
8.135999999999999899e-01 -1.519119715609814375e+04
8.137000000000000899e-01 -1.519355158583906086e+04
8.138000000000000789e-01 -1.519591087908682493e+04
8.139000000000000679e-01 -1.519827334767313914e+04
8.140000000000000568e-01 -1.520063783338353460e+04
8.141000000000000458e-01 -1.520300381590455981e+04
8.142000000000000348e-01 -1.520537103798291537e+04
8.143000000000000238e-01 -1.520773931631650703e+04
8.144000000000000128e-01 -1.521010848885003361e+04
8.145000000000000018e-01 -1.521247841767038153e+04
8.145999999999999908e-01 -1.521484899730845427e+04
8.147000000000000908e-01 -1.521722017339133527e+04
8.148000000000000798e-01 -1.521959196037807669e+04
8.149000000000000687e-01 -1.522196445917142228e+04
8.150000000000000577e-01 -1.522433788330047173e+04
8.151000000000000467e-01 -1.522671262539537383e+04
8.152000000000000357e-01 -1.522909002023908579e+04
8.153000000000000247e-01 -1.523147289399379952e+04
8.154000000000000137e-01 -1.523386360039466672e+04
8.155000000000000027e-01 -1.523626710432029358e+04
8.155999999999999917e-01 -1.523869018516670440e+04
8.157000000000000917e-01 -1.524113434360096107e+04
8.158000000000000806e-01 -1.524360144190969368e+04
8.159000000000000696e-01 -1.524609188913937032e+04
8.160000000000000586e-01 -1.524860403495008177e+04
8.161000000000000476e-01 -1.525113646118339238e+04
8.162000000000000366e-01 -1.525368813068797317e+04
8.163000000000000256e-01 -1.525625825640987932e+04
8.164000000000000146e-01 -1.525884627536876724e+04
8.165000000000000036e-01 -1.526145187076273396e+04
8.165999999999999925e-01 -1.526407505411659258e+04
8.167000000000000925e-01 -1.526671823358270194e+04
8.168000000000000815e-01 -1.526938988995551699e+04
8.169000000000000705e-01 -1.527210026813754484e+04
8.170000000000000595e-01 -1.527486066213535378e+04
8.171000000000000485e-01 -1.527767498643705949e+04
8.172000000000000375e-01 -1.528054206364626771e+04
8.173000000000000265e-01 -1.528346921936810213e+04
8.174000000000000155e-01 -1.528647497171299437e+04
8.175000000000000044e-01 -1.528957053580111278e+04
8.175999999999999934e-01 -1.529276015978799842e+04
8.177000000000000934e-01 -1.529604640385161110e+04
8.178000000000000824e-01 -1.529943307265125986e+04
8.179000000000000714e-01 -1.530292675056704320e+04
8.180000000000000604e-01 -1.530653901187751580e+04
8.181000000000000494e-01 -1.531029617073444206e+04
8.182000000000000384e-01 -1.531423096559090482e+04
8.183000000000000274e-01 -1.531833965045626610e+04
8.184000000000000163e-01 -1.532266927652546110e+04
8.185000000000000053e-01 -1.532725079425353215e+04
8.185999999999999943e-01 -1.533210742346401457e+04
8.187000000000000943e-01 -1.533720196900419251e+04
8.188000000000000833e-01 -1.534260478652583333e+04
8.189000000000000723e-01 -1.534838489817542541e+04
8.190000000000000613e-01 -1.535422629387517009e+04
8.191000000000000503e-01 -1.535879607218286037e+04
8.192000000000000393e-01 -1.536171223618502881e+04
8.193000000000000282e-01 -1.536391076013692327e+04
8.194000000000000172e-01 -1.536598038253820414e+04
8.195000000000000062e-01 -1.536798670852344185e+04
8.195999999999999952e-01 -1.536989223563960877e+04
8.196999999999999842e-01 -1.537175380485304777e+04
8.198000000000000842e-01 -1.537363501225219807e+04
8.199000000000000732e-01 -1.537557455711864532e+04
8.200000000000000622e-01 -1.537758497177574100e+04
8.201000000000000512e-01 -1.537967071422412482e+04
8.202000000000000401e-01 -1.538183297775708706e+04
8.203000000000000291e-01 -1.538406344302448269e+04
8.204000000000000181e-01 -1.538634609271852241e+04
8.205000000000000071e-01 -1.538866010324495619e+04
8.205999999999999961e-01 -1.539098211041552167e+04
8.206999999999999851e-01 -1.539329691856235331e+04
8.208000000000000851e-01 -1.539560173445971850e+04
8.209000000000000741e-01 -1.539789100562850945e+04
8.210000000000000631e-01 -1.540016108743379482e+04
8.211000000000000520e-01 -1.540241097822227857e+04
8.212000000000000410e-01 -1.540464439416182904e+04
8.213000000000000300e-01 -1.540686974108096729e+04
8.214000000000000190e-01 -1.540909263412031214e+04
8.215000000000000080e-01 -1.541131606036629273e+04
8.215999999999999970e-01 -1.541354167611071352e+04
8.216999999999999860e-01 -1.541577004766501705e+04
8.218000000000000860e-01 -1.541800103466391920e+04
8.219000000000000750e-01 -1.542023403861072075e+04
8.220000000000000639e-01 -1.542246830059702734e+04
8.221000000000000529e-01 -1.542470443734865512e+04
8.222000000000000419e-01 -1.542694146411956717e+04
8.223000000000000309e-01 -1.542917735263615577e+04
8.224000000000000199e-01 -1.543141177252952548e+04
8.225000000000000089e-01 -1.543364486444386421e+04
8.225999999999999979e-01 -1.543587668455380481e+04
8.226999999999999869e-01 -1.543810735360703620e+04
8.228000000000000869e-01 -1.544033710766244258e+04
8.229000000000000759e-01 -1.544256629542518931e+04
8.230000000000000648e-01 -1.544479526675590751e+04
8.231000000000000538e-01 -1.544702585627569351e+04
8.232000000000000428e-01 -1.544925849933056270e+04
8.233000000000000318e-01 -1.545149227335490650e+04
8.234000000000000208e-01 -1.545372689733480547e+04
8.235000000000000098e-01 -1.545596223343830934e+04
8.235999999999999988e-01 -1.545819799313253861e+04
8.236999999999999877e-01 -1.546043376838112454e+04
8.238000000000000878e-01 -1.546266922242285364e+04
8.239000000000000767e-01 -1.546490413867014104e+04
8.240000000000000657e-01 -1.546713818865805297e+04
8.241000000000000547e-01 -1.546937122109994380e+04
8.242000000000000437e-01 -1.547160317605370437e+04
8.243000000000000327e-01 -1.547383387751463306e+04
8.244000000000000217e-01 -1.547606354603761065e+04
8.245000000000000107e-01 -1.547829252481582625e+04
8.245999999999999996e-01 -1.548052113571648624e+04
8.246999999999999886e-01 -1.548274954159105619e+04
8.248000000000000886e-01 -1.548497777949859301e+04
8.249000000000000776e-01 -1.548720583688230727e+04
8.250000000000000666e-01 -1.548943369874183009e+04
8.251000000000000556e-01 -1.549166140177966008e+04
8.252000000000000446e-01 -1.549388901096744121e+04
8.253000000000000336e-01 -1.549611653581722203e+04
8.254000000000000226e-01 -1.549834381830658822e+04
8.255000000000000115e-01 -1.550057004315546510e+04
8.256000000000000005e-01 -1.550279642255766157e+04
8.256999999999999895e-01 -1.550502347505580656e+04
8.258000000000000895e-01 -1.550725113292031892e+04
8.259000000000000785e-01 -1.550947923942187481e+04
8.260000000000000675e-01 -1.551170736438714630e+04
8.261000000000000565e-01 -1.551393592935736342e+04
8.262000000000000455e-01 -1.551616588400443834e+04
8.263000000000000345e-01 -1.551839725567179448e+04
8.264000000000000234e-01 -1.552062971067681792e+04
8.265000000000000124e-01 -1.552286284679547862e+04
8.266000000000000014e-01 -1.552509632079966832e+04
8.266999999999999904e-01 -1.552732989346594695e+04
8.268000000000000904e-01 -1.552956342841870901e+04
8.269000000000000794e-01 -1.553179686716296965e+04
8.270000000000000684e-01 -1.553403019144517020e+04
8.271000000000000574e-01 -1.553626342331301021e+04
8.272000000000000464e-01 -1.553849659293224613e+04
8.273000000000000353e-01 -1.554072970795661604e+04
8.274000000000000243e-01 -1.554296275713111754e+04
8.275000000000000133e-01 -1.554519573689378376e+04
8.276000000000000023e-01 -1.554742864389154238e+04
8.276999999999999913e-01 -1.554966164609669613e+04
8.278000000000000913e-01 -1.555189628460664608e+04
8.279000000000000803e-01 -1.555412964258671127e+04
8.280000000000000693e-01 -1.555636206499645050e+04
8.281000000000000583e-01 -1.555859452757841791e+04
8.282000000000000473e-01 -1.556082694772730429e+04
8.283000000000000362e-01 -1.556305842876937459e+04
8.284000000000000252e-01 -1.556528795425502904e+04
8.285000000000000142e-01 -1.556751506779794545e+04
8.286000000000000032e-01 -1.556974018673750288e+04
8.286999999999999922e-01 -1.557196383509809311e+04
8.288000000000000922e-01 -1.557418649611847286e+04
8.289000000000000812e-01 -1.557640856105979765e+04
8.290000000000000702e-01 -1.557863030853382588e+04
8.291000000000000592e-01 -1.558085162801777551e+04
8.292000000000000481e-01 -1.558307172633970913e+04
8.293000000000000371e-01 -1.558528986585593884e+04
8.294000000000000261e-01 -1.558750610386341395e+04
8.295000000000000151e-01 -1.558972095366045869e+04
8.296000000000000041e-01 -1.559193483760683557e+04
8.296999999999999931e-01 -1.559414801705832360e+04
8.298000000000000931e-01 -1.559636063345125694e+04
8.299000000000000821e-01 -1.559857275720175494e+04
8.300000000000000711e-01 -1.560078442727144829e+04
8.301000000000000600e-01 -1.560298248944897387e+04
8.302000000000000490e-01 -1.560513940975740479e+04
8.303000000000000380e-01 -1.560725883644759051e+04
8.304000000000000270e-01 -1.560935106414906659e+04
8.305000000000000160e-01 -1.561142423535768830e+04
8.306000000000000050e-01 -1.561348385950707961e+04
8.306999999999999940e-01 -1.561553399041645935e+04
8.308000000000000940e-01 -1.561757741098714359e+04
8.309000000000000830e-01 -1.561961558453241014e+04
8.310000000000000719e-01 -1.562164958551599375e+04
8.311000000000000609e-01 -1.562368029735258096e+04
8.312000000000000499e-01 -1.562570844920523632e+04
8.313000000000000389e-01 -1.562773461358344503e+04
8.314000000000000279e-01 -1.562975909562748529e+04
8.315000000000000169e-01 -1.563178152345071612e+04
8.316000000000000059e-01 -1.563380124901021918e+04
8.316999999999999948e-01 -1.563581868695830781e+04
8.318000000000000949e-01 -1.563783442689930052e+04
8.319000000000000838e-01 -1.563984868392625140e+04
8.320000000000000728e-01 -1.564186154834093031e+04
8.321000000000000618e-01 -1.564387316146240300e+04
8.322000000000000508e-01 -1.564588364356591592e+04
8.323000000000000398e-01 -1.564789310376337016e+04
8.324000000000000288e-01 -1.564990165122586404e+04
8.325000000000000178e-01 -1.565190937069542997e+04
8.326000000000000068e-01 -1.565391629017102605e+04
8.326999999999999957e-01 -1.565592196969014549e+04
8.327999999999999847e-01 -1.565792602368779262e+04
8.329000000000000847e-01 -1.565992828685008681e+04
8.330000000000000737e-01 -1.566192894362177140e+04
8.331000000000000627e-01 -1.566392823864117054e+04
8.332000000000000517e-01 -1.566592742119935428e+04
8.333000000000000407e-01 -1.566792470245707045e+04
8.334000000000000297e-01 -1.566992049650161789e+04
8.335000000000000187e-01 -1.567191537468322167e+04
8.336000000000000076e-01 -1.567390942922640897e+04
8.336999999999999966e-01 -1.567590268919113805e+04
8.337999999999999856e-01 -1.567789520800600076e+04
8.339000000000000856e-01 -1.567988695612646552e+04
8.340000000000000746e-01 -1.568187835786048527e+04
8.341000000000000636e-01 -1.568387060979712078e+04
8.342000000000000526e-01 -1.568586377608720613e+04
8.343000000000000416e-01 -1.568785761250491487e+04
8.344000000000000306e-01 -1.568985189422728217e+04
8.345000000000000195e-01 -1.569184648625565023e+04
8.346000000000000085e-01 -1.569384166790819836e+04
8.346999999999999975e-01 -1.569583826664674962e+04
8.347999999999999865e-01 -1.569783707840222087e+04
8.349000000000000865e-01 -1.569983885802862642e+04
8.350000000000000755e-01 -1.570184295431133069e+04
8.351000000000000645e-01 -1.570384839173880937e+04
8.352000000000000535e-01 -1.570585437107945472e+04
8.353000000000000425e-01 -1.570785953071594304e+04
8.354000000000000314e-01 -1.570986397816041608e+04
8.355000000000000204e-01 -1.571186830445670421e+04
8.356000000000000094e-01 -1.571387257760730608e+04
8.356999999999999984e-01 -1.571587670461400739e+04
8.357999999999999874e-01 -1.571788038837017848e+04
8.359000000000000874e-01 -1.571988391680720633e+04
8.360000000000000764e-01 -1.572188773175133247e+04
8.361000000000000654e-01 -1.572389158394767219e+04
8.362000000000000544e-01 -1.572589416574302777e+04
8.363000000000000433e-01 -1.572789408438040300e+04
8.364000000000000323e-01 -1.572989160290343716e+04
8.365000000000000213e-01 -1.573188741043063965e+04
8.366000000000000103e-01 -1.573388224397474733e+04
8.366999999999999993e-01 -1.573587749751542833e+04
8.367999999999999883e-01 -1.573787576388289563e+04
8.369000000000000883e-01 -1.573987014366042968e+04
8.370000000000000773e-01 -1.574186310792135373e+04
8.371000000000000663e-01 -1.574385617205490962e+04
8.372000000000000552e-01 -1.574584967353995125e+04
8.373000000000000442e-01 -1.574784318251955483e+04
8.374000000000000332e-01 -1.574984071587935796e+04
8.375000000000000222e-01 -1.575183473747676362e+04
8.376000000000000112e-01 -1.575383051634951153e+04
8.377000000000000002e-01 -1.575583459596019929e+04
8.377999999999999892e-01 -1.575784960424476049e+04
8.379000000000000892e-01 -1.575987042718709381e+04
8.380000000000000782e-01 -1.576188796242353419e+04
8.381000000000000671e-01 -1.576389912254207957e+04
8.382000000000000561e-01 -1.576590778681401389e+04
8.383000000000000451e-01 -1.576791684876165709e+04
8.384000000000000341e-01 -1.576992422725067991e+04
8.385000000000000231e-01 -1.577192989627391216e+04
8.386000000000000121e-01 -1.577393593043716464e+04
8.387000000000000011e-01 -1.577594238955081892e+04
8.387999999999999901e-01 -1.577794790456248847e+04
8.389000000000000901e-01 -1.577995049718060545e+04
8.390000000000000790e-01 -1.578194947083185252e+04
8.391000000000000680e-01 -1.578394494656200732e+04
8.392000000000000570e-01 -1.578593601734586809e+04
8.393000000000000460e-01 -1.578792099297280947e+04
8.394000000000000350e-01 -1.578990012489596666e+04
8.395000000000000240e-01 -1.579187440273377797e+04
8.396000000000000130e-01 -1.579384474476487412e+04
8.397000000000000020e-01 -1.579581189156712571e+04
8.397999999999999909e-01 -1.579777648081056941e+04
8.399000000000000909e-01 -1.579973909581977387e+04
8.400000000000000799e-01 -1.580170025763146987e+04
8.401000000000000689e-01 -1.580366038744060825e+04
8.402000000000000579e-01 -1.580561967777434438e+04
8.403000000000000469e-01 -1.580757799360177887e+04
8.404000000000000359e-01 -1.580953526123534721e+04
8.405000000000000249e-01 -1.581149150567428842e+04
8.406000000000000139e-01 -1.581344690003057258e+04
8.407000000000000028e-01 -1.581540155752864121e+04
8.407999999999999918e-01 -1.581735548639881745e+04
8.409000000000000918e-01 -1.581930863098929149e+04
8.410000000000000808e-01 -1.582126091843874383e+04
8.411000000000000698e-01 -1.582321228170399627e+04
8.412000000000000588e-01 -1.582516265982982259e+04
8.413000000000000478e-01 -1.582711198503695414e+04
8.414000000000000368e-01 -1.582906016090894263e+04
8.415000000000000258e-01 -1.583100699551475918e+04
8.416000000000000147e-01 -1.583295143819308578e+04
8.417000000000000037e-01 -1.583489204092753789e+04
8.417999999999999927e-01 -1.583682889543708916e+04
8.419000000000000927e-01 -1.583876265547016374e+04
8.420000000000000817e-01 -1.584069383110004674e+04
8.421000000000000707e-01 -1.584262261524775931e+04
8.422000000000000597e-01 -1.584454894487876845e+04
8.423000000000000487e-01 -1.584647257599915793e+04
8.424000000000000377e-01 -1.584839313213799505e+04
8.425000000000000266e-01 -1.585031057249269543e+04
8.426000000000000156e-01 -1.585222275617439482e+04
8.427000000000000046e-01 -1.585412110499658775e+04
8.427999999999999936e-01 -1.585599586327392899e+04
8.429000000000000936e-01 -1.585784102971835273e+04
8.430000000000000826e-01 -1.585965317120914915e+04
8.431000000000000716e-01 -1.586143180377578574e+04
8.432000000000000606e-01 -1.586318167421214639e+04
8.433000000000000496e-01 -1.586490286502212621e+04
8.434000000000000385e-01 -1.586658319633058454e+04
8.435000000000000275e-01 -1.586817177132321558e+04
8.436000000000000165e-01 -1.586950498898684964e+04
8.437000000000000055e-01 -1.587065666486202826e+04
8.437999999999999945e-01 -1.587177131068588642e+04
8.439000000000000945e-01 -1.587289009876467753e+04
8.440000000000000835e-01 -1.587398251907061058e+04
8.441000000000000725e-01 -1.587500815739478276e+04
8.442000000000000615e-01 -1.587593888040102138e+04
8.443000000000000504e-01 -1.587675653161284754e+04
8.444000000000000394e-01 -1.587745763481045469e+04
8.445000000000000284e-01 -1.587803634041106125e+04
8.446000000000000174e-01 -1.587848100136434005e+04
8.447000000000000064e-01 -1.587879393944585172e+04
8.447999999999999954e-01 -1.587901934263025396e+04
8.449000000000000954e-01 -1.587918318768983045e+04
8.450000000000000844e-01 -1.587927119884549029e+04
8.451000000000000734e-01 -1.587927706181919348e+04
8.452000000000000624e-01 -1.587923359995872488e+04
8.453000000000000513e-01 -1.587917224806964805e+04
8.454000000000000403e-01 -1.587916052540137571e+04
8.455000000000000293e-01 -1.587931959441222534e+04
8.456000000000000183e-01 -1.587977988766640919e+04
8.457000000000000073e-01 -1.588056447271119578e+04
8.457999999999999963e-01 -1.588159109453087149e+04
8.458999999999999853e-01 -1.588280328566846765e+04
8.460000000000000853e-01 -1.588421936345190989e+04
8.461000000000000743e-01 -1.588583762280367591e+04
8.462000000000000632e-01 -1.588760659338024197e+04
8.463000000000000522e-01 -1.588947576102585481e+04
8.464000000000000412e-01 -1.589141101682638146e+04
8.465000000000000302e-01 -1.589339150639111358e+04
8.466000000000000192e-01 -1.589540820916167104e+04
8.467000000000000082e-01 -1.589746532644682884e+04
8.467999999999999972e-01 -1.589954036466283651e+04
8.468999999999999861e-01 -1.590164637410689284e+04
8.470000000000000862e-01 -1.590376153386293117e+04
8.471000000000000751e-01 -1.590584819864529709e+04
8.472000000000000641e-01 -1.590794506791107597e+04
8.473000000000000531e-01 -1.591003583598517434e+04
8.474000000000000421e-01 -1.591211375442698409e+04
8.475000000000000311e-01 -1.591417048676748345e+04
8.476000000000000201e-01 -1.591621723913281676e+04
8.477000000000000091e-01 -1.591825877852425219e+04
8.477999999999999980e-01 -1.592028455277554895e+04
8.478999999999999870e-01 -1.592229931542811755e+04
8.480000000000000870e-01 -1.592430555309731790e+04
8.481000000000000760e-01 -1.592630251177378886e+04
8.482000000000000650e-01 -1.592829007069917861e+04
8.483000000000000540e-01 -1.593027400438255609e+04
8.484000000000000430e-01 -1.593225264396594503e+04
8.485000000000000320e-01 -1.593421589094145020e+04
8.486000000000000210e-01 -1.593600080530975538e+04
8.487000000000000099e-01 -1.593736311589387151e+04
8.487999999999999989e-01 -1.593866488661981930e+04
8.488999999999999879e-01 -1.594004590606724560e+04
8.490000000000000879e-01 -1.594152368901937552e+04
8.491000000000000769e-01 -1.594259529201241094e+04
8.492000000000000659e-01 -1.594311768835009752e+04
8.493000000000000549e-01 -1.594366265367840060e+04
8.494000000000000439e-01 -1.594440417355158934e+04
8.495000000000000329e-01 -1.594509950659747301e+04
8.496000000000000218e-01 -1.594576940582552743e+04
8.497000000000000108e-01 -1.594657296680596119e+04
8.497999999999999998e-01 -1.594751273764600410e+04
8.498999999999999888e-01 -1.594858957621769150e+04
8.500000000000000888e-01 -1.594951815107042057e+04
8.501000000000000778e-01 -1.595170501709675045e+04
8.502000000000000668e-01 -1.595526913127467378e+04
8.503000000000000558e-01 -1.595959817204528190e+04
8.504000000000000448e-01 -1.596455696750698007e+04
8.505000000000000338e-01 -1.597006918695191416e+04
8.506000000000000227e-01 -1.597631756574822612e+04
8.507000000000000117e-01 -1.598337692462834821e+04
8.508000000000000007e-01 -1.599106071537546268e+04
8.508999999999999897e-01 -1.599917851778874137e+04
8.510000000000000897e-01 -1.600784824101033519e+04
8.511000000000000787e-01 -1.601687878392385755e+04
8.512000000000000677e-01 -1.602595736261108868e+04
8.513000000000000567e-01 -1.603422153299612364e+04
8.514000000000000457e-01 -1.604141597463572361e+04
8.515000000000000346e-01 -1.604659884547500769e+04
8.516000000000000236e-01 -1.604953624310049236e+04
8.517000000000000126e-01 -1.605128156375460276e+04
8.518000000000000016e-01 -1.605238257336996503e+04
8.518999999999999906e-01 -1.605317264928899203e+04
8.520000000000000906e-01 -1.605390470876239124e+04
8.521000000000000796e-01 -1.605461094443064758e+04
8.522000000000000686e-01 -1.605514113749470926e+04
8.523000000000000576e-01 -1.605579331687151898e+04
8.524000000000000465e-01 -1.605816716971977257e+04
8.525000000000000355e-01 -1.606131141855900205e+04
8.526000000000000245e-01 -1.606410471821549800e+04
8.527000000000000135e-01 -1.606619258948517381e+04
8.528000000000000025e-01 -1.606775671516252987e+04
8.528999999999999915e-01 -1.606897643800727019e+04
8.530000000000000915e-01 -1.606992678851790697e+04
8.531000000000000805e-01 -1.607062238918560979e+04
8.532000000000000695e-01 -1.607107842719354812e+04
8.533000000000000584e-01 -1.607129764968468771e+04
8.534000000000000474e-01 -1.607127315232725778e+04
8.535000000000000364e-01 -1.607100160272001085e+04
8.536000000000000254e-01 -1.607048058885182036e+04
8.537000000000000144e-01 -1.606971144652580915e+04
8.538000000000000034e-01 -1.606867462828316457e+04
8.538999999999999924e-01 -1.606736647508976057e+04
8.540000000000000924e-01 -1.606585478113220961e+04
8.541000000000000814e-01 -1.606419410765448811e+04
8.542000000000000703e-01 -1.606231648797146590e+04
8.543000000000000593e-01 -1.606032836110201788e+04
8.544000000000000483e-01 -1.605842247634607702e+04
8.545000000000000373e-01 -1.605666317959463413e+04
8.546000000000000263e-01 -1.605523449765953046e+04
8.547000000000000153e-01 -1.605467108672063114e+04
8.548000000000000043e-01 -1.605517198690597797e+04
8.548999999999999932e-01 -1.605642487430917572e+04
8.550000000000000933e-01 -1.605821753100103342e+04
8.551000000000000822e-01 -1.606034954609097804e+04
8.552000000000000712e-01 -1.606272162067759382e+04
8.553000000000000602e-01 -1.606518452969335340e+04
8.554000000000000492e-01 -1.606770538936113553e+04
8.555000000000000382e-01 -1.607016445083674262e+04
8.556000000000000272e-01 -1.607250908845082813e+04
8.557000000000000162e-01 -1.607471425888988233e+04
8.558000000000000052e-01 -1.607674680967664972e+04
8.558999999999999941e-01 -1.607861903710926890e+04
8.560000000000000941e-01 -1.608037123890672592e+04
8.561000000000000831e-01 -1.608207078526609985e+04
8.562000000000000721e-01 -1.608377185543304404e+04
8.563000000000000611e-01 -1.608552179647683988e+04
8.564000000000000501e-01 -1.608736043061201053e+04
8.565000000000000391e-01 -1.608943823957836503e+04
8.566000000000000281e-01 -1.609168833720954717e+04
8.567000000000000171e-01 -1.609398789577017851e+04
8.568000000000000060e-01 -1.609623690793848800e+04
8.568999999999999950e-01 -1.609841259303708648e+04
8.570000000000000950e-01 -1.610052289352115804e+04
8.571000000000000840e-01 -1.610258347190012319e+04
8.572000000000000730e-01 -1.610462706774739308e+04
8.573000000000000620e-01 -1.610664189746948978e+04
8.574000000000000510e-01 -1.610862839042425003e+04
8.575000000000000400e-01 -1.611059937594405892e+04
8.576000000000000290e-01 -1.611256068229909943e+04
8.577000000000000179e-01 -1.611451601222932004e+04
8.578000000000000069e-01 -1.611647379327212548e+04
8.578999999999999959e-01 -1.611844497015086563e+04
8.580000000000000959e-01 -1.612043276736519874e+04
8.581000000000000849e-01 -1.612242283832750036e+04
8.582000000000000739e-01 -1.612440290061137785e+04
8.583000000000000629e-01 -1.612640750315257901e+04
8.584000000000000519e-01 -1.612844836879594186e+04
8.585000000000000409e-01 -1.613051684553194900e+04
8.586000000000000298e-01 -1.613259838322909309e+04
8.587000000000000188e-01 -1.613467885883602685e+04
8.588000000000000078e-01 -1.613676025712313094e+04
8.588999999999999968e-01 -1.613884623798762368e+04
8.589999999999999858e-01 -1.614092185178716500e+04
8.591000000000000858e-01 -1.614299064375872149e+04
8.592000000000000748e-01 -1.614505667084707602e+04
8.593000000000000638e-01 -1.614712186596590618e+04
8.594000000000000528e-01 -1.614918705415849035e+04
8.595000000000000417e-01 -1.615125246396983130e+04
8.596000000000000307e-01 -1.615331800969665528e+04
8.597000000000000197e-01 -1.615538347185489329e+04
8.598000000000000087e-01 -1.615744862643617307e+04
8.598999999999999977e-01 -1.615951333248716765e+04
8.599999999999999867e-01 -1.616157757641304306e+04
8.601000000000000867e-01 -1.616365517275850470e+04
8.602000000000000757e-01 -1.616577953118060759e+04
8.603000000000000647e-01 -1.616795314490625424e+04
8.604000000000000536e-01 -1.617016450523394815e+04
8.605000000000000426e-01 -1.617240264704957917e+04
8.606000000000000316e-01 -1.617465985395324242e+04
8.607000000000000206e-01 -1.617692787480485822e+04
8.608000000000000096e-01 -1.617920326955655946e+04
8.608999999999999986e-01 -1.618148385672421318e+04
8.609999999999999876e-01 -1.618376748241733731e+04
8.611000000000000876e-01 -1.618605270139994354e+04
8.612000000000000766e-01 -1.618833920972209853e+04
8.613000000000000655e-01 -1.619062697465525162e+04
8.614000000000000545e-01 -1.619291579570053000e+04
8.615000000000000435e-01 -1.619520540510296451e+04
8.616000000000000325e-01 -1.619749555056643658e+04
8.617000000000000215e-01 -1.619978604589134011e+04
8.618000000000000105e-01 -1.620207679914226173e+04
8.618999999999999995e-01 -1.620436783335084510e+04
8.619999999999999885e-01 -1.620665934959778497e+04
8.621000000000000885e-01 -1.620895282007579044e+04
8.622000000000000774e-01 -1.621125031228512853e+04
8.623000000000000664e-01 -1.621355188569170605e+04
8.624000000000000554e-01 -1.621585685806982838e+04
8.625000000000000444e-01 -1.621816450772300777e+04
8.626000000000000334e-01 -1.622047428454222973e+04
8.627000000000000224e-01 -1.622278581650622436e+04
8.628000000000000114e-01 -1.622509886152490253e+04
8.629000000000000004e-01 -1.622741326038328771e+04
8.629999999999999893e-01 -1.622972890900247330e+04
8.631000000000000894e-01 -1.623204575616059992e+04
8.632000000000000783e-01 -1.623436184893383870e+04
8.633000000000000673e-01 -1.623667686014240826e+04
8.634000000000000563e-01 -1.623900096917371411e+04
8.635000000000000453e-01 -1.624133162026139144e+04
8.636000000000000343e-01 -1.624366677655394415e+04
8.637000000000000233e-01 -1.624600535890182618e+04
8.638000000000000123e-01 -1.624834693915915886e+04
8.639000000000000012e-01 -1.625069233053576318e+04
8.639999999999999902e-01 -1.625304322360208425e+04
8.641000000000000902e-01 -1.625539971197045270e+04
8.642000000000000792e-01 -1.625776135114718818e+04
8.643000000000000682e-01 -1.626012749091989463e+04
8.644000000000000572e-01 -1.626249250770420440e+04
8.645000000000000462e-01 -1.626486418024103841e+04
8.646000000000000352e-01 -1.626724276090488638e+04
8.647000000000000242e-01 -1.626962619515403821e+04
8.648000000000000131e-01 -1.627201324688702516e+04
8.649000000000000021e-01 -1.627440219837188852e+04
8.649999999999999911e-01 -1.627679338564712816e+04
8.651000000000000911e-01 -1.627918721569197987e+04
8.652000000000000801e-01 -1.628158321500580314e+04
8.653000000000000691e-01 -1.628398051090241279e+04
8.654000000000000581e-01 -1.628638141370810627e+04
8.655000000000000471e-01 -1.628878573567261265e+04
8.656000000000000361e-01 -1.629119377755770984e+04
8.657000000000000250e-01 -1.629360662612294254e+04
8.658000000000000140e-01 -1.629602217553687842e+04
8.659000000000000030e-01 -1.629843909506326781e+04
8.659999999999999920e-01 -1.630085707903269576e+04
8.661000000000000920e-01 -1.630327634664858851e+04
8.662000000000000810e-01 -1.630569726942005946e+04
8.663000000000000700e-01 -1.630812017663615006e+04
8.664000000000000590e-01 -1.631054542306060466e+04
8.665000000000000480e-01 -1.631297556039693154e+04
8.666000000000000369e-01 -1.631541039534154334e+04
8.667000000000000259e-01 -1.631784892627711997e+04
8.668000000000000149e-01 -1.632029627012448145e+04
8.669000000000000039e-01 -1.632275672324326661e+04
8.669999999999999929e-01 -1.632523043314262759e+04
8.671000000000000929e-01 -1.632771599599598085e+04
8.672000000000000819e-01 -1.633021261584962485e+04
8.673000000000000709e-01 -1.633272433977888795e+04
8.674000000000000599e-01 -1.633525587971770437e+04
8.675000000000000488e-01 -1.633780832707441368e+04
8.676000000000000378e-01 -1.634038087112807261e+04
8.677000000000000268e-01 -1.634297249762915453e+04
8.678000000000000158e-01 -1.634558338114716571e+04
8.679000000000000048e-01 -1.634821791867677166e+04
8.679999999999999938e-01 -1.635089699219439717e+04
8.681000000000000938e-01 -1.635364269940368285e+04
8.682000000000000828e-01 -1.635646907248380376e+04
8.683000000000000718e-01 -1.635939479537220177e+04
8.684000000000000608e-01 -1.636245663916590638e+04
8.685000000000000497e-01 -1.636569585231654310e+04
8.686000000000000387e-01 -1.636916138231531113e+04
8.687000000000000277e-01 -1.637292627915227786e+04
8.688000000000000167e-01 -1.637705579773094723e+04
8.689000000000000057e-01 -1.638159636403782861e+04
8.689999999999999947e-01 -1.638662171843752003e+04
8.691000000000000947e-01 -1.639220078441488658e+04
8.692000000000000837e-01 -1.639833168988311445e+04
8.693000000000000727e-01 -1.640504546186481093e+04
8.694000000000000616e-01 -1.641230672006601162e+04
8.695000000000000506e-01 -1.642009146440135009e+04
8.696000000000000396e-01 -1.642651812275384509e+04
8.697000000000000286e-01 -1.643003070409201246e+04
8.698000000000000176e-01 -1.643221397484407134e+04
8.699000000000000066e-01 -1.643403880870083231e+04
8.699999999999999956e-01 -1.643580992608836095e+04
8.701000000000000956e-01 -1.643767859009516542e+04
8.702000000000000846e-01 -1.643974470338682659e+04
8.703000000000000735e-01 -1.644192540605978866e+04
8.704000000000000625e-01 -1.644410172334180606e+04
8.705000000000000515e-01 -1.644624884301184284e+04
8.706000000000000405e-01 -1.644836143738580358e+04
8.707000000000000295e-01 -1.645043252069614755e+04
8.708000000000000185e-01 -1.645248741337582396e+04
8.709000000000000075e-01 -1.645459482106638461e+04
8.709999999999999964e-01 -1.645686771411390509e+04
8.711000000000000965e-01 -1.645932410170854564e+04
8.712000000000000854e-01 -1.646178880939454757e+04
8.713000000000000744e-01 -1.646417885419732193e+04
8.714000000000000634e-01 -1.646650808737763873e+04
8.715000000000000524e-01 -1.646881044370601012e+04
8.716000000000000414e-01 -1.647109200756025893e+04
8.717000000000000304e-01 -1.647336038140393430e+04
8.718000000000000194e-01 -1.647562879639023959e+04
8.719000000000000083e-01 -1.647790285704782582e+04
8.719999999999999973e-01 -1.648018093289384706e+04
8.720999999999999863e-01 -1.648246135486136336e+04
8.722000000000000863e-01 -1.648474017404070764e+04
8.723000000000000753e-01 -1.648701531820599484e+04
8.724000000000000643e-01 -1.648928504449488901e+04
8.725000000000000533e-01 -1.649154742070887369e+04
8.726000000000000423e-01 -1.649379781487099899e+04
8.727000000000000313e-01 -1.649603716952114701e+04
8.728000000000000203e-01 -1.649826661756451358e+04
8.729000000000000092e-01 -1.650048750763957651e+04
8.729999999999999982e-01 -1.650270210387451152e+04
8.730999999999999872e-01 -1.650491290878744985e+04
8.732000000000000872e-01 -1.650712232866889462e+04
8.733000000000000762e-01 -1.650933290920424406e+04
8.734000000000000652e-01 -1.651155016441322368e+04
8.735000000000000542e-01 -1.651377646865709539e+04
8.736000000000000432e-01 -1.651601097734812720e+04
8.737000000000000322e-01 -1.651825263637970420e+04
8.738000000000000211e-01 -1.652050011056006406e+04
8.739000000000000101e-01 -1.652275109547252941e+04
8.739999999999999991e-01 -1.652500657081027020e+04
8.740999999999999881e-01 -1.652726466449498548e+04
8.742000000000000881e-01 -1.652951894080972124e+04
8.743000000000000771e-01 -1.653176715046544996e+04
8.744000000000000661e-01 -1.653401068313703581e+04
8.745000000000000551e-01 -1.653625341699015553e+04
8.746000000000000441e-01 -1.653849697452470355e+04
8.747000000000000330e-01 -1.654074105252227673e+04
8.748000000000000220e-01 -1.654298510225166683e+04
8.749000000000000110e-01 -1.654522880192842422e+04
8.750000000000000000e-01 -1.654747176066829707e+04
8.750999999999999890e-01 -1.654971329384433193e+04
8.752000000000000890e-01 -1.655195159182593488e+04
8.753000000000000780e-01 -1.655418579655386930e+04
8.754000000000000670e-01 -1.655641728671226883e+04
8.755000000000000560e-01 -1.655869777022220296e+04
8.756000000000000449e-01 -1.656107555547408629e+04
8.757000000000000339e-01 -1.656345045765695613e+04
8.758000000000000229e-01 -1.656579408241308920e+04
8.759000000000000119e-01 -1.656811087819854220e+04
8.760000000000000009e-01 -1.657040738276269258e+04
8.760999999999999899e-01 -1.657274710587030131e+04
8.762000000000000899e-01 -1.657510740965648438e+04
8.763000000000000789e-01 -1.657745143032205306e+04
8.764000000000000679e-01 -1.657977398894085854e+04
8.765000000000000568e-01 -1.658208140169607577e+04
8.766000000000000458e-01 -1.658437551995287868e+04
8.767000000000000348e-01 -1.658665703387737813e+04
8.768000000000000238e-01 -1.658893167331727818e+04
8.769000000000000128e-01 -1.659120236412904706e+04
8.770000000000000018e-01 -1.659346895323192075e+04
8.770999999999999908e-01 -1.659573196170295705e+04
8.772000000000000908e-01 -1.659799201933696531e+04
8.773000000000000798e-01 -1.660024962992933797e+04
8.774000000000000687e-01 -1.660250517558198044e+04
8.775000000000000577e-01 -1.660475894096990669e+04
8.776000000000000467e-01 -1.660701113094294487e+04
8.777000000000000357e-01 -1.660926189700117902e+04
8.778000000000000247e-01 -1.661151139703292210e+04
8.779000000000000137e-01 -1.661375951926239577e+04
8.780000000000000027e-01 -1.661600638327405613e+04
8.780999999999999917e-01 -1.661825203145033447e+04
8.782000000000000917e-01 -1.662049645684993084e+04
8.783000000000000806e-01 -1.662273966610910793e+04
8.784000000000000696e-01 -1.662498163402637874e+04
8.785000000000000586e-01 -1.662722233942280582e+04
8.786000000000000476e-01 -1.662946177347040793e+04
8.787000000000000366e-01 -1.663169994356707684e+04
8.788000000000000256e-01 -1.663393687410033090e+04
8.789000000000000146e-01 -1.663617260547818660e+04
8.790000000000000036e-01 -1.663840719253940188e+04
8.790999999999999925e-01 -1.664064070264990733e+04
8.792000000000000925e-01 -1.664287321360440910e+04
8.793000000000000815e-01 -1.664510481142106073e+04
8.794000000000000705e-01 -1.664733558812475167e+04
8.795000000000000595e-01 -1.664956564011571390e+04
8.796000000000000485e-01 -1.665179507027517320e+04
8.797000000000000375e-01 -1.665402398000831818e+04
8.798000000000000265e-01 -1.665625246306835470e+04
8.799000000000000155e-01 -1.665848060974107648e+04
8.800000000000000044e-01 -1.666070850634160524e+04
8.800999999999999934e-01 -1.666292350822136723e+04
8.802000000000000934e-01 -1.666509956584782049e+04
8.803000000000000824e-01 -1.666723907317378325e+04
8.804000000000000714e-01 -1.666935034020713647e+04
8.805000000000000604e-01 -1.667144062273500094e+04
8.806000000000000494e-01 -1.667351542193658315e+04
8.807000000000000384e-01 -1.667557878292282112e+04
8.808000000000000274e-01 -1.667763366683233107e+04
8.809000000000000163e-01 -1.667968224621612171e+04
8.810000000000000053e-01 -1.668172635965262089e+04
8.810999999999999943e-01 -1.668376684574105457e+04
8.812000000000000943e-01 -1.668580447270020886e+04
8.813000000000000833e-01 -1.668784007020410718e+04
8.814000000000000723e-01 -1.668987414544494823e+04
8.815000000000000613e-01 -1.669190705190069275e+04
8.816000000000000503e-01 -1.669393904965121692e+04
8.817000000000000393e-01 -1.669597033087537784e+04
8.818000000000000282e-01 -1.669800103761904029e+04
8.819000000000000172e-01 -1.670003127482815034e+04
8.820000000000000062e-01 -1.670206111991073703e+04
8.820999999999999952e-01 -1.670409062977887515e+04
8.822000000000000952e-01 -1.670611984602146913e+04
8.823000000000000842e-01 -1.670814879867506170e+04
8.824000000000000732e-01 -1.671017783072224120e+04
8.825000000000000622e-01 -1.671220851131490781e+04
8.826000000000000512e-01 -1.671423681699103690e+04
8.827000000000000401e-01 -1.671626425558716801e+04
8.828000000000000291e-01 -1.671829145921641248e+04
8.829000000000000181e-01 -1.672031853775933996e+04
8.830000000000000071e-01 -1.672234548061264650e+04
8.830999999999999961e-01 -1.672437224977114965e+04
8.832000000000000961e-01 -1.672639880109120713e+04
8.833000000000000851e-01 -1.672842508618146894e+04
8.834000000000000741e-01 -1.673045104742452531e+04
8.835000000000000631e-01 -1.673247660651726619e+04
8.836000000000000520e-01 -1.673450163334612080e+04
8.837000000000000410e-01 -1.673652557673625415e+04
8.838000000000000300e-01 -1.673854674829660507e+04
8.839000000000000190e-01 -1.674056437810956777e+04
8.840000000000000080e-01 -1.674257898836975437e+04
8.840999999999999970e-01 -1.674459129751767250e+04
8.842000000000000970e-01 -1.674660210868377180e+04
8.843000000000000860e-01 -1.674861221706742072e+04
8.844000000000000750e-01 -1.675062079817889753e+04
8.845000000000000639e-01 -1.675262832696102123e+04
8.846000000000000529e-01 -1.675463519956244636e+04
8.847000000000000419e-01 -1.675664159045747510e+04
8.848000000000000309e-01 -1.675870263335702111e+04
8.849000000000000199e-01 -1.676089331855189448e+04
8.850000000000000089e-01 -1.676321005465244889e+04
8.850999999999999979e-01 -1.676559756813156491e+04
8.852000000000000979e-01 -1.676793901464586452e+04
8.853000000000000869e-01 -1.677020339530327328e+04
8.854000000000000759e-01 -1.677239510066562798e+04
8.855000000000000648e-01 -1.677452793903691781e+04
8.856000000000000538e-01 -1.677661575907584847e+04
8.857000000000000428e-01 -1.677866994200643967e+04
8.858000000000000318e-01 -1.678069926939046127e+04
8.859000000000000208e-01 -1.678271030048742978e+04
8.860000000000000098e-01 -1.678470785225721920e+04
8.860999999999999988e-01 -1.678669542898984582e+04
8.861999999999999877e-01 -1.678867555507293582e+04
8.863000000000000878e-01 -1.679064993532249719e+04
8.864000000000000767e-01 -1.679261996387518229e+04
8.865000000000000657e-01 -1.679458821033620552e+04
8.866000000000000547e-01 -1.679655314166463359e+04
8.867000000000000437e-01 -1.679851418643162833e+04
8.868000000000000327e-01 -1.680047099790416905e+04
8.869000000000000217e-01 -1.680242444490496200e+04
8.870000000000000107e-01 -1.680437519667553352e+04
8.870999999999999996e-01 -1.680632443148397579e+04
8.871999999999999886e-01 -1.680827193907415131e+04
8.873000000000000886e-01 -1.681021839157279828e+04
8.874000000000000776e-01 -1.681216711446502086e+04
8.875000000000000666e-01 -1.681411288393639552e+04
8.876000000000000556e-01 -1.681606091329973788e+04
8.877000000000000446e-01 -1.681802131147582622e+04
8.878000000000000336e-01 -1.681999740086745078e+04
8.879000000000000226e-01 -1.682198104001110551e+04
8.880000000000000115e-01 -1.682397833178379005e+04
8.881000000000000005e-01 -1.682598548571002539e+04
8.881999999999999895e-01 -1.682797999852823341e+04
8.883000000000000895e-01 -1.682995323094278137e+04
8.884000000000000785e-01 -1.683190829544598091e+04
8.885000000000000675e-01 -1.683385675296537738e+04
8.886000000000000565e-01 -1.683580693691494162e+04
8.887000000000000455e-01 -1.683775948879820135e+04
8.888000000000000345e-01 -1.683971305616465543e+04
8.889000000000000234e-01 -1.684166568373407063e+04
8.890000000000000124e-01 -1.684361959751298491e+04
8.891000000000000014e-01 -1.684557989125124368e+04
8.891999999999999904e-01 -1.684754909998183939e+04
8.893000000000000904e-01 -1.684952240524458830e+04
8.894000000000000794e-01 -1.685149763310319395e+04
8.895000000000000684e-01 -1.685347529772049165e+04
8.896000000000000574e-01 -1.685544824548687029e+04
8.897000000000000464e-01 -1.685741038208857208e+04
8.898000000000000353e-01 -1.685936049094457121e+04
8.899000000000000243e-01 -1.686129971654809924e+04
8.900000000000000133e-01 -1.686323049534620441e+04
8.901000000000000023e-01 -1.686515500470408369e+04
8.901999999999999913e-01 -1.686707733571718200e+04
8.903000000000000913e-01 -1.686899035128816104e+04
8.904000000000000803e-01 -1.687088011973029643e+04
8.905000000000000693e-01 -1.687275179182996362e+04
8.906000000000000583e-01 -1.687460957455718744e+04
8.907000000000000473e-01 -1.687645565633373189e+04
8.908000000000000362e-01 -1.687829303919806262e+04
8.909000000000000252e-01 -1.688012645124970368e+04
8.910000000000000142e-01 -1.688196688472295864e+04
8.911000000000000032e-01 -1.688380686722569590e+04
8.911999999999999922e-01 -1.688567921352072153e+04
8.913000000000000922e-01 -1.688762827005769577e+04
8.914000000000000812e-01 -1.688962475766371790e+04
8.915000000000000702e-01 -1.689161476573405889e+04
8.916000000000000592e-01 -1.689357008326394134e+04
8.917000000000000481e-01 -1.689549217840279016e+04
8.918000000000000371e-01 -1.689739845863533628e+04
8.919000000000000261e-01 -1.689930745667174779e+04
8.920000000000000151e-01 -1.690122888790891011e+04
8.921000000000000041e-01 -1.690316277456370881e+04
8.921999999999999931e-01 -1.690510329146535514e+04
8.923000000000000931e-01 -1.690704110619637504e+04
8.924000000000000821e-01 -1.690896011023008396e+04
8.925000000000000711e-01 -1.691084573034101413e+04
8.926000000000000600e-01 -1.691268922419097362e+04
8.927000000000000490e-01 -1.691447614937580147e+04
8.928000000000000380e-01 -1.691618136959677213e+04
8.929000000000000270e-01 -1.691778290437409305e+04
8.930000000000000160e-01 -1.691926046472722737e+04
8.931000000000000050e-01 -1.692059329992319908e+04
8.931999999999999940e-01 -1.692176084030326820e+04
8.933000000000000940e-01 -1.692274449685021318e+04
8.934000000000000830e-01 -1.692354435523515713e+04
8.935000000000000719e-01 -1.692418455821431780e+04
8.936000000000000609e-01 -1.692467105799146157e+04
8.937000000000000499e-01 -1.692500520644508651e+04
8.938000000000000389e-01 -1.692518345613506972e+04
8.939000000000000279e-01 -1.692521520151736695e+04
8.940000000000000169e-01 -1.692509500146164646e+04
8.941000000000000059e-01 -1.692490183889560649e+04
8.941999999999999948e-01 -1.692468267881017528e+04
8.943000000000000949e-01 -1.692441685940783282e+04
8.944000000000000838e-01 -1.692410013042339051e+04
8.945000000000000728e-01 -1.692375010687772738e+04
8.946000000000000618e-01 -1.692344013620905389e+04
8.947000000000000508e-01 -1.692321152888322831e+04
8.948000000000000398e-01 -1.692322016645504482e+04
8.949000000000000288e-01 -1.692362857911077299e+04
8.950000000000000178e-01 -1.692446262670124997e+04
8.951000000000000068e-01 -1.692569322483650103e+04
8.951999999999999957e-01 -1.692721491856244756e+04
8.953000000000000957e-01 -1.692891832606555909e+04
8.954000000000000847e-01 -1.693072368358783206e+04
8.955000000000000737e-01 -1.693258696171257907e+04
8.956000000000000627e-01 -1.693450505945927580e+04
8.957000000000000517e-01 -1.693644799295414123e+04
8.958000000000000407e-01 -1.693834855804754625e+04
8.959000000000000297e-01 -1.694032148560075075e+04
8.960000000000000187e-01 -1.694230187066818689e+04
8.961000000000000076e-01 -1.694427575093622727e+04
8.961999999999999966e-01 -1.694628152041173962e+04
8.963000000000000966e-01 -1.694830814008814195e+04
8.964000000000000856e-01 -1.695034968273669801e+04
8.965000000000000746e-01 -1.695242985666191817e+04
8.966000000000000636e-01 -1.695453262722898216e+04
8.967000000000000526e-01 -1.695661253927988946e+04
8.968000000000000416e-01 -1.695868028078774660e+04
8.969000000000000306e-01 -1.696075968970906979e+04
8.970000000000000195e-01 -1.696284382070178253e+04
8.971000000000000085e-01 -1.696492453470594410e+04
8.971999999999999975e-01 -1.696699328751755820e+04
8.973000000000000975e-01 -1.696904564438284433e+04
8.974000000000000865e-01 -1.697108109418052845e+04
8.975000000000000755e-01 -1.697310196855398317e+04
8.976000000000000645e-01 -1.697498476290663166e+04
8.977000000000000535e-01 -1.697672111544886502e+04
8.978000000000000425e-01 -1.697842743444559164e+04
8.979000000000000314e-01 -1.698016099738155390e+04
8.980000000000000204e-01 -1.698192756006755008e+04
8.981000000000000094e-01 -1.698356821318886796e+04
8.981999999999999984e-01 -1.698512214158266943e+04
8.983000000000000984e-01 -1.698671593804859731e+04
8.984000000000000874e-01 -1.698839986858132397e+04
8.985000000000000764e-01 -1.699020807209309714e+04
8.986000000000000654e-01 -1.699212612335333324e+04
8.987000000000000544e-01 -1.699412271223760763e+04
8.988000000000000433e-01 -1.699617310423611707e+04
8.989000000000000323e-01 -1.699826177648948578e+04
8.990000000000000213e-01 -1.700036505782731547e+04
8.991000000000000103e-01 -1.700247042354090809e+04
8.991999999999999993e-01 -1.700456658367865020e+04
8.992999999999999883e-01 -1.700665078506598729e+04
8.994000000000000883e-01 -1.700872224851350256e+04
8.995000000000000773e-01 -1.701078109991768724e+04
8.996000000000000663e-01 -1.701283179286848826e+04
8.997000000000000552e-01 -1.701487830655519429e+04
8.998000000000000442e-01 -1.701692248913839285e+04
8.999000000000000332e-01 -1.701896529139069025e+04
9.000000000000000222e-01 -1.702100832826911574e+04
9.001000000000000112e-01 -1.702481625430762870e+04
9.002000000000000002e-01 -1.702983669211019151e+04
9.002999999999999892e-01 -1.703520956066327562e+04
9.004000000000000892e-01 -1.704086031761512641e+04
9.005000000000000782e-01 -1.704724120499907804e+04
9.006000000000000671e-01 -1.705438765255470571e+04
9.007000000000000561e-01 -1.706210236256824646e+04
9.008000000000000451e-01 -1.707048436323335409e+04
9.009000000000000341e-01 -1.707939939929440152e+04
9.010000000000000231e-01 -1.708874303596638492e+04
9.011000000000000121e-01 -1.709797572891251184e+04
9.012000000000000011e-01 -1.710543446592019973e+04
9.012999999999999901e-01 -1.711041504788597013e+04
9.014000000000000901e-01 -1.711366195848535790e+04
9.015000000000000790e-01 -1.711591097537840324e+04
9.016000000000000680e-01 -1.711754371941147838e+04
9.017000000000000570e-01 -1.711873346548319387e+04
9.018000000000000460e-01 -1.711967150741975274e+04
9.019000000000000350e-01 -1.712053678658897479e+04
9.020000000000000240e-01 -1.712121321138924759e+04
9.021000000000000130e-01 -1.712327725921457022e+04
9.022000000000000020e-01 -1.712638191587507026e+04
9.022999999999999909e-01 -1.712928308992143866e+04
9.024000000000000909e-01 -1.713149034360394216e+04
9.025000000000000799e-01 -1.713316922733768661e+04
9.026000000000000689e-01 -1.713451520129417622e+04
9.027000000000000579e-01 -1.713563373834030062e+04
9.028000000000000469e-01 -1.713657214939436017e+04
9.029000000000000359e-01 -1.713735213109835240e+04
9.030000000000000249e-01 -1.713798480989730524e+04
9.031000000000000139e-01 -1.713847898118548983e+04
9.032000000000000028e-01 -1.713882728678048079e+04
9.032999999999999918e-01 -1.713904863048607149e+04
9.034000000000000918e-01 -1.713912970845413292e+04
9.035000000000000808e-01 -1.713903227996510759e+04
9.036000000000000698e-01 -1.713872312512516874e+04
9.037000000000000588e-01 -1.713820223274659293e+04
9.038000000000000478e-01 -1.713751721055809685e+04
9.039000000000000368e-01 -1.713666905605683496e+04
9.040000000000000258e-01 -1.713566415927808703e+04
9.041000000000000147e-01 -1.713464335216662221e+04
9.042000000000000037e-01 -1.713368168242453248e+04
9.042999999999999927e-01 -1.713262604696184280e+04
9.044000000000000927e-01 -1.713105576556285087e+04
9.045000000000000817e-01 -1.712946887882824012e+04
9.046000000000000707e-01 -1.712885166556276454e+04
9.047000000000000597e-01 -1.712952988164911949e+04
9.048000000000000487e-01 -1.713111964245840136e+04
9.049000000000000377e-01 -1.713314514242124278e+04
9.050000000000000266e-01 -1.713532483456218324e+04
9.051000000000000156e-01 -1.713752038512456784e+04
9.052000000000000046e-01 -1.713969173686188151e+04
9.052999999999999936e-01 -1.714186011353378490e+04
9.054000000000000936e-01 -1.714404247402901092e+04
9.055000000000000826e-01 -1.714620871549491130e+04
9.056000000000000716e-01 -1.714828435760572029e+04
9.057000000000000606e-01 -1.715035359725903254e+04
9.058000000000000496e-01 -1.715258146745528938e+04
9.059000000000000385e-01 -1.715484177521731544e+04
9.060000000000000275e-01 -1.715701147514732293e+04
9.061000000000000165e-01 -1.715905459112233439e+04
9.062000000000000055e-01 -1.716100441064955521e+04
9.062999999999999945e-01 -1.716291847576060900e+04
9.064000000000000945e-01 -1.716485563932139121e+04
9.065000000000000835e-01 -1.716682956476210529e+04
9.066000000000000725e-01 -1.716887805739708710e+04
9.067000000000000615e-01 -1.717100179077353459e+04
9.068000000000000504e-01 -1.717316702511141557e+04
9.069000000000000394e-01 -1.717534503631086045e+04
9.070000000000000284e-01 -1.717752085001378146e+04
9.071000000000000174e-01 -1.717967709130339063e+04
9.072000000000000064e-01 -1.718181117138014451e+04
9.072999999999999954e-01 -1.718391379447520376e+04
9.074000000000000954e-01 -1.718598418552500516e+04
9.075000000000000844e-01 -1.718804388433137865e+04
9.076000000000000734e-01 -1.719008218693355593e+04
9.077000000000000624e-01 -1.719206965893585220e+04
9.078000000000000513e-01 -1.719403084996479447e+04
9.079000000000000403e-01 -1.719597630791190022e+04
9.080000000000000293e-01 -1.719791174356555348e+04
9.081000000000000183e-01 -1.719984141520036792e+04
9.082000000000000073e-01 -1.720176896264655443e+04
9.082999999999999963e-01 -1.720369708272727075e+04
9.084000000000000963e-01 -1.720562789104582771e+04
9.085000000000000853e-01 -1.720757055780171140e+04
9.086000000000000743e-01 -1.720952736469267620e+04
9.087000000000000632e-01 -1.721148696316732457e+04
9.088000000000000522e-01 -1.721345906230840410e+04
9.089000000000000412e-01 -1.721544818088012107e+04
9.090000000000000302e-01 -1.721745248761207040e+04
9.091000000000000192e-01 -1.721947266557984767e+04
9.092000000000000082e-01 -1.722150505093277752e+04
9.092999999999999972e-01 -1.722354273787901548e+04
9.094000000000000972e-01 -1.722558341270403253e+04
9.095000000000000862e-01 -1.722762964697334246e+04
9.096000000000000751e-01 -1.722968003333181332e+04
9.097000000000000641e-01 -1.723173264727127389e+04
9.098000000000000531e-01 -1.723378579681643532e+04
9.099000000000000421e-01 -1.723583807130861533e+04
9.100000000000000311e-01 -1.723788983034016928e+04
9.101000000000000201e-01 -1.723995373473497602e+04
9.102000000000000091e-01 -1.724205794879632595e+04
9.102999999999999980e-01 -1.724420007560767408e+04
9.104000000000000981e-01 -1.724637131758103351e+04
9.105000000000000870e-01 -1.724856488687366073e+04
9.106000000000000760e-01 -1.725077552021514566e+04
9.107000000000000650e-01 -1.725299899448910946e+04
9.108000000000000540e-01 -1.725523229016121695e+04
9.109000000000000430e-01 -1.725747163779831317e+04
9.110000000000000320e-01 -1.725971618939896871e+04
9.111000000000000210e-01 -1.726196525312328595e+04
9.112000000000000099e-01 -1.726421786452185188e+04
9.112999999999999989e-01 -1.726647317423137793e+04
9.114000000000000989e-01 -1.726873052679608008e+04
9.115000000000000879e-01 -1.727098945789509526e+04
9.116000000000000769e-01 -1.727325219372911306e+04
9.117000000000000659e-01 -1.727551454036319774e+04
9.118000000000000549e-01 -1.727777641020037117e+04
9.119000000000000439e-01 -1.728003944431342825e+04
9.120000000000000329e-01 -1.728230419523212913e+04
9.121000000000000218e-01 -1.728457248626416185e+04
9.122000000000000108e-01 -1.728684587397783980e+04
9.122999999999999998e-01 -1.728912302220378842e+04
9.123999999999999888e-01 -1.729140288132164278e+04
9.125000000000000888e-01 -1.729368672068809974e+04
9.126000000000000778e-01 -1.729597499793820680e+04
9.127000000000000668e-01 -1.729826770046006641e+04
9.128000000000000558e-01 -1.730056464945029802e+04
9.129000000000000448e-01 -1.730286562723100360e+04
9.130000000000000338e-01 -1.730517039788443799e+04
9.131000000000000227e-01 -1.730747870735925972e+04
9.132000000000000117e-01 -1.730979028249155817e+04
9.133000000000000007e-01 -1.731210483253275743e+04
9.133999999999999897e-01 -1.731442205310543068e+04
9.135000000000000897e-01 -1.731674163188628154e+04
9.136000000000000787e-01 -1.731906325539905811e+04
9.137000000000000677e-01 -1.732138661649499045e+04
9.138000000000000567e-01 -1.732371142227822202e+04
9.139000000000000457e-01 -1.732603740240171828e+04
9.140000000000000346e-01 -1.732836431786560934e+04
9.141000000000000236e-01 -1.733069197080512822e+04
9.142000000000000126e-01 -1.733302021651978430e+04
9.143000000000000016e-01 -1.733534898099749626e+04
9.143999999999999906e-01 -1.733767829392585190e+04
9.145000000000000906e-01 -1.734000838716275393e+04
9.146000000000000796e-01 -1.734234100765255425e+04
9.147000000000000686e-01 -1.734467986331566863e+04
9.148000000000000576e-01 -1.734702580265581855e+04
9.149000000000000465e-01 -1.734937831630115761e+04
9.150000000000000355e-01 -1.735173670104003031e+04
9.151000000000000245e-01 -1.735410036433122877e+04
9.152000000000000135e-01 -1.735646885322671005e+04
9.153000000000000025e-01 -1.735884181087625257e+04
9.153999999999999915e-01 -1.736121894304359012e+04
9.155000000000000915e-01 -1.736360001556316638e+04
9.156000000000000805e-01 -1.736598486522182429e+04
9.157000000000000695e-01 -1.736837343199837414e+04
9.158000000000000584e-01 -1.737076582010738639e+04
9.159000000000000474e-01 -1.737316249674764185e+04
9.160000000000000364e-01 -1.737556620077601474e+04
9.161000000000000254e-01 -1.737798065846676764e+04
9.162000000000000144e-01 -1.738040687329913635e+04
9.163000000000000034e-01 -1.738284492519520063e+04
9.163999999999999924e-01 -1.738529515007777809e+04
9.165000000000000924e-01 -1.738775883800641168e+04
9.166000000000000814e-01 -1.739024147734823782e+04
9.167000000000000703e-01 -1.739275335427152095e+04
9.168000000000000593e-01 -1.739530142218120818e+04
9.169000000000000483e-01 -1.739789475194127226e+04
9.170000000000000373e-01 -1.740054416414581647e+04
9.171000000000000263e-01 -1.740325530247172719e+04
9.172000000000000153e-01 -1.740603145807033434e+04
9.173000000000000043e-01 -1.740887484787291760e+04
9.173999999999999932e-01 -1.741178848501847096e+04
9.175000000000000933e-01 -1.741477991563822798e+04
9.176000000000000822e-01 -1.741786194275518938e+04
9.177000000000000712e-01 -1.742106003603060890e+04
9.178000000000000602e-01 -1.742439740985305980e+04
9.179000000000000492e-01 -1.742788379685519612e+04
9.180000000000000382e-01 -1.743152492781506589e+04
9.181000000000000272e-01 -1.743533273101354280e+04
9.182000000000000162e-01 -1.743932353514504939e+04
9.183000000000000052e-01 -1.744354203206635793e+04
9.183999999999999941e-01 -1.744801450673373256e+04
9.185000000000000941e-01 -1.745275448999195942e+04
9.186000000000000831e-01 -1.745780473639553384e+04
9.187000000000000721e-01 -1.746324994861374216e+04
9.188000000000000611e-01 -1.746915080916931765e+04
9.189000000000000501e-01 -1.747547061810584637e+04
9.190000000000000391e-01 -1.748223110941126652e+04
9.191000000000000281e-01 -1.748948026916058734e+04
9.192000000000000171e-01 -1.749664164381195951e+04
9.193000000000000060e-01 -1.750105732442254885e+04
9.193999999999999950e-01 -1.750313421191752423e+04
9.195000000000000950e-01 -1.750481986916639289e+04
9.196000000000000840e-01 -1.750669385956610859e+04
9.197000000000000730e-01 -1.750856583268231407e+04
9.198000000000000620e-01 -1.751041325879671786e+04
9.199000000000000510e-01 -1.751229170676634749e+04
9.200000000000000400e-01 -1.751424718781301272e+04
9.201000000000000290e-01 -1.751631243203732811e+04
9.202000000000000179e-01 -1.751848841253380670e+04
9.203000000000000069e-01 -1.752074504991060530e+04
9.203999999999999959e-01 -1.752303719334346169e+04
9.205000000000000959e-01 -1.752532823528073641e+04
9.206000000000000849e-01 -1.752760670567924171e+04
9.207000000000000739e-01 -1.752987748708287108e+04
9.208000000000000629e-01 -1.753216263374898335e+04
9.209000000000000519e-01 -1.753445180579577209e+04
9.210000000000000409e-01 -1.753672863983851130e+04
9.211000000000000298e-01 -1.753899333541218584e+04
9.212000000000000188e-01 -1.754125180171813554e+04
9.213000000000000078e-01 -1.754350624420414169e+04
9.213999999999999968e-01 -1.754575872388395510e+04
9.215000000000000968e-01 -1.754801988763647023e+04
9.216000000000000858e-01 -1.755029973269183029e+04
9.217000000000000748e-01 -1.755258951505550431e+04
9.218000000000000638e-01 -1.755487196338361173e+04
9.219000000000000528e-01 -1.755715192152613599e+04
9.220000000000000417e-01 -1.755943550645988580e+04
9.221000000000000307e-01 -1.756172535091211830e+04
9.222000000000000197e-01 -1.756402103717189675e+04
9.223000000000000087e-01 -1.756632146488605576e+04
9.223999999999999977e-01 -1.756862460805053342e+04
9.225000000000000977e-01 -1.757092996408433100e+04
9.226000000000000867e-01 -1.757323776770586483e+04
9.227000000000000757e-01 -1.757554838376837506e+04
9.228000000000000647e-01 -1.757786188874313666e+04
9.229000000000000536e-01 -1.758017505415024061e+04
9.230000000000000426e-01 -1.758248334720478306e+04
9.231000000000000316e-01 -1.758478594159600107e+04
9.232000000000000206e-01 -1.758708427620361181e+04
9.233000000000000096e-01 -1.758938033820067722e+04
9.233999999999999986e-01 -1.759166980566114944e+04
9.235000000000000986e-01 -1.759395486432977486e+04
9.236000000000000876e-01 -1.759623712746421734e+04
9.237000000000000766e-01 -1.759851744240037078e+04
9.238000000000000655e-01 -1.760079591869745491e+04
9.239000000000000545e-01 -1.760307260192965623e+04
9.240000000000000435e-01 -1.760534710089409782e+04
9.241000000000000325e-01 -1.760761638535097518e+04
9.242000000000000215e-01 -1.760987684480180178e+04
9.243000000000000105e-01 -1.761212882719346089e+04
9.243999999999999995e-01 -1.761437414401676506e+04
9.245000000000000995e-01 -1.761661424773187900e+04
9.246000000000000885e-01 -1.761885002914236247e+04
9.247000000000000774e-01 -1.762108206152989442e+04
9.248000000000000664e-01 -1.762331081560228995e+04
9.249000000000000554e-01 -1.762553675425694018e+04
9.250000000000000444e-01 -1.762776034898031139e+04
9.251000000000000334e-01 -1.762998176156177578e+04
9.252000000000000224e-01 -1.763220078305777861e+04
9.253000000000000114e-01 -1.763441874278699106e+04
9.254000000000000004e-01 -1.763663640370220674e+04
9.254999999999999893e-01 -1.763885420566463290e+04
9.256000000000000894e-01 -1.764107248673024515e+04
9.257000000000000783e-01 -1.764329151572489718e+04
9.258000000000000673e-01 -1.764551150111375682e+04
9.259000000000000563e-01 -1.764773237090409020e+04
9.260000000000000453e-01 -1.764995449215590270e+04
9.261000000000000343e-01 -1.765217818476421962e+04
9.262000000000000233e-01 -1.765440356996963237e+04
9.263000000000000123e-01 -1.765663041950896150e+04
9.264000000000000012e-01 -1.765885853164716173e+04
9.264999999999999902e-01 -1.766108758573306113e+04
9.266000000000000902e-01 -1.766331723696058543e+04
9.267000000000000792e-01 -1.766554716101582744e+04
9.268000000000000682e-01 -1.766777707265191930e+04
9.269000000000000572e-01 -1.767000674798476757e+04
9.270000000000000462e-01 -1.767223611296271338e+04
9.271000000000000352e-01 -1.767446511033822026e+04
9.272000000000000242e-01 -1.767669363079417599e+04
9.273000000000000131e-01 -1.767892159937322867e+04
9.274000000000000021e-01 -1.768114899239923398e+04
9.274999999999999911e-01 -1.768337586405476031e+04
9.276000000000000911e-01 -1.768560259519139072e+04
9.277000000000000801e-01 -1.768782904609688921e+04
9.278000000000000691e-01 -1.769005523553689636e+04
9.279000000000000581e-01 -1.769228136126661047e+04
9.280000000000000471e-01 -1.769450764043561139e+04
9.281000000000000361e-01 -1.769673417623774003e+04
9.282000000000000250e-01 -1.769895986472160439e+04
9.283000000000000140e-01 -1.770118291915970985e+04
9.284000000000000030e-01 -1.770340173433663949e+04
9.284999999999999920e-01 -1.770561619963809062e+04
9.286000000000000920e-01 -1.770782664557336102e+04
9.287000000000000810e-01 -1.771003392568307027e+04
9.288000000000000700e-01 -1.771223884938447736e+04
9.289000000000000590e-01 -1.771444206550188392e+04
9.290000000000000480e-01 -1.771664407162072166e+04
9.291000000000000369e-01 -1.771884524100853014e+04
9.292000000000000259e-01 -1.772104584815888302e+04
9.293000000000000149e-01 -1.772324608965645166e+04
9.294000000000000039e-01 -1.772544609188297545e+04
9.294999999999999929e-01 -1.772764594294071867e+04
9.296000000000000929e-01 -1.772984571835861061e+04
9.297000000000000819e-01 -1.773204541554045863e+04
9.298000000000000709e-01 -1.773424504720629557e+04
9.299000000000000599e-01 -1.773644465411523561e+04
9.300000000000000488e-01 -1.773864422891007780e+04
9.301000000000000378e-01 -1.774083088828410837e+04
9.302000000000000268e-01 -1.774297717249038760e+04
9.303000000000000158e-01 -1.774508571673687766e+04
9.304000000000000048e-01 -1.774716530202119611e+04
9.304999999999999938e-01 -1.774922336623760930e+04
9.306000000000000938e-01 -1.775126547928719810e+04
9.307000000000000828e-01 -1.775329581042432619e+04
9.308000000000000718e-01 -1.775531732468478731e+04
9.309000000000000608e-01 -1.775733219403339535e+04
9.310000000000000497e-01 -1.775934207935377708e+04
9.311000000000000387e-01 -1.776134823397181390e+04
9.312000000000000277e-01 -1.776335196433397505e+04
9.313000000000000167e-01 -1.776535300148234819e+04
9.314000000000000057e-01 -1.776735222846134639e+04
9.314999999999999947e-01 -1.776934911037871279e+04
9.316000000000000947e-01 -1.777134421282955373e+04
9.317000000000000837e-01 -1.777333846944688048e+04
9.318000000000000727e-01 -1.777533292825913668e+04
9.319000000000000616e-01 -1.777732821634172433e+04
9.320000000000000506e-01 -1.777932430005927381e+04
9.321000000000000396e-01 -1.778132290136471784e+04
9.322000000000000286e-01 -1.778332272440006273e+04
9.323000000000000176e-01 -1.778532235409048735e+04
9.324000000000000066e-01 -1.778732223545192755e+04
9.324999999999999956e-01 -1.778932095413005300e+04
9.326000000000000956e-01 -1.779131770317956762e+04
9.327000000000000846e-01 -1.779331221625680337e+04
9.328000000000000735e-01 -1.779530429178943450e+04
9.329000000000000625e-01 -1.779729384350234614e+04
9.330000000000000515e-01 -1.779928091558786764e+04
9.331000000000000405e-01 -1.780126564677426359e+04
9.332000000000000295e-01 -1.780324835918202734e+04
9.333000000000000185e-01 -1.780522923823464225e+04
9.334000000000000075e-01 -1.780720823090538033e+04
9.334999999999999964e-01 -1.780918537343318167e+04
9.336000000000000965e-01 -1.781116075742998873e+04
9.337000000000000854e-01 -1.781313441086286184e+04
9.338000000000000744e-01 -1.781510652410870171e+04
9.339000000000000634e-01 -1.781707741562287629e+04
9.340000000000000524e-01 -1.781904734223612468e+04
9.341000000000000414e-01 -1.782101709143974949e+04
9.342000000000000304e-01 -1.782298768599306641e+04
9.343000000000000194e-01 -1.782495842648115649e+04
9.344000000000000083e-01 -1.782692875845166054e+04
9.344999999999999973e-01 -1.782889860591037359e+04
9.346000000000000973e-01 -1.783086956839078994e+04
9.347000000000000863e-01 -1.783284299726034078e+04
9.348000000000000753e-01 -1.783481824655412856e+04
9.349000000000000643e-01 -1.783679418456946587e+04
9.350000000000000533e-01 -1.783876997817614028e+04
9.351000000000000423e-01 -1.784074518439925305e+04
9.352000000000000313e-01 -1.784271962493229512e+04
9.353000000000000203e-01 -1.784469324272798258e+04
9.354000000000000092e-01 -1.784666614362574910e+04
9.354999999999999982e-01 -1.784864045010162954e+04
9.356000000000000982e-01 -1.785061177749018680e+04
9.357000000000000872e-01 -1.785257993245754551e+04
9.358000000000000762e-01 -1.785454386190175501e+04
9.359000000000000652e-01 -1.785650386131694540e+04
9.360000000000000542e-01 -1.785846148913603975e+04
9.361000000000000432e-01 -1.786041698407902732e+04
9.362000000000000322e-01 -1.786237073810871880e+04
9.363000000000000211e-01 -1.786432615354578957e+04
9.364000000000000101e-01 -1.786627760855175802e+04
9.364999999999999991e-01 -1.786822822058330712e+04
9.366000000000000991e-01 -1.787018026878587989e+04
9.367000000000000881e-01 -1.787213045681914809e+04
9.368000000000000771e-01 -1.787408196768321795e+04
9.369000000000000661e-01 -1.787603283108680625e+04
9.370000000000000551e-01 -1.787798409651527254e+04
9.371000000000000441e-01 -1.787993570721373180e+04
9.372000000000000330e-01 -1.788188803680355704e+04
9.373000000000000220e-01 -1.788384370774882700e+04
9.374000000000000110e-01 -1.788580378286963241e+04
9.375000000000000000e-01 -1.788776784574393241e+04
9.376000000000001000e-01 -1.788973460959244403e+04
9.377000000000000890e-01 -1.789170321852541747e+04
9.378000000000000780e-01 -1.789367187280276266e+04
9.379000000000000670e-01 -1.789563938779634918e+04
9.380000000000000560e-01 -1.789760548928301432e+04
9.381000000000000449e-01 -1.789956998408353684e+04
9.382000000000000339e-01 -1.790153138145125558e+04
9.383000000000000229e-01 -1.790348900699395017e+04
9.384000000000000119e-01 -1.790544343052650220e+04
9.385000000000000009e-01 -1.790739781356169624e+04
9.385999999999999899e-01 -1.790935265977185554e+04
9.387000000000000899e-01 -1.791129896955602817e+04
9.388000000000000789e-01 -1.791324065529859581e+04
9.389000000000000679e-01 -1.791517960902068808e+04
9.390000000000000568e-01 -1.791711572441472890e+04
9.391000000000000458e-01 -1.791905004377987643e+04
9.392000000000000348e-01 -1.792099138117946859e+04
9.393000000000000238e-01 -1.792295304378994115e+04
9.394000000000000128e-01 -1.792494450361412237e+04
9.395000000000000018e-01 -1.792695945482625029e+04
9.395999999999999908e-01 -1.792898008613362617e+04
9.397000000000000908e-01 -1.793099085641283455e+04
9.398000000000000798e-01 -1.793298715049655948e+04
9.399000000000000687e-01 -1.793497148889739401e+04
9.400000000000000577e-01 -1.793694929182580381e+04
9.401000000000000467e-01 -1.793892490474528313e+04
9.402000000000000357e-01 -1.794090053664494189e+04
9.403000000000000247e-01 -1.794287917543554431e+04
9.404000000000000137e-01 -1.794486306416065781e+04
9.405000000000000027e-01 -1.794685074076428282e+04
9.405999999999999917e-01 -1.794884179741105982e+04
9.407000000000000917e-01 -1.795083353882911615e+04
9.408000000000000806e-01 -1.795282200852485039e+04
9.409000000000000696e-01 -1.795480213484767955e+04
9.410000000000000586e-01 -1.795677003873970898e+04
9.411000000000000476e-01 -1.795872542338873609e+04
9.412000000000000366e-01 -1.796067044949954288e+04
9.413000000000000256e-01 -1.796260746621484577e+04
9.414000000000000146e-01 -1.796453830573514279e+04
9.415000000000000036e-01 -1.796646439214332713e+04
9.415999999999999925e-01 -1.796838698403168382e+04
9.417000000000000925e-01 -1.797030726654463069e+04
9.418000000000000815e-01 -1.797222629152270747e+04
9.419000000000000705e-01 -1.797414486496535028e+04
9.420000000000000595e-01 -1.797606346550302987e+04
9.421000000000000485e-01 -1.797798222588374119e+04
9.422000000000000375e-01 -1.797990096829336107e+04
9.423000000000000265e-01 -1.798181926552176810e+04
9.424000000000000155e-01 -1.798373649355538873e+04
9.425000000000000044e-01 -1.798565188529723673e+04
9.425999999999999934e-01 -1.798756454179133652e+04
9.427000000000000934e-01 -1.798947335242569170e+04
9.428000000000000824e-01 -1.799137633025141986e+04
9.429000000000000714e-01 -1.799326729161249386e+04
9.430000000000000604e-01 -1.799513964357958685e+04
9.431000000000000494e-01 -1.799698200459146392e+04
9.432000000000000384e-01 -1.799877528297843673e+04
9.433000000000000274e-01 -1.800050261093157678e+04
9.434000000000000163e-01 -1.800214736372260813e+04
9.435000000000000053e-01 -1.800368920604303639e+04
9.435999999999999943e-01 -1.800510812567233370e+04
9.437000000000000943e-01 -1.800638498864486246e+04
9.438000000000000833e-01 -1.800750180069336784e+04
9.439000000000000723e-01 -1.800844190841763702e+04
9.440000000000000613e-01 -1.800919106490993363e+04
9.441000000000000503e-01 -1.800977028342541962e+04
9.442000000000000393e-01 -1.801021454275836732e+04
9.443000000000000282e-01 -1.801052355352152517e+04
9.444000000000000172e-01 -1.801068832892031060e+04
9.445000000000000062e-01 -1.801070566964390309e+04
9.445999999999999952e-01 -1.801058526736170097e+04
9.447000000000000952e-01 -1.801042999699317079e+04
9.448000000000000842e-01 -1.801029007357513183e+04
9.449000000000000732e-01 -1.801016743615073938e+04
9.450000000000000622e-01 -1.801005427078618959e+04
9.451000000000000512e-01 -1.800995679303085490e+04
9.452000000000000401e-01 -1.800996817863468459e+04
9.453000000000000291e-01 -1.801013309925721114e+04
9.454000000000000181e-01 -1.801044652298502842e+04
9.455000000000000071e-01 -1.801089039407547898e+04
9.455999999999999961e-01 -1.801155111074851084e+04
9.457000000000000961e-01 -1.801253760857580710e+04
9.458000000000000851e-01 -1.801384559580213318e+04
9.459000000000000741e-01 -1.801541238513922144e+04
9.460000000000000631e-01 -1.801714265682133919e+04
9.461000000000000520e-01 -1.801896869900568345e+04
9.462000000000000410e-01 -1.802085084373408972e+04
9.463000000000000300e-01 -1.802276978266135120e+04
9.464000000000000190e-01 -1.802471805402186874e+04
9.465000000000000080e-01 -1.802669312395348243e+04
9.465999999999999970e-01 -1.802869307677097822e+04
9.467000000000000970e-01 -1.803069977842912704e+04
9.468000000000000860e-01 -1.803268775175755218e+04
9.469000000000000750e-01 -1.803474061991127746e+04
9.470000000000000639e-01 -1.803682042103503773e+04
9.471000000000000529e-01 -1.803890504967156085e+04
9.472000000000000419e-01 -1.804098441640388046e+04
9.473000000000000309e-01 -1.804306561211829103e+04
9.474000000000000199e-01 -1.804514499939671077e+04
9.475000000000000089e-01 -1.804721662965162250e+04
9.475999999999999979e-01 -1.804927460894624892e+04
9.477000000000000979e-01 -1.805132272417147033e+04
9.478000000000000869e-01 -1.805336452913791800e+04
9.479000000000000759e-01 -1.805539789152721278e+04
9.480000000000000648e-01 -1.805742278874329349e+04
9.481000000000000538e-01 -1.805943874125635921e+04
9.482000000000000428e-01 -1.806144500306505142e+04
9.483000000000000318e-01 -1.806344107393866216e+04
9.484000000000000208e-01 -1.806542698175802070e+04
9.485000000000000098e-01 -1.806740236042514880e+04
9.485999999999999988e-01 -1.806936725157643377e+04
9.487000000000000988e-01 -1.807132608831470498e+04
9.488000000000000878e-01 -1.807327833530526550e+04
9.489000000000000767e-01 -1.807522447244256909e+04
9.490000000000000657e-01 -1.807716747530025532e+04
9.491000000000000547e-01 -1.807911203576697517e+04
9.492000000000000437e-01 -1.808106031887664358e+04
9.493000000000000327e-01 -1.808301306653540087e+04
9.494000000000000217e-01 -1.808497044771492801e+04
9.495000000000000107e-01 -1.808693238956394634e+04
9.495999999999999996e-01 -1.808889865375843874e+04
9.497000000000000997e-01 -1.809087118186153384e+04
9.498000000000000886e-01 -1.809284905699628871e+04
9.499000000000000776e-01 -1.809483390670833614e+04
9.500000000000000666e-01 -1.809682863020771765e+04
9.501000000000000556e-01 -1.810066160469390525e+04
9.502000000000000446e-01 -1.810571088199112637e+04
9.503000000000000336e-01 -1.811105473586106018e+04
9.504000000000000226e-01 -1.811671043357400413e+04
9.505000000000000115e-01 -1.812309378383254807e+04
9.506000000000000005e-01 -1.813030551511746307e+04
9.507000000000001005e-01 -1.813807235715653951e+04
9.508000000000000895e-01 -1.814566785691040423e+04
9.509000000000000785e-01 -1.815273906485192856e+04
9.510000000000000675e-01 -1.815864541813275719e+04
9.511000000000000565e-01 -1.816335438977381637e+04
9.512000000000000455e-01 -1.816720017985875529e+04
9.513000000000000345e-01 -1.817042317799284137e+04
9.514000000000000234e-01 -1.817324767433043598e+04
9.515000000000000124e-01 -1.817577671970928714e+04
9.516000000000000014e-01 -1.817808598800789332e+04
9.516999999999999904e-01 -1.818022978688632429e+04
9.518000000000000904e-01 -1.818281077069573439e+04
9.519000000000000794e-01 -1.818614216097225290e+04
9.520000000000000684e-01 -1.818920025919737236e+04
9.521000000000000574e-01 -1.819152258618573251e+04
9.522000000000000464e-01 -1.819329774432746126e+04
9.523000000000000353e-01 -1.819474345345061010e+04
9.524000000000000243e-01 -1.819599799131037071e+04
9.525000000000000133e-01 -1.819714720440349265e+04
9.526000000000000023e-01 -1.819824490175456594e+04
9.526999999999999913e-01 -1.819931707622247268e+04
9.528000000000000913e-01 -1.820036442931191414e+04
9.529000000000000803e-01 -1.820138678272924517e+04
9.530000000000000693e-01 -1.820239538493456348e+04
9.531000000000000583e-01 -1.820339922489699893e+04
9.532000000000000473e-01 -1.820441152304197749e+04
9.533000000000000362e-01 -1.820542761880300895e+04
9.534000000000000252e-01 -1.820642166077632282e+04
9.535000000000000142e-01 -1.820737057072468087e+04
9.536000000000000032e-01 -1.820825492692118132e+04
9.536999999999999922e-01 -1.820905914210110495e+04
9.538000000000000922e-01 -1.820977286333083975e+04
9.539000000000000812e-01 -1.821039641644799849e+04
9.540000000000000702e-01 -1.821097615078651506e+04
9.541000000000000592e-01 -1.821154034718549156e+04
9.542000000000000481e-01 -1.821208137486818669e+04
9.543000000000000371e-01 -1.821258545008533110e+04
9.544000000000000261e-01 -1.821305925255003604e+04
9.545000000000000151e-01 -1.821349430221800139e+04
9.546000000000000041e-01 -1.821389593734973460e+04
9.546999999999999931e-01 -1.821432487428747845e+04
9.548000000000000931e-01 -1.821479863914573798e+04
9.549000000000000821e-01 -1.821533200879461947e+04
9.550000000000000711e-01 -1.821598551553876678e+04
9.551000000000000600e-01 -1.821677491589850979e+04
9.552000000000000490e-01 -1.821777565231258632e+04
9.553000000000000380e-01 -1.821901205344651680e+04
9.554000000000000270e-01 -1.822044217208018017e+04
9.555000000000000160e-01 -1.822203822523972485e+04
9.556000000000000050e-01 -1.822376436102098523e+04
9.556999999999999940e-01 -1.822557369130588268e+04
9.558000000000000940e-01 -1.822743341029950170e+04
9.559000000000000830e-01 -1.822932500825735042e+04
9.560000000000000719e-01 -1.823123795977775444e+04
9.561000000000000609e-01 -1.823317653199833876e+04
9.562000000000000499e-01 -1.823518007572910574e+04
9.563000000000000389e-01 -1.823723217191928779e+04
9.564000000000000279e-01 -1.823931242257669874e+04
9.565000000000000169e-01 -1.824140655704922028e+04
9.566000000000000059e-01 -1.824349787341144111e+04
9.566999999999999948e-01 -1.824558253718556807e+04
9.568000000000000949e-01 -1.824764245467251385e+04
9.569000000000000838e-01 -1.824971019510671613e+04
9.570000000000000728e-01 -1.825178868718380545e+04
9.571000000000000618e-01 -1.825387039434079634e+04
9.572000000000000508e-01 -1.825591885505374375e+04
9.573000000000000398e-01 -1.825777209986443268e+04
9.574000000000000288e-01 -1.825957084600740200e+04
9.575000000000000178e-01 -1.826140146384708714e+04
9.576000000000000068e-01 -1.826328475915713352e+04
9.576999999999999957e-01 -1.826521330021646645e+04
9.578000000000000957e-01 -1.826717295453976476e+04
9.579000000000000847e-01 -1.826896214580899687e+04
9.580000000000000737e-01 -1.827058681604040248e+04
9.581000000000000627e-01 -1.827223457318917644e+04
9.582000000000000517e-01 -1.827394448685282623e+04
9.583000000000000407e-01 -1.827571040331057156e+04
9.584000000000000297e-01 -1.827752029409013267e+04
9.585000000000000187e-01 -1.827936697915692275e+04
9.586000000000000076e-01 -1.828124492784219910e+04
9.586999999999999966e-01 -1.828314820496802713e+04
9.588000000000000966e-01 -1.828507178401800411e+04
9.589000000000000856e-01 -1.828701157734883236e+04
9.590000000000000746e-01 -1.828896359210614537e+04
9.591000000000000636e-01 -1.829092654298214256e+04
9.592000000000000526e-01 -1.829289947072125869e+04
9.593000000000000416e-01 -1.829488085132676497e+04
9.594000000000000306e-01 -1.829687024435570856e+04
9.595000000000000195e-01 -1.829886285933472027e+04
9.596000000000000085e-01 -1.830085964372900344e+04
9.596999999999999975e-01 -1.830284992695549590e+04
9.598000000000000975e-01 -1.830440685132998988e+04
9.599000000000000865e-01 -1.830576073017652016e+04
9.600000000000000755e-01 -1.830720520446191222e+04
9.601000000000000645e-01 -1.830880181827065462e+04
9.602000000000000535e-01 -1.831056833777474458e+04
9.603000000000000425e-01 -1.831247763616411976e+04
9.604000000000000314e-01 -1.831413592588224856e+04
9.605000000000000204e-01 -1.831533836613705716e+04
9.606000000000000094e-01 -1.831661584639176363e+04
9.606999999999999984e-01 -1.831809121036859142e+04
9.608000000000000984e-01 -1.831976216474529792e+04
9.609000000000000874e-01 -1.832159046889087767e+04
9.610000000000000764e-01 -1.832353693591039701e+04
9.611000000000000654e-01 -1.832557047452980623e+04
9.612000000000000544e-01 -1.832767198807917885e+04
9.613000000000000433e-01 -1.832982489488200372e+04
9.614000000000000323e-01 -1.833201057106948792e+04
9.615000000000000213e-01 -1.833421869327583408e+04
9.616000000000000103e-01 -1.833643980150819334e+04
9.616999999999999993e-01 -1.833866925366573196e+04
9.618000000000000993e-01 -1.834090545843342989e+04
9.619000000000000883e-01 -1.834314839721702810e+04
9.620000000000000773e-01 -1.834539916093378997e+04
9.621000000000000663e-01 -1.834765953622435336e+04
9.622000000000000552e-01 -1.834993217837606790e+04
9.623000000000000442e-01 -1.835221197543439848e+04
9.624000000000000332e-01 -1.835449645800662984e+04
9.625000000000000222e-01 -1.835678647576689764e+04
9.626000000000000112e-01 -1.835908174106053411e+04
9.627000000000000002e-01 -1.836138166447272670e+04
9.628000000000001002e-01 -1.836368562120805655e+04
9.629000000000000892e-01 -1.836599303463290198e+04
9.630000000000000782e-01 -1.836830340801114653e+04
9.631000000000000671e-01 -1.837061636535727666e+04
9.632000000000000561e-01 -1.837293198149895034e+04
9.633000000000000451e-01 -1.837525135909118035e+04
9.634000000000000341e-01 -1.837756833202532289e+04
9.635000000000000231e-01 -1.837990227428018989e+04
9.636000000000000121e-01 -1.838224469976294495e+04
9.637000000000000011e-01 -1.838459007800997642e+04
9.638000000000001011e-01 -1.838693639111871016e+04
9.639000000000000901e-01 -1.838928324104795320e+04
9.640000000000000790e-01 -1.839162979711842127e+04
9.641000000000000680e-01 -1.839397773383355889e+04
9.642000000000000570e-01 -1.839632982682869624e+04
9.643000000000000460e-01 -1.839868383973801610e+04
9.644000000000000350e-01 -1.840104004047389026e+04
9.645000000000000240e-01 -1.840340014278569652e+04
9.646000000000000130e-01 -1.840576557148816573e+04
9.647000000000000020e-01 -1.840813360826718417e+04
9.647999999999999909e-01 -1.841050563432466151e+04
9.649000000000000909e-01 -1.841288129576245410e+04
9.650000000000000799e-01 -1.841525870402845248e+04
9.651000000000000689e-01 -1.841763772677364250e+04
9.652000000000000579e-01 -1.842001901220418586e+04
9.653000000000000469e-01 -1.842240334804449594e+04
9.654000000000000359e-01 -1.842479138100195632e+04
9.655000000000000249e-01 -1.842718354019558683e+04
9.656000000000000139e-01 -1.842958006250766266e+04
9.657000000000000028e-01 -1.843198106341468520e+04
9.657999999999999918e-01 -1.843438663292718047e+04
9.659000000000000918e-01 -1.843679704868931367e+04
9.660000000000000808e-01 -1.843921347040003820e+04
9.661000000000000698e-01 -1.844163922879466918e+04
9.662000000000000588e-01 -1.844408103580437091e+04
9.663000000000000478e-01 -1.844654088540671000e+04
9.664000000000000368e-01 -1.844901776253290882e+04
9.665000000000000258e-01 -1.845150999958226021e+04
9.666000000000000147e-01 -1.845401640651913112e+04
9.667000000000000037e-01 -1.845653087449172745e+04
9.667999999999999927e-01 -1.845905741012464932e+04
9.669000000000000927e-01 -1.846160804767600348e+04
9.670000000000000817e-01 -1.846419133810644780e+04
9.671000000000000707e-01 -1.846682309019839158e+04
9.672000000000000597e-01 -1.846950941640555538e+04
9.673000000000000487e-01 -1.847224451403935382e+04
9.674000000000000377e-01 -1.847502690689921656e+04
9.675000000000000266e-01 -1.847786775846742603e+04
9.676000000000000156e-01 -1.848076525283421870e+04
9.677000000000000046e-01 -1.848371877929428956e+04
9.677999999999999936e-01 -1.848672114102211344e+04
9.679000000000000936e-01 -1.848979848673854940e+04
9.680000000000000826e-01 -1.849298074394896321e+04
9.681000000000000716e-01 -1.849629478916745938e+04
9.682000000000000606e-01 -1.849976005606999024e+04
9.683000000000000496e-01 -1.850337103323948031e+04
9.684000000000000385e-01 -1.850713669476516952e+04
9.685000000000000275e-01 -1.851111390502022550e+04
9.686000000000000165e-01 -1.851533660583459641e+04
9.687000000000000055e-01 -1.851985154163427069e+04
9.687999999999999945e-01 -1.852470113858875629e+04
9.689000000000000945e-01 -1.852997086610565748e+04
9.690000000000000835e-01 -1.853569410994135978e+04
9.691000000000000725e-01 -1.854187732613633125e+04
9.692000000000000615e-01 -1.854848050632319428e+04
9.693000000000000504e-01 -1.855441000067257846e+04
9.694000000000000394e-01 -1.855782299672007503e+04
9.695000000000000284e-01 -1.855964877794391577e+04
9.696000000000000174e-01 -1.856116426475363915e+04
9.697000000000000064e-01 -1.856309457437716992e+04
9.697999999999999954e-01 -1.856516985646147805e+04
9.699000000000000954e-01 -1.856730205018742345e+04
9.700000000000000844e-01 -1.856941235556565152e+04
9.701000000000000734e-01 -1.857147242018528414e+04
9.702000000000000624e-01 -1.857350565271126470e+04
9.703000000000000513e-01 -1.857554721862403312e+04
9.704000000000000403e-01 -1.857763710210342833e+04
9.705000000000000293e-01 -1.857980582392023643e+04
9.706000000000000183e-01 -1.858205752467175262e+04
9.707000000000000073e-01 -1.858437531488869718e+04
9.707999999999999963e-01 -1.858673321983058122e+04
9.709000000000000963e-01 -1.858910699629892770e+04
9.710000000000000853e-01 -1.859147645060565264e+04
9.711000000000000743e-01 -1.859383181905525271e+04
9.712000000000000632e-01 -1.859616457215357150e+04
9.713000000000000522e-01 -1.859846604139814372e+04
9.714000000000000412e-01 -1.860073920953620109e+04
9.715000000000000302e-01 -1.860299003753762372e+04
9.716000000000000192e-01 -1.860522466279355649e+04
9.717000000000000082e-01 -1.860744932113715549e+04
9.717999999999999972e-01 -1.860966952061608390e+04
9.719000000000000972e-01 -1.861188990213758007e+04
9.720000000000000862e-01 -1.861411422007687361e+04
9.721000000000000751e-01 -1.861634329668264036e+04
9.722000000000000641e-01 -1.861857670542724736e+04
9.723000000000000531e-01 -1.862081404173060582e+04
9.724000000000000421e-01 -1.862305452951124244e+04
9.725000000000000311e-01 -1.862529720999933852e+04
9.726000000000000201e-01 -1.862754093156878298e+04
9.727000000000000091e-01 -1.862978483073672396e+04
9.727999999999999980e-01 -1.863202849663661982e+04
9.729000000000000981e-01 -1.863427176777491331e+04
9.730000000000000870e-01 -1.863651478540675453e+04
9.731000000000000760e-01 -1.863875770654442022e+04
9.732000000000000650e-01 -1.864100162536778225e+04
9.733000000000000540e-01 -1.864324872060163761e+04
9.734000000000000430e-01 -1.864549126596191854e+04
9.735000000000000320e-01 -1.864773255571471964e+04
9.736000000000000210e-01 -1.864997391555259310e+04
9.737000000000000099e-01 -1.865221521486064739e+04
9.737999999999999989e-01 -1.865445607974853920e+04
9.739000000000000989e-01 -1.865669629444878592e+04
9.740000000000000879e-01 -1.865893588800146244e+04
9.741000000000000769e-01 -1.866117488734203653e+04
9.742000000000000659e-01 -1.866341330111290881e+04
9.743000000000000549e-01 -1.866565115184727620e+04
9.744000000000000439e-01 -1.866788847687532325e+04
9.745000000000000329e-01 -1.867012533704262751e+04
9.746000000000000218e-01 -1.867236180132827212e+04
9.747000000000000108e-01 -1.867459792932355413e+04
9.747999999999999998e-01 -1.867683354792365208e+04
9.749000000000000998e-01 -1.867913901486506802e+04
9.750000000000000888e-01 -1.868155652432775969e+04
9.751000000000000778e-01 -1.868396446793105497e+04
9.752000000000000668e-01 -1.868634207390728261e+04
9.753000000000000558e-01 -1.868870294543922137e+04
9.754000000000000448e-01 -1.869114653930567511e+04
9.755000000000000338e-01 -1.869359515080127312e+04
9.756000000000000227e-01 -1.869600797427352154e+04
9.757000000000000117e-01 -1.869839358758060189e+04
9.758000000000000007e-01 -1.870076251250011774e+04
9.759000000000001007e-01 -1.870312131776988099e+04
9.760000000000000897e-01 -1.870547000718947311e+04
9.761000000000000787e-01 -1.870778753996631713e+04
9.762000000000000677e-01 -1.871007475821342086e+04
9.763000000000000567e-01 -1.871234046105260131e+04
9.764000000000000457e-01 -1.871459149389987215e+04
9.765000000000000346e-01 -1.871683225483757269e+04
9.766000000000000236e-01 -1.871906577649850442e+04
9.767000000000000126e-01 -1.872129577092463296e+04
9.768000000000000016e-01 -1.872352483201561699e+04
9.769000000000001016e-01 -1.872575397305055230e+04
9.770000000000000906e-01 -1.872798290141532925e+04
9.771000000000000796e-01 -1.873021124818968019e+04
9.772000000000000686e-01 -1.873243734813113770e+04
9.773000000000000576e-01 -1.873466524735672283e+04
9.774000000000000465e-01 -1.873689352788113320e+04
9.775000000000000355e-01 -1.873912196485451932e+04
9.776000000000000245e-01 -1.874135061799155301e+04
9.777000000000000135e-01 -1.874357948704238879e+04
9.778000000000000025e-01 -1.874580852988522020e+04
9.778999999999999915e-01 -1.874803774142477050e+04
9.780000000000000915e-01 -1.875029015842099761e+04
9.781000000000000805e-01 -1.875257009576870041e+04
9.782000000000000695e-01 -1.875486444667563774e+04
9.783000000000000584e-01 -1.875716501529912057e+04
9.784000000000000474e-01 -1.875945610698913151e+04
9.785000000000000364e-01 -1.876173304626873141e+04
9.786000000000000254e-01 -1.876399620937024883e+04
9.787000000000000144e-01 -1.876624963343254058e+04
9.788000000000000034e-01 -1.876849447022590175e+04
9.788999999999999924e-01 -1.877073117070305307e+04
9.790000000000000924e-01 -1.877296118382922941e+04
9.791000000000000814e-01 -1.877518628958862973e+04
9.792000000000000703e-01 -1.877740811499050324e+04
9.793000000000000593e-01 -1.877962789401234113e+04
9.794000000000000483e-01 -1.878184644931376170e+04
9.795000000000000373e-01 -1.878406427781989623e+04
9.796000000000000263e-01 -1.878628162609426727e+04
9.797000000000000153e-01 -1.878849860855035513e+04
9.798000000000000043e-01 -1.879071539451620265e+04
9.798999999999999932e-01 -1.879293201403785497e+04
9.800000000000000933e-01 -1.879514848908152999e+04
9.801000000000000822e-01 -1.879735253666916833e+04
9.802000000000000712e-01 -1.879951903158219284e+04
9.803000000000000602e-01 -1.880164940038525674e+04
9.804000000000000492e-01 -1.880375034852357567e+04
9.805000000000000382e-01 -1.880582848250286042e+04
9.806000000000000272e-01 -1.880788919630040255e+04
9.807000000000000162e-01 -1.880993683869945380e+04
9.808000000000000052e-01 -1.881197479874061173e+04
9.808999999999999941e-01 -1.881400593086971639e+04
9.810000000000000941e-01 -1.881603461569315550e+04
9.811000000000000831e-01 -1.881806095794321664e+04
9.812000000000000721e-01 -1.882008483297066778e+04
9.813000000000000611e-01 -1.882210664143968097e+04
9.814000000000000501e-01 -1.882412671373287958e+04
9.815000000000000391e-01 -1.882614536065330685e+04
9.816000000000000281e-01 -1.882816284598163475e+04
9.817000000000000171e-01 -1.883017892773079438e+04
9.818000000000000060e-01 -1.883219319334724059e+04
9.818999999999999950e-01 -1.883420595750648863e+04
9.820000000000000950e-01 -1.883621760039938817e+04
9.821000000000000840e-01 -1.883822844403741692e+04
9.822000000000000730e-01 -1.884023874061796596e+04
9.823000000000000620e-01 -1.884224833460538866e+04
9.824000000000000510e-01 -1.884425744711330481e+04
9.825000000000000400e-01 -1.884626716923055938e+04
9.826000000000000290e-01 -1.884827695828384822e+04
9.827000000000000179e-01 -1.885028678166210375e+04
9.828000000000000069e-01 -1.885229666978268142e+04
9.828999999999999959e-01 -1.885430665652264724e+04
9.830000000000000959e-01 -1.885631676588878690e+04
9.831000000000000849e-01 -1.885832699884247631e+04
9.832000000000000739e-01 -1.886033734635927249e+04
9.833000000000000629e-01 -1.886234779097808132e+04
9.834000000000000519e-01 -1.886435830740179154e+04
9.835000000000000409e-01 -1.886636886377368501e+04
9.836000000000000298e-01 -1.886837947011096912e+04
9.837000000000000188e-01 -1.887038899921279153e+04
9.838000000000000078e-01 -1.887239711245124636e+04
9.838999999999999968e-01 -1.887440601884704301e+04
9.840000000000000968e-01 -1.887641623043848449e+04
9.841000000000000858e-01 -1.887842856972041409e+04
9.842000000000000748e-01 -1.888044281067314296e+04
9.843000000000000638e-01 -1.888245824264381372e+04
9.844000000000000528e-01 -1.888447413294405851e+04
9.845000000000000417e-01 -1.888649001349167884e+04
9.846000000000000307e-01 -1.888850564187175041e+04
9.847000000000000197e-01 -1.889052091345639928e+04
9.848000000000000087e-01 -1.889253579779524080e+04
9.848999999999999977e-01 -1.889455026692811953e+04
9.850000000000000977e-01 -1.889656424499706191e+04
9.851000000000000867e-01 -1.889857771481967939e+04
9.852000000000000757e-01 -1.890059017091045826e+04
9.853000000000000647e-01 -1.890259986284654588e+04
9.854000000000000536e-01 -1.890460621070865454e+04
9.855000000000000426e-01 -1.890660955839920643e+04
9.856000000000000316e-01 -1.890861004411159593e+04
9.857000000000000206e-01 -1.891060745438752929e+04
9.858000000000000096e-01 -1.891260155719983595e+04
9.858999999999999986e-01 -1.891459215374841369e+04
9.860000000000000986e-01 -1.891657841109758738e+04
9.861000000000000876e-01 -1.891856033291401036e+04
9.862000000000000766e-01 -1.892053815631182079e+04
9.863000000000000655e-01 -1.892251192828326748e+04
9.864000000000000545e-01 -1.892448139076930966e+04
9.865000000000000435e-01 -1.892644666378452894e+04
9.866000000000000325e-01 -1.892840830028858181e+04
9.867000000000000215e-01 -1.893036605146741567e+04
9.868000000000000105e-01 -1.893232034628807014e+04
9.868999999999999995e-01 -1.893427149459712018e+04
9.870000000000000995e-01 -1.893622010283010968e+04
9.871000000000000885e-01 -1.893816731579184852e+04
9.872000000000000774e-01 -1.894011249186574787e+04
9.873000000000000664e-01 -1.894205488233609503e+04
9.874000000000000554e-01 -1.894399525059860389e+04
9.875000000000000444e-01 -1.894593027446600172e+04
9.876000000000000334e-01 -1.894785619874104304e+04
9.877000000000000224e-01 -1.894977245220401892e+04
9.878000000000000114e-01 -1.895167984358619651e+04
9.879000000000000004e-01 -1.895358382225298919e+04
9.880000000000001004e-01 -1.895548329109971019e+04
9.881000000000000894e-01 -1.895738025625394948e+04
9.882000000000000783e-01 -1.895928709701363914e+04
9.883000000000000673e-01 -1.896119455835881672e+04
9.884000000000000563e-01 -1.896310283032872394e+04
9.885000000000000453e-01 -1.896501564717974179e+04
9.886000000000000343e-01 -1.896693455265480225e+04
9.887000000000000233e-01 -1.896886137766912725e+04
9.888000000000000123e-01 -1.897079299576850826e+04
9.889000000000000012e-01 -1.897273909350458052e+04
9.890000000000001013e-01 -1.897468664703242393e+04
9.891000000000000902e-01 -1.897662884177681917e+04
9.892000000000000792e-01 -1.897857189311792536e+04
9.893000000000000682e-01 -1.898051976560758703e+04
9.894000000000000572e-01 -1.898247362671557494e+04
9.895000000000000462e-01 -1.898443267976573406e+04
9.896000000000000352e-01 -1.898640712856773462e+04
9.897000000000000242e-01 -1.898838409888882234e+04
9.898000000000000131e-01 -1.899035865316389027e+04
9.899000000000000021e-01 -1.899234615127817960e+04
9.900000000000001021e-01 -1.899434397000315585e+04
9.901000000000000911e-01 -1.899634885836738977e+04
9.902000000000000801e-01 -1.899835447371118062e+04
9.903000000000000691e-01 -1.900035662624407996e+04
9.904000000000000581e-01 -1.900235463490249458e+04
9.905000000000000471e-01 -1.900434971278792364e+04
9.906000000000000361e-01 -1.900634304498467100e+04
9.907000000000000250e-01 -1.900833534515790598e+04
9.908000000000000140e-01 -1.901032730225157138e+04
9.909000000000000030e-01 -1.901231905256069513e+04
9.909999999999999920e-01 -1.901431057111949849e+04
9.911000000000000920e-01 -1.901630188205508966e+04
9.912000000000000810e-01 -1.901829293557807614e+04
9.913000000000000700e-01 -1.902028309476072536e+04
9.914000000000000590e-01 -1.902227104069327106e+04
9.915000000000000480e-01 -1.902425543636965085e+04
9.916000000000000369e-01 -1.902623231356946781e+04
9.917000000000000259e-01 -1.902819370958429863e+04
9.918000000000000149e-01 -1.903013564394551577e+04
9.919000000000000039e-01 -1.903205811669130708e+04
9.919999999999999929e-01 -1.903396164538705852e+04
9.921000000000000929e-01 -1.903585057743360085e+04
9.922000000000000819e-01 -1.903772708861217325e+04
9.923000000000000709e-01 -1.903958831346891384e+04
9.924000000000000599e-01 -1.904143002952718598e+04
9.925000000000000488e-01 -1.904324867567835827e+04
9.926000000000000378e-01 -1.904504279110524658e+04
9.927000000000000268e-01 -1.904681115395655434e+04
9.928000000000000158e-01 -1.904854142069390582e+04
9.929000000000000048e-01 -1.905021035147463408e+04
9.929999999999999938e-01 -1.905180015941661259e+04
9.931000000000000938e-01 -1.905328302814570998e+04
9.932000000000000828e-01 -1.905460369302635809e+04
9.933000000000000718e-01 -1.905575795969877436e+04
9.934000000000000608e-01 -1.905677220115115051e+04
9.935000000000000497e-01 -1.905767952815226454e+04
9.936000000000000387e-01 -1.905846678184197299e+04
9.937000000000000277e-01 -1.905909069750487470e+04
9.938000000000000167e-01 -1.905951039142701484e+04
9.939000000000000057e-01 -1.905969517327810900e+04
9.939999999999999947e-01 -1.905962267690591761e+04
9.941000000000000947e-01 -1.905931305259174769e+04
9.942000000000000837e-01 -1.905881179753610559e+04
9.943000000000000727e-01 -1.905813699007814284e+04
9.944000000000000616e-01 -1.905738723923727957e+04
9.945000000000000506e-01 -1.905662572370225462e+04
9.946000000000000396e-01 -1.905589456584962682e+04
9.947000000000000286e-01 -1.905526890112191177e+04
9.948000000000000176e-01 -1.905485641644743737e+04
9.949000000000000066e-01 -1.905469948190443029e+04
9.949999999999999956e-01 -1.905478921911520229e+04
9.951000000000000956e-01 -1.905511012065737305e+04
9.952000000000000846e-01 -1.905590740843716412e+04
9.953000000000000735e-01 -1.905723273825438082e+04
9.954000000000000625e-01 -1.905890125732198430e+04
9.955000000000000515e-01 -1.906075215137347914e+04
9.956000000000000405e-01 -1.906268757067866682e+04
9.957000000000000295e-01 -1.906466524855656462e+04
9.958000000000000185e-01 -1.906667697745178157e+04
9.959000000000000075e-01 -1.906868671452220588e+04
9.959999999999999964e-01 -1.907068031885040182e+04
9.961000000000000965e-01 -1.907276001262314458e+04
9.962000000000000854e-01 -1.907490699660401151e+04
9.963000000000000744e-01 -1.907708158637527958e+04
9.964000000000000634e-01 -1.907925615217702216e+04
9.965000000000000524e-01 -1.908140718657561592e+04
9.966000000000000414e-01 -1.908353426105474500e+04
9.967000000000000304e-01 -1.908564022824008498e+04
9.968000000000000194e-01 -1.908771726171058253e+04
9.969000000000000083e-01 -1.908976272122271621e+04
9.969999999999999973e-01 -1.909178387105876755e+04
9.971000000000000973e-01 -1.909380849551136635e+04
9.972000000000000863e-01 -1.909584066214017730e+04
9.973000000000000753e-01 -1.909787417193145666e+04
9.974000000000000643e-01 -1.909991310496703954e+04
9.975000000000000533e-01 -1.910194916237632424e+04
9.976000000000000423e-01 -1.910398145665913398e+04
9.977000000000000313e-01 -1.910600622145328089e+04
9.978000000000000203e-01 -1.910802827644092758e+04
9.979000000000000092e-01 -1.911005139604269789e+04
9.979999999999999982e-01 -1.911206593096191500e+04
9.981000000000000982e-01 -1.911406782012483745e+04
9.982000000000000872e-01 -1.911605955135268232e+04
9.983000000000000762e-01 -1.911805003154708174e+04
9.984000000000000652e-01 -1.912003743572009262e+04
9.985000000000000542e-01 -1.912202491554427615e+04
9.986000000000000432e-01 -1.912401214236453598e+04
9.987000000000000322e-01 -1.912600229013858916e+04
9.988000000000000211e-01 -1.912799656059640256e+04
9.989000000000000101e-01 -1.913000053502118317e+04
9.989999999999999991e-01 -1.913200874524237952e+04
9.991000000000000991e-01 -1.913401477705805155e+04
9.992000000000000881e-01 -1.913602205460136975e+04
9.993000000000000771e-01 -1.913803197689984518e+04
9.994000000000000661e-01 -1.914004516459795195e+04
9.995000000000000551e-01 -1.914206180645232234e+04
9.996000000000000441e-01 -1.914409335645405008e+04
9.997000000000000330e-01 -1.914612245987063943e+04
9.998000000000000220e-01 -1.914814560658935807e+04
9.999000000000000110e-01 -1.915016709755553529e+04
1.000000000000000000e+00 -1.915219149816729259e+04
